doc_no,qty,unit_price,line_value,vat_flag
300002,5,230.16,841.72,
300002,3,164.38,383.11,
300002,3,11.54,24.44,
300002,3,299.88,662.12,
300002,3,57.77,130.84,
300002,2,542.13,784.70,
300002,3,8.34,18.23,
300002,4,165.09,488.53,
300002,4,164.31,473.34,
300002,3,66.00,145.30,
300002,4,25.51,73.55,
300004,4,155.65,519.49,
300004,3,8.70,24.15,
300004,5,140.84,607.88,
300004,5,414.12,1780.76,
300004,4,233.76,800.94,
300004,5,12.44,52.64,
300004,3,7.22,18.85,
300004,5,17.17,70.33,
300007,6,492.15,2561.99,
300007,1,514.59,413.65,
300007,10,144.67,1144.92,
300007,5,32.41,131.41,
300007,2,261.36,423.06,
300007,2,111.39,177.85,
300007,5,8.55,35.28,
300007,4,559.98,1795.64,
300007,7,233.52,1173.80,
300008,1,22.46,16.69,
300008,6,238.32,1146.45,
300008,3,18.23,42.80,
300008,6,56.49,261.22,
300008,3,123.31,273.57,
300009,7,417.48,2295.09,
300009,3,35.38,86.35,
300009,5,202.54,866.22,
300009,6,134.11,645.95,
300009,3,137.02,361.16,
300009,3,8.62,17.93,
300011,2,26.06,42.48,
300011,3,132.79,344.11,
300011,8,43.56,307.61,
300011,3,57.52,146.76,
300011,7,7.45,43.86,
300011,1,55.88,45.80,
9300011,-3,132.79,-344.11,
9300011,-8,43.56,-307.61,
300015,4,292.32,932.37,
300015,4,31.35,101.57,
300015,8,48.42,306.30,
300015,6,41.63,203.75,
300015,6,112.93,530.97,
300015,4,124.08,414.41,
300015,1,223.44,169.66,
300016,4,43.79,127.99,
300016,4,127.32,405.71,
300016,8,75.20,526.93,
300016,3,177.06,433.84,
300017,2,80.86,135.57,
300017,5,128.04,529.95,
300017,8,47.03,324.22,
300017,4,260.88,890.76,
300017,4,463.08,1580.43,
300017,4,75.99,264.57,
300017,1,499.29,445.75,
300017,2,320.99,543.46,
300019,4,188.40,620.10,
300019,2,551.82,927.74,
300019,6,159.98,883.32,
300019,4,192.91,597.80,
300019,2,397.74,642.73,
300019,8,152.00,1023.70,
300019,5,116.35,500.18,
300019,4,12.28,40.98,
300019,4,11.28,36.47,
300019,11,48.87,470.22,
300019,4,126.98,459.61,
300019,7,42.30,244.87,
300020,3,199.47,565.56,
300020,2,119.30,212.72,
300020,2,36.04,60.37,
300020,3,23.50,62.69,
300020,3,160.86,461.94,
300021,5,8.29,39.05,
300021,6,42.08,226.43,
300021,2,18.86,35.29,
300021,3,143.88,392.29,
300021,2,386.82,697.94,
300021,4,510.51,1886.55,
300021,2,58.26,102.63,
300021,3,154.43,427.88,
300021,3,414.54,1132.33,
300021,2,234.48,447.00,
300021,3,8.73,23.07,
300021,4,63.81,232.30,
300024,3,17.35,43.17,
300024,6,33.26,181.72,
300024,6,115.64,648.80,
300024,4,86.04,287.06,
300024,6,127.56,664.90,
300024,5,142.27,605.30,
300027,2,260.16,404.66,
300027,5,7.30,29.92,
300027,2,12.08,21.06,
300027,5,16.99,70.77,
300027,4,310.59,1008.11,
300027,2,8.63,14.11,
300027,5,528.87,2525.76,
300029,5,85.49,365.03,
300029,5,60.88,257.42,
300029,3,214.43,548.52,
300031,5,482.97,2139.91,
300031,2,206.44,366.56,
300031,7,115.52,715.06,
300031,5,521.73,2406.23,
300031,3,461.16,1217.77,
300031,5,33.40,146.26,
300033,4,7.94,27.46,
300033,4,25.25,101.00,
300033,2,121.97,214.48,
300033,2,218.74,436.43,
300033,6,71.67,372.32,
300033,4,43.43,159.19,
300033,7,142.56,916.25,
300033,2,435.12,782.17,
300033,6,124.61,702.21,
300034,6,44.33,231.55,
300034,4,31.52,108.87,
300034,3,24.96,67.70,
300034,5,512.55,2142.61,
300034,4,197.42,707.65,
300034,3,262.80,714.44,
300036,4,12.08,41.11,
300036,3,138.32,331.19,
300036,4,103.58,379.56,
300036,6,7.57,39.19,
300036,5,125.20,489.45,
300037,5,135.83,594.00,
300037,5,85.49,346.32,
300037,6,303.03,1496.54,
300038,2,89.18,165.93,
300038,5,198.65,857.82,
300038,3,80.93,221.10,
300042,7,116.47,749.30,
300042,5,415.38,1860.09,
300042,3,171.95,508.34,
300042,2,73.16,137.17,
300042,6,474.81,2515.26,
300044,3,304.61,794.09,
300044,3,66.43,180.08,
300044,4,146.07,499.39,
300044,2,146.53,275.02,
300047,1,94.08,78.94,
300047,7,49.14,280.07,
300047,7,78.26,449.73,
300047,4,160.86,558.63,
300047,5,102.82,440.19,
300048,4,29.96,92.69,
300048,2,202.95,323.46,
300048,2,22.01,34.54,
300048,4,418.74,1270.77,
300048,4,264.00,761.98,
300048,3,32.08,76.80,
300048,3,508.98,1194.13,
300048,4,71.67,233.14,
300048,4,101.66,338.36,
300048,1,126.26,95.97,
300049,7,12.20,70.95,
300049,6,150.48,744.96,
300049,6,48.15,224.96,
300049,4,242.88,765.29,
300049,4,48.74,149.49,
300049,6,76.15,368.96,
300049,2,42.80,72.91,
300049,4,88.51,286.78,
300049,4,128.17,391.53,
300050,3,17.80,42.27,
300050,4,520.20,1547.50,
300050,4,48.11,162.44,
300050,4,414.12,1199.63,
300050,3,161.73,372.46,
300050,3,19.78,45.29,
300050,2,17.69,27.53,
300050,2,309.33,451.71,
300051,5,125.14,552.99,
300051,2,18.13,31.33,
300051,2,41.27,65.88,
300051,5,214.43,863.27,
300051,3,103.10,245.11,
300052,6,7.65,33.26,
300052,2,149.57,213.14,
300052,9,19.28,125.63,
300053,2,35.97,50.01,
300053,6,30.23,138.75,
300053,4,323.51,936.25,
300054,6,95.04,427.14,
300054,4,136.88,449.25,
300054,7,289.80,1762.71,
300054,5,163.50,630.60,
300055,5,7.76,30.11,
300055,4,340.83,1070.31,
300055,2,123.95,200.95,
300055,3,467.67,1157.58,
300055,5,139.00,531.12,
300055,6,161.04,765.00,
300055,3,255.60,628.42,
300055,2,165.79,263.63,
300055,2,30.43,45.30,
300059,4,73.55,285.46,
300059,3,200.70,522.07,
300059,3,55.14,144.40,
300059,4,130.15,438.85,
300061,3,174.06,455.38,
300061,2,237.36,386.81,
300061,2,423.36,657.11,
300061,4,34.55,107.96,
300061,2,33.92,49.45,
300061,2,549.27,812.03,
300067,5,128.44,523.32,
300067,5,99.55,400.82,
300067,5,18.34,77.62,
300067,2,288.86,418.06,
300067,4,179.17,580.28,
300067,5,95.14,379.32,
300067,1,148.81,128.56,
300071,4,127.09,438.13,
300071,5,448.56,1876.26,
300071,6,84.31,409.07,
300071,5,157.32,692.61,
300071,2,504.39,844.85,
300072,1,233.04,207.01,
300072,7,73.55,417.94,
300072,6,123.07,617.92,
300072,3,116.35,295.96,
300072,3,61.98,162.62,
300072,3,223.68,584.88,
300073,1,250.32,193.33,
300073,4,250.32,885.43,
300073,4,17.68,56.46,
300073,6,19.26,94.71,
300073,5,116.47,471.97,
300073,7,337.37,1777.33,
300073,3,224.64,548.46,
300073,1,229.20,179.56,
300073,3,24.36,59.69,
300075,2,216.24,358.30,
300075,4,309.02,1060.19,
300075,2,32.04,56.55,
300075,6,237.84,1237.71,
300076,4,8.17,31.54,
300076,5,523.77,2423.09,
300076,2,296.42,523.18,
300077,2,456.54,757.03,
300077,5,307.76,1339.75,
300077,1,24.05,22.81,
300077,4,136.88,506.26,
300078,2,248.88,424.13,
300078,6,104.35,503.77,
300078,6,485.01,2482.50,
300078,6,161.92,839.23,
300078,2,472.26,825.93,
300080,3,110.33,266.79,
300080,1,513.57,382.04,
300080,4,8.22,27.03,
300080,3,62.46,147.87,
300080,5,65.21,264.44,
300087,4,420.00,1386.30,
300087,4,141.24,453.56,
300087,3,162.45,403.93,
300087,6,159.45,778.14,
300087,5,98.98,434.71,
300087,5,437.22,1899.41,
300087,1,390.60,348.43,
300089,4,62.16,215.43,
300089,3,139.08,367.16,
300089,5,24.91,99.53,
300089,4,263.28,975.25,
300090,3,23.02,58.88,
300090,3,98.98,264.60,
300090,4,137.86,438.96,
300090,4,144.28,504.27,
300094,5,22.82,106.45,
300094,9,18.97,150.47,
300094,4,24.96,93.47,
300094,2,194.75,370.30,
300094,3,127.12,358.15,
300097,3,512.55,1360.88,
300097,5,539.07,2335.88,
300097,6,123.90,643.69,
300097,3,183.04,480.60,
300097,6,64.36,368.79,
300097,3,186.21,503.50,
300097,6,114.46,626.18,
300098,5,410.34,1572.47,
300098,4,144.70,443.02,
300098,3,55.69,119.14,
300098,3,78.19,188.26,
300098,3,185.15,396.69,
300098,2,137.81,209.78,
300098,5,505.41,1810.63,
300098,8,234.96,1302.06,
300098,3,323.19,730.72,
300098,4,40.86,119.46,
300098,3,139.38,311.05,
300098,2,12.96,20.21,
300100,4,145.46,471.77,
300100,4,58.13,192.64,
300100,1,142.30,114.67,
300100,6,320.36,1462.16,
300100,9,225.60,1632.22,
300100,3,57.83,141.88,
300101,2,7.72,11.63,
300101,5,66.06,259.81,
300101,2,159.63,258.93,
300101,4,33.83,112.86,
300101,4,192.90,657.80,
300101,4,7.45,24.01,
300106,2,7.38,12.06,
300106,8,112.22,785.53,
300106,2,124.08,221.09,
300106,6,165.22,953.01,
300106,5,161.58,799.17,
300106,6,13.40,68.45,
300106,6,71.12,370.12,
300106,2,163.40,283.77,
300106,1,22.66,20.45,
300107,4,447.72,1599.51,
300107,2,19.55,34.88,
300107,6,77.79,403.38,
300107,3,81.80,210.81,
300107,4,127.64,444.49,
300110,4,334.22,1160.35,
300110,5,253.92,1218.92,
300110,5,41.13,185.36,
300110,4,319.73,1252.01,
300110,6,125.27,667.90,
300110,5,64.29,308.57,
300110,1,192.91,173.52,
300111,7,164.46,1092.53,
300111,2,126.32,230.67,
300111,3,85.49,233.81,
300111,4,416.22,1565.79,
300111,2,446.04,813.73,
300111,3,109.74,302.13,
300111,4,79.99,285.25,
300111,4,100.90,376.77,
300111,4,219.84,827.71,
300111,3,115.29,326.21,
300112,1,23.06,19.35,
300112,5,538.56,2228.84,
300112,8,96.29,614.57,
300112,3,79.05,199.26,
300112,6,325.40,1752.40,
300112,2,436.38,703.98,
300112,1,82.50,64.59,
300112,5,172.66,743.89,
300112,5,7.40,29.10,
300114,7,256.08,1577.44,
300114,3,43.29,110.91,
300114,3,78.74,219.24,
300114,2,197.01,337.34,
300114,3,22.94,63.50,
300115,5,64.05,246.22,
300115,4,496.23,1465.15,
300115,3,8.09,17.61,
300115,5,12.95,47.30,
300115,10,215.05,1605.89,
300115,3,82.27,190.21,
300115,6,12.99,59.33,
300115,3,302.72,698.92,
300115,5,297.99,1057.57,
300118,6,130.81,690.60,
300118,3,154.89,405.55,
300118,3,251.28,649.54,
300118,4,8.41,27.02,
300118,2,59.05,108.13,
300118,6,7.70,38.67,
300118,4,11.35,37.77,
300118,5,47.21,205.72,
300120,2,523.77,819.16,
300120,3,75.12,171.69,
300120,7,125.43,631.57,
300120,6,58.68,268.55,
300120,4,417.90,1223.46,
300121,5,123.16,542.56,
300121,5,555.39,2290.65,
300121,5,133.72,572.65,
300121,7,36.20,221.86,
300122,2,30.49,53.80,
300122,9,13.73,110.39,
300122,4,62.53,209.97,
300122,3,8.18,21.37,
300122,2,296.42,480.94,
300122,6,166.67,906.28,
300122,4,82.97,297.82,
300122,4,178.29,626.29,
300122,2,111.51,183.40,
300122,6,11.80,57.41,
300122,4,92.74,330.56,
300122,6,145.77,765.78,
300122,1,72.06,67.27,
300122,3,7.58,19.20,
300122,7,125.55,831.17,
300123,4,414.54,1478.79,
300123,3,213.20,552.86,
300123,7,8.13,51.57,
300123,8,42.93,292.23,
300123,4,427.56,1361.34,
300123,4,57.89,191.78,
300123,3,158.54,394.15,
300123,4,32.64,111.51,
300123,4,47.52,164.17,
300123,1,288.86,255.57,
300124,8,183.22,1177.91,
300124,4,242.16,843.59,
300124,4,173.18,593.67,
300124,5,291.38,1234.09,
300124,3,7.66,17.19,
300124,5,12.85,47.66,
300125,2,122.13,197.77,
300125,2,18.20,30.15,
300125,4,74.10,246.66,
300125,5,173.89,675.43,
300125,2,506.43,887.24,
300125,2,145.20,230.11,
300125,4,159.63,536.56,
300125,4,166.85,580.13,
300128,4,60.88,193.87,
300128,2,7.50,11.49,
300128,5,23.86,86.09,
300128,5,217.92,901.30,
300128,3,251.76,585.06,
300128,3,139.79,310.55,
300128,7,56.61,324.33,
300128,4,292.64,942.68,
300128,4,505.92,1494.62,
300131,3,294.84,798.56,
300131,3,23.54,64.09,
300131,6,238.32,1356.02,
300131,5,18.56,87.79,
300131,8,165.09,1153.84,
300132,5,41.49,177.63,
300132,7,35.57,205.74,
300132,6,66.25,313.29,
300132,3,261.60,627.74,
300132,4,559.47,1708.78,
300132,5,62.83,243.37,
300136,6,16.92,92.80,
300136,4,337.05,1225.22,
300136,9,60.94,482.47,
300138,5,329.49,1474.88,
300138,5,17.69,74.86,
300138,4,57.40,181.99,
300138,2,8.39,13.30,
300138,2,240.48,405.49,
300139,7,496.74,2656.09,
300139,4,46.44,139.08,
300139,4,24.55,67.73,
300139,5,12.71,46.91,
300139,2,8.27,11.89,
300139,3,8.10,17.78,
300139,4,47.88,144.67,
300140,4,86.19,294.47,
300140,4,44.10,156.76,
300140,4,8.73,32.56,
300140,2,148.81,260.69,
300140,3,137.41,373.89,
300141,2,7.94,13.62,
300141,4,17.48,62.88,
300141,4,60.94,218.77,
300141,8,222.48,1528.40,
300141,2,23.76,44.40,
300141,4,13.03,46.52,
300141,4,197.01,743.70,
300141,4,13.50,48.94,
300141,5,125.40,576.40,
300142,3,511.02,1399.21,
300142,1,536.01,469.12,
300142,5,120.60,567.16,
300142,5,66.19,286.47,
300142,7,12.56,82.09,
300142,6,239.76,1301.13,
300142,3,220.58,576.34,
300143,2,170.02,314.84,
300143,6,192.54,1018.11,
300143,2,8.29,13.50,
300143,7,441.00,2777.04,
300143,3,13.60,33.50,
300143,2,24.26,44.58,
300143,4,76.69,258.39,
300143,3,313.11,741.85,
300143,2,143.64,244.54,
300143,3,12.24,34.40,
300144,4,94.37,331.09,
300144,5,33.36,145.10,
300144,1,18.36,15.21,
300144,7,142.42,878.10,
300149,5,187.99,800.99,
300149,5,17.19,78.33,
300149,3,17.77,43.37,
300149,4,58.50,212.41,
300150,3,91.87,253.29,
300150,5,180.58,798.54,
300150,5,8.10,35.77,
300150,4,18.92,65.42,
300150,5,178.46,769.24,
300150,2,193.25,362.91,
300150,5,165.38,768.85,
300151,5,142.12,524.53,
300151,5,11.86,44.65,
300151,2,11.79,17.47,
300151,4,508.47,1503.06,
300151,9,114.22,717.16,
300151,5,131.74,478.19,
300152,2,8.67,12.58,
300152,3,139.92,316.10,
300152,3,13.68,33.48,
300152,5,18.97,73.42,
300152,6,152.91,692.25,
300152,7,253.20,1400.39,
300153,2,484.50,800.82,
300153,3,73.48,196.73,
300153,4,48.96,171.49,
300153,2,171.07,292.27,
300153,3,326.97,902.34,
300153,3,198.65,532.21,
300154,5,396.90,1875.31,
300154,2,45.90,73.50,
300154,6,41.99,215.94,
300154,1,12.88,11.89,
300155,6,12.54,66.92,
300155,2,16.25,28.47,
300155,2,98.78,173.78,
300155,5,13.53,57.18,
300155,4,183.39,646.49,
300155,6,7.98,44.87,
300155,4,223.04,814.81,
300155,5,24.38,100.91,
300155,4,532.95,1864.88,
300156,3,308.07,840.79,
300156,5,209.51,906.64,
300156,3,98.30,270.50,
300156,7,106.32,641.71,
300156,7,7.48,46.63,
300156,5,143.49,673.01,
300156,2,12.56,22.92,
300156,6,94.46,529.84,
300156,6,145.31,814.61,
300157,5,172.13,685.34,
300157,2,201.11,292.73,
300157,2,300.20,490.41,
300157,4,7.61,22.15,
300157,5,234.24,933.87,
300157,2,55.82,86.13,
300157,3,452.34,1110.07,
300157,3,187.62,420.56,
300157,7,143.03,753.89,
300159,5,450.24,2036.52,
300159,1,158.93,139.33,
300159,5,196.39,897.31,
300159,5,84.15,386.16,
300159,6,45.86,252.84,
300159,6,231.60,1219.65,
300160,4,119.72,425.39,
300160,4,79.99,274.70,
300160,5,164.16,709.05,
300160,5,23.18,97.53,
300160,6,190.96,1019.62,
300160,5,94.85,400.37,
300160,3,138.02,335.37,
300160,5,482.46,1994.22,
300160,4,57.46,205.52,
300161,7,19.53,107.93,
300161,3,183.74,468.00,
300161,7,429.66,2457.39,
300161,3,46.80,109.84,
300161,6,11.34,50.49,
300161,2,32.47,54.59,
300161,7,41.40,230.31,
300161,5,72.30,287.08,
300162,4,192.19,576.03,
300162,4,463.08,1462.69,
300162,4,227.28,725.31,
300162,3,531.93,1193.88,
300162,6,18.63,86.44,
300162,4,142.30,420.63,
300162,2,127.38,213.57,
300162,3,42.71,95.17,
300162,6,219.12,1082.88,
300166,6,328.23,1510.54,
300166,3,170.37,389.37,
300166,3,77.09,162.39,
300167,8,440.16,2997.46,
300167,4,319.41,1122.30,
300167,3,7.82,20.94,
300167,1,62.65,55.57,
300167,4,8.61,29.28,
300167,3,100.51,269.20,
300167,6,21.82,116.13,
300167,5,33.46,154.24,
300167,2,343.98,623.38,
300167,3,558.45,1483.92,
300167,2,19.12,32.21,
300167,2,344.93,614.30,
300167,4,11.30,38.07,
300169,3,211.15,495.22,
300169,1,8.64,6.79,
300169,5,8.28,32.74,
300169,4,18.13,64.14,
300169,4,257.76,815.93,
300169,8,119.89,805.09,
300173,7,199.06,1290.62,
300173,2,195.57,349.70,
300173,5,262.08,1231.06,
300173,3,11.71,30.66,
300173,5,36.14,169.91,
300173,6,307.76,1632.23,
300175,3,18.67,49.12,
300175,6,16.45,82.91,
300175,3,248.88,637.27,
300175,5,77.64,329.78,
300175,4,85.33,281.46,
300176,3,139.92,344.11,
300176,6,462.57,2414.97,
300176,2,165.83,278.37,
300176,3,92.45,251.19,
300176,2,165.83,293.21,
300176,4,236.40,875.22,
300178,5,7.50,33.09,
300178,4,17.73,64.04,
300178,3,328.23,820.74,
300178,2,213.00,381.63,
300178,10,85.09,799.23,
300178,3,157.47,413.11,
300178,2,13.63,25.72,
300178,6,83.05,443.58,
300178,5,263.52,1221.58,
300178,3,24.43,69.82,
300178,5,122.13,537.82,
300178,3,65.03,171.03,
300178,2,11.40,20.37,
300178,5,17.10,78.28,
300181,3,165.26,417.80,
300181,4,19.75,68.96,
300181,3,180.05,465.54,
300181,1,330.44,296.07,
300182,3,13.38,31.45,
300182,2,241.68,387.81,
300182,4,138.60,433.77,
300182,3,522.75,1181.15,
300182,9,151.70,1038.72,
300182,4,7.94,25.66,
300182,4,89.66,278.92,
300182,1,193.52,152.73,
300182,2,8.75,13.45,
300182,5,8.70,33.38,
300182,4,54.96,162.67,
300182,4,17.69,56.50,
300182,4,7.90,22.62,
300182,6,338.94,1587.61,
300182,5,263.52,966.58,
300185,3,147.14,376.12,
300185,4,103.58,286.17,
300185,7,33.96,194.26,
300185,4,104.35,350.54,
300186,4,507.96,1553.83,
300186,3,31.42,69.46,
300186,4,29.87,88.95,
300186,6,484.50,1987.31,
300186,2,98.40,156.17,
300186,4,440.16,1341.49,
300187,6,17.69,83.17,
300187,5,8.34,34.18,
300190,6,48.74,231.64,
300190,4,241.20,688.58,
300190,4,124.96,408.20,
300190,5,326.34,1246.87,
300190,5,43.70,166.56,
300190,4,23.71,77.10,
300190,2,23.59,38.03,
300190,6,143.75,683.16,
300190,5,31.48,125.16,
300190,4,19.33,57.86,
300190,6,12.20,56.06,
300190,1,61.49,47.91,
300191,4,190.96,671.46,
300191,2,143.75,257.81,
300191,5,122.48,495.27,
300192,3,19.10,42.05,
300192,3,213.61,477.33,
300192,6,248.88,1191.67,
300192,5,17.39,67.52,
300192,5,16.33,64.36,
300195,5,443.10,1809.55,
300195,5,11.54,49.03,
300195,3,23.57,62.38,
300195,5,85.49,349.23,
300195,5,491.13,1984.50,
300195,5,111.86,487.32,
300196,3,95.33,249.07,
300196,4,12.30,43.49,
300196,3,135.56,345.27,
300196,2,64.48,107.99,
300196,4,406.14,1398.11,
300197,5,152.46,643.48,
300197,3,33.59,93.71,
300197,6,49.14,259.20,
300197,3,312.80,836.40,
300197,4,24.58,87.22,
300197,5,537.03,2489.41,
300198,4,11.25,39.00,
300198,2,25.58,43.93,
300198,1,122.37,113.17,
300198,3,71.75,187.83,
300198,6,558.96,2970.85,
300200,5,538.56,2428.93,
300200,7,84.94,447.88,
300200,4,29.80,101.66,
300200,2,64.17,105.46,
300200,5,429.66,1758.19,
300201,4,16.99,59.81,
300201,5,94.75,393.71,
300201,3,222.02,518.72,
300201,3,57.77,151.08,
300201,3,96.77,250.66,
300201,6,113.40,597.44,
300201,4,441.84,1548.42,
300201,4,42.66,150.46,
300201,2,518.67,896.28,
300201,5,200.49,834.32,
300201,5,181.63,797.51,
300202,3,135.56,315.84,
300202,2,186.55,294.02,
300202,5,308.07,1270.80,
300202,4,159.75,558.00,
300202,5,159.75,670.12,
300202,7,554.37,3230.53,
300202,5,17.15,73.59,
300202,4,19.78,69.98,
300202,1,40.73,36.51,
300205,2,531.42,881.88,
300205,2,165.79,245.32,
300205,2,194.34,302.00,
300205,3,25.90,59.44,
300205,4,19.55,61.66,
300205,4,80.62,241.18,
300205,6,117.06,554.07,
300208,4,34.65,101.92,
300208,3,301.14,659.55,
300208,1,343.67,281.32,
300208,7,19.75,108.74,
300208,5,78.81,319.09,
300208,3,42.66,106.07,
300208,4,129.80,417.63,
300208,5,112.22,441.91,
300208,2,13.49,20.22,
300208,3,11.60,26.88,
300212,3,253.68,642.12,
300212,3,128.50,307.04,
300212,2,24.34,36.41,
300212,2,44.24,66.27,
300212,1,317.52,262.43,
300212,5,81.09,307.02,
300212,5,32.74,129.67,
300212,5,168.78,741.65,
300215,3,389.34,1025.40,
300215,4,7.95,28.60,
300215,3,107.97,272.48,
300216,5,221.28,981.38,
300216,6,90.14,466.57,
300216,5,21.96,95.77,
300216,6,12.66,75.04,
300216,5,291.69,1405.52,
300219,6,554.37,2620.79,
300219,8,30.29,190.75,
300219,7,395.22,2302.51,
300219,5,105.12,427.53,
300219,7,396.48,2259.42,
300219,6,190.08,933.83,
300220,5,8.10,35.37,
300220,6,11.25,58.54,
300220,7,58.93,364.81,
300220,3,77.95,199.69,
300220,5,143.22,606.00,
300220,2,49.14,79.19,
300222,7,383.46,2032.03,
300222,4,36.17,100.75,
300222,2,79.36,119.18,
300222,5,313.74,1202.27,
300222,6,96.58,422.04,
300225,3,161.42,387.54,
300225,9,236.40,1625.71,
300225,4,412.44,1311.71,
300225,8,8.53,53.21,
300225,5,48.15,204.54,
300225,5,124.74,467.17,
300225,5,56.91,214.95,
300225,7,7.20,35.02,
300225,6,319.41,1392.44,
300226,4,151.85,422.13,
300226,2,13.18,19.42,
300226,3,81.64,190.52,
300226,3,23.74,54.93,
300226,7,21.84,108.64,
300226,5,33.43,133.03,
300226,5,11.39,40.28,
300226,7,13.64,66.13,
300226,10,127.79,980.01,
300226,4,18.50,56.92,
300227,3,148.05,418.95,
300227,2,135.83,236.83,
300227,6,12.56,61.41,
300227,4,11.91,42.99,
300227,4,23.93,79.38,
300227,2,121.19,213.38,
300227,5,8.04,35.08,
300229,4,406.14,1377.30,
300229,2,77.64,131.84,
300229,5,141.64,630.10,
300229,3,536.01,1401.62,
300229,8,162.98,1186.89,
300231,6,8.39,40.80,
300231,6,185.50,831.01,
300231,2,224.16,333.56,
300238,5,29.90,119.86,
300238,6,126.32,641.89,
300238,3,34.88,93.21,
300238,6,17.80,96.37,
300238,3,109.03,274.83,
300240,3,100.99,238.24,
300240,4,156.71,512.71,
300240,3,407.82,1002.30,
300240,4,19.39,58.60,
300240,7,104.93,583.67,
300240,2,309.65,488.26,
300241,6,25.42,120.58,
300241,5,55.02,219.84,
300241,3,8.26,21.87,
300241,4,8.23,27.92,
300241,3,35.54,86.09,
300241,4,33.63,109.02,
300241,8,500.31,3499.68,
300242,8,263.04,1747.91,
300242,2,83.76,142.62,
300242,1,74.81,67.25,
300242,6,141.21,734.00,
300242,6,7.90,40.18,
300246,3,136.95,345.03,
300246,1,72.46,64.05,
300246,2,155.80,257.80,
300246,2,96.19,159.47,
300246,6,70.89,353.42,
300246,3,410.76,965.55,
300246,2,33.73,55.99,
300246,9,546.72,4168.68,
300246,4,480.42,1581.80,
300251,3,104.83,284.05,
300251,1,96.96,81.19,
300251,3,23.45,64.97,
300251,3,30.76,74.02,
300251,4,119.20,442.98,
300251,4,7.74,27.78,
300253,4,243.36,800.38,
300253,3,223.25,542.02,
300253,4,488.07,1663.10,
300253,6,18.14,89.13,
300253,4,63.44,217.07,
300255,3,116.82,296.29,
300255,3,128.38,310.33,
300255,9,165.98,1144.57,
300255,4,57.28,186.11,
300255,2,139.38,227.64,
300255,2,96.58,153.54,
300256,2,8.02,12.98,
300256,3,425.04,993.12,
300256,3,61.49,159.04,
300256,7,102.43,605.96,
300256,3,17.33,42.47,
300256,2,232.32,383.15,
300256,4,223.66,740.47,
300256,4,77.01,263.73,
300256,6,86.50,430.95,
300256,2,218.12,384.99,
300257,6,229.68,1221.90,
300257,1,88.80,76.50,
300257,5,72.61,293.82,
300257,2,124.74,214.03,
300257,8,24.34,174.50,
300257,2,217.51,364.90,
300259,2,192.50,280.43,
300259,6,511.53,2321.71,
300259,2,72.85,119.00,
300259,3,8.56,20.12,
300259,4,43.83,128.87,
300259,3,121.78,295.93,
300259,2,122.10,191.04,
300259,4,17.48,54.11,
300259,5,41.99,163.69,
300262,4,89.95,300.82,
300262,4,116.23,412.64,
300262,5,43.20,186.66,
300264,6,408.66,2015.70,
300264,4,378.42,1133.96,
300265,2,305.55,491.97,
300265,7,313.74,1935.36,
300266,3,7.88,20.77,
300266,5,156.71,707.03,
300266,3,63.99,162.61,
300266,4,100.51,345.98,
300266,6,392.28,1967.49,
300266,4,19.03,63.13,
300266,5,43.20,190.42,
300266,5,17.93,71.67,
300271,3,158.54,420.32,
300271,7,44.96,278.62,
300271,5,179.52,784.57,
300271,4,71.28,258.56,
300271,4,134.90,489.04,
300271,3,13.24,34.25,
300271,4,216.96,805.50,
300271,4,339.57,1119.12,
300271,2,19.62,34.66,
300271,3,203.36,498.33,
300272,5,194.14,909.31,
300272,3,133.85,361.35,
300272,3,17.28,48.85,
300272,2,124.25,221.89,
300272,7,58.32,389.56,
300272,5,16.45,77.88,
300273,3,229.20,602.72,
300273,5,124.61,545.98,
300273,2,130.68,237.67,
300273,7,456.96,2914.23,
300273,3,190.24,553.23,
300273,8,13.61,95.93,
300277,4,59.17,174.95,
300277,5,323.19,1339.57,
300277,6,23.02,108.18,
300277,2,128.97,209.43,
300279,5,12.15,49.34,
300279,5,239.04,927.29,
300279,6,17.48,88.50,
300279,5,285.39,1175.04,
300279,6,18.88,90.56,
300279,5,206.85,886.49,
300279,3,262.56,633.19,
300279,6,85.80,433.62,
300279,3,191.66,488.36,
300279,5,73.79,312.42,
300279,3,42.93,107.25,
300279,3,101.95,252.23,
300279,5,237.12,952.22,
300279,6,142.73,740.88,
300279,2,13.15,20.85,
300280,6,34.88,191.61,
300280,5,41.72,187.82,
300280,2,287.91,542.57,
300280,4,199.06,765.78,
300280,3,57.46,152.33,
300280,4,311.85,1096.28,
300280,2,34.88,61.65,
300280,3,21.79,65.08,
300280,4,115.29,435.79,
300280,4,8.42,30.48,
300281,5,192.90,707.84,
300281,4,150.63,480.99,
300281,6,196.80,899.84,
300281,4,462.57,1326.24,
300281,3,24.72,61.72,
300283,8,129.76,1025.19,
300283,5,32.18,142.69,
300283,4,439.74,1594.17,
300283,2,125.91,230.88,
300283,4,215.25,824.92,
300283,3,124.74,333.73,
300283,6,410.34,2194.99,
300284,4,161.58,535.25,
300284,5,71.51,279.59,
300284,4,24.46,78.72,
300284,6,114.81,503.76,
300284,5,34.68,128.93,
300284,5,64.66,233.66,
300284,4,225.09,752.61,
300284,2,33.69,49.05,
300284,3,230.16,557.43,
300287,4,339.89,1072.83,
300287,4,224.16,695.75,
300287,4,71.91,225.47,
300287,5,141.66,599.18,
300288,8,7.25,51.32,
300288,4,422.94,1564.96,
300288,4,72.61,245.93,
300288,3,45.99,113.35,
300288,4,63.20,233.17,
300288,1,252.96,222.89,
300289,9,128.15,1032.38,
300289,3,435.12,1244.41,
300289,5,8.02,38.27,
300289,6,189.38,1024.76,
300289,5,7.22,31.28,
300289,5,184.98,883.40,
300290,7,120.60,708.00,
300290,7,511.02,2809.10,
300290,3,33.99,73.54,
300290,3,17.12,38.87,
300291,6,40.55,200.73,
300291,5,16.85,64.87,
300294,4,138.17,449.58,
300294,4,194.96,654.00,
300294,3,13.26,31.62,
300294,2,143.62,228.72,
300294,3,169.31,431.90,
300294,3,11.29,26.94,
300294,6,25.70,124.82,
300295,7,84.07,515.50,
300295,4,17.41,61.31,
300295,5,127.20,514.15,
300295,4,44.10,139.95,
300297,5,332.01,1463.94,
300297,5,139.38,644.50,
300297,1,164.01,144.48,
300297,4,345.56,1233.33,
300297,7,8.06,50.67,
300298,6,66.31,357.06,
300298,7,148.35,925.80,
300298,3,22.92,62.31,
300298,6,158.84,819.51,
300298,7,385.56,2556.71,
300298,6,420.84,2292.81,
300298,6,17.30,94.85,
300298,3,538.56,1406.43,
300298,3,96.77,260.29,
300299,3,8.61,23.74,
300299,5,155.34,651.53,
300299,4,483.48,1554.09,
300299,4,170.54,569.28,
300299,3,201.72,542.52,
300299,4,461.55,1645.18,
300299,3,510.51,1281.51,
300301,6,557.94,2959.53,
300301,7,25.46,143.94,
300301,4,167.02,541.18,
300301,3,185.15,502.89,
300302,3,127.32,310.48,
300302,6,107.73,484.63,
300302,3,302.40,698.69,
300302,2,61.92,102.49,
300302,3,496.74,1130.09,
300302,3,24.74,61.18,
300302,1,121.89,92.90,
300303,3,181.10,510.44,
300303,6,140.32,758.05,
300303,3,74.42,196.21,
300303,5,93.02,422.46,
300305,1,213.61,169.58,
300305,7,429.66,2226.03,
300305,6,17.64,83.94,
300306,2,36.04,57.35,
300306,2,58.99,101.58,
300306,3,155.95,347.77,
300306,3,237.84,592.03,
300306,5,102.05,412.82,
300306,2,82.27,145.12,
300306,6,24.24,129.60,
300308,2,78.26,131.22,
300308,4,119.46,365.26,
300308,7,340.52,1891.94,
300309,4,91.58,332.80,
300309,4,239.76,807.42,
300309,1,42.35,39.20,
300312,2,62.16,97.34,
300312,4,288.23,881.08,
300312,3,85.80,188.85,
300312,7,16.63,106.30,
300312,6,536.52,2677.32,
300312,4,124.74,388.71,
300312,4,75.44,233.76,
300314,4,12.69,42.02,
300314,4,128.50,431.36,
300314,4,120.36,379.33,
300314,7,46.44,278.61,
300314,3,119.89,287.78,
300314,3,183.74,503.06,
300314,6,166.85,819.67,
300314,5,317.21,1366.58,
300314,5,8.41,35.04,
300318,2,309.65,508.41,
300318,7,137.15,770.44,
300318,4,12.60,42.97,
300318,4,16.72,55.43,
300318,3,192.50,489.93,
300318,2,22.68,39.98,
300318,2,212.79,379.54,
300319,2,223.44,381.95,
300319,3,196.60,479.64,
300319,6,24.46,119.91,
300319,7,341.46,2051.98,
300319,6,238.56,1144.53,
300319,4,464.61,1501.14,
300319,7,43.92,267.42,
300321,7,18.04,104.68,
300321,4,7.50,24.65,
300322,5,123.07,452.01,
300322,5,419.58,1643.30,
300322,3,34.16,80.38,
300322,3,8.29,20.19,
300322,4,214.43,692.51,
300322,2,73.24,111.99,
300325,2,150.02,263.11,
300325,5,190.61,850.01,
300325,5,198.03,898.00,
300325,4,477.87,1663.54,
300325,3,526.83,1476.44,
300326,5,120.24,484.68,
300326,4,79.29,228.30,
300326,6,222.96,1052.89,
300326,5,427.98,1600.75,
300326,6,19.66,90.25,
300326,4,163.70,531.32,
300326,3,18.79,47.39,
300326,4,260.88,833.22,
9300326,-6,222.96,-1052.89,
300328,6,187.26,854.10,
300328,6,12.79,55.24,
300328,2,106.91,174.51,
300328,2,157.62,259.13,
300329,3,145.31,345.56,
300329,8,24.34,164.97,
300329,3,18.63,44.68,
300329,4,326.03,1131.71,
300329,5,8.17,33.28,
300331,4,185.50,603.49,
300331,7,442.26,2639.51,
300331,5,489.60,2066.26,
300331,4,11.29,37.04,
300331,9,19.17,134.57,
300331,4,159.90,575.17,
300331,3,76.15,176.82,
300331,4,162.80,559.11,
300331,4,160.97,542.01,
300331,2,85.09,138.58,
300331,6,80.23,380.20,
300331,2,126.50,204.72,
300334,6,60.94,327.58,
300334,5,144.70,617.60,
300334,5,204.18,872.15,
300334,2,179.34,324.39,
300335,5,91.10,417.69,
300335,3,23.54,64.49,
300335,3,218.64,590.63,
300335,6,256.56,1261.30,
300335,4,41.31,148.45,
300335,1,295.79,251.36,
300335,1,166.74,134.34,
300337,5,56.43,245.11,
300337,4,66.55,208.62,
300337,3,84.62,195.20,
300337,5,7.26,26.45,
300337,4,45.86,135.14,
300337,5,18.63,73.20,
300337,3,29.80,75.05,
300337,6,150.18,674.65,
300337,3,185.53,444.23,
300337,3,35.64,84.65,
300337,4,8.12,26.59,
300338,4,399.42,1387.06,
300338,3,146.53,372.02,
300338,8,17.84,129.45,
300338,4,161.74,557.57,
300341,2,461.55,786.61,
300341,4,400.68,1279.26,
300341,6,22.46,121.54,
300341,3,220.32,542.77,
300341,6,30.72,165.23,
300342,3,177.23,424.11,
300342,4,484.50,1660.01,
300342,1,8.33,7.19,
300342,3,35.38,90.87,
300343,3,35.77,100.68,
300343,4,87.65,313.37,
300343,3,144.28,400.01,
300343,3,220.80,639.55,
300343,4,184.98,636.11,
300343,6,338.63,1854.17,
300344,3,216.89,562.02,
300344,4,121.66,405.03,
300344,1,331.70,270.33,
300344,3,11.86,30.70,
300344,2,129.09,212.60,
300344,5,325.71,1312.18,
300344,1,527.34,426.99,
300344,5,143.62,597.76,
300344,1,221.61,184.63,
300344,6,187.37,859.11,
300346,9,524.28,4387.42,
300346,2,7.56,13.76,
300346,5,236.88,1045.48,
300346,5,16.31,78.49,
300346,5,11.36,49.49,
300346,3,23.33,65.07,
300346,4,221.61,837.41,
300346,3,488.07,1447.22,
300346,4,168.61,624.63,
300346,3,54.90,147.25,
300346,5,7.74,36.52,
300346,6,12.46,66.89,
300349,7,99.84,598.35,
300349,5,26.23,113.42,
300349,6,116.94,565.01,
300349,6,422.94,2074.23,
300349,3,144.70,374.75,
300349,3,16.27,37.72,
300349,3,19.49,50.74,
300349,3,98.59,234.25,
300349,5,61.43,249.10,
300349,5,46.98,193.98,
300349,5,18.41,77.98,
300350,3,140.75,328.63,
300350,5,345.87,1374.49,
300350,8,13.20,83.82,
300350,2,244.56,386.32,
300350,7,72.46,384.28,
300350,2,8.10,13.69,
300350,3,196.39,450.67,
300350,3,468.18,1133.33,
300350,4,227.04,711.42,
300350,5,102.05,419.38,
300350,2,136.09,210.84,
300350,4,165.53,517.39,
300352,2,21.67,35.47,
300352,7,29.77,166.68,
300352,11,235.92,2186.44,
300352,6,143.49,745.72,
300352,4,32.87,109.54,
300352,5,76.77,318.81,
300355,6,138.62,732.10,
300355,2,122.10,223.62,
300355,3,129.23,330.94,
300356,5,19.44,83.34,
300356,5,344.61,1489.17,
300356,3,64.84,156.19,
300360,10,150.18,1142.79,
300360,5,234.96,887.36,
300360,4,30.36,103.24,
300360,5,312.48,1218.13,
300360,9,118.71,877.47,
300360,2,93.41,149.43,
300360,6,206.64,910.49,
300360,7,56.61,303.96,
300360,1,30.82,25.89,
300360,3,98.88,220.11,
300361,5,181.28,816.52,
300361,4,297.36,1063.54,
300361,3,181.81,480.82,
300361,3,114.58,314.67,
300361,3,12.68,36.07,
300361,3,60.63,168.83,
300361,4,465.12,1743.75,
300361,4,220.32,818.58,
300363,6,8.07,36.06,
300363,5,139.00,537.38,
300363,6,129.09,596.41,
300363,4,16.81,51.18,
300363,6,112.45,545.95,
300363,2,424.20,725.86,
300363,6,128.74,602.42,
300369,6,438.48,2221.33,
300369,10,104.83,874.72,
300369,5,342.09,1386.70,
300369,4,477.87,1537.86,
300369,2,96.96,152.34,
300369,5,437.64,1732.04,
300369,4,165.62,534.00,
300371,5,480.42,1933.24,
300371,4,332.33,1019.38,
300371,2,89.18,141.05,
300371,3,22.27,53.09,
300372,1,251.04,194.76,
300372,4,115.40,334.57,
300372,4,23.35,63.99,
300372,6,383.46,1793.66,
300374,6,498.27,2348.68,
300374,2,528.87,910.77,
300374,4,63.14,215.19,
300374,1,286.97,229.96,
300374,4,217.68,684.36,
300374,3,218.16,548.04,
300374,5,143.62,611.70,
300374,3,139.66,351.62,
300374,5,56.06,201.76,
300375,3,150.48,383.76,
300375,2,18.27,33.99,
300375,2,393.96,656.74,
300375,3,164.62,420.53,
300375,2,55.57,105.31,
300376,4,108.09,379.46,
300376,6,13.66,73.59,
300376,3,476.34,1251.82,
300376,3,180.40,458.04,
300376,7,447.30,2603.67,
300378,6,35.31,175.38,
300378,5,167.05,720.78,
300378,6,12.05,58.67,
300378,3,7.88,19.84,
300378,5,492.66,1977.54,
300378,4,138.60,471.66,
300378,1,23.81,19.23,
300378,7,554.88,3149.95,
300378,2,101.09,167.88,
300378,6,162.18,761.48,
300378,3,166.50,392.83,
300378,6,195.37,932.18,
300379,4,55.63,179.24,
300379,3,43.43,115.57,
300379,4,558.45,1700.83,
300379,4,29.93,98.24,
300379,2,85.64,144.09,
300379,6,117.29,613.69,
300381,4,471.24,1544.08,
300381,6,13.45,66.61,
300381,3,18.38,41.87,
300381,8,185.73,1135.87,
300381,6,33.73,160.42,
300381,4,242.64,746.66,
300382,7,81.33,501.69,
300382,6,209.92,1086.54,
300382,4,13.28,47.00,
300382,4,7.56,25.90,
300382,7,197.21,1230.16,
300382,4,490.62,1780.83,
300382,3,422.94,1130.95,
300382,4,448.14,1586.76,
300382,2,19.80,35.86,
300382,3,141.66,390.23,
300382,4,12.06,45.80,
300382,2,88.99,153.85,
300382,4,17.57,63.23,
300382,5,142.16,631.36,
300382,2,17.62,30.25,
300383,2,92.54,145.87,
300383,8,7.42,46.45,
300383,1,218.64,170.04,
300388,1,32.77,24.33,
300388,4,99.65,317.24,
300388,4,145.77,450.57,
300388,5,198.44,754.77,
300388,4,207.87,688.72,
300388,3,83.52,196.46,
300388,1,19.48,14.26,
300388,4,22.75,63.56,
300388,3,11.63,26.26,
300388,3,165.26,372.21,
300388,1,343.98,246.53,
300388,5,165.83,631.42,
300388,6,414.12,1987.56,
300388,7,17.30,90.23,
300388,4,35.94,115.11,
300389,6,35.84,171.59,
300389,5,487.56,1969.56,
300389,5,239.76,990.27,
300389,9,404.46,2934.84,
300390,4,445.62,1500.26,
300390,5,23.66,101.34,
300390,6,129.68,635.70,
300390,3,104.45,250.76,
300390,2,294.53,447.81,
300390,2,13.60,21.84,
300390,3,12.25,30.00,
300391,5,12.95,56.27,
300391,6,396.48,2061.65,
300391,1,23.47,19.94,
300391,3,250.80,686.10,
300391,3,44.28,110.67,
300392,4,30.06,93.07,
300392,7,472.77,2802.21,
300392,3,30.49,72.42,
300392,6,41.99,202.03,
300392,4,59.54,201.25,
300395,7,77.87,402.32,
300395,4,13.41,44.23,
300395,2,99.55,150.79,
300395,4,450.24,1419.73,
300395,4,46.40,143.61,
300395,4,139.00,424.58,
300396,2,285.71,488.35,
300396,7,231.36,1331.71,
300396,6,83.92,442.88,
300396,2,25.01,40.42,
300396,5,100.51,423.02,
300396,3,55.33,141.71,
300397,2,30.86,51.86,
300397,11,72.14,698.40,
300397,4,66.67,233.35,
300397,4,45.99,150.58,
300398,3,7.78,18.97,
300398,3,58.80,159.13,
300398,4,43.92,162.77,
300398,6,254.88,1351.86,
300398,4,82.58,265.25,
300398,4,25.63,90.09,
300400,2,19.73,35.51,
300400,5,78.89,351.12,
300400,5,442.26,2163.23,
300400,5,220.08,1044.85,
300400,4,29.80,105.65,
300404,7,332.96,2104.96,
300404,2,42.75,74.84,
300404,3,196.19,499.31,
300404,7,66.73,406.06,
300404,4,195.16,689.28,
300405,4,16.31,54.85,
300405,5,174.77,761.83,
300405,2,31.52,54.87,
300405,3,30.62,79.51,
300405,3,190.26,496.19,
300405,3,8.37,21.74,
300405,5,25.66,114.99,
300405,4,12.70,43.05,
300405,7,240.24,1412.63,
300405,4,121.18,387.74,
300406,5,24.65,102.09,
300406,1,310.59,255.00,
300406,5,94.56,361.32,
300406,4,75.05,248.48,
300406,5,12.68,52.48,
300406,5,199.88,784.47,
300406,3,13.65,33.97,
300406,4,8.38,27.09,
300406,4,24.22,76.69,
300411,4,231.36,716.22,
300411,3,74.10,172.89,
300411,3,65.82,144.34,
300411,5,46.26,170.87,
300411,2,91.39,129.89,
300411,3,89.86,216.93,
300411,4,21.91,67.25,
300414,1,210.54,175.89,
300414,4,19.51,67.52,
300414,6,66.19,352.04,
300417,6,124.21,708.77,
300417,2,16.38,30.07,
300417,2,17.86,34.14,
300417,6,483.99,2779.54,
300417,4,219.97,766.55,
300417,2,21.94,41.50,
300417,4,13.41,52.87,
300418,2,223.45,353.94,
300418,7,33.50,183.70,
300418,4,8.20,26.99,
300418,6,65.94,329.88,
300418,6,30.10,145.00,
300418,5,528.36,2177.88,
300418,2,141.50,216.50,
300419,3,511.53,1451.92,
300419,5,383.04,1647.43,
300419,5,58.74,229.13,
300419,2,34.02,56.63,
300419,3,8.28,21.31,
300419,4,300.83,927.54,
300419,7,34.09,196.39,
300419,3,383.88,979.60,
300419,3,32.11,76.60,
300419,7,129.21,745.15,
300422,2,301.77,523.17,
300422,5,165.98,780.64,
300422,2,141.77,258.94,
300422,4,46.85,166.08,
300422,6,127.91,671.91,
300422,3,296.73,761.75,
300422,6,485.52,2452.40,
300422,5,100.51,453.04,
300422,3,33.30,93.39,
300422,10,7.65,65.38,
300422,6,485.52,2657.33,
300422,4,36.07,133.06,
300422,4,225.09,798.88,
300422,4,109.50,377.88,
300422,2,345.56,659.46,
300423,6,163.86,801.58,
300423,5,19.15,69.53,
300423,1,91.10,77.19,
300423,5,137.26,539.00,
300423,4,46.94,151.20,
300423,5,241.44,975.24,
300423,5,12.86,52.12,
300423,6,8.02,36.93,
300423,7,12.25,66.16,
300423,6,233.52,1110.95,
300425,6,187.17,863.68,
300425,4,70.81,225.85,
300425,5,59.05,224.33,
300425,5,498.78,1797.60,
300425,5,127.68,452.63,
300425,5,444.36,1760.23,
300425,3,7.99,18.58,
300425,4,345.24,1065.58,
300425,6,422.94,1834.85,
300425,3,138.32,295.09,
300427,1,292.01,244.18,
300427,2,94.94,169.86,
300427,5,92.93,395.53,
300427,5,126.97,526.94,
300427,3,24.41,69.50,
300427,3,87.46,221.56,
300427,6,19.22,100.59,
300427,5,73.32,307.78,
300427,3,62.71,152.46,
300427,4,149.11,560.64,
300433,5,31.58,131.58,
300433,3,126.98,312.14,
300433,5,185.32,781.30,
300433,4,25.56,92.54,
300433,3,17.10,36.89,
300434,2,19.10,34.30,
300434,4,344.30,1315.72,
300434,4,48.11,164.25,
300434,7,71.12,453.67,
300434,2,236.40,438.58,
300434,9,72.85,604.55,
300435,4,156.41,472.58,
300435,4,23.57,81.39,
300435,8,194.14,1279.36,
300435,5,173.18,621.46,
300435,8,22.87,146.64,
300436,6,119.33,616.84,
300436,4,16.29,58.58,
300436,6,12.06,61.56,
300436,3,91.01,232.36,
300436,2,8.52,14.43,
300436,2,121.19,203.47,
300436,6,452.76,2396.34,
300437,2,25.82,40.72,
300437,4,123.55,355.76,
300437,6,101.18,427.82,
300437,4,191.31,590.42,
300437,5,35.48,140.80,
300437,6,422.52,1914.16,
300437,2,142.03,199.67,
300439,4,8.23,26.06,
300439,3,47.97,104.72,
300439,4,233.76,801.03,
300439,5,63.26,236.28,
300439,2,55.14,83.79,
300439,2,248.88,382.20,
300439,4,98.98,329.88,
300440,4,35.81,116.01,
300440,4,160.86,510.52,
300440,4,80.07,255.40,
300440,3,552.84,1322.65,
300440,4,327.60,1134.97,
300440,4,73.87,250.37,
300440,5,19.39,74.99,
300440,2,66.25,114.61,
300440,2,153.67,261.26,
300440,5,148.05,623.43,
300440,4,84.62,297.44,
300443,4,101.18,330.96,
300443,4,8.75,27.22,
300443,4,12.13,41.84,
300443,2,46.40,79.56,
300443,2,36.27,63.05,
300443,5,8.11,35.44,
300443,5,119.30,499.77,
300443,2,35.31,57.32,
300443,2,8.45,14.22,
300443,1,343.04,279.86,
300443,2,408.24,701.85,
300444,4,29.93,104.32,
300444,2,119.46,202.10,
300444,5,44.28,182.41,
300444,4,47.70,156.89,
300444,3,115.52,291.40,
300444,6,286.34,1553.83,
300444,7,229.92,1398.99,
300444,6,184.45,988.78,
300444,5,195.57,896.52,
300444,3,142.12,366.02,
300444,3,8.13,21.62,
300444,5,512.04,2281.85,
300444,2,188.81,317.06,
300444,4,105.12,365.45,
300444,3,245.76,575.98,
300447,7,8.55,56.96,
300447,6,137.26,781.25,
300447,7,235.20,1465.94,
300447,4,108.44,393.67,
300447,6,167.73,916.65,
300447,4,224.07,784.61,
300447,4,24.43,94.12,
300447,4,141.36,511.63,
300447,3,11.63,29.19,
300448,3,176.53,418.15,
300448,5,11.41,42.03,
300448,4,162.18,486.59,
300448,4,71.91,227.76,
300448,4,8.12,24.40,
300448,5,25.94,97.47,
300448,5,189.20,789.08,
300453,4,12.00,42.38,
300453,9,135.70,1084.79,
300453,6,185.68,995.18,
300453,9,91.97,706.73,
300453,3,186.56,507.98,
300453,6,164.74,851.85,
300455,7,65.03,408.43,
300455,2,203.98,372.93,
300455,2,21.84,37.66,
300455,4,404.88,1492.25,
300456,8,96.67,637.96,
300456,4,33.10,103.12,
300456,5,18.88,80.00,
300456,6,139.52,621.62,
300456,1,12.61,10.23,
300456,4,22.82,68.34,
300456,5,181.63,747.63,
300456,4,197.42,620.97,
300458,6,138.17,700.63,
300458,1,19.26,15.96,
300458,4,16.60,55.53,
300458,3,35.21,88.60,
300458,1,32.18,25.55,
300458,4,157.02,529.04,
300458,5,296.73,1207.12,
300458,6,316.26,1501.06,
300458,2,123.42,216.35,
300461,4,491.13,1656.40,
300461,6,329.81,1687.86,
300461,4,72.06,256.62,
300461,3,7.21,17.33,
300461,2,184.45,300.66,
300461,4,12.73,43.55,
300461,4,138.86,453.98,
300461,4,219.15,712.18,
300462,5,35.34,155.26,
300462,6,11.53,59.80,
300462,5,7.55,34.29,
300462,3,11.83,32.46,
300462,3,29.73,79.72,
300462,4,106.55,381.47,
300462,6,443.94,2305.06,
300462,2,22.90,40.76,
300462,5,112.57,491.85,
300464,5,141.90,539.92,
300464,3,409.92,958.66,
300464,5,42.35,164.70,
300465,4,121.78,403.47,
300465,4,109.39,362.34,
300465,1,25.75,21.73,
300465,2,145.46,252.71,
300465,5,62.83,258.16,
300465,10,305.24,2530.28,
300465,3,25.25,63.45,
300465,4,60.33,194.13,
300466,4,22.56,66.02,
300466,5,17.57,61.47,
300466,3,43.70,95.77,
300466,2,203.77,301.72,
300466,5,243.12,896.38,
300466,6,491.13,2303.75,
300466,8,175.82,1033.45,
300466,2,7.48,10.46,
300467,3,74.97,203.56,
300467,3,7.94,21.92,
300467,5,47.39,202.58,
300467,3,8.30,22.00,
300467,5,23.69,96.80,
300467,2,77.09,130.87,
300467,5,83.60,353.80,
300467,6,125.66,644.82,
300467,5,85.57,378.60,
300467,9,61.24,468.24,
300467,4,22.08,77.92,
300467,2,533.46,879.66,
300467,4,7.67,26.93,
300469,3,201.93,456.84,
300469,9,243.60,1819.91,
300471,4,123.66,402.57,
300471,8,159.81,1109.61,
300471,3,19.66,49.78,
300471,6,33.99,177.93,
300471,4,135.70,442.38,
300471,3,103.97,250.66,
300472,4,25.87,96.20,
300472,4,76.30,284.64,
300472,4,54.90,206.21,
300472,5,123.82,570.47,
300472,1,230.64,214.84,
300472,1,21.98,20.66,
300472,6,300.83,1630.48,
300472,5,132.53,596.51,
300473,5,12.61,58.79,
300473,2,18.49,35.45,
300473,1,222.84,200.48,
300473,6,292.32,1585.14,
300473,5,34.91,165.69,
300475,3,96.77,260.34,
300475,4,303.66,1088.96,
300475,5,258.24,1108.75,
300475,2,19.60,35.46,
300475,3,31.48,84.10,
300475,4,111.27,377.66,
300475,4,534.99,1928.41,
300477,4,442.26,1504.16,
300477,7,109.50,592.91,
300477,7,420.42,2134.97,
300478,10,198.85,1608.74,
300478,1,64.11,53.30,
300479,5,230.16,1013.15,
300479,1,22.78,20.13,
300479,3,7.62,19.49,
300479,8,190.08,1406.84,
300479,5,102.82,429.97,
300479,3,219.60,574.96,
300479,6,298.94,1500.35,
300479,7,123.82,790.17,
300480,2,86.69,129.24,
300480,4,169.84,539.04,
300480,4,127.91,414.61,
300482,3,73.71,204.09,
300482,4,61.73,208.45,
300482,5,427.14,2012.07,
300482,4,126.06,466.71,
300482,5,65.58,299.95,
300482,5,408.24,1863.23,
300482,7,185.33,1164.32,
300483,2,85.41,144.10,
300483,3,495.21,1271.61,
300483,3,160.66,397.50,
300483,2,313.43,513.33,
300483,4,213.61,686.18,
300483,4,65.27,208.14,
300483,5,193.52,763.17,
300483,7,45.32,249.30,
300484,2,125.00,216.43,
300484,4,253.44,870.34,
300484,8,83.68,602.38,
300484,7,30.95,193.31,
300484,5,549.78,2285.96,
300484,3,64.17,165.24,
300484,1,113.63,95.55,
300484,3,400.68,1023.20,
300486,6,8.51,45.32,
300486,4,7.90,28.03,
300486,1,157.47,132.44,
300486,5,135.17,594.11,
300486,8,11.68,77.53,
300486,6,260.16,1370.52,
300487,3,13.38,32.40,
300487,2,25.20,38.36,
300487,1,78.34,58.16,
300487,4,415.80,1346.56,
300487,5,521.22,2048.12,
300487,2,8.24,13.02,
300487,4,500.82,1594.47,
300488,3,11.55,30.04,
300488,6,17.78,94.77,
300488,8,223.04,1546.48,
300488,4,118.59,377.59,
300488,7,142.27,885.18,
300488,6,34.16,173.36,
300488,3,125.80,350.65,
300488,4,23.23,80.51,
300488,1,136.75,120.10,
300488,2,123.02,221.45,
300494,2,258.48,436.33,
300494,2,433.02,721.49,
300494,4,8.64,29.19,
300494,5,107.85,445.79,
300494,5,74.58,304.21,
300494,4,34.68,104.30,
300494,2,181.28,290.63,
300494,6,32.74,173.95,
300494,1,19.46,16.11,
300494,5,11.64,45.29,
300494,3,93.98,219.33,
300494,5,209.10,874.03,
300494,2,18.11,31.36,
300494,3,25.46,65.15,
300494,4,216.48,715.30,
300497,4,23.11,68.50,
300497,8,315.32,1894.29,
300497,5,161.22,667.20,
300497,4,303.66,994.71,
300497,2,17.77,28.39,
300497,5,8.56,31.63,
300498,5,13.26,55.34,
300498,3,8.73,20.32,
300498,3,227.28,542.32,
300498,6,22.10,100.80,
300498,5,153.82,532.19,
300501,4,530.40,1759.02,
300501,4,72.93,259.24,
300501,5,203.36,901.36,
300501,4,396.90,1321.16,
300501,3,77.87,208.53,
300501,3,42.53,111.60,
300501,4,212.38,727.03,
300501,3,59.96,148.62,
300501,3,42.35,114.30,
300503,3,61.98,159.44,
300503,3,66.43,177.49,
300503,8,8.14,53.87,
300503,3,49.28,123.74,
300503,6,44.10,220.14,
300503,1,330.12,274.87,
300503,4,81.25,279.67,
300504,3,22.66,60.94,
300504,3,186.74,525.23,
300504,5,190.08,869.37,
300504,3,16.31,46.18,
300504,3,16.38,46.47,
300504,5,11.43,52.88,
300504,4,378.84,1368.34,
300504,3,13.71,37.46,
300507,4,259.44,904.51,
300507,5,192.29,824.16,
300507,2,301.46,538.91,
300507,7,98.30,610.64,
300508,4,25.18,85.56,
300508,2,48.92,86.92,
300508,4,231.12,796.33,
300508,4,162.79,597.05,
300508,5,13.44,55.38,
300508,2,8.14,14.15,
300513,6,453.60,2271.79,
300513,2,45.54,75.86,
300513,3,48.02,119.34,
300513,5,414.12,1649.97,
300513,3,44.24,109.12,
300513,3,49.28,114.94,
300513,3,135.43,318.90,
300513,5,107.50,419.50,
300514,5,188.40,910.14,
300514,4,77.32,290.88,
300514,7,391.02,2643.23,
300514,6,29.77,153.81,
300514,3,19.44,54.42,
300514,8,13.63,97.26,
300514,5,30.82,131.46,
300514,1,144.86,136.24,
300514,6,143.49,777.19,
300515,2,187.26,360.46,
300515,7,424.62,2640.15,
300515,5,12.73,58.89,
300515,2,89.57,163.22,
300515,3,169.31,456.05,
300515,2,126.50,207.30,
300516,3,43.16,107.38,
300516,9,142.03,1024.79,
300516,6,82.11,398.32,
300516,5,216.48,815.27,
300516,5,258.24,1054.27,
300516,7,455.28,2637.61,
300516,3,56.61,125.02,
300516,3,13.63,31.48,
300516,6,136.88,674.31,
300516,4,22.22,67.13,
300519,3,500.31,1328.34,
300519,5,11.38,55.33,
300519,3,542.64,1472.76,
300519,3,94.46,256.67,
300519,4,251.52,876.35,
300519,9,146.68,1189.44,
300519,6,255.36,1224.46,
300520,5,48.24,183.50,
300520,2,111.04,179.33,
300520,2,16.47,29.02,
300520,4,288.54,973.44,
300520,7,443.10,2568.82,
300521,3,437.64,1221.44,
300521,8,459.06,3509.97,
300521,5,23.74,106.16,
300521,4,48.15,178.28,
300521,2,19.78,35.77,
300521,6,17.46,92.15,
300521,2,173.54,299.72,
300523,2,12.04,19.32,
300523,4,412.44,1350.16,
300523,5,105.50,445.06,
300523,5,34.42,131.74,
300523,1,80.38,65.92,
300523,6,12.23,64.61,
300524,4,8.58,30.54,
300524,6,31.85,173.43,
300524,2,29.93,53.34,
300524,5,259.92,1238.41,
300524,5,144.10,658.22,
300525,4,214.43,703.49,
300525,4,519.69,1666.14,
300525,3,94.75,199.34,
300525,5,63.87,235.58,
300525,5,226.08,899.75,
300525,2,263.52,391.79,
300526,4,13.53,39.76,
300526,3,455.70,1120.79,
300526,5,24.05,92.77,
300527,5,224.16,1025.06,
300527,3,118.24,324.39,
300527,5,17.26,77.80,
300527,4,131.87,476.20,
300528,4,81.88,281.09,
300528,5,109.03,485.97,
300528,5,178.46,814.70,
300528,4,22.85,76.09,
300528,6,488.58,2710.04,
300529,8,334.85,2517.11,
300529,7,49.19,308.29,
300529,6,255.12,1356.32,
300529,3,21.89,59.67,
300533,6,34.82,165.25,
300533,5,17.57,71.97,
300533,5,30.16,115.84,
300533,3,444.78,1112.22,
300533,4,31.05,96.86,
300533,8,518.67,3482.82,
300533,3,178.29,446.44,
300533,1,137.81,121.40,
300534,1,118.24,91.09,
300534,4,125.53,408.97,
300534,4,73.71,226.20,
300534,5,391.02,1472.66,
300534,5,143.75,519.21,
300535,5,150.78,639.83,
300535,5,26.14,105.85,
300535,5,490.11,2197.25,
300535,5,107.38,459.80,
300537,6,26.02,140.86,
300537,8,169.31,1193.23,
300537,1,71.83,62.46,
300537,5,514.08,2394.80,
300537,5,33.46,144.82,
300537,9,128.96,983.90,
300537,4,209.31,755.99,
300537,5,58.13,259.92,
300539,5,432.18,1690.71,
300539,4,12.83,45.50,
300539,5,322.88,1372.86,
300539,4,45.00,144.76,
300539,5,12.40,57.17,
300539,4,22.78,81.35,
300539,6,477.36,2248.40,
300539,6,496.74,2347.31,
300539,4,35.41,118.88,
300540,2,18.27,35.36,
300540,2,16.25,27.18,
300540,2,21.98,40.10,
300540,5,21.82,104.00,
300540,3,525.30,1303.68,
300540,4,191.27,660.89,
300540,4,12.15,43.96,
300540,4,461.16,1676.29,
300540,4,7.51,26.48,
300540,3,558.96,1478.21,
300540,9,120.48,924.15,
300540,3,25.51,70.29,
300542,3,256.32,555.37,
300542,2,18.74,27.47,
300542,5,121.19,430.16,
300544,6,17.60,79.76,
300544,3,150.02,350.54,
300544,4,48.47,156.58,
300544,2,34.29,55.67,
300544,3,165.26,378.05,
300544,7,46.58,263.56,
300544,8,422.52,2593.04,
300544,5,177.76,726.52,
300546,9,205.62,1444.83,
300546,3,451.92,1062.95,
300546,5,12.88,48.90,
300546,7,391.44,2237.85,
300546,2,19.78,30.35,
300546,2,446.88,701.49,
300546,3,163.86,373.96,
300547,2,166.74,289.48,
300547,4,109.98,417.04,
300547,7,138.32,867.05,
300547,3,45.86,122.57,
300547,3,322.25,847.53,
300548,7,155.80,921.72,
300548,5,149.87,663.05,
300548,3,43.79,110.00,
300548,3,102.53,276.27,
300551,7,192.70,1125.02,
300551,5,462.06,1951.02,
300551,3,31.15,83.92,
300551,3,76.22,201.24,
300551,5,80.31,350.88,
300552,5,541.11,2283.09,
300552,5,19.01,79.65,
300552,4,168.61,632.15,
300552,4,103.39,368.55,
300552,5,161.12,667.36,
300552,4,554.88,1993.81,
300552,2,46.85,84.67,
300552,4,100.22,354.24,
300552,7,136.36,794.98,
300552,5,104.26,463.16,
300553,3,64.97,160.12,
300553,6,346.50,1559.08,
300553,3,113.40,286.75,
300553,4,8.50,26.92,
300553,5,107.62,382.94,
300553,2,163.25,259.89,
300553,4,417.48,1396.61,
300553,2,12.25,19.35,
300553,1,121.42,89.95,
300553,5,7.90,28.76,
300553,7,44.19,228.44,
300553,9,11.78,79.37,
300560,4,17.15,62.83,
300560,8,22.37,167.98,
300560,7,302.09,1960.99,
300560,2,71.04,128.74,
300561,6,60.09,271.35,
300561,1,76.38,62.65,
300561,3,462.06,1051.67,
300561,5,31.15,128.63,
300561,5,188.85,778.76,
300561,6,182.16,780.15,
300561,5,326.34,1365.12,
300561,5,12.59,48.11,
300561,3,118.93,280.52,
9300561,-1,76.38,-62.65,
9300561,-3,462.06,-1051.67,
300562,2,489.09,747.81,
300562,11,22.18,183.48,
300562,5,138.86,504.46,
300562,5,101.66,390.64,
300562,4,113.87,336.57,
300562,7,44.60,253.37,
300562,5,7.37,26.45,
300565,5,251.52,1029.36,
300565,6,57.95,294.08,
300565,3,7.38,18.05,
300565,4,140.71,498.29,
300565,6,7.46,38.92,
300565,3,32.01,81.68,
300565,4,74.65,280.46,
300565,1,121.19,109.18,
300565,6,109.50,578.18,
300565,3,154.89,444.64,
300565,3,47.03,116.83,
300565,5,329.18,1439.50,
300565,3,70.73,197.66,
300565,2,46.71,84.84,
300565,1,47.34,43.58,
300569,4,111.27,352.39,
300569,4,190.86,616.77,
300569,1,104.26,87.43,
300571,7,55.21,357.15,
300571,2,173.71,309.82,
300571,3,327.60,858.44,
300571,2,16.61,28.79,
300571,7,13.31,83.40,
300571,1,99.94,91.23,
300572,4,430.08,1384.66,
300572,2,211.15,309.79,
300572,2,540.60,857.54,
300572,1,251.04,186.67,
300575,2,136.80,231.13,
300575,6,17.60,89.17,
300575,7,330.44,1971.51,
300575,3,145.77,370.15,
300575,4,81.80,276.80,
300575,5,122.60,497.10,
300576,6,403.62,1943.61,
300576,4,185.68,645.14,
300576,6,180.05,904.47,
300576,7,443.94,2657.73,
300576,5,32.04,146.32,
300576,5,64.54,288.49,
300576,1,123.16,100.14,
300576,5,138.34,635.30,
300576,3,47.34,133.56,
300576,2,8.59,15.74,
300578,2,21.67,35.52,
300578,4,160.97,553.94,
300578,5,192.90,819.79,
300578,3,128.62,322.71,
300578,4,149.72,475.87,
300578,4,130.68,440.44,
300579,3,12.93,32.78,
300579,3,224.16,536.13,
300579,2,65.27,110.50,
300583,2,241.44,388.58,
300583,8,177.58,1184.02,
300583,6,176.18,847.86,
300583,3,33.23,85.40,
300583,2,87.55,143.32,
300586,4,157.02,575.84,
300586,6,7.99,41.40,
300586,4,319.73,1192.61,
300586,3,8.30,23.16,
300586,5,40.82,187.96,
300586,2,92.16,162.92,
300586,4,127.68,477.91,
300588,2,34.29,56.70,
300588,5,98.59,400.72,
300588,4,338.31,997.94,
300588,3,251.28,579.92,
300588,7,308.07,1566.72,
300588,4,254.64,827.08,
300588,3,32.08,75.12,
300588,3,225.09,548.09,
300588,2,42.84,67.82,
300592,3,186.14,432.91,
300592,4,81.09,256.18,
300592,6,22.94,100.92,
300593,7,185.32,1210.22,
300593,3,29.96,83.49,
300593,5,508.98,2316.04,
300593,6,77.09,391.61,
300593,4,71.83,244.43,
300593,4,19.75,69.97,
300593,5,41.67,190.71,
300593,8,22.94,154.40,
300593,4,8.72,29.39,
300593,4,57.10,199.24,
300593,5,8.54,36.69,
300593,3,431.34,1169.42,
300596,5,93.50,384.38,
300596,3,12.35,28.06,
300596,9,77.32,525.86,
300596,5,263.52,988.67,
300596,4,163.70,521.47,
300596,1,126.72,100.40,
300596,4,8.36,27.14,
300596,3,119.65,293.61,
300596,2,135.30,193.20,
300597,3,82.66,246.64,
300597,5,24.67,119.53,
300597,4,225.36,855.66,
300597,3,21.70,59.81,
300597,3,85.25,231.84,
300597,1,8.38,8.01,
300597,6,482.97,2812.63,
300597,5,48.02,214.02,
300600,6,235.92,1253.48,
300600,4,12.41,45.26,
300600,3,137.68,373.96,
300600,5,452.34,1987.65,
300600,5,36.10,161.34,
300600,4,65.70,224.30,
300600,4,85.57,296.53,
300600,4,542.13,2040.14,
300603,2,25.80,45.68,
300603,6,164.38,919.98,
300603,2,545.70,971.77,
300603,2,125.20,234.34,
300603,6,104.06,600.70,
300603,6,263.04,1466.89,
300603,8,130.68,995.37,
300603,2,23.26,45.04,
300603,4,66.12,250.53,
300603,4,57.71,226.88,
300605,6,163.86,827.90,
300605,3,200.70,516.85,
300605,7,85.88,523.10,
300605,3,320.99,851.41,
300605,5,66.80,283.19,
300606,5,77.79,295.36,
300606,5,437.64,1722.29,
300606,3,75.67,184.84,
300606,2,252.48,372.58,
300606,5,79.99,331.65,
300606,4,290.12,887.71,
300606,1,119.99,95.62,
300608,5,167.20,658.42,
300608,9,23.62,168.20,
300608,7,19.53,114.70,
300608,4,12.91,43.21,
300608,5,41.81,179.62,
300608,5,147.90,614.15,
300608,5,56.24,248.40,
300608,2,237.60,416.64,
300609,3,19.51,46.56,
300609,1,7.59,6.02,
300609,5,41.54,170.76,
300609,5,66.31,271.50,
300609,3,75.20,184.11,
300609,3,72.30,175.06,
300609,3,211.97,534.84,
300609,3,12.30,29.79,
300612,3,180.58,416.32,
300612,2,66.43,102.20,
300612,3,44.96,106.93,
300612,6,126.32,549.44,
300612,6,45.68,213.42,
300612,5,13.23,48.93,
300613,1,191.68,167.05,
300613,2,12.58,20.80,
300613,3,342.72,904.91,
300613,4,479.40,1706.82,
300613,5,102.24,427.86,
300613,5,62.83,281.71,
300613,3,342.41,842.85,
300613,4,55.27,197.40,
300613,3,127.78,357.00,
300615,3,109.98,282.68,
300615,3,79.60,196.30,
300615,2,18.86,31.83,
300615,4,34.88,120.67,
300615,3,205.00,536.46,
300615,4,186.55,610.81,
300615,7,316.89,1835.21,
300615,6,122.96,626.57,
300615,6,65.51,359.47,
300615,3,88.80,214.74,
300615,4,230.64,790.65,
300615,3,57.46,147.60,
300615,1,287.60,238.61,
300615,4,13.31,45.56,
300615,2,78.03,132.43,
300617,5,444.78,1631.31,
300617,5,74.50,312.12,
300617,1,81.40,62.43,
300617,3,241.92,544.18,
300617,2,22.99,32.77,
300617,4,120.25,367.03,
300618,4,16.65,57.61,
300618,7,306.18,1808.63,
300618,7,236.64,1384.30,
300618,4,22.58,78.75,
300618,4,11.69,35.89,
300618,5,228.00,902.52,
300618,2,142.16,219.20,
300621,7,8.08,43.00,
300621,2,102.43,174.17,
300621,7,89.09,527.48,
300621,5,161.22,647.09,
300621,2,18.05,27.79,
300621,3,63.38,140.75,
300621,2,154.28,248.16,
300621,3,12.40,30.55,
300621,3,211.15,521.68,
300621,2,34.85,53.80,
300624,4,31.02,88.33,
300624,3,78.03,177.95,
300624,5,292.32,1071.85,
300624,4,40.68,121.84,
300624,5,35.18,135.18,
300624,4,33.23,101.60,
300624,4,24.60,73.08,
300624,4,78.89,237.51,
300624,6,47.66,220.41,
300624,7,162.62,888.43,
300624,5,97.25,362.08,
300624,1,302.09,252.80,
300624,5,56.43,217.41,
300624,4,300.51,947.61,
300625,4,46.08,145.31,
300625,7,17.87,102.29,
300625,5,8.11,31.03,
300625,2,135.83,220.59,
300625,1,65.45,49.16,
300625,7,133.32,770.69,
300625,4,171.95,548.08,
300625,7,73.32,386.10,
300625,6,136.88,691.65,
300627,5,11.81,50.79,
300627,3,16.34,43.79,
300627,3,139.00,366.16,
300627,3,62.46,164.74,
300629,6,138.86,622.31,
300629,4,16.63,53.78,
300629,5,56.55,235.20,
300629,4,470.73,1510.42,
300631,3,21.72,60.19,
300631,7,139.92,886.06,
300631,3,65.58,165.61,
300631,2,336.42,594.42,
300631,5,18.36,77.69,
300631,4,43.70,153.86,
300631,2,44.82,77.90,
300631,5,12.41,57.84,
300633,4,94.56,344.49,
300633,6,31.02,153.99,
300634,3,100.13,273.74,
300634,5,149.72,633.12,
300634,5,44.06,189.27,
300634,5,48.69,227.02,
300635,4,106.20,364.41,
300635,5,157.78,701.72,
300635,1,16.83,13.96,
300637,7,417.90,2413.70,
300637,3,113.63,285.28,
300637,5,17.39,73.27,
300637,4,16.33,59.81,
300637,7,145.31,931.75,
300637,4,343.35,1286.96,
300637,6,46.71,244.75,
300637,7,12.41,70.61,
300638,6,21.70,104.52,
300638,1,160.69,122.55,
300638,3,11.54,27.18,
300638,1,80.54,62.93,
300638,6,307.13,1528.19,
300638,4,548.25,1794.33,
300638,6,13.14,64.12,
300638,3,201.31,494.22,
300638,5,344.61,1281.61,
300640,2,16.31,29.95,
300640,2,7.66,13.83,
300640,4,140.71,533.00,
300640,10,559.47,4934.25,
300640,4,138.93,475.01,
300643,3,164.91,451.22,
300643,2,235.44,431.99,
300643,2,308.39,524.89,
300643,5,216.24,999.79,
300643,3,249.84,632.07,
300643,4,8.72,33.02,
300643,3,42.03,114.02,
300643,4,151.09,520.11,
300643,6,173.54,956.21,
300645,3,18.83,46.54,
300645,7,56.55,350.05,
300645,2,176.00,303.61,
300645,3,191.47,480.51,
300645,7,12.49,73.38,
300645,3,82.11,212.15,
300646,3,8.14,19.31,
300646,5,117.29,466.34,
300646,2,7.28,10.48,
300646,2,191.06,307.72,
300646,4,8.26,26.21,
300647,2,254.64,379.77,
300647,9,138.73,884.37,
300647,4,32.93,98.25,
300647,3,18.67,41.19,
300647,5,56.06,201.22,
300647,5,209.51,820.81,
300648,4,16.72,51.72,
300648,5,220.79,917.84,
300648,4,43.79,149.27,
300648,5,113.04,448.43,
300648,5,161.04,729.55,
300648,2,151.09,248.94,
300648,6,84.00,423.05,
300648,5,13.43,54.04,
300650,5,546.72,1886.41,
300650,3,319.10,669.50,
300650,5,182.34,627.84,
300652,2,45.63,73.96,
300652,2,242.40,369.93,
300652,4,40.68,131.16,
300652,5,302.40,1175.50,
300652,2,42.53,64.90,
300652,7,22.49,118.36,
300652,4,192.91,626.97,
300652,10,291.06,2201.77,
300652,4,35.08,105.27,
300652,4,106.79,322.88,
300652,3,381.36,903.74,
300654,3,30.99,73.02,
300654,3,23.90,54.79,
300654,3,80.70,189.45,
300654,6,78.03,385.37,
300654,4,181.98,584.32,
300654,5,189.83,709.15,
300662,6,60.02,274.66,
300662,2,299.88,456.74,
300662,2,448.98,706.33,
300662,2,95.33,148.06,
300662,6,44.60,199.91,
300662,8,474.30,2859.52,
300662,2,216.00,331.26,
300662,4,297.99,832.58,
300662,3,292.64,673.37,
300662,2,334.85,484.19,
300662,4,48.60,146.66,
300664,1,176.18,137.66,
300664,4,201.93,645.44,
300664,6,56.43,266.89,
300664,2,90.24,142.21,
300664,6,41.00,186.33,
300664,4,8.10,25.98,
300664,5,202.95,853.24,
300664,4,192.50,638.04,
300664,6,166.32,795.54,
300664,4,190.24,612.27,
300664,5,189.90,747.34,
300664,5,34.65,137.44,
300664,2,138.93,227.81,
300664,6,72.30,337.03,
300664,4,159.63,465.13,
300665,4,167.38,591.98,
300665,3,174.06,465.66,
300665,4,23.47,82.75,
300665,7,126.26,747.77,
300665,5,158.08,678.74,
300665,6,65.21,344.57,
300665,5,345.24,1554.23,
300666,3,34.65,92.06,
300666,7,197.83,1111.63,
300666,2,174.06,285.25,
300666,7,177.06,968.46,
300666,4,154.74,497.91,
300667,3,525.81,1170.06,
300667,6,24.17,99.31,
300667,2,401.52,575.24,
300667,4,104.74,286.35,
300667,5,100.80,382.89,
300667,2,110.57,161.78,
300669,3,189.22,441.62,
300669,6,286.65,1466.37,
300669,3,256.32,667.42,
300671,8,286.34,1903.93,
300671,4,505.92,1741.81,
300671,2,240.00,376.90,
300671,6,97.34,469.18,
300671,6,123.78,592.39,
300671,3,18.85,46.26,
300671,4,431.76,1477.65,
300672,2,217.71,307.72,
300672,6,135.17,652.32,
300672,4,42.98,143.67,
300672,3,11.44,25.18,
300673,6,11.59,57.01,
300673,6,496.23,2549.46,
300673,5,8.76,36.03,
300673,3,7.22,17.95,
300673,4,417.06,1313.19,
300678,4,258.24,740.17,
300678,4,262.56,741.73,
300678,6,90.43,414.52,
300678,4,434.70,1187.82,
300678,6,19.17,88.52,
300680,6,43.47,243.87,
300680,4,65.33,232.37,
300680,6,150.33,873.73,
300680,6,7.68,43.24,
300680,3,13.75,35.19,
300681,4,217.51,770.61,
300681,4,65.09,218.99,
300681,3,8.26,22.08,
300681,6,11.73,62.70,
300681,5,12.10,51.71,
300684,9,83.45,626.75,
300684,4,46.22,160.41,
300684,8,230.40,1529.22,
300684,7,11.90,71.71,
300684,6,136.22,653.89,
300684,2,59.35,102.73,
300685,7,319.10,1884.45,
300685,2,328.55,552.50,
300685,10,165.22,1425.69,
300685,3,333.59,814.75,
300685,6,74.89,380.72,
300685,5,84.39,369.78,
300685,4,23.76,86.07,
300685,2,101.47,177.06,
300685,3,75.75,205.07,
300685,5,407.40,1685.27,
300685,3,49.50,124.21,
300685,1,21.72,18.69,
300685,7,35.24,209.07,
300687,1,86.78,68.11,
300687,2,164.01,292.02,
300687,3,29.73,76.11,
300687,3,8.36,19.46,
300687,3,30.59,77.59,
300693,4,176.00,607.11,
300693,4,44.91,153.16,
300693,4,16.61,53.97,
300693,2,182.34,302.49,
300693,6,541.11,2736.09,
300693,3,78.89,186.99,
300693,5,30.82,132.32,
300693,5,230.16,884.41,
300693,7,74.03,383.10,
300693,3,7.66,18.25,
300693,7,172.48,953.41,
300693,5,8.30,34.65,
300693,3,248.88,640.47,
300693,2,460.02,741.69,
300693,4,57.04,190.45,
300694,3,44.51,100.41,
300694,1,46.04,34.98,
300694,2,122.63,182.72,
300694,5,147.14,543.92,
300694,4,428.82,1287.04,
300695,6,137.81,629.84,
300695,4,109.98,333.89,
300695,2,184.91,269.91,
300695,2,47.03,75.01,
300698,3,29.73,74.99,
300698,8,13.21,92.53,
300698,1,17.73,15.08,
300698,8,13.08,84.56,
300698,3,222.72,592.29,
300698,4,24.36,80.53,
300700,2,33.10,56.01,
300700,3,17.82,43.41,
300700,2,13.05,19.70,
300700,2,8.73,15.14,
300700,4,329.49,1142.09,
300700,6,209.31,1072.63,
300700,7,42.35,262.88,
300700,3,134.24,364.79,
300700,6,424.62,2112.12,
300700,4,19.55,66.84,
300700,6,213.61,1061.52,
300701,1,224.16,198.42,
300701,3,7.28,20.37,
300701,6,193.25,1078.17,
300701,4,81.01,294.25,
300705,3,12.40,32.14,
300705,6,16.40,78.40,
300705,6,292.01,1433.57,
300705,5,8.42,34.48,
300705,4,122.50,397.14,
300705,2,125.53,200.38,
300705,2,206.03,339.53,
300706,3,13.08,32.99,
300706,4,62.16,223.69,
300706,4,168.26,591.93,
300706,2,243.12,404.24,
300706,4,116.70,416.73,
300707,2,62.46,90.09,
300707,3,490.11,1128.88,
300707,3,34.32,79.44,
300707,4,7.74,20.89,
300707,5,55.14,196.17,
300709,4,297.36,920.21,
300709,3,45.63,106.57,
300709,4,126.72,393.63,
300709,7,292.95,1471.66,
300709,6,514.08,2282.91,
300709,5,199.06,777.06,
300709,5,8.30,30.00,
300709,3,403.20,948.35,
300709,2,48.78,71.58,
300709,4,167.02,510.23,
300709,9,94.56,606.90,
300709,4,84.07,249.62,
300709,4,157.02,447.82,
300709,6,224.07,978.08,
300709,5,549.27,1945.74,
300712,4,18.04,59.45,
300712,3,118.24,317.65,
300712,3,96.00,268.56,
300712,6,236.64,1294.62,
300712,6,154.13,810.56,
300712,4,30.56,111.81,
300713,4,177.76,595.70,
300713,4,102.05,333.79,
300713,2,36.23,56.18,
300713,3,42.30,116.54,
300713,3,11.33,25.63,
300713,3,174.06,449.28,
300713,6,7.73,38.63,
300713,3,18.52,45.89,
300716,3,19.04,50.02,
300716,2,83.92,141.72,
300716,3,32.14,82.39,
300716,2,57.83,90.79,
300716,5,148.05,595.01,
300716,3,337.68,816.77,
300716,4,12.46,41.11,
300716,4,81.88,276.41,
300716,3,55.08,134.89,
300716,5,30.49,128.41,
300716,4,417.48,1357.49,
300717,2,481.95,812.64,
300717,3,146.68,365.06,
300717,4,86.78,280.40,
300717,6,186.96,946.63,
300717,4,145.92,497.99,
300717,4,188.32,639.24,
300717,1,72.22,54.42,
300718,3,175.65,484.92,
300718,4,197.42,732.09,
300718,3,59.54,150.63,
300718,3,16.24,43.27,
300718,4,471.24,1599.06,
300718,6,18.27,92.98,
300718,2,13.73,23.38,
300718,3,221.61,554.74,
300718,2,86.50,144.38,
300718,4,555.90,1861.27,
300719,6,198.65,1106.50,
300719,1,55.82,51.98,
300719,2,126.73,220.72,
300719,3,13.53,36.34,
300719,4,108.80,398.54,
300719,4,46.44,169.40,
300721,6,42.75,206.20,
300721,3,33.66,77.58,
300721,3,127.44,297.13,
300721,5,191.06,706.35,
300721,8,466.14,2917.97,
300722,5,119.65,496.06,
300722,4,143.35,442.39,
300722,2,417.90,706.62,
300727,6,16.27,79.63,
300727,6,13.46,62.01,
300727,5,83.13,328.47,
300727,2,17.14,24.60,
300727,4,31.61,102.32,
300727,5,85.96,315.55,
300727,3,115.88,269.62,
300728,5,16.83,69.17,
300728,5,233.52,1050.87,
300728,8,550.29,3651.78,
300728,8,177.23,1207.71,
300728,5,35.11,146.99,
300728,4,72.22,258.70,
300728,5,66.06,281.50,
300728,5,291.06,1195.23,
300728,4,83.84,286.00,
300728,2,139.69,246.88,
300728,5,203.98,915.64,
300729,6,13.36,72.14,
300729,2,111.51,198.70,
300729,3,34.09,94.76,
300729,3,143.03,397.41,
300730,4,523.77,1587.15,
300730,11,76.30,695.54,
300730,6,17.62,85.27,
300730,3,129.36,283.89,
300731,6,32.41,153.90,
300731,2,500.82,810.31,
300731,6,35.11,162.74,
300731,5,224.48,913.14,
300731,4,341.78,1067.03,
300731,6,34.02,157.10,
300731,4,153.22,480.71,
300731,3,13.71,33.12,
300731,6,21.91,99.34,
300735,4,196.39,702.02,
300735,5,189.38,840.10,
300735,3,219.12,610.96,
300735,1,95.52,79.88,
300742,6,85.72,470.96,
300742,3,13.48,38.54,
300742,3,442.68,1250.73,
300743,3,8.42,19.86,
300743,2,126.85,195.84,
300743,4,552.33,1887.84,
300743,2,12.28,20.39,
300743,4,36.10,118.46,
300744,2,158.54,253.59,
300744,3,138.62,335.82,
300744,4,150.63,455.15,
300744,3,143.94,356.58,
300745,4,16.99,55.20,
300745,3,21.67,51.28,
300745,3,7.71,18.41,
300745,2,164.16,295.91,
300745,4,295.16,1036.92,
300747,2,203.77,340.71,
300747,3,229.44,568.77,
300747,2,13.41,23.06,
300747,3,174.94,407.09,
300747,3,102.14,248.59,
300749,4,220.32,798.70,
300749,3,33.73,86.27,
300749,2,18.13,31.94,
300751,3,187.79,497.66,
300751,6,248.64,1255.74,
300753,3,168.78,452.88,
300753,6,134.64,695.19,
300753,1,246.00,220.23,
300753,2,18.90,32.94,
300753,5,292.01,1324.81,
300753,5,112.34,512.41,
300753,3,182.34,488.50,
300753,6,40.82,200.15,
300755,7,140.45,783.97,
300755,5,60.33,248.90,
300755,3,49.14,131.81,
300755,7,24.02,133.20,
300755,4,12.28,40.69,
300755,3,65.58,166.19,
300755,6,220.79,1074.38,
300756,5,114.22,424.48,
300756,3,222.02,499.12,
300756,6,155.04,717.41,
300756,3,26.23,58.68,
300756,3,162.79,354.51,
300756,9,159.30,1150.99,
300756,5,32.04,120.97,
300756,6,95.04,383.30,
300757,6,176.70,1051.69,
300757,4,300.83,1093.51,
300757,6,399.42,2224.25,
300759,2,7.30,13.56,
300759,7,220.17,1412.87,
300759,2,138.73,256.66,
300759,4,130.94,491.15,
300759,2,19.39,35.92,
300760,6,79.13,357.76,
300760,5,166.32,703.44,
300760,3,455.70,1060.45,
300760,1,86.98,68.60,
300760,3,208.28,483.23,
300760,5,83.45,298.10,
300760,4,32.41,101.69,
300760,6,395.22,1981.48,
300760,7,121.89,663.87,
300760,3,327.92,812.07,
300760,2,30.26,48.84,
300760,2,448.14,696.24,
300760,7,163.40,957.56,
300760,3,21.86,51.79,
300760,6,23.42,108.83,
300761,7,7.40,44.22,
300761,4,62.34,225.97,
300761,2,479.40,791.16,
300761,4,104.74,382.28,
300761,6,21.89,113.47,
300761,8,46.67,357.70,
300763,2,101.95,147.90,
300763,5,299.57,1116.32,
300763,4,23.52,67.97,
300763,4,532.44,1579.34,
300763,6,24.48,102.79,
300763,7,11.26,53.13,
300763,4,60.88,179.50,
300763,7,510.51,2555.74,
300763,4,16.78,49.17,
300764,3,260.64,667.25,
300764,4,492.66,1656.44,
300764,1,117.41,103.55,
300766,7,220.08,1268.34,
300766,1,105.50,91.35,
300766,5,13.49,56.34,
300766,4,129.23,450.58,
300766,2,143.09,234.77,
300766,4,128.70,435.38,
300766,4,18.34,58.44,
300767,4,22.90,75.09,
300767,5,48.24,215.23,
300767,7,114.93,711.54,
300767,5,12.14,51.09,
300767,5,34.65,147.07,
300768,3,35.94,94.97,
300768,5,181.28,774.07,
300768,5,58.93,255.14,
300768,5,203.98,834.42,
300768,4,71.04,250.06,
300768,4,185.50,628.32,
300768,5,25.94,118.24,
300769,3,66.86,182.28,
300769,3,186.74,538.33,
300769,6,144.86,769.55,
300769,4,7.50,28.79,
300769,2,412.02,782.33,
300769,4,138.86,509.20,
300770,9,130.15,977.83,
300770,6,26.28,135.51,
300770,3,191.14,476.72,
300770,2,459.90,737.51,
300770,3,400.26,951.61,
300770,4,170.72,554.00,
300770,5,131.47,509.42,
300770,6,100.03,566.86,
300772,6,88.03,464.67,
300772,4,160.69,557.81,
300772,5,401.52,1789.53,
300772,9,187.79,1498.43,
300772,5,198.03,934.87,
300772,5,12.53,54.53,
300775,4,438.06,1461.44,
300775,3,79.60,208.42,
300775,6,21.70,107.00,
300775,5,121.31,534.89,
300776,3,85.49,225.47,
300776,7,92.83,556.95,
300776,2,398.58,694.58,
300778,5,87.07,386.45,
300778,5,42.03,183.80,
300778,5,154.74,642.26,
300778,6,223.04,1192.02,
300778,3,115.29,305.68,
300778,6,157.47,846.13,
300778,4,76.15,279.55,
300778,1,24.72,21.33,
300778,2,199.88,363.26,
300778,5,441.84,1950.00,
300778,5,184.91,837.83,
300778,6,7.36,39.85,
300779,4,538.05,1771.56,
300779,7,23.93,133.19,
300779,4,48.15,144.02,
300779,4,384.72,1137.89,
300779,7,22.15,127.84,
300779,2,12.45,20.70,
300779,6,239.76,1198.98,
300779,8,160.97,1045.85,
300779,3,124.08,281.23,
300779,7,40.86,240.20,
300779,2,16.70,27.11,
300779,3,158.99,345.43,
300780,4,65.51,212.52,
300780,4,187.37,600.81,
300780,5,45.59,187.88,
300781,4,24.60,75.35,
300781,4,23.04,79.89,
300781,5,62.46,265.58,
300781,3,553.35,1296.62,
300781,6,44.96,225.21,
300781,2,413.28,645.43,
300785,3,86.88,232.18,
300785,3,67.04,174.49,
300785,4,189.90,670.41,
300785,5,17.21,69.53,
300785,4,303.98,980.20,
300785,3,160.51,413.24,
300785,2,18.07,32.45,
300785,3,61.00,159.81,
300785,4,392.70,1248.38,
300786,6,47.93,221.29,
300786,2,86.88,134.63,
300786,3,218.94,493.20,
300786,4,322.88,1001.84,
300786,5,7.32,28.29,
300791,2,47.03,73.74,
300791,3,200.90,443.98,
300791,4,8.48,26.79,
300793,3,107.50,267.17,
300793,6,163.86,837.07,
300793,2,22.92,37.99,
300793,2,33.50,55.37,
300793,6,24.50,123.81,
300793,2,158.08,264.54,
300796,4,60.27,182.34,
300796,7,155.80,837.73,
300796,8,129.21,936.76,
300800,7,49.46,277.08,
300800,7,8.09,47.38,
300800,3,12.55,29.87,
300800,5,343.67,1275.79,
300802,5,78.03,338.98,
300802,4,36.10,122.26,
300802,4,150.18,527.18,
300802,3,32.54,80.95,
300802,5,334.22,1501.91,
300802,6,129.56,675.52,
300802,2,160.21,286.47,
300806,3,203.98,448.26,
300806,6,144.80,663.68,
300806,1,66.49,48.13,
300806,6,94.18,457.22,
300806,3,8.29,17.96,
300806,7,12.44,71.81,
300806,2,88.61,139.88,
300806,2,36.00,56.43,
300806,2,96.96,147.26,
300806,4,25.27,78.79,
300810,6,322.88,1675.30,
300810,4,48.56,175.87,
300810,5,11.80,50.11,
300810,5,161.27,700.30,
300810,2,412.86,726.69,
300810,4,208.49,693.23,
300811,6,115.17,608.62,
300811,2,17.75,30.62,
300811,4,21.91,72.06,
300811,2,93.60,166.04,
300811,5,32.44,132.86,
300815,4,115.40,369.41,
300815,5,122.23,523.78,
300815,2,76.38,127.02,
300815,6,59.72,312.61,
300815,8,7.67,55.14,
300815,4,118.24,395.63,
300815,1,321.30,284.88,
300816,2,56.00,97.67,
300816,2,561.00,971.88,
300816,6,46.80,248.25,
300817,8,92.35,605.76,
300817,5,8.09,33.41,
300817,2,241.68,428.62,
300817,4,242.88,765.24,
300817,5,11.40,46.51,
300817,5,245.76,1045.12,
300817,4,12.61,42.40,
300819,4,103.49,303.39,
300819,5,55.45,212.29,
300819,3,175.82,405.50,
300825,6,46.13,213.38,
300825,4,7.57,21.65,
300825,2,22.56,32.56,
300825,2,23.71,34.71,
300825,3,170.90,377.35,
300825,2,16.20,21.51,
300825,6,71.75,318.86,
300825,4,126.97,364.23,
300825,4,514.08,1566.33,
300831,2,12.56,21.02,
300831,6,184.62,901.96,
300831,10,346.19,2696.27,
300831,4,223.04,760.75,
300831,3,123.95,311.72,
300831,5,293.58,1226.98,
300831,4,192.54,640.94,
300835,6,11.60,64.18,
300835,2,176.35,287.43,
300835,5,63.81,297.51,
300835,6,159.98,843.75,
300835,2,23.45,43.91,
300835,4,13.11,45.22,
300835,6,19.30,101.47,
300840,3,434.70,1079.73,
300840,2,325.71,457.45,
300840,3,540.09,1173.99,
300840,5,143.64,518.40,
300840,3,56.06,123.90,
300840,1,42.35,32.57,
300843,4,21.60,74.54,
300843,4,122.25,446.51,
300843,2,11.71,19.26,
300843,3,193.32,489.13,
300843,4,13.60,44.22,
300843,6,11.58,58.40,
300844,5,7.35,27.58,
300844,2,389.76,589.13,
300844,4,201.93,648.64,
300844,4,97.25,270.84,
300844,3,44.82,99.87,
300845,4,108.80,346.63,
300845,5,61.73,262.48,
300845,4,31.09,102.05,
300845,5,11.79,51.21,
300845,1,77.40,64.09,
300845,5,260.64,1068.30,
300845,5,215.25,872.50,
300845,2,7.58,13.26,
300845,5,13.71,58.61,
300846,3,23.23,65.20,
300846,3,7.30,20.93,
300846,5,95.14,439.51,
300846,3,26.18,70.07,
300846,6,92.26,488.34,
300846,4,16.90,58.68,
300846,7,12.11,80.06,
300846,4,24.34,91.96,
300846,6,192.02,999.42,
300846,2,71.67,131.38,
300846,7,42.12,267.26,
300848,2,8.32,12.98,
300848,4,7.81,23.39,
300848,3,18.14,39.48,
300848,10,430.92,3235.15,
300848,4,72.85,202.73,
300848,4,102.24,325.87,
300848,5,217.92,844.73,
300848,2,239.04,354.88,
300848,3,325.08,752.43,
300850,2,258.24,489.49,
300850,6,334.22,1986.67,
300850,4,12.35,42.40,
300850,5,88.61,401.18,
300850,5,304.61,1442.51,
300850,3,91.39,247.66,
300850,5,7.46,30.36,
300850,7,197.83,1273.59,
300850,5,32.01,147.01,
300853,7,12.25,74.87,
300853,6,258.24,1382.94,
300853,2,42.12,75.53,
300853,1,47.70,40.61,
300855,3,17.24,45.44,
300855,4,249.36,882.34,
300857,7,218.16,1190.70,
300857,2,16.65,25.82,
300857,3,239.04,527.71,
300857,3,24.00,58.01,
300857,2,57.22,79.86,
300857,3,49.32,114.18,
300857,4,180.22,539.43,
300858,6,44.78,229.45,
300858,5,8.61,34.75,
300858,5,22.90,100.37,
300858,5,219.60,911.52,
300858,2,92.45,150.05,
300858,3,11.50,29.38,
300858,3,191.68,474.06,
300858,3,91.68,235.95,
300858,3,164.03,403.91,
300858,4,312.80,992.25,
300858,3,122.10,310.17,
300861,4,429.24,1264.19,
300861,4,263.04,797.07,
300861,7,24.55,126.55,
300861,4,119.06,347.29,
300862,3,458.64,1156.51,
300862,3,34.88,93.17,
300863,2,64.36,113.36,
300863,7,253.68,1500.92,
300863,3,91.49,218.49,
300863,2,23.50,41.54,
300863,4,12.03,43.88,
300864,6,213.41,1020.46,
300864,7,7.57,40.39,
300864,4,93.50,291.57,
300864,4,552.33,1748.97,
300864,6,132.53,609.38,
300864,4,393.12,1099.81,
300864,5,116.82,440.30,
300866,4,119.65,385.69,
300866,3,35.11,84.40,
300866,4,102.62,325.66,
300866,6,44.82,212.86,
300866,2,136.49,229.71,
300866,2,437.22,708.81,
300866,4,25.99,80.99,
300866,5,47.75,199.23,
300866,3,8.66,21.18,
300866,4,171.25,546.81,
300867,8,56.12,414.71,
300867,2,393.54,684.26,
300867,6,517.14,2730.61,
300867,3,113.04,292.90,
300867,4,544.17,2045.40,
300867,5,40.68,188.56,
300867,4,12.89,43.56,
300871,5,59.72,198.34,
300871,6,133.72,613.97,
300871,3,22.27,50.53,
300871,4,332.33,999.73,
300871,5,8.29,31.78,
300871,2,12.41,20.52,
300873,2,88.13,135.76,
300873,5,329.18,1349.44,
300873,2,219.84,350.31,
300876,2,143.94,228.24,
300876,4,17.69,55.22,
300876,6,516.12,2094.65,
300876,4,56.79,178.91,
300876,5,23.11,89.88,
300876,3,417.06,942.52,
300877,2,25.37,47.45,
300877,5,22.10,98.88,
300877,3,181.63,519.11,
300877,4,89.76,315.99,
300877,2,217.68,397.14,
300877,4,7.34,25.98,
300877,3,25.25,65.22,
300877,2,13.68,26.09,
300877,2,22.97,41.77,
300877,6,183.22,990.56,
300878,6,445.20,2454.22,
300878,4,179.17,643.73,
300878,2,13.29,23.10,
300878,5,383.04,1806.87,
300878,4,71.59,269.70,
300878,2,306.81,517.83,
300878,7,220.17,1378.32,
300880,3,71.36,181.84,
300880,3,153.06,383.40,
300880,3,44.01,109.81,
300880,1,77.87,64.26,
300880,5,30.66,123.45,
300884,5,56.97,248.77,
300884,7,245.52,1373.40,
300884,5,236.40,984.80,
300884,6,33.33,164.66,
300884,3,43.07,105.33,
300884,4,80.31,276.43,
300884,3,33.46,82.68,
300885,3,97.63,234.55,
300885,4,82.97,240.53,
300885,3,145.92,326.21,
300885,4,434.28,1268.58,
300885,1,34.35,26.85,
300885,5,66.55,247.50,
300885,6,42.71,184.42,
300885,3,26.04,54.89,
300885,7,402.36,1968.35,
300885,3,143.22,346.49,
300886,6,74.18,368.79,
300886,2,147.90,255.42,
300886,4,169.49,572.71,
300886,4,99.84,297.98,
300886,4,456.54,1478.53,
300886,3,18.20,48.69,
300886,3,262.32,683.89,
300886,5,393.12,1491.07,
300886,5,34.42,133.50,
300886,2,207.05,340.37,
300887,5,560.49,2677.92,
300887,2,17.93,31.52,
300887,5,223.45,1002.48,
300888,6,116.58,565.38,
300888,5,119.30,518.64,
300888,4,7.98,25.07,
300888,2,8.58,13.41,
300888,4,165.68,575.16,
300888,6,321.62,1670.22,
300888,5,488.58,1923.26,
300888,2,222.24,379.88,
300888,4,420.84,1414.31,
300888,2,243.60,387.29,
300888,2,12.03,21.03,
300889,4,160.34,536.25,
300889,5,320.04,1297.49,
300889,6,22.18,110.83,
300889,4,194.75,641.48,
300889,7,79.76,462.65,
300889,6,154.74,838.38,
300890,5,104.54,469.37,
300890,3,328.23,814.43,
300890,4,236.88,791.55,
300890,3,11.40,28.79,
300890,5,64.23,270.56,
300890,1,57.71,48.96,
300891,3,299.57,673.98,
300891,5,7.78,27.52,
300891,4,66.98,190.84,
300892,3,78.74,183.25,
300892,4,462.06,1306.40,
300892,8,13.21,85.12,
300892,13,24.91,243.77,
300892,3,243.60,581.83,
300893,4,34.68,106.79,
300893,2,139.23,221.60,
300893,3,8.52,19.14,
300893,5,8.07,30.18,
300893,3,188.67,425.36,
300894,1,60.88,54.07,
300894,3,166.14,438.66,
300894,2,337.05,618.90,
300894,4,8.61,30.99,
300894,5,33.26,136.18,
300895,6,184.10,953.97,
300895,1,525.30,449.87,
300895,3,30.00,80.08,
300898,3,75.05,164.01,
300898,5,128.38,514.79,
300898,6,12.78,58.12,
300898,3,541.11,1231.03,
300901,5,65.70,279.12,
300901,7,314.69,1810.72,
300901,3,123.07,338.06,
300901,6,13.03,70.25,
300901,5,126.72,582.98,
300901,5,36.10,160.19,
300901,4,11.93,43.49,
300901,5,128.70,561.36,
300902,1,17.96,14.76,
300902,5,471.24,1871.66,
300902,3,94.37,235.80,
300902,5,40.95,170.64,
300902,6,167.02,831.78,
300902,3,22.56,58.15,
300903,4,137.41,409.24,
300903,4,45.05,127.15,
300903,3,191.14,435.89,
300903,4,142.16,420.63,
300903,4,25.32,78.30,
300904,2,524.79,834.76,
300904,3,508.47,1168.55,
300904,4,87.17,259.21,
300904,3,61.00,133.19,
300904,2,79.83,120.83,
300904,6,18.31,82.54,
300905,5,314.06,1248.95,
300905,5,46.26,191.63,
300905,6,127.51,580.93,
300905,9,12.08,87.69,
300905,3,126.98,279.61,
300905,2,77.72,113.00,
300905,4,211.97,655.10,
300905,4,460.74,1388.64,
300907,2,48.06,74.31,
300907,4,315.63,1015.41,
300907,7,34.49,201.19,
300907,7,124.49,693.49,
300907,3,345.87,827.73,
300907,5,541.11,2005.28,
300907,5,80.31,315.05,
300907,3,103.49,241.67,
300907,6,41.31,188.81,
300907,2,105.22,163.10,
300909,5,165.09,730.76,
300909,7,179.70,1094.57,
300909,7,124.61,814.67,
300909,6,32.37,169.82,
300909,4,106.91,365.62,
300909,3,143.09,395.10,
300909,4,436.38,1663.75,
300909,2,341.15,653.99,
300909,7,222.72,1342.92,
300909,4,47.61,152.48,
300915,6,252.48,1196.33,
300915,5,134.77,569.71,
300915,3,17.42,41.71,
300915,3,87.07,200.87,
300915,3,433.44,993.95,
300915,2,41.94,63.70,
300916,2,465.63,784.22,
300916,4,19.26,65.88,
300916,4,250.32,906.68,
300916,2,138.02,246.41,
300916,5,12.61,52.48,
300916,5,12.83,55.92,
300916,4,109.03,405.80,
300916,4,201.93,698.50,
300916,3,164.91,427.78,
300916,4,156.10,539.28,
300916,4,63.44,211.54,
300916,5,11.65,50.78,
300916,5,84.00,389.44,
300916,7,59.29,370.98,
300919,2,57.04,89.10,
300919,6,209.31,1036.24,
300919,4,165.53,523.29,
300919,6,125.93,579.80,
300919,4,220.32,726.56,
300919,2,23.16,39.34,
300919,5,121.07,478.72,
300919,2,12.39,19.56,
300919,4,254.40,726.00,
300919,5,59.78,220.41,
300919,7,25.06,135.28,
300919,3,48.74,114.13,
300920,3,102.82,242.97,
300920,3,82.11,196.74,
300920,4,82.90,268.93,
300920,5,497.76,2122.51,
300920,6,98.59,478.10,
300920,2,128.62,220.61,
300920,4,17.01,58.50,
300920,3,124.61,309.44,
300920,4,221.52,714.33,
300920,1,396.06,293.10,
300920,3,406.14,952.34,
300921,2,11.94,20.96,
300921,5,147.90,587.14,
300921,3,420.42,1039.61,
300921,5,13.45,55.99,
300921,3,74.34,191.14,
300921,8,73.48,503.59,
300921,6,456.12,2460.45,
300921,4,342.09,1219.27,
300921,3,149.11,356.46,
300923,4,19.04,58.92,
300923,2,138.32,232.52,
300923,4,248.88,844.82,
300923,4,72.77,238.75,
300923,4,13.20,44.49,
300924,3,241.44,579.03,
300924,5,144.25,572.13,
300924,1,203.36,159.47,
300924,4,102.91,285.04,
300924,3,44.19,101.69,
300924,3,222.48,490.16,
300924,5,35.61,141.46,
300924,4,23.66,72.48,
300924,7,166.14,904.38,
300924,3,174.59,453.64,
300924,2,254.16,379.16,
300924,4,18.36,56.12,
300926,1,44.96,40.65,
300926,4,216.96,739.35,
300926,5,55.75,259.10,
300926,3,78.74,203.02,
300926,3,19.51,49.16,
300926,4,192.70,665.68,
300926,2,441.84,762.29,
300926,2,30.72,55.23,
300926,7,532.44,3345.19,
300926,2,17.82,30.98,
300926,4,299.57,1085.76,
300926,5,91.78,381.56,
300926,3,134.38,336.92,
300927,7,87.46,573.23,
300927,4,461.55,1560.07,
300927,4,468.69,1567.90,
300927,5,11.54,50.83,
300927,4,59.05,188.97,
300927,5,8.24,34.54,
300927,4,210.13,748.63,
300928,3,342.09,887.11,
300928,3,160.16,469.34,
300928,3,491.13,1202.40,
300928,2,391.02,635.11,
300929,5,220.79,884.45,
300929,5,12.41,49.73,
300929,3,49.28,127.31,
300929,4,157.93,482.74,
300929,5,121.18,487.98,
300929,4,18.50,58.96,
300929,2,86.88,145.73,
300929,3,217.10,495.38,
300929,3,243.36,613.21,
300929,4,8.39,29.16,
300929,3,193.11,475.37,
300930,3,418.74,907.87,
300930,6,253.44,1259.56,
300930,3,105.22,242.63,
300930,7,32.08,167.96,
300930,6,16.96,71.75,
300930,4,120.71,363.53,
300930,4,323.82,960.78,
300930,5,34.09,123.52,
300930,3,12.38,25.09,
300931,4,92.54,276.86,
300931,9,156.26,1081.27,
300931,5,122.10,518.59,
300931,4,193.25,625.90,
300931,3,13.53,33.37,
300932,2,34.25,53.16,
300932,3,428.40,945.34,
300932,3,184.45,433.34,
300932,7,425.46,2290.86,
300932,3,82.19,185.06,
300933,2,77.87,114.88,
300933,4,7.90,25.53,
300933,2,105.31,145.47,
300933,3,399.42,835.67,
300933,6,337.68,1571.46,
300933,10,86.78,682.99,
300934,2,324.14,530.03,
300934,6,59.35,268.63,
300934,3,7.37,15.93,
300934,3,99.84,236.10,
300937,2,223.68,413.69,
300937,4,294.53,1023.24,
300937,5,58.68,248.09,
300937,5,504.39,2155.66,
300937,4,19.46,66.56,
300937,4,437.22,1553.67,
300937,4,35.18,124.01,
300937,5,506.43,2111.57,
300937,4,26.33,90.29,
300937,4,59.17,209.09,
300938,3,226.80,516.15,
300938,2,56.36,87.10,
300940,3,7.44,20.66,
300940,6,98.59,498.20,
300940,2,443.10,785.15,
300940,5,455.70,2087.02,
300940,3,130.94,349.58,
300941,2,536.01,972.13,
300941,3,448.14,1258.23,
300941,5,30.82,139.88,
300941,7,235.44,1471.06,
300941,5,42.71,201.67,
300941,5,17.69,79.72,
300941,7,22.90,147.62,
300945,3,294.53,692.41,
300945,5,23.18,92.84,
300945,3,12.60,26.51,
300945,4,8.14,25.28,
300945,6,46.26,195.10,
300945,2,7.87,11.59,
300946,2,428.40,720.97,
300946,4,23.30,79.62,
300946,3,545.19,1476.45,
300947,4,182.51,623.82,
300947,5,221.20,986.92,
300947,4,134.64,453.76,
300947,12,12.94,138.57,
300947,7,13.64,86.55,
300947,3,72.30,187.28,
300950,3,136.62,287.56,
300950,4,62.95,200.35,
300950,3,18.70,41.37,
300950,5,262.80,1039.61,
300950,5,42.57,156.51,
300950,4,34.02,106.06,
300950,4,61.79,191.56,
300951,5,152.30,593.95,
300951,4,100.42,311.90,
300951,4,59.54,185.93,
300951,5,80.46,308.55,
300951,3,393.96,880.79,
300954,5,89.28,361.02,
300954,6,123.82,579.27,
300954,4,25.78,84.40,
300954,2,23.78,38.93,
300956,4,44.96,150.33,
300956,3,100.22,250.09,
300956,4,23.71,79.91,
300956,3,132.79,298.33,
300956,7,7.94,47.25,
300956,3,461.58,1154.24,
300956,5,29.87,125.77,
300956,1,98.59,82.02,
300956,3,33.20,77.63,
300958,4,42.12,151.89,
300958,3,11.79,30.39,
300958,3,470.73,1165.84,
300958,4,118.00,410.77,
300958,5,17.78,72.18,
300958,5,117.88,499.94,
300958,2,78.11,125.63,
300959,5,80.70,324.39,
300959,5,117.41,487.37,
300959,3,436.80,1054.10,
300959,4,224.68,781.87,
300959,2,57.46,94.01,
300959,6,48.60,247.93,
300959,5,8.70,33.99,
300959,3,81.25,190.44,
300960,9,55.75,440.10,
300960,3,555.39,1444.49,
300960,4,175.47,611.81,
300960,3,99.84,253.22,
300960,3,56.18,150.41,
300960,4,235.92,786.87,
300962,5,19.44,81.81,
300962,3,120.36,301.35,
300962,3,232.80,611.86,
300962,4,203.16,714.65,
300962,6,7.21,37.09,
300962,5,221.28,965.39,
300962,3,383.46,937.55,
300962,3,22.32,58.09,
300962,2,66.25,108.11,
300964,3,142.42,319.62,
300964,3,104.74,247.94,
300964,4,32.57,98.66,
300964,3,83.21,191.38,
300964,3,8.68,20.35,
300964,6,159.10,699.28,
300964,4,96.00,318.76,
300964,6,58.26,249.40,
300964,3,12.05,29.34,
300964,3,75.75,168.55,
300964,3,42.39,96.37,
300964,3,146.07,347.36,
300964,1,143.49,105.34,
300966,4,41.63,142.68,
300966,8,193.60,1322.58,
300966,4,171.78,571.57,
300966,1,243.60,208.50,
300967,1,22.61,17.45,
300967,5,202.34,756.55,
300967,3,451.92,1001.92,
300967,2,206.85,322.97,
300967,5,153.22,597.63,
300967,3,62.77,138.55,
300967,9,543.15,3779.52,
300967,6,143.09,618.19,
300967,4,55.69,189.42,
300967,2,479.91,806.79,
300967,9,26.02,163.14,
300968,5,41.90,195.70,
300968,5,18.54,88.57,
300968,3,425.04,1168.93,
300968,7,8.55,53.60,
300968,6,403.62,2179.44,
300968,9,119.86,1055.12,
300968,3,305.24,778.80,
300968,7,140.98,886.56,
300968,4,65.70,243.14,
300968,1,11.35,10.01,
300972,4,432.18,1501.02,
300972,5,160.51,672.36,
300972,5,527.85,2393.18,
300972,3,311.22,826.81,
300972,5,33.43,143.59,
300972,1,84.39,69.81,
300972,8,61.31,448.58,
300972,3,155.04,370.73,
300972,4,223.44,785.62,
300972,2,110.92,169.40,
300973,7,291.69,1734.49,
300973,4,44.51,150.85,
300973,5,453.60,1975.60,
300973,1,200.08,167.21,
300973,5,191.88,830.49,
300973,3,74.18,177.86,
300973,3,12.99,32.66,
300974,6,139.92,766.74,
300974,3,257.04,703.86,
300974,5,93.02,385.58,
300974,4,231.60,820.92,
300974,3,201.93,544.67,
300974,2,324.14,529.88,
300975,2,164.77,268.37,
300975,4,13.04,42.82,
300975,7,19.46,112.58,
300975,4,501.33,1598.06,
300977,6,314.37,1502.76,
300977,1,21.96,18.43,
300977,5,503.37,2095.63,
300977,5,333.59,1421.19,
300977,3,139.99,353.59,
300977,4,382.20,1283.02,
300977,5,192.54,849.45,
300977,5,62.34,256.93,
300977,6,121.42,621.79,
300980,8,230.88,1416.34,
300980,4,426.30,1348.91,
300981,4,48.24,171.98,
300981,4,89.86,319.32,
300981,4,167.05,571.85,
300981,6,99.94,494.15,
300981,1,11.98,10.64,
300981,3,144.80,348.35,
300981,3,127.38,329.65,
300981,7,130.55,863.43,
300981,5,19.40,80.88,
300982,5,42.35,182.83,
300982,5,391.02,1671.49,
300982,2,61.00,106.32,
300982,3,142.58,344.74,
300982,4,95.81,347.95,
300982,3,235.44,580.72,
300982,3,498.78,1254.73,
300983,10,19.60,176.73,
300983,4,22.56,75.54,
300983,6,115.52,614.85,
300983,4,164.46,576.37,
300983,2,8.22,14.06,
300984,3,224.27,565.92,
300984,2,7.82,13.88,
300984,4,495.72,1747.13,
300984,4,65.03,242.35,
300984,3,79.52,212.26,
300984,4,205.62,739.23,
300984,4,142.12,519.13,
300984,7,8.29,52.57,
300984,5,186.96,852.66,
300985,2,402.78,673.30,
300985,8,181.98,1163.56,
300985,3,12.65,29.73,
300985,2,16.29,23.79,
300985,3,126.19,301.53,
300985,5,208.49,791.15,
300985,6,220.08,1023.41,
300985,2,127.91,203.40,
300985,6,461.04,2049.86,
300985,3,18.50,42.34,
300985,3,470.22,1065.48,
300985,1,207.46,161.19,
300988,5,100.61,450.94,
300988,4,8.18,27.81,
300988,3,81.88,204.35,
300988,5,206.85,860.89,
300988,4,48.15,154.54,
300988,1,243.84,209.05,
300988,2,21.98,35.80,
300988,5,73.40,300.68,
300988,5,22.82,100.26,
300990,4,121.66,412.37,
300990,4,408.66,1368.17,
300990,8,101.86,716.89,
300990,6,18.67,93.36,
300990,4,16.83,60.93,
300990,4,8.65,26.38,
300992,5,23.64,98.08,
300992,5,192.90,829.91,
300992,1,162.94,140.31,
300992,3,19.69,49.66,
300992,5,167.73,720.25,
300992,3,124.84,339.66,
300992,8,17.51,128.36,
300992,8,72.69,500.20,
300993,7,43.07,268.75,
300993,2,412.44,796.65,
300993,3,45.18,114.79,
300993,2,33.69,57.56,
300993,1,541.62,462.58,
300996,3,202.34,553.49,
300996,3,306.18,786.62,
300996,5,105.31,512.14,
300996,2,121.30,216.26,
300996,3,438.90,1262.78,
300996,8,216.48,1654.22,
300996,5,296.10,1408.51,
300997,4,26.30,78.80,
300997,4,30.92,101.33,
300997,7,34.49,177.24,
301003,4,161.74,445.19,
301003,4,486.03,1452.83,
301003,2,111.86,167.00,
301003,5,460.53,1751.13,
301005,5,7.57,30.98,
301005,4,226.32,724.23,
301005,3,127.51,272.94,
301005,5,32.37,124.93,
301009,5,392.70,1643.27,
301009,6,44.91,232.69,
301009,5,201.31,825.21,
301009,3,25.18,65.12,
301009,7,30.36,182.24,
301009,3,106.91,273.45,
301009,2,222.24,344.63,
301009,5,127.32,550.66,
301009,4,30.76,94.45,
301010,5,166.14,631.68,
301010,2,62.83,103.36,
301010,4,83.13,253.75,
301010,5,30.16,118.57,
301010,2,139.66,212.50,
301010,1,324.45,270.49,
301011,4,56.24,204.29,
301011,3,499.29,1477.18,
301012,3,90.24,197.42,
301012,5,158.75,561.86,
301012,6,24.22,99.75,
301013,5,12.93,53.21,
301013,3,47.75,116.45,
301013,3,144.01,326.28,
301013,4,436.80,1466.01,
301013,6,11.41,54.64,
301013,3,11.38,26.50,
301013,5,7.60,30.53,
301013,6,153.06,708.15,
301013,6,19.22,100.22,
301014,3,43.25,112.59,
301014,4,8.26,28.26,
301014,2,73.24,113.29,
301014,4,12.19,39.78,
301014,7,13.60,83.12,
301014,5,291.06,1319.04,
301014,6,59.35,304.34,
301014,7,139.08,859.13,
301014,3,46.13,127.57,
301014,7,32.21,205.35,
301014,3,139.54,353.17,
301022,5,481.44,1664.96,
301022,3,303.03,703.34,
301022,2,120.95,185.37,
301022,1,62.10,47.51,
301022,3,141.37,313.38,
301022,4,293.58,876.21,
301022,10,193.52,1422.47,
301022,2,127.09,192.92,
301022,3,17.91,40.48,
301022,3,147.14,348.51,
301023,4,87.55,313.60,
301023,3,103.87,278.79,
301023,3,477.36,1302.83,
301023,3,62.40,166.54,
301023,5,85.17,404.57,
301023,4,393.96,1271.62,
301025,4,26.28,97.35,
301025,3,41.04,106.45,
301025,3,18.27,50.62,
301025,3,43.11,109.71,
301025,6,224.07,1245.12,
301026,7,7.73,47.89,
301026,10,77.95,705.64,
301026,3,71.36,189.92,
301026,3,21.65,59.17,
301028,4,8.63,27.75,
301028,4,34.55,112.23,
301028,2,99.07,152.82,
301028,3,191.06,474.57,
301028,5,17.14,72.71,
301028,5,55.51,216.89,
301029,6,82.11,398.61,
301029,6,62.16,289.59,
301029,3,58.68,144.97,
301029,3,8.33,19.40,
301029,2,83.84,133.43,
301029,4,162.03,518.96,
301030,2,11.89,22.57,
301030,2,72.14,128.32,
301030,4,8.14,27.02,
301030,4,78.42,263.58,
301030,2,511.53,891.77,
301031,3,469.71,1131.32,
301031,5,122.10,481.74,
301031,5,482.46,1980.43,
301031,7,19.24,108.51,
301031,5,11.86,47.03,
301033,6,213.61,1013.74,
301033,5,46.80,187.46,
301033,8,73.01,471.41,
301033,4,55.63,163.86,
301033,3,464.61,1109.61,
301033,2,77.64,121.73,
301033,2,88.61,139.39,
301033,3,560.49,1377.33,
301033,7,78.42,391.84,
301034,3,63.01,153.28,
301034,1,202.95,174.28,
301034,5,57.04,240.72,
301034,4,290.75,939.45,
301034,3,141.21,347.08,
301034,3,251.28,616.82,
301034,5,96.29,415.36,
301034,5,16.49,64.39,
301035,2,288.86,500.86,
301035,5,187.37,714.76,
301035,5,58.87,241.89,
301035,3,31.32,74.26,
301035,7,58.93,316.46,
301035,8,42.71,273.02,
301035,2,63.38,102.73,
301037,4,138.02,509.75,
301037,4,395.22,1393.40,
301037,5,16.36,70.48,
301037,10,84.00,697.42,
301040,2,66.86,121.76,
301040,3,326.66,859.74,
301040,4,85.02,314.91,
301040,7,21.98,139.21,
301040,6,8.75,46.34,
301040,5,18.11,84.72,
301040,4,167.90,579.01,
301040,3,174.94,471.25,
301041,4,325.71,1209.97,
301041,2,106.32,187.75,
301041,4,492.66,1714.57,
301041,2,56.24,96.73,
301041,5,77.01,307.77,
301043,4,84.07,319.03,
301043,7,339.57,2211.69,
301043,3,18.79,48.62,
301048,5,72.69,307.22,
301048,4,103.20,353.73,
301048,8,8.26,58.21,
301048,3,78.58,202.99,
301048,5,17.57,76.50,
301048,2,459.90,795.33,
301048,4,33.92,118.20,
301048,6,47.21,247.88,
301048,4,226.80,801.97,
301048,3,343.98,923.43,
301048,4,130.02,442.98,
301048,2,58.13,97.38,
301048,1,301.77,258.07,
301048,6,17.60,85.19,
301048,4,152.46,523.53,
301049,2,7.66,15.16,
301049,3,31.58,80.72,
301049,4,41.36,138.79,
301049,3,203.36,520.57,
301049,6,35.28,196.56,
301049,4,291.69,1010.12,
301051,7,262.08,1679.11,
301051,5,141.90,622.15,
301051,1,123.55,98.27,
301051,4,187.62,628.27,
301051,3,35.38,95.32,
301051,2,25.49,42.57,
301051,5,158.23,619.28,
301051,5,22.99,100.23,
301051,5,70.89,293.40,
301052,6,8.74,45.67,
301052,5,13.48,60.99,
301052,2,18.88,34.93,
301052,3,252.96,665.48,
301052,9,41.58,338.53,
301052,4,167.73,597.26,
301052,5,62.40,284.34,
301052,4,26.26,88.16,
301052,3,17.69,49.05,
301052,6,500.31,2783.42,
301053,2,32.87,57.47,
301053,6,228.72,1242.27,
301054,3,25.27,62.68,
301054,8,159.28,1067.65,
301054,2,16.76,29.05,
301054,4,11.71,39.14,
301054,2,543.15,947.12,
301054,6,31.71,161.93,
301054,1,116.11,103.31,
301054,5,296.73,1233.10,
301055,3,55.82,153.55,
301055,4,47.39,168.12,
301055,5,80.70,356.16,
301055,6,66.00,368.59,
301056,2,124.48,221.45,
301056,3,332.33,863.26,
301056,2,61.12,115.88,
301056,4,17.42,61.75,
301056,6,200.90,1048.79,
301056,2,263.76,494.74,
301056,4,13.13,46.94,
301062,4,22.87,76.97,
301062,4,44.91,163.91,
301062,2,13.43,22.42,
301062,5,7.64,32.20,
301063,4,12.34,41.02,
301063,6,130.81,623.00,
301063,4,469.71,1558.00,
301064,5,262.56,1104.35,
301064,4,11.30,34.64,
301064,9,44.51,311.07,
301064,5,510.00,2002.87,
301064,1,92.83,74.04,
301064,3,26.33,60.17,
301064,3,49.23,114.38,
301064,5,41.85,161.68,
301067,2,187.44,311.89,
301067,5,7.63,32.66,
301067,2,185.68,308.72,
301067,4,100.03,330.46,
301068,3,112.10,292.39,
301068,6,555.39,2909.65,
301068,4,194.34,713.68,
301068,2,141.97,247.98,
301068,3,435.12,1181.29,
301068,6,17.71,88.66,
301068,2,13.40,22.66,
301068,4,523.77,1796.59,
301068,1,73.87,63.10,
301068,2,309.96,523.17,
301070,3,166.59,380.53,
301070,3,16.88,41.27,
301070,6,205.82,998.44,
301070,5,160.16,634.26,
301070,2,17.15,27.74,
301070,5,344.93,1404.40,
301070,6,60.27,265.67,
301071,5,23.71,96.73,
301071,3,548.76,1291.25,
301071,10,405.72,3299.15,
301071,2,252.72,445.13,
301071,2,176.70,306.68,
301071,7,23.26,130.26,
301071,6,126.50,656.84,
301071,1,12.40,11.21,
301071,4,22.92,75.11,
301071,5,8.38,35.84,
301071,5,474.30,1976.88,
301071,6,127.64,600.77,
301071,4,25.78,80.22,
301071,5,12.80,54.74,
301071,4,286.34,912.31,
301072,5,32.11,117.80,
301072,3,33.43,82.84,
301072,3,198.24,460.65,
301074,5,533.46,2087.99,
301074,2,507.45,768.88,
301074,5,296.10,1172.03,
301074,6,126.46,567.23,
301076,1,406.98,342.45,
301076,3,473.28,1174.70,
301076,3,11.65,29.02,
301076,6,56.61,278.00,
301076,5,115.99,485.23,
301078,5,142.56,597.90,
301078,3,24.29,57.76,
301078,5,146.07,550.22,
301078,4,387.66,1266.67,
301078,7,106.91,630.42,
301078,3,29.83,75.12,
301078,4,544.68,1719.73,
301080,6,58.50,282.17,
301080,2,21.94,32.56,
301080,4,17.73,52.70,
301080,2,167.05,249.58,
301080,3,541.11,1214.10,
301080,2,22.73,35.88,
301080,5,80.86,292.80,
301080,5,223.45,832.51,
301080,5,59.72,247.57,
301083,6,58.56,294.90,
301083,6,55.82,267.98,
301083,5,259.20,1069.27,
301083,4,234.96,828.98,
301083,3,512.04,1362.40,
301083,7,56.12,317.52,
301087,5,22.85,92.58,
301087,2,128.96,202.53,
301087,4,60.02,201.61,
301087,4,17.35,58.83,
301087,3,13.44,30.88,
301087,3,206.44,472.98,
301087,2,79.21,130.64,
301087,3,234.00,584.23,
301087,4,112.81,351.26,
301088,1,57.52,45.42,
301088,3,127.44,310.23,
301088,6,250.32,1102.10,
301088,6,23.42,120.21,
301088,7,283.82,1507.44,
301088,6,44.33,213.38,
301088,4,155.50,502.56,
301088,6,13.50,60.80,
301088,3,49.01,124.64,
301090,5,100.99,451.53,
301090,5,66.67,268.90,
301090,6,124.37,602.01,
301090,2,49.50,83.86,
301090,2,302.72,552.90,
301090,5,180.75,785.33,
301090,5,532.44,2327.01,
301090,5,82.58,368.10,
301090,2,178.46,300.26,
301092,6,89.76,378.07,
301092,5,88.42,326.00,
301092,5,62.16,231.55,
301092,5,318.47,1135.00,
301093,2,8.15,13.47,
301093,4,71.98,219.55,
301093,2,137.94,222.48,
301096,3,8.12,18.89,
301096,7,35.38,197.91,
301096,6,24.55,123.34,
301096,2,221.20,340.99,
301096,3,103.68,263.24,
301096,4,229.44,757.89,
301096,2,320.36,501.83,
301096,6,48.92,237.30,
301096,3,101.38,245.00,
301096,2,65.33,111.25,
301096,3,62.71,165.06,
301096,2,166.32,293.33,
301097,2,55.75,105.14,
301097,4,63.81,229.10,
301097,5,35.97,151.91,
301097,2,43.97,80.25,
301097,7,171.95,1038.67,
301097,9,479.91,3908.12,
301100,4,345.24,1189.35,
301100,4,165.22,532.69,
301100,5,48.29,180.61,
301100,3,13.24,31.08,
301100,1,416.22,336.08,
301100,3,79.44,182.90,
301100,1,342.41,257.80,
301100,10,30.36,230.00,
301100,3,92.35,218.16,
301101,3,395.64,1014.31,
301101,7,96.77,599.36,
301101,5,18.00,76.69,
301101,4,102.62,349.59,
301103,3,45.59,120.89,
301103,3,427.56,1135.13,
301103,4,40.95,142.26,
301103,8,200.49,1403.43,
301103,2,198.44,347.21,
301103,7,60.51,346.06,
301103,3,25.80,65.47,
301103,3,226.56,596.55,
301103,2,465.12,828.81,
301103,7,140.14,864.09,
301103,8,294.84,2199.60,
301104,3,12.01,28.52,
301104,4,92.93,305.96,
301104,3,160.97,373.47,
301104,6,41.31,184.95,
301104,6,181.63,820.86,
301105,3,41.94,104.45,
301105,5,198.24,787.49,
301105,5,132.53,487.08,
301105,4,126.26,393.23,
301105,3,141.24,352.44,
301105,4,48.11,153.37,
301107,4,184.71,530.32,
301107,2,460.02,708.55,
301107,7,165.79,864.74,
301107,5,223.66,868.66,
301107,1,203.36,149.75,
301107,3,64.42,135.82,
301109,6,63.32,371.22,
301109,2,34.82,65.64,
301109,3,75.60,200.97,
301109,2,8.22,13.87,
301109,2,49.32,98.56,
301109,4,8.59,33.57,
301109,4,222.00,810.34,
301109,3,135.56,360.75,
301109,5,148.20,701.00,
301109,2,23.02,44.63,
301109,3,56.55,158.05,
301109,5,155.04,699.05,
301109,5,17.60,82.57,
301109,2,8.43,15.23,
301111,2,43.25,61.51,
301111,4,555.39,1734.95,
301111,7,13.36,67.79,
301111,4,26.21,76.08,
301111,5,84.39,308.02,
301111,5,555.39,2025.72,
301111,7,233.52,1217.62,
301112,6,178.99,845.20,
301112,2,294.53,451.80,
301112,3,456.12,1106.55,
301114,5,89.28,359.15,
301114,1,12.19,9.49,
301114,5,123.29,500.94,
301114,2,136.36,217.41,
301114,5,189.20,825.95,
301114,4,264.00,867.78,
301114,3,138.07,328.77,
301117,6,194.96,854.46,
301117,6,13.43,60.22,
301117,5,55.94,221.19,
301117,4,33.79,106.73,
301117,6,19.21,83.84,
301117,3,17.35,39.49,
301117,8,262.80,1562.86,
301117,3,8.12,16.99,
301117,1,517.14,376.32,
301117,6,13.00,57.70,
301118,4,23.30,74.81,
301118,3,111.04,284.72,
301118,5,62.22,268.88,
301118,1,25.94,22.57,
301118,2,411.18,711.78,
301118,8,12.50,85.79,
301118,2,31.38,52.64,
301118,4,25.01,88.60,
301119,5,58.19,210.12,
301119,4,464.10,1461.07,
301119,4,230.64,733.30,
301119,3,191.47,442.44,
301119,5,22.37,83.44,
301119,3,549.78,1296.79,
301119,5,31.22,112.39,
301121,5,433.86,1855.65,
301121,3,144.54,413.97,
301121,6,519.18,2708.66,
301121,4,72.53,269.36,
301121,3,45.95,131.51,
301122,6,219.60,984.64,
301122,4,8.78,24.59,
301122,3,11.74,25.79,
301122,8,429.66,2634.44,
301122,4,523.77,1541.41,
301122,9,112.34,758.83,
301122,4,166.74,472.32,
301122,4,500.82,1571.45,
301122,3,25.85,59.34,
301122,5,425.04,1550.88,
301124,5,442.68,1803.22,
301124,5,96.77,391.30,
301124,2,221.81,381.90,
301124,5,33.30,138.22,
301125,3,522.24,1384.28,
301125,2,104.16,180.56,
301125,7,41.31,263.19,
301125,4,16.97,56.67,
301125,4,63.07,227.36,
301125,4,318.78,1118.98,
301125,2,152.76,252.50,
301129,5,30.99,134.93,
301129,3,24.72,64.24,
301129,5,223.25,979.08,
301129,3,12.99,33.87,
301129,4,89.18,315.82,
301129,5,209.10,951.87,
301130,3,306.50,721.23,
301130,4,538.56,1644.71,
301130,4,188.85,560.47,
301130,6,194.96,937.75,
301130,3,124.48,306.66,
301130,6,44.06,213.23,
301130,4,66.00,183.83,
301130,2,7.44,11.62,
301131,8,7.66,55.37,
301131,2,208.08,387.24,
301131,4,113.63,419.76,
301131,3,34.02,100.44,
301131,3,128.74,361.96,
301131,3,8.49,25.47,
301131,2,404.46,695.62,
301131,3,81.09,233.35,
301131,5,426.72,2050.70,
301131,5,409.08,1824.28,
301133,4,102.62,311.44,
301133,6,301.46,1346.98,
301133,6,12.34,53.72,
301133,3,137.28,287.29,
301135,3,141.51,343.75,
301135,4,33.53,104.79,
301135,6,164.16,713.94,
301135,6,46.76,218.03,
301135,4,185.68,594.75,
301135,5,418.32,1691.65,
301135,4,149.72,438.48,
301135,3,47.70,113.17,
301135,2,81.33,117.11,
301135,3,237.84,544.71,
301136,2,65.21,113.78,
301136,2,101.28,175.25,
301136,2,217.68,395.48,
301136,5,11.96,49.25,
301136,3,308.07,806.85,
301136,4,466.65,1651.14,
301141,1,43.43,37.31,
301141,6,56.43,288.28,
301141,6,18.09,84.54,
301141,5,414.96,1702.04,
301144,1,158.38,140.83,
301144,4,152.91,525.24,
301144,5,500.31,2260.53,
301144,5,512.55,2190.22,
301150,5,30.10,126.01,
301150,2,190.86,305.71,
301150,4,86.98,271.90,
301150,4,169.49,528.95,
301150,2,406.98,601.16,
301151,5,194.96,752.50,
301151,2,109.03,172.09,
301151,2,33.76,49.68,
301151,5,18.90,68.89,
301151,4,18.49,61.28,
301151,2,42.53,63.99,
301151,5,33.53,133.99,
301151,4,35.57,114.31,
301151,5,81.56,314.45,
301151,4,341.15,1063.05,
301151,2,192.29,299.99,
301151,6,17.19,75.10,
301152,2,25.68,45.65,
301152,3,222.43,598.26,
301152,2,23.06,42.37,
301152,2,292.32,510.48,
301153,9,23.16,172.44,
301153,4,314.69,1045.96,
301153,2,72.06,124.43,
301153,6,64.97,327.47,
301156,7,284.45,1836.33,
301156,2,173.89,320.91,
301156,7,30.72,182.17,
301156,2,42.26,76.99,
301156,3,129.76,333.99,
301156,5,77.64,334.31,
301157,5,79.60,335.63,
301157,4,79.60,269.83,
301157,3,35.67,86.99,
301157,7,259.68,1466.89,
301157,7,18.11,114.19,
301158,4,146.07,479.64,
301158,8,202.95,1260.30,
301158,2,517.14,839.61,
301158,3,163.68,368.92,
301158,5,31.78,117.46,
301158,2,76.15,115.52,
301159,5,8.62,37.98,
301159,3,116.58,310.64,
301159,6,252.24,1367.85,
301159,3,124.08,333.75,
301159,4,7.86,28.77,
301159,3,164.03,423.75,
301161,4,22.34,74.79,
301161,2,552.84,920.82,
301161,5,205.21,946.34,
301161,4,499.80,1819.09,
301161,5,48.06,215.63,
301161,4,22.22,72.54,
301161,4,7.45,26.94,
301161,9,8.10,59.66,
301161,3,56.30,142.18,
301162,5,251.76,897.67,
301162,2,34.02,52.95,
301162,2,193.25,288.57,
301162,3,227.52,538.81,
301162,4,471.24,1534.88,
301162,5,47.52,192.15,
301162,6,558.45,2640.04,
301162,3,107.97,245.93,
301162,3,23.33,54.59,
301166,2,289.49,461.58,
301166,3,188.14,429.73,
301166,4,41.09,128.62,
301166,2,22.97,35.34,
301166,3,171.42,414.06,
301166,1,547.23,430.37,
301166,6,17.68,80.08,
301168,3,459.90,1036.47,
301168,4,88.70,264.12,
301168,4,314.69,1014.70,
301168,1,121.57,92.57,
301171,6,35.94,194.09,
301171,5,70.65,303.33,
301171,3,315.00,823.21,
301171,5,23.38,106.74,
301171,6,91.49,457.69,
301171,4,216.96,785.50,
301171,4,212.38,723.12,
301171,2,16.38,29.17,
301173,4,436.38,1587.18,
301173,5,7.81,35.85,
301173,7,66.92,365.03,
301178,3,8.07,22.61,
301178,4,12.51,43.57,
301178,4,49.46,167.42,
301178,5,142.96,568.56,
301178,3,121.30,304.90,
301181,6,87.65,458.00,
301181,2,408.24,731.16,
301181,4,418.74,1385.36,
301181,3,22.97,59.43,
301181,2,32.60,56.45,
301183,5,441.42,1873.29,
301183,4,34.22,109.06,
301183,5,467.67,1704.17,
301183,4,155.80,485.30,
301183,7,335.79,1989.39,
301183,3,153.22,360.34,
301183,3,35.81,90.58,
301183,1,18.97,15.23,
301184,6,164.16,804.51,
301184,4,211.77,648.83,
301184,5,465.12,1769.06,
301184,6,31.25,146.42,
301184,5,411.60,1517.76,
301184,9,120.60,896.41,
301184,4,380.10,1212.32,
301184,2,101.76,163.58,
301184,4,130.02,379.21,
301184,1,18.67,14.85,
301184,5,22.97,90.50,
301184,3,11.73,28.20,
301185,5,8.32,37.34,
301185,4,55.33,200.10,
301185,3,232.80,617.53,
301185,5,96.58,424.25,
301185,4,559.47,1991.14,
301195,5,33.66,133.22,
301195,3,164.03,364.07,
301195,1,44.06,33.43,
301195,2,63.81,99.88,
301195,3,16.69,37.95,
301195,1,126.38,95.61,
301195,6,119.46,585.56,
301195,2,26.35,40.72,
301195,1,26.14,21.50,
301195,6,85.02,403.94,
301196,4,11.34,36.49,
301196,3,23.76,60.48,
301196,4,122.13,416.22,
301196,5,23.76,95.94,
301196,6,433.44,2426.13,
301196,8,13.54,98.78,
301196,3,131.47,325.95,
301196,2,331.07,603.78,
301196,6,66.80,359.92,
301196,3,96.67,248.74,
301196,3,8.31,21.33,
301198,1,293.27,269.96,
301198,4,19.44,66.92,
301198,3,78.11,215.95,
301198,6,81.48,422.44,
301198,5,155.34,649.80,
301198,3,185.33,467.91,
301198,6,200.90,1090.17,
301198,8,121.57,859.57,
301201,5,298.31,1294.18,
301201,3,62.53,171.57,
301201,6,263.76,1519.91,
301201,9,13.31,110.36,
301201,5,74.10,337.98,
301201,4,17.01,59.67,
9301201,-3,62.53,-171.57,
9301201,-6,263.76,-1519.91,
301202,8,12.30,91.14,
301202,3,558.96,1469.01,
301202,4,7.81,26.14,
301205,3,31.85,74.59,
301205,3,255.60,579.14,
301205,3,221.76,487.96,
301205,2,24.36,37.00,
301205,2,512.04,793.45,
301206,4,127.56,458.93,
301206,8,18.49,133.34,
301206,6,187.79,1027.27,
301206,3,82.11,198.13,
301206,8,11.94,82.85,
301207,2,544.17,1013.43,
301207,3,327.92,870.98,
301207,4,125.27,466.80,
301207,7,92.54,644.93,
301207,5,387.24,1770.95,
301207,2,223.45,398.22,
301207,4,48.51,174.34,
301207,6,293.27,1659.32,
301207,5,42.08,179.44,
301208,3,129.10,343.81,
301208,7,8.78,52.93,
301208,5,153.67,670.95,
301208,5,141.24,601.70,
301208,8,25.34,185.30,
301208,3,81.95,211.70,
301208,5,151.24,669.31,
301208,3,137.02,350.35,
301208,4,182.34,662.53,
301212,4,72.30,252.89,
301212,6,25.75,130.67,
301212,4,181.10,651.47,
301212,4,8.26,27.53,
301212,2,459.48,801.14,
301213,11,34.06,263.38,
301213,4,32.60,95.79,
301213,3,12.34,31.03,
301213,8,7.86,53.18,
301215,5,524.28,2266.95,
301215,2,80.70,145.32,
301215,6,25.75,130.94,
301215,3,552.84,1429.39,
301219,5,122.63,417.42,
301219,4,261.36,755.26,
301219,4,163.15,478.22,
301219,5,511.02,1942.81,
301219,3,46.80,104.42,
301223,2,12.36,19.14,
301223,5,17.01,64.92,
301223,3,217.44,516.03,
301223,2,454.02,628.21,
301223,5,139.92,530.07,
301224,4,427.56,1491.81,
301224,7,237.84,1393.80,
301224,3,547.23,1441.02,
301224,4,489.60,1705.60,
301225,3,223.45,543.48,
301225,5,245.28,1075.33,
301225,4,22.06,76.01,
301225,6,24.41,132.96,
301225,4,92.26,337.69,
301225,2,80.78,144.11,
301225,7,320.04,1905.08,
301225,3,31.78,79.21,
301225,5,7.74,33.95,
301225,4,448.56,1486.24,
301225,1,17.64,14.87,
301225,2,180.75,294.68,
301225,2,74.81,123.25,
301226,6,115.52,646.56,
301226,4,130.55,477.62,
301226,3,107.50,294.69,
301226,3,100.80,261.38,
301226,3,7.20,19.17,
301226,5,455.28,1982.31,
301227,5,437.22,1698.61,
301227,3,100.61,244.63,
301227,1,30.92,24.35,
301227,6,22.97,97.62,
301227,5,133.98,498.12,
301227,5,552.33,2135.22,
301228,3,66.61,174.55,
301228,2,24.96,43.89,
301228,3,16.99,39.50,
301228,6,409.50,2224.74,
301228,4,143.49,487.89,
301228,3,25.18,60.19,
301228,4,127.25,431.88,
301228,4,44.69,154.07,
301228,2,122.10,212.72,
301228,4,109.86,375.24,
301228,7,204.80,1222.00,
301228,5,161.22,686.50,
301228,4,86.27,288.01,
301228,2,45.99,79.87,
301229,4,149.11,491.38,
301229,6,40.59,196.37,
301229,7,94.08,540.16,
301229,2,40.95,69.90,
301229,5,107.03,433.50,
301229,4,214.43,718.53,
301229,3,120.12,296.69,
301229,4,12.04,36.65,
301229,5,35.74,150.55,
301230,3,138.32,345.26,
301230,5,165.53,739.18,
301230,2,157.93,268.78,
301230,4,7.71,26.61,
301230,6,18.90,91.73,
301230,2,18.92,29.38,
301230,2,121.66,201.78,
301230,4,140.18,481.05,
301231,6,16.25,79.47,
301231,7,431.76,2559.19,
301233,7,12.99,78.69,
301233,5,17.46,75.69,
301233,2,417.06,738.83,
301233,5,325.40,1387.17,
301233,6,57.22,311.56,
301233,4,62.10,213.83,
301233,5,166.29,716.05,
301234,2,344.30,591.62,
301234,6,26.35,139.29,
301234,4,119.06,388.76,
301234,5,413.28,1795.86,
301234,6,74.65,394.70,
301234,3,293.90,737.34,
301234,6,126.97,622.14,
301234,6,383.88,1970.12,
301234,3,421.68,1122.03,
301234,3,96.19,256.53,
301235,2,545.70,802.32,
301235,6,216.24,884.70,
301235,8,114.93,669.86,
301235,1,335.48,242.42,
301235,3,7.84,18.71,
301235,3,92.64,212.69,
301235,4,45.59,124.94,
301236,4,520.20,1900.44,
301236,4,72.93,258.00,
301236,6,401.52,2049.69,
301236,5,215.25,952.88,
301236,6,47.61,259.32,
301236,5,98.88,441.94,
301236,5,150.78,623.26,
301236,2,140.60,240.99,
301236,4,495.72,1670.87,
301238,6,421.26,1906.16,
301238,4,127.79,411.31,
301238,5,7.63,28.71,
301238,7,62.95,342.59,
301238,5,119.30,505.31,
301240,4,141.36,428.81,
301240,3,55.94,131.95,
301240,7,57.58,314.52,
301240,1,59.41,43.39,
301240,2,64.23,102.82,
301240,5,224.07,868.27,
301240,6,100.99,457.58,
301240,5,7.95,29.34,
301243,5,219.97,1013.54,
301243,3,79.44,215.84,
301243,3,93.12,234.98,
301243,4,454.44,1538.81,
301243,6,185.53,911.42,
301243,7,86.27,506.14,
301244,5,11.53,45.32,
301244,8,61.61,407.50,
301244,7,263.28,1553.66,
301244,5,385.98,1621.02,
301244,5,72.14,298.67,
301244,4,542.64,1873.65,
301244,3,182.69,412.81,
301246,3,33.96,91.18,
301246,3,138.32,333.96,
301246,2,180.05,303.82,
301246,8,185.32,1204.29,
301246,5,64.48,275.00,
301248,2,124.08,209.17,
301248,2,318.15,503.40,
301248,3,467.67,1220.98,
301248,5,509.49,2258.78,
301250,4,255.60,904.37,
301250,4,92.83,304.67,
301250,2,24.72,43.21,
301250,10,24.58,219.59,
301250,3,55.57,156.64,
301250,4,25.94,80.92,
301250,4,18.32,63.88,
301250,7,17.23,103.89,
301252,2,95.81,131.94,
301252,5,45.72,165.31,
301252,4,101.57,296.61,
301252,5,19.60,78.98,
301252,7,129.76,713.70,
301252,7,411.60,2071.31,
301252,6,160.34,746.72,
301252,5,48.83,192.87,
301254,4,64.66,218.48,
301254,2,75.05,120.64,
301254,4,184.62,600.88,
301254,4,340.20,1032.76,
301254,3,94.18,225.78,
301254,3,34.55,79.31,
301254,3,76.85,173.43,
301254,5,26.40,101.86,
301254,3,223.45,502.10,
301256,1,41.27,38.71,
301256,6,484.50,2804.08,
301256,5,174.24,825.64,
301256,5,194.14,874.18,
301256,5,8.50,40.94,
301257,7,21.84,124.23,
301257,1,224.64,188.81,
301257,7,7.39,38.54,
301257,4,493.17,1681.63,
301257,6,22.75,109.60,
301257,1,12.31,10.04,
301257,1,34.95,29.49,
301257,7,7.54,47.78,
301257,6,7.34,37.02,
301257,6,57.46,301.08,
301257,4,66.67,214.08,
301262,4,402.36,1468.70,
301262,4,404.88,1416.42,
301262,2,484.50,848.52,
301262,3,13.15,31.51,
301264,4,336.11,974.07,
301264,2,83.60,130.73,
301264,3,174.42,375.91,
301264,2,89.18,132.87,
301264,6,49.41,212.75,
301264,2,61.12,92.80,
301264,6,162.94,699.44,
301264,2,47.48,68.42,
301264,4,555.39,1686.45,
301264,6,81.01,352.27,
301264,4,294.84,882.53,
301265,3,48.87,120.08,
301265,4,241.44,740.78,
301265,3,19.30,44.07,
301265,4,33.07,103.13,
301265,5,56.30,237.24,
301265,5,44.28,163.61,
301265,5,164.16,637.10,
301265,5,156.56,586.24,
301265,6,107.50,499.80,
301265,4,125.00,374.43,
301265,4,290.75,974.81,
301268,6,536.52,2498.82,
301268,4,86.19,297.53,
301268,3,12.01,29.59,
301268,7,11.40,65.87,
301268,4,550.29,1752.60,
301268,4,332.64,1088.86,
301268,4,560.49,1871.01,
301268,4,467.67,1434.47,
301269,4,63.01,213.86,
301269,5,320.36,1274.97,
301269,6,80.38,354.41,
301269,6,176.00,776.60,
301269,7,300.20,1611.79,
301271,4,423.78,1504.11,
301271,5,36.23,163.63,
301271,6,310.91,1585.89,
301272,7,23.59,140.66,
301272,3,7.62,18.86,
301272,4,426.72,1380.33,
301272,5,7.74,31.43,
301272,3,123.02,308.79,
301272,4,143.18,435.80,
301272,7,12.63,71.64,
301272,3,116.70,252.21,
301272,7,58.68,318.40,
301272,3,290.12,691.30,
301272,5,31.22,125.42,
301273,6,109.98,559.70,
301273,6,34.22,179.68,
301273,2,19.62,34.00,
301273,6,43.65,247.79,
301273,1,430.08,346.48,
301273,7,17.71,102.40,
301273,4,23.40,81.09,
301273,5,307.76,1327.74,
301273,4,66.19,229.14,
301273,2,405.30,708.24,
301279,4,97.63,289.48,
301279,4,464.10,1431.03,
301279,6,93.31,417.15,
301279,4,46.08,128.01,
301279,6,65.58,288.10,
301279,3,35.28,88.97,
301279,6,448.14,1962.54,
301280,3,81.25,188.40,
301280,3,7.70,19.21,
301280,4,113.28,346.27,
301280,3,24.74,55.20,
301280,3,105.60,238.15,
301280,3,125.79,293.05,
301280,5,18.41,75.77,
301282,5,87.84,381.13,
301282,4,22.58,72.71,
301282,3,33.13,79.16,
301282,5,476.34,1972.22,
301282,5,34.02,127.27,
301282,2,165.07,286.79,
301282,5,12.75,49.38,
301282,4,194.96,606.43,
301286,4,43.43,169.32,
301286,1,34.65,32.92,
301286,4,141.51,540.79,
301286,2,254.88,457.14,
301286,3,93.79,276.63,
301286,4,151.09,556.25,
301286,5,110.80,491.40,
301286,6,149.11,788.03,
301286,6,182.86,926.55,
301286,5,221.40,955.98,
301287,4,194.34,669.22,
301287,4,30.72,98.05,
301287,7,163.86,928.67,
301287,2,146.68,259.05,
301287,3,8.25,18.97,
301287,7,386.40,2218.63,
301287,5,17.26,71.40,
301287,1,33.03,25.68,
301287,4,315.00,1001.46,
301288,6,64.60,340.31,
301288,6,292.01,1484.91,
301288,2,44.10,81.64,
301288,5,116.11,517.25,
301288,3,94.66,261.10,
301288,3,134.90,371.91,
301288,2,514.08,922.04,
301289,4,63.26,224.33,
301289,3,113.75,295.51,
301289,1,209.72,176.59,
301289,8,76.77,564.38,
301289,6,18.20,90.02,
301289,2,8.22,13.38,
301289,3,334.53,821.06,
301289,2,107.50,197.33,
301289,3,30.95,81.20,
301289,1,129.89,108.79,
301289,4,56.06,209.70,
301289,4,96.77,336.26,
301289,3,66.92,158.97,
301289,5,30.53,129.94,
301289,3,36.00,94.52,
301290,4,76.85,273.01,
301290,3,231.60,595.32,
301290,3,80.70,213.50,
301290,5,211.56,927.50,
301293,5,12.59,55.79,
301293,4,451.50,1599.78,
301293,6,244.80,1252.16,
301293,3,44.06,115.85,
301293,2,187.97,335.38,
301293,4,433.86,1577.31,
301293,3,216.69,582.28,
301293,6,22.49,114.59,
301293,6,214.43,1169.21,
301293,2,147.74,257.19,
301297,5,23.30,105.91,
301297,4,345.56,1334.98,
301297,5,448.98,2080.65,
301299,4,143.09,470.50,
301299,7,63.32,385.27,
301299,8,221.40,1457.62,
301299,9,25.32,206.10,
301299,2,8.12,14.50,
301299,4,239.76,881.73,
301299,2,195.16,335.04,
301299,4,172.13,621.17,
301300,4,81.80,252.78,
301300,6,92.26,457.32,
301300,5,230.88,972.72,
301300,2,97.73,157.57,
301302,4,42.53,127.17,
301302,7,320.67,1546.17,
301302,2,31.35,48.35,
301302,4,518.16,1514.05,
301302,5,44.82,152.37,
301302,2,75.52,109.45,
301302,2,106.67,153.56,
301302,6,237.36,1093.64,
301302,5,8.72,35.58,
301303,2,87.74,137.90,
301303,2,430.92,676.76,
301303,6,83.76,398.02,
301303,2,425.04,726.30,
301303,5,384.72,1452.86,
301304,4,220.99,628.24,
301304,1,429.66,300.92,
301304,4,464.10,1269.09,
301304,2,240.48,359.14,
301307,3,301.46,716.00,
301307,4,323.82,978.15,
301307,3,25.44,59.21,
301307,3,178.82,396.44,
301307,5,100.22,373.05,
301308,7,139.84,763.85,
301308,8,105.02,686.06,
301308,3,408.66,1071.73,
301308,5,140.58,616.66,
301308,7,244.32,1385.21,
301312,2,162.34,298.08,
301312,5,23.88,118.17,
301312,4,24.36,83.66,
301312,7,212.59,1360.14,
301313,4,18.47,66.76,
301313,5,140.84,590.09,
301313,5,106.67,467.13,
301314,3,121.31,338.09,
301314,2,380.94,602.48,
301314,1,417.90,366.75,
301314,5,169.66,769.78,
301314,4,317.21,1078.87,
301314,3,120.78,318.55,
301314,3,22.13,59.07,
301314,3,460.53,1313.57,
301314,5,159.14,690.09,
301317,1,124.84,109.84,
301317,3,526.32,1422.36,
301317,3,7.31,18.89,
9301317,-3,526.32,-1422.36,
301318,3,201.52,443.68,
301318,3,22.73,47.79,
301318,5,124.74,456.64,
301318,5,7.74,28.76,
301318,1,462.57,325.48,
301318,4,208.90,650.75,
301318,5,29.87,119.84,
301322,1,18.58,14.91,
301322,3,11.41,29.05,
301322,4,501.33,1753.66,
301322,3,191.49,466.21,
301322,5,13.38,59.04,
301322,9,511.53,3791.54,
301322,3,337.05,843.04,
301322,7,102.91,646.32,
301322,9,56.97,428.40,
301322,4,12.93,43.45,
301322,4,60.57,210.99,
301322,7,12.01,75.57,
301322,6,108.91,554.13,
301322,6,24.67,130.22,
301325,3,117.88,304.12,
301325,2,63.68,109.19,
301325,3,294.21,716.24,
301325,6,101.66,477.74,
301325,2,16.40,26.45,
301325,3,73.40,192.40,
301325,3,13.38,33.09,
301326,6,34.95,178.28,
301326,5,190.26,826.45,
301326,2,64.90,108.69,
301326,7,21.70,124.95,
301326,3,451.50,1092.75,
301326,6,33.92,173.94,
301326,1,12.44,10.73,
301326,4,150.78,484.47,
301326,3,32.27,75.84,
301326,3,8.05,20.58,
301327,6,18.85,101.02,
301327,3,176.53,479.32,
301327,6,506.43,2737.80,
301327,4,78.89,271.13,
301327,5,71.91,305.03,
301327,4,196.60,654.38,
301327,5,123.02,540.32,
301327,6,84.07,408.75,
301327,4,287.28,1031.07,
301327,6,13.68,73.20,
301327,7,326.66,1974.06,
301327,4,72.46,244.19,
301328,3,61.73,162.59,
301328,1,112.69,103.75,
301328,5,335.79,1437.97,
301328,5,107.50,484.63,
301328,4,19.22,63.47,
301329,3,72.06,182.63,
301329,4,225.09,726.34,
301329,7,513.57,2918.89,
301329,5,30.72,133.17,
301329,7,391.44,2192.64,
301330,4,17.39,57.15,
301330,3,11.64,28.48,
301330,6,60.57,312.60,
301330,6,16.25,76.27,
301330,6,454.86,2287.82,
301330,3,46.22,121.07,
301330,3,12.76,30.54,
301330,5,317.52,1294.06,
301330,2,12.09,20.30,
301330,6,141.24,710.02,
301330,5,11.85,49.30,
301330,7,30.82,175.45,
301330,1,331.70,287.37,
301330,3,409.50,1023.15,
301330,3,116.82,305.13,
301331,6,173.01,1005.37,
301331,3,224.07,583.43,
301331,3,63.26,151.60,
301331,6,214.84,1129.93,
301331,3,63.56,164.74,
301331,3,23.90,61.91,
301331,2,13.01,23.01,
301331,5,284.13,1311.49,
301332,3,172.30,460.55,
301332,2,220.32,407.02,
301332,5,124.49,549.57,
301332,7,445.62,2670.16,
301332,5,184.50,838.46,
301334,3,159.14,417.07,
301334,5,87.84,396.79,
301334,4,122.72,432.43,
301334,5,92.83,394.99,
301334,2,346.19,554.33,
301334,3,85.64,223.14,
301334,5,478.89,2071.83,
301334,3,175.30,452.51,
301334,4,120.12,411.64,
301334,2,77.56,134.12,
301334,6,186.14,984.97,
301335,4,31.38,110.59,
301335,6,82.27,444.53,
301335,5,48.92,207.44,
301337,4,452.34,1607.20,
301337,6,25.46,133.17,
301337,4,55.51,195.99,
301337,1,126.61,105.38,
301337,3,136.49,346.33,
301337,4,131.34,420.56,
301337,2,464.10,767.96,
301337,4,34.62,110.61,
301338,4,380.10,1342.63,
301338,3,61.24,150.57,
301338,1,106.55,88.93,
301338,1,11.68,9.43,
301338,2,222.48,395.29,
301339,5,70.96,309.29,
301339,6,17.30,93.42,
301339,5,172.13,763.40,
301339,6,300.20,1563.63,
301340,3,63.26,138.47,
301340,2,541.11,843.02,
301340,5,325.08,1183.73,
301340,5,381.36,1369.10,
301340,4,156.56,462.64,
301342,5,48.42,190.89,
301342,10,536.52,4325.81,
301342,4,302.09,1001.39,
301342,3,18.45,43.14,
301342,5,161.22,593.26,
301342,3,513.06,1205.26,
301343,1,221.28,184.93,
301343,1,217.68,187.96,
301343,6,456.12,2536.81,
301343,2,60.45,110.07,
301344,5,466.14,2056.88,
301344,3,113.40,289.43,
301344,5,19.53,88.48,
301344,6,242.88,1260.00,
301344,5,64.90,262.61,
301344,9,120.65,903.41,
301345,6,108.09,510.40,
301345,8,128.30,778.01,
301345,4,95.23,266.36,
301345,8,154.74,922.86,
301345,6,59.60,281.74,
301345,3,162.27,382.76,
301349,6,168.78,905.17,
301349,2,137.15,242.45,
301349,3,217.10,550.33,
301349,4,514.08,1857.08,
301349,4,488.07,1672.94,
301349,4,8.32,30.71,
301349,4,524.79,1913.85,
301351,2,75.12,119.46,
301351,4,104.45,321.58,
301351,3,292.95,707.34,
301351,2,263.76,418.94,
301351,4,135.04,435.64,
301351,3,249.12,588.87,
301351,1,249.12,210.51,
301351,3,162.79,363.58,
301353,7,8.71,47.72,
301353,7,17.69,100.65,
301353,4,103.68,362.57,
301353,3,70.89,189.71,
301353,2,411.60,649.05,
301353,5,342.72,1422.15,
301354,4,192.02,686.71,
301354,2,121.31,204.40,
301354,2,548.76,918.42,
301354,4,315.95,1141.26,
301354,6,185.12,1042.44,
301354,2,75.83,125.15,
301354,6,144.55,714.52,
301354,5,12.64,52.81,
301354,8,85.49,586.50,
301354,5,21.70,97.66,
301354,10,24.00,216.32,
301354,5,126.61,536.86,
301355,4,260.40,747.06,
301355,2,44.06,68.32,
301355,6,324.45,1454.09,
301355,7,25.54,132.35,
301356,2,121.04,195.98,
301356,3,461.04,1120.28,
301356,3,128.15,338.29,
301356,5,7.95,34.65,
301356,2,33.79,59.01,
301357,5,204.39,849.11,
301357,7,18.09,119.43,
301357,3,86.11,237.30,
301357,9,100.32,778.64,
301357,7,331.70,2047.56,
301357,4,66.12,237.55,
301357,4,166.32,575.57,
301357,1,45.77,41.26,
301358,2,25.18,41.06,
301358,5,25.10,99.54,
301358,6,243.84,1191.95,
301358,4,100.61,310.29,
301358,2,128.62,226.06,
301358,3,178.46,391.67,
301358,4,159.46,516.67,
301358,6,220.56,1072.22,
301360,5,12.28,51.18,
301360,4,127.20,415.88,
301360,4,489.60,1570.37,
301360,7,138.60,771.30,
301360,7,286.02,1718.24,
301360,7,457.38,2856.20,
301360,3,47.43,109.85,
301360,5,399.84,1582.81,
301364,3,23.38,61.91,
301364,3,97.54,257.54,
301364,2,13.50,25.04,
301364,4,80.15,280.18,
301364,4,190.65,672.75,
301364,5,165.07,689.81,
301364,2,17.69,30.54,
301364,5,181.98,820.44,
301366,3,543.15,1335.95,
301366,3,539.07,1338.31,
301366,3,8.18,19.15,
301366,6,84.62,439.53,
301366,7,216.24,1146.67,
301366,4,147.74,443.44,
301366,5,73.16,316.88,
301366,4,142.03,504.95,
301366,5,12.23,49.46,
301366,6,35.31,183.89,
301370,6,125.66,705.41,
301370,4,337.68,1302.60,
301370,3,64.84,179.50,
301370,3,129.10,356.39,
301370,4,8.55,29.30,
301370,6,7.82,40.94,
301370,7,26.30,161.15,
301376,2,7.29,11.76,
301376,1,550.29,446.97,
301376,3,89.18,214.35,
301376,4,330.44,1024.96,
301376,5,475.83,1995.28,
301376,7,127.56,744.15,
301376,4,431.76,1457.61,
301376,7,404.04,2342.72,
301377,4,77.01,251.56,
301377,11,123.95,1157.61,
301377,4,292.95,920.51,
301377,3,72.06,184.93,
301377,6,162.94,789.31,
301377,4,24.12,80.63,
301377,2,80.78,130.87,
301377,4,448.98,1482.84,
301377,2,222.96,374.48,
301377,2,186.96,304.42,
301378,6,79.13,421.07,
301378,8,73.24,541.85,
301378,3,81.01,203.73,
301378,3,33.73,82.01,
301378,4,389.34,1358.46,
301378,10,515.61,4738.34,
301378,5,250.56,1103.13,
301378,7,126.26,780.85,
301378,3,19.30,51.76,
301378,1,147.59,127.67,
301378,3,13.68,38.29,
301378,4,191.31,700.97,
301378,6,136.80,743.26,
301378,6,137.02,738.40,
301380,5,113.52,491.67,
301380,4,43.11,141.15,
301380,4,126.61,400.29,
301381,2,114.46,199.72,
301381,4,79.13,259.16,
301381,7,8.05,47.00,
301381,9,18.34,147.25,
301381,5,171.95,749.77,
301381,3,41.27,103.39,
301381,5,11.45,48.99,
301381,7,442.68,2607.68,
301383,3,192.37,457.30,
301383,3,209.10,508.40,
301383,5,145.62,595.07,
301383,4,18.34,53.82,
301383,2,378.84,598.28,
301383,7,88.90,433.35,
301383,4,94.08,317.13,
301383,4,26.04,79.41,
301383,2,81.40,129.76,
301383,2,30.53,51.55,
301383,6,25.66,117.06,
301383,6,204.18,936.19,
301383,2,160.86,266.92,
301385,3,262.08,661.01,
301385,7,41.72,251.02,
301385,2,126.59,212.71,
301385,2,243.60,399.48,
301385,3,255.60,649.09,
301385,6,62.95,306.73,
301385,2,74.50,119.99,
301385,6,79.91,417.61,
301386,2,333.27,493.12,
301386,5,25.85,96.61,
301386,4,396.90,1173.93,
301386,1,180.40,133.43,
301386,2,290.43,436.55,
301386,4,502.35,1435.59,
301386,2,12.68,19.23,
301386,4,199.47,553.43,
301386,3,120.83,283.26,
301386,4,242.40,681.78,
301386,3,35.21,85.20,
301388,6,130.55,650.41,
301388,7,88.51,514.35,
301388,5,198.65,826.59,
301388,6,176.35,864.48,
301388,1,125.91,102.11,
301388,4,218.40,695.55,
301388,3,7.70,18.42,
301389,1,40.64,37.24,
301389,5,11.41,47.43,
301389,8,31.45,197.98,
301389,6,514.08,2633.01,
301389,4,13.43,46.19,
301391,4,108.80,335.29,
301391,4,443.52,1447.16,
301391,3,199.88,482.68,
301391,2,16.61,28.58,
301395,4,12.34,40.78,
301395,6,223.45,1226.33,
301395,5,412.86,1654.13,
301395,7,56.30,310.26,
301395,4,24.12,81.84,
301395,4,147.29,499.36,
301395,6,46.80,245.12,
301396,2,7.94,14.02,
301396,3,100.80,270.82,
301396,6,24.65,138.44,
301396,3,16.60,42.63,
301396,6,25.97,126.96,
301397,1,12.06,10.17,
301397,5,134.64,551.16,
301397,3,62.71,149.97,
301397,6,409.08,1988.90,
301397,4,121.07,385.35,
301397,6,16.49,82.08,
301397,2,91.87,146.43,
301398,3,223.45,613.50,
301398,7,61.92,368.44,
301398,2,452.76,891.10,
301398,6,62.04,317.02,
301398,4,289.17,1026.36,
301398,5,559.98,2346.10,
301398,6,430.08,2282.02,
301398,3,240.48,606.94,
301398,3,66.00,166.46,
301400,5,309.96,1429.45,
301400,4,129.09,496.09,
301400,4,12.83,48.38,
301401,3,184.62,405.75,
301401,4,99.55,299.62,
301401,4,217.44,636.30,
301401,4,422.10,1191.02,
301401,2,251.76,376.43,
301401,7,175.30,1002.96,
301401,7,171.78,905.41,
301401,3,54.90,123.20,
301401,3,260.40,560.23,
301402,2,237.12,406.84,
301402,3,145.62,369.41,
301402,6,117.88,613.07,
301402,3,75.44,196.23,
301402,2,183.74,322.90,
301402,5,123.02,533.92,
301402,3,26.30,68.22,
301402,1,111.27,101.03,
301405,2,142.16,243.94,
301405,5,182.34,831.59,
301405,4,492.66,1698.76,
301405,2,44.78,81.18,
301406,4,13.58,44.82,
301406,6,126.26,587.13,
301406,6,23.64,107.45,
301406,7,219.36,1142.70,
301406,5,86.59,344.83,
301406,4,252.00,745.71,
301406,4,538.05,1833.89,
301406,2,145.16,216.97,
301407,3,13.08,28.99,
301407,2,144.70,243.11,
301407,4,409.92,1302.98,
301407,3,180.22,411.60,
301407,3,478.38,1127.63,
301407,3,41.40,99.30,
301407,2,21.77,38.99,
301415,4,32.01,115.49,
301415,3,22.13,59.42,
301415,4,92.54,345.20,
301415,3,492.66,1291.30,
301415,4,541.62,1852.28,
301415,7,12.89,80.27,
301415,3,186.03,497.99,
301415,4,8.58,30.28,
301415,7,122.10,732.02,
301415,2,56.24,104.66,
301415,8,23.86,172.35,
301415,4,8.24,29.43,
301415,6,312.17,1774.38,
301415,2,239.52,439.45,
301417,2,7.37,12.52,
301417,3,30.46,76.16,
301417,4,11.58,42.04,
301417,4,228.48,764.35,
301417,5,137.94,585.34,
301417,2,138.34,235.51,
301420,3,8.74,20.92,
301420,5,225.36,810.13,
301420,6,167.90,841.99,
301420,6,148.35,677.49,
301420,5,239.76,998.99,
301423,2,65.27,101.54,
301423,6,158.38,769.15,
301423,3,94.85,231.04,
301423,7,103.58,587.56,
301423,3,86.19,198.72,
301423,5,506.43,1959.58,
301424,4,335.48,1056.95,
301424,6,426.30,2089.03,
301424,2,407.82,612.85,
301427,5,13.21,51.73,
301427,4,121.54,408.20,
301427,2,8.40,13.43,
301430,6,31.22,137.67,
301430,3,22.30,51.34,
301430,6,450.66,2238.29,
301430,3,139.39,332.40,
301434,3,12.58,34.21,
301434,3,137.15,354.47,
301434,5,505.41,2201.22,
301434,4,13.46,48.12,
301434,2,63.62,111.53,
301439,6,55.27,284.47,
301439,4,132.13,496.19,
301439,6,528.87,2855.82,
301439,5,495.21,1999.93,
301439,5,66.43,304.32,
301439,4,126.06,400.38,
301440,4,398.16,1259.77,
301440,3,193.52,437.35,
301440,9,60.57,416.80,
301441,3,88.90,236.01,
301441,3,341.46,991.79,
301441,3,120.91,334.28,
301441,4,254.64,897.75,
301441,2,87.46,150.97,
301441,1,150.02,130.48,
301441,7,169.31,1041.96,
301441,3,11.28,31.28,
301441,1,555.90,525.31,
301441,7,309.33,1935.62,
301441,2,559.98,1035.29,
301442,6,188.40,850.88,
301442,5,82.50,295.85,
301442,6,31.71,140.33,
301442,7,186.96,948.41,
301442,2,60.76,94.85,
301442,7,30.26,152.31,
301443,5,43.25,202.59,
301443,2,538.56,960.32,
301443,5,171.42,855.92,
301443,3,19.73,56.64,
301443,4,133.85,467.24,
301443,4,215.25,778.57,
301443,4,12.41,40.83,
301443,6,126.02,736.02,
301443,7,86.78,550.69,
301443,4,142.56,548.07,
301443,2,13.44,25.04,
301445,6,129.80,638.72,
301445,3,35.61,90.31,
301445,3,161.57,450.06,
301445,6,243.12,1302.88,
301446,3,421.68,952.72,
301446,3,13.28,30.70,
301446,2,8.58,13.24,
301446,4,249.84,736.15,
301446,4,297.05,919.69,
301447,6,11.84,55.25,
301447,2,495.21,669.80,
301447,3,153.98,349.38,
301447,4,555.39,1602.54,
301447,3,159.46,324.36,
301447,3,497.25,1013.46,
301447,1,258.96,195.85,
301448,7,98.30,565.09,
301448,6,22.08,123.52,
301448,4,149.42,550.51,
301448,4,224.89,824.84,
301448,2,77.79,137.61,
301449,4,148.20,544.02,
301449,2,181.81,329.37,
301449,4,23.30,85.28,
301449,2,87.74,161.13,
301449,2,163.33,293.90,
301449,2,25.68,44.76,
301449,4,32.31,123.05,
301450,5,310.91,1257.99,
301450,4,163.15,507.21,
301450,4,211.77,792.63,
301450,4,123.02,376.69,
301450,5,160.51,639.95,
301451,4,256.56,885.19,
301451,8,188.60,1344.33,
301451,3,164.38,454.46,
301451,3,32.51,81.47,
301453,3,477.36,1268.34,
301453,3,198.24,563.90,
301453,4,220.80,773.80,
301453,3,540.09,1503.43,
301453,2,128.97,229.62,
301453,4,320.36,1147.13,
301453,2,322.25,563.51,
301453,2,124.02,214.81,
301453,6,23.40,129.93,
301453,5,334.53,1429.35,
301453,5,424.62,1841.65,
301453,3,25.90,66.15,
301454,3,142.69,391.10,
301454,3,21.98,60.50,
301454,5,184.91,786.32,
301454,3,190.26,527.23,
301456,4,258.24,955.48,
301456,6,7.23,39.82,
301456,2,196.80,362.77,
301456,7,120.24,798.79,
301456,7,35.48,232.18,
301459,5,17.03,68.78,
301459,6,8.18,42.32,
301459,4,321.62,1076.48,
301459,3,11.66,28.17,
301459,6,11.76,65.60,
301459,6,225.12,1156.89,
301459,4,485.52,1689.00,
301460,8,79.29,505.46,
301460,5,46.58,178.20,
301460,4,261.12,850.67,
301460,7,22.46,130.95,
301460,5,90.34,389.40,
301460,3,312.48,790.80,
301460,4,130.81,448.22,
301460,3,161.58,402.57,
301461,6,12.49,69.47,
301461,4,72.85,244.67,
301461,3,8.30,20.87,
301461,3,124.21,321.93,
301462,4,331.07,1256.38,
301462,8,71.36,500.93,
301463,4,252.00,924.45,
301463,5,223.04,1005.81,
301463,3,117.65,311.27,
301463,5,61.43,285.81,
301463,2,43.07,81.28,
301463,3,24.19,64.45,
301466,4,61.79,190.02,
301466,2,19.03,26.07,
301466,3,18.54,42.29,
301466,7,561.00,3055.21,
301466,5,136.95,514.66,
301466,2,236.88,347.50,
301466,3,538.56,1288.66,
301466,2,462.06,731.63,
301469,3,42.26,113.14,
301469,9,19.01,141.21,
301469,5,65.70,281.48,
301469,4,123.55,442.80,
301469,3,13.54,38.83,
301469,4,58.56,202.08,
301470,5,8.24,37.81,
301470,6,127.25,678.90,
301473,7,43.52,282.96,
301473,4,41.40,154.77,
301476,5,34.88,153.41,
301476,2,62.53,104.48,
301476,3,162.10,453.20,
301477,4,43.20,141.36,
301477,5,108.56,437.03,
301477,2,32.08,53.36,
301477,4,42.48,137.12,
301477,5,7.43,31.09,
301477,4,35.01,121.24,
301477,6,193.11,942.73,
301477,3,12.69,32.32,
301477,5,33.00,142.11,
301477,3,84.31,220.90,
301477,5,464.61,1894.16,
301477,5,23.98,97.95,
301480,2,397.32,677.51,
301480,3,406.56,1094.22,
301480,3,115.52,327.85,
301480,4,71.12,253.90,
301483,7,446.04,2674.29,
301483,6,75.60,402.33,
301483,3,96.48,273.76,
301483,5,111.86,539.63,
301483,2,101.86,180.72,
301483,7,557.43,3679.09,
301483,10,17.48,156.55,
301485,4,243.84,714.03,
301485,3,87.65,204.70,
301485,3,158.99,374.35,
301485,3,60.15,141.66,
301485,6,34.45,167.46,
301486,5,164.74,711.63,
301486,4,222.63,806.22,
301486,4,74.58,274.69,
301486,3,56.00,140.12,
301486,7,16.67,101.89,
301486,4,113.75,404.18,
301486,4,45.45,157.70,
301486,4,232.56,831.09,
301489,1,25.56,20.05,
301489,2,238.32,415.12,
301489,2,211.56,368.03,
301489,2,56.97,90.87,
301489,4,119.06,375.08,
301489,3,21.74,53.71,
301489,3,74.18,202.43,
301490,5,78.11,326.63,
301490,4,190.24,610.80,
301490,4,119.33,421.75,
301492,4,145.16,435.82,
301492,3,238.56,518.25,
301492,4,16.38,47.89,
301492,4,98.11,298.59,
301492,4,16.63,55.52,
301493,4,520.20,1593.38,
301493,5,146.68,606.22,
301495,8,76.85,476.69,
301495,6,92.35,468.94,
301495,4,88.90,289.57,
301495,4,291.38,986.77,
301495,5,149.11,624.97,
301495,3,22.03,54.92,
301495,1,136.36,115.15,
301495,7,182.34,1036.50,
301495,4,251.04,830.09,
301495,12,99.65,948.38,
301496,1,7.83,6.05,
301496,3,446.46,1058.17,
301496,2,65.45,107.17,
301496,6,102.62,446.73,
301496,2,129.45,203.39,
301496,3,41.76,96.61,
301496,4,30.53,96.62,
301496,3,252.00,584.67,
301498,3,35.57,94.95,
301498,3,262.08,700.14,
301498,9,469.71,3579.43,
301498,5,8.40,35.01,
301498,2,120.60,216.39,
301498,6,19.24,95.46,
301498,5,290.12,1320.49,
301498,1,29.80,25.80,
301499,5,474.81,2063.40,
301499,3,383.88,894.04,
301499,4,459.00,1597.08,
301499,3,64.90,161.21,
301499,2,144.10,251.28,
301499,2,8.22,14.09,
301499,5,44.55,205.18,
301499,2,317.84,577.28,
301499,4,142.27,470.50,
301499,5,17.55,68.67,
301499,7,47.97,295.45,
301499,6,80.38,403.59,
301500,3,164.77,428.01,
301500,6,468.69,2600.92,
301500,4,66.49,233.21,
301502,7,24.29,133.31,
301502,4,93.60,292.90,
301502,1,422.94,328.66,
301502,8,33.66,219.89,
301502,4,186.03,583.17,
301502,3,220.17,524.72,
301505,7,100.42,633.11,
301505,5,120.65,516.57,
301505,5,119.46,536.99,
301505,5,396.48,1794.06,
301505,2,315.00,595.98,
301505,2,24.67,43.93,
301505,7,208.49,1243.88,
301505,9,536.01,4120.14,
301505,6,328.55,1842.35,
301505,8,380.10,2741.17,
301505,8,59.90,401.40,
301505,5,205.82,935.05,
301505,2,22.73,39.78,
301505,3,492.66,1233.92,
301506,3,454.02,1200.05,
301506,4,137.28,478.19,
301506,2,161.74,264.95,
301506,3,241.92,618.78,
301506,8,556.92,4250.23,
301506,4,416.22,1401.94,
301506,3,13.20,33.15,
301506,5,532.95,2349.49,
301506,6,433.44,2209.27,
301506,4,192.02,699.87,
301506,5,46.26,206.87,
301510,3,336.42,862.07,
301510,8,49.14,332.43,
301510,8,285.71,1995.02,
301510,4,55.27,182.93,
301510,1,98.40,75.24,
301510,5,144.55,575.21,
301511,5,156.86,652.04,
301511,6,127.79,701.55,
301511,2,128.38,227.59,
301511,4,81.25,280.73,
301511,3,12.23,34.30,
301511,3,64.97,169.39,
301511,5,456.96,2099.20,
301511,4,11.70,38.97,
301511,3,140.60,367.27,
301511,3,7.35,20.96,
301513,7,107.26,599.75,
301513,5,181.63,757.47,
301513,1,206.44,165.00,
301513,1,92.35,72.79,
301513,4,533.46,1614.00,
301515,7,255.12,1374.58,
301515,5,42.21,151.38,
301515,9,7.70,57.89,
301515,2,12.00,18.90,
301515,6,323.19,1423.41,
301515,3,145.62,347.24,
301515,4,315.00,940.27,
301515,7,195.37,1102.27,
301517,4,18.59,52.99,
301517,3,406.14,855.09,
301517,4,98.40,297.14,
301517,7,178.82,936.07,
301517,4,65.58,195.29,
301517,2,19.73,27.19,
301517,7,178.46,960.48,
301517,1,7.23,5.33,
301519,6,57.89,304.78,
301519,6,141.77,690.56,
301519,2,7.30,14.26,
301519,3,302.09,874.79,
301519,6,174.77,1018.72,
301519,2,11.84,22.53,
301519,3,42.48,122.63,
301522,5,84.78,323.54,
301522,5,164.03,654.97,
301525,3,83.05,223.32,
301525,3,18.20,48.02,
301525,4,26.28,93.61,
301525,2,105.50,195.63,
301525,4,264.00,895.88,
301525,1,16.65,14.69,
301525,4,461.58,1581.64,
301525,5,85.88,362.34,
301525,1,169.14,147.46,
301525,6,334.85,1760.46,
301525,4,124.48,466.54,
301525,4,65.58,217.54,
301525,6,101.76,505.10,
301526,1,7.39,6.63,
301526,4,73.71,256.90,
301526,5,11.51,52.66,
301526,6,160.06,863.54,
301527,4,340.52,988.80,
301527,3,77.48,172.39,
301527,5,99.07,393.70,
301529,5,555.39,2235.55,
301529,3,163.25,389.64,
301532,5,62.77,288.03,
301532,5,7.81,35.90,
301532,3,515.10,1359.15,
301532,4,125.32,468.29,
301532,4,126.72,464.47,
301532,2,153.06,267.34,
301532,2,11.31,18.79,
301532,5,480.93,2189.83,
301532,4,40.86,149.05,
301532,3,493.68,1357.44,
301533,5,186.56,757.31,
301533,3,30.76,80.79,
301533,7,113.04,655.91,
301533,4,498.78,1605.10,
301533,3,221.28,512.46,
301534,2,492.66,699.74,
301534,6,158.69,685.93,
301534,5,165.09,612.41,
301534,7,59.29,316.20,
301534,7,13.05,73.13,
301534,2,413.70,629.14,
301534,5,100.70,356.38,
301536,6,179.87,910.63,
301536,6,217.10,1034.30,
301536,5,45.36,183.31,
301536,7,392.70,1988.68,
301536,2,130.02,203.30,
301536,6,175.65,791.23,
301536,2,101.86,145.74,
301537,2,215.66,332.54,
301537,8,73.87,471.68,
301537,4,254.64,765.89,
301537,3,7.58,17.98,
301537,4,65.27,189.06,
301537,3,47.03,106.01,
301537,2,195.78,309.47,
301537,3,524.79,1227.74,
301537,2,163.10,259.86,
301537,4,212.18,660.21,
301537,7,71.67,392.15,
301537,5,543.15,1996.52,
301540,5,17.66,72.16,
301540,4,415.80,1420.05,
301540,2,167.55,303.89,
301540,1,97.06,86.90,
301540,4,133.58,501.35,
301540,4,225.84,856.84,
301540,3,72.06,196.82,
301540,2,543.66,926.96,
301540,4,467.16,1569.37,
301540,5,130.68,623.41,
301540,5,331.70,1513.98,
301542,3,74.50,186.93,
301542,5,12.29,53.22,
301542,4,173.71,626.52,
301542,4,43.92,157.11,
301542,3,80.46,224.78,
301542,4,148.20,523.88,
301542,1,140.58,119.74,
301542,3,184.98,515.08,
301542,5,35.08,156.22,
301543,5,378.00,1650.34,
301543,4,202.75,709.23,
301543,3,22.10,51.32,
301543,5,337.05,1326.46,
301543,2,382.62,635.91,
301543,5,328.23,1286.11,
301543,2,7.48,11.16,
301543,4,30.62,95.87,
301543,5,24.46,99.74,
301544,4,522.75,1817.60,
301544,3,13.44,34.31,
301544,3,287.60,724.22,
301544,4,113.52,383.27,
301548,4,457.38,1593.20,
301548,3,445.20,1181.72,
301548,7,123.42,738.51,
301548,3,31.61,81.82,
301548,3,159.90,423.26,
301548,3,212.59,566.40,
301548,7,246.48,1523.56,
301550,6,46.04,257.22,
301550,3,34.06,91.92,
301550,2,72.14,134.55,
301550,4,115.64,420.66,
301550,6,112.69,621.22,
301550,4,284.76,1047.88,
301550,2,59.29,111.37,
301550,4,322.25,1182.34,
301550,2,55.75,101.65,
301551,6,32.27,167.37,
301551,5,116.82,505.87,
301551,4,120.91,429.10,
301551,2,12.71,22.51,
301551,4,159.14,553.70,
301551,3,93.60,240.46,
301551,4,63.07,214.49,
301551,5,159.30,659.03,
301551,6,251.28,1208.17,
301551,2,12.51,22.77,
301551,2,491.13,862.30,
301551,3,35.38,92.43,
301551,2,334.53,593.50,
301551,4,148.66,532.35,
301551,5,82.19,351.39,
301552,5,19.01,76.30,
301552,4,35.71,113.01,
301552,6,49.23,221.88,
301552,5,22.25,94.08,
301552,6,187.44,871.37,
301554,3,109.86,236.65,
301554,5,24.10,88.48,
301554,4,258.48,819.69,
301554,4,44.19,146.65,
301562,1,8.69,6.98,
301562,2,148.05,240.19,
301562,3,200.49,460.75,
301562,4,142.27,473.89,
301562,5,72.93,283.50,
301562,3,150.94,376.01,
301562,6,167.73,802.81,
301562,7,79.68,426.72,
301562,6,7.86,36.73,
301562,2,115.29,200.93,
301562,4,89.57,305.96,
301562,6,17.23,83.05,
301562,8,207.87,1239.97,
301562,8,441.84,3112.86,
301563,8,98.02,623.00,
301563,5,159.60,572.40,
301563,4,121.66,365.74,
301564,2,186.56,330.20,
301564,4,544.17,2029.35,
301564,4,8.60,29.14,
301564,6,527.34,2596.56,
301566,4,194.96,701.71,
301566,3,84.23,228.60,
301566,2,46.40,86.59,
301566,5,43.83,185.43,
301568,5,93.41,400.58,
301568,2,185.50,354.35,
301568,6,139.00,742.29,
301568,2,8.22,14.44,
301568,4,216.69,701.44,
301568,3,22.70,56.32,
301568,3,254.40,712.07,
301568,9,239.28,1755.66,
301568,3,65.27,160.67,
301568,6,438.06,2260.96,
301569,4,63.20,210.38,
301569,3,125.08,277.90,
301569,4,144.41,496.84,
301569,2,12.76,20.90,
301570,6,106.79,506.72,
301570,8,319.73,2035.40,
301570,3,144.25,373.58,
301570,5,16.58,68.70,
301570,7,30.69,173.69,
301570,4,24.67,77.17,
301570,3,176.53,422.99,
301575,5,186.38,813.36,
301575,5,48.65,198.66,
301575,6,127.44,644.07,
301575,4,161.42,546.43,
301577,7,287.28,1627.03,
301577,4,209.31,720.69,
301579,4,207.67,699.24,
301579,7,75.12,436.17,
301579,4,117.76,402.02,
301579,7,400.26,2530.66,
301579,6,24.00,121.22,
301579,2,7.76,12.56,
301579,2,18.70,29.33,
301581,7,21.62,128.76,
301581,4,89.57,316.06,
301581,5,90.72,391.78,
301581,4,22.03,80.53,
301581,3,139.23,357.37,
301581,6,124.49,622.09,
301581,5,57.28,248.90,
301582,3,240.00,602.71,
301582,2,7.66,12.29,
301582,5,19.69,83.84,
301582,4,124.73,434.10,
301582,5,23.21,94.62,
301582,2,432.60,752.91,
301582,3,245.04,660.61,
301582,4,304.61,1015.98,
301582,1,311.85,270.25,
301582,11,56.91,559.79,
301585,4,19.08,73.88,
301585,2,34.25,66.27,
301585,6,169.49,953.34,
301585,2,12.31,22.80,
301585,3,189.01,525.35,
301585,5,18.07,82.38,
301585,4,44.91,167.06,
301585,3,164.62,451.01,
301585,3,99.84,276.21,
301585,2,150.48,279.07,
301587,6,22.97,94.85,
301587,5,65.70,258.69,
301587,5,55.08,216.27,
301587,4,168.08,471.49,
301587,3,432.60,977.49,
301587,4,246.00,742.96,
301587,4,500.31,1561.69,
301587,3,8.09,19.98,
301588,2,12.06,20.13,
301588,5,26.26,117.17,
301588,1,109.74,94.31,
301588,3,387.24,1040.47,
301588,2,319.41,517.07,
301600,3,115.99,278.32,
301600,1,7.83,6.45,
301600,4,528.87,1751.82,
301603,3,31.32,79.80,
301603,7,74.81,415.30,
301603,6,121.42,597.49,
301603,2,75.75,112.37,
301603,3,118.35,277.21,
301603,2,460.74,737.88,
301604,2,24.60,43.20,
301604,4,291.06,1064.76,
301604,5,16.29,69.77,
301604,6,161.42,866.73,
301605,3,48.51,134.70,
301605,3,42.35,112.66,
301605,6,219.35,1218.89,
301605,7,30.33,196.03,
301605,7,332.64,2148.68,
301605,4,209.31,727.95,
301605,2,187.62,317.40,
301605,5,221.28,968.76,
301605,5,313.11,1490.08,
301605,6,137.81,788.63,
301605,4,255.84,918.51,
301608,5,21.74,86.46,
301608,3,550.29,1403.77,
301608,5,178.46,737.56,
301609,6,143.75,722.57,
301609,1,63.87,53.27,
301609,6,64.42,348.05,
301609,4,17.78,57.52,
301609,6,72.85,384.05,
301609,2,35.71,60.50,
301609,8,430.50,2854.05,
301610,2,160.66,237.04,
301610,3,95.71,210.11,
301610,2,385.14,611.56,
301610,3,338.00,792.13,
301610,2,185.94,276.20,
301613,3,42.39,104.12,
301613,7,87.17,533.59,
301613,5,407.82,1830.61,
301613,6,43.47,226.61,
301613,3,97.44,236.93,
301613,4,100.99,354.18,
301613,10,34.55,308.26,
301613,3,215.05,573.85,
301613,3,459.06,1275.68,
301613,2,555.39,928.42,
301613,2,82.11,139.21,
301613,8,11.91,77.91,
301613,4,126.98,477.19,
301616,5,548.25,2131.95,
301616,2,79.29,127.86,
301616,4,87.26,291.45,
301616,6,306.50,1399.73,
301616,7,41.85,249.81,
301619,2,73.08,121.71,
301619,1,64.05,51.44,
301619,4,164.77,534.70,
301619,5,76.38,306.48,
301619,7,96.29,541.89,
301620,2,42.80,72.40,
301620,6,487.56,2478.76,
301620,8,7.68,51.00,
301620,2,315.00,533.85,
301620,3,107.85,260.75,
301622,3,41.99,99.85,
301622,6,139.13,639.22,
301622,8,105.02,673.78,
301622,3,408.66,935.53,
301622,5,140.58,539.12,
301622,7,244.32,1289.18,
301622,3,167.38,392.49,
301622,6,32.74,152.84,
301623,5,471.75,2288.76,
301623,6,41.13,213.37,
301623,5,55.51,242.91,
301623,3,86.35,229.28,
301623,1,7.48,7.24,
301623,2,472.77,828.61,
301623,4,422.94,1537.96,
301623,2,98.02,180.13,
301623,6,60.21,346.61,
301623,5,8.10,38.63,
301623,5,118.83,548.45,
301624,2,7.82,11.71,
301624,3,553.35,1268.06,
301624,5,254.88,1061.64,
301624,2,90.43,141.18,
301624,1,30.00,23.31,
301624,3,166.85,407.41,
301624,4,31.32,96.56,
301624,4,497.76,1497.44,
301624,6,436.38,1978.92,
301627,4,155.04,586.80,
301627,4,138.73,452.55,
301627,7,425.46,2539.57,
301627,3,65.45,161.62,
301627,2,13.53,22.76,
301627,6,22.80,118.34,
301627,2,77.09,142.76,
301627,3,80.86,216.50,
301627,3,125.20,336.23,
301632,4,345.24,1231.36,
301632,5,83.68,388.68,
301634,5,106.44,420.42,
301634,2,199.88,301.61,
301634,3,13.05,30.75,
301634,3,210.33,451.10,
301634,3,310.91,674.70,
301635,3,58.62,144.28,
301635,5,16.65,71.91,
301635,3,102.53,281.13,
301635,6,127.78,618.84,
301635,4,167.73,545.97,
301635,8,120.24,825.27,
301635,3,520.71,1218.54,
301637,4,7.68,23.85,
301637,8,135.56,734.82,
301637,6,42.71,190.14,
301637,4,82.11,238.49,
301637,3,16.24,35.31,
301637,6,115.76,503.42,
301637,8,34.32,209.16,
301637,2,43.83,60.89,
301637,4,86.27,233.69,
301637,3,402.36,850.37,
301637,2,128.27,191.84,
301639,3,190.43,440.50,
301639,4,191.27,548.57,
301643,1,45.14,40.38,
301643,5,416.22,1802.36,
301645,7,459.48,2883.67,
301645,3,72.30,184.09,
301645,7,44.42,285.87,
301645,2,46.85,82.34,
301645,5,104.83,483.32,
301645,3,464.10,1181.50,
301646,4,458.22,1737.51,
301646,2,13.18,24.69,
301646,2,42.17,75.20,
301646,5,126.97,634.61,
301646,4,8.38,29.71,
301646,5,201.52,929.16,
301646,2,13.60,26.48,
301646,3,144.41,424.94,
301648,1,253.92,209.36,
301648,7,122.72,700.19,
301648,6,547.74,2680.03,
301648,4,158.54,509.64,
301648,4,49.23,163.09,
301648,3,102.72,247.59,
301648,2,97.92,157.52,
301648,4,72.46,243.69,
301648,6,21.84,106.04,
301648,4,242.16,775.52,
301649,8,158.23,1128.14,
301649,5,30.79,144.99,
301649,9,35.41,260.31,
301649,3,258.00,737.81,
301652,2,128.17,214.31,
301652,5,429.66,1731.78,
301652,4,198.44,681.29,
301652,6,88.51,449.34,
301652,6,19.44,104.50,
301655,5,32.11,128.14,
301655,5,136.75,533.59,
301655,3,263.52,658.30,
301655,5,7.38,28.03,
301655,6,192.02,895.45,
301655,4,23.66,79.95,
301655,6,41.27,206.69,
301655,5,382.62,1568.45,
301657,2,11.34,20.98,
301657,3,96.19,252.26,
301657,4,31.19,101.88,
301657,2,45.09,79.78,
301657,3,92.45,248.26,
301658,4,94.08,306.40,
301658,4,13.73,45.31,
301658,4,217.71,651.85,
301658,3,448.14,1047.43,
301658,6,129.33,575.92,
301658,2,63.20,93.66,
301658,4,98.59,304.67,
301658,5,31.35,125.55,
301661,6,457.80,2405.46,
301661,6,24.05,127.92,
301661,5,229.68,1023.07,
301661,4,421.68,1538.96,
301661,3,380.94,1029.14,
301661,5,48.20,224.65,
301667,8,22.78,130.76,
301667,6,196.19,887.46,
301667,3,153.67,366.40,
301667,3,295.16,787.21,
301667,5,86.27,325.53,
301667,6,134.24,620.50,
301667,4,471.24,1452.50,
301667,3,32.57,81.67,
301669,4,173.89,642.77,
301669,3,16.76,48.75,
301669,6,100.70,502.83,
301669,4,81.95,291.12,
301669,4,397.74,1329.88,
301669,4,47.25,158.75,
301669,2,31.55,55.41,
301670,4,13.06,44.63,
301670,3,93.79,250.34,
301670,4,172.83,602.36,
301670,4,136.75,478.34,
301670,4,16.47,60.38,
301671,7,55.51,310.50,
301671,3,7.27,15.69,
301671,4,7.63,23.22,
301671,2,30.92,47.07,
301671,6,302.09,1429.68,
301673,5,190.24,748.89,
301673,4,12.01,41.55,
301673,5,420.84,1736.06,
301673,5,119.20,512.97,
301673,3,162.94,414.71,
301673,5,216.48,931.25,
301673,5,333.90,1477.59,
301673,2,12.28,21.62,
301673,4,123.42,453.76,
301675,3,150.63,429.77,
301675,7,108.56,740.45,
301675,7,159.10,996.40,
301675,2,119.99,207.47,
301675,4,131.60,481.59,
301675,6,95.62,525.66,
301676,2,41.45,73.52,
301676,2,86.11,151.96,
301676,6,77.48,435.83,
301676,6,7.35,37.95,
301676,6,174.24,880.77,
301677,1,13.60,11.54,
301677,4,23.57,76.23,
301677,4,35.31,114.92,
301677,2,129.33,205.78,
301677,7,129.62,769.66,
301677,3,105.12,267.92,
301677,4,8.54,28.12,
301677,6,7.87,40.36,
301677,3,23.28,59.66,
301679,5,163.68,705.30,
301679,4,7.28,27.08,
301679,1,57.65,51.44,
301679,2,311.85,559.62,
301679,4,166.50,616.12,
301679,3,43.92,122.14,
301679,3,25.51,67.60,
301679,4,23.64,83.22,
301679,3,23.26,61.89,
301680,5,472.26,2071.96,
301680,3,116.82,308.28,
301680,2,84.54,141.93,
301680,3,8.80,22.19,
301680,4,296.42,973.97,
301680,5,485.01,2136.90,
301680,4,125.91,432.11,
301680,5,169.66,704.51,
301682,2,105.41,189.35,
301682,6,142.03,753.98,
301682,2,309.96,579.45,
301682,7,12.64,80.58,
301682,2,92.83,152.39,
301685,4,18.54,64.28,
301685,5,26.11,103.28,
301685,2,191.84,318.78,
301685,3,58.01,130.99,
301685,5,36.30,150.29,
301686,4,158.75,481.99,
301686,3,19.10,48.15,
301686,5,24.67,96.47,
301686,3,182.51,411.30,
301686,4,219.36,697.71,
301686,5,11.35,43.88,
301686,5,331.70,1195.71,
301686,2,44.82,68.51,
301686,3,77.87,176.27,
301686,7,326.97,1651.79,
301687,4,399.42,1437.42,
301687,2,513.57,826.53,
301687,4,56.12,186.55,
301687,7,30.95,177.02,
301687,6,140.05,695.93,
301687,2,60.82,99.90,
301687,3,58.93,142.53,
301694,8,93.02,540.65,
301694,4,17.50,47.01,
301694,5,32.67,120.68,
301694,4,199.67,572.41,
301695,3,159.75,470.06,
301695,2,7.83,14.43,
301695,6,219.15,1238.04,
301695,2,55.75,99.76,
301695,6,95.90,522.50,
301695,2,35.31,65.61,
301695,4,57.52,209.28,
301695,5,193.60,913.60,
301695,4,12.78,47.92,
301696,8,148.81,1056.69,
301696,3,36.04,102.64,
301696,2,142.56,249.26,
301696,6,529.38,2801.14,
301696,6,463.08,2504.14,
301696,1,100.90,91.53,
301697,3,188.14,415.94,
301697,5,163.86,641.74,
301697,3,159.28,374.74,
301697,4,402.36,1176.21,
301697,5,207.05,809.75,
301697,3,318.15,700.54,
301697,2,12.90,18.50,
301697,6,228.72,1070.08,
301697,5,34.85,140.56,
301697,5,133.85,487.25,
301697,3,60.88,139.95,
301697,3,33.66,74.43,
301697,4,32.41,94.72,
301697,4,464.10,1402.43,
301698,5,177.94,722.82,
301698,8,17.71,123.85,
301698,4,75.36,244.47,
301698,2,183.74,292.03,
301698,5,35.34,140.67,
301698,3,8.79,21.80,
301698,3,11.80,27.38,
301698,6,141.90,697.88,
301698,2,19.80,33.11,
301698,7,48.33,283.37,
301698,2,81.88,141.97,
301699,4,34.85,126.28,
301699,5,460.02,1873.24,
301701,3,153.22,416.75,
301701,6,7.26,37.09,
301701,6,65.70,345.11,
301701,5,109.39,429.78,
301703,5,163.10,679.21,
301703,4,195.37,637.41,
301703,5,344.30,1435.29,
301703,4,7.22,21.94,
301703,2,71.59,114.71,
301703,3,109.39,275.71,
301703,4,12.68,42.31,
301705,2,118.24,214.79,
301705,2,292.95,539.38,
301705,4,29.93,102.49,
301705,5,8.68,38.79,
301705,5,139.66,590.56,
301705,1,7.22,6.14,
301706,9,124.49,834.18,
301706,3,33.03,74.46,
301706,2,83.21,130.49,
301706,3,66.92,142.61,
301706,8,80.70,487.90,
301706,8,33.36,209.04,
301708,3,381.78,1022.06,
301708,3,81.56,218.07,
301708,2,42.12,78.52,
301708,2,149.42,267.51,
301708,8,194.75,1471.32,
301708,4,73.63,246.33,
301708,3,34.02,94.21,
301709,7,166.85,979.53,
301709,3,57.83,145.25,
301709,2,170.37,323.26,
301709,3,219.56,604.49,
301709,3,234.72,599.59,
301709,7,32.64,196.25,
301709,4,24.50,90.65,
301709,5,12.60,56.07,
301709,4,19.04,68.03,
301709,8,178.11,1176.62,
301709,3,190.61,482.58,
301709,5,190.78,816.79,
301710,5,146.07,656.94,
301710,6,176.35,944.68,
301711,1,459.90,430.67,
301711,4,124.21,421.63,
301711,7,246.96,1594.26,
301711,2,123.66,219.26,
301711,4,441.42,1673.22,
301711,6,22.49,124.06,
301711,4,140.90,499.78,
301712,4,183.92,515.49,
301712,8,36.27,212.66,
301712,5,73.32,284.61,
301712,2,65.88,95.09,
301712,3,313.11,670.84,
301713,3,211.97,523.55,
301713,4,115.52,351.69,
301713,3,7.59,18.59,
301713,4,110.92,362.83,
301713,3,195.78,468.97,
301713,2,263.76,429.08,
301713,2,40.91,62.78,
301716,5,104.16,483.10,
301716,4,8.65,28.90,
301716,1,259.92,218.54,
301716,3,191.49,503.29,
301716,2,486.03,807.46,
301716,3,66.55,182.88,
301718,3,170.90,484.76,
301718,3,500.31,1280.54,
301718,4,100.99,315.24,
301718,7,129.09,744.13,
301718,7,8.65,54.41,
301718,2,219.15,368.41,
301718,6,118.93,621.59,
301718,4,167.55,586.59,
301718,3,7.39,19.02,
301718,3,94.66,250.46,
301718,4,227.28,830.59,
301720,3,8.39,18.73,
301720,3,508.98,1158.18,
301720,4,206.44,670.58,
301720,3,118.35,276.25,
301720,3,13.64,30.93,
301720,7,44.10,241.38,
301720,5,60.51,217.04,
301720,6,16.43,70.20,
301721,6,164.03,890.27,
301721,3,80.93,208.30,
301721,2,418.32,745.61,
301721,1,33.76,29.09,
301721,4,29.90,107.25,
301722,4,17.44,54.06,
301722,2,95.42,158.94,
301724,5,24.00,112.82,
301724,4,30.62,112.11,
301724,3,173.54,452.29,
301724,4,12.28,43.48,
301724,3,222.24,613.24,
301725,4,13.49,46.37,
301725,1,158.69,130.40,
301725,3,146.38,351.23,
301725,6,229.44,1103.14,
301725,2,120.01,189.29,
301725,3,75.20,187.00,
301727,5,8.08,30.18,
301727,5,25.34,98.98,
301727,5,12.70,47.86,
301727,3,138.47,324.61,
301729,5,7.79,28.85,
301729,3,332.33,808.52,
301729,3,21.89,51.11,
301729,2,16.67,27.29,
301729,3,345.56,800.63,
301729,8,7.69,45.15,
301729,8,391.44,2461.13,
301729,6,206.85,957.04,
301729,5,124.08,442.02,
301729,4,158.58,438.55,
301730,8,60.39,451.38,
301730,6,143.22,784.74,
301730,4,102.24,388.80,
301730,4,13.61,54.44,
301730,3,216.96,572.72,
301730,5,123.42,525.82,
301730,4,186.14,653.50,
301730,3,25.61,72.73,
301730,5,26.23,114.89,
301732,3,24.29,53.07,
301732,2,186.21,275.82,
301732,7,401.10,2085.89,
301732,5,36.10,143.68,
301732,5,66.25,251.80,
301734,6,241.20,1314.93,
301734,1,8.36,7.73,
301735,4,30.13,97.08,
301735,5,383.88,1604.68,
301735,3,229.68,548.26,
301735,3,99.84,249.70,
301735,3,122.60,320.78,
301735,4,401.94,1303.66,
301735,5,142.03,570.26,
301735,3,79.13,199.01,
301736,3,170.37,440.11,
301736,7,60.51,334.08,
301736,5,308.39,1268.38,
301736,5,45.27,198.74,
301736,3,340.83,854.60,
301736,6,179.34,952.62,
301736,5,18.52,82.16,
301738,5,7.62,30.81,
301738,4,144.67,493.78,
301738,4,90.62,304.97,
301738,4,139.54,455.13,
301739,3,461.16,1067.69,
301739,2,19.31,29.60,
301739,3,123.43,294.06,
301739,2,481.95,741.72,
301739,4,49.23,164.60,
301739,4,75.36,240.08,
301739,2,84.47,137.07,
301739,2,106.44,165.22,
301739,4,414.54,1264.40,
301739,4,138.78,441.21,
301739,5,224.16,905.61,
301739,3,8.22,19.41,
301740,4,539.58,1920.42,
301740,7,76.85,479.91,
301740,4,317.84,1140.69,
301740,4,186.96,630.82,
301740,1,18.54,17.64,
301740,5,161.92,727.52,
301741,5,196.60,914.20,
301741,4,25.06,93.75,
301741,2,65.03,112.57,
301741,4,31.19,107.63,
301741,2,150.33,255.72,
301741,4,206.23,707.06,
301742,2,471.75,724.59,
301742,2,559.98,903.04,
301742,2,25.42,38.41,
301742,5,286.34,1084.78,
301742,3,115.76,269.99,
301742,5,536.01,2110.18,
301743,4,145.01,478.66,
301743,4,440.58,1421.78,
301745,5,48.38,177.70,
301745,6,33.89,145.48,
301745,6,169.49,788.99,
301745,4,57.89,174.42,
301745,2,110.33,158.76,
301745,6,107.50,465.00,
301745,7,326.34,1617.63,
301745,4,33.86,107.83,
301747,4,182.51,576.78,
301747,3,128.27,335.71,
301748,5,65.82,236.89,
301748,3,97.06,221.50,
301749,4,123.42,387.05,
301749,2,63.81,96.68,
301749,2,25.87,41.70,
301749,5,161.57,582.41,
301749,3,315.00,660.19,
301749,3,7.98,18.53,
301750,3,390.60,849.36,
301750,3,65.03,162.43,
301750,7,126.38,658.69,
301750,4,209.31,647.76,
301750,6,191.49,822.78,
301750,3,65.51,147.67,
301750,6,207.46,918.03,
301752,4,121.66,393.77,
301752,1,260.64,205.64,
301752,5,124.84,544.06,
301752,6,77.32,377.31,
301752,5,103.10,432.79,
301752,2,463.59,743.45,
301752,8,236.88,1544.37,
301753,7,457.80,2622.34,
301753,4,58.68,172.58,
301753,5,216.48,831.02,
301756,3,312.17,800.50,
301756,2,256.08,466.02,
301756,4,18.81,65.07,
301756,2,8.31,13.89,
301756,4,114.93,400.34,
301756,7,232.56,1509.62,
301756,4,283.82,1020.54,
301756,4,256.08,886.46,
301756,4,35.21,126.28,
301756,1,7.98,6.93,
301758,4,18.92,58.90,
301758,5,11.74,46.05,
301758,2,488.07,729.94,
301758,2,116.70,181.66,
301758,2,306.18,433.42,
301758,7,140.18,807.64,
301758,5,40.55,150.06,
301758,6,24.31,111.37,
301758,4,162.49,516.90,
301759,5,29.83,118.92,
301759,6,82.43,383.54,
301759,5,17.62,71.37,
301759,4,252.72,811.79,
301759,2,8.57,13.03,
301759,8,118.35,711.13,
301759,4,26.26,81.47,
301759,3,25.49,58.47,
301759,4,11.54,35.91,
301759,4,35.77,115.85,
301762,3,523.26,1466.41,
301762,3,550.29,1489.13,
301762,5,476.85,2363.86,
301762,3,155.95,441.01,
301762,7,107.62,725.87,
301762,6,101.86,549.33,
301762,5,13.21,60.69,
301762,2,182.86,321.52,
301762,3,499.80,1410.27,
301763,4,426.30,1271.36,
301763,3,219.76,529.38,
301764,5,111.39,477.55,
301764,1,109.27,96.99,
301764,2,245.52,410.51,
301764,5,210.95,964.16,
301764,1,122.10,100.68,
301764,2,43.38,74.36,
301764,4,228.00,795.50,
301764,2,55.75,100.94,
301764,4,396.48,1355.43,
301765,5,57.10,223.36,
301765,2,111.16,186.16,
301765,9,223.66,1690.54,
301765,4,90.24,327.59,
301765,5,531.93,2193.58,
301765,8,230.40,1619.27,
301765,4,250.08,842.96,
301768,3,118.59,270.27,
301768,4,414.54,1225.49,
301768,3,65.15,144.78,
301768,3,8.80,20.25,
301768,4,185.12,521.70,
301769,6,104.93,555.39,
301769,5,17.06,67.12,
301769,3,17.05,42.72,
301769,4,55.08,182.74,
301769,5,12.04,49.54,
301771,6,234.00,1262.72,
301771,3,8.64,23.81,
301771,5,19.71,79.20,
301771,3,523.77,1433.75,
301772,5,13.65,50.25,
301772,5,19.37,70.17,
301772,4,65.82,206.27,
301772,2,230.88,332.01,
301772,7,61.85,301.94,
301772,5,12.86,51.60,
301772,11,514.08,4188.02,
301772,1,332.64,240.02,
301773,4,19.17,61.88,
301773,2,19.08,31.22,
301773,3,536.52,1302.98,
301773,3,539.58,1333.27,
301775,4,173.01,536.82,
301775,2,317.21,506.41,
301775,4,442.68,1578.85,
301775,6,401.52,2009.08,
301775,3,56.30,137.32,
301780,5,43.43,169.72,
301780,8,159.14,959.26,
301780,5,61.73,253.87,
301780,3,29.87,73.19,
301780,8,7.50,48.83,
301780,4,35.90,117.52,
301780,3,392.70,919.74,
301780,7,61.61,350.45,
301780,6,500.31,2473.45,
301780,5,252.24,1005.24,
301780,5,77.48,317.38,
301780,4,11.56,37.60,
301782,6,82.74,439.82,
301782,3,262.80,658.05,
301782,4,445.20,1603.04,
301783,5,461.55,1809.32,
301783,4,98.88,340.59,
301783,5,124.14,542.96,
301784,3,17.77,47.52,
301784,4,95.23,329.88,
301784,1,83.05,65.95,
301784,5,97.63,422.55,
301784,5,46.85,203.82,
301784,2,57.40,97.47,
301784,5,32.84,143.60,
301784,4,40.64,134.84,
301786,5,186.55,849.15,
301786,5,21.62,103.26,
301786,10,13.28,120.15,
301786,4,8.22,30.21,
301786,3,40.59,112.06,
301786,2,32.08,60.50,
301786,4,543.66,2159.14,
301787,5,442.26,1774.74,
301787,3,17.17,44.15,
301787,5,405.72,1716.95,
301787,5,7.82,33.84,
301787,3,427.98,1067.29,
301787,7,442.68,2464.03,
301789,6,13.64,68.11,
301789,6,48.02,253.93,
301789,9,46.49,368.60,
301789,4,530.91,1932.79,
301789,3,159.98,424.90,
301790,1,100.51,87.44,
301790,5,33.30,148.91,
301790,5,57.04,252.52,
301790,8,86.98,572.05,
301790,4,527.85,1810.71,
301790,5,141.64,583.91,
301790,4,21.89,76.12,
301791,4,74.89,265.28,
301791,3,128.30,353.77,
301791,3,12.33,33.49,
301791,2,119.46,218.73,
301791,4,59.78,212.98,
301791,4,44.15,156.41,
301791,3,66.37,181.77,
301792,5,295.16,1272.55,
301792,4,32.24,109.64,
301792,5,29.90,120.85,
301792,6,133.58,708.21,
301792,3,35.64,88.23,
301792,2,55.94,85.73,
301792,3,141.21,349.01,
301793,2,292.64,513.67,
301793,7,161.27,1059.94,
301793,3,86.19,226.49,
301793,5,8.04,38.59,
301793,3,207.67,555.29,
301793,3,96.58,255.30,
301795,3,153.67,424.30,
301795,2,18.04,31.06,
301795,5,56.24,259.88,
301795,5,223.68,1017.39,
301795,3,169.49,453.30,
301796,4,384.30,1241.56,
301796,4,102.34,374.02,
301796,1,173.01,146.39,
301798,2,44.28,69.39,
301798,3,172.48,402.80,
301798,6,78.11,328.44,
301798,4,137.41,409.30,
301798,2,13.03,21.34,
301798,7,428.40,2245.69,
301798,4,252.48,745.33,
301798,2,55.14,82.68,
301798,3,8.27,20.48,
301799,3,159.28,424.21,
301799,4,237.36,861.80,
301799,7,7.62,47.61,
301799,3,174.24,454.28,
301801,7,22.03,130.46,
301801,3,144.86,338.69,
301801,3,21.65,50.72,
301801,5,11.40,46.41,
301801,4,33.10,105.63,
301801,5,13.31,51.18,
301801,6,459.48,2074.56,
301801,4,550.29,1805.23,
301801,4,434.70,1409.77,
301801,5,134.38,513.54,
301803,5,57.10,241.46,
301803,2,76.38,122.35,
301803,3,409.08,1042.90,
301803,6,55.27,304.52,
301803,3,284.76,744.51,
301803,2,71.51,127.66,
301803,4,11.58,40.06,
301807,3,171.95,485.76,
301807,3,19.62,55.24,
301807,7,70.81,454.16,
301807,7,13.50,86.14,
301807,2,496.23,992.46,
301807,5,32.93,145.00,
301807,4,87.65,288.95,
301807,6,139.26,753.89,
301807,5,62.04,292.36,
301807,7,189.83,1237.55,
301807,5,24.07,115.38,
301807,6,439.74,2512.62,
301808,4,553.86,1689.89,
301808,3,12.86,29.18,
301808,3,11.65,28.15,
301808,6,218.12,928.80,
301808,4,239.52,737.09,
301808,2,232.56,340.34,
301808,3,485.52,1063.80,
301808,2,7.21,10.50,
301809,3,163.55,444.05,
301809,2,557.43,954.79,
301809,2,30.59,55.91,
301809,6,80.15,423.23,
301809,5,144.70,636.53,
301809,4,71.91,263.57,
301809,4,476.34,1699.75,
301809,3,42.93,108.42,
301809,3,72.46,204.69,
301810,2,312.17,548.91,
301810,4,33.10,114.95,
301810,3,48.87,122.17,
301810,2,19.06,31.50,
301810,5,228.48,971.21,
301811,4,139.84,470.60,
301811,3,300.51,783.68,
301811,3,452.34,1189.62,
301811,4,64.23,206.52,
301811,4,229.92,763.92,
301811,5,128.38,556.08,
301811,6,25.30,133.95,
301811,2,12.73,20.04,
301817,3,12.13,29.14,
301817,5,304.29,1129.85,
301817,3,25.70,53.88,
301817,3,19.24,43.92,
301817,7,153.52,815.87,
301818,1,437.64,408.05,
301818,4,8.18,27.79,
301818,3,166.90,444.40,
301818,5,97.82,425.07,
301819,6,26.11,113.38,
301819,4,8.69,27.83,
301819,6,304.92,1432.49,
301819,3,44.78,106.95,
301824,8,85.64,601.22,
301824,4,13.60,47.03,
301824,4,140.32,514.58,
301824,4,87.84,305.65,
301824,3,12.65,31.36,
301824,1,129.23,112.77,
301824,2,416.64,698.33,
301825,5,44.33,205.30,
301825,6,299.88,1600.59,
301825,2,71.12,131.39,
301825,3,45.23,120.54,
301825,3,99.74,273.42,
301827,6,8.55,41.33,
301827,7,168.61,1003.86,
301827,7,401.94,2183.14,
301827,2,8.72,14.68,
301827,3,31.91,87.40,
301827,7,392.70,2346.13,
301827,4,79.36,278.76,
301827,3,25.73,66.65,
301827,4,34.39,116.47,
301827,6,22.73,111.61,
301827,5,7.81,34.14,
301827,5,295.47,1225.57,
301830,4,484.50,1651.43,
301830,3,70.96,166.85,
301830,6,127.79,603.90,
301830,1,83.84,61.63,
301832,4,21.67,75.06,
301832,4,168.43,647.01,
301834,3,99.26,234.83,
301834,5,41.40,170.50,
301834,5,22.82,91.37,
301834,3,46.44,112.24,
301834,3,85.25,204.91,
301834,1,18.76,14.67,
301834,2,25.66,39.63,
301836,4,118.94,429.54,
301836,4,18.99,66.04,
301836,5,47.39,217.48,
301836,2,7.78,13.24,
301837,2,224.68,359.54,
301837,6,34.82,174.00,
301837,7,36.07,199.79,
301837,4,56.73,195.32,
301840,8,40.73,288.06,
301840,3,11.34,29.43,
301840,5,40.68,174.33,
301840,6,216.28,1122.82,
301840,3,48.92,112.33,
301840,2,113.99,200.20,
301841,1,24.14,21.96,
301841,1,21.82,17.90,
301841,3,135.70,342.26,
301841,4,252.96,914.62,
301841,4,45.09,160.54,
301841,2,192.90,353.17,
301842,2,165.83,315.20,
301842,5,218.33,937.59,
301842,3,214.43,567.34,
301842,5,13.19,61.86,
301842,5,112.57,520.34,
301842,2,240.96,409.07,
301842,4,424.62,1545.82,
301844,6,8.13,43.23,
301844,6,492.15,2724.13,
301844,4,58.01,216.89,
301844,3,77.64,200.91,
301844,3,49.01,138.40,
301845,4,125.66,372.70,
301845,1,82.58,64.44,
301845,4,45.36,142.39,
301845,3,35.71,81.21,
301845,5,114.46,422.84,
301846,3,94.66,239.22,
301846,5,48.65,207.30,
301846,6,110.45,598.65,
301846,3,34.75,85.36,
301846,2,126.97,223.90,
301846,3,172.30,451.58,
301846,4,117.76,449.87,
301846,3,115.29,304.90,
301846,9,76.54,605.54,
301847,9,116.94,949.03,
301847,5,159.45,685.01,
301847,5,61.24,253.10,
301847,3,185.15,492.94,
301847,3,547.23,1458.42,
301849,2,7.47,11.89,
301849,5,17.80,74.08,
301849,3,186.76,506.11,
301849,5,187.44,763.95,
301849,2,7.32,11.46,
301849,4,89.38,296.08,
301849,6,113.87,538.03,
301849,4,92.16,303.96,
301849,1,212.38,175.08,
301850,5,33.99,130.54,
301850,6,150.18,670.73,
301854,3,346.19,763.11,
301854,2,11.91,16.93,
301855,4,124.96,435.61,
301855,5,19.31,81.45,
301855,1,125.91,102.62,
301855,2,17.01,28.27,
301855,3,246.00,554.68,
301856,3,220.38,544.59,
301856,2,318.15,527.05,
301856,7,91.49,545.21,
301856,5,198.24,909.00,
301856,5,60.45,259.32,
301856,6,84.39,438.51,
301862,3,166.14,421.44,
301862,2,184.62,304.97,
301862,4,137.15,446.52,
301862,6,25.20,125.68,
301862,4,49.01,162.76,
301862,4,66.19,209.48,
301863,2,290.43,497.91,
301863,4,128.04,464.00,
301863,3,80.54,227.42,
301863,4,8.42,30.72,
301863,6,175.30,964.86,
301863,3,59.72,151.62,
301863,4,44.37,148.81,
301864,9,24.29,181.45,
301864,5,22.01,97.52,
301864,2,84.86,146.64,
301864,4,62.77,213.14,
301864,4,155.19,547.95,
301864,6,19.64,106.54,
301865,6,191.88,958.18,
301865,3,156.71,402.62,
301865,1,26.21,22.35,
301865,2,19.24,31.89,
301865,2,23.59,40.39,
301865,3,58.87,144.89,
301865,2,46.76,78.92,
301865,4,285.39,972.72,
301865,3,221.20,561.84,
301867,2,415.80,742.27,
301867,5,110.92,510.76,
301867,6,309.33,1587.11,
301867,3,460.02,1281.68,
301867,2,32.04,55.74,
301867,1,8.30,7.74,
301867,3,172.66,486.73,
301867,6,123.29,675.06,
301867,2,135.43,245.06,
301867,4,12.56,47.51,
301870,6,125.43,541.08,
301870,6,85.41,378.91,
301870,6,58.38,279.98,
301872,6,18.52,92.78,
301872,2,242.88,381.42,
301872,4,549.78,1771.59,
301872,1,132.40,109.73,
301872,8,32.34,194.67,
301872,5,260.40,980.32,
301872,3,217.71,541.09,
301873,7,530.91,3097.58,
301873,8,341.46,2470.36,
301873,5,49.05,206.20,
301873,2,153.52,262.60,
301873,8,25.63,175.49,
301873,4,164.46,556.37,
301873,3,164.77,424.65,
301873,6,163.33,823.97,
301873,3,145.62,362.81,
301873,3,17.19,40.38,
301873,6,195.37,976.06,
301873,3,224.16,574.88,
301873,3,7.91,22.36,
301874,7,137.71,842.83,
301874,4,45.54,156.45,
301874,3,102.05,272.99,
301874,4,35.11,110.96,
301874,10,255.12,2242.33,
301874,2,73.71,127.69,
301874,3,8.21,20.91,
301876,5,59.17,237.68,
301876,7,433.44,2464.78,
301876,8,109.62,690.69,
301876,2,244.08,412.89,
301876,5,7.65,33.85,
301876,3,8.38,20.53,
301876,5,167.20,663.53,
301876,3,23.18,56.19,
301876,2,193.42,295.90,
301876,1,145.77,111.44,
301876,4,89.95,293.30,
301878,2,262.32,426.07,
301878,5,18.92,76.09,
301878,5,307.13,1220.68,
301878,4,250.08,820.01,
301878,5,115.52,439.46,
301878,5,66.92,272.23,
301878,4,96.19,300.71,
301878,7,127.79,725.50,
301878,3,11.58,29.38,
301879,3,550.80,1292.12,
301879,5,122.48,512.96,
301879,2,35.41,61.60,
301880,2,323.19,591.69,
301880,3,142.42,402.01,
301880,6,381.36,2211.17,
301880,6,298.31,1571.10,
301880,2,142.27,255.59,
301880,5,128.74,609.64,
301881,1,36.00,33.22,
301881,6,11.44,60.65,
301881,5,49.37,225.44,
301881,6,75.12,396.92,
301884,5,112.45,462.62,
301884,6,134.51,687.62,
301884,2,33.59,57.68,
301884,3,171.95,443.33,
301884,1,56.61,46.91,
301884,5,162.62,645.04,
301884,4,493.17,1660.87,
301884,4,137.71,479.17,
301886,4,18.97,61.46,
301886,1,26.02,22.45,
301886,6,16.94,83.02,
301886,3,33.43,87.56,
301886,5,60.57,241.41,
301886,4,34.52,118.21,
301886,5,448.14,1763.08,
301886,6,296.73,1421.60,
301886,7,212.79,1218.83,
301886,2,129.45,202.92,
301886,3,132.66,310.86,
301886,3,325.08,843.29,
301889,3,135.83,322.85,
301889,2,24.60,36.98,
301889,1,305.87,221.43,
301889,2,121.44,184.56,
301889,4,88.80,270.69,
301889,5,137.41,528.11,
301889,5,26.30,92.61,
301890,4,74.81,266.58,
301890,4,146.38,525.67,
301891,3,427.56,1078.32,
301891,4,30.03,109.46,
301891,1,25.27,22.71,
301891,4,8.76,32.19,
301891,4,76.93,257.75,
301891,7,31.65,198.48,
301891,3,16.27,43.01,
301895,4,237.60,753.72,
301895,4,406.98,1286.30,
301895,4,58.32,217.41,
301896,4,497.76,1693.88,
301896,1,62.46,52.12,
301896,5,115.29,466.44,
301896,6,194.75,956.47,
301896,4,57.16,180.94,
301898,8,13.58,84.64,
301898,3,301.14,648.45,
301898,2,62.77,96.96,
301898,2,119.33,167.46,
301898,4,90.14,286.05,
301899,5,84.70,386.14,
301899,4,144.41,480.33,
301899,7,8.42,50.78,
301899,5,61.61,260.71,
301899,10,60.76,560.72,
301899,5,148.96,608.89,
301899,4,107.03,388.68,
301899,6,122.60,657.18,
301902,5,477.36,1865.92,
301902,3,258.72,576.91,
301902,1,22.18,16.87,
301902,4,41.40,132.59,
301902,5,59.23,222.52,
301902,4,12.13,39.58,
301903,6,18.97,84.62,
301903,7,31.45,178.07,
301903,3,548.25,1165.33,
301903,6,555.39,2519.81,
301903,3,16.49,36.05,
301903,5,451.50,1755.29,
301903,6,119.86,549.18,
301903,4,45.68,139.15,
301904,2,204.18,380.08,
301904,3,91.87,229.57,
301904,6,11.96,67.88,
301904,6,7.70,43.74,
301904,3,48.69,121.22,
301904,5,237.84,1130.36,
301904,2,433.02,795.39,
301904,3,8.03,23.11,
301904,1,542.13,489.41,
301904,4,13.38,47.19,
301905,5,166.44,654.32,
301905,4,233.76,743.91,
301905,4,205.41,665.92,
301905,5,7.26,29.79,
301910,8,70.96,462.75,
301910,2,165.53,277.52,
301910,4,512.04,1550.86,
301911,6,379.68,1760.97,
301911,2,60.33,95.27,
301912,3,247.92,618.08,
301912,7,67.04,401.03,
301912,3,102.05,255.88,
301914,3,107.97,256.69,
301914,6,293.27,1446.31,
301914,6,16.34,81.27,
301914,4,124.37,374.16,
301914,3,379.26,910.54,
301914,5,136.49,511.54,
301914,6,192.19,911.09,
301914,5,391.44,1574.00,
301914,7,297.99,1679.23,
301914,5,223.04,897.74,
301914,4,47.70,155.12,
301915,4,12.80,44.20,
301915,4,32.11,111.50,
301915,3,96.48,259.59,
301915,6,429.66,2289.61,
301917,5,106.20,495.57,
301917,6,12.63,68.26,
301917,2,55.27,92.65,
301917,2,319.73,539.32,
301917,4,182.34,573.28,
301917,4,8.54,28.98,
301917,4,8.06,27.40,
301917,3,184.71,506.42,
301919,2,332.33,624.68,
301919,6,188.85,975.91,
301921,2,12.09,21.63,
301921,3,185.73,449.51,
301921,3,16.94,43.26,
301921,9,185.15,1403.67,
301921,6,186.96,918.25,
301921,6,33.53,163.66,
301924,4,34.22,106.24,
301924,4,202.34,622.38,
301924,3,399.42,960.85,
301924,2,557.94,839.42,
301924,2,12.19,19.14,
301924,3,18.59,43.41,
301924,2,16.74,26.63,
301924,1,115.17,95.21,
301924,6,45.54,203.46,
301924,2,391.02,607.97,
301924,5,112.45,457.32,
301925,7,157.62,962.69,
301925,2,35.11,55.96,
301925,3,386.82,1054.14,
301925,2,396.06,758.66,
301925,4,431.34,1556.40,
301925,6,46.49,256.79,
301925,2,61.98,110.33,
301925,4,288.86,1113.87,
301925,4,47.12,161.48,
301925,5,8.66,39.67,
301925,3,117.29,310.20,
301925,2,11.30,19.49,
301927,4,16.25,45.93,
301927,5,12.70,46.07,
301927,2,216.48,340.29,
301927,5,30.13,113.23,
301927,4,221.52,683.73,
301927,5,23.23,85.82,
301927,2,129.21,178.34,
301928,3,57.04,133.16,
301928,5,8.58,34.11,
301928,6,11.79,52.84,
301928,6,41.45,184.94,
301928,3,66.00,161.74,
301928,7,88.90,493.76,
301930,2,98.78,187.81,
301930,7,103.01,685.33,
301930,5,213.20,876.82,
301930,4,113.75,432.42,
301930,4,161.73,588.05,
301932,2,25.85,43.34,
301932,5,218.64,930.71,
301932,5,219.60,886.63,
301932,2,41.63,69.15,
301932,2,207.87,347.97,
301932,5,26.16,112.31,
301934,3,152.15,361.90,
301934,2,400.26,717.86,
301934,3,63.56,169.00,
301934,2,295.16,490.57,
301934,4,98.02,312.35,
301934,6,163.25,799.89,
301934,5,121.57,507.51,
301934,2,16.29,25.69,
301934,2,44.87,75.53,
301935,6,127.79,651.68,
301935,6,123.90,603.15,
301935,4,149.11,534.92,
301935,1,202.75,166.03,
301935,2,12.83,21.36,
301935,2,428.40,698.25,
301935,3,31.91,76.49,
301935,3,231.12,561.71,
301935,7,19.01,107.72,
301936,6,31.02,165.25,
301936,5,18.13,77.78,
301937,3,163.25,425.15,
301937,2,161.88,295.97,
301937,5,109.74,474.53,
301937,7,184.10,1109.93,
301937,4,47.07,160.81,
301937,8,166.74,1163.23,
301937,4,44.33,151.95,
301941,5,21.62,78.44,
301941,2,18.79,29.80,
301941,4,13.08,42.03,
301941,4,144.28,455.92,
301941,7,45.18,246.40,
301941,5,159.60,626.65,
301941,3,22.30,54.03,
301941,5,87.84,343.01,
301941,4,30.23,95.87,
301941,3,17.78,43.66,
301941,3,8.39,19.73,
301941,4,126.85,384.80,
301942,4,17.14,54.92,
301942,5,7.40,30.68,
301942,6,85.02,404.40,
301942,5,165.79,719.40,
301942,5,551.82,2219.77,
301942,5,75.83,308.78,
301942,2,217.20,341.18,
301942,4,23.74,76.22,
301942,4,25.03,86.38,
301942,2,245.28,406.33,
301943,5,77.17,272.13,
301943,4,438.90,1317.73,
301943,5,22.58,85.56,
301943,4,25.34,75.06,
301943,3,8.66,18.96,
301943,3,140.75,305.03,
301943,3,231.12,506.54,
301944,4,119.77,355.78,
301944,2,17.66,27.92,
301944,4,17.17,55.54,
301944,3,159.46,375.89,
301944,5,137.71,513.73,
301946,6,7.50,34.72,
301946,4,65.21,207.00,
301946,6,514.59,2219.75,
301946,3,124.08,273.93,
301946,4,391.02,1147.91,
301946,4,257.52,780.72,
301948,2,32.77,49.75,
301948,3,65.27,174.26,
301948,3,194.34,521.50,
301948,8,196.19,1269.21,
301948,2,12.98,20.54,
301948,5,22.97,92.78,
301948,4,84.07,287.84,
301948,5,219.35,892.79,
301948,1,64.29,55.36,
301948,3,19.57,44.71,
301948,2,135.70,227.20,
301948,6,103.97,488.34,
301950,2,80.93,142.09,
301950,5,318.78,1525.00,
301950,3,74.03,194.55,
301950,3,123.42,342.91,
301950,4,55.75,203.18,
301950,5,62.65,280.31,
301950,5,12.66,53.38,
301950,7,180.40,1100.48,
301950,4,133.32,469.60,
301954,4,159.81,556.29,
301954,6,31.25,160.93,
301954,5,32.18,148.92,
301954,3,16.60,42.55,
301954,4,71.12,249.03,
301960,5,106.32,428.78,
301960,6,173.18,746.99,
301960,6,18.02,79.86,
301960,3,510.51,1222.57,
301960,3,180.05,420.85,
301960,2,87.65,145.17,
301960,2,44.46,69.48,
301960,4,35.87,112.09,
301960,3,12.75,30.12,
301960,4,19.42,55.93,
301960,4,138.32,404.04,
301961,5,121.19,482.47,
301961,4,49.01,145.93,
301961,4,57.71,162.49,
301961,5,142.43,523.60,
301961,4,26.35,80.74,
301961,3,520.20,1073.51,
301962,3,524.79,1312.04,
301962,4,75.83,266.86,
301962,2,161.88,288.46,
301962,3,221.40,599.65,
301962,6,58.80,296.83,
301962,6,17.23,86.35,
301962,4,308.70,1053.61,
301964,4,180.58,620.92,
301964,5,234.96,1030.63,
301964,2,547.23,942.07,
301964,6,61.85,339.40,
301964,7,119.06,718.33,
301964,3,515.61,1303.88,
301964,4,41.27,132.34,
301965,4,26.06,87.26,
301965,4,59.84,190.92,
301968,4,217.51,778.79,
301968,4,464.10,1597.45,
301968,4,56.61,203.79,
301968,5,221.76,1039.97,
301968,4,548.25,1852.76,
301970,2,160.66,254.38,
301970,2,7.45,10.99,
301970,4,161.74,551.57,
301970,2,139.92,203.36,
301970,4,12.70,38.73,
301972,3,217.92,551.56,
301972,6,33.76,180.10,
301972,3,17.77,43.45,
301972,5,57.28,225.81,
301972,6,175.12,892.75,
301974,3,17.71,49.50,
301974,2,16.99,29.79,
301974,6,287.60,1595.25,
301974,5,58.07,254.43,
301975,5,13.31,58.33,
301975,6,256.56,1407.25,
301976,5,75.36,295.84,
301976,6,7.24,36.19,
301976,2,80.31,141.85,
301976,5,17.60,68.24,
301976,2,221.28,368.56,
301976,5,190.04,766.82,
301976,6,26.26,124.46,
301976,3,17.84,45.02,
301979,1,459.48,419.77,
301979,2,159.98,296.93,
301979,2,206.44,384.80,
301979,5,136.22,654.36,
301979,6,75.36,415.10,
301979,4,543.15,2088.66,
301980,3,178.64,415.72,
301980,5,307.76,1309.28,
301980,5,220.80,985.25,
301986,3,134.24,353.72,
301986,3,95.14,270.52,
301986,6,78.89,468.48,
301986,2,148.20,264.50,
301986,2,61.37,116.32,
301987,5,31.35,125.47,
301987,5,165.83,648.78,
301987,6,72.53,333.82,
301987,6,147.44,711.07,
301987,6,18.58,98.47,
301987,5,43.56,193.47,
301987,5,420.00,1746.00,
301987,4,172.30,544.00,
301987,6,410.76,2221.82,
301987,6,41.40,207.05,
301988,7,123.82,612.00,
301988,4,8.72,22.75,
301989,6,152.30,863.15,
301989,5,120.91,531.68,
301989,5,126.85,560.34,
301989,3,502.86,1391.18,
301989,2,96.00,171.40,
301989,3,493.17,1368.54,
301989,6,552.84,3149.91,
301989,5,151.70,687.99,
301990,4,106.79,352.31,
301990,4,41.27,139.49,
301990,3,529.38,1351.84,
301990,4,172.30,572.23,
301990,2,110.21,178.21,
301990,4,11.71,37.66,
301990,3,44.73,113.12,
301990,3,239.28,519.33,
301990,1,332.64,248.51,
301990,5,142.03,579.43,
301990,4,551.82,1686.17,
301990,8,36.20,233.56,
301991,7,251.76,1453.72,
301991,7,125.80,712.19,
301991,2,7.32,11.88,
301991,3,241.68,592.89,
301992,8,22.99,168.99,
301992,3,552.33,1451.73,
301992,2,193.42,369.50,
301992,3,171.42,463.39,
301992,6,54.96,299.99,
301992,7,29.70,186.19,
301992,4,181.46,664.29,
301992,5,18.83,87.67,
301992,4,185.50,691.24,
301992,4,435.54,1682.95,
301996,5,405.30,1739.94,
301996,6,239.76,1206.29,
301996,5,55.57,244.73,
301996,5,192.72,839.11,
301997,1,17.23,14.11,
301997,4,23.81,78.85,
301997,3,332.64,853.57,
301997,5,222.63,791.38,
301997,4,134.24,429.95,
301997,3,125.20,283.65,
301997,3,123.66,261.36,
302001,4,58.26,180.63,
302001,8,32.54,204.86,
302001,3,17.78,43.14,
302001,7,88.13,461.47,
302001,4,419.16,1266.96,
302001,5,63.56,237.53,
302001,5,241.44,910.48,
302001,5,7.40,29.24,
302002,2,25.87,39.60,
302002,5,23.64,84.18,
302002,4,509.49,1600.64,
302002,2,73.32,120.97,
302003,2,75.91,134.65,
302003,4,431.76,1624.44,
302003,1,128.57,111.26,
302003,3,76.54,194.57,
302003,2,237.12,429.75,
302003,5,102.82,454.41,
302003,1,181.46,158.78,
302003,1,410.76,359.65,
302004,3,26.18,54.76,
302004,2,201.52,304.92,
302004,4,24.26,73.16,
302006,5,256.32,1118.00,
302006,2,32.34,54.94,
302006,6,189.20,962.88,
302006,4,165.26,618.72,
302006,3,129.80,330.18,
302006,2,12.50,21.56,
302006,2,25.39,44.99,
302006,5,294.21,1317.44,
302006,5,192.19,832.38,
302007,2,57.71,103.89,
302007,3,155.34,426.27,
302007,4,312.80,1089.99,
302007,1,8.04,7.56,
302008,4,397.32,1464.88,
302008,4,309.65,1153.59,
302008,5,66.92,287.22,
302008,4,295.79,966.95,
302008,6,188.32,1002.17,
302008,3,135.83,335.37,
302008,3,73.55,182.51,
302008,2,77.01,133.45,
302008,5,143.22,609.53,
302008,5,190.45,872.35,
302008,5,492.66,2047.00,
302009,1,143.75,110.14,
302009,1,87.46,68.85,
302009,2,8.68,13.34,
302009,7,12.99,71.78,
302009,4,23.98,77.21,
302009,2,108.80,160.53,
302009,3,172.66,380.99,
302009,4,63.68,221.83,
302009,2,23.42,37.57,
302010,5,164.56,655.74,
302010,3,44.87,113.87,
302010,1,13.04,11.36,
302010,3,101.47,258.77,
302010,6,328.55,1708.20,
302010,6,64.42,330.42,
302010,1,404.04,359.81,
302012,3,237.36,562.37,
302012,3,89.09,202.52,
302012,4,72.14,236.76,
302012,2,454.86,737.29,
302012,4,105.22,358.04,
302012,1,98.30,75.90,
302012,5,73.16,280.18,
302013,1,7.66,6.09,
302013,4,83.37,265.01,
302013,4,165.44,505.56,
302013,2,72.77,114.19,
302015,3,8.72,21.86,
302015,6,298.94,1598.05,
302015,4,137.15,474.82,
302015,7,129.76,792.05,
302015,6,61.67,345.34,
302016,8,161.12,1044.99,
302016,3,206.03,514.41,
302016,6,220.38,1102.98,
302016,4,512.04,1601.75,
302016,4,503.37,1761.43,
302016,5,13.13,50.95,
302016,5,18.05,76.41,
302016,5,334.53,1322.27,
302017,2,112.93,194.37,
302017,5,98.59,399.79,
302017,5,165.83,673.37,
302017,3,414.54,1030.95,
302018,7,119.46,730.49,
302018,4,60.94,207.97,
302018,3,24.65,66.75,
302018,1,97.92,84.08,
302018,3,489.60,1282.59,
302018,3,8.44,20.72,
302018,2,205.41,352.66,
302018,4,97.82,327.81,
302019,8,130.02,854.26,
302019,3,19.55,47.69,
302019,4,61.43,215.87,
302019,4,35.57,111.98,
302019,4,163.10,540.87,
302020,6,8.58,44.92,
302020,5,291.69,1253.13,
302020,2,107.62,182.64,
302020,5,18.88,89.37,
302020,6,195.37,1010.99,
302020,7,12.45,75.04,
302020,3,25.85,65.32,
302020,5,314.69,1321.50,
302020,10,215.46,1803.91,
302022,4,22.82,77.33,
302022,7,193.32,1141.03,
302022,4,182.86,636.39,
302022,4,42.08,141.73,
302022,5,55.21,216.09,
302022,5,22.13,90.77,
302022,9,33.69,248.77,
302022,3,551.31,1433.68,
302022,4,19.69,68.75,
302022,1,12.84,10.72,
302022,5,92.74,390.37,
302022,1,94.66,76.77,
302023,7,378.42,2072.92,
302023,5,497.25,1904.34,
302023,4,81.09,247.37,
302023,5,150.33,628.02,
302023,4,129.76,391.26,
302023,3,141.50,310.13,
302023,3,133.45,327.59,
302023,5,11.93,46.68,
302023,3,201.31,416.66,
302023,2,542.13,835.65,
302029,3,158.99,363.67,
302029,2,26.26,40.78,
302029,2,22.99,32.57,
302029,4,8.41,23.23,
302029,5,18.23,73.74,
302029,6,13.10,62.69,
302033,8,75.52,511.71,
302033,4,44.73,154.70,
302033,7,140.71,896.26,
302035,5,237.60,958.54,
302035,3,97.15,215.00,
302035,2,122.89,202.90,
302035,4,13.25,40.55,
302035,4,113.87,360.81,
302035,5,7.70,29.78,
302035,3,329.49,805.84,
302035,3,162.98,389.04,
302044,4,41.18,121.95,
302044,3,186.76,423.42,
302044,3,21.74,53.13,
302044,7,144.28,752.89,
302044,2,25.92,38.51,
302044,5,143.79,590.10,
302044,3,17.06,37.36,
302045,3,322.25,802.07,
302045,3,43.97,117.05,
302045,3,136.09,357.18,
302045,7,539.58,3252.66,
302047,4,192.90,665.59,
302047,3,126.06,331.93,
302047,2,163.25,278.65,
302047,2,128.17,217.00,
302047,3,16.83,44.80,
302047,3,23.42,60.46,
302047,2,19.30,32.01,
302047,4,42.62,151.95,
302047,3,22.10,57.24,
302048,2,25.18,43.85,
302048,6,11.75,61.72,
302048,8,252.00,1653.48,
302048,6,123.66,627.21,
302048,5,95.23,361.01,
302048,6,324.77,1575.24,
302048,3,8.30,19.97,
302048,5,392.28,1633.09,
302048,4,44.91,150.89,
302048,4,13.09,42.30,
302048,3,514.59,1312.01,
302048,7,55.27,310.96,
302049,2,127.38,234.69,
302049,6,114.58,615.22,
302049,2,63.87,115.15,
302049,9,153.37,1164.11,
302049,4,19.53,65.10,
302049,2,73.48,130.31,
302049,6,12.51,66.38,
302049,6,16.94,90.44,
302049,4,40.64,131.24,
302049,3,194.34,542.38,
302050,8,11.31,77.00,
302050,4,507.45,1662.08,
302050,3,437.64,1040.35,
302050,3,218.33,550.14,
302050,2,198.03,334.77,
302050,2,7.33,13.46,
302050,4,8.58,29.62,
302050,1,35.51,31.37,
302050,3,137.94,359.19,
302050,4,87.55,278.99,
302050,5,243.12,1079.64,
302051,2,551.31,975.68,
302051,7,462.06,3075.63,
302051,5,92.74,403.17,
302051,4,124.61,452.39,
302051,3,11.71,32.61,
302053,4,189.90,628.02,
302053,2,16.70,29.86,
302053,3,7.92,20.57,
302053,2,72.30,127.30,
302053,3,32.60,83.57,
302053,3,138.47,341.66,
302053,8,193.07,1280.64,
302053,4,86.59,280.77,
302053,4,243.84,796.25,
302053,3,21.60,47.63,
9302053,-3,7.92,-20.57,
302054,7,85.57,482.97,
302054,3,19.53,45.79,
302054,6,63.81,305.09,
302054,3,188.32,447.28,
302054,8,177.94,1080.62,
302054,6,32.77,157.13,
302054,4,62.71,202.52,
302054,3,102.91,233.59,
302054,5,317.84,1243.96,
302055,6,123.19,525.26,
302055,6,415.38,2019.28,
302055,5,159.30,587.31,
302055,3,132.26,301.11,
302055,3,32.31,76.32,
302055,7,198.65,1012.29,
302055,4,88.32,280.42,
302055,3,33.89,78.14,
302055,4,258.96,770.22,
302058,4,125.93,433.26,
302058,2,554.37,946.73,
302058,3,45.68,119.63,
302058,6,132.26,715.43,
302058,5,165.62,688.92,
302058,7,8.80,54.93,
302058,2,7.50,13.45,
302058,6,174.77,865.95,
302058,1,7.59,6.59,
302058,6,65.09,329.98,
302059,4,18.38,55.92,
302059,1,406.56,317.40,
302059,6,12.89,62.63,
302059,5,187.09,682.49,
302061,3,494.19,1193.29,
302061,4,338.31,1105.82,
302061,10,7.58,64.00,
302061,5,528.36,2172.28,
302061,6,220.17,1089.65,
302062,7,17.69,94.93,
302062,7,137.54,764.70,
302065,3,137.68,386.58,
302065,3,120.24,296.01,
302065,7,101.28,648.61,
302065,6,135.04,707.11,
302065,3,57.83,147.67,
302065,3,43.70,112.75,
302065,5,216.69,988.92,
302067,4,49.05,189.75,
302067,2,441.42,815.34,
302067,3,143.35,397.54,
302067,1,33.10,31.64,
302067,3,233.28,644.08,
302067,3,57.16,153.62,
302074,4,115.17,422.37,
302074,1,224.48,190.48,
302074,5,42.08,182.84,
302074,6,436.38,2107.91,
302074,6,8.40,42.49,
302074,4,17.14,58.00,
302074,2,326.03,515.93,
302080,4,12.54,36.10,
302080,4,94.18,303.95,
302080,3,13.58,32.38,
302080,4,420.00,1346.50,
302080,4,7.50,22.43,
302081,3,121.04,267.40,
302081,3,42.35,92.53,
302081,1,35.77,29.45,
302081,2,41.63,61.26,
302081,6,108.09,471.75,
302081,5,412.44,1427.31,
302081,2,107.85,164.79,
302081,3,45.09,97.25,
302081,4,44.91,138.94,
302082,5,25.01,110.75,
302082,6,40.73,214.99,
302082,3,92.06,218.50,
302082,3,22.56,60.57,
302082,8,196.39,1339.95,
302082,6,111.04,610.40,
302082,5,23.78,106.30,
302082,2,174.06,301.54,
302083,6,82.27,422.00,
302083,4,214.84,743.04,
302083,6,120.01,588.02,
302083,2,16.79,28.17,
302083,4,244.08,827.46,
302084,8,314.69,1779.75,
302084,6,299.25,1448.13,
302084,4,46.44,129.79,
302084,4,19.69,63.17,
302084,5,138.60,516.47,
302084,4,16.70,47.06,
302084,7,66.31,328.14,
302084,2,193.32,277.58,
302084,5,168.08,611.36,
302084,3,143.75,302.75,
302084,1,13.13,8.42,
302084,5,137.26,497.65,
302084,10,35.57,289.66,
302085,3,150.33,349.97,
302085,2,139.99,217.93,
302085,2,120.25,185.62,
302085,7,284.45,1521.24,
302088,2,116.11,184.62,
302088,5,453.18,1661.03,
302088,3,91.68,218.22,
302088,4,175.65,550.59,
302088,6,414.96,2036.28,
302088,3,66.61,153.91,
302088,2,284.13,427.46,
302088,7,12.13,67.49,
302088,4,392.28,1292.27,
302089,9,30.43,207.62,
302089,4,136.09,432.89,
302089,4,133.58,483.24,
302089,3,169.49,431.76,
302089,4,242.16,839.40,
302089,3,7.60,18.44,
302089,4,186.38,595.75,
302089,3,23.83,53.94,
302089,3,78.34,189.36,
302093,10,12.14,101.41,
302093,3,115.40,277.86,
302094,2,165.62,280.59,
302094,5,222.00,854.46,
302094,4,446.88,1451.64,
302094,5,98.11,449.05,
302094,4,124.02,422.25,
302094,4,202.54,624.94,
302094,5,85.57,376.47,
302094,5,174.42,738.81,
302094,6,115.76,592.88,
302094,2,237.36,399.94,
302094,1,121.31,93.49,
302095,4,290.12,991.10,
302095,3,17.82,43.27,
302095,6,34.62,172.74,
302095,7,105.50,595.28,
302095,4,138.93,483.35,
302095,5,404.46,1692.99,
302095,5,106.67,464.47,
302095,6,88.61,434.00,
302095,6,8.76,42.54,
302095,6,219.56,1084.01,
302095,4,86.11,271.28,
302095,5,261.84,1132.28,
302095,3,215.05,559.76,
302095,5,87.84,357.64,
302095,3,59.23,152.35,
302096,3,106.79,246.78,
302096,1,311.22,237.57,
302096,2,217.51,342.10,
302096,4,41.04,118.75,
302096,4,11.98,32.80,
302096,3,152.30,324.59,
302096,4,16.27,47.87,
302096,6,66.49,303.94,
302096,4,442.68,1329.72,
302096,4,19.55,54.95,
302096,5,496.74,1873.23,
302097,3,56.12,147.45,
302097,7,460.02,2745.19,
302097,5,41.90,172.18,
302097,4,90.43,310.71,
302097,2,460.32,731.71,
302098,3,189.55,445.97,
302098,7,138.47,696.91,
302098,2,13.60,19.56,
302098,3,71.28,151.34,
302098,2,317.52,455.77,
302098,3,8.10,18.21,
302098,4,74.34,224.32,
302098,5,128.03,450.22,
302100,6,149.42,795.93,
302100,5,34.19,158.49,
302100,3,7.98,21.31,
302103,5,58.68,239.41,
302103,5,49.46,214.32,
302103,3,18.86,50.79,
302103,6,222.96,1086.44,
302103,6,43.52,213.77,
302103,4,34.91,113.61,
302103,7,93.89,523.39,
302105,5,165.07,762.64,
302105,2,8.02,13.35,
302105,3,242.64,584.80,
302105,4,97.06,339.93,
302105,6,36.27,186.64,
302105,5,343.67,1394.90,
302105,3,126.59,315.50,
302108,6,104.74,511.94,
302108,9,174.94,1234.71,
302108,4,100.51,330.19,
302108,2,181.28,293.80,
302109,7,223.25,1175.08,
302109,4,243.60,734.16,
302109,2,237.60,346.10,
302109,3,17.68,41.44,
302109,2,489.09,715.00,
302109,5,193.60,733.46,
302109,2,32.44,47.18,
302109,6,138.17,619.63,
302109,4,164.56,508.26,
302109,2,34.58,50.20,
302109,3,8.37,17.92,
302109,4,340.83,1041.04,
302110,4,32.47,92.10,
302110,4,109.03,343.74,
302110,6,160.86,747.97,
302110,3,163.40,369.05,
302110,5,7.26,28.53,
302110,5,12.98,50.22,
302110,5,222.48,815.65,
302110,2,466.14,701.25,
302111,5,178.29,762.96,
302111,3,12.33,30.73,
302111,3,222.24,597.55,
302111,3,110.80,272.66,
302114,1,8.42,7.43,
302114,2,33.56,58.36,
302114,4,7.23,25.10,
302114,3,519.18,1297.09,
302115,5,93.50,341.31,
302115,6,31.12,134.88,
302115,8,31.91,172.39,
302115,2,173.01,262.43,
302115,7,168.61,836.78,
302115,3,17.51,40.22,
302118,4,33.43,115.68,
302118,6,13.51,68.38,
302118,5,86.35,373.75,
302118,2,13.38,22.97,
302118,4,144.70,478.20,
302118,2,154.58,273.29,
302119,6,80.31,467.80,
302119,3,135.30,357.50,
302119,1,128.44,116.10,
302119,2,90.82,170.19,
302119,3,31.94,83.43,
302119,4,124.61,409.95,
302119,4,82.90,273.39,
302119,3,122.84,330.31,
302119,3,212.38,594.84,
302119,8,66.19,463.66,
302119,4,66.25,216.87,
302120,3,32.31,76.95,
302120,2,42.80,72.54,
302120,4,222.43,656.75,
302120,6,546.72,2753.00,
302120,6,184.62,944.82,
302123,6,56.67,281.00,
302123,4,84.23,292.32,
302123,5,386.40,1613.69,
302123,3,529.89,1307.28,
302123,3,77.40,196.26,
302125,1,8.78,7.66,
302125,5,139.08,614.47,
302125,5,405.30,1802.91,
302125,3,311.54,839.32,
302125,6,48.47,240.83,
302125,9,23.06,194.30,
302125,2,258.48,475.09,
302125,1,130.02,109.21,
302125,3,24.12,67.78,
302125,5,30.26,125.59,
302125,3,525.81,1388.66,
302126,5,8.06,37.05,
302126,4,120.24,446.86,
302126,7,218.74,1361.90,
302126,5,13.25,61.80,
302126,3,107.26,297.02,
302128,1,22.13,19.81,
302128,3,8.14,20.52,
302128,8,140.32,950.61,
302128,7,427.98,2647.11,
302128,3,47.03,116.00,
302128,4,305.87,999.25,
302128,3,343.35,816.79,
302128,6,48.38,234.82,
302130,5,11.99,58.25,
302130,6,12.45,62.64,
302130,4,339.26,1215.53,
302130,5,41.45,179.05,
302131,6,91.87,448.55,
302131,4,82.58,294.18,
302131,5,102.34,427.66,
302131,3,35.67,92.03,
302132,4,336.74,1258.84,
302132,3,345.87,965.10,
302132,3,59.78,172.70,
302132,3,7.98,22.95,
302132,8,183.74,1348.72,
302135,1,11.56,10.07,
302135,5,313.11,1273.24,
302135,3,259.92,640.88,
302135,1,227.76,187.40,
302135,5,124.96,528.11,
302136,6,253.68,1289.30,
302136,4,222.02,702.71,
302136,2,141.97,236.03,
302138,1,24.91,18.85,
302138,5,141.97,529.89,
302138,2,40.55,61.01,
302139,2,11.85,16.91,
302139,3,537.03,1224.59,
302139,4,77.95,244.92,
302139,3,33.20,67.07,
302139,3,130.42,303.02,
302139,5,11.69,44.00,
302139,3,158.23,363.40,
302139,5,132.13,464.17,
302139,3,125.55,271.69,
302139,9,98.50,686.31,
302147,3,253.68,574.58,
302147,3,128.50,314.39,
302147,2,24.34,39.32,
302147,2,44.24,66.05,
302147,1,317.52,247.70,
302147,5,81.09,321.45,
302147,5,32.74,123.70,
302147,5,168.78,695.45,
302149,2,547.23,1006.26,
302149,2,26.35,45.74,
302149,4,441.00,1610.75,
302149,4,172.13,588.91,
302150,3,290.43,766.34,
302150,2,254.64,430.41,
302150,5,102.72,426.63,
302150,2,85.02,136.13,
302150,6,42.08,216.70,
302150,5,132.79,546.48,
302150,1,8.11,6.71,
302151,4,219.97,683.18,
302151,3,137.02,311.24,
302151,4,480.93,1508.33,
302151,3,93.02,220.67,
302151,7,56.49,287.64,
302152,3,186.91,451.17,
302152,6,43.47,205.06,
302152,2,71.59,109.10,
302152,4,196.39,576.81,
302153,7,413.70,2434.20,
302153,9,30.86,221.15,
302153,3,88.61,213.59,
302153,4,30.66,95.54,
302153,7,161.58,880.57,
302153,4,43.07,128.24,
302153,5,117.65,446.52,
302153,1,142.43,108.48,
302153,5,225.12,858.14,
302153,2,81.09,125.45,
302153,4,505.92,1554.25,
302155,3,222.02,483.43,
302155,6,315.63,1361.67,
302155,3,34.25,74.47,
302159,2,131.34,237.40,
302159,4,199.26,698.19,
302159,6,536.01,2974.37,
302159,2,122.60,192.10,
302159,3,72.61,164.23,
302159,3,218.16,532.47,
302159,2,19.49,33.82,
302160,5,309.96,1428.12,
302160,3,13.74,33.98,
302161,4,232.32,818.68,
302161,6,104.45,536.34,
302161,4,121.66,387.95,
302161,7,41.81,251.19,
302161,8,7.67,49.85,
302161,3,33.56,82.65,
302161,5,120.12,475.47,
302161,6,42.03,208.69,
302162,6,189.55,826.74,
302162,3,44.06,103.60,
302162,5,58.44,244.08,
302162,9,119.06,865.97,
302162,2,46.22,72.37,
302162,8,201.52,1176.51,
302164,5,145.62,554.86,
302164,3,86.19,214.02,
302164,6,251.04,1209.23,
302164,2,154.58,252.43,
302164,4,16.33,48.68,
302164,2,59.17,85.76,
302165,4,317.84,1042.84,
302165,2,145.16,250.74,
302165,5,70.73,326.26,
302165,3,124.25,336.19,
302165,3,89.47,234.89,
302165,5,514.59,2276.44,
302165,4,127.56,430.61,
302165,4,24.07,83.97,
302165,6,128.50,671.41,
302165,8,137.54,927.32,
302165,2,34.39,61.36,
302165,2,499.80,862.21,
302168,4,89.76,272.39,
302168,2,191.68,299.67,
302168,5,194.14,716.68,
302168,5,12.28,49.17,
302172,4,323.51,1067.31,
302172,4,340.52,1138.55,
302172,1,60.82,51.08,
302172,9,225.09,1745.30,
302172,3,32.80,85.56,
302172,5,7.62,30.43,
302172,4,193.93,618.26,
302172,2,208.90,350.13,
302172,5,8.26,34.93,
302172,4,160.69,553.73,
302175,3,160.36,376.32,
302175,1,459.90,344.27,
302175,11,259.92,2286.47,
302175,2,141.36,226.49,
302175,3,160.82,405.76,
302175,4,40.73,126.43,
302175,3,340.20,768.61,
302178,5,378.42,1740.93,
302178,3,18.31,49.70,
302178,4,249.36,873.83,
302178,3,7.31,21.09,
302178,2,95.23,166.11,
302178,3,17.89,45.65,
302178,6,128.57,662.64,
302178,3,65.27,179.87,
302178,7,308.07,1830.86,
302178,3,83.37,222.24,
302178,1,7.69,7.21,
302178,4,126.59,459.66,
302178,4,83.05,306.31,
302180,4,253.20,749.71,
302180,2,140.18,208.17,
302180,5,19.75,71.73,
302180,6,91.97,440.48,
302180,7,506.94,2822.16,
302180,7,399.42,1902.17,
302180,6,90.53,399.87,
302181,2,203.98,335.87,
302181,5,18.74,80.58,
302181,5,22.44,97.80,
302181,3,60.88,149.93,
302181,5,24.74,110.93,
302183,3,19.46,55.21,
302183,2,139.66,237.89,
302183,3,23.74,62.30,
302183,1,133.45,118.84,
302183,3,167.20,428.69,
302183,4,190.86,648.61,
302183,6,393.12,2099.83,
302183,2,114.34,189.02,
302183,4,188.14,689.41,
302186,2,198.44,361.98,
302186,9,411.18,3582.47,
302186,5,16.51,73.51,
302186,4,13.13,45.90,
302186,3,63.93,166.75,
302186,2,70.89,134.13,
302186,2,17.48,34.13,
302186,4,23.95,92.93,
302186,5,160.51,745.86,
302186,2,109.62,197.01,
302187,2,155.80,290.55,
302187,4,19.66,64.21,
302187,4,134.51,445.23,
302187,6,320.99,1675.26,
302187,3,119.65,321.93,
302187,2,224.89,405.65,
302187,4,64.84,237.38,
302187,2,98.88,176.47,
302187,5,100.70,412.48,
302188,4,216.48,694.61,
302188,3,257.76,639.03,
302188,4,62.71,191.90,
302188,4,458.64,1455.45,
302188,5,216.72,779.75,
302188,4,326.66,1001.30,
302188,2,160.06,248.19,
302188,3,42.44,98.83,
302188,3,121.57,289.56,
302188,8,18.45,122.57,
302188,4,92.83,295.66,
302191,6,105.50,519.45,
302191,4,32.21,98.35,
302191,5,41.45,162.77,
302191,2,65.76,106.04,
302191,4,176.35,573.29,
302191,5,22.20,84.73,
302192,5,98.69,402.60,
302192,3,101.57,245.91,
302192,8,242.88,1582.92,
302192,2,256.56,392.35,
302192,2,234.96,400.52,
302192,4,159.75,492.86,
302197,6,133.45,570.06,
302197,3,8.05,17.16,
302197,6,11.38,52.07,
302197,3,8.11,18.08,
302197,5,8.38,30.28,
302197,2,31.61,46.61,
302197,7,107.26,574.78,
302197,7,22.97,120.36,
302197,3,303.35,667.56,
302197,1,44.55,33.31,
302199,7,19.44,112.05,
302199,4,43.61,143.50,
302199,8,391.86,2701.18,
302199,2,164.16,276.15,
302201,3,77.01,211.55,
302201,3,227.04,550.86,
302202,6,7.43,37.75,
302202,4,42.48,150.65,
302202,6,339.57,1711.16,
302202,3,23.64,62.48,
302202,7,57.40,329.60,
302202,4,252.96,920.34,
302202,4,161.39,578.20,
302205,5,422.94,1659.21,
302205,1,43.02,32.71,
302205,2,238.56,348.58,
302205,5,240.00,919.34,
302205,3,25.54,57.92,
302205,5,241.68,921.59,
302205,3,186.91,416.23,
302208,5,75.83,277.16,
302208,4,250.80,802.12,
302209,5,57.10,228.07,
302209,4,16.83,56.87,
302209,3,46.22,112.16,
302209,6,219.12,1078.40,
302210,4,11.89,43.39,
302210,7,141.82,841.52,
302210,6,224.68,1175.50,
302210,5,72.77,326.77,
302211,6,18.79,88.51,
302211,7,115.52,664.66,
302211,10,201.52,1537.85,
302211,3,16.24,40.77,
302211,5,121.97,474.29,
302211,2,171.95,272.54,
302211,5,74.50,293.48,
302211,4,157.32,498.51,
302211,5,24.10,88.47,
302211,2,262.08,422.38,
302214,2,78.66,125.45,
302214,5,520.71,1971.18,
302214,2,417.06,582.34,
302214,5,41.31,152.61,
302215,3,65.09,149.87,
302215,9,72.77,430.43,
302215,3,22.18,47.06,
302215,3,495.21,950.80,
302215,5,192.09,757.17,
302215,3,210.54,506.30,
302215,5,338.00,1310.87,
302215,3,73.79,159.99,
302215,3,98.30,221.15,
302216,2,129.10,191.65,
302216,5,172.13,686.75,
302216,6,247.44,1214.59,
302216,3,213.00,551.97,
302217,5,166.29,748.39,
302217,4,16.27,57.38,
302217,5,319.10,1357.49,
302217,7,56.97,341.97,
302218,5,171.60,774.15,
302218,3,24.00,61.22,
302218,6,91.87,515.42,
302218,4,130.81,492.89,
302218,4,231.84,913.48,
302218,4,193.32,710.17,
302218,3,18.40,48.77,
302218,4,94.94,344.65,
302219,6,201.52,1075.07,
302219,6,7.77,43.12,
302219,5,41.72,198.96,
302219,7,407.40,2379.62,
302219,4,26.38,97.00,
302219,4,34.19,120.25,
302219,5,236.64,1100.46,
302219,3,26.28,72.77,
302219,4,73.48,263.52,
302220,3,163.33,427.80,
302220,4,48.11,172.69,
302220,7,17.62,111.86,
302220,5,192.70,819.58,
302220,4,12.91,46.37,
302220,3,32.57,83.77,
302222,2,113.16,168.08,
302222,9,124.14,833.95,
302222,4,306.18,952.16,
302222,2,152.61,223.77,
302223,3,31.22,77.66,
302223,2,176.53,273.12,
302223,7,40.68,209.34,
302223,3,13.34,33.22,
302223,3,7.49,18.23,
302223,3,311.22,698.01,
302225,7,81.09,522.95,
302225,3,18.65,47.96,
302225,3,122.60,311.73,
302225,2,33.50,58.14,
302225,5,118.83,545.01,
302225,6,58.13,312.67,
302227,3,304.29,703.17,
302227,4,8.00,26.09,
302227,2,65.58,108.38,
302227,5,318.78,1344.31,
302227,2,115.88,176.65,
302227,5,437.22,1696.68,
302227,2,44.51,75.50,
302227,5,304.29,1221.95,
302227,4,8.02,26.51,
302229,6,49.01,232.63,
302229,4,45.05,139.98,
302229,3,148.81,337.18,
302229,4,48.51,152.36,
302229,4,123.43,349.10,
302229,4,317.84,952.15,
302229,5,80.78,304.71,
302229,4,63.14,195.80,
302229,6,143.49,660.68,
302230,4,143.94,509.85,
302230,6,165.53,923.96,
302230,2,42.44,73.92,
302230,2,98.69,169.45,
302230,5,183.22,822.39,
302230,3,125.14,336.67,
302230,3,189.22,537.38,
302230,7,243.36,1473.58,
302231,6,475.83,2585.79,
302231,2,8.34,13.83,
302231,5,45.99,194.16,
302231,5,8.76,39.10,
302231,6,23.95,126.35,
302231,1,499.80,418.44,
302232,3,12.35,33.33,
302232,7,394.38,2538.03,
302232,4,145.92,483.11,
302232,5,30.92,141.94,
302232,2,164.46,302.82,
302232,4,99.07,330.54,
302232,5,32.44,141.28,
302232,2,159.81,277.36,
302232,5,8.16,36.89,
302232,5,74.65,328.46,
302233,4,140.58,447.69,
302233,4,94.46,288.22,
302233,5,391.02,1427.99,
302235,7,412.44,2082.99,
302235,5,186.96,723.97,
302235,8,56.91,351.21,
302235,3,121.70,276.02,
302239,5,24.60,98.81,
302239,6,343.98,1517.87,
302239,2,560.49,851.98,
302239,4,220.80,678.22,
302239,3,194.96,452.01,
302240,4,35.94,124.69,
302240,5,190.43,805.98,
302240,6,62.34,314.35,
302240,3,19.71,50.88,
302240,3,32.70,89.36,
302240,4,7.39,23.86,
302240,3,159.46,393.55,
302240,4,56.36,198.16,
302243,2,126.32,179.82,
302243,7,80.70,433.50,
302243,3,11.35,24.90,
302243,3,293.27,675.53,
302243,5,472.26,1661.78,
302243,6,18.04,78.89,
302243,2,30.13,44.67,
302243,4,21.70,65.49,
302246,2,328.23,533.58,
302246,3,8.48,20.52,
302246,4,121.57,431.37,
302246,3,461.55,1176.80,
302246,2,219.12,362.42,
302247,5,206.64,859.45,
302247,4,306.18,963.38,
302247,5,146.83,659.65,
302248,2,8.74,14.54,
302248,2,186.74,314.89,
302248,5,414.12,1784.69,
302248,6,47.07,232.86,
302250,2,120.12,218.03,
302250,5,162.03,748.82,
302250,6,121.70,623.88,
302250,3,188.60,521.89,
302250,3,24.58,69.36,
302250,2,71.12,122.45,
302250,5,127.09,569.93,
302250,4,19.44,70.50,
302250,1,138.02,117.49,
302250,2,435.54,818.64,
302250,6,33.59,192.03,
302250,4,23.26,84.55,
302252,8,65.76,477.30,
302252,4,43.47,153.75,
302252,2,13.63,21.36,
302252,5,234.72,1078.18,
302252,3,49.23,132.75,
302252,3,45.86,119.66,
302252,3,144.55,364.66,
302254,7,487.56,3141.34,
302254,5,210.74,958.56,
302254,2,17.12,28.94,
302254,3,521.73,1230.31,
302255,4,207.05,612.64,
302255,5,341.46,1451.51,
302255,5,13.48,50.39,
302255,2,31.02,48.76,
302255,2,45.32,75.66,
302255,2,12.79,20.06,
302255,3,7.78,16.25,
302255,3,41.00,99.45,
302255,3,224.16,501.67,
302255,6,129.68,583.49,
302255,4,18.65,57.49,
302255,5,165.53,643.00,
302255,1,12.63,9.88,
302255,5,183.04,717.45,
302255,4,41.81,129.47,
302256,7,33.03,211.16,
302256,3,95.71,226.87,
302256,7,60.45,363.48,
302256,4,23.57,78.96,
302256,1,22.90,20.62,
302256,8,332.01,2237.58,
302256,2,151.24,249.33,
302256,6,192.02,982.76,
302256,4,438.90,1521.86,
302259,6,87.36,484.52,
302259,6,435.12,2236.85,
302259,2,110.57,194.62,
302259,4,102.72,359.30,
302259,4,41.04,136.63,
302259,4,406.14,1492.41,
302260,3,185.86,473.28,
302260,3,168.43,428.03,
302260,4,95.04,298.92,
302260,5,380.10,1648.79,
302260,7,283.82,1717.16,
302261,3,97.15,217.20,
302261,2,31.75,43.83,
302261,5,11.96,43.62,
302261,2,61.00,90.81,
302261,6,12.55,56.41,
302261,3,337.37,729.85,
302261,2,31.42,46.17,
302261,4,149.72,467.67,
302261,4,23.64,72.05,
302261,3,25.78,60.02,
302261,7,35.08,191.19,
302261,3,13.44,30.54,
302261,3,177.23,397.92,
302261,4,95.52,296.80,
302261,6,30.36,136.63,
302262,4,12.83,44.59,
302262,2,163.68,277.35,
302262,5,442.26,1937.88,
302264,5,131.60,528.03,
302264,2,26.38,48.85,
302264,2,139.08,243.10,
302264,5,127.56,566.94,
302264,4,7.41,25.56,
302264,5,188.85,850.20,
302264,3,34.78,86.63,
302265,4,8.69,33.33,
302265,3,56.06,149.11,
302265,5,62.46,278.46,
302265,3,211.36,619.21,
302265,3,47.97,126.13,
302265,4,317.52,1168.18,
302266,3,159.30,357.29,
302266,3,17.50,42.85,
302266,2,11.40,19.56,
302266,5,44.24,166.85,
302266,2,26.11,42.28,
302266,3,29.73,76.72,
302266,4,516.12,1700.59,
302266,3,103.68,253.52,
302266,5,118.71,482.11,
302266,2,99.65,157.12,
302266,4,82.03,264.09,
302266,4,170.54,571.00,
302266,1,500.82,381.85,
302266,8,406.56,2616.00,
302266,2,29.87,52.73,
302267,3,63.81,162.31,
302267,5,7.94,34.95,
302267,5,100.13,436.92,
302267,1,16.54,15.27,
302267,2,21.89,36.22,
302267,5,89.95,381.65,
302269,4,32.74,92.51,
302269,3,33.69,81.21,
302269,6,42.26,186.41,
302269,6,390.60,1751.07,
302270,4,12.24,36.73,
302270,1,24.72,19.13,
302270,4,220.08,649.69,
302270,7,170.37,1015.95,
302270,7,86.04,449.38,
302270,4,65.51,199.24,
302270,5,23.76,88.62,
302271,5,118.12,544.38,
302271,4,458.64,1562.51,
302271,5,48.65,216.83,
302271,11,13.64,136.92,
302271,3,47.30,130.02,
302271,1,161.04,149.51,
302271,7,145.31,853.75,
302273,2,12.26,21.71,
302273,3,18.86,51.36,
302273,5,195.78,875.00,
302273,6,57.83,307.87,
302273,2,167.05,316.83,
302273,3,13.66,34.34,
302273,5,103.20,500.03,
302275,5,25.58,92.94,
302275,2,12.20,17.20,
302275,4,61.92,180.51,
302275,5,452.76,1598.38,
302275,4,17.60,48.26,
302275,4,175.30,592.19,
302276,4,137.86,458.49,
302276,4,34.12,118.85,
302276,4,30.00,103.51,
302276,3,165.53,395.63,
302276,12,57.89,646.64,
302276,1,130.28,108.21,
302276,4,13.31,46.31,
302276,3,7.95,20.93,
302276,2,23.14,38.84,
302276,3,152.46,395.92,
302276,5,477.36,1902.38,
302276,3,394.38,995.42,
302276,7,32.41,195.14,
302277,3,63.26,130.42,
302277,3,435.12,1098.44,
302277,3,75.20,189.17,
302277,5,48.42,168.78,
302277,6,62.34,278.78,
302277,6,168.61,685.80,
302277,2,218.16,339.88,
302278,4,24.19,76.38,
302278,3,32.93,87.43,
302278,4,297.99,1025.34,
302278,4,204.59,694.39,
302278,3,36.20,94.43,
302278,9,189.83,1520.39,
302278,3,340.52,878.68,
302279,6,419.58,2061.58,
302279,2,12.58,18.73,
302279,3,238.08,551.88,
302279,2,84.94,135.70,
302280,2,139.13,222.82,
302280,7,223.86,1391.19,
302282,2,18.43,32.00,
302282,4,16.85,57.70,
302282,3,49.05,119.53,
302282,2,141.06,234.48,
302282,1,137.41,113.41,
302282,3,330.44,862.49,
302282,4,181.46,627.88,
302282,2,410.34,712.19,
302284,4,479.91,1537.06,
302284,7,62.53,370.79,
302284,4,456.96,1495.83,
302284,2,80.62,125.01,
302284,2,308.70,502.71,
302284,7,8.70,49.51,
302284,2,7.92,13.36,
302286,4,166.29,514.93,
302286,7,129.09,657.18,
302286,3,29.90,70.86,
302287,5,162.64,709.99,
302287,4,124.48,428.53,
302287,6,97.92,535.38,
302287,4,46.98,158.85,
302287,5,84.07,366.55,
302287,3,171.78,419.16,
302288,4,131.60,470.05,
302288,5,194.14,883.44,
302288,5,7.84,36.41,
302288,2,226.56,437.87,
302296,8,207.87,1392.38,
302296,6,169.31,812.83,
302296,5,391.44,1532.31,
302296,4,140.05,412.22,
302296,5,25.10,92.44,
302296,4,78.89,231.58,
302296,5,24.10,99.90,
302296,5,430.08,1628.15,
302296,3,96.86,229.03,
302296,5,121.07,449.59,
302296,1,30.00,22.75,
302296,4,48.15,156.14,
302296,3,46.67,102.34,
302296,4,12.00,41.88,
302296,9,380.10,2736.94,
302297,3,124.02,313.85,
302297,2,143.94,241.86,
302297,2,86.78,150.04,
302297,3,32.87,84.21,
302297,7,132.92,766.84,
302297,3,127.64,317.93,
302297,6,85.17,446.41,
302299,4,35.38,104.88,
302299,6,178.99,844.89,
302299,3,86.35,202.65,
302299,7,16.97,84.55,
302299,4,43.70,138.73,
302299,5,18.49,69.58,
302299,5,42.93,175.24,
302299,5,13.30,49.37,
302299,4,130.15,396.53,
302299,3,75.91,184.18,
302299,1,133.98,108.01,
302299,6,98.50,442.08,
302300,3,19.62,50.01,
302300,6,12.86,68.79,
302300,7,12.98,85.56,
302300,4,118.93,382.76,
302300,5,81.80,362.59,
302300,5,117.29,502.92,
302300,3,258.48,705.54,
302300,6,338.63,1730.37,
302300,5,261.84,1127.12,
302302,3,488.07,1254.30,
302302,5,19.10,81.02,
302302,4,506.94,1635.98,
302302,2,21.60,34.70,
302306,2,11.44,18.41,
302306,3,16.51,39.87,
302306,3,168.78,358.83,
302306,3,17.96,40.75,
302306,3,81.17,169.37,
302306,5,45.36,183.16,
302306,3,13.49,30.10,
302306,5,151.09,579.07,
302306,6,24.48,108.09,
302306,3,483.48,1073.59,
302309,4,224.68,741.32,
302309,3,164.31,380.08,
302311,6,23.30,109.36,
302311,7,156.10,895.24,
302311,4,25.08,83.44,
302311,6,123.82,635.03,
302311,3,524.79,1278.97,
302311,5,22.06,91.84,
302311,6,81.48,402.51,
302313,3,57.58,143.72,
302313,2,103.20,169.70,
302313,6,17.80,87.56,
302313,4,340.20,1056.28,
302314,5,26.04,98.10,
302314,2,11.40,16.04,
302314,5,163.50,677.92,
302314,4,60.09,190.36,
302314,7,554.37,2899.23,
302314,2,46.62,73.35,
302315,2,138.78,209.81,
302315,3,8.32,19.41,
302315,8,16.40,97.91,
302317,7,11.74,66.00,
302317,4,23.38,82.16,
302317,6,135.30,675.72,
302317,6,139.66,650.11,
302317,2,41.09,64.62,
302318,1,31.48,23.92,
302318,8,150.33,804.56,
302318,5,23.21,86.65,
302318,5,56.24,226.44,
302318,3,17.42,39.32,
302318,5,85.49,327.14,
302318,2,97.25,154.80,
302318,3,143.18,300.61,
302318,3,192.54,426.62,
302318,5,147.14,584.34,
302318,5,107.97,390.35,
302318,3,11.49,26.86,
302318,4,31.28,83.88,
302318,1,187.58,138.24,
302320,4,108.91,350.52,
302320,3,82.66,217.91,
302320,6,17.69,86.41,
302320,4,25.61,85.44,
302327,4,35.71,116.71,
302327,5,43.43,183.32,
302327,4,517.65,1680.31,
302327,5,32.87,151.42,
302327,3,106.79,270.59,
302327,5,47.25,202.65,
302327,2,42.48,70.79,
302327,3,208.49,517.02,
302327,5,35.24,155.45,
302329,5,32.47,138.52,
302329,4,314.37,1204.88,
302329,7,258.00,1531.20,
302329,4,124.21,429.89,
302329,9,123.02,986.57,
302331,7,165.38,1002.30,
302331,4,83.68,275.23,
302331,5,223.92,930.44,
302331,3,255.84,640.23,
302331,4,41.94,145.42,
302331,5,194.55,824.70,
302331,6,47.61,250.19,
302331,4,503.37,1781.22,
302331,3,91.30,223.53,
302331,4,190.43,609.69,
302331,4,244.08,869.17,
302332,7,73.48,384.35,
302332,8,92.06,576.30,
302332,3,41.99,90.30,
302332,2,8.35,13.32,
302332,4,45.09,138.40,
302332,8,49.01,288.48,
302334,8,93.12,586.37,
302334,2,34.72,55.26,
302334,9,8.50,58.64,
302334,6,152.00,715.26,
302334,10,59.72,466.42,
302334,3,85.88,218.66,
302335,4,93.12,294.68,
302335,3,45.81,112.62,
302335,5,176.00,695.90,
302335,4,393.12,1357.63,
302335,5,308.70,1203.47,
302335,5,80.31,330.21,
302335,5,84.31,338.99,
302335,3,134.77,319.68,
302336,2,107.38,174.81,
302336,3,11.59,28.13,
302336,2,22.22,35.42,
302336,5,505.41,1914.45,
302336,4,33.99,103.93,
302336,3,174.59,386.66,
302337,2,41.09,73.08,
302337,3,98.40,251.20,
302337,8,149.72,971.84,
302337,5,124.34,494.33,
302338,5,521.73,2194.20,
302338,4,139.23,504.01,
302338,4,47.43,171.65,
302338,8,128.03,891.31,
302338,2,137.86,233.83,
302338,6,12.45,68.07,
302338,1,33.50,29.49,
302338,1,162.64,150.36,
302338,4,7.59,24.88,
302340,3,414.96,907.75,
302340,3,435.96,1038.18,
302340,6,123.42,561.69,
302340,3,133.45,318.94,
302340,1,19.67,15.48,
302340,6,73.32,336.54,
302340,5,43.25,173.47,
302342,7,105.22,649.92,
302342,5,19.58,90.46,
302342,6,74.89,388.74,
302342,10,43.83,359.91,
302342,4,74.89,264.00,
302342,3,156.86,427.00,
302342,4,29.73,102.95,
302342,6,163.40,864.05,
302342,6,141.21,742.77,
302342,2,88.32,153.23,
302342,4,81.80,275.21,
302345,3,145.07,336.77,
302345,3,304.61,719.21,
302345,2,451.50,651.33,
302345,4,7.93,25.43,
302345,3,143.34,321.47,
302346,4,81.72,284.00,
302346,2,16.92,27.54,
302346,2,396.06,651.82,
302346,2,221.04,364.16,
302346,3,228.72,559.11,
302346,3,182.51,463.03,
302346,4,176.00,558.44,
302348,3,48.38,117.52,
302348,5,492.66,1945.51,
302348,4,143.75,480.22,
302348,6,8.32,40.09,
302348,3,12.43,29.19,
302348,4,163.33,474.36,
302348,7,155.50,890.62,
302348,6,163.15,761.70,
302348,2,7.70,11.50,
302348,5,116.47,426.79,
302350,1,198.44,174.24,
302350,3,258.24,648.98,
302350,1,64.42,55.85,
302350,5,77.09,329.07,
302350,3,17.53,41.66,
302350,3,88.42,221.20,
302352,4,26.06,95.39,
302352,6,244.08,1256.59,
302352,1,128.74,109.29,
302352,1,35.81,32.90,
302352,2,193.25,330.61,
302352,4,88.22,282.53,
302352,4,159.60,554.11,
302352,1,34.75,29.77,
302353,7,141.90,803.54,
302353,6,23.33,111.83,
302353,2,8.52,13.77,
302353,6,125.08,606.15,
302353,3,139.69,296.95,
302354,4,181.98,625.85,
302354,5,18.63,81.37,
302354,7,48.20,281.23,
302354,5,186.38,757.37,
302354,4,335.79,1148.67,
302354,3,148.96,369.79,
302356,5,47.75,197.46,
302356,7,133.32,703.56,
302356,3,255.12,604.53,
302356,3,216.69,546.66,
302357,3,462.57,1120.00,
302357,3,198.44,470.14,
302357,2,247.68,411.45,
302357,5,208.69,828.03,
302363,3,431.76,947.25,
302363,3,415.80,952.34,
302363,2,464.10,690.69,
302363,6,106.79,458.64,
302363,4,12.93,38.76,
302363,5,255.12,932.14,
302365,3,40.82,113.32,
302365,3,342.09,926.96,
302365,2,43.25,78.06,
302365,4,8.14,29.31,
302365,2,23.95,43.16,
302365,6,513.06,2693.99,
302366,6,219.12,961.76,
302366,3,25.85,58.30,
302366,7,287.28,1558.45,
302366,4,235.44,765.79,
302366,4,65.33,197.61,
302366,7,85.41,469.06,
302366,3,155.65,363.18,
302366,4,71.20,217.00,
302366,6,12.25,55.41,
302366,3,185.68,461.84,
302367,3,70.81,206.27,
302367,4,104.93,373.57,
302367,2,45.90,87.28,
302367,4,309.65,1148.06,
302367,9,122.23,1068.23,
302367,2,191.88,357.89,
302367,7,12.49,82.04,
302367,4,96.38,346.61,
302367,2,30.03,53.32,
302367,6,219.12,1284.30,
302368,4,515.10,1931.47,
302368,7,7.46,49.42,
302368,5,406.14,1908.85,
302368,4,7.43,28.16,
302368,5,246.00,1064.22,
302368,2,225.84,417.50,
302368,8,78.97,618.72,
302368,5,77.48,345.10,
302368,3,139.66,364.89,
302368,2,206.03,380.32,
302368,2,47.30,91.16,
302368,4,63.93,235.00,
302368,5,120.36,597.80,
302368,4,118.94,450.57,
302369,6,56.85,298.03,
302369,3,448.98,1293.27,
302369,1,82.03,74.34,
302369,3,192.19,502.41,
302369,2,25.58,45.35,
302369,7,23.06,138.68,
302369,2,8.55,15.51,
302370,8,82.35,534.07,
302370,7,12.26,65.73,
302370,3,140.32,290.83,
302370,1,31.81,23.12,
302370,6,171.42,760.92,
302370,5,242.16,829.35,
302370,3,124.34,262.48,
302370,5,12.44,45.54,
302372,5,252.96,999.73,
302372,5,18.86,80.08,
302372,2,123.19,195.00,
302372,5,159.10,617.74,
302372,5,11.58,44.01,
302375,3,98.02,218.85,
302375,3,214.64,508.73,
302375,3,259.68,582.18,
302375,2,253.68,402.64,
302376,2,45.09,78.01,
302376,6,99.07,492.47,
302376,4,22.20,73.24,
302376,5,8.78,36.60,
302376,4,82.19,271.83,
302376,4,248.64,827.74,
302376,2,499.80,834.79,
302376,3,304.61,799.09,
302376,2,112.10,182.58,
302376,4,40.55,139.86,
302376,5,134.24,534.85,
302376,4,154.43,548.67,
302377,5,239.28,957.72,
302377,6,199.26,945.40,
302377,7,18.86,100.45,
302377,2,71.98,108.97,
302377,2,305.87,446.95,
302377,3,154.43,364.74,
302377,6,528.87,2473.12,
302377,3,77.95,162.65,
302377,5,24.26,87.55,
302377,7,11.48,64.78,
302377,5,8.00,30.53,
302377,4,519.18,1712.99,
302378,2,220.38,416.56,
302378,6,179.87,1000.38,
302378,8,46.40,326.57,
302378,2,25.06,46.83,
302378,6,135.43,745.69,
302378,5,412.02,1925.71,
302378,6,183.04,1039.96,
302378,4,225.30,850.84,
302378,1,42.57,38.17,
302382,2,225.12,374.15,
302382,2,22.39,39.81,
302382,5,94.85,410.62,
302382,5,547.23,2078.08,
302382,5,47.30,180.00,
302382,5,85.33,369.99,
302382,3,11.61,30.45,
302384,3,107.73,240.90,
302384,7,334.53,1751.35,
302385,1,117.29,94.13,
302385,6,189.22,819.93,
302385,3,23.23,55.08,
302385,3,163.50,387.88,
302385,8,136.36,821.53,
302385,6,8.56,39.75,
302385,4,240.24,732.10,
302385,4,70.96,212.31,
302390,3,32.70,72.10,
302390,3,24.89,57.77,
302390,5,440.16,1825.26,
302390,2,97.44,154.19,
302390,4,190.61,641.83,
302390,5,220.99,831.78,
302391,4,250.08,830.87,
302391,5,125.53,551.89,
302391,3,30.86,73.98,
302391,1,294.84,263.67,
302391,6,8.39,43.29,
302391,6,108.21,551.34,
302391,3,151.39,393.09,
302392,3,154.13,318.20,
302392,4,100.32,293.31,
302392,7,40.68,237.99,
302392,5,101.66,375.65,
302394,7,179.34,994.97,
302394,3,21.82,51.03,
302394,3,162.27,435.21,
302394,4,45.99,152.93,
302394,5,81.64,332.37,
302396,4,13.23,44.76,
302396,8,124.73,881.92,
302396,3,241.68,634.74,
302396,5,126.26,562.51,
302396,3,57.10,140.64,
302396,5,166.14,715.00,
302396,7,321.93,1986.32,
302396,5,12.30,53.40,
302396,8,17.66,122.38,
302396,4,25.92,92.63,
302396,4,425.04,1599.82,
302397,2,263.04,480.79,
302397,5,87.84,412.95,
302397,2,105.02,190.68,
302399,6,175.82,801.77,
302399,5,121.31,503.52,
302399,7,181.46,1015.65,
302404,2,13.51,24.89,
302404,4,335.48,1096.15,
302404,4,72.69,247.31,
302404,3,76.30,216.85,
302404,1,100.13,90.90,
302406,4,102.82,359.72,
302406,4,57.77,192.56,
302406,4,193.07,692.27,
302406,4,45.23,159.50,
302406,4,8.55,28.25,
302406,6,153.06,773.58,
302411,4,201.93,697.01,
302411,3,120.91,309.37,
302411,3,293.58,730.63,
302411,3,22.92,62.59,
302411,2,140.84,248.02,
302415,8,189.42,1455.91,
302415,4,79.83,275.65,
302415,3,45.95,127.23,
302415,8,8.61,60.43,
302415,4,23.38,81.98,
302415,5,337.68,1466.31,
302416,7,122.76,687.23,
302416,4,33.53,111.08,
302416,4,553.86,1779.41,
302416,7,26.14,146.29,
302417,2,74.89,111.24,
302417,8,25.92,161.33,
302417,2,443.94,664.87,
302417,2,192.54,276.07,
302417,1,459.51,331.93,
302417,3,70.81,148.35,
302417,4,13.51,40.65,
302417,6,72.46,344.33,
302418,4,8.27,26.72,
302418,3,102.91,233.70,
302418,3,12.60,31.33,
302418,5,175.65,716.74,
302418,2,22.46,38.10,
302421,1,142.96,108.76,
302421,5,22.90,83.82,
302421,5,148.35,522.88,
302421,5,128.15,473.01,
302421,5,179.34,627.97,
302421,3,30.13,62.51,
302421,9,44.46,295.44,
302421,3,413.70,950.09,
302421,3,101.86,227.02,
302424,8,201.93,1472.71,
302424,2,129.45,238.12,
302424,2,446.88,827.22,
302427,7,145.62,846.49,
302427,2,159.60,272.23,
302427,4,42.17,146.36,
302427,2,23.21,37.32,
302427,6,13.24,66.57,
302427,6,40.95,208.48,
302427,5,234.72,1031.02,
302427,6,34.52,180.44,
302427,3,316.89,849.11,
302427,4,135.83,444.29,
302427,2,22.73,38.78,
302427,4,11.79,39.61,
302429,3,426.30,1111.18,
302429,4,78.34,258.85,
302429,5,447.72,1927.68,
302430,2,102.14,163.37,
302430,5,118.94,485.66,
302430,6,170.37,877.52,
302430,5,42.39,171.97,
302432,3,24.24,58.69,
302432,4,109.15,365.59,
302432,2,141.97,223.99,
302432,5,301.46,1291.10,
302432,5,81.80,307.98,
302432,1,239.28,192.05,
302432,2,7.23,12.16,
302432,4,23.50,76.32,
302432,2,171.95,280.26,
302432,3,248.40,669.87,
302432,2,18.25,30.37,
302432,3,338.31,857.13,
302432,2,108.56,175.98,
302432,5,176.88,685.44,
302433,6,25.92,137.09,
302433,7,538.05,3299.94,
302433,6,22.82,113.76,
302433,1,166.67,146.76,
302433,4,478.38,1810.49,
302433,1,125.40,116.60,
302440,5,344.61,1446.71,
302440,2,12.69,21.32,
302440,8,41.31,268.43,
302440,2,141.77,218.59,
302440,4,43.11,130.44,
302440,7,23.54,134.01,
302440,4,182.69,613.08,
302440,3,11.54,27.69,
302440,3,176.18,377.62,
302440,2,22.82,35.24,
302442,7,298.31,1619.96,
302442,4,65.45,196.37,
302442,2,386.82,631.87,
302442,4,8.45,26.17,
302447,7,423.36,2445.49,
302447,2,300.51,510.09,
302447,3,12.70,32.86,
302447,7,82.43,495.76,
302447,6,111.16,555.71,
302447,6,154.13,803.62,
302447,4,393.96,1315.78,
302447,8,378.42,2632.13,
302449,4,166.50,598.37,
302449,7,128.96,788.66,
302449,4,332.33,1137.18,
302449,4,97.73,347.89,
302449,4,12.24,45.55,
302449,6,135.04,770.29,
302449,5,64.60,283.69,
302452,3,119.53,319.74,
302452,5,478.38,2239.96,
302452,3,34.45,92.60,
302452,6,7.24,38.79,
302452,4,462.57,1691.02,
302452,2,7.24,12.92,
302452,3,22.01,61.50,
302453,3,188.19,423.93,
302453,4,329.81,1130.92,
302453,3,8.18,18.30,
302453,4,259.68,830.90,
302453,4,459.51,1445.83,
302453,4,127.56,407.65,
302454,2,456.12,840.27,
302454,3,184.62,523.05,
302454,2,13.70,24.08,
302454,5,155.04,699.55,
302454,5,224.40,1030.40,
302455,4,8.58,28.99,
302455,4,17.03,58.06,
302455,4,177.58,568.63,
302455,4,42.89,134.98,
302455,3,142.96,355.86,
302455,3,21.86,58.99,
302455,3,16.51,42.62,
302456,3,44.51,108.90,
302456,2,18.36,27.93,
302456,2,8.52,13.41,
302456,5,233.52,890.02,
302456,2,33.50,54.15,
302456,2,25.10,35.88,
302456,3,8.58,19.17,
302456,4,12.13,34.74,
302456,7,169.49,835.07,
302456,3,7.78,17.22,
302464,3,36.04,76.60,
302464,5,17.75,71.25,
302464,6,8.18,34.31,
302464,4,314.06,959.57,
302464,6,246.72,1084.86,
302464,3,384.72,886.74,
302464,2,446.46,791.63,
302464,1,111.27,78.26,
302466,1,330.75,294.32,
302466,4,56.36,177.29,
302466,4,74.97,246.97,
302466,8,89.76,619.12,
302467,3,34.42,79.09,
302467,7,101.47,567.56,
302467,4,137.94,438.90,
302468,9,317.84,2478.85,
302468,3,309.65,721.90,
302468,4,191.27,669.05,
302468,5,107.03,457.09,
302468,3,419.16,1112.12,
302468,2,13.63,22.77,
302468,5,8.46,33.85,
302468,7,140.71,849.22,
302468,5,142.58,619.47,
302472,2,228.72,351.84,
302472,5,508.98,2196.03,
302472,2,319.41,519.85,
302472,5,35.97,154.09,
302472,3,40.68,109.46,
302472,5,67.10,261.33,
302475,5,125.67,568.90,
302475,2,23.38,39.25,
302477,5,21.98,95.26,
302477,2,43.25,75.21,
302477,4,36.07,128.74,
302477,3,224.68,626.18,
302477,6,158.54,803.94,
302478,4,435.12,1318.39,
302478,4,441.00,1364.21,
302481,6,489.09,2227.75,
302481,3,245.04,583.22,
302481,3,159.98,355.28,
302481,4,123.82,369.70,
302481,4,305.87,991.31,
302481,3,102.62,242.67,
302481,2,149.42,250.35,
302481,6,118.12,550.65,
302482,4,378.84,1093.92,
302482,3,142.03,319.19,
302482,4,7.47,23.98,
302482,5,188.67,760.63,
302482,3,254.16,616.29,
302482,2,8.61,13.16,
302483,3,320.67,781.09,
302483,1,219.56,179.01,
302483,4,11.59,39.18,
302483,3,251.76,625.24,
302485,3,202.13,525.10,
302485,2,46.31,85.66,
302488,3,143.09,348.01,
302488,4,206.85,696.06,
302488,1,16.72,13.57,
302488,3,263.76,647.57,
302488,6,481.95,2576.47,
302488,6,7.88,38.09,
302488,4,454.86,1477.94,
302488,4,216.07,684.11,
302488,3,94.08,228.60,
302488,6,125.08,588.94,
302488,6,146.53,728.00,
302489,4,18.95,66.59,
302489,5,328.55,1366.67,
302489,4,226.08,823.31,
302489,2,41.94,72.20,
302489,3,79.60,209.16,
302489,4,174.42,582.20,
302493,4,437.64,1539.93,
302493,4,256.80,918.77,
302493,5,240.48,1005.52,
302493,4,33.86,126.83,
302493,2,31.42,57.56,
302493,1,162.49,147.59,
302493,3,504.39,1322.75,
302493,2,169.66,308.78,
302493,7,31.81,202.89,
302493,2,66.37,116.39,
302493,4,490.62,1888.15,
302493,7,85.41,493.88,
302494,2,458.64,758.27,
302494,3,7.92,18.56,
302494,2,218.88,353.99,
302494,2,126.85,212.92,
302494,3,45.54,115.43,
302497,4,12.44,43.96,
302497,2,12.43,23.53,
302497,2,87.74,166.77,
302497,4,301.77,1110.01,
302497,4,476.34,1689.32,
302497,2,17.50,33.31,
302497,3,166.29,481.90,
302497,5,219.12,984.63,
302497,6,545.19,2970.70,
302497,4,12.53,45.63,
302497,10,65.76,583.16,
302497,5,88.90,412.33,
302498,4,89.66,300.54,
302498,4,187.44,640.20,
302498,2,212.79,359.34,
302498,4,188.50,588.53,
302498,6,460.53,2058.23,
302498,4,33.33,107.26,
302498,4,12.88,44.48,
302498,2,11.35,18.91,
302498,4,162.45,522.07,
302498,2,44.15,74.06,
302499,4,141.21,469.19,
302499,2,12.16,19.02,
302499,6,513.06,2542.48,
302499,4,7.72,24.71,
302499,5,11.29,46.29,
302499,3,88.13,204.21,
302499,3,88.42,196.66,
302499,6,24.77,121.50,
302499,5,209.51,827.23,
302499,3,25.73,64.84,
302499,4,30.53,101.52,
302502,6,208.49,1088.76,
302502,3,44.10,123.78,
302502,3,124.96,326.88,
302502,4,306.50,1104.26,
302502,2,17.66,31.02,
302502,3,478.89,1426.72,
302503,5,461.16,1791.48,
302503,2,8.01,12.91,
302503,6,403.20,1937.77,
302503,7,25.68,157.35,
302503,4,63.14,212.89,
302503,3,87.36,202.50,
302503,2,24.14,42.75,
302503,6,210.95,1080.09,
302503,8,58.38,356.33,
302503,2,177.94,296.44,
302505,1,178.64,155.88,
302505,4,142.96,511.48,
302505,5,62.34,281.44,
302505,2,541.11,906.17,
302505,2,155.04,265.67,
302505,4,262.32,896.08,
302505,3,103.20,277.62,
302505,4,23.33,86.69,
302509,6,103.58,509.38,
302509,4,21.91,64.68,
302509,3,49.46,117.42,
302509,3,8.50,18.10,
302509,2,19.48,31.03,
302509,5,102.91,399.21,
302509,4,151.54,467.10,
302509,3,92.83,205.08,
302509,3,222.02,520.86,
302509,5,75.44,272.26,
302509,4,31.12,91.98,
302509,2,165.53,260.95,
302512,2,259.92,401.71,
302512,8,405.30,2245.42,
302512,5,139.79,506.55,
302512,8,132.79,794.30,
302512,4,317.52,868.96,
302512,5,34.98,129.67,
302512,6,315.63,1398.39,
302512,3,166.59,372.42,
302512,4,76.30,200.34,
302512,2,80.38,115.38,
302512,4,140.45,414.07,
302515,4,513.06,1898.15,
302515,3,231.84,502.27,
302515,7,32.04,177.56,
302515,6,553.35,2889.07,
302515,5,245.76,1056.34,
302515,4,21.84,81.89,
302515,3,258.00,654.48,
302517,1,17.05,15.54,
302517,1,19.31,16.83,
302517,1,492.15,459.28,
302517,4,113.16,403.25,
302517,6,35.41,189.18,
302517,4,92.64,318.02,
302517,4,157.02,593.09,
302517,8,33.36,249.11,
302517,6,217.44,1246.30,
302517,3,216.24,592.78,
302517,4,488.07,1708.45,
302517,2,185.53,340.27,
302517,7,168.61,1073.00,
302519,6,381.78,1958.69,
302519,6,17.59,92.69,
302519,6,33.43,163.49,
302519,3,224.89,570.20,
302519,6,18.59,99.64,
302519,3,23.18,62.90,
302520,10,33.33,300.10,
302520,8,95.81,743.96,
302520,4,187.58,683.42,
302520,3,249.12,654.86,
302520,5,208.28,921.03,
302521,6,216.69,1120.64,
302521,2,97.15,175.49,
302521,4,456.12,1669.62,
302521,1,7.54,7.04,
302521,4,248.88,874.09,
302521,1,202.95,179.69,
302521,9,180.58,1415.19,
302521,3,32.54,88.80,
302521,8,112.10,789.67,
302521,5,174.06,753.25,
302524,3,548.25,1444.92,
302524,3,42.89,117.25,
302524,5,212.38,1051.93,
302524,1,304.92,287.29,
302524,5,543.66,2496.17,
302524,5,547.74,2670.23,
302524,2,47.07,85.40,
302525,3,506.43,1223.65,
302525,4,65.82,202.06,
302525,2,135.17,207.35,
302525,4,115.52,390.06,
302525,6,7.49,33.39,
302525,5,493.17,1906.29,
302527,3,139.84,379.43,
302527,3,185.15,492.37,
302527,3,33.17,88.90,
302527,1,304.92,271.81,
302527,3,77.79,200.37,
302527,3,25.13,65.07,
302527,2,252.48,451.77,
302527,4,460.02,1480.70,
302527,5,184.45,806.78,
302531,4,18.38,55.46,
302531,5,181.28,765.42,
302531,6,219.12,920.24,
302531,3,13.11,27.13,
302531,3,255.12,565.82,
302531,1,229.44,172.73,
302531,6,543.66,2634.10,
302532,4,322.25,1172.98,
302532,1,7.98,7.16,
302532,4,24.48,83.35,
302532,6,106.44,517.75,
302532,2,7.74,13.70,
302532,5,248.40,1041.97,
302533,4,202.13,589.39,
302533,3,123.66,287.61,
302533,2,8.34,13.15,
302533,5,76.85,294.75,
302533,3,88.03,192.60,
302535,6,300.51,1543.48,
302535,7,178.29,988.26,
302535,7,172.48,917.09,
302535,4,23.02,78.36,
302535,8,139.84,941.93,
302535,3,416.22,914.18,
302535,4,105.60,339.75,
302535,2,188.81,318.11,
302536,3,335.48,800.66,
302536,5,286.34,1141.26,
302536,5,162.79,568.03,
302536,5,45.36,176.37,
302536,3,23.93,50.38,
302536,1,236.88,179.35,
302536,4,177.06,556.06,
302536,6,90.14,441.95,
302536,6,103.39,465.74,
302536,2,180.75,266.94,
302536,5,262.56,1038.79,
302536,4,166.74,530.18,
302536,3,391.44,884.53,
302536,2,16.58,24.38,
302537,4,12.45,48.46,
302537,4,441.42,1649.53,
302537,8,41.22,283.95,
302537,3,45.00,123.23,
302537,6,558.96,3024.45,
302537,6,24.67,137.80,
302537,7,41.85,243.41,
302537,6,11.86,61.86,
302537,4,512.55,1749.93,
302538,5,12.68,53.40,
302538,5,79.13,304.61,
302538,5,181.46,741.59,
302538,4,31.28,94.14,
302540,6,223.68,1227.56,
302540,2,34.98,66.30,
302540,3,164.03,436.00,
302540,2,210.95,351.53,
302540,4,289.80,1082.11,
302540,7,240.96,1554.17,
302540,1,61.98,56.33,
302540,6,25.44,144.39,
302540,5,13.45,55.57,
302540,3,331.38,908.12,
302540,4,430.08,1485.18,
302540,3,149.11,371.23,
302541,8,178.64,1253.64,
302541,4,33.46,114.03,
302541,3,459.90,1162.60,
302541,3,125.55,340.30,
302541,5,152.61,589.24,
302541,5,222.00,978.22,
302541,3,131.21,347.37,
302541,2,18.43,31.88,
302541,3,178.82,455.85,
302541,5,82.74,355.75,
302541,4,383.04,1245.47,
302541,4,32.77,109.91,
302541,4,191.47,700.68,
302541,3,97.63,260.28,
302541,3,438.90,1120.01,
302543,4,541.11,1979.45,
302543,4,41.81,144.29,
302543,6,251.52,1380.93,
302543,3,234.96,614.53,
302543,5,342.41,1408.73,
302543,2,544.17,908.70,
302543,6,161.88,822.20,
302543,3,43.47,117.94,
302543,3,324.45,808.71,
302543,5,168.78,724.22,
302543,1,33.59,29.44,
302543,6,22.94,127.39,
302543,4,92.64,321.64,
302543,4,7.26,25.87,
302543,4,228.24,786.53,
302547,5,188.40,732.91,
302547,3,29.90,69.00,
302547,3,8.54,20.96,
302547,5,33.46,124.67,
302547,4,44.15,136.19,
302547,4,177.06,542.47,
302547,2,188.50,289.61,
302547,7,127.78,664.00,
302550,3,138.47,345.21,
302550,5,161.74,725.54,
302550,4,257.28,955.16,
302550,2,23.40,43.02,
302550,3,16.88,44.23,
302550,4,126.32,442.14,
302550,4,128.17,449.53,
302550,4,428.40,1609.69,
302550,3,23.14,60.49,
302550,6,44.78,218.78,
302550,5,82.43,372.11,
302550,3,124.34,323.21,
302550,3,30.43,80.26,
302550,5,12.70,58.68,
302551,4,252.24,812.73,
302551,6,262.08,1365.43,
302551,4,43.20,154.34,
302551,5,59.60,271.76,
302551,1,36.17,31.20,
302551,6,11.33,54.17,
302551,3,97.73,243.94,
302551,4,237.60,823.38,
302551,3,18.72,48.72,
302551,6,166.14,925.63,
302554,11,161.42,1422.92,
302554,4,329.49,1031.67,
302554,4,559.98,1725.58,
302554,8,197.01,1178.86,
302554,2,514.59,770.78,
302554,2,99.26,162.01,
302556,3,64.54,165.75,
302556,3,261.60,643.30,
302556,2,211.77,371.99,
302556,4,71.83,228.29,
302556,3,215.05,579.58,
302556,6,144.94,762.50,
302556,4,18.52,58.52,
302556,5,24.24,101.16,
302556,4,153.37,493.91,
302558,4,248.64,867.37,
302558,3,154.58,431.59,
302558,6,8.15,42.63,
302558,6,8.34,45.30,
302558,1,507.96,459.62,
302558,3,221.61,618.14,
302558,4,318.15,1143.71,
302558,3,93.89,250.43,
302558,4,146.07,545.84,
302558,5,12.33,61.37,
302558,3,162.79,475.45,
302558,6,22.68,122.96,
302558,4,65.64,251.55,
302561,4,108.44,375.41,
302561,2,186.76,317.86,
302561,3,138.60,373.91,
302561,2,96.38,165.66,
302561,2,86.98,156.32,
302561,4,31.68,107.74,
302561,2,8.16,13.71,
302562,5,469.71,1965.16,
302562,5,310.28,1304.56,
302562,2,125.67,231.12,
302562,2,55.88,95.61,
302563,3,141.50,356.02,
302563,8,19.57,129.06,
302563,3,58.56,137.81,
302563,4,307.13,1086.77,
302563,2,171.25,281.51,
302563,2,213.00,372.74,
302563,7,560.49,3289.20,
302563,4,23.66,79.29,
302563,6,214.02,1120.03,
302563,2,12.94,20.94,
302566,3,16.27,42.87,
302566,4,179.34,593.36,
302566,3,12.85,32.63,
302566,3,73.08,196.07,
302566,6,126.32,629.39,
302566,6,179.52,880.71,
302566,5,110.09,448.59,
302566,4,229.92,764.79,
302566,4,164.91,573.22,
302567,6,55.69,289.48,
302567,3,8.58,20.43,
302568,5,452.34,1694.22,
302568,7,428.40,2214.25,
302568,3,32.51,78.52,
302568,1,318.78,235.11,
302568,4,11.98,36.35,
302568,1,185.15,134.53,
302568,4,31.38,96.06,
302568,6,7.26,32.10,
302568,5,338.00,1341.88,
302568,1,23.93,18.32,
302568,6,33.92,156.17,
302568,5,7.64,29.85,
302568,2,17.84,27.30,
302569,5,526.83,2059.90,
302569,5,204.18,768.77,
302569,4,133.19,412.00,
302569,1,7.94,6.66,
302569,4,401.94,1269.09,
302570,3,108.21,248.13,
302570,7,95.90,510.25,
302570,3,545.70,1251.80,
302570,3,26.28,59.00,
302570,6,13.54,62.88,
302573,3,66.98,200.94,
302573,5,291.69,1356.80,
302573,6,475.32,2512.82,
302573,3,383.46,1038.37,
302573,6,118.83,687.15,
302573,4,100.32,383.70,
302573,1,26.16,23.96,
302574,2,7.54,13.36,
302574,7,252.48,1537.03,
302574,3,150.33,400.85,
302574,4,47.48,147.45,
302574,6,13.51,68.53,
302574,4,8.40,28.47,
302574,5,284.76,1217.03,
302574,5,122.10,495.14,
302574,5,433.86,1947.59,
302574,2,333.90,523.84,
302574,3,32.21,73.66,
302575,2,60.88,104.92,
302575,4,16.97,59.28,
302575,5,17.10,74.66,
302575,8,135.96,956.90,
302575,4,530.91,1859.00,
302575,11,430.08,3851.48,
302576,5,44.15,193.81,
302576,3,333.59,870.55,
302576,6,42.89,220.78,
302577,4,8.34,24.71,
302577,3,216.07,490.48,
302577,7,162.94,852.58,
302577,3,229.68,507.08,
302577,5,553.86,2149.76,
302578,7,108.44,499.52,
302578,7,116.47,598.75,
302578,4,89.09,277.69,
302578,6,430.08,1978.80,
302578,6,148.50,650.17,
302578,4,170.90,536.27,
302579,5,302.72,1269.85,
302579,4,56.30,194.48,
302579,1,8.51,6.94,
302579,8,148.35,985.20,
302579,2,197.83,338.42,
302579,4,16.42,54.60,
302580,4,134.77,407.79,
302580,5,254.16,997.73,
302580,2,556.92,950.24,
302580,3,25.87,62.06,
302580,3,115.29,254.35,
302581,2,77.01,135.66,
302581,5,30.16,129.24,
302581,7,470.73,2816.43,
302584,7,543.66,3407.58,
302584,4,144.55,513.52,
302584,7,93.31,582.23,
302584,2,188.40,334.67,
302584,3,141.37,361.50,
302585,8,164.46,1088.60,
302585,2,17.53,31.30,
302585,5,12.99,56.01,
302585,6,194.96,1029.05,
302588,7,334.53,2045.82,
302588,6,128.15,725.84,
302588,3,22.73,62.74,
302588,4,43.52,161.38,
302588,2,209.92,367.59,
302588,1,144.40,126.56,
302588,4,335.16,1109.66,
302588,5,18.25,73.73,
302589,4,8.52,24.98,
302589,3,31.15,68.20,
302589,4,125.27,343.14,
302589,7,224.48,1174.21,
302589,9,55.94,377.74,
302589,6,74.58,334.23,
302589,6,31.19,136.32,
302589,8,94.46,578.37,
302591,4,8.42,29.13,
302591,6,92.35,496.29,
302591,6,214.02,1003.48,
302591,7,11.71,67.95,
302591,6,12.49,63.20,
302591,3,156.41,383.30,
302593,6,11.71,60.58,
302593,6,17.37,84.46,
302593,9,32.41,238.15,
302593,5,223.86,882.33,
302598,7,296.10,1807.18,
302598,4,24.70,91.43,
302598,6,110.09,573.28,
302598,8,13.68,92.00,
302598,3,12.93,30.64,
302599,2,16.65,23.31,
302599,1,144.54,110.05,
302599,1,179.87,128.78,
302599,3,336.42,774.46,
302599,1,90.43,72.51,
302599,4,103.87,289.70,
302599,2,547.23,815.23,
302600,2,109.74,199.31,
302600,6,63.44,347.17,
302600,3,16.96,43.55,
302600,2,455.28,770.14,
302600,6,301.77,1579.09,
302600,6,24.00,126.75,
302600,5,323.19,1409.81,
302600,5,49.28,218.92,
302602,5,18.41,76.13,
302602,2,12.00,21.69,
302602,3,101.18,294.44,
302602,5,385.14,1722.92,
302602,4,187.37,682.99,
302602,4,214.02,802.52,
302602,2,16.61,29.84,
302602,3,18.72,53.89,
302604,3,486.54,1120.72,
302604,3,7.43,18.24,
302604,3,12.66,28.36,
302604,3,18.25,42.54,
302604,4,85.09,267.97,
302606,4,11.78,43.27,
302606,5,19.24,89.52,
302606,3,166.67,433.70,
302606,1,45.27,43.07,
302606,3,43.47,119.02,
302606,3,315.95,850.52,
302606,5,47.79,222.24,
302607,5,87.55,392.64,
302607,3,18.05,46.48,
302607,3,26.04,71.05,
302607,6,80.38,433.19,
302608,5,245.04,1089.09,
302608,6,408.24,2213.13,
302610,4,72.93,220.54,
302610,4,7.48,23.30,
302610,5,22.32,80.96,
302610,6,98.78,473.61,
302610,6,11.65,51.41,
302610,3,441.00,986.70,
302610,3,137.68,304.52,
302610,2,33.17,54.08,
302610,3,12.21,26.60,
302612,3,107.26,299.57,
302612,2,401.52,732.35,
302612,5,156.10,728.10,
302612,7,428.40,2809.63,
302612,3,33.46,90.82,
302614,4,408.24,1347.10,
302614,2,17.69,29.34,
302614,1,48.92,40.83,
302614,5,344.61,1446.11,
302614,3,420.42,1053.51,
302614,5,21.74,88.19,
302614,5,12.59,50.34,
302614,2,11.91,19.90,
302614,1,18.74,14.92,
302617,5,302.40,1292.13,
302617,6,12.34,67.25,
302617,2,82.90,153.75,
302617,3,22.15,60.58,
302617,3,8.29,21.09,
302617,4,126.26,448.01,
302617,2,196.80,365.44,
302617,4,102.62,369.14,
302617,6,139.26,781.43,
302617,6,127.91,694.65,
302617,6,445.62,2411.32,
302618,3,498.78,1092.02,
302618,5,96.77,357.81,
302618,7,203.77,1035.16,
302618,6,129.56,548.02,
302618,5,193.42,669.31,
302623,3,126.46,289.89,
302623,6,18.14,82.48,
302623,4,83.29,271.33,
302623,6,25.94,117.50,
302623,3,55.88,133.51,
302623,2,11.48,17.66,
302623,4,7.94,23.13,
302623,5,148.81,613.18,
302623,2,25.25,43.29,
302623,7,49.37,292.86,
302625,5,283.50,1159.26,
302625,8,11.95,77.98,
302625,7,146.83,827.59,
302625,5,22.20,94.55,
302626,6,225.36,1170.39,
302626,2,180.22,312.23,
302626,3,224.89,581.21,
302626,4,120.52,399.98,
302627,4,140.30,520.48,
302627,4,43.65,171.93,
302627,7,72.85,454.63,
302627,9,160.66,1360.50,
302627,7,18.16,109.11,
302627,4,45.63,167.54,
302627,6,136.88,787.54,
302627,3,32.44,88.72,
302628,3,43.92,118.41,
302628,6,263.76,1360.34,
302628,8,66.80,460.90,
302628,6,111.98,636.58,
302628,5,425.46,1827.44,
302628,3,8.19,21.71,
302628,3,76.54,194.23,
302630,6,31.09,152.61,
302630,3,62.89,164.28,
302630,4,84.54,279.55,
302630,5,119.86,583.09,
302630,4,215.25,727.86,
302630,3,168.08,453.80,
302630,6,42.17,234.18,
302630,8,512.55,3342.70,
302631,2,262.08,497.86,
302631,3,75.05,206.70,
302632,6,387.66,1979.52,
302632,6,25.27,122.66,
302632,4,7.28,22.27,
302632,5,21.74,83.57,
302632,4,172.48,558.73,
302632,5,345.87,1410.57,
302632,1,25.61,19.19,
302633,3,112.81,265.50,
302633,3,496.23,1129.38,
302633,4,23.88,73.59,
302633,1,7.38,5.78,
302633,3,58.62,133.49,
302633,4,79.52,272.42,
302633,3,181.10,421.68,
302634,3,449.82,1231.07,
302634,2,509.49,867.26,
302636,3,17.35,40.13,
302636,3,31.42,72.31,
302636,3,35.21,81.98,
302636,2,310.91,502.78,
302636,5,220.56,782.31,
302636,2,219.12,324.65,
302636,6,172.30,811.19,
302636,3,111.75,259.38,
302636,1,554.37,401.28,
302636,6,388.08,1795.67,
302636,4,12.68,37.57,
302636,3,113.75,256.27,
302637,4,165.22,490.55,
302637,4,210.54,648.58,
302637,6,31.65,143.19,
302638,5,107.03,488.19,
302638,6,256.56,1373.31,
302638,3,430.92,1160.96,
302638,6,222.24,1198.74,
302638,4,31.09,104.08,
302641,2,323.82,522.70,
302641,4,23.21,73.02,
302641,8,12.70,86.22,
302641,4,216.48,705.08,
302641,5,19.51,76.11,
302641,3,26.35,65.66,
302641,6,89.18,425.67,
302641,3,21.67,50.94,
302641,5,66.12,281.89,
302642,3,65.70,155.99,
302642,5,127.51,498.93,
302642,5,123.02,457.10,
302642,3,123.43,320.99,
302642,7,8.15,43.92,
302642,5,490.11,1856.83,
302642,4,29.87,87.45,
302643,4,178.64,628.31,
302643,3,471.24,1154.86,
302644,1,42.12,34.61,
302644,3,121.57,269.91,
302644,4,187.37,617.84,
302644,4,178.64,557.40,
302644,4,165.44,529.58,
302645,2,59.54,104.90,
302645,4,151.39,513.18,
302645,5,113.63,474.26,
302645,3,164.91,471.49,
302646,5,19.10,78.94,
302646,1,148.20,113.11,
302648,3,23.88,55.47,
302648,4,120.71,371.57,
302648,2,467.16,783.80,
302648,7,23.78,125.60,
302648,3,493.68,1105.73,
302648,5,42.53,159.82,
302648,4,420.00,1338.27,
302648,4,48.56,152.93,
302648,3,97.92,227.74,
302648,4,165.44,502.88,
302648,6,18.02,84.68,
302648,6,26.11,113.89,
302648,5,224.48,873.61,
302649,2,11.54,22.21,
302649,5,86.88,406.75,
302649,4,74.18,267.19,
302649,3,125.79,337.11,
302649,3,101.57,282.65,
302649,2,123.31,217.45,
302649,6,163.86,873.28,
302649,2,140.45,241.32,
302652,2,319.73,484.30,
302652,2,12.08,17.58,
302652,6,79.36,346.01,
302652,3,80.07,193.46,
302652,4,108.21,320.82,
302652,8,78.66,465.83,
302652,6,48.69,239.11,
302654,2,13.49,23.24,
302654,4,30.16,91.51,
302654,4,44.64,149.02,
302654,8,75.83,503.71,
302654,7,58.68,326.79,
302654,4,84.94,295.08,
302654,5,17.82,66.71,
302654,3,315.00,722.42,
302654,2,252.24,368.51,
302654,2,406.98,645.19,
302654,3,292.01,715.93,
302654,3,54.96,124.07,
302654,6,557.43,2650.03,
302657,2,11.84,18.19,
302657,6,7.30,35.94,
302657,2,7.30,11.86,
302657,2,97.34,146.53,
302658,6,7.54,35.68,
302658,4,452.34,1309.91,
302658,4,65.76,205.05,
302658,2,115.29,191.38,
302658,3,120.12,299.58,
302658,7,223.44,1222.93,
302658,4,501.84,1623.01,
302658,3,19.21,47.66,
302658,2,19.19,32.50,
302658,7,33.79,185.54,
302658,5,244.08,923.59,
302658,4,63.75,198.46,
302660,3,30.10,72.99,
302660,3,174.94,438.09,
302660,4,100.03,316.22,
302660,1,120.12,104.38,
302660,3,151.85,399.53,
302661,10,221.28,2006.16,
302661,3,174.94,473.68,
302661,5,161.04,763.69,
302661,4,441.42,1558.40,
302661,3,159.75,411.50,
302661,5,154.28,646.22,
302661,5,13.23,60.06,
302661,3,397.74,1058.40,
302661,7,186.38,1132.42,
302662,5,330.12,1307.85,
302662,4,18.58,57.98,
302662,5,223.44,806.36,
302664,3,8.57,22.63,
302664,3,186.38,491.06,
302664,5,520.20,2215.66,
302664,8,254.88,1677.60,
302664,4,13.60,46.17,
302664,4,151.70,544.93,
302664,4,8.39,29.53,
302664,5,8.53,36.57,
302664,6,13.35,62.20,
302664,5,139.23,634.87,
302664,3,26.06,66.63,
302664,6,66.25,329.53,
302664,4,122.48,432.59,
302664,5,74.58,344.08,
302664,6,139.23,730.96,
302666,3,517.14,1278.22,
302666,5,12.53,53.98,
302666,2,34.29,54.71,
302666,2,137.02,223.22,
302666,3,324.45,863.39,
302666,3,537.03,1403.97,
302666,8,12.84,81.72,
302667,2,254.88,453.08,
302667,4,184.50,669.26,
302667,8,48.96,359.61,
302667,2,56.91,98.09,
302667,5,117.65,551.31,
302667,4,25.97,91.98,
302667,1,288.86,249.93,
302670,2,253.20,418.71,
302670,6,123.19,574.95,
302670,8,78.74,493.59,
302670,6,222.63,1044.10,
302670,5,129.09,491.15,
302670,3,8.73,19.94,
302670,6,428.40,2016.51,
302670,4,19.69,61.18,
302670,4,185.15,545.59,
302671,3,62.53,136.60,
302671,6,163.50,798.45,
302671,4,189.20,566.48,
302671,3,150.18,330.50,
302672,2,108.09,174.13,
302672,2,427.14,652.41,
302672,3,452.34,1116.07,
302672,2,207.05,326.09,
302672,3,56.30,140.09,
302672,4,18.32,53.09,
302672,5,123.55,414.56,
302674,2,22.22,40.37,
302674,7,219.12,1305.88,
302674,6,46.62,269.27,
302674,2,160.21,295.55,
302674,4,8.35,29.98,
302674,6,21.72,117.43,
302674,7,175.65,1090.79,
302674,3,11.38,30.38,
302674,3,22.82,62.90,
302676,7,8.78,52.13,
302676,5,76.38,339.30,
302676,1,121.89,113.53,
302676,3,118.80,311.01,
302676,8,202.95,1406.50,
302676,2,136.88,232.92,
302676,6,294.21,1635.42,
302678,4,311.85,1112.48,
302678,4,309.02,1126.21,
302678,6,210.54,1038.09,
302678,4,137.81,459.23,
302678,10,128.27,1139.59,
302678,8,48.24,349.17,
302678,5,118.59,513.42,
302678,7,47.34,286.77,
302679,2,23.62,34.68,
302679,6,73.95,328.63,
302679,6,117.06,469.25,
302679,3,325.08,758.59,
302679,3,81.40,169.82,
302679,4,301.77,915.17,
302679,3,31.45,69.67,
302679,5,12.99,50.38,
302679,4,115.88,336.22,
302679,3,164.38,354.31,
302680,2,13.25,22.47,
302680,2,186.21,286.87,
302680,4,201.31,613.27,
302680,4,440.58,1413.18,
302680,3,211.77,525.86,
302686,5,308.07,1367.57,
302686,5,298.62,1335.21,
302686,3,75.83,197.42,
302688,3,24.34,65.36,
302688,3,113.99,277.18,
302688,5,99.36,446.80,
302688,5,123.90,548.33,
302688,2,263.28,432.17,
302690,3,32.01,76.65,
302690,6,11.60,55.86,
302690,4,222.24,737.14,
302690,3,92.64,230.83,
302690,9,190.61,1417.11,
302694,2,139.92,230.26,
302694,4,58.99,196.58,
302694,4,74.89,262.51,
302694,3,339.89,881.14,
302696,3,123.55,321.09,
302696,6,204.18,1109.71,
302696,1,247.20,213.89,
302696,5,30.06,122.88,
302697,3,181.98,433.54,
302697,8,292.32,1907.15,
302697,2,240.00,413.75,
302697,3,141.36,349.57,
302699,4,96.96,276.83,
302699,4,24.65,68.91,
302699,4,80.93,250.39,
302699,6,117.53,513.09,
302699,4,295.79,946.42,
302699,6,457.38,2153.05,
302699,2,7.60,11.42,
302699,4,8.15,25.63,
302699,4,24.36,76.68,
302699,6,116.35,483.98,
302699,4,31.71,93.40,
302699,4,19.35,60.29,
302702,2,73.63,115.65,
302702,4,495.21,1464.48,
302702,2,180.93,294.45,
302702,2,507.45,832.74,
302704,5,120.36,484.49,
302704,3,16.78,40.50,
302704,4,220.79,757.95,
302704,3,86.19,217.65,
302704,3,96.19,234.39,
302704,3,289.49,690.37,
302705,4,56.49,188.93,
302705,4,22.06,71.04,
302705,5,42.53,161.22,
302705,5,549.78,2097.54,
302705,2,22.68,35.10,
302707,2,161.39,277.74,
302707,4,241.92,798.28,
302707,4,12.43,42.22,
302707,4,263.28,872.35,
302707,4,16.24,55.37,
302707,5,289.49,1204.61,
302707,2,32.93,56.05,
302707,5,152.15,640.23,
302707,4,142.42,494.16,
302708,1,203.98,178.51,
302708,2,262.56,443.81,
302708,7,404.46,2543.53,
302708,4,32.27,116.11,
302708,5,345.24,1535.49,
302708,4,22.66,85.89,
302708,6,13.55,70.46,
302708,3,515.61,1374.51,
302708,5,124.25,526.65,
302708,5,18.04,74.10,
302708,5,13.60,57.30,
302709,3,31.85,81.36,
302709,3,141.82,352.79,
302711,4,57.10,191.05,
302711,5,25.75,100.55,
302711,3,260.40,623.37,
302711,4,18.07,55.31,
302711,5,248.88,1009.30,
302711,1,187.79,146.38,
302713,6,8.19,42.43,
302713,2,201.93,316.98,
302713,2,333.27,547.01,
302713,2,537.54,901.29,
302715,1,56.73,43.62,
302715,5,120.91,499.48,
302715,2,32.34,50.64,
302715,3,110.57,235.89,
302715,2,98.50,147.79,
302715,1,21.82,16.76,
302715,5,114.34,441.43,
302715,2,96.77,144.00,
302715,4,13.04,42.00,
302715,5,8.34,33.24,
302715,4,162.10,516.20,
302716,1,63.14,53.93,
302716,7,8.38,51.22,
302716,4,85.17,286.22,
302716,4,254.40,788.47,
302716,4,220.80,666.97,
302716,6,45.90,229.84,
302716,7,59.05,353.34,
302716,4,144.41,483.65,
302716,2,97.34,161.39,
302717,5,396.48,1793.26,
302717,5,43.52,187.73,
302717,4,245.52,912.05,
302717,1,107.73,91.35,
302717,3,8.66,24.75,
302718,6,116.82,550.69,
302718,6,165.83,746.78,
302718,4,22.15,76.24,
302718,5,47.39,208.17,
302718,4,198.24,602.75,
302718,4,421.26,1379.89,
302718,6,82.27,391.14,
302718,5,311.54,1306.25,
302718,3,11.34,29.15,
302718,4,552.33,1729.16,
302718,4,64.29,213.43,
302718,1,128.38,114.76,
302718,1,46.76,40.42,
302718,5,103.97,423.21,
302718,3,25.58,64.08,
302719,4,208.28,704.70,
302719,5,17.59,82.78,
302719,3,422.52,1072.00,
302719,2,259.68,478.38,
302719,3,378.42,1040.10,
302719,4,58.26,197.10,
302721,4,195.37,705.73,
302721,4,19.66,68.75,
302721,2,114.11,204.61,
302721,2,191.84,354.52,
302721,5,17.06,74.24,
302721,2,105.41,185.55,
302722,3,233.76,642.76,
302722,3,13.63,37.09,
302722,6,86.98,477.96,
302722,3,138.73,377.37,
302722,4,109.27,401.66,
302722,4,7.25,24.89,
302725,6,437.64,2321.80,
302725,4,36.00,124.73,
302725,2,46.94,82.71,
302725,3,46.76,131.74,
302725,4,110.80,362.52,
302725,3,180.22,500.69,
302730,4,25.01,92.91,
302730,2,26.11,45.52,
302730,4,22.66,80.33,
302730,5,145.46,680.06,
302730,4,323.82,1056.94,
302730,4,221.28,785.86,
302730,2,22.13,37.27,
302730,3,331.70,887.32,
302730,3,190.65,482.76,
302730,2,223.45,375.78,
302731,1,96.86,76.36,
302731,6,426.72,1958.03,
302731,1,180.22,141.15,
302731,6,192.02,841.93,
302731,5,542.64,2049.67,
302731,4,325.08,977.16,
302733,1,30.03,24.86,
302733,8,24.19,169.65,
302733,4,7.94,26.71,
302733,4,175.47,622.37,
302733,3,165.26,414.37,
302733,6,341.46,1662.99,
302737,4,96.10,336.58,
302737,5,62.16,248.45,
302737,3,49.19,117.93,
302737,4,286.02,959.03,
302737,6,188.50,992.81,
302737,2,184.71,292.20,
302737,6,22.46,110.77,
302737,5,515.61,1976.78,
302737,1,13.25,10.89,
302739,4,149.57,570.12,
302739,2,311.54,570.38,
302739,3,77.95,211.98,
302739,5,144.70,675.36,
302744,5,83.45,354.97,
302744,3,476.85,1283.40,
302744,4,439.32,1539.57,
302744,3,234.24,654.20,
302744,3,8.70,22.43,
302744,4,16.33,56.24,
302744,2,289.49,520.54,
302744,2,66.19,124.74,
302744,3,254.88,727.38,
302744,3,164.16,450.36,
302744,7,303.35,1842.27,
302746,6,552.33,2436.85,
302746,3,40.77,84.79,
302746,4,171.78,525.65,
302746,8,26.11,150.25,
302746,2,184.27,277.20,
302746,3,516.63,1200.70,
302746,3,494.19,1170.84,
302746,5,23.21,79.61,
302746,2,18.56,29.10,
302747,3,342.09,909.01,
302747,1,292.64,271.02,
302747,4,206.23,735.79,
302747,4,541.11,1876.95,
302747,4,7.60,26.24,
302753,5,244.32,897.60,
302753,5,509.49,2073.80,
302753,1,72.30,56.92,
302753,4,63.99,194.35,
302753,2,7.64,12.28,
302753,3,22.90,52.91,
302755,7,138.47,762.88,
302755,3,192.37,439.33,
302755,5,501.33,1826.90,
302755,3,162.10,334.79,
302755,4,299.57,836.22,
302755,3,182.86,399.67,
302757,3,147.29,370.12,
302757,5,22.34,96.70,
302757,1,229.44,196.98,
302757,5,106.32,456.37,
302757,5,11.84,48.56,
302757,3,12.93,32.34,
302757,6,124.49,628.03,
302761,2,512.55,773.54,
302761,5,19.24,72.69,
302761,5,381.36,1471.34,
302761,3,184.27,400.73,
302761,2,486.54,757.72,
302761,2,119.42,165.22,
302761,3,65.64,148.41,
302761,3,31.09,67.04,
302761,5,315.95,1109.66,
302761,3,82.74,187.96,
302762,3,31.19,71.38,
302762,3,122.48,290.30,
302762,7,82.66,439.77,
302762,4,34.39,107.15,
302762,6,44.42,214.63,
302762,4,391.86,1152.83,
302762,3,11.89,27.56,
302762,5,464.10,1904.46,
302765,1,159.45,125.17,
302765,6,63.81,322.30,
302765,2,17.60,28.23,
302765,5,34.85,140.89,
302765,7,393.12,2229.37,
302765,5,36.27,143.21,
302765,7,509.49,2904.18,
302765,10,153.67,1392.37,
302765,2,222.43,345.17,
302765,3,34.45,89.21,
302765,3,12.19,31.34,
302766,3,225.60,497.44,
302766,3,48.15,110.53,
302766,5,85.41,321.64,
302766,4,501.33,1439.69,
302766,3,11.71,26.46,
302766,4,434.70,1342.15,
302766,7,17.05,89.39,
302766,3,253.92,557.43,
302766,2,131.34,184.45,
302767,2,227.04,331.38,
302767,4,13.65,39.11,
302767,9,326.34,2349.97,
302767,4,383.46,1173.87,
302767,2,416.22,668.84,
302767,2,33.20,49.71,
302767,4,102.72,310.82,
302767,5,13.34,50.69,
302767,5,161.57,570.69,
302767,4,41.94,126.50,
302767,5,535.50,2064.71,
302767,4,90.53,277.47,
302767,1,48.33,36.07,
302767,2,12.55,19.90,
302772,3,151.39,316.18,
302772,3,290.12,674.29,
302772,3,456.54,963.83,
302772,3,48.60,107.39,
302772,4,188.32,555.79,
302772,7,8.30,45.11,
302772,3,88.42,196.59,
302772,3,33.63,76.05,
302772,5,211.36,826.23,
302772,5,61.92,240.73,
302772,2,124.61,173.89,
302772,4,32.80,97.11,
302772,3,12.00,28.08,
302773,3,136.95,288.50,
302773,3,408.24,993.30,
302773,7,94.46,534.16,
302773,7,42.39,235.57,
302773,3,123.43,277.60,
302774,2,34.02,62.42,
302774,5,549.78,2425.55,
302774,3,317.84,793.85,
302774,2,221.28,405.18,
302774,3,523.26,1263.16,
302774,9,222.24,1763.17,
302774,8,240.96,1696.66,
302777,4,11.39,34.97,
302777,5,8.53,32.28,
302777,6,44.51,203.65,
302777,6,198.85,949.03,
302777,5,436.38,1693.49,
302777,2,79.36,126.97,
302777,4,135.43,412.20,
302782,6,25.22,135.47,
302782,3,8.06,21.90,
302782,7,110.57,708.71,
302782,1,251.76,236.18,
302782,4,314.37,1149.51,
302782,2,287.28,533.12,
302782,4,63.87,230.73,
302782,4,70.73,260.89,
302783,4,177.58,579.38,
302783,5,429.66,1644.71,
302783,5,21.65,83.51,
302783,4,121.18,354.61,
302783,4,7.69,22.25,
302783,2,322.25,493.25,
302783,5,158.75,591.14,
302783,6,106.20,452.60,
302786,3,160.21,425.84,
302786,4,191.31,713.50,
302786,5,78.03,349.36,
302786,5,188.50,823.58,
302786,2,115.29,220.66,
302786,5,383.04,1764.02,
302786,3,123.55,319.90,
302787,5,383.04,1544.46,
302787,5,153.22,676.65,
302788,4,23.14,84.36,
302788,6,23.90,120.99,
302788,4,21.67,76.27,
302788,7,17.73,105.28,
302788,3,391.86,1045.02,
302788,7,149.42,940.35,
302788,4,31.91,116.27,
302788,4,12.33,46.50,
302788,1,188.14,167.92,
302788,5,262.32,1128.56,
302788,7,12.03,70.81,
302788,3,134.24,341.46,
302788,2,445.20,814.95,
302788,5,79.68,342.26,
302788,4,18.63,62.80,
302789,1,77.24,59.26,
302789,6,127.79,586.18,
302789,5,318.78,1249.42,
302789,8,22.13,136.41,
302789,5,43.52,164.95,
302789,4,141.21,442.10,
302789,4,47.30,135.35,
302789,1,13.53,9.64,
302789,4,237.36,721.34,
302789,4,501.84,1580.03,
302791,4,339.89,1077.23,
302791,2,161.88,259.51,
302791,7,487.56,2688.68,
302791,5,32.67,122.18,
302791,8,7.91,48.57,
302791,5,163.40,611.11,
302791,4,33.03,107.34,
302791,3,341.78,857.64,
302791,3,7.22,19.10,
302791,3,23.76,52.05,
302791,3,16.85,40.73,
302791,5,65.88,268.98,
302792,2,142.58,257.81,
302792,3,125.91,359.40,
302792,5,537.03,2398.41,
302792,5,16.61,79.93,
302792,2,452.34,851.73,
302794,1,136.49,101.02,
302794,4,120.52,396.24,
302794,3,81.88,188.08,
302794,2,32.47,52.05,
302794,3,7.55,17.81,
302794,3,8.18,18.75,
302794,6,23.09,112.20,
302794,3,19.22,44.96,
302794,2,40.77,64.35,
302794,2,136.62,186.52,
302799,1,76.07,69.49,
302799,6,43.74,229.11,
302799,3,191.27,498.28,
302799,5,11.38,51.68,
302799,6,146.22,771.63,
302799,6,253.92,1291.80,
302800,3,42.48,97.94,
302800,4,238.08,686.71,
302800,3,7.93,19.36,
302800,5,13.65,50.88,
302800,1,17.39,13.44,
302800,5,420.42,1667.27,
302800,5,12.19,45.24,
302800,8,12.16,74.11,
302800,5,72.85,276.37,
302800,3,18.94,42.56,
302800,5,74.73,313.02,
302805,5,8.18,32.77,
302805,3,153.06,382.48,
302805,6,205.62,1003.38,
302805,5,34.32,143.29,
302805,7,214.84,1303.41,
302808,3,13.26,31.07,
302808,4,307.13,995.81,
302808,2,207.26,350.27,
302808,2,41.85,64.79,
302808,3,62.40,166.32,
302808,5,393.12,1690.81,
302808,4,24.98,85.88,
302808,5,187.44,817.41,
302810,2,31.91,56.60,
302810,3,83.60,222.51,
302810,2,109.39,181.90,
302810,4,422.94,1513.54,
302810,5,223.86,989.90,
302810,5,158.84,709.52,
302810,4,159.90,532.84,
302810,2,19.03,33.60,
302812,3,155.04,365.31,
302812,7,101.38,540.81,
302812,4,140.05,409.16,
302812,3,202.13,435.67,
302812,4,101.47,317.67,
302812,5,7.60,32.35,
302812,5,7.44,25.90,
302812,4,62.95,201.76,
302812,8,75.12,455.19,
302812,2,438.06,676.32,
302812,8,172.66,1070.67,
302812,2,58.68,88.16,
302812,6,18.25,93.89,
302812,7,180.40,984.11,
302812,8,7.71,46.31,
302815,4,518.67,1571.88,
302815,5,545.70,1980.16,
302815,4,11.30,35.86,
302817,5,19.62,81.30,
302817,3,189.20,500.53,
302817,6,249.36,1251.22,
302817,7,318.47,1960.85,
302817,5,95.71,424.93,
302817,4,71.75,241.34,
302817,4,32.57,113.50,
302817,3,453.60,1243.99,
302817,5,124.02,560.30,
302817,8,140.18,928.44,
302817,4,184.98,650.09,
302817,4,238.32,807.32,
302817,6,60.39,317.18,
302818,4,48.33,151.47,
302818,4,124.25,391.48,
302818,3,335.48,728.70,
302819,3,79.13,211.54,
302819,3,174.42,457.95,
302819,5,76.30,318.01,
302819,1,490.62,448.40,
302820,2,174.94,289.31,
302820,6,160.51,831.35,
302820,7,145.62,795.45,
302820,2,135.04,212.41,
302820,8,98.98,703.21,
302826,2,232.32,379.93,
302826,4,324.45,1063.17,
302826,2,32.51,52.49,
302826,3,7.98,21.68,
302826,5,71.44,301.61,
302826,5,33.07,146.99,
302828,5,12.63,48.10,
302828,2,313.74,489.00,
302828,1,98.88,77.60,
302828,5,380.94,1543.74,
302828,4,256.08,811.56,
302828,3,18.43,43.01,
302833,7,12.48,76.07,
302833,3,82.58,205.18,
302833,4,85.02,297.85,
302833,4,127.79,423.94,
302833,2,16.58,29.26,
302833,3,25.61,64.44,
302833,3,238.08,628.23,
302833,4,150.78,516.14,
302833,2,137.71,241.02,
302833,4,30.23,101.23,
302834,4,8.07,26.13,
302834,7,339.57,1788.76,
302834,6,113.63,514.40,
302834,5,489.60,1799.08,
302834,3,178.29,427.71,
302834,5,151.09,594.70,
302834,4,75.36,231.00,
302835,2,62.83,100.27,
302835,5,459.00,1728.09,
302835,2,125.32,176.99,
302835,6,484.50,2104.88,
302835,1,141.77,99.48,
302835,7,12.60,61.46,
302835,2,32.18,48.80,
302835,1,255.12,191.76,
302835,4,61.12,185.04,
302835,2,143.18,213.05,
302836,4,256.32,946.46,
302836,8,21.86,157.59,
302836,5,96.38,438.22,
302836,6,545.19,3096.09,
302836,7,537.54,3005.87,
302836,2,32.74,56.82,
302836,2,63.20,109.12,
302836,1,102.72,92.51,
302836,4,214.84,761.13,
302836,2,32.57,58.66,
302839,6,161.12,792.62,
302839,11,250.08,2353.82,
302839,3,104.74,245.91,
302839,8,16.51,105.16,
302839,9,85.57,650.06,
302839,2,8.25,14.13,
302839,3,103.30,277.34,
302839,7,21.72,130.66,
302839,4,7.43,25.12,
302843,3,42.62,119.30,
302843,4,13.16,45.15,
302843,4,513.06,1835.50,
302843,4,126.98,458.20,
302843,7,116.58,699.59,
302843,9,512.04,3992.66,
302843,2,395.64,669.01,
302843,2,93.89,166.49,
302843,5,47.39,206.69,
302843,2,64.66,115.97,
302843,6,44.91,227.30,
302844,3,483.48,1368.33,
302844,1,55.94,51.73,
302844,4,17.46,66.53,
302844,7,56.79,358.58,
302844,4,404.04,1453.46,
302844,2,244.80,472.47,
302844,4,7.68,27.77,
302846,3,17.05,37.72,
302846,1,171.95,131.04,
302846,7,170.54,830.20,
302846,3,212.38,478.40,
302848,4,217.20,660.86,
302848,5,299.25,1166.45,
302848,4,7.78,23.47,
302849,5,36.04,151.25,
302849,3,64.84,163.15,
302849,6,48.11,254.65,
302849,3,11.68,29.40,
302849,6,126.59,610.65,
302849,6,66.98,342.69,
302850,10,202.95,1593.60,
302850,3,312.48,813.22,
302851,3,164.01,396.80,
302851,3,32.31,73.65,
302851,3,75.05,168.38,
302851,2,35.38,56.82,
302851,5,551.82,2102.09,
302851,4,25.87,85.20,
302851,4,132.53,404.85,
302851,6,199.47,926.58,
302853,6,208.90,1087.85,
302853,3,492.15,1354.29,
302853,5,321.62,1419.77,
302853,5,22.56,102.91,
302853,3,17.69,47.03,
302853,3,202.75,576.15,
302853,6,125.14,683.50,
302853,5,448.14,2036.84,
302853,3,332.96,892.06,
302854,4,7.95,25.33,
302854,5,160.82,624.18,
302854,4,18.07,57.25,
302856,2,293.27,453.40,
302856,5,108.68,445.31,
302856,4,536.01,1732.03,
302856,4,292.32,924.26,
302856,4,490.62,1622.36,
302856,6,13.35,66.50,
302856,3,103.39,255.94,
302856,6,84.47,395.72,
302858,2,161.27,241.99,
302858,4,22.58,74.71,
302858,4,26.14,84.69,
302858,5,250.08,983.26,
302858,3,11.80,29.10,
302858,4,256.08,847.05,
302858,3,223.44,512.84,
302858,2,13.15,21.32,
302860,5,12.15,48.71,
302860,5,48.06,187.56,
302860,6,8.41,41.31,
302860,4,137.15,472.32,
302860,6,16.76,78.84,
302860,2,32.97,50.65,
302860,3,8.06,18.68,
302860,5,72.53,277.55,
302861,3,250.80,578.97,
302861,2,304.61,469.69,
302861,5,8.33,32.50,
302861,3,130.42,299.77,
302861,6,74.10,341.02,
302861,3,440.58,962.25,
302861,4,40.55,121.20,
302861,3,338.00,749.07,
302861,5,64.54,244.85,
302861,3,125.67,283.73,
302861,3,11.36,24.41,
302861,3,177.76,422.60,
302861,3,547.23,1151.35,
302861,9,167.38,1197.20,
302863,6,83.37,424.53,
302863,5,134.90,598.21,
302863,2,199.88,353.32,
302863,4,158.58,581.91,
302863,3,22.80,57.75,
302863,6,290.43,1509.83,
302863,4,66.06,233.60,
302863,4,157.78,547.03,
302863,7,32.84,203.98,
302864,4,263.52,905.46,
302864,2,489.60,816.04,
302864,3,35.77,97.83,
302864,6,32.90,169.32,
302864,7,119.30,737.39,
302864,4,185.94,672.32,
302864,6,391.44,2178.23,
302864,3,85.09,218.46,
302864,3,160.36,398.59,
302865,5,55.33,225.82,
302865,3,86.69,209.94,
302865,4,182.34,559.35,
302865,6,11.91,59.25,
302865,6,331.70,1714.06,
302866,5,124.49,524.55,
302866,6,74.97,400.68,
302866,6,23.71,125.28,
302866,8,184.62,1277.61,
302869,6,522.75,2628.28,
302869,1,487.56,396.87,
302869,3,520.20,1404.55,
302869,6,226.80,1127.58,
302869,5,23.90,100.35,
302869,2,22.10,40.29,
302869,6,74.50,374.37,
302869,3,12.13,30.76,
302869,6,18.79,101.99,
302869,3,471.75,1265.88,
302869,5,17.66,78.31,
302869,2,310.59,538.58,
302869,4,539.58,1945.70,
302872,5,295.16,1443.63,
302872,2,19.71,34.98,
302872,6,127.64,699.66,
302872,3,46.17,128.89,
302872,2,98.59,176.28,
302872,5,121.84,555.11,
302872,2,548.25,996.61,
302872,4,220.79,782.76,
302872,2,165.79,310.31,
302872,3,8.19,23.12,
302873,3,258.96,600.74,
302873,1,495.72,398.46,
302873,5,253.92,990.36,
302873,6,121.97,574.82,
302873,2,97.82,151.49,
302874,5,474.30,1929.89,
302874,4,498.27,1641.13,
302874,8,7.90,50.11,
302874,3,226.56,554.37,
302874,5,380.94,1654.33,
302874,3,57.71,155.76,
302874,4,22.73,77.69,
302874,4,90.62,288.87,
302874,5,13.73,61.35,
302874,3,124.61,302.81,
302878,5,98.21,451.50,
302878,6,512.55,2916.46,
302878,5,95.33,404.56,
302878,2,335.79,584.64,
302878,2,63.75,122.59,
302878,3,8.30,19.95,
302880,1,11.40,10.69,
302880,6,473.79,2551.37,
302880,6,187.78,1080.27,
302880,4,126.46,463.21,
302880,4,19.13,68.78,
302880,4,12.03,41.25,
302880,5,511.02,2271.56,
302880,4,8.69,30.31,
302883,5,396.90,1811.70,
302883,2,45.90,78.40,
302883,6,41.99,212.40,
302883,1,12.88,11.34,
302884,4,119.06,417.42,
302884,5,532.44,2189.64,
302885,2,110.21,184.27,
302885,4,118.83,425.60,
302885,3,42.75,105.37,
302885,3,164.31,393.57,
302885,6,16.97,89.08,
302885,4,83.92,293.71,
302886,3,66.49,130.56,
302886,4,25.42,77.35,
302886,5,150.63,600.06,
302886,3,94.75,210.36,
302886,4,127.91,392.25,
302886,3,31.55,71.27,
302886,7,42.93,236.86,
302886,2,81.95,118.58,
302886,9,25.15,166.56,
302886,4,309.96,860.00,
302886,4,76.85,223.78,
302886,4,150.78,442.72,
302889,5,12.39,47.18,
302889,4,139.08,464.17,
302889,7,102.91,543.47,
302889,5,501.84,1939.04,
302889,3,13.38,32.52,
302891,2,135.04,202.36,
302891,6,17.87,83.98,
302891,5,7.35,29.52,
302891,6,459.51,2091.43,
302891,3,310.28,716.50,
302891,2,12.00,18.94,
302892,6,141.90,741.51,
302892,4,11.61,45.08,
302892,2,32.37,57.73,
302892,4,66.61,232.11,
302892,8,17.91,126.97,
302892,4,95.62,355.81,
302892,3,17.66,49.81,
302893,6,101.86,582.44,
302893,3,18.70,48.16,
302893,6,98.11,492.71,
302893,4,284.45,1000.67,
302893,2,193.42,339.31,
302893,3,381.78,1035.06,
302899,2,189.01,299.66,
302899,6,200.49,1000.44,
302899,3,173.54,408.06,
302899,2,448.98,689.62,
302899,2,555.90,801.00,
302899,5,101.47,391.23,
302899,3,19.13,40.20,
302900,4,8.34,28.56,
302900,3,7.36,19.40,
302900,4,214.43,769.25,
302900,8,245.52,1718.50,
302900,4,512.04,1756.22,
302901,1,330.75,268.30,
302901,3,187.26,432.42,
302901,3,31.52,78.90,
302904,2,11.34,20.61,
302904,4,246.00,870.12,
302904,2,31.22,55.04,
302904,5,462.06,2031.77,
302904,8,324.45,2317.06,
302904,7,305.87,1916.79,
302904,2,8.79,14.95,
302905,4,125.00,406.74,
302905,5,86.69,337.66,
302905,5,40.73,162.51,
302905,3,22.56,52.66,
302905,6,212.79,1028.29,
302906,6,85.25,398.55,
302906,2,35.08,54.65,
302906,4,22.34,72.01,
302906,2,32.93,56.17,
302906,4,24.91,89.50,
302906,4,58.01,192.51,
302906,5,7.47,29.91,
302906,8,76.22,540.32,
302906,4,124.96,392.13,
302906,7,78.42,398.02,
302906,2,164.56,261.07,
302906,6,61.00,310.28,
302906,4,120.83,391.10,
302908,5,7.29,29.13,
302908,3,233.52,548.76,
302908,3,319.10,739.66,
302908,7,171.25,925.44,
302908,4,26.11,78.43,
302910,4,184.45,612.93,
302910,7,34.25,178.47,
302910,5,544.68,1918.74,
302910,6,459.90,2112.38,
302910,5,32.04,130.93,
302910,6,36.14,182.48,
302910,4,8.24,25.25,
302912,3,7.95,18.91,
302912,4,41.31,138.23,
302912,2,8.23,13.40,
302912,4,388.50,1254.47,
302912,5,13.05,55.06,
302912,4,218.74,742.86,
302912,6,183.57,967.86,
302912,5,297.05,1240.25,
302912,5,17.03,71.62,
302912,5,404.88,1413.61,
302917,5,18.29,68.60,
302917,6,506.43,2393.73,
302917,3,141.97,340.90,
302917,3,479.40,1209.91,
302917,2,24.65,40.24,
302917,7,82.74,439.69,
302917,3,159.90,359.90,
302917,2,64.05,89.61,
302917,5,34.52,113.73,
302917,8,152.91,922.76,
302921,3,48.20,107.05,
302921,5,90.05,349.70,
302921,4,43.65,149.58,
302921,4,123.16,392.85,
302921,3,149.87,354.00,
302924,2,229.44,372.63,
302924,5,118.93,485.68,
302924,4,12.26,37.70,
302924,3,166.29,369.69,
302924,6,56.30,253.02,
302924,2,83.29,128.74,
302924,4,7.35,22.66,
302926,3,121.84,265.10,
302926,3,294.53,624.85,
302926,4,18.09,52.84,
302926,2,82.19,122.38,
302926,2,126.59,182.46,
302926,4,487.56,1334.88,
302926,5,80.78,308.43,
302927,2,11.34,18.92,
302927,3,46.85,107.29,
302927,6,302.09,1401.03,
302927,5,18.74,79.02,
302927,4,30.69,114.25,
302928,7,16.43,96.65,
302928,3,334.22,745.86,
302928,3,32.11,76.98,
302928,8,33.13,200.80,
302928,6,13.19,60.93,
302928,2,335.79,509.18,
302928,6,41.31,211.17,
302928,4,18.52,56.22,
302928,2,84.00,135.27,
302928,3,383.88,884.34,
302928,2,7.44,11.47,
302928,7,182.51,1065.47,
302928,6,101.28,471.47,
302930,1,8.28,7.60,
302930,3,12.45,32.23,
302930,5,553.35,2443.95,
302930,7,311.54,2029.94,
302930,4,433.02,1548.36,
302933,5,171.95,668.89,
302933,4,234.00,706.24,
302933,5,11.76,45.14,
302933,2,59.05,94.33,
302933,4,7.40,24.03,
302933,1,16.54,13.59,
302933,4,13.29,42.87,
302933,4,7.93,24.69,
302933,5,216.24,826.00,
302938,3,34.49,93.58,
302938,2,29.87,53.65,
302938,3,129.76,328.22,
302938,6,64.17,328.18,
302938,4,448.56,1518.89,
302938,7,165.22,962.39,
302939,5,440.16,1855.13,
302939,3,209.92,536.09,
302939,4,19.53,70.60,
302939,6,119.65,638.40,
302941,7,304.61,1975.52,
302941,1,512.55,457.49,
302941,6,86.78,459.68,
302941,3,35.31,86.13,
302941,2,59.17,105.57,
302941,4,32.08,109.96,
302941,4,521.22,1789.49,
302942,5,134.51,576.25,
302942,3,63.44,154.59,
302944,4,313.74,1064.81,
302944,5,200.49,781.11,
302944,6,147.29,627.45,
302944,8,18.43,122.24,
302944,3,225.36,506.84,
302944,6,462.06,2112.17,
302945,2,287.91,498.36,
302945,7,311.54,1802.86,
302945,4,500.31,1751.57,
302945,4,32.90,111.37,
302945,7,46.71,279.37,
302945,6,157.93,828.09,
302946,4,432.60,1566.42,
302946,3,156.86,428.65,
302946,4,335.79,1165.96,
302946,4,195.16,662.28,
302946,4,165.83,590.45,
302946,1,237.60,210.60,
302946,4,166.14,547.03,
302946,4,22.10,75.87,
302946,5,88.61,374.16,
302946,3,540.60,1484.00,
302946,4,488.07,1711.98,
302947,6,285.39,1304.28,
302947,5,538.56,2139.76,
302947,4,8.66,27.44,
302947,3,7.49,18.58,
302947,4,111.27,335.75,
302947,3,35.41,74.25,
302948,5,25.80,112.65,
302948,4,488.07,1661.69,
302948,3,125.43,343.86,
302948,3,305.87,814.41,
302948,4,95.23,338.95,
302948,3,106.44,291.53,
302953,6,88.51,470.70,
302953,5,187.79,726.98,
302953,4,18.36,59.87,
302953,4,49.05,149.58,
302953,4,26.30,84.59,
302953,2,45.00,73.86,
302953,5,76.38,290.38,
302953,3,64.54,151.84,
302953,5,102.14,424.47,
302953,5,26.33,106.40,
302954,4,13.06,45.34,
302954,2,126.26,220.98,
302954,2,495.21,883.03,
302954,8,136.09,1035.01,
302954,3,48.69,128.11,
302955,4,42.44,163.12,
302955,3,43.47,116.15,
302955,4,12.14,41.07,
302955,5,546.21,2446.53,
302955,3,16.78,42.28,
302955,6,8.66,45.59,
302955,2,41.67,70.02,
302955,2,390.18,660.82,
302955,3,186.55,518.49,
302955,2,83.21,144.74,
302955,6,41.72,202.96,
302956,2,46.31,75.44,
302956,4,122.63,389.90,
302956,5,31.42,132.11,
302956,2,491.64,927.74,
302958,3,462.06,1142.46,
302958,4,13.26,48.49,
302958,3,8.62,21.80,
302958,4,122.50,425.34,
302959,3,199.26,469.24,
302959,6,13.38,63.75,
302959,8,25.44,146.49,
302959,5,165.22,601.64,
302959,3,59.35,135.04,
302959,6,8.12,41.28,
302959,5,142.16,539.99,
302961,1,190.78,143.15,
302961,2,98.98,149.80,
302961,4,401.10,1145.74,
302961,3,16.25,36.93,
302963,5,305.24,1443.75,
302963,5,8.17,38.08,
302963,5,478.38,2222.32,
302963,4,18.90,70.05,
302963,5,307.13,1364.81,
302963,5,17.03,77.10,
302963,2,234.48,425.46,
302963,5,12.30,52.13,
302966,2,221.52,326.56,
302966,2,178.11,277.44,
302966,4,33.63,97.98,
302966,9,8.51,57.36,
302966,5,19.69,74.75,
302966,2,117.41,173.66,
302966,3,7.79,17.04,
302966,3,429.24,1012.90,
302966,5,11.43,43.67,
302966,5,8.36,31.76,
302971,8,12.75,86.97,
302971,3,176.70,451.31,
302971,2,115.52,208.57,
302971,5,194.55,904.06,
302971,4,555.39,2066.42,
302971,4,34.78,130.93,
302972,6,26.28,152.06,
302972,6,145.31,743.26,
302972,2,230.88,416.77,
302972,7,47.21,289.59,
302972,5,439.32,1824.97,
302974,4,425.88,1316.48,
302974,4,177.06,554.65,
302974,4,41.00,126.70,
302974,4,13.55,41.80,
302974,3,32.21,78.40,
302974,4,168.78,494.50,
302974,4,24.10,68.30,
302976,3,128.57,318.45,
302976,3,187.97,476.47,
302976,3,63.99,163.66,
302976,4,250.08,834.31,
302976,2,75.12,127.54,
302976,5,66.61,264.90,
302976,3,100.42,256.00,
302976,3,246.00,636.00,
302976,4,381.78,1198.24,
302976,5,128.03,560.36,
302976,3,136.95,348.00,
302976,5,255.60,1041.78,
302976,8,56.97,374.07,
302976,3,13.03,32.91,
302977,6,400.68,2022.20,
302977,3,16.43,45.94,
302977,1,414.12,356.62,
302977,5,16.60,73.43,
302977,4,186.91,636.51,
302977,5,112.81,504.24,
302977,2,18.68,31.72,
302978,4,329.81,931.84,
302978,3,18.36,41.75,
302979,3,530.40,1248.67,
302979,5,171.25,647.19,
302979,5,104.16,376.17,
302979,5,72.22,273.13,
302979,3,42.66,100.78,
302979,5,12.11,46.59,
302979,1,192.37,153.22,
302980,5,12.41,55.51,
302980,2,478.89,855.36,
302980,2,12.35,21.69,
302980,1,382.62,341.88,
302980,2,12.71,23.14,
302980,2,43.47,81.38,
302980,6,7.35,38.48,
302980,4,147.44,521.59,
302980,6,25.37,137.87,
302980,3,21.98,58.17,
302980,5,178.99,809.00,
302981,5,128.57,570.25,
302981,6,107.97,523.10,
302981,3,230.88,598.09,
302981,2,261.84,467.32,
302981,2,113.99,198.50,
302981,4,258.72,949.16,
302982,3,25.90,67.23,
302982,4,500.31,1637.11,
302982,8,223.92,1576.66,
302982,5,35.08,145.31,
302985,4,57.77,190.23,
302985,5,56.61,221.15,
302985,5,305.87,1271.29,
302985,4,135.70,425.39,
302985,8,7.58,51.33,
302985,5,119.46,490.15,
302985,5,45.63,189.90,
302985,3,19.60,48.39,
302985,9,12.08,91.79,
302988,3,203.57,500.35,
302988,6,168.26,850.04,
302988,2,35.51,59.38,
302989,6,189.22,876.07,
302989,3,135.17,299.05,
302989,7,112.57,630.93,
302989,5,29.83,114.86,
302989,5,95.14,351.34,
302989,2,194.14,266.15,
302992,4,142.69,486.56,
302992,2,65.45,125.44,
302992,2,30.72,55.43,
302992,4,119.53,422.36,
302992,8,124.48,812.36,
302992,7,47.79,285.71,
302992,5,238.08,993.33,
302992,4,130.94,443.04,
302992,5,530.40,2134.41,
302992,1,83.29,73.42,
302994,5,35.84,147.07,
302994,2,26.14,42.46,
302994,5,307.76,1352.51,
302994,6,13.30,67.74,
302994,2,18.56,29.92,
302994,4,217.20,703.11,
302994,5,120.38,495.22,
302994,2,151.70,248.54,
302994,4,460.74,1541.59,
302995,4,143.22,427.79,
302995,5,29.90,119.17,
302995,6,217.44,997.44,
302995,5,30.29,107.69,
302995,4,8.39,25.86,
302995,6,202.54,934.91,
302997,6,21.77,90.93,
302997,5,46.53,185.91,
302997,6,231.36,1111.66,
302997,4,131.47,398.61,
302997,6,86.69,427.96,
302997,5,26.02,100.63,
302997,5,231.36,876.42,
302998,3,141.64,360.72,
302998,2,101.66,175.74,
302998,6,143.34,685.00,
302998,4,8.50,28.62,
302998,2,129.10,221.27,
302998,6,145.01,749.54,
302998,1,31.65,27.62,
302998,3,229.92,590.92,
302998,2,97.25,163.57,
303000,2,102.82,179.88,
303000,3,57.28,148.83,
303003,3,522.75,1333.95,
303003,4,48.24,170.75,
303003,6,253.44,1360.03,
303003,6,16.34,85.97,
303003,3,74.89,196.20,
303003,6,8.22,47.07,
303003,2,76.15,136.36,
303004,5,250.08,1000.56,
303004,3,158.69,377.15,
303004,2,33.46,58.48,
303004,4,102.24,331.21,
303004,4,185.15,675.92,
303004,3,12.23,32.38,
303004,4,165.68,557.18,
303007,3,65.58,182.35,
303007,3,515.61,1337.81,
303007,6,42.66,239.46,
303007,4,460.32,1619.87,
303008,6,414.54,2228.13,
303008,6,205.62,1093.36,
303008,8,120.83,892.22,
303008,3,8.40,23.73,
303008,4,191.31,748.37,
303012,3,460.32,1190.76,
303012,5,8.53,38.78,
303012,5,421.26,1961.68,
303012,3,192.50,554.06,
303012,2,24.77,44.76,
303012,2,133.06,235.67,
303012,2,143.94,265.41,
303013,6,8.29,45.81,
303013,3,134.38,359.67,
303013,2,417.06,737.38,
303013,4,83.52,294.32,
303013,4,108.32,396.92,
303013,5,394.38,1833.40,
303013,2,47.34,89.04,
303013,1,58.80,57.31,
303014,4,145.07,485.64,
303014,4,96.19,294.67,
303014,4,12.13,39.58,
303014,6,58.44,301.21,
303014,1,164.91,140.20,
303016,6,209.10,1119.44,
303016,2,30.79,54.91,
303016,4,46.98,162.40,
303016,3,77.79,199.33,
303016,4,525.81,1698.25,
303016,2,110.92,203.70,
303016,7,222.48,1515.40,
303016,5,25.39,112.35,
303017,6,498.27,2659.66,
303017,6,140.60,702.15,
303017,5,201.72,923.87,
303017,4,433.86,1442.79,
303017,2,108.21,184.92,
303017,6,218.88,1111.65,
303017,2,48.60,81.94,
303017,2,78.11,133.85,
303017,8,8.54,58.83,
303017,3,12.79,32.60,
303017,7,119.86,688.48,
303017,2,82.90,143.18,
303017,6,139.92,722.35,
303019,3,193.25,422.44,
303019,6,8.53,38.54,
303019,6,127.44,548.33,
303019,6,73.95,298.98,
303019,2,12.58,20.73,
303019,1,11.79,9.53,
303019,5,56.36,203.76,
303019,6,71.75,324.69,
303019,4,63.93,195.23,
303019,2,144.55,239.76,
303019,6,197.62,907.87,
303019,4,7.46,22.73,
303019,3,307.44,691.77,
303019,4,98.88,317.44,
303019,3,451.92,1086.37,
303021,2,294.21,535.65,
303021,6,59.48,325.87,
303021,9,316.26,2569.68,
303024,5,406.56,1790.94,
303024,3,205.62,529.65,
303024,5,552.33,2443.85,
303024,3,89.28,233.47,
303026,4,24.77,78.26,
303026,8,93.98,629.16,
303026,4,125.20,413.68,
303026,3,262.80,648.00,
303026,3,229.44,562.50,
303026,1,515.10,416.16,
303026,4,12.35,40.54,
303027,2,17.93,28.58,
303027,3,71.44,152.79,
303027,3,55.45,129.25,
303027,6,35.41,156.07,
303027,2,7.83,12.91,
303027,2,35.08,52.40,
303027,5,13.70,48.77,
303027,2,429.66,595.54,
303027,4,129.10,403.12,
303027,6,62.46,285.00,
303028,6,25.63,128.47,
303028,4,166.50,501.50,
303028,4,79.36,273.38,
303028,6,48.51,239.52,
303028,6,33.40,167.05,
303028,8,108.80,669.19,
303028,5,403.20,1637.44,
303028,3,24.58,58.21,
303028,7,7.74,42.12,
303028,3,92.93,218.29,
303028,3,13.50,33.28,
303029,6,32.60,153.72,
303029,2,334.53,491.80,
303029,3,73.55,177.07,
303029,3,405.30,903.97,
303029,3,247.92,526.04,
303031,4,505.92,1866.20,
303031,4,82.66,289.18,
303031,3,86.69,225.53,
303032,2,426.30,734.83,
303032,3,119.53,306.08,
303032,3,554.88,1453.09,
303032,5,8.16,33.70,
303033,6,460.74,2196.33,
303033,3,17.98,45.64,
303035,4,160.69,467.71,
303035,1,216.96,174.70,
303035,1,8.54,6.11,
303035,6,33.66,166.10,
303035,3,43.07,100.28,
303035,4,124.08,387.85,
303036,4,388.08,1313.37,
303036,4,207.26,687.00,
303036,3,7.53,20.10,
303037,3,30.76,88.50,
303037,6,30.29,163.90,
303037,4,24.05,89.65,
303037,3,31.81,83.19,
303037,4,295.16,957.85,
303037,3,151.09,423.77,
303037,3,34.91,91.62,
303037,3,443.10,1185.02,
303039,4,345.87,1209.53,
303039,3,142.42,365.68,
303039,5,56.85,250.94,
303039,1,42.12,35.42,
303039,5,467.16,1938.26,
303039,2,111.51,184.65,
303039,3,137.10,344.54,
303039,6,18.49,97.95,
303040,6,8.27,38.82,
303040,2,7.95,12.90,
303040,5,48.42,200.41,
303040,2,8.16,12.93,
303040,5,16.88,72.33,
303042,2,94.27,157.42,
303042,6,7.63,36.64,
303042,1,127.78,111.68,
303042,5,501.84,2188.22,
303042,2,422.52,724.81,
303043,5,29.80,135.33,
303043,8,116.58,814.72,
303043,5,31.28,137.99,
303043,3,177.06,486.78,
303043,4,40.77,137.84,
303043,7,130.81,785.53,
303043,8,65.58,437.34,
303046,5,262.56,992.07,
303046,5,30.10,119.72,
303046,2,107.38,172.95,
303046,5,22.27,91.43,
303046,3,8.49,20.62,
303046,4,262.32,876.71,
303046,4,202.75,654.30,
303046,6,531.42,2732.89,
303046,7,224.64,1307.71,
303046,3,431.34,1023.02,
303047,5,88.03,348.43,
303047,7,47.39,266.63,
303047,2,84.23,126.51,
303047,3,441.42,1012.94,
303047,7,65.33,342.12,
303047,2,7.86,11.57,
303052,1,186.55,150.36,
303052,7,539.58,3195.66,
303052,7,18.47,107.05,
303052,2,191.06,331.68,
303052,3,388.50,981.55,
303054,2,22.92,36.08,
303054,4,520.71,1514.32,
303054,6,91.97,419.09,
303054,4,8.60,26.85,
303054,4,557.94,1696.30,
303056,5,25.32,99.20,
303056,5,218.74,861.42,
303056,2,119.06,204.76,
303056,6,287.60,1479.34,
303056,3,40.91,104.61,
303058,2,424.20,703.86,
303058,4,13.08,44.14,
303058,7,108.44,657.34,
303058,7,18.27,104.61,
303058,5,17.35,77.08,
303058,6,47.79,254.88,
303059,8,12.15,82.70,
303059,4,164.01,511.38,
303059,2,319.41,555.90,
303059,3,11.29,31.02,
303059,4,25.49,85.63,
303059,2,65.76,111.59,
303060,3,549.78,1456.89,
303060,5,222.96,944.55,
303060,5,102.05,442.13,
303060,4,57.16,204.99,
303060,4,25.90,95.15,
303063,5,86.88,371.40,
303063,6,7.58,36.96,
303063,1,61.61,49.48,
303063,5,286.02,1127.49,
303063,5,129.10,489.08,
303063,5,163.86,681.01,
303063,2,23.42,37.22,
303063,5,135.43,533.14,
303063,4,338.31,1120.95,
303063,2,117.65,192.79,
303063,4,8.50,26.53,
303063,4,244.32,778.21,
303063,4,262.08,821.28,
303065,5,17.50,70.35,
303065,8,160.21,982.87,
303065,2,302.09,469.02,
303065,3,65.15,153.97,
303066,1,12.51,9.74,
303066,5,168.61,608.25,
303066,4,482.97,1336.26,
303066,1,292.01,192.03,
303066,6,19.64,84.22,
303067,3,132.79,338.37,
303067,2,223.66,403.99,
303067,5,529.38,2062.45,
303067,5,458.22,1948.96,
303067,2,45.90,77.52,
303067,7,262.80,1521.93,
303067,1,122.10,101.04,
303067,4,554.88,1886.18,
303067,8,467.67,3248.01,
303067,1,160.86,135.95,
303067,2,8.72,12.49,
303067,3,7.70,19.44,
303067,2,527.85,884.02,
303067,6,327.60,1699.37,
303068,5,33.23,125.05,
303068,5,126.85,468.60,
303068,4,220.58,630.74,
303068,6,166.50,726.65,
303069,5,22.06,90.94,
303069,5,137.81,545.08,
303069,5,193.25,837.30,
303069,6,56.67,294.43,
303070,7,121.19,647.80,
303070,5,302.40,1102.13,
303070,8,18.58,117.91,
303070,4,30.03,91.39,
303070,3,99.94,202.30,
303070,7,317.21,1807.16,
303070,4,464.10,1434.53,
303070,5,63.20,240.47,
303071,3,182.69,494.08,
303071,3,7.65,20.85,
303071,6,537.03,2861.63,
303071,5,305.87,1419.71,
303071,5,313.11,1362.48,
303071,3,146.38,363.20,
303073,6,16.72,82.85,
303073,3,464.10,1210.30,
303073,2,12.64,22.06,
303074,6,60.45,308.24,
303074,6,182.51,933.66,
303074,4,56.55,180.18,
303074,4,431.76,1579.39,
303074,4,16.90,61.29,
303075,8,187.58,1301.50,
303075,3,113.99,309.52,
303075,5,523.26,2441.01,
303075,6,7.90,41.68,
303075,3,57.34,165.44,
303075,7,338.63,2137.49,
303075,4,8.04,30.60,
303075,3,157.78,405.40,
303075,1,176.35,161.27,
303076,9,7.83,54.36,
303076,2,220.32,359.36,
303076,2,124.08,193.29,
303076,1,99.36,72.00,
303076,5,13.30,55.47,
303076,8,19.58,128.64,
303076,4,554.37,1740.87,
303076,3,60.82,145.44,
303076,3,189.20,417.58,
303076,6,115.76,559.89,
303078,5,524.28,2430.93,
303078,5,299.88,1446.94,
303078,6,192.19,1017.84,
303078,4,17.08,61.49,
303078,4,155.50,572.05,
303078,6,302.40,1689.45,
303078,1,58.62,53.00,
303078,2,192.91,366.62,
303078,6,78.66,433.97,
303078,4,113.28,404.36,
303079,6,98.21,484.30,
303079,6,7.71,34.90,
303079,2,60.51,95.14,
303079,9,78.97,560.77,
303079,3,501.33,1216.95,
303080,2,218.40,355.85,
303080,3,7.86,20.04,
303080,2,56.30,100.56,
303080,8,138.86,987.82,
303080,5,113.16,473.71,
303080,4,189.20,615.02,
303080,4,22.90,79.80,
303080,5,11.89,50.30,
303080,4,17.95,60.52,
303080,2,19.51,30.94,
303080,3,181.28,461.73,
303080,3,166.59,453.65,
303080,6,148.20,813.34,
303080,7,31.61,190.69,
303080,3,33.69,84.45,
303081,3,222.02,519.37,
303081,5,80.70,293.91,
303081,6,125.80,549.31,
303081,4,118.47,351.71,
303081,3,141.36,330.77,
303081,2,316.58,488.98,
303081,2,344.93,545.07,
303081,3,17.64,40.14,
303082,3,231.36,588.90,
303082,3,96.86,247.61,
303082,5,107.62,472.81,
303082,2,44.15,76.18,
303082,3,58.01,137.96,
303082,3,254.64,677.20,
303082,3,90.05,223.14,
303082,4,79.29,282.59,
303083,7,246.48,1350.98,
303083,6,11.55,57.20,
303083,3,464.10,1086.29,
303083,1,11.94,9.67,
303083,6,256.56,1336.30,
303083,1,317.52,252.39,
303083,6,63.56,334.58,
303083,8,193.25,1261.69,
303083,7,100.32,532.98,
303083,4,8.58,31.67,
303084,1,177.94,162.83,
303084,3,11.46,27.96,
303084,2,287.91,489.64,
303085,5,58.80,259.34,
303085,3,11.71,29.45,
303085,3,12.21,28.06,
303085,4,161.27,560.06,
303085,4,44.10,154.76,
303086,6,237.36,1131.07,
303086,2,527.85,827.60,
303086,3,226.32,545.78,
303086,7,23.35,132.44,
303086,5,89.18,346.42,
303086,6,108.21,484.06,
303089,3,138.47,336.14,
303089,3,505.92,1343.75,
303089,1,22.06,17.45,
303089,5,250.08,1102.31,
303089,5,41.27,175.22,
303089,2,387.66,663.18,
303089,3,17.10,43.50,
303092,6,504.39,2344.95,
303092,3,127.51,315.95,
303092,3,218.64,470.76,
303092,2,261.60,412.74,
303092,4,139.84,438.09,
9303092,-3,127.51,-315.95,
9303092,-3,218.64,-470.76,
303096,3,114.22,239.50,
303096,3,89.09,203.51,
303096,5,496.74,1922.20,
303097,4,30.26,106.14,
303097,3,31.38,85.66,
303098,2,125.14,182.18,
303098,2,114.81,184.81,
303098,5,125.55,481.37,
303098,3,24.29,56.11,
303098,2,90.91,143.34,
303098,4,44.82,122.19,
303098,1,199.88,146.65,
303098,5,115.64,466.19,
9303098,-2,114.81,-184.81,
303101,3,345.87,956.63,
303101,6,312.48,1649.40,
303104,4,8.28,26.85,
303104,7,474.30,3125.13,
303104,5,486.54,2084.87,
303104,7,33.53,196.13,
303104,2,8.42,14.77,
303106,8,18.07,116.88,
303106,3,150.48,352.39,
303106,2,474.30,772.81,
303106,6,400.26,1884.08,
303106,7,242.88,1326.71,
303106,2,107.14,176.66,
303106,3,139.54,369.45,
303107,4,56.73,204.05,
303107,9,71.36,565.15,
303107,4,32.01,111.06,
303107,4,18.59,59.33,
303107,2,11.85,21.39,
303107,5,95.90,411.26,
303107,6,93.41,459.54,
303108,3,124.34,340.32,
303108,2,166.67,296.53,
303108,3,13.71,38.31,
303108,4,178.29,615.48,
303108,3,293.58,708.27,
303108,9,112.10,943.50,
303108,7,19.66,115.27,
303109,5,258.48,1112.98,
303109,4,32.90,105.50,
303109,4,130.94,437.81,
303110,6,7.43,38.35,
303110,2,461.58,730.86,
303110,3,159.28,398.84,
303110,4,241.68,729.98,
303111,7,44.42,260.14,
303111,3,90.82,234.56,
303111,2,11.74,20.19,
303111,3,70.96,176.71,
303120,6,128.62,589.52,
303120,4,189.90,615.72,
303120,6,109.15,516.02,
303120,6,388.50,1778.84,
303120,3,143.64,329.86,
303120,8,534.48,3613.78,
303120,8,123.66,738.37,
303120,5,78.03,298.84,
303120,2,543.15,858.41,
303120,4,63.26,194.27,
303120,4,240.72,812.56,
303120,8,121.97,773.67,
303120,4,525.30,1596.45,
303120,4,470.22,1529.23,
303120,4,125.00,379.88,
303121,4,93.60,311.62,
303121,7,118.93,676.21,
303121,4,72.69,249.34,
303121,6,121.19,603.58,
303125,3,121.19,294.82,
303125,3,459.51,1143.62,
303125,1,170.72,126.33,
303125,4,304.92,1064.35,
303125,3,404.88,1061.95,
303129,2,57.71,93.40,
303129,2,59.48,94.82,
303129,3,18.43,46.67,
303129,2,161.12,256.61,
303129,4,163.70,549.67,
303129,4,42.84,140.73,
303129,4,8.17,25.12,
303129,2,333.90,516.22,
303129,3,41.27,93.06,
303129,5,108.21,434.07,
303129,3,12.80,30.43,
303129,6,128.27,596.93,
303131,10,34.06,269.05,
303131,2,22.68,33.53,
303131,4,119.59,391.04,
303131,5,56.24,220.03,
303131,2,165.22,259.11,
303131,7,191.68,1035.52,
303131,6,284.76,1304.17,
303134,4,35.34,136.29,
303134,4,436.38,1523.61,
303134,4,7.91,29.15,
303134,3,180.93,480.82,
303134,9,201.11,1660.90,
303135,2,17.91,33.61,
303135,7,11.34,69.14,
303135,5,214.64,1034.57,
303135,4,107.26,405.11,
303135,2,194.14,368.58,
303135,3,168.43,436.95,
303135,3,74.03,193.08,
303135,6,40.59,228.54,
303136,4,101.66,337.17,
303136,4,213.20,710.34,
303136,3,548.76,1492.19,
303136,4,449.82,1682.17,
303136,6,18.16,93.83,
303136,3,135.04,339.48,
303136,4,8.79,31.11,
303136,5,161.73,709.70,
303136,6,424.20,2404.25,
303136,1,422.52,398.61,
303139,2,31.91,51.92,
303139,5,417.06,1751.86,
303139,2,142.27,226.06,
303139,4,130.02,395.76,
303140,5,34.42,139.72,
303140,10,31.81,248.15,
303140,3,121.84,289.85,
303140,4,7.42,23.91,
303140,7,422.52,2367.20,
303140,6,78.66,380.14,
303140,6,7.57,37.86,
303142,4,192.72,568.88,
303142,3,44.69,112.08,
303142,2,30.49,48.01,
303142,3,36.20,83.71,
303142,4,62.83,203.91,
303142,4,244.56,777.25,
303142,3,65.58,163.66,
303142,5,192.90,760.18,
303142,5,8.58,36.78,
303143,5,7.44,33.80,
303143,4,89.28,305.65,
303143,4,187.78,647.09,
303143,6,58.32,297.41,
303143,2,135.96,229.40,
303144,2,122.50,203.34,
303144,3,224.40,557.58,
303144,1,154.13,124.22,
303144,3,63.32,152.95,
303145,5,30.53,123.39,
303145,4,129.62,395.23,
303145,2,92.26,155.84,
303145,4,158.38,540.97,
303146,7,73.48,487.97,
303146,2,18.49,32.56,
303148,5,122.13,459.98,
303148,4,48.51,156.10,
303148,1,164.03,130.32,
303148,3,181.28,403.68,
303148,7,333.59,1987.36,
303148,9,75.75,547.00,
303148,4,238.08,778.67,
303151,2,78.66,110.87,
303151,5,520.71,1804.02,
303151,2,417.06,560.51,
303151,5,41.31,153.15,
303152,3,12.61,31.37,
303152,3,42.08,110.26,
303152,6,12.56,61.96,
303152,4,459.48,1529.20,
303152,2,79.29,131.73,
303152,2,23.90,38.17,
303152,5,19.06,77.98,
303152,7,7.36,38.11,
303152,4,102.91,341.71,
303152,5,78.66,332.35,
303154,3,105.12,260.32,
303154,8,424.20,3247.96,
303154,4,187.99,681.29,
303154,4,336.74,1259.29,
303154,2,101.47,194.46,
303154,6,508.47,2768.95,
303154,6,136.62,789.99,
303154,3,21.86,57.58,
303154,3,162.18,437.48,
303154,6,407.40,2238.14,
303155,6,23.35,106.71,
303155,3,8.55,20.59,
303155,3,13.64,31.77,
303155,5,8.75,35.24,
303155,5,295.47,1111.83,
303155,4,8.02,23.68,
303155,4,165.83,501.67,
303156,3,123.19,322.94,
303156,3,239.28,498.06,
303156,3,33.33,80.16,
303156,4,13.28,42.59,
303156,5,7.96,32.14,
303156,5,59.72,228.76,
303156,4,210.33,672.04,
303158,2,264.00,459.49,
303158,3,128.04,311.57,
303158,8,7.42,47.41,
303158,5,55.14,214.94,
303158,4,22.49,69.74,
303158,5,178.46,787.98,
303158,8,95.33,616.29,
303158,2,126.98,204.28,
303158,6,200.70,1073.90,
303158,3,384.72,917.34,
303158,5,514.08,2080.82,
303160,5,521.73,2467.33,
303160,4,16.33,61.09,
303160,6,136.88,733.55,
303160,5,65.82,319.04,
303160,1,7.73,6.81,
303160,3,189.55,511.64,
303160,5,171.60,803.74,
303160,4,212.79,841.00,
303160,4,146.53,538.61,
303160,2,234.96,439.26,
303160,5,512.55,2490.02,
303163,3,55.21,152.88,
303163,2,390.18,693.41,
303163,3,520.71,1390.39,
303163,5,104.45,465.00,
303163,2,31.58,52.43,
303163,2,8.17,13.84,
303163,2,84.00,151.46,
303163,3,43.97,122.78,
303163,7,142.42,880.85,
303163,4,7.29,25.60,
303165,5,57.58,260.64,
303165,6,163.70,864.17,
303166,5,124.25,505.17,
303166,7,203.16,1298.67,
303166,3,525.30,1390.78,
303166,4,218.88,771.32,
303166,2,13.61,24.38,
303167,1,46.40,38.38,
303167,5,24.00,99.81,
303167,4,70.96,214.21,
303167,3,326.34,743.61,
303168,5,464.10,2006.84,
303168,9,18.50,143.63,
303168,5,284.45,1218.62,
303168,4,383.04,1395.10,
303168,3,138.93,347.99,
303169,5,13.00,62.89,
303169,3,251.28,643.88,
303169,5,17.17,79.15,
303169,3,174.77,479.16,
303169,5,158.75,761.52,
303169,4,16.40,59.57,
303169,6,91.10,509.33,
303169,3,24.14,64.10,
303169,4,29.77,111.53,
303169,5,295.47,1420.00,
303173,5,224.64,825.99,
303173,2,506.43,778.05,
303173,4,16.31,45.90,
303173,2,557.43,864.66,
303173,4,308.39,922.82,
303176,2,12.98,20.17,
303176,3,33.10,81.05,
303176,3,11.85,30.25,
303176,2,13.30,20.76,
303176,3,471.24,1138.07,
303176,3,61.31,142.60,
303176,3,94.75,254.67,
303176,3,208.69,500.31,
303179,7,12.21,74.91,
303179,6,388.50,2181.87,
303179,4,166.44,597.91,
303181,3,74.18,170.63,
303181,6,381.36,1747.96,
303181,7,113.04,608.90,
303181,5,122.84,487.83,
303181,5,240.00,967.02,
303181,3,26.04,65.74,
303181,3,117.76,271.48,
303181,3,133.72,336.07,
303181,4,497.25,1553.63,
303181,2,33.03,49.13,
303181,4,72.06,238.20,
303182,2,222.84,382.07,
303182,2,8.76,14.70,
303183,1,466.65,454.17,
303183,4,31.98,109.19,
303183,3,528.36,1466.96,
303183,2,83.45,156.04,
303184,3,163.40,427.81,
303184,5,345.56,1476.96,
303184,4,21.96,78.10,
303185,5,120.52,494.87,
303185,5,114.11,452.39,
303185,6,255.60,1197.23,
303185,4,93.31,281.85,
303185,2,250.32,406.51,
303185,5,203.16,845.50,
303188,5,169.66,817.24,
303188,4,346.50,1267.97,
303188,3,17.33,47.48,
303188,5,117.17,539.15,
303188,3,90.43,233.35,
303188,3,340.52,883.93,
303188,5,65.15,294.77,
303188,3,225.36,597.19,
303190,3,42.98,103.67,
303190,3,77.17,184.62,
303190,6,158.38,749.89,
303190,3,217.92,539.03,
303191,8,521.73,3507.86,
303191,3,98.02,249.24,
303191,4,57.65,202.16,
303191,3,246.24,641.77,
303191,5,25.56,106.32,
303191,5,41.18,181.08,
303191,3,11.43,29.17,
303191,2,77.24,124.42,
303191,5,221.40,966.49,
303191,3,66.25,173.37,
303195,3,16.88,43.72,
303195,2,80.46,134.33,
303195,7,417.48,2615.30,
303195,6,460.74,2429.71,
303197,8,143.22,981.62,
303197,6,7.91,42.82,
303197,6,48.92,279.11,
303197,6,12.76,73.02,
303205,2,180.22,328.63,
303205,3,19.10,50.64,
303205,6,487.56,2509.52,
303205,4,73.48,272.52,
303206,3,101.66,228.36,
303206,5,19.15,73.09,
303206,4,382.20,1148.90,
303206,7,111.39,595.25,
303206,5,34.58,125.98,
303210,5,125.91,453.61,
303210,3,175.12,389.98,
303210,4,195.37,614.82,
303210,7,8.35,44.25,
303210,4,395.64,1251.16,
303210,3,485.01,1113.44,
303211,8,33.20,238.06,
303211,3,142.16,365.03,
303211,2,32.41,50.53,
303211,6,438.48,2242.97,
303211,8,236.40,1563.18,
303212,3,486.54,1246.03,
303212,7,97.92,550.52,
303212,6,241.44,1083.49,
303212,2,139.92,208.00,
303212,2,103.30,178.30,
303215,5,450.66,1913.91,
303215,3,221.76,556.50,
303215,2,34.29,59.60,
303215,7,198.24,1213.14,
303215,3,84.78,203.63,
303215,4,18.85,58.59,
303216,8,422.10,3082.01,
303216,5,13.31,57.43,
303216,2,12.71,21.75,
303216,6,200.08,1106.10,
303216,2,19.60,36.92,
303216,5,58.19,260.52,
303216,6,217.10,1213.63,
303216,9,344.93,2796.96,
303216,6,444.78,2464.87,
303216,5,214.02,978.32,
303216,3,225.84,613.98,
303216,5,287.91,1264.30,
303216,6,184.71,958.48,
303217,3,80.93,225.05,
303217,4,83.84,329.97,
303217,3,62.10,161.95,
303217,2,135.56,242.19,
303217,2,154.43,271.00,
303217,2,48.96,85.98,
303217,4,32.14,109.48,
303217,5,541.11,2471.64,
303217,3,92.64,250.12,
303218,3,87.55,200.71,
303218,6,546.21,2776.95,
303218,7,138.20,719.95,
303218,6,173.54,833.53,
303218,6,18.90,84.58,
303218,3,11.98,28.77,
303218,1,318.78,268.41,
303218,4,174.42,540.69,
303218,3,427.14,950.58,
303219,8,485.01,3258.95,
303219,3,177.94,507.95,
303219,5,423.36,1843.28,
303219,5,182.16,792.90,
303219,4,41.27,143.89,
303219,3,140.58,368.64,
303219,4,93.98,323.10,
303219,3,323.82,852.81,
303220,3,33.33,74.23,
303220,2,8.26,12.74,
303220,7,16.24,90.51,
303220,4,469.71,1578.81,
303220,6,145.31,677.12,
303220,4,261.60,867.67,
303221,3,150.94,431.81,
303221,5,103.39,433.37,
303221,2,120.65,217.55,
303221,6,345.24,1775.28,
303221,3,7.81,20.06,
303221,5,121.19,579.67,
303221,2,252.24,441.24,
303221,7,19.73,127.85,
303222,6,80.46,342.36,
303222,5,124.96,516.14,
303222,7,380.10,1958.19,
303224,4,19.33,67.19,
303224,2,120.95,193.10,
303224,6,8.05,37.40,
303224,2,57.52,93.35,
303224,4,29.90,98.81,
303224,4,60.21,209.58,
303224,5,140.98,565.70,
303227,3,540.09,1369.75,
303227,2,411.60,760.43,
303227,3,40.95,114.71,
303230,6,88.61,466.42,
303230,4,418.74,1441.21,
303231,4,177.23,646.22,
303231,2,227.76,380.43,
303231,3,297.99,782.61,
303231,1,7.98,6.95,
303231,2,30.46,52.82,
303231,4,96.77,348.08,
303231,3,64.90,169.95,
303234,3,443.52,1128.21,
303234,5,56.49,241.50,
303235,5,127.38,513.51,
303235,4,75.05,210.39,
303236,6,197.83,867.24,
303236,1,63.81,46.60,
303237,3,97.15,247.47,
303237,3,143.75,378.58,
303237,5,21.82,95.49,
303237,5,18.70,84.54,
303237,4,133.32,454.28,
303237,8,226.32,1583.16,
303237,6,18.29,95.70,
303238,3,12.45,31.65,
303238,4,49.32,194.50,
303238,4,85.09,317.34,
303238,5,36.17,173.35,
303238,2,19.44,37.39,
303238,3,214.23,565.46,
303240,6,103.97,560.49,
303240,5,57.71,263.07,
303240,3,13.56,36.08,
303240,2,64.90,121.25,
303240,1,16.54,14.87,
303240,6,532.44,2796.18,
303240,2,85.96,155.40,
303243,5,192.91,737.62,
303243,3,118.24,282.43,
303243,3,405.30,890.55,
303243,6,46.22,210.29,
303243,4,191.06,578.15,
303243,4,113.63,362.60,
303244,3,64.60,168.92,
303244,1,116.47,98.25,
303244,5,75.67,321.56,
303244,4,44.78,154.14,
303244,9,56.24,457.98,
303246,3,43.52,110.70,
303246,2,97.92,169.34,
303246,2,500.82,912.94,
303246,3,55.45,139.38,
303246,2,546.21,935.15,
303246,2,464.61,733.11,
303246,2,12.20,20.51,
303246,2,291.38,503.65,
303246,3,122.13,307.97,
303246,5,22.46,94.34,
303246,6,19.49,102.79,
303246,4,86.88,320.13,
303247,5,192.72,788.58,
303247,7,144.25,858.37,
303248,6,556.41,2330.66,
303248,4,236.40,708.96,
303248,3,559.47,1294.99,
303248,3,56.43,140.31,
303248,1,56.85,43.78,
303248,6,42.35,190.65,
303248,4,18.31,52.66,
303248,7,114.11,614.93,
303249,4,112.22,381.24,
303249,6,43.92,218.21,
303249,1,399.84,319.98,
303249,3,145.92,366.78,
303250,4,16.88,56.56,
303250,5,43.52,179.33,
303250,1,391.86,324.33,
303250,3,148.96,406.28,
303250,5,16.60,69.79,
303250,5,33.99,136.71,
303250,4,11.90,41.07,
303250,4,388.50,1352.27,
303250,5,23.11,102.26,
303250,2,427.98,771.36,
303250,2,48.92,87.08,
303250,6,24.82,133.68,
303250,5,189.42,804.99,
303250,5,188.81,765.42,
303254,4,11.51,36.52,
303254,3,190.86,459.51,
303254,2,126.50,219.11,
303254,5,104.16,429.94,
303254,7,179.87,953.69,
303254,6,142.03,685.45,
303255,5,33.43,144.38,
303255,2,319.41,537.15,
303255,4,126.61,422.81,
303255,5,34.52,138.19,
303255,1,32.31,26.14,
303255,1,113.75,95.11,
303255,7,12.70,71.98,
303257,7,155.04,868.50,
303257,6,34.85,170.00,
303257,6,438.06,2108.76,
303258,4,503.37,1654.83,
303258,3,198.85,530.09,
303258,4,154.28,509.82,
303258,3,448.14,1122.56,
303258,5,22.56,92.53,
303258,6,117.06,617.66,
303260,6,106.55,589.73,
303260,4,19.10,69.49,
303260,5,320.36,1539.42,
303260,5,108.56,485.30,
303260,4,239.76,842.72,
303260,1,141.97,122.77,
303260,6,56.43,295.25,
303260,5,187.58,855.24,
303262,4,140.32,480.04,
303262,5,84.00,339.42,
303262,5,46.89,193.58,
303262,3,12.11,29.44,
303262,2,557.94,964.28,
303262,4,11.40,34.60,
303262,3,7.85,20.85,
303262,5,142.27,615.18,
303263,5,34.19,132.76,
303263,6,87.36,431.14,
303263,1,144.54,123.49,
303263,4,548.76,1842.49,
303264,7,18.92,112.39,
303264,5,19.71,81.58,
303264,2,12.75,21.71,
303264,4,300.51,1048.29,
303264,3,445.20,1074.30,
303264,2,318.15,575.24,
303264,4,41.09,141.92,
303264,3,46.71,121.84,
303264,2,11.84,19.22,
303266,3,44.19,107.89,
303266,7,190.45,997.41,
303266,3,533.46,1149.46,
303266,5,175.47,704.26,
303266,5,95.71,385.11,
303266,5,36.07,131.55,
303266,3,194.14,438.49,
303271,3,521.22,1221.31,
303271,4,170.02,542.77,
303271,5,174.06,731.50,
303271,3,122.96,265.42,
303271,7,24.19,132.19,
303271,4,193.93,612.00,
303271,3,13.06,28.60,
303272,2,218.33,375.23,
303272,5,17.59,68.74,
303272,5,164.01,659.73,
303272,3,45.41,115.79,
303272,5,16.27,65.38,
303272,5,544.68,2247.35,
303272,9,163.86,1287.23,
303272,6,303.03,1441.05,
303273,4,252.96,914.86,
303273,9,231.84,2038.56,
303273,2,22.13,38.17,
303273,5,29.90,139.93,
303273,6,233.76,1255.76,
303275,3,157.47,354.65,
303275,7,163.40,820.00,
303275,7,12.26,70.01,
303275,3,111.16,252.97,
303275,2,188.50,267.25,
303278,3,127.78,302.45,
303278,5,492.15,2041.10,
303278,5,8.35,31.85,
303279,6,23.33,121.06,
303279,3,397.32,1028.49,
303279,1,17.26,14.54,
303280,2,74.58,121.03,
303280,3,121.07,322.77,
303280,7,153.98,933.07,
303280,2,67.04,116.16,
303280,5,55.27,235.29,
303280,4,11.33,39.57,
303282,4,84.00,272.92,
303282,3,83.13,218.07,
303282,6,444.78,2220.63,
303282,4,206.44,716.72,
303285,5,238.08,970.50,
303285,5,71.51,309.80,
303285,4,115.40,377.35,
303285,3,403.62,975.69,
303285,6,31.05,162.99,
303285,8,46.89,309.71,
303285,8,342.09,2107.78,
303286,4,83.37,309.29,
303286,3,115.29,302.82,
303286,5,78.74,342.83,
303286,4,136.09,494.78,
303286,5,79.91,351.26,
303286,6,11.78,63.85,
303286,4,24.98,89.74,
303286,6,7.58,38.18,
303286,4,58.62,204.60,
303286,6,17.80,95.30,
303286,3,29.96,79.94,
303286,5,155.50,686.47,
303286,5,194.34,854.17,
303286,4,538.05,1830.56,
303286,5,8.55,35.63,
303287,1,396.90,351.86,
303287,6,83.21,435.59,
303287,4,64.84,229.56,
303287,4,532.44,1957.93,
303287,3,25.82,67.97,
303287,6,47.39,255.33,
303287,3,140.18,353.35,
303287,7,158.58,1007.79,
303287,2,489.09,870.56,
303288,3,143.75,319.77,
303288,3,208.28,537.54,
303288,4,226.56,768.74,
303288,6,81.88,444.78,
303288,1,170.37,138.08,
303288,2,147.59,253.77,
303288,3,32.11,85.45,
303288,2,7.22,13.09,
303288,2,7.92,13.73,
303289,5,456.96,1611.14,
303289,1,126.14,93.15,
303289,4,7.44,22.62,
303289,2,94.27,160.37,
303289,3,170.54,410.13,
303289,3,12.21,29.78,
303289,4,224.88,671.93,
303292,3,7.94,19.41,
303292,4,45.59,149.14,
303292,6,82.43,405.18,
303292,5,23.71,104.10,
303292,4,180.40,609.17,
303292,2,61.43,105.28,
303292,4,219.60,814.88,
303292,5,331.38,1348.38,
303292,4,42.03,142.00,
303292,4,132.79,434.26,
303293,1,73.32,63.50,
303293,6,12.55,68.18,
303293,4,539.58,1811.86,
303293,2,287.28,474.28,
303293,7,95.71,590.73,
303293,1,109.39,89.16,
303293,5,221.40,944.54,
303293,4,190.45,656.33,
303294,7,64.05,415.50,
303294,5,17.33,75.58,
303294,4,436.38,1545.12,
303294,2,12.55,21.64,
303294,3,525.30,1444.73,
303294,3,514.59,1457.42,
303294,6,216.24,1102.42,
303295,7,385.14,2129.61,
303295,6,24.72,113.10,
303295,2,158.84,235.91,
303295,2,87.94,135.17,
303295,2,165.53,265.17,
303295,8,16.51,93.14,
303296,6,7.31,40.87,
303296,2,215.46,357.41,
303296,4,294.21,941.48,
303296,4,141.24,477.09,
303296,2,213.41,359.57,
303296,1,540.09,437.48,
303296,2,41.54,74.30,
303297,4,61.00,197.77,
303297,3,143.22,336.31,
303297,4,225.12,701.87,
303297,4,72.93,225.42,
303297,4,537.54,1594.76,
303297,3,103.87,242.79,
303297,2,24.05,36.88,
303297,7,238.56,1215.26,
303297,5,181.10,721.18,
303297,7,70.73,408.38,
303297,4,35.21,110.76,
303297,4,148.50,447.50,
303298,4,74.89,236.40,
303298,4,201.93,677.17,
303298,4,12.66,40.33,
303298,2,7.26,11.21,
303298,3,59.78,140.13,
303298,4,198.44,592.20,
303298,3,24.94,58.53,
303298,2,11.61,18.80,
303298,7,117.17,679.53,
303298,4,23.76,74.64,
303302,4,7.81,22.20,
303302,2,523.26,800.12,
303302,10,23.42,181.02,
303302,6,34.02,151.15,
303302,9,13.63,90.88,
303302,4,31.61,102.77,
303302,7,330.75,1762.10,
303302,3,35.34,88.08,
303302,3,233.52,558.01,
303302,4,252.96,815.84,
303302,2,86.11,114.25,
303302,4,295.79,913.17,
303302,2,456.12,691.91,
303302,7,126.85,687.84,
303302,4,32.27,101.88,
303303,4,448.14,1378.65,
303303,4,178.29,555.71,
303303,7,85.17,434.95,
303303,1,216.89,172.45,
303303,5,121.30,466.26,
303303,2,74.03,117.20,
303303,4,8.53,26.78,
303304,4,92.74,316.78,
303304,2,34.45,52.10,
303304,4,203.57,623.38,
303304,4,143.49,451.30,
303304,5,33.53,144.78,
303304,3,424.62,1077.15,
303304,8,342.41,2237.90,
303306,4,72.93,240.73,
303306,2,17.24,28.34,
303306,3,221.52,487.81,
303306,6,95.52,445.32,
303306,2,112.93,180.47,
303306,4,26.23,90.79,
303306,4,293.90,863.69,
303308,2,33.17,56.57,
303308,4,85.33,285.32,
303308,5,182.51,770.24,
303308,4,257.28,805.07,
303308,6,64.54,338.89,
303308,4,13.24,42.20,
303310,4,7.71,24.97,
303310,3,114.22,276.02,
303310,4,65.88,200.98,
303312,7,379.26,2013.35,
303312,3,129.45,291.77,
303312,4,26.04,81.02,
303312,4,99.07,282.56,
303312,3,8.19,18.51,
303312,3,65.09,144.45,
303312,4,191.66,595.65,
303312,6,138.02,613.14,
303312,2,148.66,231.99,
303312,4,102.82,303.60,
303312,4,175.47,508.86,
303312,5,55.45,211.94,
303312,2,74.42,113.66,
303313,2,206.85,393.30,
303313,2,139.99,265.31,
303313,3,431.34,1211.78,
303313,6,430.08,2294.48,
303313,3,113.63,292.92,
303314,5,11.43,46.76,
303314,3,168.96,434.91,
303314,4,202.75,659.39,
303314,4,140.05,452.29,
303314,5,120.48,500.67,
303314,4,91.49,290.69,
303314,3,141.90,347.56,
303314,5,19.01,76.69,
303314,2,459.06,777.82,
303319,2,22.06,32.63,
303319,6,153.67,682.93,
303319,2,111.51,158.81,
303319,4,56.36,160.32,
303319,5,8.77,33.66,
303320,3,33.56,70.93,
303320,1,22.54,17.14,
303320,9,65.03,413.34,
303320,5,143.75,581.42,
303320,3,44.60,100.31,
303320,3,102.72,232.59,
303320,2,144.14,216.32,
303320,5,392.28,1351.45,
303321,2,478.89,864.85,
303321,5,453.18,1952.81,
303321,4,85.49,297.34,
303321,2,119.06,212.70,
303321,4,469.71,1740.76,
303321,2,89.38,164.30,
303321,5,66.67,300.73,
303321,3,79.68,211.38,
303322,3,97.25,224.14,
303322,2,47.16,68.03,
303322,4,71.91,231.03,
303322,5,141.66,560.19,
303322,7,77.56,414.36,
303322,1,454.86,358.08,
303322,8,127.25,744.32,
303322,3,520.20,1122.45,
303323,2,58.38,103.30,
303323,5,88.13,375.88,
303323,9,235.44,1799.53,
303323,6,425.04,2259.66,
303323,6,138.47,731.91,
303323,4,189.02,658.75,
303323,7,11.93,73.43,
303324,4,435.96,1602.12,
303324,3,12.00,30.15,
303324,1,229.44,195.64,
303324,1,101.66,80.78,
303324,5,44.73,176.59,
303324,5,31.94,135.35,
303324,5,218.94,896.52,
303324,3,30.39,71.92,
303325,5,58.13,206.33,
303325,1,24.02,16.65,
303325,8,494.19,2875.34,
303325,5,33.13,131.81,
303329,7,44.55,269.25,
303329,5,521.73,2340.62,
303329,2,203.98,347.85,
303329,5,106.20,462.84,
303329,4,8.70,31.82,
303329,5,26.30,112.71,
303329,3,136.49,385.79,
303329,3,30.13,79.76,
303329,3,189.83,485.53,
303329,3,30.13,74.97,
303329,3,79.21,200.73,
303329,6,13.35,67.89,
303332,4,45.00,159.74,
303332,5,109.50,510.54,
303332,2,480.42,866.15,
303332,3,551.31,1432.79,
303335,2,506.43,828.46,
303335,3,112.81,287.05,
303335,4,44.60,154.07,
303335,3,178.29,455.72,
303335,3,490.62,1294.50,
303335,4,261.36,902.29,
303335,3,32.21,77.48,
303335,3,13.51,32.67,
303337,6,116.58,534.99,
303337,3,24.67,59.88,
303337,3,163.33,383.79,
303337,5,18.94,74.34,
303337,3,473.28,1236.72,
303339,6,142.43,743.02,
303339,1,325.08,277.32,
303339,1,307.13,262.43,
303339,6,133.85,709.66,
303339,4,18.07,63.37,
303339,7,19.12,122.61,
303339,3,555.39,1496.73,
303339,4,175.47,616.90,
303339,5,139.23,590.42,
303339,3,11.83,33.66,
303339,4,159.60,536.03,
303342,2,116.94,218.87,
303342,5,73.95,294.07,
303342,2,122.13,214.96,
303342,3,140.18,371.93,
303342,3,43.79,111.52,
303343,3,123.95,292.14,
303343,3,157.47,376.27,
303343,6,23.40,107.07,
303343,5,36.23,145.35,
303343,3,118.93,263.88,
303343,7,100.80,523.33,
303343,6,227.76,1020.50,
303343,3,16.22,35.45,
303344,2,302.72,470.31,
303344,6,88.22,464.41,
303344,4,7.54,24.95,
303344,3,525.30,1258.69,
303344,3,106.55,257.10,
303344,2,58.87,95.83,
303344,5,65.82,260.57,
303344,4,16.83,50.19,
303344,6,25.37,139.67,
303344,6,8.54,43.93,
303345,4,31.12,105.67,
303345,7,75.91,486.19,
303345,3,229.92,632.69,
303345,7,132.53,763.04,
303345,3,78.50,200.68,
303345,5,44.82,198.72,
303345,5,438.06,1851.42,
303345,5,8.13,35.38,
303345,2,312.80,579.15,
303345,3,222.72,589.61,
303345,5,32.34,135.97,
303346,7,162.49,975.56,
303346,5,116.94,505.68,
303346,4,78.26,284.63,
303346,6,157.02,821.04,
303346,3,118.24,311.21,
303346,2,554.37,966.52,
303346,6,86.35,458.49,
303346,4,197.83,725.25,
303346,2,23.14,43.31,
303346,2,207.26,369.75,
303347,3,102.53,238.37,
303347,7,32.04,184.63,
303347,2,82.19,129.97,
303347,6,31.75,150.53,
303347,1,31.05,23.54,
303347,3,13.38,33.24,
303347,3,542.64,1250.22,
303348,6,61.31,353.17,
303348,4,47.84,171.64,
303348,5,548.25,2451.80,
303348,6,539.07,3075.44,
303348,7,41.72,275.72,
303348,6,71.67,382.42,
303349,6,11.38,58.37,
303349,2,45.68,84.49,
303349,6,181.81,947.39,
303349,5,17.60,76.50,
303349,3,46.44,124.61,
303349,8,66.19,431.86,
303349,5,7.30,32.03,
303349,2,57.65,99.63,
303350,2,220.56,362.10,
303350,8,141.24,951.72,
303350,2,112.57,181.51,
303350,5,117.65,500.52,
303350,4,32.44,107.81,
303350,2,127.91,192.34,
303350,5,225.36,969.05,
303350,5,134.51,513.82,
303350,1,33.99,27.37,
303354,3,48.74,112.67,
303354,5,482.97,1857.58,
303354,4,194.55,600.58,
303354,6,383.88,1798.33,
303354,4,341.15,1052.76,
303354,4,244.56,758.53,
303354,3,432.60,967.17,
303356,4,22.56,81.26,
303356,5,179.87,775.58,
303356,5,512.55,2333.09,
303356,2,24.19,45.80,
303357,3,57.40,142.48,
303357,4,13.13,43.85,
303357,7,16.49,96.81,
303357,2,175.82,302.16,
303357,1,219.60,182.64,
303357,3,13.10,33.16,
303357,7,117.06,736.31,
303357,6,140.05,703.79,
303357,2,18.49,33.45,
303357,5,57.58,236.18,
303357,5,29.73,121.57,
303357,2,31.58,52.79,
303357,2,31.15,52.13,
303357,5,98.50,441.99,
303357,7,150.63,805.20,
303364,4,8.20,26.14,
303364,3,44.19,110.40,
303364,4,62.10,197.16,
303364,1,8.22,7.09,
303364,3,11.83,28.58,
303364,5,130.15,511.92,
303365,3,129.33,345.42,
303365,5,33.79,139.91,
303365,6,66.98,300.13,
303365,4,7.52,23.79,
303365,2,190.86,306.81,
303365,5,75.05,329.07,
303367,4,225.30,649.03,
303367,4,99.94,301.41,
303367,2,71.91,108.96,
303367,5,7.53,26.81,
303367,1,296.73,221.30,
303367,6,444.36,1912.14,
303367,1,64.48,47.43,
303368,1,557.43,425.02,
303368,5,162.79,593.38,
303369,3,43.97,101.15,
303369,7,302.40,1813.58,
303369,6,229.20,1147.32,
303369,3,378.42,892.00,
303370,4,19.64,69.23,
303370,6,125.53,636.14,
303370,5,12.53,53.02,
303370,3,159.14,392.85,
303370,3,8.23,20.79,
303370,5,117.76,501.52,
303370,3,23.62,58.64,
303370,4,214.23,720.54,
303370,3,304.61,782.53,
303370,3,186.38,478.69,
303370,3,22.87,58.03,
303371,6,458.22,2254.84,
303371,1,66.98,50.78,
303371,2,32.51,48.45,
303371,7,21.70,115.17,
303373,3,217.92,581.28,
303373,4,147.29,459.89,
303373,5,44.96,200.49,
303373,2,19.26,30.59,
303373,3,331.07,911.54,
303374,5,64.29,247.62,
303374,7,137.94,759.31,
303374,4,557.43,1775.25,
303374,3,48.83,111.49,
303374,3,124.87,292.39,
303375,5,82.58,369.18,
303375,4,222.02,831.60,
303375,5,237.84,1135.88,
303375,4,17.55,61.05,
303375,8,143.35,1043.65,
303375,2,223.86,437.50,
303377,6,64.05,276.06,
303377,3,58.93,133.88,
303377,5,505.41,1825.44,
303377,6,63.14,278.41,
303377,6,224.07,1024.42,
303377,2,547.74,865.31,
303377,1,206.23,161.20,
303378,4,224.27,697.02,
303378,3,104.06,251.25,
303378,6,303.35,1405.44,
303378,1,160.21,118.81,
303378,5,7.54,30.33,
303382,4,132.66,408.37,
303382,2,72.22,109.65,
303382,4,450.66,1419.25,
303382,5,99.07,395.17,
303382,1,88.13,67.04,
303382,4,219.76,689.07,
303382,4,41.67,122.73,
303382,3,141.36,329.82,
303382,8,87.94,481.65,
303382,4,220.32,673.13,
303382,5,213.61,926.82,
303382,4,73.55,218.29,
303382,4,302.09,888.02,
303382,7,121.30,651.08,
303382,4,11.54,32.41,
303385,5,444.36,1750.21,
303385,4,124.02,371.17,
303385,5,18.90,67.33,
303385,4,72.69,224.68,
303385,3,410.34,1041.57,
303386,4,7.71,24.06,
303386,7,56.43,290.72,
303386,4,22.99,64.21,
303386,11,536.01,4624.77,
303387,3,400.68,1021.27,
303387,8,158.69,1025.39,
303387,5,130.94,477.95,
303387,2,59.23,98.47,
303387,2,30.79,50.58,
303387,3,13.26,33.12,
303387,3,32.47,81.41,
303388,9,161.04,1138.99,
303388,2,7.87,12.17,
303388,3,23.98,60.02,
303388,7,233.52,1231.03,
303388,5,556.41,2025.87,
303388,8,17.86,111.65,
303388,5,508.98,1988.26,
303388,6,97.92,468.85,
303388,5,555.90,2254.21,
303388,2,13.18,20.94,
303388,3,105.50,248.14,
303391,6,125.27,674.65,
303391,1,16.51,14.56,
303391,9,7.74,61.95,
303391,5,108.68,468.77,
303392,3,41.04,109.41,
303392,5,220.38,947.04,
303392,4,459.48,1628.05,
303392,2,45.32,81.43,
303392,6,149.57,798.70,
303392,5,60.88,279.09,
303393,5,8.42,35.63,
303393,4,141.82,496.60,
303393,6,101.38,575.17,
303393,10,126.19,1160.76,
303393,1,217.68,206.54,
303395,6,221.20,1090.83,
303395,3,65.88,175.05,
303395,6,192.50,887.71,
303395,4,125.53,475.19,
303395,3,128.97,328.74,
303395,7,23.45,148.48,
303395,5,99.84,416.90,
303395,5,34.22,148.37,
303395,1,17.24,15.51,
303398,4,197.83,599.88,
303398,4,170.90,552.47,
303398,5,302.72,1182.69,
303398,1,115.76,92.33,
303398,4,147.44,424.31,
303398,2,311.54,487.87,
303398,7,49.14,275.17,
303400,2,193.11,325.02,
303400,3,328.23,866.31,
303400,5,407.82,1577.55,
303400,4,12.33,42.43,
303400,5,249.36,1074.86,
303400,5,79.21,323.19,
303400,6,538.56,2592.57,
303403,4,285.08,913.47,
303403,3,165.22,389.06,
303403,3,57.89,150.29,
303403,5,19.55,77.48,
303403,2,31.12,49.67,
303405,3,25.75,61.50,
303405,1,223.86,172.44,
303405,4,127.56,407.19,
303405,3,58.87,134.40,
303405,3,92.26,229.50,
303405,3,94.85,214.34,
303405,7,8.02,42.87,
303405,4,31.58,106.29,
303405,5,16.22,64.02,
303405,2,122.50,198.37,
303405,8,388.50,2444.70,
303405,7,225.36,1268.67,
303405,2,8.06,12.51,
303406,2,191.47,305.36,
303406,2,250.56,379.43,
303406,4,136.75,438.81,
303406,5,21.98,80.88,
303406,4,66.92,219.04,
303406,4,228.96,690.36,
303406,2,97.54,153.19,
303406,6,137.68,578.95,
303406,3,515.61,1180.47,
303407,5,137.10,660.69,
303407,8,202.95,1558.00,
303407,3,173.54,455.80,
303407,4,470.73,1696.74,
303412,5,8.62,31.61,
303412,1,154.58,118.15,
303412,4,123.43,342.91,
303412,5,501.84,1903.72,
303412,4,8.17,23.53,
303412,5,173.89,677.83,
303413,2,11.80,18.84,
303413,4,118.71,395.74,
303413,6,18.99,85.08,
303413,2,24.14,40.37,
303413,3,40.82,100.95,
303413,3,8.44,20.42,
303416,3,414.54,1156.70,
303416,4,182.51,711.40,
303416,7,166.67,1026.66,
303416,2,17.95,30.95,
303416,9,73.55,575.80,
303416,6,7.42,40.34,
303416,4,322.88,1158.49,
303417,1,13.56,11.48,
303417,5,257.28,1179.70,
303417,3,245.28,637.37,
303417,5,11.83,55.90,
303417,7,111.98,709.24,
303417,2,18.43,32.83,
303417,4,48.74,188.77,
303417,3,8.61,20.90,
303417,5,16.94,70.45,
303417,5,525.30,2363.63,
303417,4,137.02,501.21,
303417,5,531.42,2276.68,
303418,3,7.27,18.74,
303418,2,346.50,624.98,
303418,2,55.21,103.20,
303418,2,63.75,116.53,
303418,2,119.33,202.04,
303418,1,63.44,57.21,
303418,4,41.54,140.75,
303418,4,391.86,1491.51,
303418,3,32.44,85.46,
303418,3,19.76,54.12,
303419,5,177.41,717.98,
303419,7,57.89,342.65,
303419,1,47.12,38.91,
303419,5,153.37,644.73,
303419,4,430.08,1448.57,
303419,4,17.68,62.35,
303419,7,63.99,404.77,
303419,7,13.61,81.75,
303419,5,22.99,99.42,
303419,5,529.38,2048.83,
303419,2,85.02,148.66,
303419,2,333.90,545.94,
303419,3,234.24,614.93,
303419,2,8.78,15.93,
303419,4,233.76,767.60,
303420,6,12.24,63.71,
303420,4,222.02,724.56,
303420,2,23.23,40.73,
303420,7,25.06,144.96,
303420,5,44.33,181.80,
303420,6,86.78,426.07,
303420,5,17.73,75.17,
303420,3,22.85,59.08,
303420,7,184.10,1127.25,
303420,3,95.71,265.17,
303421,4,63.75,232.72,
303421,5,114.93,533.47,
303421,2,441.84,786.05,
303421,3,333.59,898.51,
303421,4,49.37,195.78,
303421,3,57.95,145.72,
303421,7,490.62,2955.12,
303421,5,40.86,175.79,
303421,5,12.24,56.48,
303421,7,235.20,1485.59,
303421,6,546.72,2790.63,
303421,7,154.28,904.90,
303421,3,173.71,482.43,
303421,1,169.49,154.04,
303423,2,47.57,84.63,
303423,4,470.22,1623.04,
303423,5,421.68,1731.96,
303423,3,96.67,251.59,
303424,4,553.86,1818.13,
303424,6,31.65,166.12,
303424,4,386.40,1291.76,
303424,3,61.12,160.52,
303425,4,47.16,144.82,
303425,5,62.83,249.75,
303425,6,17.93,75.87,
303425,3,71.51,168.61,
303425,3,553.86,1241.56,
303427,5,515.10,2129.30,
303427,3,96.77,243.92,
303427,1,62.46,50.33,
303427,4,166.29,594.88,
303427,1,16.81,14.44,
303427,4,286.65,1046.38,
303427,3,24.12,60.46,
303427,2,48.20,86.13,
303429,4,160.51,547.44,
303429,1,19.67,17.68,
303429,2,541.11,1060.60,
303429,5,289.49,1198.61,
303429,1,22.85,21.04,
303429,2,112.57,209.78,
303429,4,208.69,696.89,
303429,3,293.27,805.67,
303430,4,128.57,481.76,
303430,1,126.97,114.73,
303430,5,328.23,1496.63,
303430,6,433.86,2340.58,
303431,1,174.24,152.44,
303431,6,195.78,944.73,
303431,6,22.22,116.70,
303431,6,8.23,45.20,
303432,4,238.56,846.82,
303432,5,25.80,115.09,
303432,2,33.63,57.05,
303432,8,285.08,2065.12,
303432,8,292.64,2004.60,
303432,2,35.97,58.79,
303433,2,189.02,358.98,
303433,5,22.78,106.52,
303433,4,35.34,122.27,
303433,4,183.39,648.42,
303433,8,252.24,1869.86,
303433,3,82.35,213.75,
303433,8,194.34,1426.03,
303435,4,8.26,29.73,
303435,6,81.80,433.99,
303435,6,235.92,1220.46,
303436,3,30.13,66.41,
303436,7,8.78,45.21,
303436,3,102.53,222.28,
303436,3,506.43,1160.72,
303436,4,324.45,1006.38,
303436,5,140.45,502.31,
303436,4,105.41,324.44,
303436,1,94.27,73.30,
303436,3,30.43,70.33,
303436,3,402.36,984.76,
303439,8,171.25,1043.16,
303439,2,412.44,628.13,
303439,5,46.98,177.88,
303439,4,217.30,654.60,
303439,4,520.20,1580.24,
303439,3,12.38,28.78,
303439,4,243.36,720.73,
303440,6,133.85,676.43,
303440,6,12.08,60.34,
303440,6,144.67,742.50,
303440,4,215.66,779.73,
303440,8,42.03,281.93,
303445,1,396.48,334.98,
303445,5,7.21,31.32,
303445,2,231.12,400.11,
303445,5,8.01,36.73,
303445,4,555.39,1908.28,
303445,7,116.47,703.60,
303445,3,19.24,51.38,
303449,5,109.03,489.76,
303449,5,149.26,654.78,
303449,5,129.62,585.08,
303449,4,184.80,710.06,
303449,6,45.18,227.01,
303451,3,12.96,29.09,
303451,5,47.48,165.06,
303451,4,196.80,625.42,
303451,3,64.17,151.82,
303451,4,323.19,913.77,
303451,1,108.68,74.61,
303453,3,36.17,92.98,
303453,5,184.62,894.43,
303453,1,123.55,116.11,
303453,6,320.36,1780.58,
303453,3,48.02,126.11,
303453,5,57.40,259.77,
303453,7,119.59,754.45,
303453,6,530.91,2995.10,
303455,4,8.78,25.56,
303455,4,18.22,52.70,
303455,4,24.84,74.32,
303455,5,94.46,346.02,
303455,4,8.00,21.96,
303455,3,330.75,719.38,
303456,5,294.53,1221.68,
303456,3,33.66,82.98,
303456,2,323.19,523.23,
303456,8,289.49,1900.76,
303456,4,283.50,940.96,
303456,6,8.13,37.34,
303456,4,191.88,614.15,
303456,4,218.16,683.51,
303456,4,469.71,1524.87,
303457,8,234.24,1569.00,
303457,6,12.80,65.24,
303457,10,7.50,64.96,
303457,1,173.18,154.13,
303457,4,412.86,1391.83,
303458,5,82.27,325.80,
303458,7,118.47,616.83,
303458,6,515.61,2502.40,
303458,4,108.21,336.04,
303458,4,17.15,53.95,
303458,4,35.01,102.56,
303458,5,7.81,30.34,
303461,5,12.45,52.60,
303461,4,325.71,1134.51,
303461,2,467.67,783.29,
303461,2,177.41,326.92,
303461,3,49.46,124.12,
303461,4,25.06,86.18,
303462,3,45.00,111.41,
303462,4,137.28,470.06,
303462,7,139.66,868.87,
303462,2,402.36,729.89,
303464,2,554.88,879.84,
303464,5,18.63,81.68,
303464,5,162.64,669.34,
303464,2,35.67,62.55,
303464,9,11.38,86.10,
303465,3,505.92,1475.05,
303465,5,23.09,101.10,
303465,4,48.47,176.46,
303465,2,30.79,57.63,
303466,3,145.01,363.87,
303466,2,86.69,148.02,
303466,2,30.79,51.86,
303466,1,464.61,392.62,
303466,3,128.38,332.66,
303466,4,24.22,82.05,
303467,4,47.93,175.54,
303467,4,414.96,1569.52,
303467,3,56.91,167.10,
303467,5,17.12,78.34,
303467,4,537.03,1904.79,
303467,4,16.36,58.97,
303467,7,424.20,2754.97,
303470,4,16.49,59.79,
303470,2,8.34,15.35,
303470,4,138.73,511.97,
303470,3,256.32,736.02,
303470,4,467.67,1707.75,
303470,6,220.17,1100.42,
303470,5,30.86,147.54,
303470,6,8.78,47.99,
303471,2,98.69,168.29,
303471,6,7.24,40.02,
303471,4,46.53,162.54,
303471,4,91.01,315.85,
303471,5,154.58,675.83,
303474,4,21.94,67.59,
303474,5,96.38,371.26,
303474,4,91.39,287.71,
303474,5,46.08,183.78,
303474,3,169.31,384.23,
303474,6,23.66,112.16,
303474,5,81.88,307.22,
303474,8,18.45,124.26,
303474,6,83.29,366.24,
303474,4,113.63,353.29,
303474,2,12.93,19.70,
303475,4,71.98,226.01,
303475,8,66.55,416.50,
303475,2,504.39,751.12,
303475,4,62.46,209.38,
303475,3,128.86,330.82,
303475,3,186.21,426.62,
303475,5,115.05,460.65,
303475,2,58.07,91.87,
303475,2,71.12,117.28,
303475,4,33.43,105.85,
303475,9,8.31,58.88,
303476,4,16.97,50.51,
303476,2,510.00,886.28,
303476,5,48.42,188.03,
303476,3,64.60,146.55,
303476,4,88.03,275.65,
303479,4,218.16,840.01,
303479,2,451.50,807.85,
303479,4,225.36,797.45,
303479,5,135.04,666.35,
303481,4,508.47,1692.43,
303481,5,285.71,1228.16,
303481,5,149.11,589.40,
303481,3,24.43,56.75,
303481,4,7.78,27.76,
303481,5,93.70,358.50,
303481,12,19.42,191.11,
303484,4,524.79,1545.80,
303484,3,155.80,349.06,
303484,2,99.26,151.70,
303484,3,119.99,294.24,
303484,4,30.89,95.98,
303484,3,126.02,306.61,
303486,3,63.20,140.42,
303486,4,303.03,951.15,
303487,5,16.65,70.67,
303487,5,25.82,105.52,
303487,2,389.34,592.68,
303487,2,24.89,38.93,
303487,3,263.52,642.27,
303487,3,100.61,241.69,
303488,7,63.68,359.01,
303488,6,386.82,1832.89,
303489,7,240.48,1543.38,
303489,5,24.86,105.34,
303489,6,130.15,696.35,
303489,2,79.05,146.94,
303489,3,96.58,247.83,
303493,6,300.51,1677.80,
303493,4,260.88,942.71,
303493,4,207.26,727.94,
303493,4,159.10,578.22,
303493,4,115.76,444.63,
303493,3,260.64,720.99,
303493,5,84.70,385.59,
303493,3,19.66,54.42,
303493,6,156.41,816.84,
303493,2,66.86,119.87,
303493,4,25.44,93.00,
303494,4,82.11,280.48,
303494,4,7.65,26.15,
303494,2,19.55,34.79,
303494,4,165.53,592.26,
303494,4,476.34,1761.89,
303494,3,16.97,44.19,
9303494,-4,7.65,-26.15,
303495,4,306.81,1094.40,
303495,6,24.98,131.17,
303495,1,42.30,36.00,
303495,4,83.60,296.81,
303495,4,114.11,387.70,
303495,5,22.13,90.05,
303495,5,536.01,2171.98,
303495,5,7.22,30.13,
303496,4,60.33,192.72,
303496,5,58.07,228.64,
303496,1,58.87,46.01,
303496,2,125.40,195.35,
303498,3,142.03,367.43,
303498,6,550.80,2886.06,
303498,1,11.49,9.66,
303499,4,43.61,156.60,
303499,2,57.77,103.36,
303499,6,417.90,2203.90,
303499,8,40.95,297.58,
303499,7,440.16,2754.48,
303502,3,471.75,1116.37,
303502,2,18.68,29.58,
303502,3,92.45,216.89,
303502,7,80.70,447.57,
303502,8,48.06,280.06,
303504,3,30.39,80.60,
303504,7,151.24,973.29,
303504,3,245.04,690.12,
303504,1,104.26,95.00,
303505,6,83.76,431.40,
303505,5,25.49,108.70,
303505,7,34.32,224.13,
303505,2,8.18,14.40,
303505,4,34.22,122.98,
303505,6,290.75,1629.68,
303508,4,81.64,297.41,
303508,4,25.82,88.16,
303508,6,11.31,58.64,
303508,3,106.32,259.61,
303508,8,54.90,384.98,
303508,2,157.47,281.03,
303508,4,163.50,558.43,
303508,5,8.71,39.71,
303508,10,8.31,69.13,
303508,2,13.51,22.77,
303509,4,34.98,109.14,
303509,8,340.83,2251.21,
303509,10,301.14,2598.53,
303509,3,47.12,118.91,
303509,3,24.84,64.11,
303509,4,116.47,383.33,
303509,6,80.38,406.67,
303509,3,140.84,368.63,
303509,4,78.50,248.37,
303510,4,22.34,78.11,
303510,4,11.60,39.43,
303510,7,19.26,116.66,
303510,4,23.54,81.08,
303510,3,468.69,1285.05,
303510,3,41.31,106.55,
303513,2,461.16,854.76,
303513,4,8.72,30.31,
303513,4,185.50,672.14,
303513,6,66.61,363.19,
303513,2,63.93,113.33,
303515,4,112.45,401.62,
303515,4,121.78,386.84,
303515,2,84.39,147.12,
303515,3,8.16,21.88,
303515,3,30.10,76.72,
303515,3,119.18,314.21,
303515,3,159.14,401.78,
303518,3,450.66,1277.49,
303518,6,7.83,42.71,
303518,2,123.07,203.50,
303518,3,23.28,63.71,
303521,3,212.18,550.94,
303521,6,224.88,1066.86,
303521,5,222.84,909.58,
303521,5,164.46,700.07,
303521,3,113.04,285.94,
303521,6,158.75,739.69,
303521,3,22.94,53.56,
303521,4,208.49,725.59,
303522,4,48.15,165.00,
303522,9,284.45,2403.23,
303522,4,17.96,67.90,
303525,3,496.23,1232.87,
303525,4,66.12,221.78,
303525,2,145.16,253.80,
303525,3,167.20,409.38,
303525,3,123.95,324.89,
303527,3,160.06,422.92,
303527,4,294.21,1038.17,
303527,4,400.68,1494.76,
303527,5,194.55,918.21,
303529,6,175.47,879.10,
303529,3,139.08,321.76,
303529,3,23.93,56.31,
303529,5,180.75,720.70,
303529,4,19.21,60.02,
303530,4,85.96,313.27,
303530,3,24.10,62.26,
303530,3,26.40,74.05,
303530,2,8.69,13.73,
303530,2,71.44,129.38,
303530,7,65.45,390.14,
303535,5,458.22,1857.63,
303535,2,248.40,423.78,
303535,4,89.57,301.01,
303535,4,13.10,44.23,
303535,6,449.82,2402.32,
303537,5,63.14,244.42,
303537,4,18.43,55.23,
303537,6,127.56,589.92,
303537,4,59.60,189.88,
303537,3,121.70,284.94,
303537,4,16.99,53.33,
303537,9,33.13,246.29,
303538,6,119.77,662.46,
303538,4,211.36,748.71,
303538,4,25.70,89.60,
303538,1,456.96,406.14,
303538,5,122.48,571.39,
303539,4,77.72,266.05,
303539,2,61.18,114.87,
303539,5,239.28,995.59,
303539,6,18.97,91.32,
303539,4,208.28,694.85,
303539,1,320.99,276.41,
303539,5,25.06,101.51,
303543,7,193.73,1141.20,
303543,4,409.92,1237.46,
303543,4,187.26,555.08,
303543,7,216.89,1113.31,
303543,6,88.13,408.69,
303543,4,121.57,396.49,
303545,4,61.55,220.44,
303545,3,41.81,111.88,
303545,4,8.18,27.75,
303545,2,32.27,57.86,
303545,5,82.11,368.11,
303545,2,31.02,51.06,
303545,3,13.06,32.36,
303545,3,24.38,64.28,
303545,6,12.76,67.38,
303547,4,22.56,82.81,
303547,4,153.22,534.84,
303547,3,83.21,224.61,
303547,2,191.14,313.13,
303547,6,24.55,138.16,
303547,3,104.16,302.87,
303547,2,237.84,423.53,
303551,7,64.90,407.54,
303551,2,62.77,113.52,
303551,1,459.06,381.47,
303551,2,57.40,98.55,
303551,4,94.75,360.26,
303551,4,32.41,115.74,
303554,1,8.02,7.05,
303554,2,12.11,18.78,
303554,7,252.24,1537.68,
303554,4,448.98,1650.53,
303554,2,43.56,72.79,
303554,1,328.55,283.87,
303554,5,8.02,35.48,
303556,3,417.48,1031.86,
303556,6,48.69,250.35,
303556,6,258.00,1313.93,
303556,5,89.18,360.42,
303556,4,79.91,271.41,
303556,2,338.63,587.68,
303556,4,207.87,712.57,
303557,7,218.74,1245.86,
303557,3,159.28,424.48,
303557,2,8.59,15.12,
303562,3,12.81,32.97,
303562,1,232.08,206.93,
303562,4,308.39,1094.27,
303562,5,74.42,305.72,
303564,4,382.20,1132.21,
303564,4,233.28,768.03,
303564,1,47.30,36.96,
303566,1,258.24,236.53,
303566,4,119.99,450.87,
303566,1,13.20,11.57,
303566,2,16.76,27.09,
303566,5,125.91,592.35,
303566,2,143.34,258.92,
303566,3,141.06,356.18,
303566,6,104.26,530.11,
303568,2,157.78,244.09,
303568,5,343.98,1300.46,
303568,2,100.22,168.69,
303568,4,420.42,1272.38,
303568,4,42.08,134.21,
303569,5,241.92,950.37,
303569,5,65.21,268.74,
303569,7,490.62,2645.94,
303569,5,156.56,598.05,
303569,2,131.74,205.16,
303569,4,18.90,55.54,
303569,9,221.28,1438.99,
303569,3,93.02,219.34,
303570,4,190.96,647.39,
303570,1,140.05,128.21,
303570,5,117.65,544.03,
303570,6,116.82,610.20,
303570,5,12.75,57.21,
303570,3,195.78,477.03,
303570,4,318.15,1091.35,
303570,4,23.78,80.29,
303570,4,124.84,429.94,
303570,4,208.28,707.69,
303570,7,412.86,2542.06,
303572,4,143.64,469.34,
303572,4,179.17,618.04,
303572,2,19.66,33.13,
303572,3,186.91,460.12,
303573,4,320.04,969.79,
303573,6,99.26,494.45,
303573,4,529.89,1695.13,
303573,8,126.46,758.39,
303573,7,532.95,2879.06,
303573,6,215.46,1059.86,
303573,5,61.06,236.15,
303573,2,36.10,54.22,
303574,3,124.25,289.67,
303574,3,86.78,208.44,
303574,2,222.96,332.61,
303574,3,526.32,1195.01,
303574,3,114.46,281.11,
303575,7,467.16,2739.01,
303575,4,219.36,772.24,
303575,4,142.12,503.44,
303575,2,116.58,206.16,
303575,4,70.81,244.44,
303575,7,18.27,104.47,
303577,3,226.80,600.31,
303577,6,252.72,1311.03,
303577,3,19.10,53.07,
303577,5,13.73,58.91,
303577,4,126.85,420.34,
303582,4,223.45,676.37,
303582,4,203.98,579.86,
303582,5,63.68,249.99,
303582,5,80.23,319.78,
303582,8,155.19,985.64,
303582,5,12.29,51.12,
303583,3,454.44,1086.65,
303583,3,42.75,98.10,
303583,1,315.32,238.11,
303583,4,35.41,113.16,
303583,6,192.09,875.05,
303583,4,46.89,150.85,
303583,7,196.39,1046.33,
303583,2,25.01,38.73,
303583,3,94.08,235.78,
303583,5,147.90,563.19,
303583,2,184.10,273.84,
303583,4,111.75,370.27,
303583,6,55.57,245.76,
303586,6,187.62,854.14,
303586,6,25.68,122.27,
303586,4,87.46,256.66,
303586,2,33.33,48.68,
303586,4,234.24,668.98,
303586,6,55.63,266.58,
303586,2,317.52,443.06,
303586,1,23.42,17.93,
303587,4,76.30,258.17,
303587,4,109.86,363.83,
303588,9,7.50,56.32,
303588,6,530.40,2893.46,
303589,2,19.37,35.05,
303589,5,325.71,1511.35,
303589,6,160.21,840.41,
303589,1,12.84,11.49,
303589,4,34.19,112.03,
303589,5,459.06,2041.92,
303589,4,33.00,123.55,
303589,3,104.45,276.17,
303589,2,130.55,251.15,
303591,6,400.26,2265.02,
303591,6,236.64,1347.48,
303591,2,83.52,167.04,
303591,6,18.56,99.89,
303591,5,17.05,78.13,
303591,5,160.06,743.15,
303591,3,19.66,56.94,
303591,7,48.87,323.67,
303591,4,109.15,424.83,
303591,4,496.74,1740.95,
303595,5,263.28,989.21,
303595,3,139.13,308.88,
303595,5,8.15,30.53,
303595,3,165.44,368.60,
303595,5,25.49,93.90,
303595,4,112.57,335.77,
303595,3,16.61,35.21,
303595,4,411.60,1213.04,
303595,8,84.23,485.99,
303595,5,91.49,356.43,
303595,7,427.56,2180.26,
303595,5,71.83,270.08,
303595,4,24.89,71.37,
303596,7,108.09,597.28,
303596,4,81.48,274.33,
303596,5,499.80,1856.64,
303597,5,164.62,617.12,
303597,5,117.53,447.14,
303597,5,156.10,539.75,
303597,4,144.25,442.78,
303597,7,166.67,917.67,
303597,5,497.25,1950.69,
303597,7,96.67,548.87,
303597,4,120.48,399.00,
303600,6,96.96,488.47,
303600,2,76.93,136.63,
303600,4,33.30,108.27,
303600,6,176.70,858.43,
303600,4,35.05,116.52,
303600,5,100.22,424.15,
303600,6,130.02,661.56,
303600,4,13.15,43.02,
303600,4,292.01,898.80,
303602,5,34.95,129.70,
303602,2,16.31,23.32,
303602,4,56.06,174.96,
303602,7,19.71,107.64,
303602,5,331.07,1202.26,
303602,2,247.44,352.04,
303602,4,41.67,135.16,
303602,5,167.05,595.27,
303602,6,128.70,576.13,
303602,6,100.90,506.93,
303602,2,35.48,51.62,
303602,5,18.70,72.97,
303602,6,18.43,85.00,
303602,6,197.01,941.91,
303602,4,114.22,352.85,
303604,4,23.42,79.90,
303604,2,81.25,136.51,
303604,6,457.80,2424.42,
303604,4,33.63,113.66,
303604,5,495.21,2003.05,
303605,3,17.01,42.51,
303605,7,248.88,1521.71,
303605,4,242.16,881.00,
303606,4,22.49,67.74,
303606,5,128.27,458.70,
303606,2,46.76,67.78,
303606,4,13.06,38.41,
303606,2,330.12,477.58,
303606,3,48.83,114.50,
303607,3,537.03,1349.73,
303607,8,335.48,2225.50,
303607,7,121.19,715.80,
303607,4,42.89,143.33,
303607,5,313.74,1230.25,
303607,6,12.99,57.22,
303607,4,11.88,38.47,
303613,5,472.77,1827.51,
303613,5,123.02,453.77,
303613,6,240.48,1132.36,
303613,6,140.05,712.12,
303613,5,385.56,1524.27,
303613,3,429.66,996.74,
303614,3,169.49,449.20,
303614,2,22.44,39.26,
303614,4,422.10,1506.99,
303614,5,310.91,1339.73,
303616,3,124.61,298.97,
303616,5,42.98,179.81,
303616,5,205.82,890.36,
303616,3,459.51,1121.76,
303617,3,173.54,498.22,
303617,3,222.63,614.03,
303617,3,114.81,291.66,
303617,4,78.58,266.56,
303617,5,128.15,534.02,
303618,3,520.71,1306.44,
303618,5,133.32,556.66,
303618,4,477.87,1661.39,
303618,1,74.65,67.88,
303618,7,48.56,299.60,
303618,4,161.39,561.67,
303618,5,62.65,274.59,
303618,2,124.34,225.18,
303618,2,22.54,37.51,
303619,4,11.79,44.06,
303619,5,84.54,366.94,
303619,4,30.36,98.30,
303619,4,7.78,26.00,
303619,6,292.32,1513.90,
303619,6,31.15,160.11,
303619,5,26.28,116.87,
303619,5,325.71,1417.98,
303619,1,55.69,46.02,
303620,6,88.99,448.17,
303620,4,186.91,643.60,
303620,5,23.64,98.74,
303620,2,479.40,797.87,
303620,4,58.26,183.77,
303620,3,230.40,589.05,
303621,4,305.87,1073.16,
303621,5,45.27,199.46,
303621,2,30.69,59.96,
303621,3,7.81,21.34,
303621,4,127.51,444.85,
303621,4,109.74,398.10,
303621,2,147.44,246.65,
303621,5,142.73,646.37,
303622,3,159.90,396.43,
303622,3,383.04,957.64,
303622,1,135.43,113.03,
303622,7,46.44,262.78,
303622,3,301.46,829.13,
303623,4,255.36,874.64,
303623,3,148.35,411.21,
303623,4,35.71,122.66,
303623,1,124.61,111.95,
303623,4,36.07,129.14,
303623,8,23.98,170.30,
303623,4,160.82,564.87,
303623,3,333.27,905.43,
303623,7,22.01,138.65,
303625,2,113.28,188.95,
303625,6,92.45,446.27,
303625,5,161.57,714.72,
303625,5,8.43,34.68,
303625,4,61.49,211.22,
303625,3,423.36,1053.79,
303625,2,494.70,834.59,
303625,2,165.44,291.95,
303625,3,12.73,36.06,
303627,7,45.05,296.51,
303627,9,141.24,1096.30,
303627,4,34.42,121.77,
303627,6,81.80,437.36,
303628,4,18.05,62.63,
303628,6,80.78,426.69,
303628,6,502.86,2602.90,
303628,3,426.72,1112.46,
303628,5,22.82,92.58,
303628,5,188.32,788.98,
303628,5,287.91,1247.18,
303628,5,126.98,542.44,
303628,6,166.67,867.78,
303628,3,16.25,38.28,
303628,2,60.63,101.42,
303628,4,8.23,26.75,
303628,2,200.29,332.26,
303628,5,56.36,237.28,
303631,4,109.39,309.30,
303631,5,48.78,199.08,
303631,3,25.49,57.72,
303631,2,7.45,11.00,
303631,5,17.17,64.47,
303631,1,184.45,142.90,
303631,5,257.28,992.76,
303631,7,102.53,577.49,
303631,3,22.27,55.74,
303632,5,7.35,28.43,
303632,5,19.57,70.94,
303632,5,408.66,1604.23,
303632,7,79.05,387.93,
303632,2,23.95,34.21,
303632,3,93.02,207.25,
303632,7,483.99,2271.21,
303632,1,29.73,21.79,
303632,5,80.46,302.79,
303632,6,59.29,246.67,
303632,1,16.81,12.72,
303632,5,126.97,470.47,
303632,2,114.70,171.91,
303632,5,60.82,232.01,
303632,4,19.03,59.40,
303633,6,135.96,688.90,
303633,3,19.12,51.42,
303633,1,197.21,173.56,
303633,5,119.30,565.74,
303633,5,213.20,987.10,
303633,2,56.30,100.35,
303634,3,7.55,19.62,
303634,5,25.37,112.40,
303634,4,44.78,158.70,
303634,5,61.37,273.71,
303634,6,191.84,1011.32,
303634,6,254.16,1367.41,
303634,4,561.00,1974.66,
303634,7,21.74,132.59,
303635,6,165.44,888.31,
303635,4,161.88,568.47,
303635,3,57.65,145.48,
303635,5,58.13,254.43,
303635,10,123.31,1124.71,
303635,5,493.68,2136.27,
303639,2,60.15,97.30,
303639,3,12.51,30.30,
303639,6,173.89,763.44,
303639,2,12.93,21.82,
303639,3,233.76,535.04,
303641,7,182.69,989.31,
303641,7,441.42,2174.88,
303641,6,99.26,420.33,
303641,2,41.76,60.54,
303641,4,540.60,1570.36,
303641,7,81.95,401.41,
303643,5,25.03,109.02,
303643,4,41.90,149.37,
303643,5,143.79,619.96,
303643,4,47.97,169.20,
303643,3,218.88,575.42,
303646,7,181.46,1212.68,
303646,3,25.68,66.29,
303646,6,79.36,450.47,
303647,3,312.17,808.19,
303647,5,18.77,83.18,
303647,5,24.48,100.96,
303647,4,79.13,262.21,
303647,4,25.63,84.59,
303647,7,7.78,47.19,
303647,3,7.95,21.12,
303647,7,108.91,642.35,
303648,4,57.95,184.06,
303648,3,12.74,29.33,
303648,5,13.19,54.28,
303648,4,305.87,897.41,
303651,2,108.21,191.60,
303651,4,493.68,1795.49,
303651,3,189.01,536.47,
303651,6,447.30,2320.50,
303651,1,121.42,109.50,
303651,4,25.85,92.08,
303651,8,237.84,1731.40,
303651,5,102.24,447.61,
303651,7,42.35,264.44,
303651,9,48.78,393.74,
303651,1,60.33,55.59,
303652,4,31.81,106.67,
303652,3,47.88,117.40,
303652,3,99.84,250.04,
303652,5,523.77,2307.20,
303652,4,146.98,504.35,
303652,5,146.68,620.38,
303653,5,7.31,27.44,
303653,5,203.57,812.52,
303653,2,291.38,480.62,
303654,1,114.81,97.87,
303654,5,7.93,31.96,
303654,9,41.04,316.83,
303654,2,162.10,275.13,
303654,7,13.30,75.39,
303658,5,66.86,302.45,
303658,3,13.26,33.78,
303658,3,297.68,742.01,
303658,2,22.46,39.75,
303661,4,12.19,47.06,
303661,6,83.68,478.87,
303661,2,180.40,320.52,
303661,8,60.21,429.74,
303661,2,17.59,30.37,
303661,6,143.09,754.71,
303662,3,285.39,730.19,
303662,3,7.88,19.55,
303662,8,331.07,2089.63,
303662,2,24.60,39.20,
303662,4,197.21,696.50,
303662,4,29.90,97.87,
303664,6,389.76,2149.14,
303664,5,153.52,701.33,
303664,4,59.54,215.61,
303664,4,507.45,1809.11,
303664,4,58.44,216.13,
303664,5,84.23,371.39,
303666,5,293.58,1317.65,
303666,6,123.02,697.57,
303666,3,19.80,54.19,
303666,4,11.29,40.47,
303666,4,259.44,841.20,
303666,3,33.26,84.35,
303667,5,427.56,1900.70,
303667,6,45.99,243.79,
303667,5,456.12,2071.08,
303668,4,73.63,267.52,
303668,4,336.74,1094.71,
303668,2,468.18,805.26,
303668,3,81.64,204.62,
303668,1,44.55,37.05,
303669,4,63.07,215.11,
303669,5,81.40,372.01,
303669,4,215.25,778.69,
303669,4,8.17,29.16,
303669,2,32.08,56.31,
303669,4,501.33,1756.73,
303670,7,95.42,549.69,
303670,6,116.47,549.50,
303670,4,229.44,733.34,
303670,5,76.22,327.00,
303670,7,184.80,1113.30,
303670,4,81.64,274.96,
303671,5,150.78,594.71,
303671,2,30.39,48.98,
303671,3,12.35,28.51,
303671,5,231.36,855.84,
303671,2,112.22,155.01,
303671,5,104.54,406.76,
303671,6,18.76,93.57,
303671,4,88.61,285.79,
303671,2,34.98,53.28,
303672,11,93.22,810.81,
303672,3,7.76,19.69,
303672,5,22.44,96.43,
303672,3,172.66,419.59,
303672,5,88.03,351.23,
303672,7,409.92,2322.51,
303677,2,314.69,481.31,
303677,3,93.12,215.06,
303677,5,178.99,748.61,
303677,3,203.77,473.26,
303677,5,296.73,1147.80,
303677,2,343.35,538.94,
303677,5,153.67,577.47,
303677,5,131.34,513.31,
303677,2,397.74,608.00,
303678,6,46.58,261.75,
303678,4,12.90,49.74,
303678,3,74.03,192.88,
303678,4,221.61,804.08,
303678,5,100.51,494.30,
303679,4,22.20,76.33,
303679,5,457.80,2055.74,
303679,3,502.35,1198.36,
303679,3,422.94,1113.04,
303682,1,189.83,161.85,
303682,3,247.92,554.82,
303682,4,25.18,92.41,
303682,8,34.19,219.76,
303683,3,31.45,82.17,
303683,3,11.60,29.74,
303683,8,98.59,689.37,
303683,8,206.03,1429.80,
303683,4,207.46,661.99,
303683,3,323.51,864.20,
303683,2,18.41,34.43,
303683,3,13.08,34.50,
303684,4,25.56,89.65,
303684,5,263.04,1188.55,
303686,3,120.36,338.81,
303686,5,102.82,426.14,
303686,3,187.26,526.87,
303686,3,115.29,301.57,
303686,4,22.73,82.88,
303687,2,141.37,246.58,
303687,3,186.35,472.74,
303687,5,11.84,53.26,
303687,2,81.40,153.78,
303689,4,501.84,1913.20,
303689,7,206.64,1336.94,
303689,3,23.38,58.11,
303689,6,12.99,75.62,
303689,4,142.42,530.74,
303689,6,47.21,248.58,
303689,3,31.68,89.45,
303695,7,25.15,147.65,
303695,2,46.71,85.77,
303695,4,223.68,817.85,
303695,3,538.56,1394.50,
303695,3,160.69,439.73,
303695,3,12.08,31.73,
303695,5,468.69,2202.98,
303695,3,121.70,316.66,
303695,7,383.46,2442.60,
303695,6,143.62,789.53,
303696,4,44.91,162.03,
303696,7,92.93,620.96,
303696,2,254.16,455.22,
303696,4,259.68,881.18,
303696,2,130.81,223.06,
303696,4,158.69,585.29,
303696,3,45.05,124.10,
303696,6,60.02,320.43,
303696,6,7.81,43.37,
303698,4,32.60,114.31,
303698,5,22.42,102.67,
303698,4,407.82,1470.06,
303698,3,22.34,59.32,
303698,6,113.04,577.61,
303698,2,546.72,904.18,
303698,2,7.83,14.44,
303700,4,61.37,217.37,
303700,4,81.48,299.62,
303700,3,121.42,339.17,
303700,6,44.33,234.73,
303700,4,477.87,1734.86,
303700,5,508.47,2385.10,
303700,3,141.06,373.55,
303700,5,186.96,868.19,
303700,5,297.36,1269.64,
303700,2,165.09,286.79,
303700,3,158.69,388.22,
303703,3,12.65,28.18,
303703,4,554.37,1788.28,
303703,3,237.60,574.39,
303703,2,30.23,46.25,
303703,6,323.82,1396.49,
303703,4,186.55,563.23,
303703,2,161.22,266.50,
303703,5,126.59,448.74,
303703,5,200.70,792.46,
303707,5,136.22,583.10,
303707,3,64.97,176.03,
303707,2,430.92,747.55,
303708,5,7.89,32.82,
303708,4,125.27,379.74,
303708,2,7.28,11.64,
303708,7,89.66,552.26,
303708,2,110.45,185.35,
303708,5,311.54,1281.72,
303708,5,153.22,646.92,
303708,3,158.84,375.86,
303709,6,74.03,317.36,
303709,2,172.48,266.23,
303709,3,24.65,55.80,
303709,2,34.29,47.46,
303709,4,11.63,34.78,
303709,2,320.04,522.22,
303709,4,32.24,96.35,
303709,3,120.95,305.19,
303709,7,297.05,1550.78,
303709,8,236.40,1418.98,
303709,4,167.73,529.43,
303710,4,16.24,53.44,
303710,4,134.11,439.61,
303710,1,516.63,406.78,
303711,2,63.50,103.95,
303711,8,138.20,1004.68,
303711,1,240.24,202.33,
303711,3,108.80,299.04,
303711,3,311.54,756.93,
303711,3,85.72,217.20,
303714,5,154.28,690.63,
303714,9,17.30,137.41,
303714,4,138.32,499.18,
303714,4,13.25,42.27,
303714,7,32.84,207.31,
303714,4,42.62,153.62,
303714,5,315.63,1332.01,
303714,5,47.93,222.15,
303714,6,91.30,488.40,
303714,4,12.68,46.68,
303715,3,196.19,461.15,
303715,4,189.63,611.70,
303715,3,8.00,19.32,
303715,4,145.20,452.59,
303715,5,65.64,270.91,
303716,5,40.73,177.14,
303716,5,12.28,52.59,
303716,3,125.55,332.18,
303716,7,17.53,108.19,
303716,4,127.64,422.79,
303718,2,75.75,133.74,
303718,4,32.08,121.04,
303718,2,34.19,59.76,
303721,6,257.52,1184.93,
303721,4,13.49,45.41,
303721,1,125.08,105.96,
303721,6,19.66,97.81,
303721,2,393.96,632.65,
303721,1,169.14,138.84,
303724,4,82.82,282.95,
303724,3,43.29,111.56,
303724,3,11.80,29.24,
303724,3,236.16,577.78,
303724,5,126.61,583.42,
303724,5,157.62,700.57,
303726,5,41.85,178.88,
303726,1,11.39,9.78,
303726,5,60.57,273.63,
303726,4,18.70,61.52,
303728,4,64.05,213.28,
303728,7,418.32,2436.46,
303728,6,134.90,678.93,
303728,4,132.26,438.85,
303728,5,164.03,680.19,
303728,5,33.50,137.76,
303730,2,46.67,69.53,
303730,2,7.35,11.38,
303730,4,412.86,1356.70,
303730,3,42.75,100.20,
303730,5,18.58,72.38,
303730,5,189.90,784.07,
303730,5,120.38,451.17,
303730,5,114.34,473.59,
303730,7,183.22,1021.98,
303730,3,80.46,196.19,
303730,4,43.65,137.16,
303730,11,549.78,4835.02,
303730,3,463.08,1044.23,
303730,3,238.08,535.11,
303730,4,531.42,1638.61,
303731,6,8.16,42.17,
303731,2,164.91,314.66,
303732,3,473.79,1100.46,
303732,4,30.72,103.80,
303732,3,35.81,92.35,
303732,3,137.41,331.38,
303732,8,16.72,112.11,
303732,3,108.68,262.80,
303732,3,49.28,123.78,
303732,9,29.83,226.40,
303732,2,542.64,884.80,
303732,6,118.12,579.59,
303732,4,215.05,668.69,
303735,2,18.92,33.94,
303735,2,99.07,176.31,
303735,3,55.39,144.69,
303735,4,12.64,46.99,
303735,4,196.19,687.00,
303735,5,99.65,425.73,
303735,5,134.51,612.34,
303735,2,23.64,40.35,
303735,3,339.89,908.31,
303735,4,120.12,403.55,
303735,3,7.62,19.80,
303735,2,98.11,169.82,
303736,2,145.20,250.09,
303736,3,141.11,359.71,
303736,6,116.11,584.68,
303736,9,48.60,377.47,
303736,3,173.89,474.49,
303740,8,47.84,288.99,
303740,7,464.10,2302.32,
303740,6,59.17,255.40,
303740,7,424.62,2202.08,
303740,4,110.33,336.47,
303740,6,224.89,1038.34,
303740,5,234.00,950.94,
303742,2,483.48,872.83,
303742,7,99.94,598.08,
303742,7,24.62,149.90,
303742,7,78.66,507.79,
303742,3,42.08,113.51,
303747,3,212.59,588.96,
303747,1,91.10,77.47,
303747,5,517.14,2207.78,
303747,2,189.38,355.04,
303748,1,47.03,43.39,
303748,3,34.45,101.70,
303748,3,125.32,344.98,
303748,5,188.40,837.20,
303749,5,90.53,407.70,
303749,4,188.60,672.79,
303749,7,63.62,401.45,
303749,2,23.40,42.28,
303749,3,45.00,120.47,
303749,2,115.29,210.47,
303752,4,331.07,1084.59,
303752,5,523.77,2112.75,
303752,6,7.71,36.55,
303752,6,168.96,837.35,
303752,2,182.16,299.09,
303752,6,49.28,224.58,
303752,2,235.68,347.29,
303752,3,16.33,38.06,
303752,3,434.70,1126.50,
303752,7,63.56,378.55,
303753,2,47.52,83.39,
303753,4,127.32,445.56,
303753,6,12.45,60.04,
303753,4,81.33,285.66,
303753,5,65.33,285.69,
303753,4,62.28,221.94,
303753,7,313.11,1888.63,
303753,5,311.22,1373.96,
303753,6,137.68,715.79,
303753,1,99.84,85.64,
303756,4,92.26,273.35,
303756,6,263.28,1120.63,
303756,5,25.30,97.20,
303756,3,33.00,72.73,
303756,5,24.84,97.10,
303756,7,16.88,92.07,
303756,6,48.24,215.41,
303757,4,454.02,1326.26,
303757,5,42.57,166.92,
303757,3,45.05,104.03,
303757,2,202.34,263.57,
9303757,-3,45.05,-104.03,
303760,5,8.06,32.67,
303760,2,34.65,52.51,
303760,2,191.66,295.51,
303760,4,122.10,368.76,
303760,7,165.38,900.39,
303760,2,343.98,552.05,
303760,4,216.89,665.20,
303760,6,19.69,92.06,
303760,3,34.91,81.58,
303761,1,128.50,114.55,
303761,6,16.49,77.79,
303761,2,91.10,150.60,
303761,4,30.49,100.91,
303761,3,112.10,271.44,
303764,2,144.67,267.17,
303764,1,166.29,137.80,
303764,5,31.55,144.92,
303764,3,103.01,271.18,
303764,2,173.71,302.19,
303764,4,150.02,535.36,
303764,6,48.87,270.87,
303764,5,155.34,718.82,
303764,5,66.92,315.62,
303764,2,332.33,604.06,
303766,2,145.07,254.66,
303766,4,57.95,214.09,
303766,6,94.56,503.48,
303766,5,75.83,340.18,
303767,3,206.03,481.39,
303767,6,246.00,1115.02,
303767,2,218.74,346.05,
303767,2,18.52,27.22,
303767,3,63.07,135.94,
303767,5,137.41,542.28,
303767,4,381.78,1116.96,
303767,4,78.03,242.76,
303767,2,153.37,235.28,
303767,6,217.92,1071.70,
303767,5,453.18,1712.25,
303767,3,60.51,134.09,
303767,4,25.51,75.21,
303767,6,99.07,432.75,
303767,6,287.91,1339.52,
303768,4,17.95,63.92,
303768,1,189.01,176.50,
303768,3,158.58,400.96,
303768,5,180.40,708.86,
303768,1,151.54,121.20,
303768,3,22.99,54.18,
303768,4,140.45,475.41,
303768,4,391.86,1364.58,
303768,2,329.81,597.85,
303768,4,538.56,1836.93,
303769,4,61.98,189.20,
303769,5,118.71,441.29,
303769,3,11.26,25.63,
303769,5,130.02,548.68,
303769,3,115.52,295.07,
303769,4,208.49,693.97,
303769,8,98.78,588.99,
303769,4,18.79,60.52,
303770,3,126.06,347.66,
303770,1,206.03,163.27,
303770,4,526.32,1775.96,
303770,4,19.04,65.36,
303770,5,66.73,281.90,
303770,4,82.90,270.61,
303771,8,17.05,116.25,
303771,5,60.33,252.07,
303771,7,12.80,71.94,
303771,5,339.89,1377.34,
303774,3,136.62,322.40,
303774,2,525.30,838.36,
303774,4,19.66,64.52,
303776,3,19.73,53.15,
303776,4,84.62,320.22,
303776,3,315.32,867.44,
303776,10,156.41,1297.39,
303776,5,60.88,257.86,
303776,8,287.60,2116.21,
303776,5,252.24,1102.79,
303776,3,17.87,46.73,
303776,4,95.33,354.02,
303776,5,16.63,72.61,
303776,6,86.69,422.52,
303777,1,114.81,90.35,
303777,5,127.68,477.76,
303777,2,188.60,311.78,
303777,8,212.59,1400.69,
303777,6,214.23,967.52,
303777,5,71.67,289.86,
303777,5,328.55,1316.28,
303778,3,541.11,1262.67,
303778,3,555.39,1313.25,
303778,5,204.59,814.00,
303778,4,188.14,601.69,
303778,5,188.40,744.03,
303778,5,117.88,477.92,
303778,6,133.06,603.21,
303779,5,169.66,790.65,
303779,4,58.44,208.36,
303779,5,519.69,2439.13,
303779,5,58.68,255.93,
303780,2,26.06,43.39,
303780,3,85.88,201.22,
303780,2,33.10,48.09,
303780,6,47.48,233.15,
303780,6,7.90,37.12,
303780,7,383.04,2154.28,
303780,2,22.34,39.02,
303780,5,126.61,553.13,
303780,2,228.72,361.99,
303780,2,18.07,29.26,
303780,6,218.88,1103.94,
303780,4,481.95,1434.73,
303782,4,8.25,26.82,
303782,5,16.45,60.74,
303782,4,311.22,1016.20,
303782,6,323.82,1500.82,
303782,4,479.91,1479.42,
303782,5,199.67,789.52,
303783,6,13.59,68.36,
303783,2,209.10,334.20,
303783,3,86.50,218.57,
303783,3,46.80,115.85,
303783,7,81.64,522.99,
303783,7,424.62,2388.63,
303783,4,183.57,616.53,
303783,3,132.13,314.33,
303783,1,126.38,101.59,
303783,4,64.54,220.04,
303783,5,31.28,127.13,
303783,3,404.88,1080.37,
303783,3,507.45,1215.70,
303783,4,143.48,482.35,
303784,2,85.64,156.80,
303784,3,7.94,20.01,
303784,7,92.06,583.77,
303784,2,510.00,907.47,
303784,4,383.46,1243.90,
303784,4,474.30,1591.51,
303784,2,438.90,753.16,
303784,7,66.86,404.16,
303785,6,98.40,438.93,
303785,6,429.66,1801.67,
303785,4,118.83,350.01,
303785,6,145.77,650.30,
303790,3,388.50,1100.81,
303790,4,11.70,43.42,
303790,5,22.92,101.07,
303790,1,8.22,7.72,
303790,5,24.22,116.09,
303791,4,102.72,323.07,
303791,4,17.01,51.50,
303791,4,471.75,1498.83,
303791,5,19.64,75.63,
303791,3,248.40,573.12,
303791,8,41.85,230.22,
303794,7,12.48,73.26,
303794,4,36.27,128.00,
303794,1,225.84,195.99,
303794,7,112.45,647.65,
303796,1,126.97,92.74,
303796,3,31.98,73.62,
303796,8,144.94,868.10,
303796,2,76.07,126.30,
303796,4,397.32,1237.87,
303796,4,460.02,1460.11,
303796,7,139.92,864.54,
303796,3,13.50,32.86,
303809,3,381.78,935.25,
303809,7,34.09,204.91,
303809,8,330.44,2202.53,
303809,3,197.01,465.85,
303809,6,83.76,409.59,
303809,5,150.63,568.36,
303809,4,12.49,41.14,
303809,10,225.12,1790.90,
303809,2,128.83,209.65,
303809,4,295.16,919.46,
303813,5,59.72,273.77,
303813,3,80.62,210.61,
303813,6,12.94,68.21,
303813,4,343.98,1199.89,
303813,4,26.35,94.48,
303813,4,417.90,1457.82,
303813,4,320.99,1093.24,
303813,8,41.04,281.74,
303813,5,8.43,40.46,
303813,9,7.66,67.54,
303813,5,40.86,175.69,
303813,6,131.87,714.96,
303813,3,517.65,1426.63,
303813,7,154.89,904.98,
303813,6,7.46,38.84,
303814,3,252.48,693.40,
303814,2,59.96,108.02,
303814,5,225.09,960.62,
303814,7,139.00,769.70,
303814,3,85.88,210.24,
303814,4,41.76,142.50,
303814,4,55.21,196.38,
303814,2,99.46,184.94,
303815,4,7.86,25.55,
303815,2,72.14,123.53,
303815,4,36.30,121.64,
303815,4,7.23,24.19,
303815,7,13.45,76.37,
303815,7,327.92,1883.37,
303817,3,109.39,247.83,
303817,3,26.02,62.65,
303817,2,19.33,31.78,
303817,4,120.71,382.63,
303818,3,98.50,249.87,
303818,9,30.89,227.36,
303818,4,88.99,313.68,
303818,6,171.78,887.67,
303818,6,210.54,1115.58,
303818,3,76.46,203.75,
303818,1,187.26,164.71,
303818,3,207.87,552.09,
303818,3,58.38,149.45,
303820,4,32.41,122.73,
303820,3,416.64,1239.84,
303820,4,12.88,46.95,
303820,4,64.48,239.94,
303826,2,76.46,122.47,
303826,6,49.01,224.05,
303826,4,148.35,472.58,
303826,4,48.65,161.15,
303826,9,500.82,3496.83,
303826,5,33.26,124.74,
303827,2,433.86,683.84,
303827,5,25.87,104.52,
303827,3,133.72,293.77,
303827,5,461.58,1823.43,
303827,6,155.80,781.34,
303827,4,296.42,968.08,
303827,2,402.36,623.34,
303827,2,35.48,59.10,
303827,3,16.74,41.02,
303827,3,138.34,314.57,
303828,3,162.18,402.24,
303828,5,292.01,1162.39,
303829,7,8.06,43.53,
303829,3,55.02,124.47,
303829,4,41.13,119.47,
303829,3,18.40,41.81,
303829,3,104.26,234.70,
303829,9,34.25,206.05,
303829,3,13.38,30.99,
303829,1,528.87,361.94,
303829,5,35.01,136.86,
303829,5,18.07,64.80,
303829,7,25.73,140.08,
303829,4,433.86,1263.82,
303829,2,16.24,25.93,
303829,4,19.57,55.81,
303829,5,8.23,29.42,
303834,4,162.10,614.10,
303834,6,507.45,2726.05,
303834,2,12.49,22.72,
303834,1,119.42,107.04,
303834,6,220.38,1113.00,
303835,5,24.41,99.29,
303835,2,456.96,721.68,
303835,4,8.52,28.79,
303835,4,176.53,561.68,
303835,4,61.06,189.38,
303835,5,45.54,177.05,
303835,5,8.46,32.15,
303836,7,192.29,1211.85,
303836,5,7.52,34.19,
303836,4,18.58,68.01,
303836,6,23.93,121.52,
303836,8,251.28,1808.45,
303836,6,19.62,106.01,
303836,2,77.79,137.96,
303836,4,181.10,642.46,
303836,6,25.68,131.21,
303836,6,16.49,91.56,
303836,3,13.13,35.83,
303836,2,77.79,129.21,
303837,3,11.64,31.80,
303837,2,11.61,20.11,
303837,3,255.84,706.64,
303837,8,41.36,302.54,
303837,3,43.29,114.66,
303838,6,381.36,2085.47,
303838,5,8.58,40.58,
303838,5,222.24,997.78,
303838,2,76.77,148.15,
303838,1,143.75,137.30,
303838,4,48.51,167.26,
303838,4,35.41,127.07,
303839,6,45.27,231.38,
303839,4,76.46,272.66,
303839,2,424.20,749.11,
303839,4,80.70,281.27,
303839,3,194.96,513.96,
303839,5,234.72,1084.04,
303839,3,84.39,226.40,
303839,3,25.30,72.09,
303843,3,148.96,331.77,
303843,2,448.98,759.67,
303843,1,101.86,87.45,
303843,7,8.67,45.83,
303843,7,8.51,44.35,
303843,5,261.60,966.95,
303843,1,31.78,23.74,
303846,7,339.26,1864.79,
303846,6,187.62,872.13,
303846,5,155.04,641.61,
303846,8,262.80,1645.71,
303849,2,477.87,854.80,
303849,2,70.89,129.59,
303849,4,127.91,470.03,
303849,2,304.92,529.48,
303849,2,8.47,16.05,
303849,5,177.94,861.55,
303849,3,482.97,1310.74,
303849,3,55.82,149.42,
303850,6,461.55,2290.22,
303850,1,114.11,95.27,
303850,2,403.62,677.96,
303850,5,130.68,575.28,
303851,4,330.12,950.70,
303851,5,177.41,699.92,
303851,4,30.36,93.76,
303851,3,162.64,399.99,
303852,6,503.37,2238.67,
303852,7,239.28,1231.58,
303852,5,339.57,1334.89,
303852,5,18.38,71.15,
303852,3,13.38,30.54,
303852,6,111.98,510.72,
303852,3,560.49,1284.27,
303852,2,170.37,252.29,
303852,2,139.66,217.52,
303852,4,393.12,1101.15,
303852,2,23.88,35.20,
303852,3,11.45,26.07,
303852,4,60.51,183.67,
303852,3,215.66,480.69,
303852,3,297.05,700.87,
303853,7,393.54,2383.52,
303853,5,19.06,80.04,
303857,1,31.55,27.69,
303857,3,171.42,455.93,
303857,3,119.18,306.88,
303857,3,163.10,416.66,
303860,9,186.03,1463.22,
303860,6,78.50,434.96,
303860,4,182.86,693.84,
303862,4,465.12,1673.48,
303862,4,221.61,773.65,
303862,2,87.55,158.34,
303862,5,17.44,72.10,
303862,6,16.65,81.81,
303862,3,527.85,1333.76,
303862,5,84.70,360.25,
303862,3,111.16,303.81,
303862,4,121.42,421.12,
303863,5,480.93,2218.89,
303863,3,139.52,402.87,
303863,5,298.31,1361.01,
303863,7,144.01,948.33,
303863,7,256.80,1582.64,
303863,1,7.68,7.33,
303863,6,497.76,2742.51,
303863,4,162.62,586.16,
303863,4,137.86,449.90,
303863,5,8.16,37.09,
303863,2,207.67,376.30,
303863,6,17.84,98.54,
303864,5,81.72,331.32,
303864,2,19.01,30.79,
303864,5,32.90,138.33,
303864,5,461.55,1994.88,
303864,5,106.79,432.87,
303864,3,18.05,44.21,
303865,6,490.62,2481.18,
303865,1,421.68,344.76,
303865,5,299.88,1269.19,
303865,2,109.50,182.09,
303865,4,13.44,49.68,
303865,6,138.93,704.63,
303865,7,339.89,2104.33,
303866,5,64.42,274.11,
303866,6,86.35,442.33,
303866,2,65.76,105.60,
303866,4,511.02,1680.76,
303867,5,512.04,2222.66,
303867,2,404.46,667.08,
303867,1,154.89,124.34,
303867,4,45.00,153.87,
303867,3,48.11,131.36,
303867,5,524.79,2213.90,
303871,7,43.25,268.20,
303871,3,57.83,146.01,
303871,4,32.27,104.57,
303871,5,227.28,994.28,
303871,4,25.27,78.98,
303871,1,23.71,21.35,
303875,3,410.76,1197.41,
303875,1,22.92,20.53,
303875,2,13.69,25.08,
303875,2,79.60,144.39,
303875,2,146.68,275.79,
303877,5,119.06,457.16,
303877,5,82.82,334.59,
303877,6,545.19,2715.16,
303877,7,108.80,576.63,
303877,3,329.81,798.52,
303878,2,64.78,103.28,
303878,5,30.49,109.98,
303878,3,90.82,191.66,
303878,6,86.78,397.17,
303878,6,138.62,652.96,
303878,4,7.93,25.47,
303878,2,12.93,21.20,
303878,5,17.28,71.16,
303878,4,134.90,400.98,
303880,5,538.05,2318.33,
303880,1,203.57,161.40,
303880,2,541.62,1034.25,
303881,4,162.79,503.60,
303881,5,71.44,251.73,
303881,2,56.85,94.43,
303881,3,222.96,555.54,
303881,3,42.26,106.90,
303882,4,12.58,46.17,
303882,4,192.70,693.28,
303882,3,60.94,178.70,
303882,4,60.94,215.33,
303887,5,189.63,875.07,
303887,5,333.59,1434.03,
303887,5,17.37,78.62,
303887,5,192.54,817.63,
303887,5,32.80,145.49,
303888,1,456.12,379.59,
303888,9,293.27,2133.73,
303888,4,134.90,435.59,
303888,5,325.08,1439.31,
303888,3,32.21,79.03,
303888,2,170.02,294.68,
303888,2,31.81,52.46,
303888,3,64.48,156.71,
303888,4,62.71,198.45,
303888,3,66.80,167.73,
303888,8,152.00,1023.48,
303889,4,239.04,777.40,
303889,4,405.72,1289.91,
303889,3,153.37,373.05,
303889,6,12.75,55.29,
303889,5,245.52,942.49,
303889,1,23.14,17.53,
303889,3,8.19,18.98,
303889,5,26.04,104.30,
303889,6,189.22,834.41,
303889,4,309.33,988.21,
303890,2,219.36,327.89,
303890,4,121.54,374.04,
303890,5,146.98,595.42,
303890,3,112.81,263.81,
303890,3,158.58,382.47,
303890,4,238.08,819.40,
303890,5,67.04,251.69,
303890,4,119.06,368.80,
303893,4,17.73,56.42,
303893,4,173.71,623.25,
303893,1,7.31,6.20,
303893,4,502.35,1742.06,
303894,5,237.12,1076.60,
303894,5,423.78,2065.05,
303895,11,46.67,428.66,
303895,1,43.16,36.34,
303895,4,154.74,551.39,
303895,5,187.26,799.22,
303895,2,122.60,197.42,
303895,4,47.34,158.85,
303895,3,34.98,92.11,
303895,2,299.88,491.99,
303895,6,22.75,116.83,
303895,4,228.00,811.64,
303895,2,46.40,80.79,
303895,5,163.25,748.76,
303896,4,200.70,616.33,
303896,5,7.86,29.67,
303896,1,25.70,19.64,
303896,5,22.58,90.19,
303896,1,142.96,98.70,
303896,5,33.89,124.52,
303896,8,310.91,1882.51,
303896,4,482.46,1436.45,
303896,6,297.36,1431.00,
303899,3,326.97,763.06,
303899,7,157.62,845.72,
303899,5,76.93,306.48,
303899,4,23.21,69.17,
303899,3,146.07,350.25,
303899,3,25.46,53.89,
303899,4,44.42,131.60,
303899,2,30.33,47.39,
303899,8,127.56,782.32,
303899,4,36.04,108.51,
303899,4,7.59,22.62,
303901,3,110.09,282.93,
303901,6,46.76,243.28,
303901,3,150.63,415.26,
303901,4,127.78,467.90,
303901,4,159.98,550.96,
303901,4,544.68,1756.63,
303901,3,77.56,184.48,
303903,2,8.27,12.92,
303903,5,90.05,359.05,
303903,2,18.56,30.07,
303903,3,343.98,723.12,
303903,3,19.35,43.84,
303903,1,125.93,96.64,
303903,3,162.18,399.28,
303903,5,145.01,594.72,
303903,3,516.63,1197.26,
303903,5,89.18,323.26,
303903,3,41.36,92.31,
303903,3,8.27,18.90,
303903,4,21.72,65.97,
303903,3,46.08,108.24,
303903,1,224.68,176.65,
303904,5,18.72,68.07,
303904,3,495.72,1179.38,
303905,4,30.39,104.12,
303905,5,184.45,766.45,
303905,4,7.26,24.84,
303905,1,8.00,6.65,
303905,5,219.15,868.58,
303905,5,58.01,232.18,
303905,1,332.96,269.13,
303905,2,60.63,97.83,
303907,3,150.94,362.27,
303907,5,7.68,33.06,
303907,3,60.15,158.65,
303907,3,202.54,490.70,
303907,3,286.02,697.78,
303907,3,122.48,303.49,
303907,7,104.93,600.43,
303907,3,461.04,1165.21,
303907,2,193.52,319.74,
303907,5,526.83,2199.02,
303912,1,58.80,51.00,
303912,7,8.68,54.29,
303912,3,319.73,805.61,
303912,2,405.30,705.51,
303913,3,143.48,302.80,
303913,5,16.69,62.77,
303913,5,17.89,74.54,
303913,6,57.95,250.17,
303913,3,404.46,947.85,
303913,4,34.52,102.40,
303916,4,71.75,221.23,
303916,2,446.46,714.70,
303916,2,95.71,147.36,
303916,3,122.63,271.13,
303916,2,290.12,462.01,
303916,2,32.18,47.89,
303916,7,16.60,85.46,
303916,5,84.78,338.16,
303916,1,142.69,107.22,
303917,2,113.87,183.98,
303917,2,172.66,270.07,
303917,6,7.68,32.88,
303917,5,11.80,45.66,
303917,5,12.30,45.71,
303917,3,71.91,169.26,
303917,2,31.09,49.99,
303917,4,93.98,294.12,
303918,1,16.63,12.90,
303918,4,507.96,1487.99,
303918,4,113.99,351.28,
303918,5,283.82,1055.18,
303918,2,483.48,752.09,
303918,2,41.54,63.01,
303918,4,144.40,432.44,
303918,3,46.80,114.44,
303918,3,185.53,439.59,
303925,6,121.19,648.72,
303925,2,125.79,209.93,
303925,4,519.69,1794.25,
303925,4,19.04,61.05,
303925,5,47.70,218.68,
303925,4,79.99,275.79,
303925,5,18.72,82.20,
303925,5,383.46,1662.13,
303925,2,140.14,250.80,
303929,4,29.90,92.90,
303929,4,158.99,491.52,
303929,6,7.95,39.52,
303929,4,19.62,62.14,
303929,5,464.10,1757.23,
303929,2,198.85,318.12,
303929,6,16.47,75.25,
303929,5,40.91,166.74,
303929,3,211.97,467.73,
303931,6,22.49,108.30,
303931,6,46.17,228.34,
303931,8,111.27,708.85,
303931,3,13.71,37.54,
303931,3,23.74,55.26,
303931,3,218.12,506.21,
303931,5,24.96,110.69,
303933,3,412.86,956.79,
303933,6,63.75,330.81,
303933,3,73.48,190.76,
303933,2,19.64,30.92,
303933,3,32.87,81.34,
303933,3,25.03,55.82,
303933,5,218.12,872.88,
303933,6,485.52,2423.35,
303937,3,217.92,591.73,
303937,5,32.97,158.90,
303937,5,104.54,463.96,
303937,3,59.96,171.51,
303939,3,146.83,394.90,
303939,6,7.59,42.18,
303939,6,156.71,868.52,
303939,7,21.91,128.69,
303939,2,220.17,372.24,
303939,3,60.76,172.92,
303939,6,143.03,746.37,
303939,4,113.75,410.37,
303941,4,219.36,815.60,
303941,8,417.90,3091.17,
303946,2,31.42,57.99,
303946,5,22.10,100.84,
303946,5,118.94,557.27,
303946,6,143.75,785.33,
303946,5,7.67,33.81,
303946,1,229.92,211.21,
303946,4,7.93,28.05,
303946,6,12.44,71.20,
303946,2,92.26,175.09,
303946,6,118.12,646.85,
303946,1,18.83,17.38,
303947,4,26.18,96.06,
303947,3,191.49,493.76,
303947,9,242.88,1912.47,
303947,1,179.52,153.72,
303947,2,142.69,252.27,
303947,4,35.71,123.18,
303948,2,457.80,687.86,
303948,5,406.98,1603.38,
303948,2,335.48,527.70,
303948,2,88.80,146.62,
303948,5,87.07,365.80,
303950,5,144.86,576.22,
303950,3,64.29,147.96,
303950,4,33.89,117.82,
303950,5,415.38,1757.39,
303950,7,140.75,807.25,
303952,3,435.12,1171.08,
303952,6,78.26,379.97,
303952,4,24.91,77.90,
303952,4,292.01,897.09,
303952,4,238.08,766.54,
303952,3,16.85,43.12,
303952,3,523.77,1257.91,
303952,3,188.19,475.29,
303954,2,170.72,259.07,
303954,3,112.34,274.84,
303954,2,7.88,12.17,
303954,5,65.27,245.23,
303954,2,25.56,40.39,
303954,4,41.22,121.23,
303954,2,160.51,267.91,
303954,4,131.60,370.09,
303954,5,211.77,774.38,
303954,5,29.83,118.00,
303954,3,8.09,19.73,
303954,5,222.84,816.14,
303955,4,16.25,56.92,
303955,4,86.69,307.73,
303955,5,141.64,619.65,
303955,5,63.14,278.36,
303955,2,13.49,22.88,
303955,2,210.13,348.03,
303955,3,221.81,577.25,
303955,4,19.17,65.14,
303955,4,399.00,1494.32,
303955,3,129.89,343.88,
303958,2,32.84,60.13,
303958,1,57.95,48.67,
303958,3,105.60,285.50,
303958,3,97.06,273.86,
303960,6,17.32,95.13,
303960,5,198.24,851.39,
303960,5,18.07,78.00,
303960,2,448.98,709.66,
303961,5,163.10,734.51,
303961,4,195.37,741.22,
303961,5,344.30,1694.79,
303961,4,7.22,27.48,
303961,2,71.59,134.26,
303961,3,109.39,290.31,
303961,4,12.68,43.33,
303968,6,22.22,109.44,
303968,5,157.62,641.03,
303970,4,480.93,1605.69,
303970,2,479.91,698.14,
303970,4,119.20,386.99,
303971,3,22.82,59.70,
303971,2,459.48,804.35,
303971,5,181.28,793.35,
303971,3,11.40,29.97,
303971,3,172.83,474.31,
303971,4,46.85,157.51,
303971,5,453.18,1736.06,
303971,4,24.82,85.37,
303971,7,163.33,992.50,
303971,3,13.58,33.77,
303971,3,18.31,46.24,
303971,3,530.40,1371.68,
303972,3,71.36,177.17,
303972,7,84.78,503.57,
303972,3,117.41,287.69,
303972,5,470.22,2017.91,
303972,4,75.44,265.23,
303972,3,144.25,360.93,
303972,3,18.13,44.43,
303972,2,202.75,321.57,
303973,6,535.50,2791.60,
303973,2,150.33,258.11,
303973,1,119.86,96.61,
303973,4,63.44,233.09,
303973,4,257.76,890.60,
303973,8,248.88,1683.21,
303973,3,174.06,442.61,
303973,3,11.75,29.90,
303973,3,126.32,341.72,
303973,2,48.06,83.30,
303973,5,33.40,140.09,
303973,6,340.52,1830.78,
303973,4,19.49,68.94,
303973,4,158.99,511.74,
303974,7,259.20,1604.49,
303974,2,47.39,82.12,
303974,1,378.42,313.78,
303974,7,12.31,75.27,
303979,3,40.95,87.63,
303979,3,141.36,318.26,
303979,3,164.38,387.76,
303979,4,191.31,597.95,
303979,6,74.50,330.30,
303980,2,11.86,20.14,
303980,3,7.50,17.93,
303980,4,133.85,444.14,
303980,7,546.21,3299.25,
303980,2,223.04,399.29,
303980,7,220.79,1397.94,
303980,5,7.42,31.68,
303980,3,158.54,400.68,
303980,5,424.20,1832.19,
303983,4,84.62,286.17,
303983,6,79.99,389.90,
303983,4,222.96,739.73,
303983,4,145.92,443.81,
303983,6,65.76,303.96,
303983,5,164.21,628.16,
303983,2,246.96,395.02,
303983,2,192.09,298.05,
303984,5,418.74,1486.15,
303984,3,298.94,745.60,
303984,2,46.31,78.13,
303984,5,229.92,953.38,
303984,3,85.88,199.05,
303984,2,301.14,495.96,
303984,4,303.66,931.79,
303984,6,32.84,160.97,
303984,4,181.98,571.53,
303985,6,123.31,598.44,
303985,7,173.89,1040.42,
303985,4,88.99,308.06,
303985,5,7.62,32.14,
303985,6,42.39,218.01,
303986,4,167.55,588.55,
303986,4,215.87,754.80,
303986,3,34.19,88.77,
303986,4,79.29,274.10,
303986,7,164.03,903.71,
303988,1,63.50,47.20,
303988,7,229.68,1200.22,
303988,4,13.53,37.74,
303988,6,30.86,139.01,
303988,4,291.69,891.13,
303988,7,44.19,244.53,
303988,4,381.78,1100.22,
303988,3,30.20,64.96,
303990,3,57.95,158.51,
303990,5,42.17,190.44,
303990,5,11.91,51.08,
303990,2,435.54,754.19,
303990,4,101.38,372.31,
303990,7,7.50,47.00,
303990,4,47.52,161.50,
303993,6,498.27,2146.24,
303993,5,7.71,29.75,
303993,4,216.07,632.37,
303993,4,22.25,69.29,
303993,6,214.23,904.17,
303995,3,122.01,257.20,
303995,3,47.30,110.68,
303995,8,85.49,511.39,
303999,6,188.32,966.85,
303999,6,34.25,186.44,
303999,4,306.18,1057.22,
303999,4,470.22,1582.05,
303999,2,67.04,127.29,
303999,2,34.06,59.07,
303999,3,25.63,69.89,
303999,6,97.73,511.09,
303999,4,8.18,29.59,
303999,3,67.10,179.43,
303999,1,113.75,102.67,
304000,4,154.89,556.35,
304000,2,12.89,23.65,
304000,3,55.94,137.43,
304000,4,88.51,310.24,
304000,5,119.53,511.29,
304000,2,322.25,599.86,
304000,1,30.33,27.07,
304000,7,33.73,212.77,
304000,2,146.68,264.32,
304001,3,78.58,212.53,
304001,6,8.74,49.42,
304001,5,166.14,758.68,
304001,3,206.44,572.03,
304001,4,49.19,177.14,
304001,4,188.60,719.96,
304001,7,7.82,50.65,
304001,6,100.80,550.98,
304001,2,12.00,20.74,
304001,3,166.59,462.97,
304001,3,40.50,114.08,
304001,4,21.98,83.89,
304001,7,99.94,632.05,
304002,7,426.30,2113.12,
304002,3,33.23,69.28,
304002,4,139.13,438.07,
304002,3,161.73,373.28,
304002,4,239.52,728.92,
304003,7,129.21,765.72,
304003,2,45.99,78.29,
304003,4,217.92,775.03,
304003,3,23.81,68.44,
304003,3,143.09,369.75,
304003,4,48.20,176.55,
304003,3,11.50,30.22,
304003,6,18.43,101.99,
304003,4,25.73,88.29,
304005,3,72.30,197.73,
304005,4,17.87,64.34,
304005,2,326.03,581.06,
304005,6,12.51,71.75,
304005,3,107.50,296.93,
304005,3,8.22,22.48,
304005,7,24.72,166.53,
304005,5,526.32,2500.09,
304006,5,25.13,120.70,
304006,3,302.09,827.08,
304006,6,30.66,175.09,
304006,7,397.74,2662.49,
304006,4,40.68,146.92,
304006,4,41.94,157.51,
304006,4,23.83,83.04,
304006,4,49.10,196.40,
304009,2,19.35,32.23,
304009,2,137.94,229.41,
304009,3,287.60,767.23,
304009,4,471.75,1522.28,
304012,1,412.86,298.56,
304012,2,57.22,81.71,
304012,4,107.03,318.93,
304013,4,12.44,38.91,
304013,5,552.33,2282.03,
304013,7,18.09,94.84,
304013,8,99.17,601.98,
304013,2,528.36,758.89,
304014,5,48.06,167.87,
304014,4,22.30,66.78,
304014,1,407.82,316.71,
304014,4,135.70,424.82,
304014,4,23.06,75.12,
304014,4,541.62,1748.36,
304014,5,509.49,2033.33,
304014,2,310.28,506.70,
304016,4,74.18,266.76,
304016,6,35.28,198.29,
304016,8,66.31,416.44,
304016,4,556.41,1914.63,
304016,5,137.54,595.23,
304016,3,465.12,1253.13,
304016,3,475.83,1375.62,
304016,2,12.54,22.10,
304018,3,140.58,321.65,
304018,5,124.21,477.53,
304020,4,439.32,1356.88,
304020,5,19.64,78.52,
304020,4,237.84,654.21,
304020,1,62.40,52.47,
304020,5,345.56,1366.07,
304020,2,17.21,26.43,
304020,3,247.92,602.21,
304020,3,7.74,18.21,
304020,4,188.32,610.16,
304020,2,224.68,317.75,
304023,1,524.79,462.85,
304023,5,11.74,54.18,
304023,5,55.75,237.36,
304023,4,150.02,537.14,
304023,3,312.48,862.94,
304023,4,86.88,303.42,
304023,3,26.04,68.53,
304023,2,103.68,196.49,
304024,4,144.28,496.07,
304024,5,130.42,571.56,
304024,6,126.59,656.20,
304024,1,107.03,91.62,
304024,4,403.20,1342.57,
304024,8,261.60,1684.04,
304024,2,161.88,276.02,
304025,7,22.82,136.96,
304025,5,77.32,323.87,
304025,5,48.56,216.54,
304025,5,404.46,1786.65,
304025,5,16.94,75.45,
304025,1,113.87,94.05,
304026,3,436.80,1091.34,
304026,4,35.77,124.95,
304026,4,313.74,1161.84,
304027,4,253.20,847.71,
304027,4,7.48,23.75,
304027,6,139.69,707.21,
304027,1,77.01,67.87,
304027,4,299.57,1000.21,
304027,7,8.79,48.22,
304027,4,16.52,55.97,
304027,4,294.84,982.58,
304027,2,219.36,374.80,
304027,5,7.74,30.96,
304027,5,421.26,1734.32,
304027,5,128.04,527.15,
304027,5,191.66,808.58,
304029,7,137.02,776.69,
304029,5,141.97,541.23,
304031,5,126.38,537.21,
304031,3,61.67,162.96,
304031,2,141.50,257.41,
304031,5,75.52,342.10,
304031,6,11.59,59.99,
304031,5,35.94,147.72,
304031,1,205.41,183.49,
304031,4,19.39,71.06,
304031,4,122.10,447.34,
304032,4,305.87,1070.89,
304032,4,313.43,1014.35,
304032,3,13.64,35.36,
304032,7,164.21,1076.25,
304036,4,87.84,249.88,
304036,4,261.36,806.15,
304036,4,420.84,1226.65,
304036,2,92.06,144.67,
304036,6,32.77,132.96,
304043,5,216.96,800.15,
304043,1,443.10,363.75,
304043,4,88.03,271.05,
304043,8,338.00,2080.72,
304044,4,304.29,926.81,
304044,2,451.08,586.54,
304044,3,413.28,907.80,
304045,3,24.91,54.85,
304045,2,234.00,382.39,
304045,4,85.33,258.44,
304045,7,165.44,907.56,
304046,3,13.66,37.56,
304046,3,145.31,379.24,
304046,5,126.26,559.15,
304046,6,122.76,670.40,
304046,2,250.56,447.05,
304046,2,412.44,738.84,
304046,5,215.46,911.90,
304046,5,547.74,2427.29,
304046,3,18.31,49.97,
304048,4,180.75,558.63,
304048,2,319.73,493.63,
304048,7,8.44,43.66,
304050,4,7.95,27.07,
304050,4,31.85,116.43,
304050,3,138.60,374.15,
304050,5,101.18,429.34,
304050,3,517.14,1333.61,
304050,4,142.42,496.10,
304052,3,240.48,528.01,
304052,4,7.80,24.28,
304052,4,102.53,293.67,
304052,7,86.98,491.88,
304053,2,96.96,139.29,
304053,2,44.19,63.96,
304053,4,214.23,578.13,
304053,3,17.95,40.58,
304053,1,190.43,145.47,
304053,2,383.46,591.60,
304053,4,34.52,98.87,
304053,4,35.51,105.82,
304054,2,179.52,321.11,
304054,5,421.26,1795.56,
304054,7,17.23,107.28,
304054,2,25.90,46.47,
304054,3,133.98,340.83,
304054,3,137.68,360.21,
304054,3,219.97,538.05,
304054,6,314.69,1753.47,
304054,6,156.71,830.34,
304054,8,81.48,564.21,
304056,6,21.89,116.02,
304056,4,34.78,108.07,
304056,6,453.60,2280.99,
304056,5,17.71,72.51,
304056,5,122.48,481.47,
304062,3,17.48,46.20,
304062,4,8.53,27.62,
304062,5,125.53,535.53,
304062,6,290.43,1529.00,
304062,5,304.29,1398.19,
304062,4,33.66,116.51,
304062,5,476.85,2148.48,
304062,4,8.57,30.02,
304063,2,104.64,165.21,
304063,5,488.58,1885.02,
304063,4,33.03,101.91,
304063,4,12.91,42.77,
304063,5,165.98,652.65,
304063,4,144.55,474.09,
304063,3,313.11,751.51,
304063,6,121.70,567.17,
304063,2,163.33,251.60,
304063,7,218.33,1102.54,
304063,5,104.74,392.16,
304064,3,193.25,532.70,
304064,4,91.01,323.37,
304064,7,23.09,154.50,
304064,3,153.98,414.26,
304064,3,23.47,64.82,
304064,3,165.62,456.81,
304064,5,314.06,1471.53,
304064,7,90.62,557.92,
304064,3,49.23,125.60,
304065,2,244.32,392.86,
304065,3,175.12,411.66,
304065,3,185.68,425.32,
304065,3,21.60,53.48,
304065,3,56.06,118.17,
304065,3,117.41,254.08,
304065,1,8.62,6.37,
304065,3,16.45,32.45,
304070,6,35.51,161.08,
304070,4,41.63,141.66,
304070,5,344.30,1494.11,
304070,3,148.35,361.32,
304071,3,57.04,132.49,
304071,4,12.84,44.17,
304071,3,332.33,843.61,
304071,2,192.09,330.62,
304071,6,45.45,242.11,
304071,6,7.87,42.24,
304071,2,75.91,126.77,
304071,3,19.62,47.71,
304071,2,31.22,50.73,
304073,6,56.67,303.91,
304073,5,195.98,912.86,
304073,7,163.86,992.93,
304073,2,332.33,630.47,
304073,4,109.03,403.86,
304073,6,59.41,312.55,
304073,5,226.08,1026.93,
304076,5,42.57,164.91,
304076,3,197.62,497.56,
304076,2,75.05,122.21,
304076,4,342.41,1108.64,
304076,4,18.49,57.46,
304076,4,539.58,1712.16,
304077,4,90.05,321.73,
304077,2,98.11,194.23,
304077,9,48.11,406.72,
304077,2,60.02,108.47,
304077,2,60.57,105.06,
304077,3,257.52,703.70,
304077,2,45.00,82.07,
304080,4,42.66,140.10,
304080,4,71.59,229.08,
304080,2,257.76,399.95,
304080,4,122.72,369.61,
304080,4,190.04,551.91,
304080,3,161.57,344.02,
304080,2,40.77,62.71,
304080,5,167.20,683.54,
304080,2,57.83,80.14,
304081,2,258.96,387.26,
304081,6,11.69,57.25,
304081,6,94.08,459.36,
304081,7,382.20,2174.15,
304081,4,298.62,891.07,
304081,3,75.44,177.41,
304081,7,127.32,648.29,
304081,5,223.04,813.33,
304081,3,208.49,425.04,
304082,2,7.26,11.24,
304082,2,17.01,28.15,
304082,6,461.16,2318.07,
304082,3,85.17,196.64,
304082,4,113.63,355.60,
304084,2,34.32,52.70,
304084,2,307.76,478.60,
304084,4,414.54,1224.99,
304085,6,320.04,1695.03,
304085,10,55.08,504.08,
304085,7,33.83,211.05,
304085,5,80.54,375.67,
304086,2,99.36,168.45,
304086,3,44.10,116.05,
304086,8,89.28,654.41,
304086,2,45.86,77.30,
304086,2,340.83,622.07,
304086,5,135.17,624.73,
304091,5,59.84,252.71,
304091,3,13.38,35.49,
304091,5,120.78,468.31,
304095,4,161.74,604.35,
304095,4,486.03,1697.01,
304095,2,111.86,196.62,
304095,5,460.53,2014.30,
304096,6,421.68,2181.10,
304096,4,175.47,579.43,
304096,3,13.60,34.32,
304096,6,17.82,92.68,
304096,5,326.66,1390.25,
304096,5,328.23,1301.12,
304096,4,165.26,574.47,
304096,5,221.40,932.51,
304096,1,147.74,125.33,
304096,1,88.22,76.78,
304096,4,174.77,547.16,
304097,5,19.53,85.64,
304097,2,55.51,91.76,
304097,3,122.50,306.63,
304097,3,393.96,1019.11,
304097,3,202.75,516.57,
304097,5,100.13,416.51,
304097,4,75.60,254.82,
304098,3,19.69,44.06,
304098,8,291.06,1681.62,
304099,3,13.01,32.31,
304099,5,143.49,591.98,
304099,3,48.92,120.86,
304099,5,17.28,68.25,
304099,6,422.10,2052.58,
304099,5,75.28,326.84,
304099,5,244.80,976.92,
304099,5,25.39,100.61,
304104,5,513.06,2066.75,
304104,4,233.76,762.63,
304104,5,7.20,30.89,
304104,5,384.72,1432.62,
304104,2,11.61,18.98,
304104,3,189.02,434.91,
304104,8,461.55,3005.85,
304104,1,12.30,10.01,
304104,4,11.48,36.04,
304104,3,228.96,535.15,
304104,5,193.93,769.38,
304107,4,140.05,475.61,
304107,3,409.92,1095.18,
304107,2,23.66,41.61,
304107,3,509.49,1338.46,
304107,6,96.58,551.57,
304107,6,98.50,581.95,
304107,4,81.01,273.98,
304112,5,303.35,1173.09,
304112,2,159.45,245.56,
304112,3,46.58,104.11,
304112,4,86.19,270.02,
304112,2,126.50,187.28,
304113,4,16.88,50.30,
304113,4,130.02,392.12,
304113,3,11.35,28.17,
304113,5,120.01,503.09,
304113,3,215.87,504.78,
304113,5,545.70,2105.18,
304113,6,555.90,2618.54,
304113,3,253.44,599.04,
304113,5,120.12,454.02,
304113,2,31.94,50.41,
304113,5,31.65,128.66,
304113,2,59.54,84.58,
304118,3,338.63,679.09,
304118,3,18.76,45.48,
304118,5,299.57,1203.63,
304118,5,13.16,54.18,
304118,2,13.11,18.30,
304118,4,55.27,161.42,
304118,3,146.53,336.87,
304118,4,261.12,754.37,
304118,2,406.56,657.48,
304118,4,558.45,1699.73,
304119,5,163.86,714.30,
304119,2,261.84,415.15,
304119,3,99.94,250.80,
304119,7,122.25,725.00,
304119,1,102.62,80.63,
9304119,-2,261.84,-415.15,
9304119,-3,99.94,-250.8,
304120,4,251.76,907.12,
304120,4,34.75,120.97,
304120,3,102.53,270.24,
304120,3,322.25,815.51,
304120,3,515.10,1322.52,
304121,7,558.96,3244.79,
304121,4,110.09,320.96,
304121,3,287.28,750.05,
304121,5,31.94,134.76,
304121,1,35.44,29.04,
304122,9,161.27,1280.20,
304122,3,66.67,177.55,
304122,4,120.38,420.55,
304122,2,147.74,250.56,
304122,7,160.51,988.21,
304122,6,48.83,248.32,
304122,5,47.34,203.00,
304122,3,217.44,581.14,
304122,5,101.18,448.64,
304123,4,160.69,510.91,
304123,2,310.59,454.93,
304123,5,42.75,166.97,
304123,9,164.74,1192.57,
304123,3,527.34,1211.37,
304123,5,166.32,618.61,
304123,7,542.64,3062.39,
304123,3,17.62,41.69,
304123,2,18.90,29.85,
304123,2,186.55,263.53,
304125,4,12.36,43.62,
304125,7,86.69,537.88,
304125,7,395.64,2488.11,
304125,3,191.31,522.83,
304125,3,26.11,68.17,
304125,3,139.99,356.49,
304125,2,125.53,221.96,
304125,3,71.51,194.38,
304126,8,55.82,399.40,
304126,2,293.58,511.79,
304126,3,114.70,304.71,
304126,4,491.64,1774.29,
304126,6,110.45,589.88,
304126,3,11.55,29.22,
304126,2,25.01,40.24,
304127,6,23.04,126.28,
304127,4,36.10,123.76,
304127,5,391.02,1637.32,
304129,5,303.66,1324.15,
304129,3,83.29,199.34,
304129,2,185.53,323.66,
304129,3,7.74,20.58,
304129,3,25.34,66.83,
304129,5,11.39,48.42,
304129,4,18.32,62.85,
304129,4,70.96,246.42,
304131,4,77.56,245.95,
304131,3,41.04,98.38,
304131,7,296.42,1539.81,
304132,6,21.98,116.97,
304132,3,141.77,380.07,
304132,4,208.69,767.38,
304132,2,123.43,224.19,
304132,5,122.01,568.78,
304132,2,29.73,56.16,
304134,5,231.60,877.58,
304134,3,8.79,21.28,
304134,4,139.26,436.29,
304134,3,30.62,69.60,
304134,4,122.10,374.60,
304134,3,45.50,102.69,
304134,7,161.27,892.32,
304134,6,47.97,233.24,
304134,3,158.99,382.50,
304134,8,158.40,980.19,
304134,3,165.07,359.15,
304134,5,8.01,34.52,
304134,4,305.24,968.52,
304134,3,288.23,617.46,
304134,6,21.62,108.96,
304135,3,16.70,44.34,
304135,1,41.09,34.70,
304135,7,26.38,160.81,
304135,3,331.07,859.70,
304135,6,335.79,1740.98,
304136,4,119.72,324.53,
304136,3,141.37,322.61,
304136,4,296.10,825.03,
304136,4,187.09,550.27,
304137,4,86.98,261.58,
304137,5,45.45,175.27,
304137,3,434.28,1046.95,
304137,5,88.80,368.63,
304137,5,18.18,73.80,
304138,5,206.44,884.51,
304138,4,12.58,43.10,
304138,5,162.62,712.29,
304138,5,62.71,245.49,
304138,1,192.37,174.92,
304138,8,112.22,786.95,
304143,3,7.26,18.18,
304143,6,56.97,299.71,
304143,5,127.20,519.25,
304143,1,262.32,247.60,
304143,3,561.00,1485.06,
304143,4,16.78,57.29,
304144,7,287.60,1636.69,
304144,4,82.74,284.77,
304144,3,174.06,426.48,
304144,5,47.66,215.03,
304147,3,161.42,422.69,
304147,3,121.30,297.22,
304147,4,550.80,2175.32,
304147,4,474.30,1685.69,
304147,4,25.80,91.89,
304147,5,206.44,909.90,
304147,3,63.50,159.53,
304149,5,87.74,387.10,
304149,6,178.29,935.08,
304149,7,138.93,775.59,
304149,7,122.76,711.68,
304149,5,119.06,494.69,
304149,3,384.72,1026.95,
304152,7,160.16,987.50,
304152,6,61.67,332.73,
304152,5,96.86,424.78,
304152,12,322.88,3205.56,
304152,3,7.58,19.12,
304152,2,82.58,139.45,
304152,4,118.47,445.03,
304153,7,30.49,167.46,
304153,3,17.75,47.17,
304153,3,285.08,647.54,
304153,5,326.34,1267.49,
304153,3,24.02,56.47,
304154,6,115.40,499.57,
304154,4,328.23,919.02,
304155,3,521.22,1364.92,
304155,5,127.68,539.02,
304155,3,382.62,968.74,
304155,7,179.70,1099.44,
304155,2,233.76,405.30,
304155,5,18.56,75.66,
304155,1,218.88,195.67,
304155,2,103.30,181.05,
304155,3,525.30,1365.39,
304155,7,153.06,879.26,
304155,3,7.82,20.70,
304155,2,46.53,84.24,
304156,2,448.56,705.10,
304156,4,30.99,101.50,
304156,3,25.37,56.13,
304156,3,486.54,1222.35,
304156,5,191.06,731.01,
304157,3,26.38,67.42,
304157,2,78.11,125.63,
304157,4,132.13,405.29,
304157,4,325.71,1073.82,
304159,4,125.66,362.86,
304159,4,112.10,349.01,
304159,3,128.57,313.22,
304159,4,147.59,490.86,
304159,3,32.27,71.23,
304159,7,7.25,38.47,
304159,4,34.16,105.24,
304159,5,387.24,1574.21,
304160,5,152.46,578.46,
304160,3,178.29,443.39,
304160,5,13.68,51.27,
304160,9,76.93,521.54,
304160,4,118.47,349.83,
304160,3,417.06,980.01,
304160,3,128.03,309.60,
304160,3,81.48,183.19,
304160,4,55.02,165.73,
304160,3,12.49,27.73,
304160,7,206.23,1163.25,
304160,9,142.88,1072.11,
304160,4,8.61,26.73,
304160,4,57.95,177.16,
304160,5,13.18,54.70,
304162,3,97.82,242.70,
304162,5,209.10,886.99,
304162,4,22.66,74.97,
304162,3,107.38,284.74,
304162,3,7.26,19.16,
304162,4,123.07,433.11,
304162,4,55.63,199.85,
304162,3,23.54,66.66,
304162,3,60.76,166.29,
304163,2,320.99,543.38,
304163,4,191.06,660.52,
304163,6,116.23,609.67,
304163,3,7.22,19.04,
304163,3,232.56,601.97,
304163,2,45.18,78.78,
304163,4,326.97,1122.31,
304164,7,184.27,1054.97,
304164,3,25.15,71.34,
304164,4,120.95,412.12,
304166,5,420.00,1734.05,
304166,7,304.92,1730.44,
304166,6,36.17,172.33,
304166,4,84.39,277.09,
304166,5,137.86,552.30,
304166,3,184.10,455.78,
304166,6,42.39,191.66,
304168,4,227.76,657.69,
304168,4,135.43,433.17,
304168,4,310.91,965.43,
304168,3,17.75,39.36,
304168,9,17.21,120.23,
304168,5,59.11,229.23,
304169,4,170.54,600.61,
304169,2,141.97,245.58,
304169,5,255.36,1204.84,
304169,4,394.38,1306.26,
304169,3,8.02,20.28,
304169,4,57.10,184.44,
304169,4,504.90,1821.32,
304170,5,112.22,462.15,
304170,3,11.40,27.52,
304170,5,12.86,53.34,
304170,6,526.83,2608.07,
304170,5,72.77,290.16,
304170,3,12.39,31.48,
304171,3,44.82,119.87,
304171,5,149.57,645.99,
304171,2,13.08,22.84,
304171,4,127.38,484.16,
304171,3,7.57,19.34,
304173,4,44.91,152.49,
304173,4,147.14,487.07,
304173,6,179.52,895.55,
304173,8,193.25,1314.44,
304173,5,18.90,81.03,
304173,9,80.62,624.78,
304173,2,206.44,321.00,
304175,2,142.27,266.43,
304175,2,557.43,1038.16,
304175,5,123.55,537.04,
304175,7,220.17,1381.21,
304175,3,128.15,324.72,
304175,2,48.69,85.86,
304175,5,83.29,393.25,
304176,6,13.24,72.29,
304176,3,121.07,303.35,
304176,4,133.85,495.61,
304176,3,183.04,545.65,
304176,5,91.87,410.05,
304176,2,210.54,374.64,
304176,7,124.73,775.27,
304176,3,146.07,362.24,
304176,3,23.23,65.55,
304176,2,337.68,604.87,
304176,5,178.11,832.46,
304176,4,16.79,57.93,
304176,4,459.06,1510.41,
304180,1,25.06,20.09,
304180,4,41.85,129.42,
304180,5,63.07,237.90,
304180,2,534.99,778.83,
304180,3,137.28,325.28,
304180,1,427.14,297.79,
304180,3,120.36,281.61,
304180,4,478.38,1452.53,
304180,7,75.67,408.23,
304182,1,107.26,79.19,
304182,6,113.28,515.71,
304182,5,13.43,51.38,
304182,5,33.83,136.00,
304182,5,164.03,615.04,
304182,4,58.07,175.62,
304182,2,7.22,10.54,
304182,1,60.88,47.16,
304182,6,25.44,109.58,
304182,3,247.44,572.61,
304182,4,47.16,153.01,
304182,3,344.93,727.72,
304182,4,237.36,797.51,
304182,5,7.97,28.83,
304183,1,314.37,240.72,
304183,3,153.22,335.47,
304183,8,159.28,917.23,
304183,6,13.26,59.98,
304183,5,31.75,118.61,
304183,3,45.09,101.50,
304183,5,174.77,609.19,
304183,4,16.56,51.54,
304183,3,484.50,1174.50,
304185,4,62.65,232.76,
304185,5,33.10,145.99,
304185,2,126.19,233.32,
304185,7,507.45,3289.39,
304185,1,12.01,10.97,
304185,3,507.45,1307.83,
304185,6,91.20,525.48,
304185,1,34.29,30.49,
304185,2,326.66,584.95,
304191,1,120.95,100.35,
304191,2,505.92,881.19,
304191,2,127.64,222.14,
304191,1,470.22,415.57,
304191,3,146.98,367.14,
304192,2,12.63,18.69,
304192,5,439.32,1749.06,
304192,2,36.07,59.74,
304198,7,42.44,254.84,
304198,3,175.30,462.58,
304198,3,18.43,48.75,
304198,3,300.83,816.56,
304198,8,312.80,2275.42,
304198,3,58.07,159.88,
304198,4,79.05,267.54,
304198,3,189.20,514.40,
304198,7,42.26,262.99,
304198,2,8.50,15.08,
304198,3,407.82,1081.88,
304198,4,99.26,349.34,
304198,3,287.60,753.71,
304200,4,218.33,742.00,
304200,4,48.24,171.83,
304200,4,12.80,48.13,
304200,3,118.35,342.56,
304200,7,126.32,805.00,
304200,3,43.34,117.41,
304200,3,192.70,502.49,
304200,4,16.29,59.49,
304201,5,24.67,94.55,
304201,7,126.97,724.21,
304201,6,114.81,536.80,
304201,5,8.34,32.32,
304203,2,77.17,128.53,
304203,2,187.44,321.47,
304203,5,138.73,573.96,
304208,2,7.61,11.56,
304208,3,7.92,16.47,
304208,3,35.05,82.06,
304208,2,92.74,137.34,
304208,2,128.30,217.04,
304208,4,178.46,568.18,
304213,3,25.34,68.67,
304213,7,23.04,148.71,
304213,4,399.00,1432.74,
304213,3,232.56,623.00,
304213,5,47.52,223.77,
304216,7,13.71,70.95,
304216,3,12.18,28.51,
304216,1,292.95,239.71,
304216,3,185.94,474.61,
304216,7,500.31,2866.86,
304217,5,117.17,533.03,
304217,6,390.18,2155.61,
304217,5,142.43,635.42,
304218,6,163.50,850.41,
304218,3,234.48,602.99,
304218,3,31.38,80.21,
304218,2,22.49,36.83,
304218,6,122.37,643.18,
304218,6,96.58,456.49,
304218,3,138.93,348.89,
304218,7,22.08,135.63,
304218,4,7.22,22.03,
304221,3,44.73,121.74,
304221,7,46.08,290.74,
304221,5,228.24,1041.63,
304221,6,18.43,101.57,
304221,1,34.25,28.85,
304221,4,22.39,78.95,
304221,5,12.38,55.72,
304223,3,510.00,1399.49,
304223,2,45.14,80.07,
304223,4,316.26,1145.30,
304223,4,136.88,487.45,
304223,4,138.86,491.46,
304223,7,221.52,1435.22,
304226,3,249.60,660.10,
304226,5,137.68,554.48,
304226,5,453.60,1940.58,
304226,4,184.10,622.20,
304227,3,391.86,1057.97,
304227,2,44.37,77.72,
304227,6,43.83,237.18,
304227,3,112.34,270.61,
304227,6,42.12,223.56,
304227,3,147.44,417.69,
304227,3,24.43,63.53,
304230,4,13.26,39.19,
304230,7,395.22,2159.86,
304230,4,397.74,1224.33,
304230,2,104.64,149.41,
304230,2,12.26,19.18,
304230,3,158.08,351.23,
304230,4,56.85,170.69,
304230,7,222.00,1194.63,
304230,5,118.71,445.28,
304230,5,7.57,30.75,
304230,4,22.01,69.77,
304230,5,24.07,94.94,
304230,4,17.77,57.85,
304231,6,182.34,867.91,
304231,2,301.14,453.57,
304231,3,123.68,281.83,
304231,3,46.62,105.60,
304231,4,46.31,133.18,
304231,5,104.64,349.46,
304231,6,131.08,591.12,
304231,4,431.76,1232.54,
304231,3,13.39,31.66,
304233,2,44.24,81.33,
304233,5,93.79,409.57,
304233,3,142.58,389.10,
304233,6,123.66,687.40,
304233,4,553.35,1882.53,
304233,3,168.96,460.58,
304234,4,175.65,573.57,
304234,4,164.62,547.65,
304234,6,171.07,828.13,
304234,5,86.78,349.05,
304234,4,327.29,1098.50,
304234,4,34.09,112.47,
304234,5,71.04,298.79,
304234,5,105.22,438.67,
304235,3,8.59,19.98,
304235,3,24.96,58.84,
304235,4,152.15,476.67,
304235,3,139.00,314.06,
304235,2,24.10,38.82,
304235,3,110.68,262.41,
304235,5,8.72,34.91,
304236,6,8.12,37.45,
304236,7,18.41,94.68,
304236,2,538.56,779.32,
304236,4,18.85,61.93,
304236,5,218.53,862.14,
304236,3,79.60,177.31,
304236,2,12.85,19.27,
304238,4,231.60,695.35,
304238,4,144.10,471.02,
304238,6,7.45,37.89,
304238,5,82.58,315.55,
304238,4,45.90,147.76,
304238,5,118.94,430.25,
304238,3,82.11,180.49,
304238,6,544.17,2544.36,
304238,2,114.58,176.22,
304245,3,101.76,252.10,
304245,6,102.05,512.65,
304245,6,383.46,1922.86,
304245,2,182.51,309.92,
304245,6,16.69,82.62,
304245,5,19.66,75.23,
304245,2,183.22,303.73,
304245,4,32.27,106.48,
304245,2,441.42,720.51,
304245,5,104.06,405.11,
304245,7,125.66,736.78,
304247,6,7.85,44.76,
304247,2,42.21,73.09,
304247,1,83.92,73.45,
304247,6,179.52,975.06,
304249,3,76.93,209.77,
304249,4,35.11,117.29,
304249,5,123.95,579.28,
304249,5,13.19,55.58,
304249,7,19.12,117.19,
304249,2,112.81,189.91,
304249,2,12.46,23.37,
304249,2,325.08,568.89,
304249,4,140.98,492.35,
304251,3,312.48,794.56,
304251,7,18.43,116.06,
304251,4,18.07,59.42,
304251,4,224.89,677.48,
304251,7,30.23,175.20,
304254,3,416.64,1117.16,
304254,3,18.86,46.36,
304254,1,225.30,198.92,
304254,6,154.28,755.57,
304254,1,159.14,132.83,
304254,4,23.54,79.40,
304255,2,18.11,29.71,
304255,6,8.16,41.94,
304255,5,191.47,829.06,
304255,1,41.36,36.26,
304255,4,34.78,122.65,
304255,4,66.49,217.75,
304255,5,24.19,101.24,
304255,8,343.35,2326.16,
304255,4,7.54,25.18,
304255,3,8.37,21.33,
304256,2,62.46,115.74,
304256,3,61.49,162.60,
304256,7,413.70,2524.56,
304256,3,48.06,119.04,
304256,2,17.41,31.73,
304256,4,134.90,507.47,
304256,4,476.34,1675.54,
304256,3,260.40,738.18,
304256,3,508.98,1506.07,
304258,3,84.15,215.52,
304258,3,33.89,88.07,
304258,3,72.61,189.78,
304258,4,32.04,108.43,
304258,6,183.22,926.09,
304258,5,221.04,924.59,
304258,8,85.49,602.20,
304258,2,7.78,13.89,
304258,3,82.82,215.56,
304258,4,157.62,588.16,
304258,2,476.34,847.93,
304260,3,30.03,71.35,
304260,6,391.86,1855.42,
304260,2,201.31,313.19,
304267,4,405.72,1330.24,
304267,9,536.52,3761.89,
304267,7,129.33,747.02,
304267,4,195.37,673.82,
304267,7,56.67,327.68,
304267,6,12.13,61.53,
304267,2,18.25,30.23,
304267,5,125.43,553.13,
304267,5,26.14,105.49,
304267,4,338.94,1199.83,
304268,6,13.13,69.41,
304268,4,250.32,918.42,
304268,4,519.18,1744.42,
304268,2,494.70,865.97,
304268,5,137.15,646.58,
304268,3,71.44,176.27,
304268,1,61.61,52.17,
304268,7,57.04,362.93,
304268,4,32.37,111.88,
304268,3,22.30,55.65,
304268,3,30.66,80.34,
304269,2,127.91,197.96,
304269,5,86.59,325.94,
304269,5,241.92,938.98,
304269,4,110.45,338.91,
304269,2,19.46,31.83,
304269,7,165.83,931.07,
304269,3,8.06,17.29,
304269,3,192.09,425.82,
304269,1,495.72,372.50,
304269,4,30.06,93.46,
304269,3,82.27,197.06,
304269,2,166.14,253.28,
304271,1,234.72,186.63,
304271,4,326.97,1129.58,
304271,4,475.32,1567.66,
304271,7,122.13,716.00,
304271,5,12.34,57.37,
304271,5,233.04,971.61,
304271,4,190.45,639.30,
304271,3,33.73,87.93,
304271,2,135.96,224.54,
304271,4,161.58,541.43,
304271,2,17.46,31.06,
304271,2,47.70,72.91,
304271,6,388.50,2082.11,
304271,5,187.58,756.95,
304271,5,137.02,601.87,
304272,1,97.54,88.91,
304272,2,161.58,284.18,
304272,3,217.44,564.69,
304272,5,76.15,334.01,
304272,6,13.64,72.41,
304272,2,16.49,30.63,
304273,2,35.90,60.82,
304273,2,192.09,371.86,
304273,3,152.91,430.16,
304273,2,93.22,165.63,
304273,4,25.63,90.77,
304273,3,55.02,151.14,
304273,5,378.84,1794.94,
304273,2,197.42,364.16,
304274,2,181.28,285.41,
304274,4,227.52,690.33,
304274,5,45.59,168.50,
304274,6,221.28,1104.61,
304274,5,33.89,137.42,
304274,5,118.24,430.42,
304274,8,12.39,80.60,
304274,7,86.59,459.09,
304274,4,112.34,346.67,
304274,2,200.70,317.80,
304278,8,12.23,87.91,
304278,5,318.78,1476.29,
304278,1,43.92,39.40,
304278,1,31.42,29.85,
304278,2,16.97,30.99,
304278,3,89.86,246.63,
304278,4,22.10,83.10,
304278,4,338.63,1300.49,
304278,1,134.24,122.27,
304278,3,127.51,364.58,
304278,6,93.98,533.03,
304278,5,159.14,698.32,
304278,2,157.02,290.18,
304280,4,24.00,90.91,
304280,4,243.60,868.53,
304280,6,434.70,2351.41,
304282,6,199.67,911.40,
304282,5,114.11,514.73,
304282,6,8.58,43.15,
304282,2,186.38,308.80,
304282,4,488.07,1733.07,
304282,9,157.32,1308.26,
304282,4,88.42,323.76,
304282,4,177.41,618.00,
304282,3,33.00,84.15,
304282,6,140.32,674.44,
304282,4,19.17,66.29,
304282,4,187.78,633.63,
304282,4,190.08,702.28,
304282,4,90.72,338.68,
304283,5,120.12,527.89,
304283,5,213.41,977.29,
304283,4,109.39,413.01,
304285,7,75.67,471.79,
304285,4,178.82,635.54,
304285,6,482.97,2484.00,
304285,5,330.44,1402.52,
304285,4,102.14,340.60,
304285,3,146.38,383.87,
304285,6,12.38,66.53,
304285,3,523.77,1278.13,
304289,2,12.34,18.48,
304289,5,66.31,261.49,
304289,2,118.71,193.35,
304289,5,149.87,642.17,
304289,4,446.88,1352.03,
304289,7,458.64,2408.80,
304289,9,46.26,333.95,
304289,4,13.64,42.52,
304291,3,24.00,60.91,
304291,4,197.42,654.76,
304291,4,34.98,117.90,
304291,8,390.18,2471.58,
304291,4,151.54,496.16,
304291,5,128.57,559.50,
304291,6,35.57,166.54,
304293,5,8.27,36.94,
304293,4,191.31,717.34,
304293,2,18.18,33.19,
304293,2,284.45,521.18,
304293,2,49.41,87.45,
304293,6,47.39,263.36,
304294,5,30.95,134.85,
304294,6,165.22,806.41,
304294,2,8.47,14.02,
304294,5,146.38,596.08,
304294,5,24.62,106.38,
304294,2,11.28,19.29,
304294,2,471.24,791.39,
304294,5,13.03,57.47,
304294,5,92.26,373.84,
304294,4,142.27,509.93,
304294,6,109.98,533.99,
304294,2,126.98,215.44,
304295,3,187.09,493.87,
304295,4,246.72,817.07,
304295,4,22.56,80.08,
304295,3,13.46,34.24,
304295,3,18.79,48.51,
304295,4,144.55,470.96,
304295,4,189.83,688.90,
304297,5,25.56,110.54,
304297,6,181.46,985.25,
304297,5,72.77,316.90,
304299,6,32.11,160.11,
304299,1,479.40,430.89,
304299,3,59.11,147.81,
304299,2,258.00,437.35,
304299,4,8.11,29.47,
304299,4,11.53,40.94,
304300,3,21.67,60.85,
304300,2,66.37,120.61,
304300,6,35.08,198.96,
304300,4,12.88,46.30,
304300,6,140.18,749.26,
304300,5,330.12,1407.09,
304300,5,33.26,154.52,
304300,2,138.73,263.41,
304300,2,196.19,332.89,
304300,4,222.22,843.86,
304300,5,24.34,116.54,
304300,3,41.40,114.74,
304304,6,339.89,1836.84,
304304,2,161.88,292.84,
304304,3,46.08,124.07,
304304,5,113.28,514.87,
304304,2,11.60,21.33,
304304,3,48.15,128.95,
304304,4,303.66,1096.86,
304304,6,82.19,437.96,
304304,8,41.13,301.76,
304309,11,7.62,71.13,
304309,3,116.47,298.87,
304309,4,256.08,812.37,
304309,3,138.20,359.12,
304309,4,8.26,29.92,
304309,3,12.05,32.15,
304312,5,48.38,205.65,
304312,3,86.98,209.43,
304312,2,161.39,254.89,
304312,5,63.38,273.65,
304312,5,240.48,993.60,
304312,3,428.82,1048.37,
304314,3,392.28,876.41,
304314,3,155.19,362.92,
304314,3,388.92,885.09,
304314,5,196.39,788.39,
304314,3,142.88,354.59,
304314,4,13.28,42.23,
304314,3,98.50,239.05,
304314,4,200.49,616.05,
304316,3,506.43,1315.98,
304316,4,187.09,636.73,
304316,2,522.24,901.45,
304316,5,246.72,1076.56,
304317,3,12.35,31.60,
304317,3,493.68,1213.86,
304317,4,186.76,628.49,
304317,4,44.24,144.14,
304318,5,7.73,32.24,
304318,5,111.51,473.06,
304318,4,146.38,491.59,
304318,2,184.45,327.94,
304318,3,228.24,593.65,
304318,10,21.79,185.94,
304318,2,25.66,42.41,
304318,8,18.76,123.04,
304318,4,214.02,726.63,
304318,3,7.64,19.97,
304318,5,139.66,600.96,
304322,5,291.38,1168.52,
304322,9,105.22,722.43,
304323,5,93.89,400.53,
304323,4,152.61,541.21,
304323,7,121.57,737.37,
304323,7,44.96,314.72,
304327,4,72.77,218.05,
304327,2,95.33,148.02,
304327,4,86.27,270.04,
304328,3,127.64,295.95,
304328,4,60.88,181.63,
304328,6,306.18,1519.88,
304328,4,34.45,97.88,
304328,6,56.36,280.16,
304331,8,481.95,3109.77,
304331,5,181.28,684.68,
304331,3,158.84,362.34,
304331,6,118.94,519.35,
304331,3,257.76,588.05,
304331,1,56.18,39.06,
304331,2,45.05,72.18,
304331,4,128.03,376.10,
304331,3,13.38,31.05,
304331,7,12.70,67.40,
304333,5,526.83,2160.99,
304333,7,17.93,98.85,
304333,5,330.12,1249.89,
304333,4,167.55,550.60,
304336,1,22.75,19.98,
304336,4,240.48,799.22,
304336,6,178.99,964.93,
304336,7,380.10,2353.15,
304338,4,162.10,508.34,
304338,6,542.64,2700.93,
304338,6,395.22,1959.82,
304338,4,143.09,441.40,
304338,4,223.86,760.25,
304339,4,17.14,59.85,
304339,5,22.80,97.53,
304339,5,497.25,2230.32,
304339,6,130.68,688.76,
304339,11,8.72,80.60,
304339,6,40.68,200.79,
304339,4,298.62,992.46,
304340,5,21.60,93.99,
304340,5,35.67,166.81,
304340,3,60.09,162.51,
304340,4,473.28,1795.78,
304340,2,18.31,35.76,
304340,4,310.59,1118.20,
304340,4,26.23,97.66,
304340,5,22.18,110.90,
304340,5,96.38,456.72,
304340,2,149.26,277.50,
304340,3,24.67,67.61,
304340,4,48.15,191.29,
304341,1,18.83,15.27,
304341,4,65.82,216.24,
304341,5,87.26,356.93,
304341,5,330.12,1296.36,
304341,6,13.71,66.94,
304341,3,230.40,565.77,
304341,3,241.44,522.56,
304341,1,153.06,118.66,
304341,1,260.64,218.53,
304341,4,46.44,141.52,
304341,3,218.94,508.07,
304341,4,18.67,55.02,
304341,3,510.51,1088.55,
304341,1,17.82,13.53,
304344,3,48.69,129.85,
304344,7,378.42,2260.28,
304344,4,395.22,1296.74,
304347,5,7.88,35.15,
304347,4,496.23,1754.20,
304347,6,42.17,237.26,
304347,3,80.07,213.13,
304351,7,443.10,2366.05,
304351,3,91.49,200.37,
304351,4,151.39,423.07,
304351,3,558.96,1199.51,
304351,1,212.59,152.16,
304351,2,12.31,18.71,
304351,3,17.26,39.45,
304351,1,115.99,95.81,
304351,2,140.18,196.15,
304352,6,258.24,1448.68,
304352,1,13.70,12.08,
304352,5,86.98,367.77,
304352,4,41.63,161.01,
304352,6,199.67,1072.43,
304353,3,78.50,213.14,
304353,2,22.85,41.49,
304353,6,126.06,648.93,
304353,3,385.98,974.35,
304353,3,288.54,786.57,
304353,4,546.21,1932.67,
304355,2,200.49,343.29,
304355,4,112.22,413.76,
304355,3,286.02,691.27,
304355,2,22.85,37.11,
304357,8,58.56,397.70,
304357,7,167.73,1013.53,
304358,3,531.93,1276.98,
304358,8,159.63,942.88,
304358,3,461.55,1084.20,
304358,6,325.08,1607.86,
304360,4,47.21,149.92,
304360,5,77.56,333.67,
304360,4,333.27,1114.35,
304360,2,339.57,583.43,
304360,5,60.02,243.57,
304360,6,24.05,127.41,
304361,7,12.89,65.39,
304361,3,120.71,271.99,
304361,4,146.53,465.02,
304361,4,304.92,969.81,
304362,3,98.98,246.06,
304362,1,259.92,220.10,
304362,6,24.72,124.72,
304363,6,7.61,35.93,
304363,4,228.48,780.93,
304363,6,8.40,42.96,
304363,2,510.00,850.80,
304363,2,19.06,31.18,
304363,2,542.64,916.68,
304363,3,88.80,201.63,
304366,2,123.43,199.14,
304366,4,104.83,343.93,
304366,7,44.06,241.82,
304366,8,554.37,3640.31,
304366,4,16.81,56.18,
304366,3,104.26,258.33,
304366,1,8.26,6.62,
304366,6,74.42,373.15,
304366,3,541.62,1266.69,
304366,9,314.37,2417.83,
304367,3,505.92,1243.96,
304367,3,144.70,337.64,
304367,3,55.57,118.81,
304367,5,18.77,73.57,
304367,5,79.05,317.80,
304367,2,62.10,91.87,
304367,7,186.38,1030.15,
304367,7,559.98,3159.55,
304369,4,130.42,413.19,
304369,4,530.91,1679.05,
304369,7,175.30,946.32,
304369,3,7.56,17.69,
304369,3,117.06,277.51,
304369,3,13.64,31.72,
304369,6,158.75,771.10,
304369,1,33.43,26.29,
304369,5,22.54,87.17,
304369,5,121.78,451.37,
304369,5,144.41,548.23,
304369,4,555.90,1699.31,
304371,3,13.55,27.99,
304371,3,7.39,17.31,
304371,3,96.86,200.37,
304371,4,41.67,129.29,
304371,6,7.49,34.86,
304371,5,46.53,165.39,
304371,5,8.41,30.25,
304371,7,16.51,80.61,
304371,1,75.75,57.47,
304374,4,145.92,452.65,
304374,2,127.78,206.89,
304374,4,322.88,1012.95,
304374,2,496.74,763.74,
304374,6,57.40,264.47,
304374,5,414.54,1725.73,
304374,5,12.40,52.72,
304374,2,64.60,99.47,
304374,4,83.05,273.96,
304374,3,303.03,716.00,
304374,5,141.36,528.72,
304374,7,496.74,2900.13,
304374,3,188.32,469.28,
304374,6,77.79,370.20,
304374,5,35.81,144.66,
304375,4,89.57,286.10,
304375,4,97.73,357.77,
304375,4,158.99,534.15,
304375,3,147.59,385.68,
304380,2,114.11,180.43,
304380,3,172.30,415.07,
304380,3,452.34,1073.40,
304380,2,97.92,159.81,
304380,7,82.11,459.25,
304382,7,120.60,670.30,
304382,4,399.00,1220.16,
304382,5,46.98,179.24,
304382,5,22.22,86.52,
304384,3,44.51,124.53,
304384,4,8.71,29.52,
304384,3,19.66,51.84,
304384,2,85.02,143.35,
304384,3,336.74,893.97,
304384,4,491.64,1610.89,
304384,3,59.60,154.05,
304384,4,12.21,41.90,
304384,2,12.01,21.16,
304384,4,7.83,27.01,
304384,4,200.70,671.71,
304385,5,25.39,96.61,
304385,4,310.91,913.20,
304385,3,510.51,1152.24,
304385,5,249.84,927.91,
304385,2,79.13,117.30,
304385,4,8.74,23.52,
304385,4,100.70,282.71,
304385,3,58.13,133.89,
304385,4,91.78,276.85,
304386,2,110.21,172.45,
304386,6,321.93,1552.32,
304386,1,30.36,23.37,
304386,7,43.07,231.53,
304386,6,26.40,120.27,
304386,2,126.72,199.41,
304386,9,503.88,3409.10,
304386,4,46.89,144.78,
304386,4,434.70,1238.12,
304386,5,11.34,45.94,
304387,4,31.02,119.80,
304387,2,8.11,14.35,
304387,4,256.08,911.73,
304387,2,300.20,507.75,
304387,5,80.31,371.70,
304387,2,25.30,46.23,
304387,6,490.62,2663.82,
304387,5,11.83,55.01,
304387,3,16.31,44.74,
304387,4,249.84,829.30,
304387,6,430.08,2331.71,
304387,2,121.31,208.89,
304388,4,94.08,290.62,
304388,5,16.97,69.48,
304388,5,7.96,33.61,
304388,2,228.00,360.87,
304388,7,478.38,2665.91,
304390,2,457.38,797.97,
304390,4,138.07,493.63,
304390,6,81.56,391.69,
304390,3,72.69,196.48,
304390,2,161.22,292.74,
304390,6,78.26,420.45,
304390,4,483.99,1783.47,
304391,3,8.03,18.01,
304391,5,163.70,665.35,
304391,7,149.72,815.69,
304392,4,224.88,818.73,
304392,2,427.98,721.43,
304392,9,16.61,128.42,
9304392,-2,427.98,-721.43,
304393,2,415.38,645.77,
304393,6,32.41,165.85,
304393,1,13.11,10.79,
304393,9,24.34,171.80,
304393,5,255.84,1016.85,
304393,7,7.30,41.42,
304393,2,398.16,639.35,
304394,4,215.05,702.90,
304394,3,12.01,27.46,
304394,5,84.07,352.05,
304394,6,514.08,2552.29,
304394,5,12.04,45.96,
304394,5,110.33,441.33,
304396,2,124.48,211.91,
304396,5,191.49,801.10,
304396,3,47.88,114.98,
304396,4,48.83,157.76,
304396,2,191.88,319.88,
304396,5,30.92,119.70,
304396,5,32.41,138.66,
304397,7,11.43,54.63,
304397,4,316.58,891.45,
304397,4,531.93,1524.67,
304397,4,226.08,642.92,
304398,3,12.74,32.44,
304398,6,232.08,1241.68,
304398,3,481.44,1246.59,
304398,4,258.00,826.04,
304398,3,235.92,596.74,
304398,2,79.76,141.37,
304398,3,136.80,352.93,
304399,5,8.22,32.81,
304399,3,259.92,610.03,
304399,1,22.22,17.38,
304399,5,29.83,113.83,
304399,3,381.78,969.84,
304399,7,44.73,262.16,
304399,2,344.61,530.14,
304399,5,7.52,30.54,
304399,5,220.08,849.12,
304399,4,31.19,96.95,
304399,2,18.58,31.61,
304399,5,62.65,259.81,
304400,5,319.41,1205.01,
304400,3,121.19,284.71,
304400,5,8.15,30.45,
304401,4,24.26,84.79,
304401,8,298.62,2089.74,
304405,4,154.13,457.70,
304405,7,141.37,792.00,
304405,3,43.79,94.28,
304405,3,166.14,387.85,
304405,1,26.28,20.34,
304405,3,500.31,1111.84,
304408,1,88.90,66.10,
304408,4,86.19,255.57,
304408,5,19.10,75.20,
304408,3,17.73,36.42,
304408,3,35.90,80.24,
304408,5,87.94,328.21,
304408,6,19.39,89.53,
304408,5,97.15,356.32,
304408,3,19.19,44.17,
304408,4,18.45,53.36,
304408,6,217.71,1020.74,
304410,5,499.80,2096.39,
304410,4,319.41,1075.93,
304410,5,251.76,1034.88,
304410,2,23.42,39.45,
304410,1,317.84,292.41,
304410,8,93.60,604.65,
304410,3,110.92,296.03,
304410,5,227.28,956.02,
304410,2,164.91,283.54,
304411,4,448.56,1454.72,
304411,4,110.57,365.15,
304411,2,161.27,265.40,
304411,6,43.25,201.63,
304411,2,224.27,375.14,
304411,2,437.22,721.04,
304413,6,127.25,660.22,
304413,5,12.15,51.87,
304413,3,202.54,533.20,
304413,7,17.21,107.17,
304413,4,503.88,1790.34,
9304413,-3,202.54,-533.2,
304418,2,55.75,93.36,
304418,3,12.76,32.51,
304418,7,8.45,48.24,
304418,4,488.58,1529.38,
9304418,-3,12.76,-32.51,
9304418,-7,8.45,-48.24,
304427,3,7.96,19.76,
304427,3,387.24,960.07,
304427,4,112.10,413.11,
304427,9,26.21,201.62,
304427,3,119.86,336.82,
304427,3,257.28,668.14,
304427,6,135.83,726.80,
304430,5,235.68,1004.14,
304430,3,87.26,229.96,
304430,2,115.05,209.20,
304430,3,164.01,421.61,
304431,4,248.40,819.34,
304431,3,76.69,188.29,
304431,4,41.40,131.74,
304431,6,142.42,641.24,
304431,3,7.41,16.20,
304431,4,153.22,474.32,
304433,5,467.67,2063.90,
304433,2,433.44,697.82,
304433,3,8.68,21.91,
304433,4,64.23,201.87,
304434,8,111.27,625.17,
304434,2,336.11,547.51,
304434,5,7.48,27.57,
304434,4,434.70,1421.60,
304434,3,26.09,63.70,
304434,5,178.99,647.79,
304434,6,63.38,309.49,
304434,8,224.48,1382.76,
304434,4,326.34,887.54,
304434,5,17.68,73.45,
304437,4,93.12,273.47,
304437,2,149.11,207.82,
304437,4,334.85,977.22,
304437,3,89.47,195.76,
304437,5,461.04,1635.03,
304437,4,128.17,373.39,
304438,2,140.84,218.78,
304438,3,252.48,589.72,
304438,2,32.24,50.86,
304438,4,104.35,334.61,
304441,5,7.70,34.37,
304441,5,171.95,705.28,
304441,4,114.81,378.51,
304441,4,32.08,111.80,
304441,8,242.16,1483.36,
304441,4,56.12,194.18,
304441,6,213.41,1089.97,
304441,4,421.26,1469.13,
304442,6,18.41,83.61,
304442,4,391.02,1208.86,
304442,5,34.55,129.23,
304442,6,11.71,53.22,
304442,3,229.68,475.60,
304444,6,34.88,168.62,
304444,3,215.25,482.61,
304444,3,98.40,233.31,
304444,2,7.42,11.99,
304444,2,286.34,464.88,
304444,4,8.12,26.14,
304444,3,383.46,941.30,
304444,5,32.11,128.05,
304444,6,199.88,967.97,
304444,4,19.08,57.76,
304444,3,35.08,80.55,
304444,5,49.41,195.44,
304445,6,95.52,567.78,
304445,3,108.68,283.47,
304445,3,128.70,338.36,
304445,4,136.36,476.94,
304445,2,44.78,86.23,
304445,5,159.45,706.35,
304446,5,124.08,556.64,
304446,3,8.30,22.96,
304446,5,118.24,529.80,
304446,5,340.83,1496.94,
304446,5,34.22,158.91,
304446,1,18.22,16.86,
304447,7,148.35,856.01,
304447,6,297.05,1409.12,
304447,3,206.64,412.68,
304447,5,159.45,683.97,
304447,7,87.17,496.98,
304447,3,205.41,498.30,
304449,5,184.80,703.46,
304449,4,239.04,735.61,
304449,3,42.71,101.47,
304449,5,71.36,274.35,
304451,2,172.48,295.88,
304451,3,476.34,1238.00,
304451,4,339.57,1160.20,
304451,3,301.77,775.62,
304451,5,17.10,78.05,
304452,4,288.23,1008.70,
304452,4,340.83,1131.47,
304452,5,173.54,731.53,
304452,1,406.56,323.48,
304452,7,229.92,1372.40,
304452,4,473.28,1581.54,
304452,3,16.47,41.03,
304452,4,174.24,624.47,
304452,7,31.05,182.54,
304453,5,136.49,583.09,
304453,4,7.55,28.87,
304453,6,22.58,129.68,
304453,7,212.38,1383.98,
304453,4,499.29,1880.00,
304453,7,33.10,210.09,
304453,7,16.67,115.08,
304453,5,18.74,86.96,
304453,4,16.38,60.50,
304454,6,103.68,546.59,
304454,4,338.94,1253.97,
304454,5,298.94,1354.01,
304454,4,18.23,60.59,
304454,6,401.52,2072.39,
304454,4,71.12,260.69,
304456,1,459.90,402.06,
304456,4,43.29,154.29,
304456,4,341.46,1228.11,
304456,3,124.34,346.36,
304456,2,7.55,14.70,
304456,5,553.35,2572.69,
304456,7,464.61,3114.51,
304456,7,122.48,794.38,
304456,3,123.07,336.67,
304460,4,447.72,1594.14,
304460,2,522.75,879.37,
304460,5,56.18,248.02,
304460,4,23.42,79.91,
304460,5,63.99,290.07,
304460,3,135.83,343.58,
304460,5,219.15,955.79,
304461,8,497.25,3077.69,
304461,5,81.80,310.43,
304461,3,8.55,18.91,
304461,1,63.99,49.77,
304461,4,117.17,342.37,
304461,3,164.91,398.96,
304461,4,8.42,25.23,
304461,2,49.10,80.70,
304463,5,166.14,688.66,
304463,3,222.24,603.24,
304463,4,93.50,329.43,
304464,2,7.78,11.78,
304464,4,531.93,1646.27,
304464,5,114.34,456.46,
304464,6,524.28,2401.06,
304464,11,135.83,1187.03,
304465,4,152.15,482.33,
304465,3,343.04,729.74,
304465,5,59.66,244.18,
304467,5,108.21,482.14,
304467,2,7.57,14.36,
304467,7,202.34,1347.73,
304467,5,328.23,1472.55,
304467,3,155.34,410.51,
304468,9,220.08,1702.47,
304468,3,147.74,351.91,
304468,5,318.15,1278.78,
304468,4,7.94,26.57,
304468,3,199.67,511.84,
304468,3,55.02,146.22,
304468,3,42.89,111.60,
304469,3,216.48,596.98,
304469,6,64.48,338.36,
304469,2,87.84,167.41,
304469,3,11.51,32.07,
304469,6,8.54,49.07,
304469,2,111.86,212.62,
304469,2,36.27,66.54,
304469,3,137.10,370.76,
304469,6,284.76,1565.01,
304469,4,90.43,359.73,
304469,4,12.80,46.75,
304471,4,66.98,226.70,
304471,4,7.37,23.23,
304471,3,404.04,1009.03,
304471,4,129.56,434.63,
304474,4,17.71,53.60,
304474,2,60.33,90.80,
304474,5,137.02,516.86,
304474,6,454.44,2026.98,
304474,3,22.42,49.19,
304474,4,17.75,56.28,
304474,7,132.00,719.31,
304474,3,99.94,238.80,
304474,4,164.16,488.22,
304475,3,34.19,78.57,
304475,5,46.71,186.04,
304475,3,60.15,138.23,
304475,2,217.92,314.36,
304475,7,555.90,2847.21,
304475,6,294.84,1282.12,
304475,6,413.28,1774.63,
304478,8,403.20,2820.13,
304478,3,330.44,733.38,
304478,2,464.61,786.02,
304478,5,228.00,980.44,
304478,4,89.28,316.97,
304478,1,297.05,242.20,
304478,4,505.92,1854.49,
304480,2,208.08,384.85,
304480,3,72.38,198.16,
304480,4,35.67,130.34,
304480,4,135.43,501.09,
304480,6,309.02,1608.39,
304480,5,85.80,405.78,
304480,4,16.43,57.73,
304481,2,238.32,412.49,
304481,2,384.72,656.13,
304481,3,31.71,79.43,
304481,4,129.36,450.59,
304481,3,19.21,48.19,
304481,4,423.36,1638.42,
304481,7,160.86,935.32,
304482,3,172.30,443.61,
304482,1,48.15,39.71,
304482,2,398.58,643.85,
304482,3,63.01,154.74,
304483,2,31.25,52.84,
304483,5,165.68,694.71,
304483,4,18.90,69.49,
304483,4,24.50,85.14,
304483,4,145.31,491.04,
304483,4,138.73,481.74,
304484,5,88.42,378.04,
304484,4,41.27,147.10,
304484,4,187.17,660.86,
304484,5,25.30,111.48,
304485,2,502.86,855.63,
304485,2,326.03,543.98,
304485,4,193.32,666.69,
304485,2,43.61,71.94,
304487,6,90.62,428.70,
304487,9,395.22,2847.89,
304487,4,120.71,379.13,
304492,8,98.78,660.06,
304492,8,115.05,797.25,
304492,4,143.64,443.85,
304492,1,56.61,46.96,
304492,5,109.50,449.34,
304492,6,7.54,40.57,
304492,4,141.37,463.66,
304492,3,93.12,228.37,
304492,2,144.94,238.35,
304493,5,7.27,27.62,
304493,3,13.40,30.55,
304493,4,288.86,926.30,
304493,3,118.83,286.39,
304493,1,163.25,130.66,
304493,4,149.42,462.00,
304493,4,298.62,1000.89,
304495,5,228.48,938.44,
304495,6,380.52,1929.68,
304495,5,543.66,2380.57,
304495,5,414.54,1790.18,
304495,4,175.12,616.27,
304495,6,391.02,2118.97,
304495,5,125.93,593.48,
304496,5,73.24,347.62,
304496,3,141.50,384.38,
304496,4,65.39,243.01,
304496,2,141.06,252.00,
304496,3,19.57,49.84,
304496,3,86.69,239.62,
304496,4,385.14,1416.93,
304496,5,165.68,760.25,
304496,5,35.67,164.57,
304496,4,114.93,419.47,
304497,4,71.28,250.16,
304497,5,127.32,567.19,
304497,6,11.50,59.35,
304497,3,22.39,58.75,
304497,3,178.99,487.92,
304497,2,293.90,512.85,
304498,6,182.34,980.05,
304498,6,298.31,1789.86,
304499,2,120.60,194.80,
304499,3,166.14,352.99,
304499,3,55.69,132.69,
304499,4,11.98,35.96,
304499,8,59.90,375.35,
304502,5,551.31,2276.08,
304502,5,490.62,2067.11,
304502,4,71.75,261.30,
304502,4,141.24,507.96,
304502,5,121.04,511.20,
304502,7,191.49,1118.85,
304504,5,61.12,239.29,
304504,4,256.80,811.85,
304504,5,396.06,1505.14,
304504,3,183.57,410.28,
304504,2,192.02,303.89,
304505,2,71.12,119.68,
304505,5,18.88,77.87,
304505,2,186.91,325.43,
304505,1,81.80,69.12,
304505,4,107.62,362.31,
304505,2,165.07,274.08,
304505,6,503.88,2578.41,
304505,6,95.23,491.82,
304505,2,344.61,540.01,
304505,2,19.39,27.36,
304507,2,144.28,243.65,
304507,4,126.46,415.43,
304507,5,494.19,2134.36,
304507,5,18.68,82.14,
304507,4,128.96,433.38,
304507,2,215.25,354.23,
304507,4,129.62,453.74,
304507,3,40.73,105.49,
304507,2,156.71,288.40,
304509,3,119.30,275.49,
304509,4,461.04,1573.51,
304509,4,45.50,148.42,
304509,7,40.95,232.57,
304509,2,114.70,188.73,
304510,8,12.18,80.16,
304510,6,494.19,2456.64,
304510,7,23.21,155.40,
304510,3,16.31,40.96,
304510,5,78.50,331.42,
304510,5,256.32,1175.34,
304510,7,43.70,245.96,
304513,3,112.10,295.00,
304513,6,17.91,93.50,
304513,4,136.09,464.61,
304513,1,86.11,68.88,
304513,7,13.16,79.19,
304513,7,72.77,454.13,
304513,3,7.46,17.62,
304513,4,200.90,697.27,
304513,3,317.52,775.04,
304513,2,121.07,204.05,
304514,1,34.16,27.86,
304514,3,7.49,17.58,
304514,6,544.68,2681.47,
304514,4,89.76,269.43,
304514,4,98.59,289.36,
304514,5,43.07,170.25,
304514,3,433.86,996.98,
304514,2,31.55,49.44,
304514,5,66.86,251.36,
304516,2,446.88,763.52,
304516,9,120.71,1024.97,
304516,4,77.48,267.83,
304516,1,16.70,13.87,
304518,4,191.06,593.24,
304518,3,168.78,436.72,
304518,2,104.06,163.46,
304518,3,143.75,353.77,
304518,1,71.98,56.68,
304518,6,8.32,41.71,
304518,6,41.31,202.25,
304518,4,449.40,1377.10,
304518,5,54.96,229.43,
304518,8,22.73,160.48,
304518,3,121.66,306.72,
304519,6,159.45,765.02,
304519,7,324.45,1823.82,
304520,3,61.12,157.83,
304520,2,22.01,38.46,
304520,3,303.35,673.98,
304520,3,323.19,858.77,
304520,2,119.20,195.53,
304520,2,23.23,35.04,
304520,2,462.00,774.16,
304520,2,129.45,209.54,
304522,2,31.71,51.35,
304522,1,129.23,97.43,
304522,1,214.43,164.14,
304522,4,249.60,858.48,
304523,2,187.78,348.20,
304523,5,219.60,1017.50,
304523,5,189.55,811.24,
304523,2,186.21,326.61,
304523,4,25.08,87.20,
304523,2,66.98,112.52,
304523,3,514.59,1296.89,
304523,5,40.91,163.60,
304523,6,34.55,179.31,
304523,6,24.70,138.36,
304523,2,223.04,375.66,
304523,2,84.00,140.58,
304524,6,24.36,129.80,
304524,5,32.60,142.27,
304524,4,226.80,766.07,
304524,3,116.11,284.16,
304524,5,8.16,34.23,
304524,4,34.12,115.05,
304525,7,98.88,557.11,
304525,3,25.92,56.57,
304525,4,192.72,637.93,
304525,6,21.70,105.30,
304528,6,193.32,828.73,
304528,5,322.56,1204.94,
304528,6,22.66,103.46,
304528,5,12.09,49.67,
304529,7,12.38,70.16,
304529,4,241.68,830.35,
304529,4,71.75,244.48,
304529,5,114.34,506.71,
304529,5,423.36,1845.54,
304529,4,46.08,165.78,
304529,5,57.40,233.81,
304529,5,456.12,2099.16,
304529,2,342.09,599.54,
304529,4,231.36,801.92,
304530,5,83.05,350.89,
304530,3,71.20,188.15,
304530,4,164.03,594.75,
304530,3,203.98,504.23,
304530,4,144.25,500.79,
304530,5,222.96,1003.18,
304530,3,412.02,1012.31,
304530,5,410.34,1830.26,
304530,3,114.34,304.00,
304533,3,11.44,31.74,
304533,3,194.96,526.76,
304533,6,416.64,2040.13,
304533,4,459.06,1642.40,
304533,8,55.39,384.13,
304533,6,7.54,39.38,
304533,7,113.16,733.36,
304533,3,113.40,311.98,
304533,3,196.80,504.24,
304538,1,47.43,36.34,
304538,7,25.78,143.64,
304538,4,182.51,549.82,
304538,6,308.39,1412.01,
304538,2,232.32,350.21,
304538,5,390.18,1547.73,
304538,4,64.42,207.11,
304538,9,44.55,306.67,
304538,6,23.93,113.33,
304538,5,412.44,1511.24,
304538,3,105.31,251.40,
304538,5,219.15,828.11,
304539,2,32.18,46.83,
304539,5,34.02,137.56,
304539,5,148.35,537.44,
304539,6,160.34,822.06,
304539,5,44.78,175.26,
304540,3,125.53,336.39,
304540,3,117.29,306.17,
304540,7,32.64,193.79,
304540,5,43.43,192.33,
304540,6,140.98,749.64,
304540,6,313.43,1523.77,
304540,6,25.63,124.61,
304540,6,45.90,236.46,
304540,3,235.44,612.83,
304542,2,176.53,288.86,
304542,5,8.42,35.42,
304542,2,8.50,14.57,
304542,3,204.39,514.62,
304545,3,213.82,490.65,
304545,4,247.20,748.12,
304546,4,84.39,254.46,
304546,4,205.62,677.88,
304546,4,74.97,239.34,
304546,3,88.80,207.37,
304546,2,499.80,779.12,
304546,4,8.40,25.30,
304547,4,128.44,402.80,
304547,4,560.49,1623.82,
304547,4,66.49,198.73,
304547,4,78.81,235.02,
304547,3,18.38,40.47,
304549,7,298.94,1657.48,
304549,2,234.72,375.50,
304551,3,58.56,144.33,
304551,4,173.01,540.14,
304551,3,305.55,728.87,
304551,7,94.18,529.01,
304551,5,18.40,74.74,
304551,7,26.35,144.85,
304551,3,203.77,471.82,
304551,4,100.13,311.44,
304551,3,516.63,1186.51,
304552,6,97.63,504.64,
304552,4,41.81,146.66,
304552,2,12.40,22.55,
304552,8,98.02,660.18,
304552,5,127.56,593.15,
304552,8,32.84,223.31,
304552,5,227.28,980.32,
304552,3,551.31,1468.31,
304552,3,458.64,1203.35,
304552,5,186.76,813.06,
304552,2,13.60,23.96,
304552,5,161.58,704.10,
304553,3,13.64,31.37,
304553,4,169.84,554.20,
304553,1,55.27,43.03,
304553,3,111.86,272.13,
304553,3,201.11,491.65,
304553,5,7.56,30.42,
304553,5,48.33,180.54,
304553,8,491.64,3101.74,
304553,2,7.27,10.88,
304553,3,44.91,104.20,
304553,1,41.13,34.25,
304555,4,170.02,536.18,
304555,6,181.81,825.25,
304555,9,12.84,83.70,
304555,4,336.42,989.71,
304555,6,57.65,248.81,
304555,5,165.26,625.51,
304555,3,190.24,448.14,
304555,4,13.46,40.31,
304555,5,64.11,246.62,
304555,3,12.08,26.89,
304556,2,115.64,166.52,
304556,3,58.32,129.72,
304556,3,130.94,318.06,
304556,3,308.70,713.77,
304556,5,96.48,369.51,
304556,4,62.77,192.50,
304556,4,555.90,1647.47,
304557,4,24.53,92.41,
304557,2,18.94,30.59,
304557,4,549.78,1799.83,
304557,5,204.80,844.33,
304557,2,30.43,50.92,
304558,4,190.61,683.76,
304558,6,7.54,39.37,
304558,6,312.48,1616.54,
304558,4,8.33,27.72,
304558,4,217.10,723.33,
304558,3,222.24,563.91,
304558,6,311.85,1712.51,
304559,4,7.88,24.62,
304559,6,47.07,244.83,
304559,5,140.14,546.87,
304559,4,195.16,681.06,
304559,5,195.98,837.37,
304559,3,124.25,285.53,
304561,4,111.98,321.87,
304561,4,462.06,1418.19,
304561,2,394.38,611.59,
304561,2,163.68,252.69,
304561,3,383.88,879.83,
304561,3,164.62,350.83,
304562,4,124.74,376.85,
304562,2,255.60,362.73,
304562,3,161.04,345.90,
304562,2,102.72,145.51,
304562,4,127.20,360.39,
304562,4,64.23,204.21,
304562,3,24.29,56.24,
304563,8,182.16,1242.67,
304563,3,7.38,20.34,
304563,6,134.11,702.61,
304563,4,16.49,59.54,
304563,2,123.42,227.03,
304563,4,12.30,44.19,
304563,7,110.33,669.17,
304564,4,180.75,598.52,
304564,5,13.46,51.17,
304564,5,17.17,61.76,
304564,6,22.13,108.67,
304564,4,23.78,78.11,
304564,4,19.62,61.10,
304564,6,459.90,2231.06,
304564,3,64.66,155.55,
304564,4,436.38,1387.25,
304565,7,128.30,756.77,
304565,1,81.25,67.50,
304565,4,30.89,107.52,
304565,4,160.97,537.94,
304565,7,380.94,2123.45,
304565,4,19.24,65.16,
304565,4,74.73,253.38,
304565,4,164.03,539.40,
304565,5,174.06,753.95,
304568,5,141.66,628.05,
304568,3,35.21,89.27,
304568,4,24.67,80.27,
304568,4,194.55,628.51,
304568,5,7.22,30.80,
304568,2,164.56,278.45,
304570,6,202.54,1105.97,
304570,3,160.36,426.46,
304570,4,162.62,575.46,
304570,3,76.93,215.05,
304570,6,7.26,39.14,
304571,6,558.45,2658.53,
304571,10,71.83,589.04,
304571,7,56.18,328.39,
304572,2,203.36,306.34,
304572,7,19.10,98.97,
304572,3,83.52,185.47,
304572,2,91.97,147.63,
304574,3,309.33,774.16,
304574,4,106.79,355.36,
304574,5,139.39,523.18,
304574,6,47.84,273.14,
304574,4,502.86,1670.89,
304577,5,453.60,1920.06,
304577,4,108.91,370.81,
304577,2,21.91,38.12,
304577,5,120.60,477.86,
304577,2,199.26,321.00,
304577,1,143.49,118.09,
304577,10,49.41,419.91,
304577,4,23.02,79.15,
304577,3,23.66,59.23,
304577,3,129.68,315.70,
304577,4,163.10,545.49,
304577,2,385.98,651.71,
304577,2,48.42,84.20,
304578,3,204.80,437.56,
304578,6,127.20,590.72,
304578,2,17.32,26.32,
304578,3,43.88,100.20,
304578,5,286.97,1091.09,
304578,4,58.01,174.46,
304579,4,165.62,527.12,
304579,4,240.72,786.09,
304579,6,100.70,454.84,
304579,8,213.20,1316.70,
304579,5,89.95,373.51,
304579,3,109.39,258.19,
304579,1,180.75,132.32,
304582,6,25.25,112.94,
304582,5,59.54,231.25,
304582,3,18.40,40.58,
304582,3,310.91,653.26,
304582,8,425.46,2772.69,
304582,6,312.17,1362.76,
304582,3,214.84,521.60,
304582,3,532.44,1197.06,
304588,5,333.90,1503.67,
304588,5,202.75,867.72,
304588,5,57.22,237.46,
304588,4,78.26,287.54,
304588,8,16.70,115.56,
304588,6,23.59,118.95,
304588,1,45.05,40.63,
304588,6,418.32,2208.97,
304589,2,19.08,34.35,
304589,4,44.96,173.94,
304589,3,285.39,835.47,
304589,1,160.69,141.53,
304589,5,400.68,1865.21,
304591,9,177.06,1303.67,
304591,4,220.80,688.55,
304591,3,195.57,445.70,
304593,4,34.95,115.49,
304593,5,74.26,289.63,
304593,3,498.27,1258.07,
304593,6,498.27,2339.70,
304593,3,55.21,142.64,
304593,3,8.00,20.23,
304593,4,200.08,681.50,
304593,3,18.43,45.87,
304594,3,183.57,459.79,
304594,7,115.05,673.37,
304594,4,122.01,436.83,
304594,3,142.73,385.26,
304594,3,90.91,249.53,
304597,6,555.90,2907.92,
304597,4,25.58,88.36,
304597,5,83.05,361.30,
304597,4,164.38,573.24,
304597,3,23.35,60.35,
304597,2,206.85,370.67,
304597,2,191.84,318.82,
304597,7,177.23,1138.99,
304597,5,30.33,141.87,
304600,3,326.34,727.29,
304600,5,186.96,725.65,
304600,2,8.18,12.58,
304600,2,528.87,822.15,
304600,2,166.14,262.67,
304600,4,224.40,682.72,
304600,4,428.82,1232.61,
304600,5,33.59,127.35,
304600,3,123.66,275.63,
304600,3,18.32,42.12,
304600,4,17.39,53.49,
304600,3,223.45,524.30,
304600,3,7.61,16.76,
304608,11,147.44,1263.64,
304608,5,12.70,49.20,
304609,4,43.43,129.46,
304609,4,32.67,105.08,
304609,4,222.96,684.92,
304609,3,138.86,299.77,
304609,4,253.20,846.86,
304610,4,13.64,46.75,
304610,3,173.71,424.49,
304610,2,102.14,169.58,
304610,11,158.58,1555.21,
304610,3,140.58,357.12,
304610,3,31.61,87.27,
304610,4,430.08,1481.82,
304612,2,323.82,582.24,
304612,3,62.40,184.06,
304612,4,165.79,631.31,
304612,3,204.18,575.73,
304612,5,12.14,55.05,
304612,4,7.27,27.42,
304612,5,44.33,203.41,
304612,1,201.93,193.57,
304612,1,185.12,172.61,
304612,4,185.86,705.11,
304612,6,41.76,216.61,
304612,1,7.89,6.92,
304612,8,148.05,1034.76,
304612,8,21.91,160.14,
304612,2,17.35,32.47,
304613,3,224.88,530.62,
304613,6,115.17,546.97,
304614,4,109.03,357.23,
304614,5,16.33,65.95,
304614,3,164.01,401.10,
304614,4,249.84,741.98,
304614,1,115.88,85.58,
304614,3,185.33,433.52,
304614,5,41.99,155.92,
304614,3,527.85,1332.30,
304614,7,13.06,70.84,
304614,9,7.58,54.61,
304614,5,145.31,572.40,
304615,6,11.55,56.30,
304615,4,152.15,540.19,
304615,5,170.37,707.73,
304615,5,109.74,491.21,
304615,3,126.26,297.89,
304615,6,35.34,190.21,
304615,5,213.82,911.62,
304615,6,47.93,268.17,
304615,5,140.98,600.72,
304616,6,338.31,1592.38,
304616,4,504.39,1699.66,
304616,2,117.29,199.59,
304616,6,126.32,599.97,
304616,8,262.32,1671.52,
304616,4,70.73,234.52,
304617,7,461.04,2680.89,
304617,3,46.26,118.79,
304617,5,141.06,612.29,
304617,5,25.01,104.07,
304617,4,449.82,1544.31,
304617,3,219.76,621.73,
304618,1,192.50,159.80,
304618,2,286.34,474.97,
304618,3,172.13,442.68,
304618,3,23.18,61.39,
304620,2,550.80,855.00,
304620,6,22.44,112.31,
304620,3,18.68,44.57,
304620,4,201.52,685.69,
304620,2,101.76,164.68,
304621,2,17.35,29.63,
304621,4,44.37,157.57,
304621,3,139.13,370.70,
304622,3,247.92,503.67,
304622,4,180.22,602.00,
304622,3,40.59,97.40,
304622,1,63.56,48.48,
304622,4,111.51,344.72,
304624,5,77.24,351.26,
304624,3,394.38,1128.25,
304624,3,412.02,1004.57,
304624,8,259.68,1912.76,
304624,2,24.02,40.80,
304624,2,8.43,15.24,
304624,1,19.46,18.08,
304627,2,58.74,98.14,
304627,3,100.42,249.59,
304627,4,148.20,538.05,
304627,4,483.99,1709.72,
304627,3,60.51,156.03,
304627,5,21.67,94.10,
304627,7,189.90,1104.80,
304627,4,241.92,827.36,
304627,1,12.45,10.72,
304627,6,16.36,93.01,
304627,2,8.22,13.53,
304632,5,82.74,305.38,
304632,5,472.26,1738.18,
304632,7,99.17,511.15,
304632,4,11.69,34.63,
304632,2,104.83,163.91,
304632,6,326.97,1424.26,
304632,4,8.76,27.06,
304632,3,547.23,1251.02,
304632,7,161.39,830.16,
304632,4,33.92,100.23,
304632,1,450.66,344.85,
304632,5,49.37,176.64,
304632,5,12.50,49.30,
304632,3,183.39,414.86,
304632,9,143.22,976.33,
304634,3,11.84,31.68,
304634,6,163.50,833.83,
304635,4,179.17,683.37,
304635,2,435.96,806.82,
304635,6,165.22,887.02,
304635,6,201.31,1117.01,
304635,4,231.84,805.02,
304635,6,125.91,686.62,
304636,1,162.10,127.10,
304636,3,17.60,40.06,
304636,6,7.94,35.99,
304636,4,160.34,497.38,
304636,3,202.54,505.60,
304636,2,144.14,227.32,
304638,6,58.50,287.06,
304638,6,11.88,54.97,
304639,2,416.22,618.62,
304639,2,41.76,63.02,
304639,1,297.68,230.80,
304639,7,197.01,1158.17,
304639,3,16.74,40.33,
304640,2,251.28,414.75,
304640,6,228.96,1164.11,
304640,2,11.88,21.86,
304640,3,49.10,127.96,
304640,2,255.36,425.83,
304640,3,473.28,1155.91,
304640,5,18.65,74.30,
304640,5,107.14,464.12,
304640,4,491.64,1715.72,
304640,2,42.03,75.80,
304640,7,146.68,865.57,
304644,1,12.64,11.44,
304644,2,19.75,36.33,
304645,4,204.18,703.65,
304645,5,168.43,700.80,
304645,6,161.74,874.30,
304645,5,302.72,1356.40,
304645,5,41.04,162.99,
304645,3,57.71,141.07,
304654,5,120.38,557.63,
304654,3,217.92,621.38,
304654,5,254.16,1220.04,
304654,6,84.31,482.08,
304654,6,160.51,871.01,
304654,8,120.12,882.26,
304654,3,49.50,141.23,
304654,2,16.88,30.25,
304655,5,74.18,284.54,
304655,2,16.92,25.97,
304655,4,25.10,71.93,
304655,7,123.02,628.11,
304655,8,16.76,107.49,
304657,3,155.04,357.58,
304657,4,507.96,1542.98,
304657,6,165.68,736.75,
304657,5,33.99,128.84,
304657,2,149.87,216.60,
304657,3,95.33,220.58,
304658,4,110.21,351.90,
304658,5,225.84,989.46,
304658,3,547.74,1390.88,
304658,3,301.14,783.13,
304658,1,459.90,391.49,
304658,9,45.36,351.38,
304659,3,26.33,69.56,
304659,2,12.78,23.48,
304659,5,188.40,853.70,
304659,4,74.18,270.03,
304659,3,96.19,255.10,
304662,4,475.83,1789.19,
304662,3,60.94,167.60,
304662,4,62.83,229.18,
304662,7,49.14,316.06,
304667,2,36.07,65.26,
304667,2,238.32,422.34,
304670,1,231.36,183.18,
304670,3,122.36,273.45,
304670,1,443.10,353.99,
304670,11,122.48,1004.57,
304671,4,296.10,919.17,
304671,6,56.30,254.90,
304671,4,557.94,1781.21,
304671,5,18.52,75.50,
304672,3,22.58,61.22,
304672,3,552.84,1514.11,
304672,4,135.96,510.97,
304672,5,19.28,84.06,
304672,3,165.22,460.66,
304672,2,98.59,179.62,
304672,3,241.20,647.32,
304672,5,188.60,871.51,
304672,3,127.09,351.34,
304672,5,94.66,392.33,
304673,5,120.12,573.36,
304673,8,109.62,812.17,
304673,5,456.96,2046.79,
304674,4,48.65,160.33,
304674,3,555.39,1366.75,
304674,2,83.76,141.22,
304674,1,7.98,6.76,
304675,2,158.84,265.32,
304675,4,98.11,345.06,
304675,5,97.15,440.36,
304675,6,96.58,498.91,
304675,5,25.94,108.22,
304675,4,60.15,212.80,
304677,2,75.75,142.48,
304677,4,225.09,863.91,
304677,3,138.93,373.94,
304677,3,26.16,70.88,
304677,2,96.77,180.43,
304677,3,203.57,560.93,
304678,6,16.60,74.92,
304678,8,30.00,183.63,
304678,6,325.71,1493.03,
304678,6,256.08,1154.11,
304678,6,7.64,32.99,
304678,6,118.47,571.82,
304680,1,223.44,182.46,
304680,6,425.88,2071.49,
304680,4,23.78,76.55,
304680,2,335.16,539.20,
304680,5,7.24,31.77,
304680,6,16.94,82.78,
304680,5,31.68,131.90,
304680,3,43.34,110.38,
304680,2,165.79,292.95,
304681,4,12.83,38.56,
304681,5,12.66,44.55,
304681,4,328.86,996.32,
304681,3,152.00,371.78,
304681,7,129.89,702.76,
304681,3,249.12,589.24,
304684,5,71.51,319.10,
304684,6,247.92,1294.92,
304684,5,228.24,991.19,
304684,4,310.59,1124.13,
304685,2,70.96,120.13,
304685,6,21.94,122.55,
304685,4,139.69,488.95,
304685,5,255.60,1157.94,
304685,4,17.55,61.97,
304685,1,90.14,79.26,
304686,7,450.24,2894.39,
304686,11,261.36,2614.07,
304686,6,221.40,1231.75,
304686,4,293.58,1034.85,
304686,3,197.01,565.94,
304686,5,22.22,101.34,
304686,3,200.29,534.15,
304696,4,46.22,166.10,
304696,5,25.68,112.57,
304696,5,416.64,1756.80,
304696,3,8.17,20.79,
304696,4,218.64,821.80,
304696,4,537.03,1874.34,
304696,4,22.85,81.06,
304696,4,202.34,724.88,
304696,4,122.50,422.97,
304696,1,224.07,191.49,
304696,3,17.50,45.75,
304696,3,19.39,50.83,
304699,4,33.59,115.08,
304699,3,33.36,84.29,
304699,3,11.89,30.17,
304699,3,12.36,30.09,
304699,5,57.34,262.32,
304699,5,49.10,216.47,
304699,8,140.84,927.33,
304699,8,66.92,464.49,
304701,3,443.52,1165.15,
304701,5,93.70,407.23,
304701,2,21.96,38.27,
304701,2,55.21,95.74,
304701,4,221.04,740.76,
304701,5,72.38,310.46,
304702,2,307.76,577.33,
304702,2,118.47,225.47,
304702,3,12.81,37.30,
304702,3,7.84,22.14,
304702,2,152.30,281.89,
304702,7,466.14,2940.44,
304702,4,7.90,29.93,
9304702,-2,118.47,-225.47,
9304702,-3,12.81,-37.3,
304703,7,8.78,50.63,
304703,4,302.40,1085.58,
304703,1,94.75,79.38,
304703,2,545.70,926.87,
304703,2,7.97,13.62,
304703,2,45.77,76.23,
304703,5,11.69,43.41,
304703,2,138.93,235.47,
304703,3,481.95,1286.45,
304703,4,18.68,69.90,
304703,4,33.03,103.09,
304703,4,502.35,1811.57,
304704,2,245.04,375.81,
304704,7,17.64,91.47,
304704,9,151.24,1094.87,
304705,6,237.12,1141.95,
304705,4,321.93,1052.65,
304705,9,11.40,79.41,
304705,4,16.96,53.03,
304705,7,35.77,198.46,
304705,5,131.87,510.13,
304705,5,57.04,216.40,
304705,2,141.82,230.75,
304705,5,13.10,53.18,
304706,4,162.98,610.11,
304706,6,17.62,90.21,
304706,4,96.58,344.88,
304706,2,8.69,14.26,
304706,3,8.41,22.48,
304706,5,490.62,2120.26,
304706,3,246.96,619.93,
304706,6,111.16,603.16,
304706,2,136.36,251.67,
304706,4,188.81,651.48,
304706,4,135.30,461.71,
304706,1,22.56,19.42,
304706,4,217.92,773.15,
304706,4,19.80,73.05,
304706,2,320.67,599.65,
304707,4,145.01,444.79,
304707,3,315.95,732.83,
304707,4,185.15,514.23,
304707,5,61.06,224.27,
304707,2,425.04,684.14,
304707,2,424.62,655.91,
304709,4,19.51,58.53,
304709,7,556.41,3095.16,
304709,2,12.76,19.19,
304709,3,201.11,446.83,
304709,3,67.04,144.20,
304709,4,12.24,36.87,
304709,2,212.79,321.72,
304709,5,200.29,754.81,
304709,3,32.64,80.49,
304709,6,102.91,493.83,
304709,3,96.86,207.23,
304711,3,134.90,360.21,
304711,5,29.70,129.77,
304711,7,78.03,480.02,
304711,4,48.56,161.30,
304711,5,447.72,2036.20,
304711,5,321.62,1488.59,
304711,3,18.07,45.66,
304711,3,400.68,1066.53,
304714,4,546.21,2022.29,
304714,2,380.94,680.77,
304714,2,136.62,264.60,
304714,4,166.44,648.37,
304714,4,17.51,63.20,
304714,3,340.52,977.92,
304716,4,47.52,161.19,
304716,4,11.86,44.30,
304716,4,79.21,273.88,
304716,3,48.65,139.43,
304716,8,485.52,3426.20,
304716,6,29.73,155.26,
304716,3,417.48,1051.20,
304716,4,232.80,738.66,
304716,6,329.81,1738.93,
304719,3,316.89,830.46,
304719,6,165.68,883.51,
304719,3,141.37,365.32,
304719,5,230.40,984.02,
304719,3,122.96,317.90,
304719,2,23.93,43.32,
304719,7,75.67,441.68,
304719,6,461.55,2227.47,
304723,2,341.15,599.03,
304723,4,139.79,453.25,
304723,6,24.36,116.03,
304723,4,30.82,104.25,
304723,4,7.60,26.85,
304723,7,58.80,316.89,
304723,3,158.54,384.05,
304723,8,57.04,397.59,
304724,3,165.26,469.08,
304724,4,13.73,54.34,
304724,1,17.87,17.42,
304724,4,35.77,133.33,
304724,5,230.64,1122.92,
304724,5,476.85,2189.72,
304724,1,21.60,20.07,
304725,6,19.39,101.58,
304725,3,40.77,105.82,
304725,3,193.42,502.98,
304725,3,155.34,374.37,
304725,5,315.63,1365.97,
304725,5,151.24,682.60,
304725,5,129.10,544.19,
304728,2,127.56,222.67,
304728,2,200.70,313.08,
304728,4,552.84,1948.16,
304728,3,424.62,1041.47,
9304728,-2,200.70,-313.08,
304729,6,259.68,1194.84,
304729,4,13.26,35.43,
304729,10,62.95,448.02,
304729,5,127.32,429.89,
304729,2,7.68,11.46,
304729,4,11.68,31.87,
304729,4,49.37,153.30,
304729,3,328.55,753.50,
304729,1,188.50,149.79,
304733,3,12.68,34.77,
304733,2,16.56,30.42,
304733,3,8.62,20.83,
304733,3,296.10,754.03,
304733,4,114.70,396.59,
304733,4,177.58,648.90,
304735,4,7.98,26.42,
304735,4,42.89,140.28,
304735,7,529.38,3053.55,
304735,3,165.44,399.10,
304735,6,326.97,1589.45,
304735,4,8.10,27.24,
304736,5,25.94,112.58,
304736,5,330.75,1585.70,
304736,7,92.45,572.57,
304736,5,236.64,1148.19,
304736,4,7.72,29.72,
304736,4,62.22,223.28,
304736,4,40.95,147.61,
304740,6,133.06,633.38,
304740,1,163.68,145.80,
304740,5,11.26,51.20,
304740,1,35.87,33.23,
304740,3,243.12,653.30,
304741,3,171.25,430.27,
304741,5,142.12,598.61,
304741,5,220.79,843.38,
304741,5,328.23,1441.55,
304743,2,122.60,234.16,
304743,6,47.57,246.80,
304743,4,16.90,61.28,
304743,2,84.23,139.31,
304743,6,80.31,415.18,
304743,6,505.41,2645.61,
304743,5,414.96,1671.24,
304743,7,8.27,51.58,
304743,7,95.42,578.15,
304743,3,12.96,31.40,
304743,3,165.83,458.80,
304743,4,93.89,329.12,
304745,6,13.39,56.95,
304745,4,24.70,79.44,
304746,4,19.08,61.24,
304746,7,11.68,68.49,
304746,5,56.61,244.24,
304746,6,7.81,41.52,
304746,2,19.26,31.39,
304747,2,23.98,43.58,
304747,11,64.84,589.20,
304747,3,30.00,78.48,
304747,2,121.18,208.05,
304747,3,252.72,650.24,
304748,5,7.70,31.83,
304748,4,240.00,810.91,
304748,4,303.66,1050.25,
304748,8,447.72,2955.93,
304748,8,186.56,1259.49,
304748,7,22.58,124.73,
304748,6,114.22,580.91,
304748,2,186.21,311.89,
304748,7,301.77,1607.30,
304748,6,128.83,624.98,
304748,7,113.87,658.17,
304750,6,24.36,140.27,
304750,2,234.96,439.97,
304750,8,463.59,3612.46,
304750,6,145.77,786.79,
304750,8,119.59,875.52,
304751,4,320.36,1087.23,
304751,6,73.63,358.03,
304751,6,122.63,599.70,
304751,3,192.70,491.68,
304751,3,298.94,775.87,
304751,8,47.97,317.25,
304751,3,61.37,152.24,
304751,5,42.08,188.07,
304751,4,22.87,77.24,
304751,4,7.86,26.45,
304751,5,338.63,1420.38,
304752,8,505.92,3596.49,
304752,2,8.49,14.69,
304752,4,184.91,689.59,
304752,4,8.07,28.06,
304752,5,298.31,1377.79,
304753,4,406.14,1220.91,
304753,6,17.06,76.89,
304753,5,71.83,252.19,
304753,5,177.41,618.72,
304753,5,47.12,171.30,
304753,2,35.18,48.21,
304753,5,76.69,300.26,
304758,3,146.98,353.20,
304758,3,18.32,49.24,
304758,4,63.75,222.67,
304758,2,133.72,252.27,
304758,7,25.25,158.93,
304758,4,96.96,363.81,
304758,4,136.95,460.48,
304760,1,135.56,96.80,
304760,2,221.52,315.25,
304760,5,339.26,1209.44,
304761,6,32.11,166.25,
304761,3,19.15,52.53,
304761,3,139.99,373.63,
304761,4,292.01,942.57,
304761,4,44.37,159.77,
304761,3,301.14,754.66,
304761,5,531.42,2152.03,
304761,2,187.09,347.58,
304761,2,7.52,12.24,
304762,1,237.12,202.27,
304762,8,501.84,3791.83,
304762,4,519.18,1878.37,
304762,5,106.79,465.14,
304762,6,109.27,562.98,
304762,4,120.36,431.39,
304762,6,537.03,2893.03,
304762,3,321.62,830.40,
304762,4,43.65,152.02,
304763,7,109.15,663.05,
304763,4,11.81,41.49,
304763,2,41.18,67.31,
304769,4,12.59,40.80,
304769,9,252.24,2075.93,
304770,6,216.07,1131.00,
304770,3,141.82,356.92,
304770,3,57.71,149.23,
304770,4,12.89,44.11,
304770,5,11.71,53.66,
304770,3,22.92,56.61,
304770,4,7.68,26.05,
304771,5,13.08,57.19,
304771,6,80.93,403.80,
304771,4,62.46,223.41,
304771,2,7.70,13.24,
304771,7,508.98,3149.74,
304771,3,126.46,346.99,
304773,3,508.98,1213.54,
304773,3,21.62,50.62,
304773,7,171.25,973.37,
304774,3,22.92,53.09,
304774,4,256.80,813.98,
304774,7,476.85,2601.11,
304774,4,17.48,50.67,
304775,4,151.09,499.78,
304775,4,58.99,202.39,
304775,3,156.86,354.63,
304775,3,228.00,592.53,
304775,5,57.34,226.92,
304776,2,88.22,151.03,
304776,5,149.42,641.72,
304776,1,202.75,162.30,
304776,5,8.70,39.15,
304776,4,317.52,1060.18,
304776,3,73.55,191.04,
304776,4,122.96,445.05,
304776,2,418.32,745.27,
304776,4,17.30,60.12,
304776,5,245.04,1039.56,
304777,2,222.84,312.60,
304777,6,45.50,230.00,
304777,7,124.96,718.55,
304777,6,7.42,34.60,
304777,3,286.34,717.16,
304777,6,12.49,56.80,
304777,6,433.44,2052.88,
304777,4,171.07,582.28,
304777,1,176.70,138.32,
304778,5,160.34,554.90,
304778,1,61.31,45.78,
304778,7,184.27,1038.15,
304778,2,113.99,174.57,
304778,5,12.81,46.47,
304778,3,321.93,809.42,
304778,4,210.13,623.83,
304778,4,462.06,1475.46,
304778,4,83.52,270.98,
304778,3,79.99,182.88,
304778,4,34.62,111.76,
304778,6,8.26,37.50,
304779,5,461.16,1906.54,
304779,6,12.76,59.70,
304779,5,212.79,920.56,
304779,2,8.64,14.01,
304779,2,45.23,70.75,
304779,4,145.46,518.73,
304779,5,35.84,152.81,
304779,2,130.15,220.71,
304780,5,166.32,739.90,
304780,8,29.77,225.49,
304780,1,90.05,79.75,
304780,9,257.28,2113.73,
304782,6,83.13,439.59,
304782,7,137.86,915.28,
304782,4,108.09,414.02,
304785,5,235.44,1099.10,
304785,2,195.78,348.70,
304785,3,98.78,264.50,
304785,6,478.38,2404.55,
304785,6,315.32,1568.29,
304785,5,41.45,178.67,
304785,3,189.90,495.33,
304785,2,120.36,237.87,
304785,4,19.22,71.19,
304785,4,11.46,43.99,
304785,5,16.34,75.98,
304785,5,533.46,2407.47,
304785,3,8.18,21.10,
304786,4,127.64,405.00,
304786,6,12.46,53.31,
304786,1,84.31,64.03,
304786,5,13.35,47.95,
304786,4,13.53,43.00,
304787,2,218.16,334.20,
304787,3,7.89,19.22,
304787,3,30.86,73.77,
304787,3,221.76,559.91,
304787,3,252.48,561.46,
304787,7,16.97,92.24,
304789,2,143.03,223.51,
304789,4,97.06,285.85,
304789,6,8.04,37.36,
304789,6,557.94,2505.87,
304789,2,159.81,240.53,
304790,4,193.42,631.88,
304790,2,400.26,666.48,
304790,5,22.85,91.85,
304792,4,159.90,486.97,
304792,8,178.99,1180.71,
304792,5,43.38,173.75,
304792,4,180.05,571.09,
304792,4,125.80,396.19,
304792,4,33.56,105.24,
304792,6,179.17,806.26,
304792,3,201.11,520.59,
304792,2,7.90,12.00,
304793,2,143.88,227.52,
304793,4,8.22,29.25,
304793,2,160.21,254.19,
304793,4,394.38,1326.31,
304794,2,217.68,320.90,
304794,5,17.19,69.74,
304794,4,291.38,875.76,
304794,6,8.60,40.17,
304794,3,193.11,429.23,
304794,4,13.35,43.65,
304796,2,239.52,369.31,
304796,4,184.91,637.74,
304796,5,12.18,51.76,
304796,4,179.52,584.87,
304796,6,175.30,844.18,
304797,2,7.79,12.80,
304797,4,201.72,666.30,
304797,4,12.56,35.09,
304797,1,11.64,8.87,
304797,3,175.82,431.95,
304797,7,17.37,101.65,
304797,6,60.02,289.12,
304797,7,77.79,428.07,
304797,2,218.12,350.59,
304798,6,460.53,2155.53,
304798,7,91.78,523.38,
304798,3,127.91,290.73,
304798,1,64.60,50.21,
304798,3,83.60,187.63,
304798,3,440.58,1019.58,
304798,4,465.12,1429.08,
304798,2,11.34,18.99,
304800,2,534.48,932.78,
304800,2,98.88,166.68,
304800,3,22.30,55.33,
304800,2,32.54,54.11,
304800,4,25.80,79.34,
304800,5,160.34,635.25,
304800,5,140.18,576.74,
304803,3,47.93,117.03,
304803,6,66.86,333.63,
304803,4,29.90,83.61,
304803,4,246.24,741.04,
304804,6,96.10,522.55,
304804,3,12.16,33.55,
304804,4,148.05,559.02,
304804,4,238.56,879.48,
304804,2,328.23,585.16,
304807,6,342.41,1971.47,
304807,6,220.80,1294.62,
304807,2,41.94,75.23,
304807,6,478.89,2534.76,
304807,1,313.74,297.65,
304807,2,80.46,151.29,
304807,3,148.81,413.95,
304807,3,201.93,554.71,
304807,2,77.64,147.34,
304809,4,151.54,457.01,
304809,3,142.73,306.60,
304809,3,24.70,56.41,
304809,1,186.38,141.52,
304809,3,320.99,676.19,
304810,5,187.62,887.94,
304810,4,91.10,295.83,
304810,1,162.03,142.05,
304810,3,339.57,893.45,
304810,7,84.94,507.44,
304810,7,258.00,1728.12,
304810,4,526.83,1918.25,
304810,6,188.14,912.88,
304810,2,96.86,165.69,
304810,5,318.78,1391.26,
304814,2,167.38,250.00,
304814,5,219.12,860.17,
304814,1,120.12,94.04,
304814,3,252.96,618.52,
304814,5,11.95,44.91,
304814,1,124.96,90.59,
304814,7,21.82,126.47,
304814,2,80.23,125.36,
304814,4,345.87,1057.63,
304814,3,174.59,393.93,
304815,4,222.72,776.53,
304815,3,77.09,196.88,
304815,4,23.21,79.97,
304815,5,16.96,69.50,
304815,4,8.22,27.66,
304815,3,43.65,111.77,
304815,5,60.76,248.46,
304817,9,224.16,1798.02,
304817,6,13.65,69.68,
304817,4,35.08,120.72,
304817,5,180.93,779.03,
304817,5,11.55,47.98,
304817,2,231.84,411.49,
304818,4,92.74,277.49,
304818,4,92.93,281.68,
304818,3,22.32,52.50,
304818,3,103.01,239.94,
304818,6,539.07,2257.37,
304818,4,32.24,89.05,
304818,2,32.44,51.79,
304820,5,12.50,56.35,
304820,3,544.68,1391.73,
304824,2,99.26,148.40,
304824,4,298.94,931.25,
304824,8,401.94,2449.61,
304824,3,118.00,268.41,
304824,6,140.98,653.96,
304824,6,100.99,489.72,
304828,3,440.16,957.04,
304828,6,477.36,2187.18,
304828,8,141.50,779.35,
304828,2,417.48,655.20,
304829,4,136.36,468.99,
304829,5,7.55,32.26,
304829,5,498.78,2125.43,
304829,4,21.89,68.28,
304829,2,31.42,59.59,
304829,3,184.45,460.67,
304829,9,189.73,1468.22,
304829,3,16.88,44.18,
304829,5,534.99,2303.00,
304832,4,34.09,120.65,
304832,9,23.88,186.15,
304833,4,283.82,993.16,
304833,4,340.83,1159.55,
304833,3,56.97,141.58,
304833,3,55.45,142.60,
304833,3,32.60,86.01,
304835,5,472.26,2278.26,
304835,6,22.73,126.47,
304836,3,30.03,80.63,
304836,5,558.96,2516.40,
304836,6,33.30,182.66,
304836,4,7.95,26.60,
304836,5,12.25,51.29,
304836,7,133.19,792.24,
304836,7,142.12,895.45,
304836,6,33.89,160.22,
304837,4,139.26,526.59,
304837,3,93.98,239.87,
304837,4,405.72,1505.49,
304838,4,164.46,572.43,
304838,4,171.78,614.37,
304838,1,391.02,340.64,
304838,2,178.29,335.81,
304838,8,297.68,2140.95,
304838,2,240.96,449.44,
304838,2,7.54,12.72,
304838,4,16.40,57.60,
304839,2,13.50,21.56,
304839,4,19.04,62.42,
304839,3,533.97,1337.62,
304839,3,42.03,97.10,
304839,6,23.54,109.45,
304839,7,22.61,118.42,
304839,3,49.50,122.97,
304839,3,13.06,32.89,
304842,2,72.53,121.06,
304842,3,234.24,588.17,
304842,4,31.88,105.63,
304845,5,7.72,35.93,
304845,2,31.19,59.54,
304845,7,63.14,419.84,
304845,8,120.36,904.65,
304845,3,131.21,353.49,
304845,4,13.48,47.17,
304845,6,117.29,601.68,
304845,3,243.12,673.12,
304846,3,13.38,33.76,
304846,3,323.82,894.46,
304846,1,146.53,129.29,
304846,6,300.20,1589.90,
304846,3,56.79,147.76,
304847,2,287.28,486.64,
304847,3,541.11,1400.16,
304847,7,30.76,190.85,
304847,3,105.41,269.09,
304847,7,164.77,1006.69,
304847,5,189.02,824.42,
304847,3,94.94,258.02,
304847,4,7.53,27.27,
304847,5,35.51,164.20,
304847,5,18.16,77.82,
304847,3,33.30,92.22,
304847,6,502.35,2557.66,
304847,1,239.52,206.45,
304847,4,413.70,1495.27,
304847,4,123.29,433.71,
304849,6,109.62,553.39,
304849,5,124.49,510.11,
304849,4,97.25,307.54,
304849,4,144.40,481.48,
304851,4,227.28,772.89,
304851,5,157.78,693.54,
304851,4,147.14,515.54,
304851,3,243.12,638.60,
304851,5,43.20,173.99,
304851,4,233.52,801.62,
304856,2,148.35,225.00,
304856,2,470.22,737.55,
304856,4,124.96,395.58,
304856,2,243.60,390.56,
304856,5,295.16,1196.81,
304856,6,182.51,923.08,
304856,2,45.90,70.80,
304856,4,7.87,24.80,
304856,7,7.84,45.59,
304856,5,87.65,367.67,
304856,2,175.65,294.50,
304857,5,468.69,1777.76,
304857,7,184.45,1037.01,
304857,7,60.57,337.80,
304857,5,12.25,44.87,
304857,2,16.90,26.41,
304857,7,25.34,147.41,
304857,2,22.82,38.41,
304857,4,380.10,1193.20,
304857,5,42.75,185.11,
304857,2,170.54,255.79,
304857,4,237.60,735.57,
304858,5,63.44,267.94,
304858,4,60.82,205.24,
304858,2,7.74,13.09,
304861,4,389.76,1238.17,
304861,2,316.26,495.77,
304861,5,13.05,55.20,
304861,4,30.46,95.84,
304862,2,35.64,52.87,
304862,5,287.60,1189.62,
304862,3,42.12,104.97,
304862,6,7.56,36.71,
304862,3,17.21,40.13,
304862,5,34.55,133.37,
304862,1,310.91,258.24,
304862,3,16.42,36.73,
304862,3,145.46,323.66,
304862,3,193.32,457.38,
304862,4,193.07,615.46,
304864,2,12.85,22.62,
304864,1,13.28,10.77,
304864,6,22.22,108.52,
304864,2,434.70,708.99,
304864,3,149.72,410.46,
304864,5,19.24,81.08,
304864,6,103.20,524.33,
304864,3,13.53,33.01,
304864,2,195.37,317.67,
304864,2,7.67,12.34,
304864,3,132.92,341.38,
304864,3,25.49,71.44,
304864,5,220.58,991.48,
304867,2,540.09,877.62,
304867,3,91.30,234.50,
304867,2,30.33,50.51,
304867,2,259.44,431.72,
304867,7,156.10,870.08,
304867,9,388.08,3077.85,
304867,10,22.34,189.67,
304868,4,484.50,1703.88,
304868,3,120.36,318.32,
304868,2,122.48,218.00,
304868,4,63.14,231.46,
304868,5,549.27,2446.61,
304868,4,206.44,689.85,
304868,3,141.06,365.07,
304868,3,17.28,49.44,
304872,3,86.35,223.23,
304872,1,8.52,7.52,
304872,3,30.23,81.52,
304872,7,285.71,1607.61,
304872,5,460.74,1896.71,
304872,3,124.84,327.88,
304872,3,460.53,1179.52,
304872,3,55.63,155.34,
304872,6,44.06,218.53,
304873,8,73.32,437.69,
304873,3,33.96,75.75,
304873,4,196.60,553.43,
304873,5,32.44,126.38,
304873,2,105.41,166.28,
304873,6,7.82,34.48,
304873,3,22.32,51.49,
304873,7,249.12,1144.35,
304874,2,239.76,323.30,
304874,2,170.19,261.15,
304874,2,47.12,70.86,
304874,5,34.12,126.26,
304874,3,8.03,18.28,
304874,6,114.58,516.62,
304874,5,30.36,118.78,
304877,4,140.18,463.54,
304877,1,158.38,121.75,
304877,5,123.16,435.10,
304877,4,221.76,696.61,
304877,5,230.40,881.77,
304877,3,61.98,130.96,
304877,3,26.06,56.46,
304878,5,12.93,55.53,
304878,6,83.45,442.76,
304878,5,78.58,347.51,
304878,4,261.36,883.30,
304878,3,88.70,221.49,
304878,10,137.94,1125.30,
304878,4,217.92,747.91,
304878,10,332.33,2878.84,
304878,4,12.15,42.90,
304878,3,135.43,334.06,
304878,4,8.18,31.20,
304880,4,78.19,268.28,
304880,5,66.43,283.11,
304880,5,22.01,98.79,
304880,4,85.33,287.71,
304880,1,47.07,41.71,
304880,4,92.54,309.69,
304880,5,77.64,330.26,
304880,8,87.46,590.60,
304881,2,144.14,245.45,
304881,2,317.84,537.59,
304881,7,174.06,982.42,
304881,7,322.88,1907.59,
304881,5,56.00,242.96,
304881,6,13.30,64.57,
304881,5,218.40,879.65,
304881,6,164.77,838.76,
304881,7,204.80,1202.65,
304881,6,13.69,74.55,
304881,6,32.54,145.60,
304881,3,100.13,244.19,
304881,4,90.72,279.22,
304882,3,110.57,271.82,
304882,6,16.38,80.56,
304882,7,129.09,759.61,
304882,5,435.96,1740.40,
304882,6,157.62,727.62,
304882,3,48.02,112.93,
304884,3,143.75,389.92,
304884,6,11.56,59.38,
304884,5,12.03,54.96,
304884,3,32.14,85.47,
304884,3,77.40,203.90,
304884,4,58.07,227.19,
304884,3,292.64,808.31,
304884,10,124.74,1196.99,
304884,2,416.64,768.05,
304884,3,57.10,155.80,
304887,4,45.18,157.33,
304887,4,191.84,701.50,
304887,3,137.28,365.18,
304887,5,34.95,143.40,
304887,6,48.24,256.22,
304889,4,107.38,382.79,
304889,6,25.97,142.65,
304889,4,173.36,635.03,
304889,2,44.91,84.59,
304890,2,16.67,27.92,
304890,3,556.92,1325.30,
304890,3,302.09,800.37,
304890,6,204.59,1084.43,
304890,3,342.09,862.33,
304890,3,326.97,783.45,
304890,2,89.76,155.00,
304890,5,92.64,375.59,
304891,4,194.96,616.03,
304891,5,138.17,559.35,
304891,6,450.66,2008.54,
304891,4,408.66,1325.14,
304892,4,301.46,1081.49,
304892,7,59.17,344.13,
304892,5,122.96,534.97,
304892,8,13.00,88.86,
304892,5,18.00,75.68,
304892,6,260.64,1536.70,
304892,4,49.14,177.61,
304893,3,23.30,61.80,
304893,4,17.14,59.27,
304893,4,219.97,720.27,
304893,1,256.80,212.07,
304893,1,7.68,6.14,
304893,2,149.26,233.46,
304896,2,45.81,76.28,
304896,5,71.51,292.64,
304896,1,162.03,134.26,
304896,5,511.53,2145.36,
304896,2,114.70,180.96,
304896,4,390.60,1428.20,
304896,6,442.68,2094.05,
304897,8,18.77,138.27,
304897,4,19.76,69.95,
304901,5,117.06,427.10,
304901,7,117.88,662.70,
304901,5,155.34,580.02,
304901,3,33.03,78.12,
304901,7,456.12,2503.57,
304901,4,47.39,153.52,
304901,5,45.54,171.07,
304901,4,30.00,92.95,
304901,5,228.00,862.12,
304902,9,42.53,292.25,
304902,5,219.12,835.74,
304902,4,47.21,144.42,
304902,4,31.71,98.56,
304902,8,61.49,375.15,
304902,8,73.95,458.08,
304902,1,18.85,14.59,
304902,3,141.77,339.01,
304902,4,123.78,414.17,
304902,4,26.33,77.26,
304902,3,134.11,300.70,
304902,3,124.48,302.58,
304902,6,208.28,907.21,
304903,4,121.19,412.79,
304903,7,306.18,1736.92,
304903,3,87.46,213.11,
304903,4,40.95,131.09,
304903,3,327.92,853.57,
304904,6,144.55,644.24,
304904,2,197.62,301.90,
304904,4,129.80,374.23,
304904,5,72.77,249.57,
304904,2,48.78,76.62,
304904,7,135.70,711.25,
304904,4,286.65,831.82,
304904,4,104.74,311.20,
304904,6,76.77,378.26,
304908,2,189.63,363.41,
304908,2,340.52,609.36,
304908,9,22.15,188.48,
304908,2,17.64,32.35,
304908,2,250.32,447.12,
304908,4,533.46,2085.29,
304908,6,8.09,43.63,
304908,3,546.72,1483.21,
304908,1,35.15,32.24,
304908,4,175.30,591.36,
304908,2,520.71,981.08,
304908,2,42.17,79.07,
304908,7,196.19,1304.70,
304910,4,462.57,1363.33,
304910,4,204.39,731.76,
304910,4,122.01,392.20,
304910,4,45.23,145.72,
304910,3,48.83,119.70,
304910,5,392.28,1538.38,
304910,2,481.44,713.33,
304910,6,8.18,37.11,
304914,3,229.20,568.74,
304914,4,417.06,1292.23,
304914,6,144.14,724.91,
304914,5,191.66,830.65,
304918,3,45.81,102.68,
304918,1,23.38,17.35,
304918,4,8.38,25.02,
304918,7,105.12,593.15,
304918,4,178.46,552.62,
304920,7,117.41,608.23,
304920,3,174.77,404.33,
304920,4,24.65,84.69,
304920,1,538.05,416.88,
304920,5,205.00,797.28,
304920,7,7.70,44.65,
304920,4,17.39,55.78,
304922,10,139.99,1174.45,
304922,2,450.24,742.22,
304922,6,503.37,2288.59,
304922,4,217.92,698.23,
304922,6,25.58,128.42,
304922,4,7.42,22.99,
304925,4,83.21,281.33,
304925,4,24.91,79.34,
304925,4,71.36,233.09,
304925,3,8.72,21.84,
304925,4,164.92,575.55,
304925,2,109.03,173.78,
304925,4,79.05,284.36,
304926,5,190.65,752.44,
304926,9,188.32,1476.51,
304926,2,74.34,122.30,
304929,3,36.14,90.32,
304929,4,185.50,629.67,
304929,5,465.63,2095.47,
304929,5,54.96,232.04,
304929,3,48.83,124.98,
304929,7,244.56,1472.09,
304929,5,58.62,255.78,
304930,5,104.93,462.01,
304930,3,74.34,183.02,
304930,9,124.61,892.45,
304930,4,96.00,314.87,
304931,7,143.49,906.42,
304931,8,434.70,2970.45,
304931,2,317.21,562.13,
304931,3,42.17,115.70,
304931,4,7.90,26.37,
304931,6,100.13,568.12,
304931,2,185.73,346.73,
304931,3,330.75,913.90,
304931,5,22.18,102.69,
304933,8,23.78,144.29,
304933,4,13.48,39.19,
304933,6,32.74,151.52,
304933,5,119.18,430.41,
304933,3,197.01,441.11,
304936,5,208.90,966.66,
304936,5,554.88,2380.89,
304936,4,198.03,680.06,
304938,4,188.19,606.89,
304938,3,143.64,324.47,
304938,3,117.88,289.31,
304938,3,157.17,389.40,
304938,5,21.70,78.15,
304944,4,7.42,25.45,
304944,5,143.75,593.77,
304944,2,45.18,73.28,
304944,4,454.86,1459.79,
304945,8,383.46,2429.63,
304945,3,467.16,1154.79,
304946,4,41.49,151.52,
304946,2,166.67,293.11,
304946,4,241.20,849.82,
304946,3,30.92,78.54,
304946,4,92.16,328.39,
304951,2,109.50,175.37,
304951,4,188.50,610.19,
304951,2,202.95,327.47,
304951,6,430.08,1963.39,
304951,2,386.82,608.99,
304951,7,35.74,204.25,
304951,7,7.41,39.39,
304951,5,34.98,131.81,
304951,2,43.43,63.85,
304952,4,315.95,1043.92,
304952,3,127.20,315.11,
304952,6,378.84,1972.97,
304953,3,412.02,1042.63,
304953,4,114.22,359.98,
304953,5,503.88,2092.46,
304953,2,22.32,36.29,
304953,8,184.50,1173.73,
304953,3,61.37,143.68,
304953,3,127.68,296.53,
304954,8,378.00,2562.28,
304954,3,124.73,331.15,
304954,3,23.16,61.33,
304954,3,192.19,502.07,
304954,3,114.46,290.66,
304954,6,78.66,396.77,
304957,2,219.60,391.07,
304957,2,114.11,198.36,
304957,6,159.45,822.60,
304957,6,332.01,1773.48,
304957,4,13.19,47.29,
304959,6,180.22,932.04,
304959,3,234.96,619.80,
304960,5,49.05,217.63,
304960,5,417.90,1761.12,
304960,4,117.53,407.74,
304960,5,49.46,210.74,
304960,5,58.01,231.36,
304960,4,231.84,777.53,
304961,5,57.77,272.11,
304961,4,72.46,274.67,
304961,2,128.62,234.69,
304961,3,47.48,130.52,
304961,5,75.67,356.74,
304961,8,7.62,57.59,
304961,4,8.07,30.31,
304961,9,173.36,1493.09,
304961,3,192.91,520.56,
304961,6,408.66,2242.80,
304963,7,67.10,389.42,
304963,7,13.71,75.79,
304963,5,529.38,2332.46,
304963,6,520.71,2840.91,
304963,3,253.68,617.58,
304963,7,61.18,361.38,
304967,2,23.74,37.48,
304967,1,18.83,15.57,
304967,6,195.37,1005.38,
304967,3,337.68,863.97,
304967,5,254.16,1127.23,
304967,3,184.10,459.38,
304969,4,60.33,199.10,
304969,4,75.44,267.93,
304969,2,22.90,42.56,
304969,4,19.03,67.31,
304969,5,13.18,59.37,
304969,3,520.71,1378.91,
304969,5,164.01,757.82,
304970,3,230.64,569.56,
304970,9,155.65,1040.73,
304970,4,11.50,37.74,
304970,4,128.17,383.43,
304970,3,98.78,219.20,
304970,5,13.55,52.42,
304971,6,25.78,118.87,
304971,7,44.46,234.21,
304971,3,123.95,267.18,
304971,5,144.28,562.60,
304972,2,382.20,617.95,
304972,4,35.34,105.32,
304972,5,124.61,478.11,
304972,4,114.58,373.47,
304973,4,81.40,290.09,
304973,3,115.05,279.55,
304973,4,65.51,218.69,
304973,7,202.95,1187.07,
304973,6,152.00,816.59,
304977,4,19.60,63.96,
304977,4,48.06,142.25,
304977,4,30.46,94.65,
304977,3,8.80,20.56,
304977,2,11.75,18.07,
304977,5,188.40,675.26,
304977,4,59.35,188.66,
304977,3,109.39,260.54,
304977,2,17.66,24.59,
304977,7,314.06,1808.98,
304977,2,16.52,26.37,
304978,4,139.66,450.35,
304978,2,439.32,677.86,
304978,6,26.26,114.41,
304978,7,172.30,910.50,
304978,5,155.34,576.49,
304978,6,55.51,243.59,
304978,3,25.58,57.37,
304978,1,22.06,16.34,
304978,4,145.77,487.66,
304978,8,29.90,171.60,
304979,5,162.10,662.96,
304979,5,66.86,245.46,
304979,4,129.89,413.85,
304979,4,163.25,533.59,
304979,4,18.49,56.50,
304979,4,63.99,190.99,
304979,6,539.58,2540.15,
304980,8,56.12,398.83,
304980,2,393.54,649.98,
304980,6,517.14,2661.17,
304980,3,113.04,285.19,
304980,4,544.17,1906.60,
304980,5,40.68,182.06,
304980,4,12.89,43.09,
304981,5,25.30,108.74,
304981,8,217.92,1647.06,
304981,4,148.66,538.17,
304985,5,62.59,241.47,
304985,4,285.39,973.49,
304985,4,221.28,726.25,
304985,4,125.40,385.44,
304985,9,145.16,1125.95,
304985,2,180.75,299.43,
304985,7,120.01,727.18,
304985,2,120.65,199.26,
304986,2,25.68,44.81,
304986,4,386.40,1237.05,
304986,7,40.59,241.34,
304987,3,476.34,1329.64,
304987,8,11.96,79.30,
304987,2,61.00,105.29,
304987,4,7.42,25.50,
304987,4,8.69,29.68,
304987,4,444.78,1531.82,
304987,5,19.01,86.78,
304987,5,543.66,2348.60,
304988,5,67.04,272.23,
304988,5,42.44,187.29,
304988,4,17.73,60.81,
304988,6,493.68,2491.34,
304988,5,99.55,429.80,
304988,2,18.45,33.17,
304988,5,190.43,806.21,
304988,2,132.79,227.78,
304992,3,410.34,1124.71,
304992,3,187.97,511.56,
304992,6,19.03,106.15,
304992,4,233.76,847.81,
304992,2,77.40,138.86,
304992,3,18.50,54.88,
304992,5,312.48,1391.62,
304993,2,44.37,84.43,
304993,3,17.26,45.30,
304993,3,151.54,403.25,
304993,3,221.28,595.24,
304993,5,176.00,821.10,
304994,3,245.52,589.38,
304994,4,144.10,431.44,
304994,1,171.95,137.50,
304994,9,481.95,3381.98,
304994,4,533.97,1546.43,
304994,2,61.67,93.74,
304994,3,138.47,299.50,
304994,7,19.21,107.55,
304994,5,34.45,128.85,
304994,5,34.19,118.28,
304994,2,84.00,126.70,
304995,2,8.02,15.56,
304995,6,17.53,95.69,
304995,3,223.04,589.26,
304995,5,185.32,869.90,
304995,6,144.80,784.63,
304995,5,56.49,258.75,
304995,3,60.09,159.16,
304995,6,171.07,920.46,
304995,3,42.48,114.49,
304995,4,8.73,31.93,
304995,7,172.13,1044.21,
305001,2,62.10,113.01,
305001,6,97.63,526.73,
305001,2,134.90,247.76,
305001,3,195.98,523.06,
305002,3,90.05,246.70,
305002,5,91.97,438.33,
305002,7,46.40,286.00,
305002,5,8.52,39.28,
305002,2,216.89,407.25,
305002,6,382.20,2155.48,
305002,4,162.79,587.62,
305007,6,544.68,3093.50,
305007,3,91.20,252.07,
305007,6,125.67,696.73,
305007,9,126.61,1027.97,
305007,3,132.92,351.42,
305009,3,292.01,618.66,
305009,3,95.33,209.77,
305009,4,13.58,44.82,
305009,6,97.44,450.79,
305009,4,161.27,518.18,
305009,2,44.96,67.70,
305009,2,404.88,593.50,
305009,3,230.16,539.77,
305009,2,102.62,160.27,
305009,5,229.20,893.20,
305009,6,19.17,82.67,
305009,4,125.55,356.46,
305011,4,187.58,621.49,
305011,3,313.11,833.64,
305011,3,165.07,431.44,
305011,3,227.76,549.77,
305011,3,22.66,56.36,
305011,3,13.19,33.61,
305011,2,148.50,226.11,
305011,9,190.86,1483.86,
305011,7,41.27,246.70,
305011,4,191.47,598.27,
305011,3,92.45,222.94,
305011,2,48.42,79.17,
305011,3,7.63,18.92,
305013,2,141.82,255.24,
305013,3,388.50,999.36,
305013,5,291.69,1279.09,
305014,5,232.32,954.89,
305014,5,42.12,168.51,
305014,1,125.32,104.38,
305014,5,100.61,429.76,
305014,3,19.35,46.40,
305014,2,417.48,677.43,
305014,3,43.34,109.23,
305014,3,256.08,631.97,
305014,7,165.62,937.22,
305014,4,308.39,974.05,
305015,3,88.80,189.37,
305015,3,18.07,44.75,
305015,3,17.93,40.01,
305015,7,103.10,582.44,
305015,7,12.75,71.01,
305015,3,159.28,360.32,
305015,5,305.55,1131.41,
305015,9,18.97,138.67,
305015,6,224.07,1037.76,
305017,4,85.49,271.70,
305017,4,543.15,1669.52,
305020,3,55.08,145.16,
305020,3,286.97,742.55,
305020,2,138.86,236.72,
305021,10,164.16,1165.15,
305021,7,193.32,995.94,
305021,2,13.24,18.95,
305021,4,16.38,48.95,
305021,5,43.02,170.90,
305021,5,83.60,312.00,
305022,4,25.70,82.97,
305022,7,200.70,1213.21,
305022,3,32.08,76.92,
305022,7,19.48,110.10,
305022,6,140.45,649.82,
305022,6,19.78,93.23,
305022,7,41.85,221.88,
305024,4,464.61,1607.89,
305024,4,112.93,413.62,
305024,3,122.13,306.04,
305024,6,430.08,2160.91,
305024,2,12.25,22.42,
305024,5,206.03,939.28,
305026,5,21.72,84.06,
305026,3,398.16,1058.29,
305026,5,98.30,406.10,
305026,3,154.58,384.21,
305026,7,12.99,80.07,
305026,3,306.18,819.85,
305026,2,23.90,40.67,
305026,7,178.99,1078.98,
305028,4,409.92,1430.19,
305028,4,47.39,167.98,
305028,4,163.68,604.01,
305028,6,19.10,100.31,
305028,4,26.26,97.85,
305029,12,12.78,115.16,
305029,2,219.15,357.67,
305029,4,74.97,234.35,
305029,3,36.10,83.99,
305029,9,541.62,3647.44,
305029,2,57.28,89.15,
305029,3,147.59,325.14,
305029,4,163.33,456.27,
305029,5,46.22,181.09,
305030,4,168.08,525.25,
305030,7,62.77,372.54,
305030,5,72.22,286.22,
305030,2,47.66,73.74,
305030,4,12.01,37.22,
305030,5,203.36,756.48,
305030,4,18.14,52.97,
305030,6,230.40,1050.96,
305030,1,23.93,19.63,
305030,6,32.31,148.37,
305031,6,48.38,249.81,
305031,5,453.60,1903.24,
305031,8,32.54,217.02,
305031,10,92.93,752.27,
305031,6,125.20,659.55,
305031,3,21.62,52.49,
305031,1,61.06,50.12,
305034,4,21.74,70.06,
305034,5,101.76,413.88,
305034,4,224.07,713.33,
305034,3,287.91,683.61,
305037,1,344.30,301.19,
305037,2,191.47,299.32,
305038,4,155.34,520.25,
305038,2,165.38,299.26,
305038,4,8.14,28.71,
305038,2,96.86,162.12,
305039,4,8.22,28.77,
305039,4,44.64,153.93,
305039,2,234.96,402.02,
305039,3,49.01,124.64,
305039,4,113.52,371.82,
305039,2,136.62,226.58,
305039,3,13.45,33.27,
305039,2,401.94,681.17,
305039,4,24.50,82.76,
305039,4,119.65,442.89,
305040,1,259.44,225.85,
305040,3,7.58,19.97,
305040,1,168.26,140.31,
305040,4,84.54,289.13,
305040,3,48.83,134.37,
305040,5,31.94,129.23,
305040,5,44.33,188.45,
305040,4,57.65,206.80,
305040,3,8.37,22.20,
305040,5,115.40,503.60,
305040,3,141.50,365.41,
305042,4,449.82,1467.75,
305042,2,23.74,37.87,
305042,4,139.52,499.36,
305042,3,62.77,155.71,
305042,3,161.58,401.03,
305042,2,187.79,304.51,
305042,7,260.16,1480.67,
305042,4,559.47,1660.12,
305042,4,403.62,1286.90,
305042,6,36.14,185.61,
305042,2,219.35,360.64,
305042,3,24.48,57.94,
305046,5,97.34,414.31,
305046,5,43.52,164.40,
305046,3,26.30,67.30,
305046,3,125.80,332.36,
305046,3,143.35,333.48,
305046,4,235.44,771.00,
305046,3,531.93,1287.18,
305046,3,66.98,163.17,
305046,3,57.65,149.51,
305046,7,22.08,125.97,
305048,6,328.55,1651.98,
305048,2,23.26,36.14,
305048,2,109.74,192.83,
305048,3,41.45,95.30,
305049,1,441.84,400.56,
305049,2,342.41,647.34,
305049,4,101.57,373.05,
305049,2,116.70,205.19,
305049,3,164.77,450.93,
305049,6,186.03,1030.83,
305051,2,19.04,33.62,
305051,7,463.08,3146.41,
305051,6,139.23,753.03,
305051,6,178.64,936.71,
305051,7,13.04,79.76,
305053,4,194.75,614.08,
305053,7,248.88,1193.14,
305053,5,302.09,1114.88,
305053,3,202.95,484.31,
305056,5,80.07,301.17,
305056,4,60.02,187.04,
305056,6,90.53,422.86,
305056,6,7.38,35.84,
305056,5,285.71,1128.43,
305056,6,391.02,1742.49,
305056,5,13.64,54.75,
305057,4,254.64,882.70,
305057,4,35.38,125.82,
305057,5,24.41,105.44,
305057,7,33.79,208.21,
305057,4,548.25,1970.57,
305057,2,34.42,56.31,
305057,3,426.72,1113.50,
305057,2,7.70,12.95,
305057,7,184.27,1007.86,
305057,7,8.37,52.52,
305057,3,85.02,236.26,
305057,6,7.44,37.15,
305058,4,448.14,1639.41,
305058,8,72.22,556.66,
305061,4,59.05,177.23,
305061,3,133.06,319.91,
305061,3,337.68,826.84,
305061,5,12.34,47.74,
305061,5,62.16,249.84,
305061,5,93.70,347.39,
305061,4,47.43,157.35,
305061,3,11.43,25.39,
305061,7,442.26,2311.20,
305061,6,217.44,1008.94,
305061,1,154.43,115.88,
305061,6,32.74,149.23,
305061,3,521.73,1198.79,
305061,4,34.68,101.09,
305064,2,108.56,159.56,
305064,5,126.06,463.06,
305064,1,142.30,104.66,
305066,7,23.38,143.47,
305066,6,72.46,389.45,
305066,2,119.30,212.11,
305066,2,186.14,336.73,
305066,5,7.62,33.80,
305066,9,293.27,2222.80,
305068,5,224.27,987.66,
305068,3,480.42,1327.42,
305068,2,308.39,540.16,
305068,3,17.87,45.26,
305068,2,31.94,51.25,
305068,2,44.64,73.99,
305068,6,84.00,446.82,
305068,3,22.58,56.12,
305068,5,138.73,619.69,
305072,3,219.97,597.28,
305072,7,100.22,649.00,
305072,4,8.30,31.07,
305075,2,258.48,413.24,
305075,5,72.93,305.85,
305075,6,424.62,1940.08,
305075,4,197.42,574.28,
305075,2,343.04,530.88,
305075,4,172.30,527.67,
305075,4,25.97,69.98,
305075,4,8.42,25.51,
305076,4,19.21,66.76,
305076,1,34.06,27.11,
305076,4,142.58,516.22,
305076,5,404.88,1688.38,
305076,3,7.67,19.53,
305078,5,47.34,199.14,
305078,5,242.88,964.64,
305078,4,550.80,1666.59,
305078,7,32.08,180.11,
305078,4,120.83,374.70,
305078,4,252.48,731.23,
305078,5,111.75,442.11,
305078,1,323.51,251.10,
305078,2,124.37,191.81,
305078,4,11.83,34.51,
305079,4,385.56,1366.97,
305079,6,57.28,343.61,
305079,4,17.73,61.86,
305079,6,149.11,808.81,
305079,2,139.99,261.81,
305079,2,73.79,131.48,
305079,2,80.15,138.78,
305079,5,57.65,273.34,
305079,4,142.69,528.11,
305079,3,74.65,203.47,
305079,5,7.66,35.06,
305079,4,8.11,27.58,
305079,3,247.92,677.24,
305079,4,19.39,71.32,
305080,4,70.96,253.13,
305080,5,17.28,81.53,
305080,5,11.84,59.20,
305080,2,47.30,90.18,
305080,6,156.41,800.00,
305080,7,233.28,1375.31,
305080,4,143.48,531.74,
305081,3,59.23,146.08,
305081,6,79.29,416.13,
305081,8,231.84,1542.95,
305081,4,31.22,107.47,
305081,3,13.09,32.23,
305081,6,140.71,726.70,
305081,3,30.39,70.86,
305081,8,126.38,791.57,
305081,3,13.56,33.88,
305081,7,90.14,528.46,
305082,6,127.78,660.02,
305082,5,75.52,335.49,
305082,5,99.94,405.27,
305082,2,140.45,232.69,
305083,1,501.33,464.26,
305083,3,236.40,643.38,
305083,4,18.29,65.52,
305083,4,499.29,1819.51,
305083,3,93.50,245.46,
305083,3,315.63,832.50,
305083,5,499.80,2415.50,
305084,5,107.73,496.19,
305084,8,80.62,551.54,
305084,3,165.68,449.82,
305084,4,30.82,120.55,
305084,4,58.50,234.00,
305094,6,8.21,37.88,
305094,3,13.34,32.60,
305094,5,95.71,341.82,
305094,5,307.44,1204.87,
305094,3,105.50,256.01,
305095,6,190.04,903.28,
305095,5,256.08,977.46,
305095,6,12.66,61.33,
305097,6,173.54,870.11,
305097,5,44.01,191.14,
305097,6,101.76,496.53,
305097,7,543.66,3373.96,
305097,6,461.16,2293.57,
305097,4,342.72,1085.19,
305097,2,147.29,248.31,
305097,2,79.91,127.37,
305098,5,35.41,140.06,
305098,5,159.28,642.84,
305098,3,123.82,337.61,
305098,7,12.23,72.92,
305098,4,18.18,58.33,
305101,4,19.44,69.53,
305101,4,22.20,76.38,
305101,4,242.88,839.62,
305101,3,16.31,43.31,
305104,4,8.68,30.39,
305104,2,8.31,13.57,
305104,5,415.38,1691.59,
305104,3,13.23,34.39,
305104,5,223.92,1018.66,
305104,6,113.16,616.89,
305104,4,233.76,885.88,
305104,5,121.57,514.65,
305104,6,80.46,443.41,
305104,5,22.51,96.13,
305105,3,157.17,385.20,
305105,3,19.10,49.39,
305105,4,332.64,1124.76,
305105,6,461.55,2306.54,
305105,3,75.67,200.94,
305106,4,87.36,282.39,
305106,5,330.12,1319.44,
305106,5,419.58,1834.87,
305106,3,47.88,124.78,
305106,4,448.14,1439.38,
305106,8,58.44,371.49,
305106,5,17.69,74.94,
305107,6,157.17,875.41,
305107,2,289.17,538.48,
305107,2,107.97,189.47,
305111,2,7.98,14.23,
305111,7,124.14,800.41,
305111,7,335.16,2129.53,
305114,2,58.56,84.24,
305114,5,410.76,1444.99,
305114,4,443.52,1293.81,
305114,5,435.54,1637.78,
305114,4,79.99,209.54,
305114,1,192.72,152.87,
305114,3,178.29,388.63,
305114,3,456.12,980.42,
305114,8,48.20,299.32,
305118,4,8.69,28.56,
305118,2,529.89,870.61,
305118,6,22.49,98.64,
305118,6,7.61,34.98,
305118,3,40.77,94.00,
305118,2,87.46,134.31,
305118,5,12.94,51.90,
305118,3,235.44,567.71,
305118,2,497.76,796.50,
305118,4,12.85,39.36,
305119,5,311.22,1195.53,
305119,3,34.91,85.65,
305119,3,11.68,26.68,
305119,2,494.19,770.92,
305119,3,192.90,431.57,
305119,5,66.43,254.59,
305119,1,312.48,227.15,
305119,1,116.58,89.76,
305119,3,94.75,204.89,
305119,3,144.54,339.26,
305119,5,252.96,997.45,
305119,1,513.06,387.77,
305120,3,63.20,161.83,
305120,7,230.64,1285.14,
305120,4,124.34,434.91,
305120,2,294.84,498.90,
305120,4,57.83,190.98,
305120,3,95.14,231.56,
305121,3,225.09,587.03,
305121,4,46.49,155.58,
305121,8,326.97,2050.34,
305121,3,294.84,787.02,
305122,2,34.82,59.14,
305122,4,241.44,820.31,
305123,6,189.20,1042.84,
305123,4,421.68,1475.88,
305123,3,523.26,1371.82,
305123,2,431.76,782.91,
305123,8,12.51,93.26,
305123,6,88.99,476.03,
305124,5,35.54,159.73,
305124,5,467.67,2008.78,
305124,7,17.75,103.38,
305126,5,77.48,327.62,
305126,1,206.03,185.82,
305126,4,79.44,274.84,
305126,5,22.68,92.74,
305126,1,31.19,26.16,
305126,3,257.04,633.35,
305126,5,17.75,73.72,
305126,6,146.98,709.82,
305132,7,126.19,623.94,
305132,3,18.70,38.87,
305132,8,16.29,103.29,
305132,5,118.93,476.24,
305132,6,233.28,1033.88,
305132,2,133.32,193.00,
305137,5,102.91,438.67,
305137,8,388.08,2809.80,
305137,6,193.07,951.77,
305137,4,49.14,179.30,
305137,4,102.82,386.13,
305137,4,165.53,589.79,
305142,4,92.54,328.68,
305142,4,55.39,187.36,
305142,2,140.58,252.02,
305142,3,172.83,417.31,
305142,5,180.58,768.71,
305142,5,70.81,287.50,
305143,4,93.79,301.37,
305143,5,226.56,910.73,
305143,7,165.44,873.81,
305143,3,89.66,211.66,
305143,2,16.97,26.61,
305143,7,76.54,393.02,
305145,3,146.22,413.24,
305145,6,36.23,201.09,
305145,6,35.21,197.69,
305145,4,73.01,243.71,
305145,6,234.00,1229.76,
305145,4,160.36,592.74,
305145,2,85.41,170.82,
305145,4,392.70,1407.10,
305145,5,259.44,1250.64,
305146,2,428.82,793.16,
305146,5,188.40,844.76,
305146,5,82.03,346.27,
305146,7,77.95,472.23,
305146,1,96.00,78.26,
305147,2,63.38,105.13,
305147,7,141.82,742.26,
305147,1,172.66,132.49,
305147,5,475.32,1858.35,
305147,7,133.58,683.92,
305147,6,103.87,464.31,
305147,4,191.68,585.72,
305147,5,34.58,138.09,
305147,6,303.03,1371.26,
305148,4,17.41,57.68,
305148,4,21.96,71.50,
305148,7,125.27,711.46,
305148,2,63.68,105.69,
305148,3,8.35,21.79,
305148,7,389.34,2227.63,
305148,5,211.15,940.44,
305150,5,79.29,291.49,
305150,3,74.03,166.94,
305150,4,192.72,550.89,
305151,4,383.88,1360.02,
305151,1,41.94,37.74,
305151,6,135.96,702.51,
305151,4,338.94,1231.45,
305151,4,412.02,1590.13,
305151,7,7.77,47.44,
305151,4,12.69,46.20,
305151,3,334.22,854.99,
305152,4,81.64,249.14,
305152,5,89.95,351.38,
305152,5,186.38,744.49,
305152,6,165.26,725.07,
305152,5,64.17,261.98,
305153,5,58.80,227.20,
305153,3,499.80,1181.94,
305153,3,62.53,150.65,
305153,3,104.64,230.37,
305157,2,13.75,22.02,
305157,4,200.49,705.56,
305157,2,86.88,143.04,
305157,5,201.11,840.79,
305158,8,42.17,295.50,
305158,4,303.35,1049.32,
305158,6,425.88,2382.28,
305158,2,426.72,751.06,
305158,3,23.78,60.12,
305158,3,168.61,454.24,
305161,5,222.48,877.66,
305161,5,12.23,44.84,
305161,4,16.54,49.64,
305161,4,25.70,79.35,
305161,2,7.44,11.45,
305164,4,23.06,79.42,
305164,7,256.08,1753.83,
305164,5,29.87,136.16,
305164,4,30.95,110.61,
305164,3,462.57,1222.70,
305164,6,194.55,1029.01,
305165,4,391.02,1343.46,
305165,6,8.71,44.44,
305165,2,18.88,32.94,
305165,5,549.78,2372.75,
305166,3,77.01,191.86,
305166,7,29.93,176.56,
305166,3,63.56,155.97,
305166,6,17.42,93.35,
305166,5,165.38,683.59,
305166,4,102.82,333.98,
305167,6,48.87,247.54,
305167,3,18.59,45.90,
305167,2,168.96,284.23,
305167,3,8.78,21.84,
305167,4,98.02,307.31,
305167,5,42.66,177.19,
305167,4,19.62,66.25,
305168,8,12.24,97.92,
305168,5,224.64,1024.24,
305168,3,17.73,49.10,
305168,2,139.84,263.59,
305169,1,318.15,270.55,
305169,6,82.66,419.22,
305169,4,31.75,113.94,
305169,3,47.93,119.52,
305169,7,438.06,2512.31,
305169,3,82.27,209.13,
305169,5,22.20,98.02,
305169,6,172.83,872.40,
305169,6,98.40,488.68,
305169,3,218.88,561.04,
305171,5,290.75,1191.98,
305171,3,101.57,284.53,
305171,3,327.92,879.82,
305171,2,16.99,26.90,
305171,4,157.78,577.62,
305171,3,303.35,813.27,
305173,4,134.38,437.54,
305173,2,427.98,759.70,
305173,3,35.15,88.49,
305173,1,8.22,6.74,
305173,2,78.26,135.84,
305174,3,12.34,31.95,
305174,4,186.14,613.93,
305174,2,42.44,73.00,
305174,4,382.62,1250.23,
305174,5,127.79,515.80,
305174,5,128.30,467.59,
305174,3,65.27,157.76,
305174,4,230.64,723.76,
305174,7,100.22,588.00,
305174,2,222.84,356.74,
305174,5,228.72,912.19,
305177,1,19.80,13.88,
305177,5,502.35,1844.83,
305177,2,446.88,692.63,
305177,2,76.22,111.14,
305177,4,66.06,211.96,
305177,2,123.42,185.56,
305179,2,128.97,207.43,
305179,6,16.78,72.99,
305179,4,142.12,423.46,
305179,2,123.78,181.05,
305179,4,136.88,448.83,
305179,3,346.19,774.23,
305179,2,8.54,14.15,
305179,4,139.79,443.59,
305179,3,135.70,311.96,
305179,5,35.41,139.95,
305179,5,120.83,467.15,
305180,3,220.56,494.92,
305180,1,132.13,101.43,
305180,4,114.22,322.96,
305180,4,8.24,25.76,
305180,4,32.01,97.44,
305180,3,35.54,90.50,
305182,3,112.57,279.02,
305182,2,329.18,562.22,
305182,6,74.03,376.50,
305182,4,7.83,24.78,
305182,2,163.15,261.55,
305182,6,158.54,858.37,
305182,5,469.20,1971.57,
305182,4,89.38,321.06,
305182,3,44.28,115.22,
305182,5,12.19,52.38,
305187,3,8.22,21.02,
305187,3,12.24,27.78,
305187,3,447.30,1058.36,
305187,7,7.47,38.85,
305187,6,154.89,685.91,
305187,6,142.43,631.42,
305187,6,44.55,224.86,
305187,5,8.58,32.99,
305187,3,85.41,183.25,
305187,2,542.64,905.43,
305189,3,459.51,1285.12,
305189,2,455.70,826.55,
305189,3,157.17,423.19,
305190,5,440.58,1776.86,
305190,2,7.52,11.80,
305190,3,13.39,33.34,
305190,4,496.23,1711.35,
305191,5,84.54,351.24,
305191,5,83.29,362.72,
305191,5,180.22,778.87,
305191,4,115.64,364.89,
305192,4,541.11,1799.00,
305192,3,391.44,1075.79,
305192,3,13.51,36.49,
305192,5,502.35,2234.16,
305192,3,142.16,368.80,
305192,4,72.53,257.80,
305192,5,412.44,1803.56,
305194,2,55.08,88.37,
305194,4,88.13,278.56,
305194,2,294.21,469.61,
305194,5,192.50,770.95,
305194,8,13.64,86.77,
305194,3,61.49,131.00,
305194,9,227.76,1674.94,
305194,3,159.14,354.13,
305194,3,251.28,572.76,
305194,3,502.35,1185.92,
305194,4,75.91,230.89,
305195,2,181.28,317.12,
305195,4,32.04,116.45,
305195,2,157.62,260.02,
305195,3,207.46,559.42,
305195,5,94.94,407.38,
305195,3,22.82,62.49,
305195,5,12.85,55.78,
305195,3,76.15,189.60,
305195,5,127.56,570.11,
305195,5,32.57,144.01,
305196,5,207.05,813.51,
305196,7,522.75,3115.43,
305196,5,13.58,55.23,
305196,5,17.55,70.89,
305200,2,513.57,800.49,
305200,3,255.12,570.84,
305200,6,127.56,569.98,
305200,4,46.22,137.15,
305200,1,64.29,45.49,
305201,4,100.61,330.71,
305201,3,16.24,36.68,
305201,5,13.31,55.63,
305201,3,139.92,316.20,
305201,3,30.49,64.84,
305201,3,118.12,295.96,
305201,5,433.44,1678.81,
305201,6,186.35,767.00,
305201,6,84.31,395.93,
305203,6,127.44,594.79,
305203,4,142.96,421.22,
305203,2,330.12,507.39,
305203,3,141.06,335.27,
305203,3,165.26,338.75,
305203,5,44.64,180.94,
305207,4,23.40,81.68,
305207,2,207.67,366.55,
305207,2,210.95,367.55,
305207,5,140.75,651.83,
305207,4,18.45,62.24,
305207,3,23.62,61.40,
305207,2,98.78,183.20,
305207,3,294.84,766.72,
305207,4,16.99,59.85,
305207,4,89.76,314.72,
305207,2,119.30,213.63,
305207,4,24.12,83.48,
305208,4,198.44,714.49,
305208,4,30.00,106.36,
305208,4,7.94,26.93,
305210,5,85.09,356.97,
305210,6,73.24,379.68,
305210,1,127.38,105.49,
305210,2,86.59,157.80,
305211,5,122.37,554.80,
305211,4,257.28,862.80,
305211,8,65.64,461.21,
305211,6,122.76,664.12,
305211,4,162.27,577.14,
305211,4,64.23,223.66,
305211,8,168.61,1187.33,
305211,5,388.08,1687.24,
305211,3,165.83,431.35,
305212,2,337.68,526.30,
305212,3,398.58,983.96,
305212,3,47.25,108.69,
305212,4,210.13,626.86,
305212,2,17.19,26.58,
305213,5,119.06,484.80,
305213,4,23.83,66.45,
305213,9,124.08,848.66,
305213,7,23.98,132.88,
305214,3,207.05,502.49,
305214,4,31.65,103.73,
305214,2,394.80,631.71,
305214,6,253.68,1203.07,
305214,5,8.23,33.62,
305214,4,12.10,39.44,
305214,3,42.62,108.56,
305214,4,300.20,964.12,
305216,5,224.40,939.70,
305216,4,547.23,1926.51,
305216,3,18.09,46.06,
305216,5,145.92,673.72,
305216,5,98.02,397.27,
305216,6,303.66,1475.16,
305216,4,163.40,543.72,
305216,5,143.79,610.96,
305217,5,144.10,530.34,
305217,6,537.03,2590.15,
305217,2,25.68,40.00,
305217,6,11.66,51.90,
305217,4,403.62,1201.27,
305217,8,56.55,329.42,
305218,3,30.49,79.59,
305218,3,378.00,978.69,
305218,5,23.21,101.59,
305218,3,31.45,78.36,
305218,3,494.19,1285.61,
305220,6,55.14,250.20,
305220,6,396.48,1826.95,
305220,6,35.51,155.53,
305220,3,42.57,98.91,
305220,8,23.62,138.38,
305220,6,8.03,34.55,
305221,1,17.06,11.50,
305221,3,123.29,292.03,
305221,3,157.78,371.05,
305221,4,202.13,619.98,
305221,3,120.52,287.41,
305221,7,11.39,59.76,
305222,5,85.64,385.11,
305222,4,18.97,67.67,
305222,3,18.95,51.32,
305222,2,95.90,171.46,
305222,4,239.28,855.61,
305222,6,63.38,311.88,
305222,5,467.67,2155.67,
305222,4,82.97,299.23,
305222,3,114.46,284.26,
305222,7,120.65,756.32,
305222,2,8.54,15.94,
305222,2,19.51,33.89,
305228,7,11.80,74.18,
305228,3,16.24,43.14,
305228,6,159.10,764.98,
305228,4,72.93,253.70,
305228,5,516.12,2091.95,
305228,6,405.30,2115.24,
305228,1,304.29,261.93,
305228,4,46.62,170.56,
305229,3,77.48,215.63,
305229,3,264.00,722.06,
305229,1,138.73,127.57,
305229,3,76.46,215.84,
305229,2,12.06,22.49,
305229,2,193.32,333.70,
305229,5,23.09,110.87,
305229,6,12.23,62.58,
305229,6,86.27,502.79,
305229,3,60.21,162.11,
305229,5,493.68,2422.37,
305229,2,321.62,588.55,
305229,6,161.92,902.04,
305231,5,95.52,428.68,
305231,1,294.21,254.14,
305231,6,178.46,1029.04,
305231,5,158.54,694.12,
305233,2,57.58,104.40,
305233,2,22.56,40.65,
305234,5,225.30,983.64,
305234,4,29.90,110.06,
305234,6,42.26,224.68,
305237,2,13.18,21.23,
305237,8,159.30,1138.09,
305237,3,11.40,29.18,
305238,5,444.36,2008.51,
305238,3,16.45,40.53,
305238,4,181.98,654.81,
305238,3,44.91,119.30,
305238,3,178.64,506.92,
305238,7,22.99,137.06,
305238,4,120.83,449.73,
305238,2,129.89,228.05,
305238,3,103.78,286.91,
305238,5,158.84,724.02,
305238,7,12.41,80.94,
305238,6,30.00,160.90,
305238,7,7.99,47.52,
305238,5,16.54,75.52,
305239,3,12.28,33.28,
305239,1,215.66,206.39,
305239,9,401.52,3516.58,
305239,3,8.02,21.58,
305239,2,12.13,21.35,
305239,4,216.72,755.71,
305240,4,12.38,44.31,
305240,7,305.87,1958.26,
305240,5,11.80,51.76,
305240,6,234.00,1256.21,
305240,4,114.11,396.56,
305240,5,510.00,2227.07,
305240,4,157.17,540.17,
305240,4,114.58,379.96,
305241,5,162.80,697.41,
305241,3,30.03,75.23,
305241,4,322.88,1101.04,
305241,5,144.94,604.15,
305241,7,248.40,1451.86,
305241,1,23.71,19.31,
305242,2,22.37,36.35,
305242,2,71.98,114.69,
305245,3,18.29,46.56,
305245,5,405.72,1531.03,
305245,2,17.80,29.12,
305245,6,381.78,1908.86,
305245,7,19.31,110.05,
305245,4,8.62,28.07,
305246,5,23.30,97.90,
305246,2,18.14,30.08,
305246,2,42.98,71.32,
305246,5,35.21,138.14,
305246,1,505.41,412.50,
305246,2,11.30,16.81,
305246,6,317.21,1459.12,
305246,2,19.21,29.52,
305246,1,35.67,27.81,
305247,5,7.34,28.45,
305247,3,381.78,922.74,
305247,3,141.90,362.40,
305247,6,88.32,405.87,
305247,3,119.30,273.95,
305247,4,80.31,254.14,
305247,6,63.07,306.05,
305247,3,56.18,131.22,
305247,4,342.41,1086.40,
305247,6,13.41,67.06,
305247,5,124.14,482.44,
305247,6,131.34,581.39,
305247,7,64.36,346.37,
305247,4,83.05,261.04,
305247,4,7.52,24.20,
305251,6,25.10,109.29,
305251,3,99.26,241.46,
305251,1,7.32,5.55,
305251,4,66.06,199.38,
305251,3,380.94,871.89,
305251,5,220.08,827.20,
305251,4,21.98,67.08,
305252,2,26.11,39.82,
305252,6,102.82,492.93,
305252,4,7.30,22.76,
305252,2,34.09,50.82,
305252,8,185.33,1131.18,
305252,3,119.89,284.51,
305252,4,64.60,194.64,
305252,4,251.28,719.43,
305253,4,438.48,1632.05,
305253,7,257.76,1767.56,
305255,5,12.84,52.89,
305255,3,150.94,410.85,
305255,2,26.14,40.81,
305255,6,247.92,1273.02,
305255,4,23.62,80.69,
305256,4,84.47,306.15,
305256,6,191.49,1062.81,
305256,4,466.65,1707.32,
305257,3,125.53,330.58,
305257,4,533.46,1690.78,
305257,5,141.77,629.79,
305257,4,110.45,351.58,
305258,4,75.67,251.29,
305258,4,45.95,151.95,
305258,3,17.91,44.14,
305258,7,182.86,1067.18,
305258,3,121.07,307.02,
305258,6,558.96,2748.70,
305258,5,32.34,144.85,
305258,5,13.31,56.44,
305259,8,7.47,53.61,
305259,6,208.08,1146.73,
305259,3,41.31,109.73,
305260,5,60.63,237.58,
305260,3,44.01,106.15,
305260,4,18.61,56.81,
305260,7,440.58,2613.56,
305261,3,21.86,59.66,
305261,4,11.34,42.61,
305261,6,77.17,442.40,
305261,3,225.50,576.90,
305261,8,42.35,308.03,
305261,2,223.92,413.92,
305261,4,141.97,515.75,
305261,1,184.62,156.50,
305261,7,8.77,54.45,
305261,3,7.72,20.13,
305261,2,61.24,111.15,
305262,3,120.83,310.08,
305262,6,55.75,244.65,
305262,3,26.02,61.88,
305262,8,65.27,400.86,
305262,5,126.59,517.94,
305262,6,91.68,496.99,
305262,7,515.61,2954.87,
305262,5,32.54,126.92,
305262,2,8.64,13.62,
305262,3,87.07,231.97,
305263,6,443.94,2156.65,
305263,4,25.25,77.64,
305263,2,43.70,70.60,
305263,7,187.78,1143.10,
305263,2,231.36,377.07,
305265,6,179.52,935.55,
305265,2,35.01,59.49,
305265,4,236.88,815.79,
305265,2,315.95,527.85,
305265,7,456.96,2471.32,
305265,1,116.23,89.90,
305266,5,11.53,47.04,
305266,7,249.36,1451.63,
305266,3,105.41,257.41,
305266,5,203.98,828.72,
305266,1,81.01,68.61,
305266,5,170.72,716.96,
305266,2,114.46,181.87,
305266,4,102.14,328.79,
305266,4,78.26,276.79,
305266,4,144.14,481.20,
305267,3,18.83,43.42,
305267,6,428.82,1969.39,
305267,2,135.96,212.91,
305267,4,86.40,289.18,
305267,6,7.76,38.46,
305267,3,87.26,215.44,
305267,3,17.32,41.45,
305267,3,527.34,1108.96,
305267,4,47.39,147.93,
305268,4,11.63,37.24,
305268,2,133.72,203.29,
305268,8,411.18,2599.62,
305268,2,13.40,20.76,
305268,6,16.88,76.99,
305268,1,144.01,113.56,
305268,3,42.30,94.05,
305269,7,99.55,588.35,
305269,3,189.90,486.24,
305269,3,18.23,47.51,
305269,7,167.38,1089.45,
305269,7,112.93,675.89,
305269,2,8.18,14.66,
305269,6,84.23,457.94,
305269,5,141.50,652.72,
305270,8,124.37,822.12,
305270,4,70.89,220.74,
305270,4,11.74,35.72,
305270,9,330.75,2245.09,
305272,3,7.63,19.57,
305272,3,559.98,1454.69,
305272,3,43.74,106.18,
305272,4,32.93,120.44,
305272,8,45.90,318.64,
305272,2,13.41,23.43,
305272,7,452.34,2861.52,
305276,3,465.63,1136.01,
305276,6,57.40,286.56,
305276,9,179.87,1303.31,
305276,2,206.64,349.55,
305276,4,22.58,78.28,
305276,3,44.10,110.76,
305278,9,66.98,519.85,
305278,8,11.96,79.04,
305278,6,141.90,716.10,
305278,3,549.27,1431.05,
305279,7,102.62,608.17,
305279,7,295.16,1664.33,
305279,4,221.40,749.67,
305279,4,179.17,545.69,
305279,7,72.22,423.23,
305279,2,228.72,386.24,
305279,4,7.82,24.72,
305279,2,127.32,210.12,
305280,8,550.80,3381.58,
305280,4,162.94,502.29,
305280,4,16.70,53.19,
305281,8,8.70,58.37,
305281,1,216.48,185.20,
305281,5,192.70,810.24,
305281,2,17.08,31.04,
305281,1,49.14,43.50,
305281,5,24.50,103.74,
305281,2,177.41,277.36,
305282,2,71.12,126.37,
305282,1,95.90,82.10,
305282,5,30.95,147.30,
305282,5,177.06,772.45,
305282,7,135.96,805.29,
305282,5,104.35,450.71,
305282,2,30.00,47.69,
305282,5,168.61,715.14,
305282,4,13.60,45.30,
305282,2,125.43,208.82,
305282,1,210.74,182.75,
305283,2,192.02,316.07,
305283,3,24.43,60.78,
305283,7,25.75,142.16,
305283,5,7.78,31.20,
305283,7,132.53,786.04,
305283,3,131.34,341.83,
305284,4,241.20,783.54,
305284,3,303.03,805.70,
305284,8,24.94,169.42,
305284,3,17.68,47.95,
305284,8,11.54,78.04,
305284,4,474.81,1642.54,
305287,5,450.24,1858.52,
305287,8,32.84,218.26,
305287,3,25.20,64.12,
305287,5,24.55,116.38,
305287,2,97.44,167.82,
305287,6,7.74,40.20,
305287,4,178.64,691.30,
305287,7,235.20,1368.26,
305287,3,415.38,1010.65,
305287,4,34.58,119.68,
305287,3,11.83,29.83,
305287,5,225.36,1004.30,
305289,2,7.93,13.32,
305289,6,223.92,1170.70,
305289,3,7.87,18.96,
305290,5,132.00,502.26,
305290,2,18.81,27.58,
305290,5,341.46,1268.94,
305290,5,152.46,547.74,
305290,5,107.14,437.22,
305290,1,17.42,12.49,
305292,4,523.26,1452.36,
305292,4,181.10,588.38,
305292,4,63.32,215.55,
305292,5,18.40,71.49,
305292,7,250.08,1355.00,
305293,7,7.22,38.06,
305293,1,198.85,144.63,
305293,7,47.48,239.22,
305293,1,194.55,138.09,
305293,6,328.55,1357.57,
305293,2,24.50,33.90,
305293,4,154.89,442.46,
305295,4,95.23,287.24,
305295,2,12.13,18.54,
305295,5,23.76,89.33,
305298,1,482.46,395.80,
305298,4,110.68,371.40,
305298,3,421.26,1058.75,
305299,2,59.41,99.61,
305299,5,45.36,204.81,
305299,3,212.38,567.95,
305299,4,146.83,508.31,
305299,5,78.66,352.66,
305299,3,80.31,200.71,
305299,1,383.88,353.93,
305303,4,73.16,226.21,
305303,5,96.77,348.58,
305303,3,65.94,144.03,
305303,5,290.75,1096.71,
305305,2,23.38,34.95,
305305,3,418.32,939.10,
305305,3,7.66,18.51,
305305,2,413.28,583.47,
305305,3,31.05,66.51,
305305,4,188.60,551.99,
305305,2,304.61,463.97,
305305,2,222.02,357.47,
305305,3,65.82,141.27,
305305,4,119.20,394.19,
305305,2,160.69,244.14,
305305,6,139.52,673.64,
305307,4,312.17,1021.82,
305307,3,91.78,244.66,
305307,1,346.19,295.54,
305307,6,72.22,394.77,
305307,2,260.64,436.54,
305307,4,116.47,367.60,
305307,6,130.94,684.39,
305308,4,119.59,353.46,
305308,4,12.05,37.49,
305308,7,163.68,900.37,
305308,4,188.32,564.96,
305309,4,11.75,37.36,
305309,4,8.18,27.06,
305309,4,82.19,273.10,
305309,6,384.72,1935.84,
305309,6,86.98,433.94,
305309,4,8.62,27.32,
305309,6,35.54,168.45,
305309,2,187.99,316.28,
305309,2,122.89,205.96,
305309,3,520.71,1195.45,
305309,2,35.05,53.74,
305312,5,22.92,94.34,
305312,6,95.23,506.55,
305312,5,7.71,30.91,
305312,1,191.06,160.18,
305312,11,92.26,852.63,
305312,4,186.35,629.96,
305313,3,19.48,49.65,
305313,3,236.64,616.91,
305313,6,258.72,1336.71,
305313,5,33.13,148.85,
305313,5,325.40,1426.16,
305313,4,63.01,213.75,
305313,3,188.67,517.78,
305313,4,75.05,274.06,
305315,7,323.19,1982.98,
305315,5,440.16,2062.15,
305315,2,41.99,79.75,
305315,3,49.19,136.95,
305316,4,485.52,1544.23,
305316,2,44.78,70.83,
305316,6,88.22,430.36,
305316,5,160.16,601.13,
305316,2,92.83,135.59,
305317,2,391.02,555.73,
305317,4,33.30,101.53,
305317,4,144.54,434.65,
305317,2,158.69,232.31,
305317,3,23.35,52.74,
305317,2,102.91,152.63,
305319,4,12.91,38.47,
305319,3,123.68,264.30,
305319,2,146.38,217.94,
305319,5,78.74,311.90,
305319,4,24.91,68.99,
305322,9,434.28,3396.62,
305322,5,21.89,97.79,
305322,2,214.64,380.36,
305322,1,23.62,19.84,
305322,9,8.74,62.04,
305322,3,226.08,555.42,
305322,4,12.24,43.83,
305322,3,283.82,689.68,
305322,5,61.43,242.35,
305322,4,19.46,66.59,
305322,7,7.79,47.80,
305322,2,170.90,279.31,
305322,3,218.40,608.62,
305322,6,118.71,573.62,
305322,5,118.35,488.93,
305323,4,121.70,386.91,
305323,2,138.20,211.33,
305323,5,91.97,343.68,
305323,6,44.60,222.72,
305323,2,195.57,309.77,
305326,3,56.36,124.51,
305326,4,49.37,135.05,
305326,9,76.38,486.37,
305326,7,110.33,628.07,
305326,7,16.58,82.37,
305326,9,62.46,454.21,
305327,4,72.93,260.44,
305327,5,193.52,817.36,
305327,4,134.64,469.39,
305327,3,213.82,552.51,
305327,2,23.28,40.03,
305327,1,91.97,79.95,
305327,7,158.58,1005.86,
305327,5,24.17,102.26,
305327,3,519.18,1401.93,
305327,4,33.99,116.75,
305327,6,333.90,1864.34,
305327,4,240.72,812.70,
305328,4,72.06,250.39,
305328,2,485.01,828.03,
305328,3,419.16,1000.25,
305328,4,494.19,1661.22,
305328,3,29.87,73.85,
305328,2,159.90,271.32,
305328,3,94.85,238.17,
305328,8,12.94,86.97,
305329,5,29.77,111.30,
305329,2,34.32,50.57,
305329,4,7.58,23.39,
305329,5,207.05,836.07,
305329,3,124.61,248.87,
305330,2,12.75,19.08,
305330,4,31.98,111.56,
305330,5,18.88,79.14,
305330,4,210.74,623.30,
305330,7,202.13,1133.99,
305330,7,74.50,416.95,
305330,11,7.94,67.87,
305331,2,44.19,62.99,
305331,4,445.20,1263.30,
305331,3,141.37,320.01,
305331,7,25.27,138.28,
305331,4,17.95,55.75,
305331,3,7.36,16.02,
305334,4,229.92,766.63,
305334,3,25.70,65.31,
305334,3,404.88,976.45,
305334,2,24.34,40.45,
305334,4,22.39,76.16,
305334,5,23.21,88.96,
305334,5,502.86,2033.15,
305335,4,115.40,410.67,
305335,4,31.85,108.56,
305335,2,12.45,21.87,
305335,4,220.32,877.50,
305335,2,161.88,317.77,
305336,4,235.68,854.83,
305336,3,57.46,153.64,
305336,4,11.54,37.17,
305336,5,223.86,1094.41,
305336,2,18.40,32.66,
305338,2,13.26,20.70,
305338,5,64.97,271.66,
305338,4,95.71,322.73,
305338,3,256.80,656.70,
305338,6,141.90,726.48,
305338,6,45.86,213.40,
305338,5,93.98,382.43,
305338,7,243.60,1483.08,
305338,5,164.92,668.17,
305340,2,99.94,151.01,
305340,6,42.44,211.38,
305340,5,168.08,669.07,
305341,5,114.22,441.23,
305341,7,184.98,1022.63,
305341,7,163.50,908.26,
305341,8,434.28,2701.35,
305341,2,12.91,20.34,
305345,7,35.21,206.35,
305345,2,13.28,21.72,
305345,2,23.47,39.32,
305345,4,12.73,43.73,
305345,2,47.48,79.06,
305345,4,383.88,1212.63,
305348,7,140.14,705.71,
305348,4,98.30,289.91,
305348,6,74.89,362.24,
305348,3,48.33,114.71,
305348,5,139.52,540.59,
305348,5,33.66,129.72,
305348,3,41.85,96.06,
305348,5,19.19,68.32,
305349,4,173.71,612.34,
305349,3,13.45,34.68,
305349,6,29.80,153.89,
305349,4,555.90,1801.19,
305350,4,178.64,616.66,
305350,4,223.68,769.39,
305350,3,526.32,1343.17,
305350,3,55.63,131.98,
305350,4,104.45,340.16,
305351,3,119.53,280.70,
305351,6,448.14,2311.99,
305351,7,131.47,755.25,
305351,7,185.68,999.58,
305351,4,203.77,677.23,
305351,4,404.46,1283.21,
305351,3,42.08,102.44,
305351,6,59.78,272.18,
305351,4,522.75,1540.08,
305351,5,21.70,84.38,
305351,5,13.00,51.93,
305351,6,417.06,2063.49,
305351,4,342.41,1178.17,
305353,3,85.33,228.61,
305353,6,13.54,76.37,
305353,3,61.00,174.12,
305353,3,121.97,344.31,
305353,2,159.46,293.22,
305353,5,249.60,1194.37,
305353,6,109.39,601.30,
305356,3,338.00,821.24,
305356,1,182.16,148.97,
305356,6,17.55,83.82,
305356,2,18.72,28.54,
305356,4,311.85,1009.16,
305356,6,143.75,729.07,
305356,4,25.90,84.25,
305356,3,85.57,201.59,
305357,3,345.24,819.29,
305357,6,390.60,1724.63,
305357,2,203.98,316.99,
305360,4,319.73,1077.10,
305360,4,12.68,46.52,
305360,7,71.36,435.16,
305360,3,256.56,663.62,
305360,4,334.85,1150.75,
305360,2,159.81,285.42,
305360,4,424.20,1473.01,
305360,3,243.84,619.88,
305360,10,449.40,4166.19,
305361,8,18.58,117.58,
305361,3,94.27,222.98,
305361,4,120.24,387.62,
305361,6,12.21,52.24,
305361,6,255.36,1163.28,
305361,8,519.69,3257.97,
305361,5,344.93,1405.60,
305361,4,396.06,1287.02,
305362,3,12.44,29.31,
305362,6,476.85,2422.07,
305362,4,132.13,419.87,
305362,4,402.36,1294.03,
305362,3,57.28,135.80,
305362,5,381.78,1485.25,
305363,4,24.00,68.60,
305363,4,243.60,812.99,
305363,6,434.70,2042.68,
305366,6,160.51,777.89,
305366,9,119.89,919.76,
305369,2,438.90,749.38,
305369,5,242.40,1080.85,
305369,7,11.65,70.55,
305369,5,109.74,440.11,
305369,5,83.29,341.83,
305369,5,126.98,576.23,
305369,2,83.45,147.09,
305370,2,208.69,345.77,
305370,5,333.90,1383.83,
305370,6,94.27,499.07,
305370,5,243.84,1037.90,
305370,8,11.38,82.58,
305370,3,79.52,215.80,
305370,6,23.42,120.49,
305370,2,60.82,105.33,
305372,3,36.07,90.53,
305372,1,235.20,172.10,
305372,3,19.19,46.28,
305372,3,190.24,531.63,
305372,2,414.12,702.42,
305374,2,462.57,759.95,
305374,4,7.29,24.10,
305374,4,93.22,306.38,
305375,4,133.58,440.26,
305375,3,65.09,172.21,
305375,3,118.35,284.69,
305375,3,215.25,556.24,
305375,3,93.41,224.39,
305375,1,17.87,15.36,
305375,6,315.32,1594.32,
305375,4,90.62,296.97,
305376,3,346.19,825.36,
305376,2,11.91,18.77,
305377,5,306.18,1187.17,
305377,3,31.28,67.60,
305377,3,507.96,1230.21,
305377,4,143.62,451.26,
305377,5,72.77,282.38,
305377,2,23.74,36.59,
305377,7,154.13,838.78,
305377,1,24.43,18.53,
305377,3,63.38,145.64,
305377,3,147.90,329.10,
305377,7,94.27,517.33,
305378,2,144.86,258.28,
305378,10,216.89,1991.15,
305378,8,72.22,537.20,
305378,4,453.18,1500.32,
305381,5,292.32,1291.53,
305381,5,465.63,2198.42,
305381,7,65.94,395.79,
305381,3,164.01,464.23,
305381,5,17.60,79.92,
305381,3,44.91,110.70,
305382,7,63.75,337.49,
305382,5,252.48,1014.52,
305382,5,24.07,87.62,
305382,3,409.08,890.69,
305382,5,23.21,84.19,
305382,3,318.15,758.20,
305382,3,32.21,67.96,
305383,4,102.62,325.05,
305383,4,8.46,28.64,
305383,4,40.91,143.59,
305383,5,8.54,38.43,
305383,5,75.60,302.36,
305383,1,553.35,477.82,
305383,2,19.75,31.70,
305383,4,43.16,139.15,
305383,3,220.79,533.18,
305385,5,182.69,736.25,
305385,6,16.56,85.07,
305385,6,429.66,2134.27,
305385,2,383.46,639.84,
305385,6,317.84,1606.92,
305385,4,161.04,520.85,
305385,5,259.44,1171.05,
305386,7,235.20,1436.16,
305386,5,531.93,2195.74,
305386,2,142.69,246.06,
305386,3,94.75,248.36,
305386,3,21.72,51.22,
305386,4,532.95,1820.16,
305386,2,24.17,40.58,
305386,7,7.74,45.77,
305387,5,16.25,57.17,
305387,3,425.04,1089.09,
305387,6,201.31,994.30,
305387,5,90.24,379.80,
305387,5,7.45,28.70,
305387,3,396.06,878.78,
305387,5,32.77,138.88,
305387,5,19.35,72.92,
305388,5,16.58,73.40,
305388,5,178.82,795.04,
305388,5,45.14,186.30,
305388,4,13.61,48.54,
305388,4,437.64,1539.87,
305388,4,82.35,296.85,
305388,7,220.32,1264.38,
305388,5,482.46,2190.63,
305388,5,480.42,2173.56,
305388,5,161.12,674.86,
305390,9,313.74,2151.03,
305390,2,7.87,11.92,
305390,2,31.28,45.95,
305390,4,8.06,26.20,
305390,6,48.47,231.08,
305390,4,189.90,565.03,
305390,3,412.02,983.28,
305390,5,16.43,60.73,
305390,4,344.93,1106.65,
305390,5,213.20,805.88,
305390,5,18.45,69.70,
305393,6,90.72,371.97,
305393,2,12.10,17.54,
305393,6,43.29,194.11,
305393,4,59.17,178.14,
305393,5,8.44,32.48,
305393,4,17.24,47.84,
305393,7,24.82,134.35,
305393,5,42.66,167.36,
305396,6,48.47,236.13,
305396,4,125.55,401.22,
305396,6,126.85,614.53,
305396,5,545.70,2077.20,
305396,4,40.73,136.97,
305396,1,60.88,51.77,
305396,1,58.19,47.52,
305396,2,186.96,298.13,
305396,3,130.81,321.59,
305396,4,47.84,161.52,
305396,6,124.84,665.16,
305398,7,13.43,73.16,
305398,3,19.13,48.20,
305398,2,8.28,12.30,
305398,6,190.86,895.65,
305398,5,526.32,2035.38,
305398,3,181.63,377.09,
305398,6,90.34,388.35,
305398,1,56.73,46.52,
305401,7,8.70,52.90,
305401,4,125.27,416.26,
305401,2,240.72,410.57,
305401,3,443.52,1130.87,
305401,5,36.14,161.81,
305401,3,319.10,828.41,
305401,1,217.92,184.82,
305401,2,127.20,213.26,
305401,6,64.60,322.02,
305402,4,132.66,444.34,
305402,2,59.48,102.81,
305402,4,432.18,1446.19,
305402,4,192.54,630.18,
305402,6,383.88,1940.16,
305402,5,128.74,558.31,
305403,3,65.51,183.64,
305403,2,81.88,137.63,
305403,3,11.36,26.52,
305403,4,173.89,577.85,
305403,4,118.12,422.10,
305403,6,150.94,757.34,
305403,4,337.05,1127.09,
305403,3,418.32,1083.43,
305403,7,33.46,195.24,
305403,4,22.08,81.87,
305403,6,160.97,808.63,
305403,5,8.49,35.48,
305403,5,135.96,630.02,
305406,2,59.35,108.16,
305406,3,21.74,55.09,
305406,4,13.54,48.12,
305406,6,179.17,985.38,
305406,6,35.18,194.63,
305406,4,284.76,975.92,
305406,4,166.32,665.28,
305407,3,288.23,772.45,
305407,6,130.02,698.57,
305407,3,230.64,619.08,
305407,3,161.42,420.59,
305407,5,141.50,660.68,
305407,6,220.38,1117.79,
305407,3,58.74,163.24,
305407,3,60.88,170.90,
305407,6,132.79,623.05,
305407,5,103.10,466.53,
305407,5,109.86,495.61,
305407,5,101.95,432.93,
305408,2,8.69,14.58,
305408,2,31.38,51.22,
305408,10,459.48,3743.56,
305408,4,8.08,25.30,
305408,3,76.07,186.21,
305408,4,181.28,631.96,
305408,8,11.53,77.38,
305408,7,117.29,677.66,
305408,3,201.93,478.84,
305410,3,25.68,63.35,
305410,8,35.44,241.95,
305410,5,561.00,2453.05,
305410,3,44.06,114.27,
305410,1,551.31,432.02,
305412,3,7.30,16.33,
305412,3,551.31,1318.98,
305412,6,18.56,84.49,
305412,5,153.67,626.28,
305412,5,122.96,514.01,
305412,5,298.31,1274.64,
305413,4,220.38,830.87,
305413,6,243.60,1285.16,
305413,5,21.70,91.45,
305413,4,504.90,1760.37,
305413,5,47.88,223.96,
305413,5,181.46,823.12,
305413,4,47.30,170.85,
305414,7,193.07,1055.69,
305414,3,241.44,529.65,
305415,5,548.76,2063.31,
305415,5,101.57,404.49,
305415,3,502.86,1163.10,
305415,7,11.71,65.26,
305415,3,214.02,501.76,
305415,9,23.16,162.67,
305415,5,19.10,70.38,
305415,3,556.92,1342.75,
305418,3,8.46,22.10,
305418,7,30.16,194.10,
305418,3,455.28,1282.51,
305418,1,8.46,7.75,
305418,5,22.01,101.72,
305418,4,24.98,99.79,
305418,5,13.68,64.83,
305418,5,401.94,1795.91,
305418,2,502.86,913.20,
305419,1,127.51,110.98,
305419,8,231.60,1523.84,
305419,4,329.18,1184.37,
305419,3,73.40,203.57,
305419,2,224.27,387.71,
305419,3,117.65,296.07,
305421,2,120.65,199.97,
305421,6,550.80,2799.96,
305421,7,65.21,402.51,
305422,3,427.14,1129.11,
305422,4,8.44,29.09,
305422,2,118.00,200.75,
305422,3,121.19,311.10,
305422,5,102.14,442.96,
305422,6,22.80,124.40,
305422,5,508.47,2371.04,
305423,3,23.14,57.13,
305423,4,163.68,630.90,
305423,5,191.06,859.35,
305423,5,503.88,2358.72,
305424,6,92.16,478.43,
305424,5,222.24,995.66,
305424,3,23.78,66.74,
305424,5,80.54,336.30,
305427,2,440.58,761.20,
305427,4,35.67,124.36,
305427,6,18.67,96.54,
305427,3,126.59,329.66,
305427,2,143.09,233.31,
305427,9,125.14,1005.26,
305427,2,153.06,257.10,
305428,4,23.21,78.60,
305428,3,254.16,700.14,
305428,4,299.25,1123.15,
305428,6,57.77,321.42,
305428,2,8.21,14.67,
305428,4,205.41,708.78,
305428,1,62.59,58.67,
305428,6,70.73,390.05,
305428,3,197.42,546.53,
305428,4,56.36,213.74,
305428,3,458.64,1246.78,
305428,12,339.57,3595.91,
305428,4,22.80,85.66,
305428,3,59.84,161.52,
305428,4,19.08,65.82,
305432,5,65.70,287.33,
305432,4,185.50,659.60,
305436,4,57.22,195.63,
305436,2,124.61,220.51,
305436,4,82.82,284.84,
305436,4,63.07,213.73,
305439,11,16.25,167.33,
305439,10,440.58,3941.98,
305439,2,24.65,45.68,
305439,6,103.30,540.68,
305439,6,74.73,395.99,
305439,3,24.67,63.78,
305439,7,176.35,1172.50,
305439,4,209.72,767.01,
305440,3,23.81,60.43,
305440,3,96.38,242.92,
305440,2,193.60,316.14,
305440,4,92.45,313.25,
305440,6,12.18,64.07,
305440,3,22.68,58.23,
305440,6,33.46,157.73,
305442,4,78.50,265.51,
305442,3,400.26,1061.46,
305444,6,200.70,1074.30,
305444,4,183.04,686.53,
305444,4,18.83,68.54,
305444,9,550.29,4184.15,
305444,3,22.39,64.31,
305444,5,7.42,34.73,
305444,4,140.30,493.70,
305445,3,25.63,68.18,
305445,2,547.74,990.67,
305445,7,450.66,2902.20,
305445,4,97.44,335.01,
305445,3,461.04,1157.89,
305451,4,60.39,201.39,
305451,6,24.82,127.75,
305451,2,100.80,176.63,
305451,6,515.10,2621.93,
305451,2,315.63,600.34,
305451,3,18.92,48.15,
305451,3,463.59,1226.39,
305451,1,336.74,276.26,
305451,4,175.82,612.13,
305451,5,46.40,192.03,
305451,4,8.14,27.57,
305451,5,13.56,57.44,
305451,7,62.28,364.69,
305451,4,42.08,152.06,
305451,3,82.97,225.85,
305453,1,443.94,351.52,
305453,7,97.63,515.70,
305453,2,21.60,33.05,
305453,5,158.54,582.83,
305453,5,66.61,256.53,
305454,4,18.79,69.28,
305454,5,58.32,271.08,
305454,3,95.52,248.09,
305454,2,154.28,284.10,
305454,4,449.40,1647.85,
305454,2,24.07,43.18,
305454,2,225.30,394.55,
305454,2,48.96,90.47,
305454,5,189.02,868.03,
305454,3,70.89,194.28,
305454,6,129.33,722.78,
305455,2,163.50,282.30,
305455,7,296.73,1942.87,
305455,4,137.56,478.68,
305455,4,172.66,632.20,
305455,4,173.89,614.21,
305456,2,343.98,587.94,
305456,2,85.09,149.24,
305456,3,186.03,477.12,
305456,6,217.68,1169.60,
305459,5,488.58,1873.72,
305459,3,11.70,26.34,
305459,6,234.96,1131.61,
305459,1,120.78,83.64,
305459,6,73.24,312.32,
305461,3,112.93,253.76,
305461,5,12.30,47.50,
305461,6,153.22,773.33,
305461,5,92.26,359.27,
305461,1,23.64,19.44,
305461,1,170.19,130.67,
305462,7,103.39,617.19,
305462,5,79.13,377.64,
305462,3,16.60,41.86,
305462,2,331.07,556.98,
305462,3,44.42,114.41,
305462,3,11.93,29.77,
305463,4,212.18,708.10,
305463,4,503.88,1713.88,
305463,3,11.89,29.52,
305463,4,35.34,116.68,
305463,3,33.50,83.83,
305463,3,144.28,354.61,
305463,7,261.60,1446.95,
305463,3,82.35,192.63,
305463,4,90.72,313.04,
305463,2,346.19,578.70,
305463,6,56.61,290.51,
305463,3,12.24,31.57,
305466,3,84.54,203.62,
305466,6,47.88,214.19,
305466,2,192.72,303.91,
305466,8,258.48,1689.04,
305466,5,298.94,1271.02,
305466,9,286.65,2019.07,
305466,2,89.28,136.50,
305468,4,34.58,118.73,
305468,7,44.51,260.02,
305468,5,26.02,105.88,
305468,4,30.46,106.39,
305468,2,13.73,24.77,
305471,4,58.74,197.09,
305471,5,158.58,730.65,
305471,4,155.04,551.46,
305471,3,7.38,19.50,
305471,2,467.16,828.68,
305471,4,82.74,280.20,
305471,3,130.28,318.56,
305471,5,254.64,1132.73,
305473,5,340.20,1635.13,
305473,4,123.55,421.40,
305473,5,13.33,56.82,
305473,3,18.52,47.27,
305473,7,301.14,1793.71,
305473,3,458.22,1157.81,
305473,5,26.18,113.35,
305474,5,440.16,1711.52,
305474,4,11.90,39.48,
305475,6,159.30,791.33,
305475,3,22.27,58.35,
305475,3,22.39,59.96,
305475,5,19.71,85.08,
305475,7,125.80,774.49,
305475,3,132.00,352.57,
305475,4,81.95,278.67,
305475,5,43.61,191.54,
305475,4,139.92,464.15,
305475,5,12.08,51.76,
305475,5,48.96,219.99,
305475,4,56.73,190.47,
305475,6,444.78,2228.18,
305477,3,145.20,306.68,
305477,1,117.76,90.89,
305477,6,32.77,147.80,
305477,5,7.95,28.72,
305477,6,26.35,121.82,
305477,2,408.66,579.58,
305479,4,472.77,1526.25,
305479,5,159.30,680.07,
305480,4,56.06,179.47,
305480,5,19.55,88.02,
305480,4,192.54,669.20,
305480,5,13.13,56.41,
305480,6,8.06,43.35,
305480,2,23.47,37.50,
305480,5,17.06,73.29,
305480,4,196.39,684.42,
305481,4,326.66,1108.00,
305481,2,18.54,33.28,
305481,5,26.21,112.44,
305481,1,144.28,118.04,
305481,5,219.84,970.28,
305482,4,303.03,952.13,
305482,5,35.77,135.88,
305482,4,313.11,932.42,
305482,3,44.55,105.28,
305482,4,12.75,40.70,
305482,2,185.73,281.25,
305485,2,7.94,11.38,
305485,8,489.09,3072.19,
305485,3,128.70,280.61,
305485,10,22.54,167.03,
305485,3,125.66,287.37,
305485,3,48.20,101.58,
305485,4,426.72,1258.72,
305485,6,160.69,798.74,
305485,10,179.34,1325.88,
305487,3,119.20,291.74,
305487,2,25.25,41.27,
305487,2,133.72,220.08,
305487,2,43.52,67.21,
305488,2,236.64,384.95,
305488,4,392.28,1337.61,
305488,4,17.14,58.26,
305488,7,227.76,1404.39,
305488,3,41.09,104.86,
305490,6,45.59,221.66,
305490,7,237.12,1433.77,
305490,7,8.78,50.96,
305490,3,17.66,44.11,
305490,4,72.53,251.21,
305490,3,260.64,658.86,
305490,4,304.29,982.27,
305490,4,18.38,68.63,
305490,6,208.69,1123.27,
305490,7,249.36,1604.01,
305491,5,342.72,1434.32,
305491,7,56.06,333.13,
305491,5,45.14,193.64,
305491,6,165.68,882.64,
305493,4,123.42,423.86,
305493,4,30.29,98.50,
305493,6,13.09,69.95,
305493,3,126.97,335.70,
305493,5,32.60,144.41,
305493,5,11.31,49.52,
305493,5,172.48,722.70,
305493,3,334.85,874.38,
305493,6,115.76,610.86,
305494,4,18.94,63.60,
305494,5,329.18,1437.79,
305495,4,13.16,46.34,
305495,6,12.45,64.98,
305495,4,134.24,446.14,
305495,4,459.48,1708.38,
305496,4,137.28,473.65,
305496,4,181.81,631.57,
305496,4,141.66,499.74,
305496,3,26.02,61.23,
305496,2,33.99,61.85,
305497,5,121.07,511.35,
305497,4,152.91,517.45,
305497,4,65.21,211.37,
305497,2,129.62,218.39,
305497,1,537.03,474.34,
305497,5,56.79,246.21,
305497,8,436.38,2894.80,
305497,2,100.61,179.40,
305497,4,78.42,279.10,
305498,4,19.76,65.80,
305498,2,90.62,144.10,
305498,1,164.31,134.67,
305498,4,147.29,477.02,
305498,3,62.04,151.32,
305498,2,43.92,75.45,
305498,7,448.56,2703.17,
305502,3,497.25,1161.52,
305502,1,97.34,69.76,
305502,4,380.10,1114.77,
305504,3,93.50,218.10,
305504,2,78.03,124.46,
305504,2,326.34,531.66,
305504,3,16.61,39.71,
305504,4,95.81,310.24,
305504,4,172.83,518.57,
305504,4,154.89,478.86,
305504,4,18.16,54.95,
305504,3,96.77,228.50,
305506,2,327.29,573.68,
305506,3,65.76,167.06,
305506,2,183.04,313.18,
305506,5,19.35,82.68,
305506,1,11.89,10.53,
305506,3,31.52,72.92,
305506,3,25.66,67.92,
305508,6,480.42,2282.59,
305508,6,46.98,223.97,
305508,6,528.87,2668.95,
305508,3,7.83,19.48,
305508,5,217.44,853.44,
305508,6,36.10,190.69,
305508,7,73.63,398.66,
305511,1,121.97,106.53,
305511,3,306.81,765.86,
305511,6,111.39,556.19,
305511,1,31.12,26.07,
305511,6,172.83,853.45,
305511,4,7.92,28.49,
305511,7,76.54,446.41,
305512,4,173.01,597.63,
305512,2,73.08,136.59,
305512,2,84.78,145.22,
305512,3,140.98,397.74,
305513,3,30.46,83.16,
305513,1,434.70,389.51,
305513,5,189.20,828.33,
305513,3,201.11,519.26,
305513,2,132.13,243.00,
305513,4,337.05,1147.22,
305513,2,236.16,438.04,
305513,2,41.18,67.07,
305513,2,19.30,32.97,
305513,3,79.13,202.47,
305515,4,229.44,724.57,
305515,6,253.92,1166.08,
305515,4,23.78,70.97,
305515,7,17.14,91.66,
305517,7,99.65,603.20,
305517,3,326.97,870.91,
305517,5,13.68,61.75,
305517,2,18.49,32.59,
305517,3,335.16,859.92,
305517,4,18.59,64.24,
305517,4,86.11,293.31,
305517,6,118.80,654.40,
305517,5,173.18,797.68,
305517,6,467.16,2397.82,
305517,6,337.68,1846.07,
305517,5,36.04,157.63,
305517,4,151.39,547.30,
305520,4,82.27,288.86,
305520,6,18.79,95.54,
305520,7,18.58,113.64,
305520,2,101.09,165.42,
305520,3,143.34,350.05,
305520,2,13.20,22.00,
305520,2,460.02,757.94,
305520,6,140.84,725.77,
305520,5,286.65,1189.13,
305520,6,35.31,172.08,
305520,6,11.98,59.53,
305523,3,216.28,572.42,
305523,1,8.34,7.37,
305523,6,140.60,765.83,
305523,3,12.25,32.72,
305523,6,511.53,2678.16,
305524,6,466.65,2219.85,
305524,2,55.51,82.88,
305524,2,383.04,626.49,
305524,6,19.62,88.10,
305524,4,100.61,313.55,
305524,3,87.26,205.87,
305525,2,73.24,122.51,
305525,3,72.46,189.56,
305525,4,227.28,728.07,
305525,3,17.84,46.26,
305525,4,126.38,424.53,
305525,4,129.36,422.83,
305526,3,196.80,512.60,
305526,3,386.40,964.62,
305526,3,313.11,846.85,
305526,5,339.57,1552.70,
305526,5,12.94,58.44,
305526,3,139.92,359.25,
305526,6,17.41,91.82,
305526,2,26.28,45.62,
305526,5,24.86,104.80,
305526,3,8.01,21.57,
305526,5,8.68,38.95,
305526,8,439.32,3112.50,
305526,3,180.93,466.40,
305526,5,86.11,399.75,
305526,1,192.54,169.38,
305528,3,34.02,71.45,
305528,7,112.81,552.48,
305528,9,342.09,2441.39,
305528,4,30.00,91.28,
305529,7,186.76,1108.97,
305529,4,533.46,1874.22,
305529,2,29.83,50.97,
305529,2,108.56,189.40,
305529,3,171.25,440.67,
305529,9,538.05,3884.25,
305529,6,48.92,243.95,
305529,5,241.44,1087.13,
305529,4,43.16,147.16,
305531,4,16.74,60.39,
305531,4,176.00,651.94,
305531,1,142.88,115.95,
305531,3,151.09,399.82,
305531,3,159.30,385.30,
305531,2,213.41,356.42,
305531,4,85.02,307.30,
305531,4,43.43,147.22,
305531,3,26.09,68.66,
305531,1,46.49,38.95,
305532,3,80.78,185.17,
305532,6,31.05,146.63,
305532,6,218.94,965.81,
305532,1,137.54,110.14,
305535,4,500.82,1716.30,
305535,5,72.69,327.95,
305535,5,403.62,1825.03,
305541,4,77.01,253.19,
305541,3,241.68,563.12,
305541,2,527.85,837.37,
305541,5,88.61,384.53,
305541,1,44.60,37.52,
305541,2,209.31,355.99,
305541,4,261.12,893.35,
305547,3,122.76,351.31,
305547,7,80.86,502.11,
305547,6,292.95,1571.83,
305547,5,34.65,161.13,
305547,6,103.30,585.16,
305547,5,82.19,405.68,
305547,3,12.83,37.53,
305547,4,16.96,60.08,
305547,4,30.92,114.60,
305547,8,432.18,2957.59,
305549,3,122.36,268.99,
305549,5,160.69,572.32,
305549,6,285.08,1261.83,
305549,4,195.37,591.93,
305549,3,66.37,153.44,
305549,5,30.10,106.44,
305549,4,337.37,1033.67,
305549,4,86.88,262.42,
305549,8,43.83,265.77,
305549,4,7.70,22.51,
305551,5,523.77,2345.10,
305551,4,110.21,355.17,
305551,4,90.05,315.35,
305553,3,82.58,210.06,
305553,3,110.21,308.98,
305553,2,46.98,81.18,
305553,5,115.52,531.69,
305553,3,32.77,94.08,
305553,1,18.95,17.12,
305554,7,13.15,66.64,
305554,3,19.19,45.53,
305554,7,216.28,1173.90,
305554,6,8.65,38.74,
305554,3,82.11,180.04,
305554,7,7.83,42.82,
305554,9,185.73,1243.01,
305556,5,8.33,32.63,
305556,2,90.62,134.05,
305556,1,289.17,218.81,
305556,4,193.07,569.94,
305556,1,106.91,86.17,
305556,4,45.54,150.22,
305556,4,7.52,24.56,
305557,3,321.30,710.54,
305557,7,124.61,650.94,
305558,3,96.86,262.38,
305558,3,123.19,360.61,
305558,4,295.47,1038.27,
305558,4,198.44,696.75,
305558,7,61.31,391.38,
305558,6,150.33,834.67,
305561,3,456.96,1278.11,
305561,2,133.58,252.58,
305561,6,431.34,2313.58,
305562,3,73.16,177.48,
305562,4,329.49,995.90,
305562,4,319.73,992.04,
305562,3,403.20,944.55,
305562,4,438.90,1423.73,
305562,6,17.82,81.14,
305562,6,141.36,715.90,
305562,3,63.14,145.70,
305562,5,75.52,308.30,
305563,6,124.96,703.53,
305563,4,158.75,595.27,
305563,6,34.75,184.58,
305563,1,31.02,28.44,
305563,4,305.55,1039.81,
305563,6,61.06,331.59,
305563,4,64.29,237.89,
305563,2,77.01,134.54,
305565,5,30.23,128.61,
305565,8,85.57,573.23,
305565,4,13.46,46.16,
305565,5,164.56,721.17,
305565,1,23.76,19.64,
305565,4,22.13,79.92,
305570,2,115.29,155.48,
305570,2,11.94,19.69,
305570,5,86.50,343.60,
305573,7,23.30,135.80,
305573,2,344.61,607.58,
305573,2,440.58,731.40,
305573,5,65.51,284.09,
305573,6,121.57,652.62,
305573,1,19.22,16.73,
305573,5,425.04,1901.46,
305574,2,124.74,199.15,
305574,5,112.57,505.99,
305576,6,7.61,35.85,
305576,5,7.22,28.12,
305576,3,42.93,107.75,
305576,5,121.31,468.02,
305576,4,84.00,264.24,
305576,5,7.97,31.30,
305576,3,99.26,257.11,
305578,5,19.80,74.02,
305578,6,12.64,51.30,
305578,3,87.17,195.74,
305578,2,8.64,13.00,
305578,4,116.47,359.49,
305578,5,13.66,50.08,
305585,5,319.41,1349.55,
305585,5,22.03,91.90,
305585,3,18.90,51.70,
305585,2,23.42,40.08,
305585,4,137.02,452.01,
305586,4,106.32,315.75,
305586,4,403.62,1306.27,
305586,1,138.07,109.18,
305586,4,138.07,441.04,
305586,6,125.91,564.28,
305586,5,41.45,154.80,
305586,5,31.71,130.78,
305586,5,32.34,122.27,
305586,5,7.63,29.11,
305586,3,18.47,40.89,
305586,6,76.22,344.22,
305586,8,448.56,2876.38,
305586,2,121.31,201.85,
305589,5,507.96,2159.28,
305589,5,12.36,53.67,
305589,7,159.46,952.65,
305589,6,7.80,39.58,
305589,3,75.28,177.62,
305589,3,77.01,196.83,
305591,1,214.84,182.58,
305591,5,61.79,248.53,
305591,4,125.66,408.62,
305591,6,155.04,769.81,
305591,5,98.88,396.11,
305591,2,432.18,708.93,
305591,5,24.22,101.03,
305591,8,85.09,540.60,
305591,2,45.81,74.35,
305596,5,48.83,208.18,
305596,6,218.64,1126.57,
305596,3,44.33,102.88,
305596,1,329.81,265.01,
305597,1,87.84,65.49,
305597,2,7.26,10.34,
305597,4,139.79,409.66,
305597,4,506.43,1586.08,
305597,2,98.11,142.69,
305600,4,298.31,899.57,
305600,5,24.07,96.35,
305600,3,58.56,143.36,
305600,5,156.41,565.61,
305600,1,398.58,343.28,
305600,2,66.55,98.15,
305600,7,139.38,867.28,
305600,3,141.11,357.19,
305600,1,7.30,6.00,
305600,6,313.74,1567.91,
305603,3,112.22,287.34,
305603,6,32.04,159.72,
305604,5,56.12,245.49,
305604,3,25.32,65.82,
305604,3,169.14,448.99,
305604,3,47.97,124.90,
305604,6,31.85,164.22,
305604,2,99.94,162.86,
305604,2,77.79,141.74,
305604,6,103.58,544.60,
305604,3,55.88,140.32,
305604,7,32.27,196.11,
305604,6,7.94,40.58,
305604,5,99.94,466.08,
305604,3,7.50,19.48,
305604,4,8.19,27.86,
305604,3,323.51,793.65,
305606,5,145.31,597.00,
305606,3,11.95,31.98,
305606,3,515.61,1280.93,
305606,4,7.66,25.55,
305606,5,166.29,657.32,
305606,1,264.00,222.88,
305608,5,16.97,74.04,
305608,6,408.24,2109.84,
305608,6,87.36,516.54,
305608,3,190.65,463.45,
305608,1,383.04,312.24,
305611,1,18.34,14.63,
305611,3,144.55,365.12,
305611,2,13.69,24.28,
305611,5,202.13,914.04,
305611,3,421.26,1121.43,
305612,5,153.98,692.80,
305612,5,162.62,699.09,
305612,8,131.60,964.55,
305612,3,13.11,33.53,
305612,6,19.21,104.67,
305612,5,315.32,1359.83,
305613,2,224.64,345.34,
305613,1,223.86,177.84,
305613,3,23.62,55.60,
305619,2,159.14,283.92,
305619,4,57.52,197.80,
305619,1,467.67,383.51,
305619,4,35.74,129.46,
305621,4,19.76,70.32,
305621,2,210.74,377.92,
305621,5,126.97,560.41,
305621,5,16.27,65.92,
305621,5,41.45,184.50,
305621,4,146.83,541.45,
305626,4,19.49,61.76,
305626,4,410.34,1289.75,
305626,2,44.42,66.01,
305626,3,32.64,75.93,
305626,2,121.97,200.67,
305626,7,42.93,248.49,
305626,5,17.17,67.49,
305626,3,18.54,41.54,
305626,5,44.19,179.90,
305626,4,101.47,314.98,
305626,7,25.22,125.53,
305631,8,19.66,140.54,
305631,7,198.85,1209.35,
305631,7,127.68,760.72,
305631,3,170.02,469.52,
305631,8,12.28,87.14,
305633,6,140.32,710.04,
305633,1,91.20,79.06,
305633,4,171.78,548.00,
305633,3,473.28,1134.45,
305633,3,103.30,250.23,
305633,8,8.66,54.98,
305633,7,43.11,252.23,
305633,2,94.56,153.30,
305636,4,26.26,86.23,
305636,3,19.22,50.04,
305636,5,164.31,677.79,
305637,4,337.37,999.96,
305637,4,521.22,1596.67,
305637,6,7.68,35.51,
305637,7,58.01,311.98,
305639,5,290.75,1128.33,
305639,7,127.25,731.98,
305639,7,472.77,2723.90,
305639,2,41.00,64.17,
305639,5,148.81,568.12,
305639,3,17.91,40.59,
305639,3,72.06,169.65,
305645,5,186.74,730.62,
305645,6,41.00,198.56,
305645,3,140.71,311.57,
305645,4,154.28,490.95,
305646,7,98.40,612.91,
305646,6,19.08,108.17,
305646,2,74.18,135.08,
305646,7,137.26,852.96,
305647,5,172.48,679.58,
305647,2,199.47,334.63,
305647,5,24.86,107.63,
305647,2,244.56,398.02,
305647,3,101.57,245.80,
305647,3,293.58,731.95,
305648,3,122.60,307.74,
305648,4,82.97,303.62,
305648,6,222.63,1087.31,
305648,5,153.98,706.92,
305648,3,66.49,172.85,
305649,2,11.60,20.27,
305649,7,321.62,1858.81,
305649,5,409.50,1645.46,
305649,2,35.64,58.89,
305649,7,178.29,1106.80,
305649,2,186.55,341.47,
305649,3,17.69,50.52,
305649,2,236.88,417.66,
305649,4,314.37,1133.30,
305649,3,389.34,1082.29,
305649,2,421.68,720.75,
305650,6,475.32,2250.37,
305650,2,168.78,238.66,
305650,4,252.00,829.29,
305650,6,18.20,90.91,
305657,5,17.03,72.11,
305657,4,18.29,58.07,
305657,3,24.53,63.52,
305657,2,140.45,237.81,
305657,4,139.23,487.65,
305657,3,82.82,216.39,
305657,2,13.08,22.25,
305657,3,122.60,328.17,
305657,4,95.23,333.05,
305657,6,534.48,2883.67,
305657,5,143.18,639.77,
305657,2,79.13,136.20,
305657,4,7.63,27.90,
305661,2,11.33,20.35,
305661,4,158.08,545.36,
305661,5,153.82,662.54,
305661,4,23.16,85.04,
305661,3,8.06,21.68,
305661,3,161.12,438.36,
305661,4,126.46,450.75,
305661,4,11.80,43.61,
305662,6,161.12,701.37,
305662,5,312.80,1165.94,
305662,3,34.65,77.76,
305662,2,80.31,112.06,
305662,4,500.31,1337.51,
305662,6,11.80,50.35,
305662,5,189.83,722.05,
305662,3,64.90,149.83,
305662,3,22.61,48.63,
305662,3,259.44,626.72,
305662,6,118.12,509.51,
305662,3,183.74,363.75,
305662,4,12.36,34.32,
305663,4,223.68,696.26,
305663,5,123.78,479.80,
305663,3,227.28,526.73,
305663,5,136.95,549.33,
305663,2,412.02,680.95,
305663,5,24.58,100.47,
305663,5,145.20,557.44,
305663,3,434.70,970.40,
305663,4,42.66,138.75,
305663,4,87.94,266.05,
305663,7,89.18,482.06,
305663,4,120.60,432.05,
305663,3,434.28,1058.01,
305666,6,44.28,239.81,
305666,3,440.16,1261.01,
305666,5,61.85,276.19,
305666,5,12.46,58.18,
305668,5,121.66,499.18,
305668,10,188.40,1566.97,
305668,5,90.91,397.27,
305668,4,145.92,501.66,
305668,1,62.95,52.26,
305668,3,19.64,50.03,
305668,5,464.61,1931.65,
305668,4,41.67,143.55,
305668,3,78.11,198.93,
305668,2,122.60,214.10,
305668,3,124.96,320.54,
305668,5,12.71,52.59,
305671,5,13.74,59.48,
305671,5,115.88,478.79,
305671,3,170.02,430.41,
305671,3,45.54,127.29,
305672,6,103.39,527.28,
305672,6,101.86,558.79,
305672,4,18.38,63.24,
305672,3,526.32,1370.70,
305672,1,12.79,11.80,
305672,5,12.50,58.46,
305672,7,138.02,832.10,
305674,8,13.13,83.08,
305674,4,160.69,473.15,
305674,5,12.50,48.71,
305674,9,7.85,55.89,
305675,7,98.98,608.61,
305675,3,308.07,741.26,
305676,4,406.98,1328.14,
305676,4,44.87,134.47,
305676,6,12.98,61.33,
305676,2,261.60,398.83,
305676,2,26.38,39.30,
305677,5,75.52,267.89,
305677,2,86.78,129.62,
305677,3,173.18,406.15,
305677,4,125.66,377.15,
305677,1,24.14,17.48,
305677,2,125.93,190.83,
305677,6,132.26,603.43,
305677,2,18.04,26.46,
305677,3,21.96,49.98,
305677,3,17.30,38.24,
305684,1,114.46,98.27,
305684,6,19.51,102.39,
305684,5,62.04,281.02,
305684,3,48.96,134.88,
305684,6,17.62,90.25,
305684,3,24.50,65.69,
305684,5,487.05,2032.64,
305684,5,466.14,2108.93,
305684,8,23.66,165.35,
305684,1,398.16,328.09,
305684,8,58.07,385.25,
305684,5,100.70,452.34,
305685,4,165.22,509.58,
305685,5,12.58,50.27,
305685,3,235.20,559.51,
305685,4,123.55,410.25,
305685,4,45.41,140.70,
305685,7,44.73,247.09,
305685,8,417.90,2723.74,
305685,3,112.45,266.69,
305687,3,34.82,97.26,
305687,4,8.52,31.14,
305687,4,8.66,32.75,
305687,5,252.72,1139.38,
305687,2,237.12,420.86,
305687,3,8.38,22.63,
305687,6,142.03,789.08,
305688,6,23.76,111.83,
305688,4,60.39,178.31,
305688,3,162.18,389.53,
305688,6,34.72,160.17,
305688,4,192.54,657.20,
305688,3,141.37,329.67,
305688,6,24.00,112.54,
305688,4,547.23,1802.55,
305688,8,47.79,308.61,
305688,7,24.86,140.32,
305688,5,249.60,1004.03,
305688,6,485.52,2337.82,
305688,8,16.72,111.68,
305688,6,30.56,148.27,
305689,7,23.69,138.40,
305689,7,545.70,2896.60,
305689,2,78.19,119.80,
305689,3,21.74,48.30,
305689,4,78.26,258.85,
305689,6,79.29,373.54,
305689,6,21.84,101.38,
305693,6,153.82,783.83,
305693,3,44.28,115.45,
305693,3,104.54,264.71,
305693,4,40.91,145.43,
305693,6,17.39,84.84,
305693,3,60.51,150.30,
305693,4,419.58,1399.29,
305693,5,182.34,785.72,
305693,2,23.74,37.42,
305694,7,13.03,67.35,
305694,4,256.08,770.75,
305694,5,255.84,934.38,
305694,5,85.57,337.73,
305694,2,44.55,67.05,
305694,4,79.36,250.96,
305694,5,94.37,369.14,
305694,7,258.24,1484.21,
305694,3,479.91,1178.55,
305694,2,187.17,281.37,
305694,5,63.26,239.77,
305694,4,22.25,68.83,
305695,3,181.63,510.46,
305695,2,62.22,113.52,
305695,6,83.21,458.44,
305695,4,309.65,1007.90,
305696,6,57.04,265.65,
305696,6,93.70,498.85,
305696,3,522.75,1306.69,
305696,3,35.21,87.78,
305697,5,12.95,52.28,
305697,7,529.38,2958.45,
305697,4,146.07,465.38,
305697,4,63.14,205.44,
305697,6,11.41,56.83,
305697,5,66.12,272.85,
305697,3,81.17,190.29,
305697,5,316.58,1253.51,
305697,1,140.45,120.64,
305697,4,19.06,63.89,
305698,6,163.68,858.60,
305698,2,75.20,132.07,
305698,5,92.16,415.47,
305698,6,466.65,2505.34,
305698,9,234.48,1837.94,
305698,3,242.64,639.69,
305701,7,87.94,538.23,
305701,6,17.98,94.12,
305701,2,533.97,948.90,
305701,6,394.38,2087.39,
305701,5,121.04,551.85,
305701,2,115.05,208.35,
305701,2,184.62,309.81,
305701,6,23.35,119.55,
305701,3,181.10,465.56,
305701,1,227.04,195.16,
305701,4,239.04,822.86,
305701,3,18.90,47.31,
305701,4,161.42,538.95,
305703,4,41.94,136.07,
305703,6,41.36,195.42,
305703,2,109.27,178.55,
305707,4,34.88,116.44,
305707,6,23.90,130.48,
305707,4,208.90,675.85,
305707,4,45.63,158.83,
305707,7,186.96,1136.76,
305710,5,153.98,614.10,
305710,5,140.84,564.76,
305710,9,449.40,3103.07,
305710,3,23.23,59.09,
305710,3,110.33,256.31,
305710,6,138.73,653.77,
305713,5,160.66,674.10,
305713,5,63.87,280.56,
305713,2,18.86,33.34,
305713,2,17.71,29.80,
305713,4,8.44,29.86,
305713,5,315.00,1350.63,
305714,3,25.73,57.02,
305714,2,26.06,36.11,
305714,6,434.28,1952.21,
305714,3,162.64,378.23,
305714,9,42.57,263.88,
305714,5,528.87,2010.45,
305714,5,95.81,354.71,
305714,2,163.15,239.72,
305714,5,306.18,1150.29,
305714,6,216.48,1000.98,
305714,5,31.68,113.35,
305714,2,96.38,150.21,
305715,2,109.03,200.91,
305715,4,178.29,663.29,
305715,4,11.93,41.69,
305715,8,128.96,869.13,
305715,2,88.32,160.90,
305715,3,63.20,163.44,
305715,5,81.48,376.24,
305715,5,23.02,99.13,
305716,3,485.01,1220.28,
305716,4,140.71,497.27,
305716,5,144.67,640.54,
305716,5,139.23,612.02,
305716,7,13.25,76.20,
305716,5,60.57,262.64,
305716,3,8.22,22.24,
305716,4,24.53,84.71,
305719,3,123.43,327.08,
305719,8,12.31,88.64,
305719,6,78.03,408.49,
305719,4,22.78,80.54,
305719,5,308.70,1287.77,
305719,2,17.14,32.28,
305719,5,60.15,265.60,
305719,3,86.40,238.54,
305719,3,55.21,142.11,
305719,8,127.32,893.02,
305719,5,77.32,345.19,
305720,8,168.78,1179.70,
305720,3,205.21,606.53,
305720,4,105.12,366.86,
305720,5,191.27,816.62,
305720,3,33.53,86.22,
305721,4,8.13,24.84,
305721,4,148.50,483.25,
305721,4,411.60,1374.42,
305721,6,64.54,320.55,
305721,2,11.41,17.55,
305721,5,25.27,108.71,
305722,4,111.86,435.92,
305722,4,11.49,41.62,
305722,6,55.45,300.12,
305722,1,134.51,120.12,
305722,3,176.18,463.14,
305722,3,13.24,36.12,
305722,2,159.60,295.05,
305723,5,13.39,53.17,
305723,2,30.62,44.13,
305723,6,96.19,408.95,
305723,4,126.02,358.11,
305724,3,551.31,1472.16,
305724,4,48.74,171.85,
305724,6,25.87,141.71,
305724,6,120.24,641.33,
305724,4,139.00,521.07,
305724,2,42.21,73.76,
305724,6,194.55,984.44,
305724,5,199.06,900.98,
305724,7,7.40,45.09,
305724,5,208.90,867.51,
305724,10,93.12,855.36,
305726,3,287.60,646.70,
305726,3,11.53,29.79,
305726,5,252.00,1023.47,
305726,3,139.00,308.95,
305726,4,19.30,57.23,
305726,3,225.30,464.19,
305726,4,159.81,478.50,
305726,4,338.31,1081.88,
305727,5,120.12,545.44,
305727,3,43.83,111.97,
305727,6,36.17,183.71,
305727,5,181.98,842.83,
305727,4,342.41,1234.63,
305728,4,13.49,43.08,
305728,5,243.60,916.89,
305728,2,157.32,253.29,
305728,2,136.95,204.51,
305728,2,8.51,13.70,
305728,7,161.12,936.93,
305728,5,207.67,824.99,
305728,1,256.08,191.92,
305728,3,158.69,390.33,
305729,6,158.84,725.07,
305729,5,17.35,59.78,
305730,3,13.53,36.52,
305730,1,71.67,62.08,
305730,3,12.13,31.43,
305730,5,242.40,1066.87,
305730,5,34.25,156.40,
305730,2,23.09,40.47,
305730,2,101.76,189.31,
305731,4,60.02,228.49,
305731,3,343.98,933.39,
305731,4,17.86,58.89,
305731,4,41.58,146.93,
305734,4,7.86,25.61,
305734,5,158.23,689.45,
305734,5,63.20,257.78,
305734,7,452.76,2363.34,
305734,5,104.16,433.79,
305734,5,118.47,487.40,
305734,9,58.87,467.17,
305734,4,145.20,502.25,
305734,2,12.75,20.69,
305734,7,138.02,787.10,
305734,5,139.08,546.06,
305735,3,402.78,1063.80,
305735,6,7.75,39.86,
305735,4,40.95,142.26,
305735,6,16.22,82.43,
305735,4,66.43,216.33,
305735,3,192.54,455.13,
305736,3,182.69,399.11,
305736,2,144.10,223.33,
305736,5,66.19,239.38,
305736,4,496.74,1467.01,
305736,7,80.70,423.62,
305736,2,84.54,126.99,
305736,3,132.92,282.73,
305736,5,153.52,544.53,
305736,4,11.54,35.21,
305737,3,559.47,1425.82,
305737,4,79.60,266.43,
305737,5,440.16,1932.68,
305739,4,41.04,137.13,
305739,2,155.34,266.68,
305739,3,17.53,42.22,
305739,3,104.64,270.61,
305739,5,129.68,532.71,
305741,4,22.10,70.57,
305741,6,41.31,203.58,
305741,6,216.28,1039.93,
305741,2,32.64,51.97,
305741,6,71.59,341.61,
305741,4,254.40,819.19,
305742,3,192.29,415.47,
305742,3,300.51,694.79,
305742,3,79.52,182.35,
305742,3,31.55,74.60,
305742,1,146.38,111.99,
305743,5,109.27,439.34,
305743,7,193.25,1060.68,
305743,5,92.64,384.11,
305743,2,223.66,316.86,
305743,5,325.71,1272.29,
305743,3,11.78,29.83,
305743,5,477.36,1763.07,
305743,5,58.07,224.56,
305743,5,263.28,985.75,
305743,5,464.10,1846.65,
305743,4,16.65,52.75,
305743,1,100.80,77.47,
305743,3,383.04,1020.64,
305743,6,432.60,2150.54,
305744,4,12.85,47.47,
305744,4,19.04,68.87,
305744,2,510.51,904.17,
305744,3,211.36,590.11,
305746,4,100.13,364.34,
305746,6,8.22,43.59,
305746,2,8.69,15.49,
305746,2,23.23,41.45,
305747,5,393.12,1519.31,
305747,4,82.19,246.30,
305748,5,121.66,551.65,
305748,1,103.58,98.16,
305748,2,198.24,340.47,
305748,2,197.21,333.35,
305748,5,7.30,33.06,
305752,7,126.85,630.69,
305752,4,174.24,544.83,
305752,4,33.59,91.19,
305752,2,201.11,310.45,
305752,11,24.50,208.29,
305752,5,190.43,696.85,
305753,6,25.70,126.71,
305753,5,17.03,70.22,
305753,2,57.52,94.78,
305753,3,207.05,538.63,
305753,6,12.95,64.17,
305753,6,217.71,1128.89,
305753,4,164.91,573.12,
305753,2,209.92,374.70,
305753,8,133.45,881.76,
305755,2,22.10,35.34,
305755,4,201.11,696.59,
305755,3,13.58,33.89,
305755,4,420.00,1396.53,
305755,4,7.50,25.50,
305755,4,12.20,39.37,
305757,4,7.34,26.24,
305757,5,120.38,584.52,
305757,2,188.19,361.98,
305757,3,30.49,78.16,
305757,3,66.49,183.16,
305757,4,48.92,179.53,
305757,5,57.10,247.57,
305757,3,12.63,35.46,
305757,7,43.34,279.99,
305757,5,31.48,142.07,
305758,5,181.81,828.94,
305758,4,19.22,70.25,
305758,4,119.77,383.60,
305758,2,24.41,42.31,
305758,4,146.07,521.29,
305758,2,501.84,906.50,
305758,4,101.57,337.88,
305758,2,81.40,138.55,
305760,3,70.81,169.27,
305760,4,96.19,338.49,
305760,4,128.27,429.05,
305760,3,31.12,77.35,
305760,5,82.90,330.92,
305760,5,96.96,413.92,
305760,4,140.58,495.34,
305763,2,80.54,141.77,
305763,4,191.31,601.38,
305763,5,155.34,624.16,
305763,4,17.30,55.37,
305763,3,315.00,767.03,
305764,4,140.30,461.55,
305764,5,142.03,594.28,
305766,1,308.07,278.07,
305766,4,206.85,772.43,
305766,5,35.87,172.27,
305766,4,81.01,308.86,
305766,4,116.35,433.55,
305766,4,22.46,87.03,
305766,4,228.48,859.82,
305767,5,16.67,59.56,
305767,7,421.26,2363.49,
305767,4,139.52,427.80,
305767,5,16.94,63.57,
305767,3,258.00,533.19,
305767,4,453.18,1411.86,
305767,5,415.80,1575.74,
305767,8,198.85,1229.82,
305767,3,452.76,1058.32,
305767,7,393.12,2218.99,
305767,6,7.92,38.10,
305767,2,96.29,149.62,
305769,3,167.20,444.58,
305769,7,201.72,1206.04,
305769,3,78.89,196.24,
305772,3,133.98,333.17,
305772,7,109.98,601.15,
305774,2,8.69,15.46,
305774,3,12.85,36.48,
305774,6,161.58,929.79,
305774,4,151.39,562.15,
305776,4,187.97,594.40,
305776,4,341.46,1216.58,
305776,5,169.31,681.82,
305778,5,305.87,1319.05,
305778,4,123.95,421.94,
305778,4,556.41,2037.62,
305778,3,123.29,341.55,
305778,3,454.02,1278.90,
305778,6,219.97,1243.31,
305778,6,49.01,271.88,
305778,4,23.62,84.76,
305781,1,17.41,14.92,
305781,3,30.79,78.05,
305781,2,13.46,23.06,
305781,3,12.05,31.67,
305781,3,21.86,59.85,
305781,2,547.23,888.69,
305781,5,13.09,57.14,
305781,1,213.00,180.97,
305781,4,550.29,1809.63,
305781,5,25.10,114.22,
305781,5,107.38,463.47,
305782,5,91.30,392.42,
305782,2,16.70,27.17,
305782,5,22.94,95.15,
305782,1,453.18,397.44,
305782,2,13.63,21.43,
305782,4,102.62,354.65,
305784,4,230.88,705.17,
305784,6,7.55,34.22,
305784,4,81.40,244.33,
305786,2,76.07,122.16,
305786,4,91.01,296.89,
305786,3,188.50,429.42,
305786,2,120.60,183.18,
305786,7,12.78,67.69,
305786,4,380.52,1190.23,
305786,4,98.11,314.57,
305788,3,138.73,324.98,
305788,6,41.90,206.62,
305788,3,61.61,155.18,
305798,6,316.26,1651.30,
305798,5,151.85,679.63,
305798,4,507.45,1711.02,
305798,4,120.78,404.63,
305798,3,307.13,812.33,
305798,5,81.25,348.00,
305798,5,386.40,1567.04,
305798,3,7.75,19.32,
305798,2,409.50,691.86,
305798,6,11.66,58.12,
305798,4,160.16,562.10,
305798,5,523.26,2156.66,
305799,3,74.34,198.11,
305799,2,105.02,197.36,
305799,4,193.25,660.79,
305799,5,17.80,83.66,
305799,3,8.50,24.53,
305799,3,43.88,112.11,
305799,4,49.50,182.14,
305799,4,524.28,1816.43,
305799,2,33.66,59.16,
305800,5,119.06,450.02,
305800,4,222.43,637.94,
305800,1,236.40,183.30,
305800,5,162.80,595.87,
305800,4,62.40,178.25,
305800,4,503.88,1535.81,
305805,2,141.24,230.36,
305805,3,257.52,620.82,
305805,2,45.05,64.79,
305805,3,393.96,887.49,
305806,3,7.54,17.49,
305806,6,542.13,2391.38,
305806,1,12.61,10.09,
305806,5,87.46,310.63,
305806,3,131.74,326.99,
305806,3,533.46,1319.13,
305806,3,147.74,339.98,
305806,5,22.87,95.63,
305807,5,136.80,576.56,
305807,6,97.44,511.08,
305807,3,115.64,275.33,
305811,4,87.36,284.69,
305811,4,16.94,57.23,
305813,3,123.55,264.78,
305813,4,12.10,34.92,
305813,5,64.97,239.65,
305813,5,199.88,718.39,
305813,5,125.79,458.64,
305813,4,308.07,909.18,
305813,3,35.90,84.32,
305813,3,171.95,375.01,
305813,4,16.97,50.78,
305813,4,11.80,36.16,
305815,3,26.02,59.29,
305815,3,62.28,139.58,
305815,4,65.76,191.05,
305815,8,92.16,563.89,
305817,4,134.90,495.88,
305817,2,456.12,859.29,
305817,4,126.85,492.31,
305817,3,313.43,834.05,
305817,2,109.39,202.25,
305817,6,25.92,145.28,
305817,6,89.95,459.08,
305818,3,42.98,98.76,
305818,3,77.17,187.48,
305818,6,158.38,706.74,
305818,3,217.92,496.92,
305819,7,8.43,45.95,
305819,3,146.07,337.17,
305819,5,67.10,278.43,
305819,3,558.45,1304.50,
305820,2,102.05,168.20,
305820,7,62.04,389.47,
305820,4,227.52,720.16,
305820,6,393.54,2019.86,
305820,3,501.33,1283.13,
305820,3,41.54,104.81,
305820,3,206.03,522.80,
305820,3,18.95,52.81,
305820,3,32.74,85.95,
305821,2,136.62,213.26,
305821,4,120.24,419.85,
305821,4,446.88,1381.62,
305821,4,143.35,461.99,
305821,5,19.12,73.11,
305824,3,16.40,40.06,
305824,3,93.89,228.42,
305824,5,345.24,1475.97,
305824,5,98.69,421.24,
305824,3,234.72,610.01,
305824,2,43.29,71.05,
305824,3,145.46,376.48,
305825,4,107.14,344.95,
305825,2,199.47,315.54,
305825,4,43.97,132.41,
305825,2,402.78,599.60,
305825,5,23.71,89.86,
305825,4,63.50,200.76,
305825,5,189.42,783.93,
305825,5,26.26,89.29,
305827,10,217.20,1707.87,
305827,3,467.16,1262.39,
305827,3,295.79,761.35,
305827,5,12.26,55.51,
305827,5,325.08,1437.66,
305827,5,332.64,1525.09,
305827,4,224.07,816.50,
305827,6,18.94,97.34,
305827,3,380.52,1034.83,
305827,2,139.84,248.62,
305829,5,132.13,537.51,
305829,3,314.37,766.03,
305829,1,18.20,16.00,
305829,3,127.25,328.25,
305829,3,149.11,358.45,
305829,7,88.99,506.15,
305829,3,112.57,272.51,
305829,6,292.95,1433.32,
305833,6,8.78,46.54,
305833,6,176.70,971.73,
305833,3,86.69,232.95,
305833,5,139.13,589.50,
305833,4,16.65,62.12,
305833,8,142.27,1049.42,
305833,3,104.26,272.99,
305833,6,11.83,63.84,
305833,4,18.07,67.95,
305833,5,41.72,196.02,
305835,2,24.43,39.54,
305835,6,190.45,862.65,
305835,5,78.19,313.38,
305835,6,137.28,645.08,
305836,4,43.92,152.01,
305836,3,84.39,205.38,
305836,6,7.62,37.48,
305836,3,35.51,96.73,
305836,3,61.67,162.71,
305836,6,307.44,1484.54,
305836,2,41.36,67.19,
305836,6,63.01,338.59,
305837,4,331.07,1178.81,
305837,2,7.80,13.46,
305837,3,66.86,171.15,
305837,4,121.54,432.40,
305838,7,203.98,1194.78,
305838,2,16.63,25.52,
305838,7,176.53,992.07,
305838,3,36.00,86.30,
305838,4,7.50,22.64,
305838,2,94.94,149.44,
305838,2,72.61,117.42,
305838,4,191.06,600.16,
305844,4,101.18,344.83,
305844,4,295.47,1019.51,
305844,4,528.36,1681.37,
305844,5,11.91,51.18,
305844,6,221.61,1092.10,
305844,5,17.28,71.73,
305844,3,217.92,520.44,
305844,6,8.40,41.69,
305846,7,196.19,1054.64,
305846,6,56.79,247.67,
305846,2,229.44,360.84,
305846,6,323.51,1523.70,
305846,3,205.62,467.30,
305846,2,34.78,56.77,
305846,8,231.60,1528.13,
305846,3,7.22,16.08,
305846,3,234.96,551.07,
305846,2,25.42,38.59,
305848,3,130.15,346.76,
305848,4,186.14,673.70,
305848,6,219.35,1114.26,
305848,2,530.40,876.98,
305848,6,165.97,828.77,
305848,6,71.51,350.43,
305848,5,63.14,299.94,
305848,4,75.36,254.80,
305850,4,13.06,42.27,
305850,7,86.11,445.76,
305850,5,23.86,97.32,
305850,4,137.68,415.71,
305850,3,7.33,16.58,
305850,6,42.39,179.72,
305850,3,196.60,427.10,
305850,4,48.96,145.23,
305850,7,108.68,566.02,
305851,2,18.11,26.77,
305851,4,122.37,401.98,
305851,3,33.20,75.09,
305851,3,44.82,95.87,
305851,3,31.22,71.92,
305851,4,21.84,65.06,
305852,4,13.55,46.29,
305852,2,76.62,134.02,
305852,8,258.00,1857.21,
305852,5,468.18,2074.36,
305852,6,128.97,684.89,
305855,5,337.05,1465.28,
305855,2,193.52,337.94,
305855,5,33.59,156.21,
305855,3,46.71,125.56,
305855,2,419.16,752.71,
305857,2,46.35,73.73,
305857,3,7.43,17.76,
305857,4,253.20,791.26,
305857,6,498.27,2314.49,
305857,1,74.89,57.55,
305857,3,33.69,79.87,
305857,7,72.14,398.24,
305857,4,299.25,1006.83,
305857,5,103.78,384.51,
305857,4,24.41,72.10,
305857,3,8.66,19.75,
305857,4,174.94,531.80,
305859,9,17.96,118.45,
305859,4,284.76,900.95,
305859,4,186.91,572.56,
305859,5,103.97,415.12,
305859,6,44.96,206.30,
305862,2,139.38,246.06,
305862,7,249.60,1437.57,
305862,2,315.95,540.26,
305862,5,133.19,581.65,
305862,3,322.56,810.15,
305864,5,11.40,51.47,
305864,4,454.86,1778.90,
305864,4,24.38,89.46,
305864,5,30.56,130.74,
305864,3,30.53,81.93,
305864,2,64.42,107.80,
305864,4,47.48,168.09,
305865,4,519.18,1766.92,
305865,2,139.39,233.53,
305869,5,79.76,353.71,
305869,3,253.44,684.43,
305869,6,154.13,771.26,
305870,7,206.23,1242.30,
305870,4,22.32,75.21,
305870,2,177.94,301.96,
305870,6,8.70,47.29,
305870,1,189.38,162.96,
305870,7,19.37,119.31,
305870,4,35.67,114.80,
305870,8,22.01,156.56,
305872,2,497.76,795.73,
305872,1,189.38,143.37,
305872,5,8.73,34.26,
305872,5,61.43,242.33,
305872,1,22.82,17.31,
305872,4,121.70,386.79,
305872,4,33.76,109.59,
305872,5,247.92,957.80,
305872,7,181.10,988.62,
305872,6,542.13,2526.76,
305872,5,539.07,2014.84,
305873,3,45.14,122.78,
305873,4,378.84,1322.83,
305873,2,107.03,194.31,
305873,9,44.73,343.78,
305873,5,442.26,1958.14,
305873,4,190.08,667.84,
305873,3,324.14,887.61,
305873,1,23.83,21.06,
305873,3,146.53,386.16,
305875,4,59.60,201.97,
305875,2,58.38,96.67,
305875,3,417.90,1017.24,
305875,4,416.22,1378.35,
305875,4,74.89,267.35,
305875,2,44.51,68.72,
305875,3,250.56,591.25,
305875,5,49.05,193.70,
305877,1,44.55,37.88,
305877,4,7.62,26.16,
305877,5,475.32,1997.29,
305877,3,65.76,170.82,
305877,7,60.76,398.95,
305877,7,8.15,51.32,
305877,4,12.53,44.75,
305878,3,64.84,177.78,
305878,2,22.90,39.38,
305878,3,517.14,1289.17,
305878,3,166.90,461.95,
305878,4,249.84,878.39,
305878,2,17.87,30.89,
305880,5,17.46,64.08,
305880,1,22.63,18.52,
305880,5,34.06,126.71,
305880,2,389.76,558.08,
305880,6,557.94,2627.32,
305880,2,165.22,234.53,
305880,2,8.44,13.96,
305880,4,45.09,132.96,
305881,2,457.38,766.31,
305881,4,63.81,214.38,
305881,7,86.78,530.19,
305881,4,203.98,634.25,
305881,3,198.44,479.25,
305881,4,123.55,409.66,
305881,5,56.97,242.92,
305881,3,459.06,1219.44,
305882,2,154.13,257.94,
305882,5,24.22,101.27,
305882,4,16.97,59.60,
305882,4,176.00,596.16,
305882,4,31.19,112.10,
305888,3,49.14,127.44,
305888,9,231.84,1768.95,
305888,4,457.80,1413.02,
305888,3,333.27,786.79,
305888,2,61.43,97.17,
305892,5,334.53,1386.49,
305892,4,12.23,42.28,
305892,3,24.96,62.85,
305892,4,161.39,555.17,
305892,6,65.15,321.78,
305892,3,12.75,34.24,
305892,5,12.61,48.54,
305892,6,35.84,182.79,
305892,2,77.40,132.98,
305892,7,125.91,777.83,
305892,2,308.07,535.93,
305892,3,251.76,670.96,
305893,4,507.45,1845.73,
305893,2,94.56,176.10,
305893,5,296.10,1296.82,
305894,8,458.64,2901.38,
305894,6,61.73,298.98,
305897,5,129.68,545.98,
305897,2,11.43,19.60,
305897,5,7.60,32.05,
305897,3,208.08,547.31,
305897,2,16.22,28.44,
305897,5,136.88,614.21,
305898,6,11.28,48.26,
305898,2,65.15,101.90,
305898,3,335.16,762.67,
305898,2,185.33,293.75,
305898,6,42.66,211.98,
305898,2,8.74,13.49,
305898,3,12.25,30.45,
305898,4,334.22,1121.28,
305898,1,481.95,389.46,
305899,4,557.94,1841.46,
305899,6,174.77,903.61,
305899,5,392.28,1642.90,
305899,5,495.21,2380.84,
305899,3,82.35,208.58,
305899,4,224.27,774.87,
305899,4,242.88,789.90,
305901,9,13.70,103.68,
305901,4,8.12,26.54,
305901,2,132.92,219.03,
305901,4,46.49,152.53,
305902,3,168.43,438.10,
305902,3,303.66,771.09,
305902,5,140.71,650.89,
305902,3,175.65,461.25,
305902,7,100.32,611.56,
305902,5,450.66,1946.84,
305902,8,13.21,92.20,
305902,3,47.61,126.95,
305902,6,11.94,63.37,
305902,4,8.52,30.94,
305902,2,8.29,14.05,
305902,1,112.45,98.22,
305902,3,519.18,1376.75,
305907,6,339.57,1635.82,
305907,5,44.01,173.79,
305907,5,47.75,187.25,
305907,7,7.90,47.90,
305907,6,11.29,52.31,
305907,5,460.74,1958.16,
305907,4,90.34,297.04,
305910,5,499.80,2116.39,
305910,3,133.06,319.27,
305910,4,23.09,81.93,
305910,3,165.44,421.01,
305910,4,417.90,1442.16,
305910,2,79.36,135.14,
305913,6,23.59,101.25,
305913,4,13.53,39.11,
305913,4,123.07,362.86,
305913,4,31.28,97.52,
305913,4,430.50,1320.48,
305913,1,326.34,243.40,
305913,4,33.10,94.80,
305913,4,219.97,667.62,
305913,4,167.20,518.85,
305914,3,58.80,135.46,
305914,2,18.70,29.77,
305914,2,177.58,257.41,
305914,2,215.25,327.09,
305914,6,57.95,273.47,
305914,3,433.86,1007.04,
305914,4,33.56,103.37,
305914,4,18.85,54.57,
305916,4,31.81,93.20,
305916,4,153.98,455.92,
305916,3,13.16,30.37,
305916,3,17.55,41.67,
305916,4,207.46,653.96,
305916,4,490.11,1558.76,
305916,6,106.32,507.76,
305916,3,88.22,194.13,
305916,4,22.42,66.77,
305917,5,123.07,447.51,
305917,5,113.63,438.02,
305917,4,203.36,610.93,
305917,3,110.68,250.58,
305918,3,119.59,303.29,
305918,2,55.45,96.93,
305918,5,192.54,839.54,
305918,3,11.40,30.66,
305918,7,82.03,519.90,
305918,5,207.87,965.91,
305922,2,46.26,84.96,
305922,5,25.66,116.53,
305922,2,210.13,395.26,
305922,8,41.45,317.34,
305922,7,44.78,287.80,
305922,3,129.56,356.27,
305922,3,159.30,407.60,
305922,3,187.44,500.64,
305922,5,75.67,339.19,
305922,4,109.74,406.89,
305922,6,8.38,46.78,
305924,4,23.93,74.00,
305924,2,189.38,288.12,
305924,2,76.69,115.50,
305924,5,65.76,250.55,
305924,4,34.42,111.88,
305924,3,64.11,152.81,
305924,4,21.96,64.53,
305925,4,186.55,579.46,
305925,3,59.78,141.66,
305925,5,234.72,949.33,
305928,4,86.19,242.95,
305928,3,146.98,323.89,
305928,4,133.98,417.94,
305928,5,129.56,489.84,
305928,5,22.25,86.15,
305928,5,218.33,794.79,
305928,3,22.01,51.23,
305928,5,534.48,2141.88,
305929,3,47.75,124.82,
305929,2,194.14,334.11,
305929,2,424.20,724.64,
305929,4,121.30,397.56,
305929,2,117.29,207.39,
305931,4,11.54,38.91,
305931,4,539.07,1862.78,
305931,5,186.74,746.56,
305931,4,12.18,42.54,
305938,4,152.15,544.04,
305938,2,404.04,691.71,
305938,3,12.70,35.61,
305938,2,235.20,434.09,
305938,5,316.58,1489.92,
305939,3,241.44,581.38,
305939,4,58.19,200.53,
305940,3,391.86,862.50,
305940,3,31.68,73.64,
305940,6,133.45,631.83,
305940,4,8.40,25.07,
305940,5,16.65,61.40,
305943,2,7.53,13.71,
305943,1,400.68,346.13,
305943,6,448.56,2488.46,
305943,5,343.04,1535.56,
305943,6,107.62,554.49,
305943,2,31.71,55.47,
305943,5,56.67,246.99,
305943,7,291.69,1820.37,
305943,3,134.38,361.78,
305943,3,110.92,305.30,
305943,6,177.06,977.76,
305944,5,17.14,73.39,
305944,2,56.30,101.07,
305944,3,35.51,90.14,
305944,3,12.88,34.45,
305944,5,11.86,46.92,
305944,8,60.27,412.16,
305944,4,478.38,1759.40,
305945,2,118.93,197.70,
305945,4,11.73,37.22,
305945,1,188.40,158.73,
305945,4,133.06,448.07,
305946,7,123.55,699.08,
305946,4,186.03,644.71,
305946,3,63.62,166.38,
305946,2,255.60,456.62,
305946,2,417.90,723.15,
305946,6,7.50,38.16,
305946,8,143.94,839.01,
305946,6,559.47,2969.49,
305946,5,48.83,207.71,
305946,1,60.82,49.11,
305948,4,323.51,1086.37,
305948,4,340.52,1179.95,
305948,1,60.82,55.37,
305948,9,225.09,1747.75,
305948,3,32.80,87.93,
305948,5,7.62,33.48,
305948,4,193.93,668.04,
305948,2,208.90,365.02,
305948,5,8.26,33.70,
305948,4,160.69,538.25,
305952,4,170.90,524.33,
305952,2,23.11,37.00,
305952,4,12.44,39.07,
305952,2,22.42,35.87,
305952,7,24.29,131.40,
305952,6,104.83,526.68,
305952,6,24.58,104.76,
305952,2,18.88,29.74,
305952,1,345.56,278.62,
305952,3,334.53,769.71,
305958,4,342.72,1232.68,
305958,1,78.89,71.08,
305958,5,199.47,922.55,
305958,1,8.36,7.75,
305958,10,308.07,2664.60,
305958,4,31.35,110.19,
305958,4,128.44,462.40,
305958,4,75.91,264.47,
305958,3,345.87,925.63,
305959,3,11.54,30.68,
305959,5,22.92,89.88,
305959,2,46.04,73.02,
305959,8,192.02,1323.36,
305959,4,13.33,43.44,
305959,7,16.87,94.23,
305959,4,13.18,39.54,
305959,3,110.45,279.90,
305961,5,188.40,834.27,
305961,5,383.46,1726.59,
305961,4,315.95,1144.44,
305961,7,23.33,139.63,
305961,2,74.65,123.56,
305965,3,13.41,35.69,
305965,2,16.79,27.09,
305965,2,76.69,126.68,
305965,5,417.48,1743.30,
305965,5,32.11,139.44,
305965,4,24.74,83.58,
305966,2,203.98,334.48,
305966,5,18.74,72.56,
305966,5,22.44,92.93,
305966,3,60.88,140.06,
305966,5,24.74,95.47,
305967,5,22.46,97.29,
305967,2,12.80,23.72,
305967,4,26.11,85.85,
305967,6,148.35,743.76,
305967,8,321.93,2205.48,
305969,3,322.56,727.95,
305969,1,142.88,114.80,
305969,4,557.94,1813.09,
305969,7,8.73,53.94,
305969,4,160.66,503.84,
305969,4,295.16,851.42,
305970,2,310.91,491.43,
305970,2,42.21,71.88,
305970,2,120.24,190.26,
305970,4,19.48,59.63,
305970,4,429.24,1304.29,
305970,3,321.93,791.82,
305970,6,331.70,1649.49,
305970,3,235.92,555.86,
305970,4,248.40,770.94,
305970,4,7.28,23.87,
305971,3,154.28,392.82,
305971,6,12.33,60.84,
305971,3,33.20,86.73,
305971,4,18.50,68.32,
305971,2,496.23,917.96,
305971,4,160.97,514.00,
305971,3,254.16,631.53,
305976,6,23.54,135.87,
305976,4,48.87,173.43,
305976,6,88.90,490.62,
305976,4,22.44,78.47,
305976,4,18.27,65.07,
305976,6,18.47,104.68,
305976,1,164.21,150.55,
305977,2,12.63,22.87,
305977,2,164.92,307.05,
305977,4,539.07,1881.55,
305977,4,16.49,59.92,
305977,1,327.92,273.14,
305977,4,45.68,158.03,
305977,2,336.42,558.52,
305978,6,47.39,228.78,
305978,4,305.87,974.97,
305978,4,400.68,1346.53,
305978,4,100.22,314.75,
305978,4,303.66,968.57,
305978,3,165.97,419.33,
305978,4,507.96,1607.55,
305978,2,25.54,42.98,
305978,3,35.54,84.05,
305978,6,108.56,574.71,
305981,2,24.19,42.78,
305981,3,138.34,374.51,
305981,2,7.70,14.48,
305981,5,423.78,1882.40,
305981,6,116.11,565.31,
305981,2,125.40,234.52,
305981,3,232.80,672.32,
305981,4,25.90,89.53,
305981,4,16.24,55.63,
305981,6,8.06,44.21,
305982,3,18.99,50.91,
305982,4,155.95,542.65,
305982,3,387.24,967.86,
305982,7,110.57,735.73,
305982,5,23.09,96.92,
305983,1,7.37,6.41,
305983,1,208.08,180.75,
305983,7,13.55,74.18,
305983,4,31.25,112.66,
305983,3,139.13,359.79,
305983,2,130.81,216.66,
305983,2,176.00,307.74,
305983,6,40.91,210.81,
305983,7,16.90,94.37,
305983,5,511.02,2090.54,
305983,4,217.20,692.87,
305988,3,22.03,56.22,
305988,6,430.50,2120.69,
305988,3,182.34,481.31,
305988,4,117.29,428.18,
305988,4,22.15,73.78,
305988,3,143.94,363.95,
305988,2,258.24,423.15,
305989,3,81.01,178.97,
305989,7,17.96,96.78,
305989,2,61.73,98.45,
305989,3,121.42,290.87,
305989,2,12.66,20.56,
305989,6,291.38,1385.60,
305989,3,162.64,381.87,
305989,6,173.71,877.04,
305989,7,24.00,133.41,
305989,1,18.65,14.53,
305991,1,126.46,108.55,
305991,2,164.56,273.93,
305991,3,141.24,354.46,
305991,6,126.19,597.58,
305991,4,245.76,897.75,
305991,6,21.89,121.03,
305991,3,46.44,122.48,
305991,8,30.79,208.70,
305991,3,105.02,267.37,
305991,3,61.43,151.76,
305991,4,329.49,1163.50,
305991,3,8.24,21.12,
305992,4,155.04,489.18,
305992,9,388.50,2565.62,
305992,5,30.66,127.54,
305992,3,170.90,397.85,
305992,4,229.20,700.90,
305992,2,16.92,26.43,
305992,5,47.66,194.34,
305992,4,140.32,441.78,
305992,7,11.44,64.67,
305993,3,258.24,693.29,
305993,7,56.61,355.94,
305993,3,19.67,55.00,
305993,3,464.10,1256.44,
305993,2,43.29,80.75,
305993,7,25.63,157.76,
305993,4,26.30,91.81,
305993,5,82.35,379.03,
305993,7,128.50,789.59,
305994,4,176.00,600.90,
305994,4,261.12,903.03,
305994,5,186.55,784.20,
305994,4,498.78,1843.23,
305994,4,197.83,713.72,
305994,5,98.78,470.62,
305994,1,13.14,11.52,
305994,3,30.72,83.22,
305994,4,333.59,1121.89,
305994,3,18.72,50.84,
305995,4,435.54,1560.48,
305995,5,8.65,39.28,
305995,6,166.90,864.55,
305995,3,415.38,1101.64,
305995,3,23.26,59.70,
305995,7,145.46,875.82,
305995,6,315.63,1708.80,
305995,8,179.17,1178.19,
305995,2,121.97,199.99,
305998,7,464.61,2890.26,
305998,4,56.73,209.67,
305998,5,333.90,1554.42,
305998,7,157.78,963.24,
305998,5,538.56,2432.67,
305998,4,225.30,786.17,
305998,4,35.54,128.32,
305998,5,168.43,693.99,
305998,4,317.52,1095.61,
305998,3,97.73,253.54,
305998,3,25.58,66.07,
305998,5,18.14,82.70,
305998,4,21.94,76.33,
305998,6,7.90,41.53,
305998,4,100.80,348.17,
305999,5,21.67,93.89,
305999,3,21.86,56.86,
305999,7,126.59,766.46,
305999,3,111.86,287.97,
305999,4,46.08,158.43,
305999,4,119.46,376.76,
305999,5,516.12,2273.67,
305999,4,224.07,770.87,
305999,7,155.80,953.52,
305999,3,12.98,34.36,
306000,6,107.97,486.17,
306000,4,322.56,1057.51,
306000,3,13.01,31.34,
306000,6,74.65,332.27,
306000,3,61.43,159.47,
306000,5,193.32,703.11,
306000,4,129.76,369.75,
306000,5,179.17,682.36,
306000,5,12.36,45.66,
306004,4,105.50,321.22,
306004,6,8.46,40.39,
306004,4,162.03,483.55,
306004,4,82.43,243.25,
306004,3,80.07,180.08,
306005,2,155.19,241.33,
306005,4,62.77,206.39,
306005,8,158.08,985.52,
306005,4,533.46,1544.93,
306005,4,192.09,622.57,
306005,3,16.25,38.84,
306005,2,60.76,95.33,
306005,2,24.91,37.26,
306005,3,44.82,106.61,
306007,7,406.56,2566.07,
306007,1,76.30,70.54,
306007,8,13.60,92.76,
306007,5,45.63,203.08,
306007,7,89.95,526.91,
306007,7,329.81,2151.73,
306011,4,142.82,482.34,
306011,4,461.04,1616.85,
306011,5,319.10,1416.20,
306011,7,56.97,355.62,
306014,4,401.52,1491.49,
306014,7,56.79,336.44,
306014,2,382.62,674.94,
306014,4,63.62,209.84,
306014,6,152.15,770.87,
306014,3,140.30,351.36,
306014,5,146.53,663.38,
306014,2,85.02,144.50,
306017,4,99.17,317.31,
306017,2,32.74,56.07,
306017,2,451.08,766.85,
306017,6,11.86,58.96,
306017,6,11.64,59.85,
306017,5,22.68,100.34,
306017,6,136.09,684.04,
306017,4,144.01,439.37,
306024,2,88.13,159.96,
306024,4,8.58,31.21,
306024,3,176.35,476.84,
306024,4,47.88,186.24,
306024,4,13.69,50.52,
306024,7,384.30,2633.93,
306024,5,16.88,74.72,
306024,4,119.42,428.01,
306024,3,114.81,308.54,
306024,4,55.08,210.38,
306025,4,7.46,25.10,
306025,3,25.54,67.42,
306025,2,283.82,451.17,
306025,1,244.32,215.41,
306025,3,117.41,290.15,
306025,6,112.81,530.31,
306025,2,22.37,36.97,
306026,3,529.89,1210.83,
306026,10,139.79,1103.94,
306026,2,412.44,677.52,
306026,2,88.51,140.22,
306026,2,85.64,143.21,
306026,5,127.91,492.55,
306026,8,7.21,47.67,
306026,5,7.22,25.97,
306026,6,7.69,35.96,
306026,2,60.51,103.69,
306031,4,546.72,1620.49,
306031,3,25.46,65.48,
306031,2,45.54,72.83,
306031,3,21.94,50.88,
306031,5,386.40,1431.90,
306031,2,427.14,665.10,
306031,6,23.66,116.00,
306031,5,149.26,577.19,
306031,9,104.54,804.12,
306031,5,121.07,508.39,
306031,3,402.36,962.34,
306031,4,75.83,239.23,
306031,4,190.45,591.84,
306031,6,127.38,629.51,
306031,6,261.36,1292.81,
306032,2,124.74,199.76,
306032,11,326.66,2934.33,
306032,6,145.77,757.10,
306032,7,162.34,856.87,
306032,4,116.94,404.62,
306032,2,126.85,217.30,
306032,3,78.97,212.23,
306032,4,216.24,738.07,
306036,6,222.02,1074.04,
306036,4,71.12,234.39,
306036,7,120.71,747.27,
306036,4,169.31,559.37,
306036,5,129.10,549.90,
306041,1,12.56,10.01,
306041,5,21.77,84.22,
306041,3,140.30,339.95,
306041,1,246.96,195.21,
306041,6,152.91,714.60,
306041,4,146.68,458.31,
306041,5,18.43,76.13,
306041,7,31.22,161.58,
306041,3,113.16,270.91,
306041,6,127.56,622.84,
306041,5,131.74,523.17,
306041,2,523.77,850.54,
306041,5,33.69,131.24,
306042,4,329.81,1076.72,
306042,2,262.80,466.90,
306042,2,12.88,23.13,
306042,5,57.52,252.55,
306042,2,224.64,385.22,
306042,3,43.02,111.09,
306042,5,7.34,29.63,
306042,5,193.32,888.81,
306044,4,121.89,390.65,
306044,5,388.08,1683.24,
306046,7,130.55,704.64,
306046,5,314.37,1168.75,
306046,4,8.11,24.86,
306046,5,463.08,1862.93,
306046,2,125.79,191.52,
306046,9,19.26,136.51,
306048,1,136.22,105.41,
306048,6,180.58,861.89,
306048,1,48.96,42.08,
306048,4,8.14,27.69,
306048,4,397.74,1255.27,
306049,3,123.43,322.98,
306049,2,19.10,31.50,
306049,5,85.02,345.19,
306049,2,12.50,21.93,
306049,9,139.92,1050.40,
306049,4,82.82,246.17,
306049,4,185.68,611.50,
306049,5,104.54,394.73,
306051,4,17.15,52.34,
306051,3,330.44,812.84,
306051,3,8.15,19.88,
306051,5,164.38,612.54,
306051,6,73.01,319.77,
306051,3,19.67,50.24,
306051,2,34.29,55.11,
306051,4,257.04,793.61,
306051,4,96.10,303.50,
306051,1,21.60,16.94,
306052,3,57.22,151.29,
306052,3,104.06,271.48,
306052,2,538.56,1000.39,
306052,2,17.30,33.14,
306052,6,202.95,1029.02,
306053,3,7.98,22.02,
306053,8,144.86,1083.26,
306053,3,100.99,265.97,
306053,5,42.75,179.68,
306053,4,342.09,1226.79,
306055,3,12.89,30.97,
306055,4,427.56,1374.80,
306055,3,7.53,17.39,
306055,2,110.09,171.31,
306055,5,206.44,794.58,
306055,3,128.86,303.33,
306055,6,24.19,113.57,
306055,4,214.23,679.52,
306056,2,128.74,211.61,
306056,5,23.76,87.08,
306056,6,116.35,512.88,
306056,4,219.12,683.67,
306056,4,116.94,363.03,
306056,3,399.42,952.27,
306056,6,146.98,731.48,
306056,6,17.24,79.40,
306056,8,172.66,1015.71,
306056,1,61.18,46.36,
306056,6,150.63,680.31,
306056,2,337.37,503.22,
306056,5,44.24,181.76,
306056,4,54.96,164.11,
306056,1,245.28,186.42,
306057,4,414.12,1356.02,
306057,2,16.22,23.19,
306057,7,7.28,39.24,
306057,5,94.27,359.53,
306059,2,138.73,235.78,
306059,2,184.98,298.42,
306059,4,325.71,1004.20,
306059,3,25.66,61.84,
306059,2,19.39,30.09,
306059,5,30.62,118.64,
306059,2,541.11,808.50,
306061,5,26.38,121.02,
306061,3,154.58,433.51,
306061,5,8.34,35.94,
306061,4,218.74,738.98,
306061,3,307.13,830.85,
306061,4,110.09,402.90,
306061,5,103.49,478.33,
306061,2,146.98,251.30,
306061,5,237.84,1019.57,
306062,3,218.94,607.22,
306062,2,157.47,282.39,
306062,4,143.22,529.47,
306062,2,156.26,279.55,
306064,6,141.37,704.43,
306064,3,66.31,167.32,
306064,5,11.51,45.71,
306064,2,23.95,35.83,
306064,1,62.95,52.74,
306064,5,335.16,1452.93,
306064,5,23.38,95.31,
306064,2,335.48,528.50,
306064,3,16.51,40.91,
306065,4,8.01,27.42,
306065,6,131.47,644.01,
306065,9,378.00,2843.05,
306065,5,57.95,246.94,
306065,6,165.09,857.83,
306065,3,8.10,19.22,
306065,3,154.89,390.90,
306067,3,222.24,531.68,
306067,4,81.64,251.03,
306067,4,18.36,51.63,
306067,5,161.04,594.60,
306067,4,385.14,1242.78,
306067,8,153.37,883.21,
306067,5,77.95,317.39,
306067,2,135.17,215.71,
306067,3,106.44,238.33,
306067,4,109.74,329.73,
306067,2,13.21,20.20,
306067,2,22.32,34.45,
306069,4,461.55,1603.25,
306069,3,7.55,18.52,
306069,3,8.74,22.37,
306072,6,186.96,938.58,
306072,3,158.99,386.35,
306072,4,76.46,247.27,
306072,7,284.13,1571.87,
306072,4,220.38,728.43,
306072,4,17.87,58.61,
306072,4,12.86,45.26,
306074,5,47.57,215.68,
306074,4,16.92,57.87,
306074,2,42.39,77.35,
306074,4,17.26,66.66,
306074,5,33.13,155.10,
306074,4,205.00,726.94,
306074,3,150.78,413.73,
306074,3,60.76,163.21,
306074,1,41.22,36.11,
306074,2,18.81,33.18,
306074,2,143.88,250.90,
306074,5,153.67,741.31,
306074,5,119.06,519.71,
306074,5,165.26,763.43,
306074,4,41.18,151.69,
306075,3,16.96,42.13,
306075,5,130.02,547.61,
306075,5,168.96,721.48,
306075,3,206.23,538.43,
306075,4,126.85,419.08,
306079,3,178.99,475.13,
306079,6,433.44,2362.16,
306079,7,18.56,113.61,
306079,6,121.66,650.25,
306079,9,116.11,913.29,
306079,4,11.29,40.12,
306079,6,131.60,647.46,
306080,5,328.55,1484.81,
306080,4,13.66,49.55,
306080,2,17.24,31.36,
306080,9,19.60,154.30,
306080,6,286.97,1555.21,
306080,6,259.68,1388.04,
306081,2,516.63,820.30,
306081,5,8.19,32.40,
306081,3,178.99,426.91,
306081,3,471.75,1260.94,
306081,2,142.12,232.94,
306081,6,230.64,1158.25,
306081,2,65.27,109.18,
306081,3,44.78,112.61,
306081,3,48.42,118.12,
306081,5,155.65,639.30,
306081,4,72.46,233.59,
306081,4,48.65,166.38,
306082,5,218.12,761.87,
306082,4,56.00,163.23,
306082,5,144.80,503.72,
306082,2,8.43,12.71,
306082,4,17.15,50.65,
306082,4,137.71,460.55,
306082,8,127.68,807.43,
306082,7,140.14,729.72,
306084,6,210.13,1013.84,
306084,3,172.83,427.90,
306084,3,201.72,476.25,
306084,3,62.65,147.17,
306084,3,21.84,50.43,
306084,1,189.22,155.66,
306084,3,59.66,135.53,
306084,5,165.07,628.92,
306084,5,221.28,896.50,
306084,4,24.84,78.42,
306084,2,157.93,234.32,
306084,4,184.45,549.88,
306085,6,13.51,74.60,
306085,5,451.92,1855.78,
306085,5,398.58,1664.53,
306085,4,137.28,468.44,
306085,6,101.66,517.81,
306085,4,197.83,665.33,
306086,4,11.83,38.60,
306086,4,139.38,469.79,
306086,3,66.49,169.50,
306086,2,7.49,11.82,
306086,5,185.33,760.27,
306086,5,72.53,328.87,
306089,4,7.36,26.15,
306089,1,13.34,11.01,
306089,2,245.04,410.56,
306089,4,46.89,159.17,
306089,1,176.18,146.78,
306089,2,18.13,32.48,
306089,7,16.60,101.51,
306089,8,118.83,809.52,
306089,6,59.96,334.34,
306089,1,399.42,342.97,
306089,3,75.52,192.99,
306092,4,23.02,63.99,
306092,3,98.98,225.22,
306092,2,72.38,109.21,
306092,5,227.76,900.86,
306092,5,104.64,355.32,
306092,3,128.04,280.14,
306095,2,532.95,831.70,
306095,3,87.26,192.50,
306095,5,97.63,364.10,
306095,4,19.76,57.92,
306095,4,12.98,40.54,
306095,2,22.39,38.34,
306095,3,102.43,246.09,
306095,3,163.68,409.88,
306095,2,31.45,47.46,
306096,3,63.38,177.17,
306096,6,13.45,66.71,
306096,5,7.34,32.65,
306096,5,183.92,876.80,
306096,7,236.88,1371.36,
306096,2,89.38,164.45,
306098,2,307.13,455.37,
306098,2,318.15,476.30,
306098,4,40.86,117.42,
306098,4,97.54,271.46,
306098,3,216.72,476.25,
306098,3,105.02,225.84,
306098,3,42.66,92.96,
306098,7,323.82,1747.15,
306100,1,157.32,134.35,
306100,4,58.44,191.07,
306100,3,23.06,61.96,
306100,5,405.72,1861.50,
306100,8,30.36,217.04,
306103,4,7.33,24.25,
306103,8,125.66,836.59,
306103,2,224.16,395.63,
306104,1,123.29,110.66,
306104,2,555.39,952.46,
306104,2,18.72,34.64,
306106,4,118.35,410.93,
306106,3,213.20,536.63,
306106,3,166.14,411.64,
306106,1,549.27,522.06,
306106,5,301.46,1287.46,
306107,2,461.16,790.66,
306107,1,35.54,32.91,
306107,7,181.98,1119.30,
306110,4,11.51,39.58,
306110,4,31.09,103.15,
306110,6,397.32,1934.36,
306110,3,216.96,524.98,
306110,5,431.76,1927.07,
306110,7,179.87,1022.26,
306110,8,93.60,594.89,
306110,7,206.44,1254.35,
306110,3,60.27,148.47,
306110,3,527.34,1226.97,
306110,3,11.93,31.88,
306110,1,110.57,89.47,
306111,2,25.25,48.47,
306111,2,224.07,402.81,
306111,6,44.87,254.23,
306111,1,122.36,118.01,
306111,7,107.26,728.64,
306111,6,8.38,48.21,
306111,2,42.89,70.91,
306111,3,128.15,330.63,
306111,4,490.11,1776.79,
306111,3,41.04,115.76,
306111,5,16.60,75.64,
306111,4,443.94,1618.06,
306111,8,108.09,783.69,
306112,2,152.00,257.79,
306112,5,30.03,121.85,
306112,2,23.88,38.73,
306112,5,155.50,598.96,
306112,5,30.16,114.31,
306112,3,34.49,84.30,
306112,3,211.15,496.99,
306114,6,149.57,755.75,
306114,3,160.06,444.35,
306114,6,146.83,713.67,
306114,2,125.91,199.24,
306114,4,24.50,82.96,
306115,6,11.96,67.69,
306115,3,228.96,641.18,
306115,3,19.19,55.29,
306115,2,170.54,320.09,
306115,5,125.40,588.68,
306115,4,13.20,47.78,
306116,4,219.36,709.42,
306116,5,298.94,1358.90,
306116,3,225.60,592.87,
306116,3,87.84,235.14,
306116,4,17.14,60.40,
306116,7,12.70,80.06,
306116,4,66.06,237.38,
306118,3,153.98,424.92,
306118,3,140.45,374.17,
306118,3,72.06,200.52,
306118,2,526.83,1009.81,
306121,5,45.32,205.63,
306121,6,45.95,253.61,
306121,2,137.41,245.18,
306121,5,307.13,1325.11,
306121,3,64.42,177.67,
306121,4,16.72,58.40,
306121,3,292.32,757.71,
306121,4,335.79,1215.02,
306126,3,7.48,19.26,
306126,2,119.89,209.46,
306126,6,318.78,1537.51,
306126,2,130.68,218.69,
306126,3,8.05,20.41,
306126,2,495.72,810.74,
306126,6,259.20,1287.96,
306126,4,305.24,991.62,
306128,5,417.06,1860.33,
306128,5,48.24,216.82,
306128,5,12.76,55.06,
306128,2,262.56,490.91,
306128,4,156.86,577.74,
306129,4,506.43,1645.49,
306129,5,42.21,186.83,
306129,6,81.56,427.21,
306129,6,125.40,660.61,
306129,2,77.01,136.57,
306131,4,138.34,464.07,
306131,4,192.54,630.93,
306131,2,113.40,179.89,
306131,1,186.38,155.82,
306131,5,218.74,888.21,
306131,3,18.00,43.24,
306133,5,196.19,801.43,
306133,1,61.73,50.35,
306133,5,43.20,164.80,
306133,7,525.30,2895.90,
306133,2,245.04,388.62,
306133,7,35.34,203.23,
306134,6,169.49,918.21,
306134,1,285.08,250.16,
306134,3,63.14,155.50,
306134,3,46.89,119.34,
306134,6,86.11,427.22,
306135,2,224.16,342.51,
306135,4,7.63,23.35,
306136,4,185.32,583.98,
306136,7,33.63,185.50,
306136,5,13.66,57.92,
306139,6,78.03,341.80,
306139,5,12.94,49.48,
306139,2,206.85,285.31,
306139,3,461.58,1130.21,
306139,2,24.55,37.09,
306139,2,12.84,19.59,
306139,4,119.46,379.14,
306139,6,36.10,152.99,
306139,6,138.47,625.61,
306140,4,125.91,434.37,
306140,6,388.92,2045.31,
306140,4,85.64,293.39,
306140,3,89.09,230.19,
306140,5,451.92,1892.85,
306140,5,397.32,1707.66,
306140,5,56.73,240.85,
306140,4,102.43,349.25,
306141,9,90.43,586.19,
306141,2,7.38,11.12,
306141,1,56.97,44.68,
306141,2,539.58,857.48,
306141,3,461.16,1082.02,
306142,1,241.20,197.66,
306142,5,528.36,2401.24,
306142,6,8.67,39.83,
306142,4,29.80,106.26,
306142,2,519.69,882.88,
306145,7,144.25,954.49,
306145,4,74.81,272.62,
306145,4,47.61,174.65,
306145,4,103.10,379.03,
9306145,-4,47.61,-174.65,
306146,6,193.32,994.96,
306146,2,207.87,356.61,
306146,4,128.27,425.88,
306146,3,24.58,64.00,
306146,5,158.84,610.69,
306146,4,87.94,303.72,
306146,5,115.88,467.30,
306146,4,19.49,61.56,
306146,5,142.30,609.38,
306146,5,477.36,1873.53,
306146,2,209.31,362.54,
306146,4,125.93,421.81,
306146,6,76.69,379.80,
9306146,-4,128.27,-425.88,
306147,3,121.30,274.56,
306147,3,535.50,1291.54,
306147,4,92.45,285.22,
306147,3,400.68,902.89,
306147,5,79.83,329.35,
306147,2,417.90,649.43,
306147,2,21.98,33.24,
306147,3,202.54,455.13,
306151,2,412.44,694.88,
306151,8,295.79,1993.79,
306151,3,385.14,972.57,
306151,3,31.09,79.99,
306151,4,48.96,161.30,
306151,4,56.30,188.04,
306151,1,12.78,11.01,
306151,2,33.99,54.10,
306151,5,191.31,829.23,
306152,7,13.68,84.38,
306152,3,139.79,397.88,
306152,6,12.69,67.46,
306152,3,154.28,428.75,
306154,1,488.58,360.89,
306154,2,103.49,157.21,
306154,3,18.00,41.09,
306154,3,421.68,1015.53,
306154,4,103.49,335.89,
306154,5,112.22,437.03,
306154,8,291.06,1824.68,
306154,3,459.90,1004.59,
306154,6,34.32,159.97,
306157,9,214.43,1486.57,
306157,4,430.50,1382.74,
306157,4,8.37,25.73,
306157,3,238.80,546.67,
306157,3,316.89,669.41,
306157,6,119.18,513.17,
306157,3,523.77,1198.37,
306157,5,18.94,66.68,
306157,5,461.16,1673.33,
306157,4,340.20,1007.13,
306157,2,13.49,20.37,
306157,5,143.62,548.63,
306157,4,450.24,1295.45,
306157,6,47.34,209.46,
306157,5,178.82,641.45,
306158,5,508.47,1944.44,
306158,2,16.29,25.49,
306158,3,142.69,375.24,
306158,5,128.38,506.28,
306159,3,533.97,1369.86,
306159,4,106.67,374.38,
306159,5,85.41,352.50,
306159,4,89.86,312.43,
306159,4,115.17,387.38,
306159,2,333.59,609.20,
306159,1,8.57,7.55,
306162,2,411.60,661.86,
306162,4,47.84,154.46,
306162,8,324.77,2342.11,
306162,1,158.75,131.96,
306162,4,91.30,296.57,
306162,5,90.05,381.97,
306162,2,260.16,441.04,
306162,6,75.67,375.84,
306164,4,88.99,307.71,
306164,2,162.62,290.14,
306164,6,25.80,127.70,
306164,3,262.56,652.25,
306164,5,12.55,51.72,
306164,6,300.83,1585.83,
306165,4,94.18,316.77,
306165,2,121.57,198.27,
306165,4,46.58,156.98,
306165,2,19.22,33.31,
306165,3,56.67,142.99,
306165,2,12.80,22.03,
306165,4,18.63,63.10,
306165,2,258.96,450.83,
306165,2,78.66,134.05,
306165,5,214.02,972.03,
306165,2,99.55,176.39,
306165,4,12.21,43.58,
306168,7,77.24,494.54,
306168,3,166.44,452.75,
306168,6,127.38,703.37,
306168,5,49.32,222.66,
306168,6,129.68,665.70,
306168,5,11.75,45.36,
306168,3,529.89,1332.05,
306168,3,43.79,113.34,
306168,6,17.71,89.30,
306169,4,13.06,40.91,
306169,3,45.18,120.96,
306169,3,330.12,984.17,
306169,4,49.46,177.97,
306169,4,323.19,1190.68,
306169,4,44.91,162.78,
306169,6,22.54,121.76,
306169,2,76.15,144.51,
306169,3,177.58,461.60,
306171,4,105.22,341.68,
306171,1,144.67,124.85,
306171,3,89.66,205.12,
306171,3,121.84,270.94,
306171,4,12.14,38.70,
306171,4,128.30,396.57,
306171,2,246.48,389.35,
306171,4,140.84,449.21,
306173,10,119.46,934.13,
306173,3,61.49,152.05,
306173,6,489.09,2319.68,
306173,6,47.52,218.05,
306173,4,99.55,310.72,
306173,6,17.42,83.63,
306173,3,157.62,364.13,
306173,2,17.14,26.61,
306176,6,132.00,626.75,
306176,3,21.98,48.83,
306176,6,238.80,1191.18,
306176,2,32.54,49.04,
306176,6,195.98,886.94,
306176,4,75.83,249.33,
306176,7,90.62,490.24,
306176,4,287.91,957.88,
306178,4,60.15,157.42,
306178,5,141.24,528.00,
306178,1,8.58,6.63,
306178,4,115.76,348.53,
306178,3,124.96,292.37,
306178,3,337.68,754.84,
306178,3,148.50,318.90,
306178,3,48.42,96.14,
306178,2,8.46,12.24,
306178,5,170.02,615.17,
306178,3,92.35,205.02,
306178,4,98.02,293.09,
306179,1,13.53,10.22,
306179,3,171.42,423.22,
306180,7,66.55,364.03,
306180,2,91.49,163.11,
306180,6,19.71,96.03,
306180,6,57.22,298.57,
306180,4,23.86,79.14,
306180,12,221.52,2061.63,
306182,6,17.69,96.48,
306182,4,19.55,71.97,
306182,3,11.40,31.12,
306182,5,113.99,495.33,
306182,2,123.55,216.06,
306184,2,255.36,432.60,
306184,6,59.66,307.27,
306184,2,8.05,14.58,
306184,3,23.76,63.65,
306184,6,135.17,716.11,
306184,1,7.76,6.79,
306184,2,119.72,197.37,
306184,6,144.54,763.02,
306184,3,49.14,134.40,
306184,5,8.67,37.31,
306185,6,8.30,45.55,
306185,4,91.97,331.92,
306185,2,25.97,46.76,
306185,6,191.06,1012.49,
306187,5,159.46,663.70,
306187,3,35.54,90.82,
306187,6,221.81,1167.79,
306187,3,17.21,45.22,
306187,3,13.33,36.37,
306187,2,251.76,442.99,
306187,8,226.32,1548.99,
306187,4,164.03,600.09,
306187,3,29.96,76.76,
306187,5,412.44,1822.36,
306187,3,479.40,1331.05,
306187,3,123.29,310.60,
306187,6,381.78,1958.91,
306187,3,30.62,80.30,
306187,2,11.28,19.60,
306189,3,8.60,20.81,
306189,3,298.62,685.83,
306189,6,208.08,1040.40,
306189,2,242.40,373.60,
306189,2,143.18,223.81,
306190,1,30.56,25.50,
306190,1,546.21,484.88,
306190,4,75.91,284.85,
306190,3,221.76,585.14,
306191,5,188.14,788.91,
306191,5,45.14,190.53,
306191,2,175.30,303.68,
306191,3,520.71,1404.08,
306191,7,165.83,982.29,
306191,2,259.92,428.73,
306192,1,403.62,380.49,
306192,7,33.40,207.79,
306192,5,421.26,1947.90,
306192,5,8.11,34.99,
306192,6,8.38,42.55,
306192,5,107.14,488.75,
306192,6,112.93,644.15,
306192,4,162.34,599.23,
306195,2,544.17,854.53,
306195,6,245.52,1160.77,
306195,2,12.88,21.10,
306195,4,119.30,399.01,
306196,1,108.91,74.00,
306196,5,30.76,124.38,
306196,9,7.94,53.28,
306196,3,518.67,1187.24,
306196,4,8.65,28.28,
306197,6,303.66,1528.20,
306197,10,164.01,1423.86,
306197,2,159.98,272.77,
306197,3,184.62,501.35,
306197,4,16.20,54.80,
306197,3,30.23,79.64,
306197,3,80.78,218.46,
306197,6,17.64,86.89,
306197,5,183.39,807.73,
306201,2,45.45,79.11,
306201,1,124.73,110.90,
306201,3,160.36,467.68,
306201,3,127.12,328.05,
306201,4,18.25,66.55,
306201,6,33.66,179.84,
306201,4,158.84,506.06,
306201,4,33.79,120.94,
306201,7,102.62,644.31,
306202,3,42.71,117.69,
306202,4,299.88,1011.23,
306202,3,131.60,343.76,
306202,5,8.62,37.24,
306202,4,24.62,93.68,
306202,1,7.89,6.77,
306202,3,44.64,126.30,
306202,7,25.78,165.33,
306202,6,191.49,1137.46,
306202,2,26.35,47.12,
306202,2,437.22,747.29,
306202,6,17.08,86.28,
306202,2,173.89,315.71,
306202,2,21.91,37.71,
306202,4,186.91,686.92,
306204,3,151.70,420.46,
306204,2,227.04,424.94,
306204,6,109.74,611.71,
306204,2,18.47,31.59,
306204,9,127.25,1064.71,
306204,3,185.32,485.53,
306206,6,176.53,758.95,
306206,3,140.75,335.72,
306206,6,384.30,1875.82,
306206,5,99.94,402.75,
306206,7,420.00,2267.60,
306206,4,33.83,110.37,
306206,3,47.97,116.72,
306206,7,25.56,138.72,
306206,7,30.72,175.34,
306206,2,87.55,131.80,
306207,4,62.16,213.57,
306207,4,139.54,476.83,
306207,1,60.09,50.81,
306208,5,31.55,155.20,
306208,3,48.15,130.74,
306208,6,127.44,721.55,
306208,2,57.77,101.24,
306208,4,63.99,244.27,
306208,4,438.90,1636.16,
306208,5,33.59,157.84,
306208,6,7.55,39.05,
306208,6,45.63,254.76,
306210,4,73.63,236.60,
306210,4,328.86,1072.60,
306210,1,75.52,65.12,
306211,5,121.30,471.90,
306211,5,60.94,234.94,
306211,2,339.26,528.73,
306211,2,140.98,218.94,
306211,3,18.07,45.21,
306213,4,7.86,26.27,
306213,2,325.40,567.86,
306213,4,83.52,290.46,
306213,5,406.98,1785.48,
306213,2,145.01,266.08,
306213,4,36.04,133.93,
306216,3,191.27,466.63,
306216,7,170.02,1102.45,
306216,3,155.65,420.58,
306217,4,109.15,399.56,
306217,5,13.75,61.35,
306217,4,11.60,42.53,
306217,4,16.79,62.51,
306217,3,19.35,50.42,
306217,5,221.52,981.55,
306217,6,144.80,725.76,
306217,2,283.50,487.31,
306217,6,170.19,949.34,
306217,5,16.85,68.10,
306217,4,121.31,437.83,
306217,5,261.60,1080.92,
306217,6,21.82,108.11,
306218,4,190.45,687.39,
306218,3,463.08,1201.69,
306218,5,16.79,62.60,
306218,10,158.93,1292.51,
306218,6,17.66,85.93,
306220,3,19.35,45.94,
306220,3,170.19,392.06,
306220,4,59.17,187.62,
306220,3,107.14,278.06,
306220,6,185.50,822.20,
306224,5,110.57,458.40,
306224,4,407.40,1317.46,
306225,6,156.56,765.94,
306225,8,290.75,2021.06,
306225,4,19.62,71.74,
306225,2,171.42,295.81,
306225,3,57.22,160.33,
306225,5,7.50,33.22,
306225,3,61.49,163.55,
306225,3,72.85,204.27,
306226,8,415.80,2754.48,
306226,4,128.30,424.45,
306226,5,8.62,37.47,
306226,2,441.84,759.81,
306226,3,13.44,33.02,
306227,2,299.88,486.66,
306227,2,487.05,861.58,
306228,3,34.22,79.05,
306228,4,491.64,1365.34,
306229,1,13.14,11.65,
306229,4,40.77,157.11,
306229,5,469.71,2190.00,
306229,5,126.61,570.65,
306229,4,7.35,26.50,
306236,4,479.40,1395.26,
306236,3,12.45,28.54,
306236,4,84.86,251.89,
306236,6,42.08,177.73,
306237,3,142.42,380.11,
306237,3,62.04,180.16,
306237,5,18.52,87.58,
306237,4,527.85,1914.99,
306238,4,8.72,33.13,
306238,2,33.17,61.74,
306238,5,34.12,155.19,
306238,3,114.81,318.24,
306238,4,96.19,353.42,
306238,5,87.46,397.73,
306238,2,306.81,541.22,
306238,6,22.68,122.60,
306238,5,234.96,1058.17,
306244,5,530.91,2023.29,
306244,6,230.40,1086.86,
306244,8,36.10,218.81,
306244,5,121.78,485.33,
306244,4,22.99,73.96,
306244,3,407.40,955.17,
306244,3,480.42,1169.04,
306245,4,185.12,516.87,
306245,3,424.20,1039.06,
306245,7,550.80,2839.70,
306245,4,96.00,280.82,
306246,4,497.25,1401.99,
306246,5,384.72,1389.98,
306246,5,207.05,813.45,
306246,2,32.18,49.81,
306248,3,472.26,1104.64,
306248,1,456.12,379.18,
306248,8,12.99,84.89,
306248,5,126.32,502.63,
306249,2,31.12,47.76,
306249,6,138.32,677.59,
306249,6,8.54,39.45,
306249,5,8.59,31.01,
306249,3,192.54,475.36,
306249,2,33.43,50.66,
306249,3,144.70,329.91,
306249,3,89.09,218.25,
306249,1,167.90,134.60,
306250,2,401.10,581.32,
306250,3,163.86,355.00,
306250,5,25.42,105.42,
306250,2,18.63,29.23,
306250,1,126.19,94.51,
306250,4,77.48,242.25,
306250,7,17.69,93.77,
306250,2,236.88,349.66,
306251,5,117.29,470.15,
306251,4,203.16,622.69,
306251,3,137.71,309.13,
306253,3,31.75,88.27,
306253,2,24.72,41.97,
306253,4,287.28,973.86,
306253,7,16.92,104.91,
306253,6,25.61,129.36,
306253,7,58.13,351.04,
306253,3,395.64,1022.53,
306253,4,17.17,59.81,
306254,4,22.99,70.58,
306254,4,25.99,76.06,
306254,2,31.98,48.82,
306254,2,30.82,45.60,
306254,3,25.94,63.68,
306254,4,25.51,77.12,
306254,4,7.79,23.42,
306254,6,124.37,558.60,
306254,2,224.68,329.68,
306255,2,459.06,768.88,
306255,6,233.04,1229.59,
306255,3,44.55,112.61,
306255,5,26.16,108.16,
306255,3,71.44,172.10,
306255,1,13.06,11.45,
306255,3,548.76,1480.66,
306256,6,30.43,131.78,
306256,2,8.13,11.88,
306256,7,259.44,1416.62,
306256,7,128.38,699.38,
306256,7,249.12,1275.45,
306256,4,165.53,490.81,
306256,7,63.44,333.18,
306257,2,41.81,78.92,
306257,5,89.66,409.45,
306257,5,138.62,629.14,
306257,1,18.13,16.09,
306257,5,115.17,483.04,
306257,2,19.57,33.95,
306257,6,26.38,131.40,
306257,5,104.64,459.76,
306261,7,99.94,593.65,
306261,5,383.88,1553.06,
306262,4,251.04,857.11,
306262,3,456.12,1145.64,
306262,5,295.47,1149.62,
306262,6,17.68,80.10,
306262,4,447.72,1207.15,
9306262,-3,456.12,-1145.64,
306264,2,465.12,862.55,
306264,4,332.01,1163.11,
306264,3,95.04,266.48,
306264,5,128.44,582.51,
306264,4,138.47,511.90,
306265,4,33.83,96.57,
306265,3,90.82,190.80,
306265,6,202.95,937.79,
306266,4,142.43,420.94,
306266,5,124.73,474.35,
306267,2,337.37,541.74,
306267,5,189.02,739.53,
306267,4,538.56,1719.58,
306267,2,75.28,104.82,
306267,5,123.82,486.33,
306267,6,146.98,722.69,
306267,9,42.08,291.18,
306267,5,137.26,492.10,
306267,3,510.51,1158.74,
306267,3,43.79,104.78,
306267,3,137.10,324.14,
306269,2,62.77,110.55,
306269,7,42.44,275.99,
306269,6,31.75,171.12,
306269,4,44.06,154.56,
306269,2,138.17,256.34,
306269,3,304.29,832.63,
306269,2,32.60,57.56,
306271,2,297.05,446.25,
306271,5,502.35,2035.49,
306271,4,189.20,603.28,
306271,2,479.91,774.31,
306271,5,32.51,128.45,
306271,5,18.61,74.86,
306271,5,479.91,2004.69,
306271,6,66.73,333.55,
306272,3,406.14,967.69,
306272,6,558.96,2654.91,
306272,1,185.33,139.05,
306276,3,61.73,140.88,
306276,3,58.80,117.33,
306276,2,65.33,94.94,
306276,4,100.03,278.16,
306276,6,122.63,589.59,
306276,3,8.34,17.84,
306277,7,34.12,200.57,
306277,2,423.78,749.81,
306277,6,383.04,2053.28,
306277,4,18.27,65.88,
306277,3,8.34,23.25,
306277,8,12.90,96.44,
306277,3,98.78,264.79,
306277,4,113.75,408.77,
306277,3,35.01,94.76,
306277,4,145.77,545.60,
306277,3,138.47,371.83,
306277,3,64.23,173.67,
306277,3,8.22,21.68,
306278,5,485.01,2080.17,
306278,3,140.58,354.15,
306278,3,231.36,567.09,
306278,3,61.55,151.54,
306278,7,25.44,140.32,
306279,4,283.82,1042.29,
306279,5,24.41,97.56,
306279,6,23.23,116.45,
306279,5,122.36,585.89,
306279,2,8.30,14.17,
306279,5,45.54,191.89,
306279,2,263.76,496.95,
306279,6,65.27,365.40,
306279,4,33.10,116.28,
306279,6,138.60,734.04,
306280,6,135.43,693.66,
306280,4,203.57,672.43,
306280,4,155.80,533.72,
306280,4,165.79,517.13,
306280,3,118.71,297.04,
306280,5,216.07,881.83,
306281,4,41.36,136.88,
306281,2,13.71,21.78,
306281,6,11.96,55.92,
306281,2,154.43,250.41,
306281,6,93.50,466.72,
306281,3,125.93,320.62,
306281,4,433.44,1383.73,
306281,3,145.92,371.01,
306281,4,16.36,51.75,
306281,1,164.92,147.66,
306281,2,134.77,226.29,
306281,2,113.28,189.56,
306281,6,8.25,41.94,
306283,4,236.16,824.52,
306283,10,70.73,616.00,
306283,3,122.25,329.64,
306283,3,223.86,567.88,
306283,5,8.18,37.61,
306283,5,127.91,569.51,
306284,4,11.41,40.83,
306284,4,41.31,133.06,
306284,5,248.64,1135.43,
306284,4,104.64,409.35,
306284,6,82.19,419.69,
306285,1,161.57,140.78,
306285,5,483.99,1974.36,
306285,8,388.08,2682.74,
306285,5,126.97,583.39,
306286,3,8.50,19.07,
306286,2,12.51,19.89,
306288,5,73.01,307.94,
306288,4,425.88,1370.80,
306288,4,442.68,1530.54,
306288,3,43.34,116.43,
306288,6,153.67,795.80,
306288,3,24.05,58.52,
306288,4,233.76,797.21,
306288,4,136.88,481.48,
306288,6,30.99,151.79,
306288,4,61.85,209.16,
306289,4,44.78,147.89,
306289,6,22.61,114.72,
306289,2,33.79,53.45,
306289,4,96.96,335.91,
306289,4,62.77,205.80,
306289,2,110.57,181.93,
306289,2,32.64,57.20,
306290,2,11.41,20.43,
306290,5,219.60,962.44,
306290,4,343.98,1158.79,
306290,3,129.36,323.80,
306290,1,12.21,10.54,
306290,5,119.46,506.24,
306290,7,80.46,508.30,
306290,4,253.44,871.01,
306292,4,21.77,63.90,
306292,3,8.21,18.67,
306292,3,72.53,170.19,
306292,3,12.33,28.49,
306292,3,114.81,249.98,
306292,2,224.48,368.47,
306292,4,36.23,107.25,
306294,4,32.51,113.20,
306294,2,17.80,29.27,
306294,4,553.35,1746.68,
306294,4,42.80,147.44,
306294,5,42.17,182.54,
306294,5,444.78,2035.22,
306294,6,33.00,151.53,
306294,2,47.39,79.87,
306294,3,152.15,358.13,
306295,6,66.55,326.41,
306295,6,36.07,205.64,
306295,5,58.56,255.77,
306295,6,134.11,695.88,
306295,8,129.36,892.37,
306295,3,187.58,496.50,
306295,4,129.56,498.41,
306295,2,64.97,119.16,
306295,4,192.70,724.09,
306295,4,80.86,282.62,
306295,2,7.70,13.35,
306295,4,55.14,207.39,
306295,3,8.11,21.15,
306295,5,122.36,570.27,
306295,6,23.86,125.74,
306298,6,127.91,643.03,
306298,2,163.55,279.35,
306298,9,136.62,930.35,
306298,6,7.64,36.76,
306298,3,71.75,181.12,
306298,6,300.83,1397.68,
306298,3,49.28,114.31,
306298,2,152.15,243.16,
306298,5,145.07,521.43,
306298,2,454.86,741.98,
306298,3,388.08,972.42,
306298,5,475.83,1908.80,
306298,7,236.64,1368.66,
306298,2,166.50,268.82,
306298,3,13.33,34.24,
306299,7,26.33,175.30,
306299,2,58.93,110.46,
306299,3,490.62,1428.53,
306299,6,58.68,326.62,
306299,4,84.86,328.01,
306299,6,194.34,1052.38,
306299,3,440.58,1258.52,
306299,2,136.88,264.71,
306303,7,18.11,116.81,
306303,7,129.62,861.68,
306303,6,63.44,323.88,
306303,2,18.88,33.00,
306303,4,341.15,1221.71,
306303,2,19.46,37.03,
306303,4,111.75,413.97,
306303,4,97.15,349.80,
306304,2,11.64,20.33,
306304,4,98.59,366.03,
306304,5,34.06,154.57,
306304,7,126.61,775.20,
306304,3,316.58,885.45,
306304,6,157.78,837.21,
306304,4,259.92,897.01,
306304,5,18.79,81.42,
306304,4,12.45,43.92,
306304,3,99.46,253.37,
306304,3,100.03,274.62,
306304,7,75.52,484.27,
306306,5,254.40,1006.14,
306306,4,227.76,751.16,
306307,3,78.50,213.46,
306307,6,66.73,361.56,
306307,3,17.80,46.90,
306307,2,181.63,301.63,
306307,1,112.81,104.81,
306307,2,91.10,171.07,
306310,3,533.97,1226.03,
306310,3,34.25,78.99,
306319,5,127.20,500.34,
306319,5,297.99,1110.50,
306319,5,245.76,950.71,
306321,2,64.84,106.43,
306321,3,170.37,453.49,
306321,3,75.05,209.43,
306321,5,98.40,423.30,
306321,7,131.60,799.51,
306323,6,47.07,247.71,
306323,6,254.40,1294.72,
306323,5,11.38,53.16,
306323,6,529.38,2915.92,
306323,4,48.51,173.50,
306326,3,461.55,1219.11,
306326,5,180.58,837.27,
306326,4,527.34,1850.25,
306326,9,81.80,653.76,
306326,6,104.64,576.93,
306326,8,340.20,2504.04,
306326,3,7.45,19.42,
306326,5,162.27,751.47,
306326,3,41.27,105.70,
306326,4,123.82,462.23,
306326,4,16.43,62.64,
306330,5,157.62,601.77,
306330,4,177.94,555.04,
306330,4,140.84,443.39,
306330,4,12.96,41.09,
306330,4,121.54,391.16,
306330,4,84.62,261.59,
306331,5,13.10,55.39,
306331,2,94.27,168.38,
306331,4,8.58,31.10,
306331,5,128.30,563.00,
306331,3,415.38,1116.46,
306332,2,168.61,263.80,
306332,3,31.68,76.59,
306332,2,488.07,726.25,
306332,4,126.59,407.22,
306332,4,286.97,905.97,
306332,4,18.23,55.12,
306332,5,469.20,1675.07,
306332,5,82.43,326.34,
306332,4,60.76,192.81,
306332,4,207.46,587.73,
306333,3,509.49,1214.84,
306333,6,144.25,653.25,
306333,7,24.82,134.21,
306336,2,99.46,176.83,
306336,9,32.64,255.11,
306336,2,7.68,13.53,
306336,4,109.86,382.83,
306336,2,57.77,104.07,
306336,4,303.03,1095.57,
306336,6,486.54,2656.65,
306336,2,17.89,32.25,
306337,4,301.77,954.57,
306337,3,319.10,695.20,
306337,3,97.63,225.57,
306337,5,90.62,370.32,
306338,3,165.44,398.07,
306338,4,146.22,472.12,
306338,5,199.06,851.12,
306338,3,60.88,145.54,
306338,5,34.45,148.06,
306338,5,102.34,387.23,
306338,2,235.20,374.57,
306340,5,340.20,1378.17,
306340,5,7.23,32.04,
306344,7,169.84,1106.36,
306344,4,171.78,623.05,
306344,5,63.14,278.08,
306344,4,62.71,205.78,
306344,4,417.48,1433.73,
306348,2,12.18,23.37,
306348,5,182.69,812.74,
306348,5,8.63,39.65,
306348,5,191.31,956.12,
306348,7,12.78,81.41,
306348,5,44.42,199.23,
306348,4,23.04,86.98,
9306348,-5,182.69,-812.74,
306349,5,257.52,1041.53,
306349,6,183.22,799.49,
306349,3,336.42,742.06,
306350,6,303.66,1521.30,
306350,3,142.73,385.95,
306350,5,24.58,105.41,
306350,5,166.85,763.46,
306350,8,64.36,420.80,
306350,3,228.24,551.07,
306350,3,159.81,410.15,
306351,4,126.97,389.72,
306351,4,126.72,388.96,
306351,4,544.17,1605.53,
306351,6,13.23,59.46,
306351,5,189.42,693.51,
306351,2,252.96,400.76,
306351,6,31.68,143.23,
306351,2,152.91,231.60,
306351,2,43.92,70.41,
306351,2,165.09,266.83,
306351,2,23.98,35.99,
306351,3,31.68,74.33,
306351,3,18.59,45.75,
306351,2,22.10,38.64,
306351,5,193.52,670.80,
306352,5,257.52,957.52,
306352,6,17.26,74.72,
306352,5,155.34,603.52,
306352,5,17.87,64.73,
306352,2,47.88,68.49,
306352,4,19.04,56.50,
306352,3,88.32,215.79,
306352,4,18.58,55.31,
306352,5,190.08,714.86,
306352,4,58.93,182.27,
306352,10,97.54,678.50,
306354,5,120.83,543.63,
306354,2,18.68,32.08,
306354,7,526.83,3270.01,
306354,4,18.05,60.89,
306354,8,127.51,854.87,
306354,4,104.54,375.81,
306354,5,237.36,1033.87,
306354,5,128.86,583.65,
306355,2,13.71,22.25,
306355,4,287.60,955.60,
306355,3,16.85,39.66,
306355,2,56.36,94.62,
306355,1,164.21,129.10,
306355,3,408.24,1061.82,
306355,4,81.56,277.56,
306355,4,60.09,187.19,
306355,2,424.62,690.61,
306355,6,332.33,1587.11,
306356,1,328.86,254.80,
306356,8,198.03,1219.05,
306356,4,185.33,581.39,
306356,5,198.03,795.71,
306357,3,409.08,1103.52,
306357,3,12.60,34.27,
306357,3,16.34,43.55,
306357,7,91.30,564.34,
306357,4,208.28,726.40,
306357,2,223.66,399.81,
306357,7,18.23,113.60,
306357,3,77.95,200.21,
306358,2,76.85,117.50,
306358,5,17.46,62.45,
306358,5,18.32,73.23,
306358,7,7.79,39.42,
306358,3,236.64,564.83,
306358,4,452.34,1434.39,
306358,7,7.98,42.19,
306358,4,243.84,759.91,
306358,9,145.92,943.93,
306358,6,24.70,110.21,
306358,5,462.57,1897.61,
306359,4,463.59,1680.14,
306359,3,17.77,47.02,
306359,6,497.76,2692.10,
306359,4,110.09,402.56,
306359,4,58.80,214.71,
306359,2,40.55,74.13,
306359,6,17.39,95.45,
306359,8,158.54,1087.19,
306363,5,384.72,1434.86,
306363,4,150.48,445.35,
306363,5,178.46,692.92,
306364,4,168.08,574.62,
306364,6,109.50,489.65,
306364,5,198.03,737.57,
306364,4,477.87,1513.02,
306364,3,526.83,1281.92,
306364,2,145.31,232.56,
306364,4,123.31,403.81,
306364,5,486.03,1917.94,
306364,2,8.05,12.13,
306366,5,218.53,933.62,
306366,2,426.72,685.25,
306366,2,18.81,31.25,
306366,5,26.28,110.98,
306367,5,532.95,2328.73,
306367,4,60.39,241.56,
306367,6,19.66,111.95,
306367,2,12.63,23.61,
306369,5,211.77,893.26,
306369,2,153.82,262.63,
306369,6,110.21,592.51,
306369,6,11.84,55.74,
306369,4,17.71,58.43,
306369,4,302.40,952.88,
306369,2,79.21,137.38,
306369,3,437.64,1261.94,
306369,3,13.24,35.70,
9306369,-6,110.21,-592.51,
306371,9,21.98,172.11,
306371,8,303.98,1863.10,
306372,1,36.10,25.15,
306372,5,544.17,2010.14,
306372,4,259.68,818.41,
306372,4,556.41,1642.91,
306372,6,88.22,397.43,
306377,8,34.98,218.41,
306377,6,48.74,241.76,
306377,8,73.63,510.49,
306377,5,36.14,153.31,
306377,2,138.47,248.36,
306377,4,132.79,459.32,
306377,6,121.19,611.67,
306377,2,248.64,406.49,
306377,2,67.10,111.55,
306381,5,222.84,985.51,
306381,5,41.76,190.66,
306381,6,8.44,44.65,
306381,2,137.15,235.75,
306383,5,19.64,73.48,
306383,7,141.90,732.61,
306383,2,120.83,201.99,
306383,3,122.72,264.23,
306383,1,107.38,76.06,
306383,4,143.35,425.24,
306383,4,442.26,1307.88,
306383,5,228.48,874.94,
306383,3,12.18,28.25,
306383,4,129.80,387.11,
306383,4,228.48,660.86,
306384,6,141.64,736.37,
306384,4,529.38,1814.62,
306384,4,77.56,273.89,
306386,1,499.80,391.26,
306386,3,115.29,292.17,
306386,5,23.98,98.05,
306386,8,220.17,1369.04,
306386,2,36.14,55.93,
306386,2,60.33,101.83,
306386,2,157.17,249.58,
306386,3,7.66,18.51,
306386,9,35.54,268.03,
306387,3,49.23,113.81,
306387,5,141.11,543.09,
306387,3,22.18,50.99,
306387,5,187.62,660.40,
306389,3,101.18,223.95,
306389,6,7.62,35.30,
306389,3,8.35,18.25,
306389,3,160.51,390.80,
306389,4,23.45,73.50,
306390,2,142.30,236.94,
306390,3,16.70,43.49,
306390,5,46.76,196.74,
306390,2,131.08,216.11,
306390,3,19.58,51.14,
306390,7,40.59,233.52,
306390,3,118.59,311.55,
306390,2,60.09,94.82,
306390,7,7.68,43.14,
306390,3,399.42,967.52,
306390,4,117.53,377.25,
306390,4,61.79,218.25,
306390,4,256.80,899.67,
306390,4,21.67,72.86,
306391,3,8.05,21.55,
306391,2,255.36,461.46,
306391,5,139.52,625.14,
306392,6,168.08,825.46,
306392,2,23.86,40.17,
306392,4,320.67,1071.20,
306392,5,11.59,51.75,
306392,3,17.69,47.42,
306392,5,241.68,1072.51,
306392,3,125.20,325.60,
306392,5,30.49,128.40,
306392,6,446.88,2245.99,
306392,4,246.48,831.79,
306392,5,58.19,257.75,
306393,5,109.50,462.31,
306393,3,16.24,41.25,
306393,3,63.38,166.11,
306393,7,18.56,112.07,
306393,3,173.01,456.74,
306393,4,152.00,489.30,
306393,8,55.21,396.95,
306393,2,284.76,477.15,
306393,2,189.02,324.84,
306393,4,106.79,346.51,
306393,6,75.83,408.61,
306393,2,215.05,353.35,
306393,5,11.91,50.00,
306393,4,85.09,315.91,
306394,6,129.68,729.94,
306394,5,8.37,37.69,
306394,8,44.69,336.15,
306394,5,11.56,49.20,
306394,5,59.60,275.01,
306394,3,304.92,822.81,
306394,5,123.19,529.55,
306395,5,7.53,31.43,
306395,4,396.06,1182.27,
306395,5,12.94,54.29,
306395,4,221.20,731.25,
306395,7,31.25,185.35,
306395,6,7.26,36.01,
306395,2,12.83,20.67,
306396,6,165.79,795.72,
306396,2,26.30,47.38,
306396,4,481.44,1656.62,
306400,3,296.10,685.67,
306400,3,16.69,37.70,
306400,5,251.04,971.28,
306400,4,11.60,37.82,
306400,3,219.60,537.62,
306400,6,309.33,1423.56,
306400,7,187.79,958.79,
306400,2,12.59,21.34,
306400,2,8.62,13.84,
306403,6,455.70,2326.77,
306403,5,320.99,1321.11,
306403,2,471.75,740.56,
306403,5,153.22,651.15,
306406,4,222.00,738.17,
306406,3,125.08,324.47,
306406,2,256.56,418.52,
306408,4,229.44,888.66,
306408,3,12.81,33.15,
306408,7,229.68,1431.78,
306408,3,18.97,46.53,
306409,5,259.20,1006.82,
306409,2,147.59,224.63,
306409,7,406.56,2185.47,
306409,4,11.29,34.90,
306409,4,302.40,915.74,
306409,4,193.32,564.89,
306411,2,190.26,316.73,
306411,7,458.64,2460.63,
306411,6,381.36,1807.70,
306411,2,188.81,303.23,
306411,8,119.20,775.81,
306411,4,185.33,604.20,
306411,7,86.50,480.63,
306411,5,116.58,479.36,
306411,4,389.76,1240.15,
306413,4,43.16,147.07,
306413,2,30.43,48.00,
306416,6,134.51,694.65,
306416,3,99.94,269.62,
306416,8,483.48,3442.17,
306416,2,133.32,241.26,
306416,2,232.80,430.86,
306416,4,161.74,582.43,
306418,5,451.50,1984.03,
306418,7,76.15,437.41,
306418,3,56.91,144.44,
306418,4,22.20,72.26,
306418,6,242.88,1243.82,
306418,3,63.32,168.57,
306419,3,62.71,164.63,
306419,4,46.08,158.51,
306419,6,514.08,2559.35,
306419,5,16.76,70.83,
306419,5,133.98,566.43,
306419,4,7.72,27.41,
306419,8,12.48,82.07,
306419,1,181.46,165.81,
306419,5,162.45,703.38,
306422,4,153.22,555.08,
306422,3,288.54,786.47,
306423,4,449.40,1386.99,
306423,7,144.41,781.53,
306424,3,89.18,252.49,
306424,2,58.62,112.04,
306424,4,22.78,81.54,
306424,2,303.03,550.28,
306424,9,90.34,749.39,
306424,4,189.42,709.72,
306424,2,16.60,29.68,
306425,2,205.00,364.97,
306425,7,537.54,3470.74,
306425,4,393.12,1456.44,
306425,3,108.09,308.63,
306425,3,199.06,528.75,
306425,3,72.22,198.70,
306425,4,122.01,442.73,
306427,3,57.16,122.99,
306427,2,78.66,114.56,
306427,4,429.24,1238.23,
306428,4,154.13,519.81,
306428,6,165.83,892.76,
306428,3,410.34,1098.24,
306428,3,21.77,54.36,
306428,3,378.00,1012.63,
306428,3,140.45,347.59,
306428,3,234.24,617.40,
306428,4,17.32,62.87,
306428,6,436.38,2125.15,
306428,5,184.62,785.12,
306429,4,459.00,1662.19,
306429,3,84.47,215.14,
306429,4,128.96,430.71,
306429,7,224.64,1346.72,
306429,3,155.95,394.07,
306429,4,445.62,1578.48,
306429,1,46.80,41.79,
306430,5,174.94,791.29,
306430,1,74.81,65.88,
306430,3,388.92,1093.74,
306430,6,17.05,84.76,
306430,7,95.42,600.41,
306430,1,79.29,67.44,
306430,4,540.09,1745.07,
306430,3,304.61,774.12,
306431,4,294.21,920.25,
306431,2,378.84,621.83,
306431,4,142.69,453.94,
306431,4,30.76,94.06,
306431,5,26.18,99.92,
306431,4,8.69,27.32,
306432,3,161.42,398.43,
306432,4,19.37,56.14,
306432,1,170.19,131.37,
306432,3,34.09,81.81,
306433,4,113.75,413.99,
306433,1,58.13,52.51,
306433,2,44.87,76.60,
306433,3,60.57,162.59,
306433,3,319.10,897.80,
306433,4,12.68,46.86,
306434,3,259.20,619.85,
306434,6,188.81,886.49,
306434,4,164.46,513.04,
306434,6,47.30,223.26,
306437,3,427.56,1063.92,
306437,5,18.54,72.06,
306439,2,192.29,326.18,
306439,4,12.70,43.61,
306439,5,7.89,34.15,
306439,6,25.58,140.84,
306442,4,143.94,500.08,
306442,3,29.96,76.27,
306442,4,141.37,452.88,
306442,3,83.45,220.29,
306442,3,78.66,196.10,
306442,3,297.68,792.67,
306442,5,12.03,50.76,
306442,4,8.02,26.87,
306444,6,455.28,2385.45,
306444,2,153.98,274.98,
306447,3,7.54,19.65,
306447,3,99.26,266.41,
306447,2,165.68,269.45,
306447,7,7.28,46.23,
306447,5,561.00,2479.45,
306447,5,47.52,204.15,
306450,6,439.74,2087.72,
306450,2,295.79,472.68,
306450,1,290.75,217.98,
306450,8,117.53,712.78,
306450,2,44.60,71.17,
306450,3,99.94,233.21,
306450,1,12.90,10.19,
306450,5,257.76,958.95,
306450,4,126.73,374.55,
306450,6,31.81,154.02,
306453,5,220.79,915.96,
306453,2,390.60,634.06,
306453,7,204.39,1092.26,
306459,3,385.14,799.91,
306459,1,137.81,114.70,
306459,4,299.25,906.80,
306459,6,125.93,628.07,
306459,3,24.26,54.16,
306461,6,233.04,947.82,
306461,3,544.17,1189.87,
306461,6,7.29,32.06,
306461,2,109.50,168.42,
306461,1,12.05,9.61,
306461,5,404.04,1434.38,
306461,5,114.46,439.27,
306461,5,56.91,211.79,
306464,5,107.73,410.61,
306464,2,295.16,464.05,
306464,4,380.94,1204.38,
306464,6,174.59,803.38,
306464,7,79.13,431.06,
306467,5,18.04,81.31,
306467,7,11.94,74.87,
306467,2,30.53,55.53,
306467,2,12.33,21.80,
306467,7,491.64,3142.51,
306467,4,536.52,1878.96,
306467,7,167.20,1064.56,
306467,5,8.74,40.34,
306469,2,338.94,585.01,
306469,4,494.70,1727.34,
306469,4,19.55,60.47,
306469,3,16.54,41.63,
306469,2,109.62,188.45,
306469,6,33.30,168.71,
306469,2,8.47,13.62,
306469,7,19.71,111.73,
306470,1,23.11,20.90,
306470,4,16.27,59.29,
306470,7,116.47,705.71,
306470,8,73.40,493.47,
306470,2,191.66,350.37,
306470,3,19.48,50.56,
306470,8,23.95,159.31,
306470,2,119.42,215.51,
306470,2,220.79,374.48,
306473,4,23.47,77.29,
306473,2,397.74,691.92,
306473,4,550.29,1766.08,
306473,1,183.22,151.43,
306479,6,221.40,1069.03,
306479,4,46.13,134.55,
306479,4,46.22,146.16,
306479,6,111.98,551.70,
306479,1,205.00,165.14,
306479,5,195.37,776.77,
306481,6,107.03,501.21,
306481,2,223.44,358.32,
306481,8,115.88,787.85,
306481,5,184.98,785.46,
306481,6,32.93,172.68,
306481,4,204.39,640.88,
306483,4,8.10,25.53,
306483,2,173.89,250.93,
306483,4,12.28,38.58,
306484,6,342.72,1625.42,
306484,4,107.26,317.39,
306484,2,432.18,614.72,
306484,5,8.49,33.48,
306484,6,63.44,288.17,
306488,6,421.26,2021.35,
306488,7,90.62,533.72,
306488,4,156.71,527.74,
306488,3,13.14,33.14,
306488,3,114.34,274.61,
306491,4,66.86,223.80,
306491,4,99.26,332.41,
306491,4,61.55,202.18,
306491,1,24.58,19.53,
306491,4,134.90,421.43,
306491,3,12.25,31.74,
306491,2,19.66,29.22,
306492,2,13.41,21.30,
306492,2,18.00,30.52,
306492,4,18.74,57.81,
306492,7,89.38,477.30,
306494,2,123.02,231.69,
306494,3,167.05,488.87,
306494,6,82.90,454.69,
306494,8,7.26,53.21,
306494,4,81.33,296.27,
306494,2,123.19,223.90,
306494,6,507.96,3027.75,
306500,2,84.62,140.38,
306500,3,119.77,293.61,
306500,2,26.30,43.68,
306500,3,153.52,391.88,
306500,6,60.02,305.51,
306500,4,165.22,560.04,
306500,3,58.93,141.61,
306500,3,138.47,313.51,
306501,3,143.18,388.74,
306501,6,48.20,256.28,
306501,3,55.21,145.92,
306501,4,22.44,75.69,
306502,3,74.03,195.85,
306502,2,32.57,56.36,
306502,5,105.12,455.01,
306502,5,120.78,539.67,
306504,5,110.09,407.19,
306504,7,7.77,36.80,
306504,7,8.16,41.66,
306504,2,519.18,745.24,
306504,6,119.59,532.52,
306504,4,390.60,1145.75,
306505,2,126.06,221.45,
306505,4,58.62,199.19,
306505,5,79.44,357.53,
306505,1,422.10,370.46,
306507,2,17.30,26.30,
306507,1,337.05,277.82,
306507,4,237.84,804.19,
306507,4,7.65,23.41,
306507,5,45.59,163.49,
306509,4,213.41,794.20,
306509,3,18.05,48.17,
306509,3,162.18,462.63,
306509,3,41.94,117.85,
306512,4,45.18,156.93,
306512,6,63.14,336.61,
306512,3,164.62,415.55,
306512,8,67.04,486.29,
306512,5,439.74,1965.75,
306514,2,114.34,197.80,
306514,6,171.25,925.56,
306514,6,62.28,298.93,
306514,8,7.44,50.12,
306514,4,13.16,46.01,
306516,5,254.40,932.02,
306516,3,262.80,637.85,
306516,2,89.76,135.44,
306516,6,23.40,117.49,
306518,8,121.66,733.22,
306518,4,554.37,1769.20,
306518,2,527.34,832.56,
306518,7,57.46,309.84,
306518,3,76.07,180.13,
306518,4,124.61,401.40,
306518,3,17.57,42.22,
306518,5,84.47,332.52,
306518,3,126.19,290.16,
306524,6,31.94,164.28,
306524,6,456.96,2524.33,
306524,3,183.39,466.72,
306524,4,109.50,391.32,
306524,2,160.34,298.63,
306524,5,24.41,107.97,
306524,3,203.77,536.92,
306524,3,127.91,329.88,
306524,7,321.30,1845.73,
306524,3,143.35,383.28,
306524,2,174.77,331.49,
306524,4,481.95,1781.93,
306524,1,425.04,339.48,
306524,1,17.77,16.72,
306524,4,341.46,1154.16,
306527,4,154.28,509.12,
306527,6,19.78,94.56,
306527,2,138.62,224.15,
306527,9,17.23,134.83,
306527,7,58.62,325.28,
306527,6,137.56,679.60,
306529,2,262.32,405.89,
306529,4,487.56,1467.69,
306529,2,135.96,184.32,
306529,5,133.98,445.43,
306529,6,59.41,261.73,
306529,6,31.19,141.01,
306529,4,92.26,260.47,
306529,4,534.48,1600.04,
306529,7,103.97,538.79,
306529,2,314.37,473.49,
306529,2,43.61,59.87,
306529,6,17.86,80.38,
306530,6,46.53,235.54,
306530,4,234.00,689.87,
306530,5,391.44,1579.39,
306530,5,410.34,1614.88,
306530,3,158.84,373.31,
306530,3,514.59,1280.19,
306530,5,140.14,560.33,
306530,4,71.20,244.81,
306530,2,194.55,308.10,
306530,2,301.14,491.67,
306533,5,63.93,293.11,
306533,7,72.85,463.67,
306533,7,455.70,2761.70,
306533,6,8.66,44.34,
306533,8,136.75,1054.43,
306533,3,318.47,855.17,
306533,4,513.57,1893.75,
306533,2,185.53,338.03,
306533,4,181.81,671.45,
306533,3,319.41,911.94,
306533,6,433.86,2449.67,
306533,2,89.57,160.57,
306534,5,97.06,367.37,
306534,8,103.01,571.83,
306536,2,230.16,394.90,
306536,2,404.04,701.12,
306536,4,145.62,474.90,
306536,4,129.89,434.68,
306536,2,32.34,55.65,
306538,4,30.66,100.24,
306538,5,255.84,1131.78,
306545,3,26.18,59.43,
306545,5,197.01,707.48,
306545,4,91.97,277.41,
306545,4,425.88,1335.28,
306545,1,128.74,97.53,
306545,5,500.31,1923.24,
306547,3,77.40,202.66,
306547,5,83.92,357.16,
306547,3,439.32,1146.15,
306547,3,214.23,533.61,
306547,3,89.95,246.53,
306547,4,96.00,324.30,
306547,2,422.52,740.91,
306549,5,476.85,1877.52,
306549,4,8.49,27.98,
306549,5,522.75,2079.06,
306549,2,84.86,136.95,
306549,3,95.14,232.49,
306549,5,8.79,36.89,
306549,3,11.64,27.84,
306549,6,29.93,139.31,
306549,4,254.88,844.07,
306549,6,177.58,843.12,
306549,3,22.42,50.69,
306549,5,11.80,47.97,
306550,4,33.40,105.08,
306550,4,23.33,73.26,
306550,4,43.79,137.33,
306550,5,254.40,970.73,
306550,6,8.15,36.64,
306550,3,7.58,18.22,
306550,4,413.28,1180.13,
306550,3,165.79,366.87,
306550,2,188.81,298.45,
306551,2,160.21,259.78,
306551,7,11.70,63.57,
306551,3,437.22,995.43,
306551,3,504.39,1161.82,
306551,4,495.72,1551.88,
306551,6,19.06,90.38,
306551,7,13.41,67.81,
306551,7,12.06,66.13,
306551,9,8.05,58.26,
306557,4,71.51,210.59,
306557,1,144.55,98.19,
306557,5,118.00,490.49,
306557,3,56.55,134.65,
306557,5,100.51,383.69,
306557,5,81.64,313.71,
306561,3,57.52,151.89,
306561,4,180.22,615.99,
306561,4,24.22,77.17,
306561,3,244.32,667.22,
306561,5,260.16,1112.96,
306561,6,73.08,377.47,
306561,8,57.46,371.41,
306561,2,167.73,294.38,
306561,5,23.47,105.44,
306561,5,509.49,2253.00,
306562,4,41.31,149.74,
306562,2,85.72,152.76,
306562,10,209.92,1823.37,
306562,7,91.10,566.51,
306562,4,92.83,371.07,
306563,6,241.44,1061.31,
306563,4,31.28,96.03,
306563,2,112.93,167.72,
306563,3,11.83,26.78,
306563,3,254.40,568.46,
306563,3,455.28,1000.12,
306563,3,78.19,180.95,
306563,6,30.53,137.17,
306564,6,12.99,70.47,
306564,4,128.38,446.13,
306564,6,41.13,198.06,
306564,6,85.96,422.19,
306564,3,163.40,444.57,
306564,3,21.72,53.03,
306564,4,501.33,1533.02,
306564,2,43.25,72.57,
306565,2,63.32,110.49,
306565,7,245.04,1458.16,
306565,2,164.74,296.23,
306566,4,161.92,486.06,
306566,5,162.80,622.25,
306566,3,56.06,129.69,
306566,4,78.89,252.71,
306566,3,88.13,194.38,
306566,2,413.70,629.31,
306566,5,506.43,1995.33,
306568,5,460.32,1968.90,
306568,4,493.17,1719.00,
306568,6,202.54,982.37,
306568,2,323.82,557.46,
306568,3,109.62,289.68,
306569,3,47.16,111.58,
306569,4,149.11,484.53,
306569,4,214.02,678.43,
306569,4,147.59,459.80,
306569,2,332.96,548.18,
306571,4,13.03,43.43,
306571,5,514.59,2178.88,
306571,7,121.97,724.16,
306571,3,11.31,27.44,
306573,6,168.78,912.67,
306573,5,335.16,1494.84,
306573,4,555.39,2001.74,
306573,7,159.75,1073.65,
306573,3,42.66,123.72,
306573,4,46.26,167.36,
306573,5,195.57,914.77,
306577,5,225.09,905.75,
306577,2,393.96,598.25,
306577,7,11.56,60.62,
306577,5,125.00,460.93,
306577,1,153.82,114.81,
306577,9,7.55,53.03,
306577,3,36.23,83.99,
306577,3,7.78,16.34,
306577,1,395.22,281.64,
306578,6,17.19,77.18,
306578,3,186.96,455.35,
306578,3,31.81,71.07,
306578,5,22.63,95.39,
306578,3,239.04,533.83,
306578,4,122.37,376.10,
306578,3,106.32,247.08,
306578,4,11.53,35.02,
306578,4,59.72,191.59,
306578,6,11.50,51.66,
306578,6,65.64,318.50,
306579,2,164.38,285.47,
306579,3,235.92,662.51,
306579,3,30.72,78.46,
306579,3,420.00,1097.80,
306579,3,489.09,1324.15,
306579,5,139.26,636.61,
306582,5,119.99,506.98,
306582,3,139.23,361.74,
306582,2,13.14,23.94,
306582,4,8.23,27.53,
306582,4,82.82,282.76,
306582,6,158.08,849.34,
306582,3,8.58,20.22,
306582,4,218.16,719.50,
306582,4,100.13,346.39,
306582,4,44.01,151.39,
306582,3,173.89,457.97,
306582,3,424.62,1109.96,
306582,6,107.50,561.51,
306582,4,322.88,1112.39,
306583,5,141.66,612.99,
306583,5,181.63,770.05,
306583,3,329.81,783.76,
306583,3,182.34,506.85,
306583,6,536.01,2909.70,
306583,5,322.25,1395.14,
306583,5,514.59,2281.54,
306584,5,187.09,668.84,
306584,5,19.49,76.08,
306584,5,77.72,296.15,
306584,5,246.48,980.57,
306584,3,21.67,45.41,
306584,6,43.83,209.45,
306586,3,83.21,208.84,
306586,4,42.98,149.72,
306586,2,16.45,28.64,
306586,7,558.96,3512.68,
306586,5,13.61,59.62,
306586,3,130.02,301.50,
9306586,-4,42.98,-149.72,
306587,2,324.45,514.16,
306587,7,138.62,790.36,
306587,6,132.66,551.95,
306587,7,217.51,1190.87,
306587,7,182.51,971.94,
306587,6,7.61,35.23,
306587,2,17.19,25.91,
306588,5,60.45,249.54,
306588,5,44.10,177.59,
306588,2,19.73,30.37,
306588,3,225.36,541.33,
306588,2,33.76,56.81,
306588,7,344.93,1905.77,
306590,3,183.57,477.08,
306590,8,95.23,669.23,
306590,3,17.05,45.63,
306590,6,18.95,96.64,
306591,3,35.90,88.30,
306591,5,76.85,354.04,
306591,3,326.03,847.88,
306591,4,7.53,26.49,
306591,3,132.53,311.60,
306591,1,91.78,75.14,
306591,5,111.75,489.70,
306591,2,211.36,341.91,
306591,2,452.76,714.47,
306591,8,139.26,858.96,
306591,7,206.23,1248.25,
306591,5,8.02,33.71,
306591,5,390.60,1690.99,
306591,2,222.63,381.79,
306591,5,34.98,141.95,
306594,4,41.90,128.42,
306594,6,8.58,42.55,
306594,3,26.35,64.37,
306594,1,70.96,57.29,
306594,6,16.54,81.65,
306594,4,122.25,425.38,
306595,4,115.88,392.25,
306595,5,295.16,1351.87,
306595,3,18.95,52.16,
306595,4,190.08,682.18,
306595,3,75.52,210.52,
306595,3,30.29,76.89,
306595,5,250.08,1113.02,
306595,4,141.36,478.00,
306595,8,32.97,236.05,
306595,6,33.30,171.09,
306597,6,7.79,43.04,
306597,4,101.09,343.17,
306597,3,111.04,315.50,
306597,4,17.59,59.93,
306597,7,551.82,3280.13,
306598,2,35.11,57.60,
306598,8,239.28,1537.27,
306598,3,12.63,30.63,
306598,4,80.23,243.86,
306598,6,132.53,658.97,
306598,1,192.02,144.10,
306598,3,24.67,57.75,
306598,5,128.96,495.87,
306598,3,547.23,1279.81,
306598,4,12.98,44.75,
306598,3,105.22,242.41,
306598,5,284.45,1137.84,
306599,5,190.08,653.01,
306599,5,511.02,1897.66,
306599,1,7.55,5.56,
306599,4,45.86,133.90,
306600,3,188.14,493.57,
306600,4,501.84,1921.88,
306600,5,24.94,103.20,
306600,4,81.01,278.96,
306600,2,42.48,72.63,
306602,2,101.47,159.70,
306602,3,7.52,17.18,
306602,1,135.56,101.54,
306602,3,40.55,91.25,
306602,5,447.72,1626.45,
306602,1,254.88,209.02,
306602,5,55.02,216.92,
306603,2,489.60,677.24,
306603,2,56.55,82.32,
306603,6,25.73,109.75,
306603,3,140.30,327.28,
306603,6,11.91,58.46,
306603,3,166.14,398.88,
306605,5,183.04,750.72,
306605,9,57.22,404.54,
306605,8,87.07,595.29,
306608,6,33.89,150.37,
306608,8,119.06,770.79,
306608,2,294.21,462.75,
306609,2,169.66,247.86,
306609,5,221.04,839.07,
306609,7,108.44,536.26,
306609,2,193.93,271.79,
306609,6,399.00,1761.34,
306609,3,141.37,307.22,
306610,3,98.98,275.37,
306610,7,12.63,83.31,
306610,3,200.49,521.77,
306610,5,33.56,148.97,
306610,4,70.89,264.77,
306611,6,174.77,926.99,
306611,7,211.36,1321.26,
306611,3,201.72,538.32,
306611,5,18.79,80.96,
306611,2,95.71,152.93,
306611,6,320.36,1621.77,
306612,3,309.33,753.08,
306612,5,101.38,443.19,
306612,5,154.58,601.59,
306612,5,46.49,178.10,
306614,9,180.40,1123.67,
306614,2,150.33,219.96,
306614,7,398.16,2230.20,
306617,5,188.60,795.26,
306617,4,221.61,796.36,
306617,5,49.19,207.23,
306617,4,407.40,1338.25,
306618,5,36.10,149.73,
306618,3,222.84,594.69,
306618,5,148.81,621.40,
306618,3,183.74,464.73,
306621,4,78.66,259.86,
306621,6,158.93,867.55,
306622,2,486.03,748.13,
306622,6,164.38,743.12,
306622,6,72.46,347.33,
306622,7,406.14,2307.98,
306623,5,19.40,80.10,
306623,5,560.49,2379.38,
306623,7,82.50,488.07,
306623,3,24.17,61.85,
306623,7,317.52,1851.68,
306623,5,142.96,591.99,
306623,4,227.28,761.75,
306623,3,26.11,62.50,
306623,8,34.32,227.14,
306623,3,33.59,88.90,
306623,5,98.98,388.33,
306623,6,488.58,2351.47,
306624,7,12.81,70.51,
306624,5,144.01,592.74,
306624,3,289.17,700.31,
306624,2,25.15,39.20,
306624,4,256.08,842.60,
306624,5,32.54,138.09,
306624,7,425.46,2358.60,
306624,7,537.03,2935.46,
306625,8,539.58,3925.68,
306625,5,238.08,1000.20,
306625,2,26.11,47.88,
306625,7,530.91,3336.04,
306625,4,238.08,885.82,
306625,2,261.84,479.02,
306625,6,12.86,70.82,
306627,7,444.36,2438.29,
306627,3,162.18,411.70,
306627,6,100.13,475.84,
306627,4,36.00,113.35,
306627,4,128.74,402.86,
306627,3,23.23,57.51,
306627,7,137.10,812.12,
306627,7,55.82,315.78,
306627,1,125.32,101.99,
306627,5,13.48,47.04,
306629,6,188.67,978.42,
306629,6,259.44,1370.32,
306629,4,176.18,560.57,
306629,2,34.39,58.51,
306629,8,559.47,3597.57,
306631,11,336.11,3251.69,
306631,2,104.06,173.36,
306631,2,229.44,368.70,
306635,4,133.45,437.83,
306635,3,327.29,875.97,
306635,3,182.69,505.85,
306635,3,76.46,208.46,
306635,2,126.85,238.35,
306638,4,156.26,589.71,
306638,4,242.64,868.65,
306638,3,426.30,1103.60,
306638,6,19.31,101.58,
306638,1,541.62,478.26,
306638,4,62.16,236.07,
306638,4,73.79,272.13,
306638,5,99.17,446.93,
306638,7,127.64,822.09,
306638,4,106.20,412.29,
306639,8,177.76,1167.06,
306639,6,19.37,100.00,
306639,3,78.81,195.58,
306639,5,127.44,512.62,
306639,6,24.14,122.93,
306640,5,30.29,123.66,
306640,2,118.00,222.98,
306640,4,459.06,1600.46,
306640,2,71.36,118.82,
306642,2,43.70,70.02,
306642,5,380.52,1528.06,
306642,5,160.69,637.64,
306643,4,32.01,109.78,
306643,4,7.54,25.11,
306643,4,32.74,107.76,
306643,5,115.17,506.12,
306643,5,323.19,1529.92,
306643,3,59.41,155.15,
306643,2,24.34,43.18,
306643,3,166.59,462.26,
306643,7,187.97,1086.83,
306643,6,129.68,644.33,
306643,8,181.28,1372.73,
306643,6,95.62,485.39,
306644,7,102.14,552.96,
306644,7,63.87,347.93,
306644,7,7.22,36.28,
306644,3,58.93,128.52,
306644,4,163.86,463.39,
306644,7,7.52,40.96,
306644,5,187.62,762.24,
306646,5,329.49,1474.79,
306646,6,337.37,1710.54,
306646,7,225.36,1429.57,
306646,5,89.57,392.64,
306646,5,84.62,362.01,
306648,5,153.22,696.08,
306648,6,451.08,2346.70,
306648,2,127.91,208.37,
306648,5,57.89,249.90,
306648,6,302.72,1632.50,
306648,7,42.57,262.71,
306648,2,22.10,37.62,
306648,3,224.16,595.01,
306648,7,19.62,122.13,
306648,5,17.21,71.41,
306649,4,410.76,1269.26,
306649,2,144.41,249.07,
306649,9,7.79,54.95,
306649,4,160.36,479.88,
306649,5,18.38,73.48,
306649,5,7.54,29.71,
306651,6,7.42,37.42,
306651,4,79.21,274.33,
306651,4,81.09,282.48,
306651,4,8.07,28.92,
306653,4,58.19,192.82,
306653,3,309.96,815.01,
306653,4,17.50,63.06,
306653,2,30.69,51.56,
306653,5,382.62,1772.89,
306653,1,16.29,13.35,
306655,3,143.49,342.51,
306655,3,330.12,785.54,
306655,4,18.67,56.67,
306655,9,19.10,131.27,
306657,6,22.25,128.69,
306657,5,178.64,810.20,
306657,8,326.34,2367.36,
306657,3,18.27,52.66,
306657,4,31.65,108.41,
306657,2,92.45,171.74,
306657,5,30.53,134.98,
306661,3,7.80,20.74,
306661,3,16.38,41.72,
306661,3,171.42,453.68,
306661,4,8.61,28.38,
306661,4,462.06,1731.56,
306661,5,508.98,2290.16,
306667,6,36.00,168.10,
306667,2,48.06,73.35,
306667,3,317.21,725.79,
306667,2,23.18,39.24,
306667,4,66.98,239.33,
306667,2,36.23,58.72,
306667,3,428.40,973.21,
306667,2,30.56,48.79,
306667,4,180.22,578.67,
306667,4,92.64,295.21,
306667,4,136.36,410.08,
306667,3,443.94,1073.45,
306667,4,134.51,432.35,
306671,4,184.91,539.25,
306671,5,202.34,791.93,
306671,5,218.74,873.52,
306672,6,7.73,40.74,
306672,4,63.20,195.68,
306672,4,17.59,58.60,
306672,4,429.24,1417.85,
306672,3,81.25,221.09,
306673,5,36.20,154.94,
306673,2,425.04,687.58,
306673,2,33.63,55.65,
306673,4,8.79,28.28,
306674,2,24.53,43.43,
306674,3,7.78,19.21,
306674,7,94.46,550.89,
306674,7,42.39,245.23,
306674,3,123.43,307.52,
306675,6,34.42,172.43,
306675,2,522.75,887.11,
306675,6,88.13,499.84,
306675,4,177.76,627.02,
306675,5,216.69,935.14,
306675,7,18.95,108.74,
306675,5,77.72,300.05,
306677,5,42.17,180.90,
306677,4,236.88,809.88,
306677,3,101.28,284.67,
306677,4,144.14,488.26,
306677,4,11.75,39.05,
306677,4,162.45,619.77,
306677,5,61.24,260.81,
306677,5,11.83,51.37,
306677,7,62.40,370.80,
306683,5,221.40,897.89,
306683,4,45.36,141.22,
306685,6,83.84,407.32,
306685,5,7.77,33.58,
306685,2,224.88,363.05,
306685,2,246.00,400.29,
306685,7,13.10,77.93,
306685,4,12.45,43.80,
306685,3,537.54,1388.61,
306685,5,92.45,367.30,
306685,2,335.48,577.07,
306685,4,124.87,438.87,
306685,2,306.50,526.62,
306686,3,138.47,358.01,
306686,4,123.07,426.45,
306686,3,7.22,18.47,
306686,3,12.15,30.58,
306686,3,123.90,307.53,
306686,6,449.40,2435.59,
306688,3,30.72,84.24,
306688,4,42.75,147.87,
306688,6,330.12,1744.60,
306688,3,13.46,36.09,
306688,4,73.40,258.33,
306688,5,31.09,146.82,
306688,2,43.16,70.80,
306693,5,99.17,386.26,
306693,4,32.47,113.98,
306693,2,8.49,14.07,
306695,4,177.58,505.88,
306695,5,429.66,1614.50,
306695,5,21.65,81.42,
306695,4,121.18,358.85,
306695,4,7.69,23.59,
306695,2,322.25,465.91,
306695,5,158.75,602.49,
306695,6,106.20,482.39,
306698,6,232.56,1283.78,
306698,1,85.41,74.39,
306698,2,86.11,140.00,
306698,4,22.70,77.71,
306699,10,313.43,2380.94,
306699,3,21.67,50.16,
306699,3,89.18,217.95,
306702,3,12.40,30.50,
306702,4,202.13,690.63,
306702,6,76.54,353.28,
306707,5,317.21,1393.38,
306707,4,155.50,532.41,
306707,4,65.64,219.04,
306710,6,103.39,572.00,
306710,6,231.12,1167.23,
306710,4,31.38,113.58,
306710,3,77.79,222.54,
306710,3,120.48,329.20,
306712,4,123.66,425.80,
306712,7,43.43,267.18,
306712,4,285.71,977.46,
306712,2,80.23,131.13,
306713,5,94.37,410.86,
306713,4,125.53,457.57,
306713,5,83.45,406.56,
306713,4,12.98,45.61,
306713,4,11.74,45.78,
306713,2,92.35,169.24,
306713,3,8.31,22.61,
306714,7,210.95,1197.61,
306714,3,7.68,17.29,
306714,2,67.10,104.56,
306717,3,34.68,81.97,
306717,3,148.20,350.61,
306717,5,464.10,1701.57,
306717,3,17.28,38.73,
306717,8,462.57,2826.67,
306717,4,449.40,1407.60,
306717,3,143.75,328.07,
306717,7,61.00,324.71,
306718,5,301.77,1189.45,
306718,3,125.32,291.33,
306718,7,85.88,431.88,
306718,6,326.03,1421.17,
306718,3,13.28,32.01,
306719,3,178.11,428.81,
306719,6,152.91,745.06,
306719,2,42.17,72.92,
306719,5,257.52,1116.64,
306719,4,62.46,231.68,
306721,4,92.54,355.67,
306721,4,63.99,212.40,
306721,4,137.10,477.74,
306721,5,16.94,73.07,
306721,4,71.91,253.80,
306722,3,447.30,1039.96,
306722,2,110.45,170.10,
306722,3,100.61,258.60,
306722,2,210.74,348.95,
306723,2,391.44,606.71,
306723,2,13.74,22.42,
306723,2,217.68,353.78,
306723,5,44.78,175.62,
306723,10,17.93,147.05,
306723,3,32.31,75.47,
306723,4,296.10,921.55,
306723,4,430.50,1434.86,
306723,3,453.60,1085.21,
306726,3,416.64,1031.06,
306726,4,118.47,387.99,
306726,5,426.30,1780.16,
306726,4,188.32,614.96,
306726,2,312.80,551.47,
306726,7,221.28,1319.68,
306729,3,55.75,150.92,
306729,4,12.90,46.11,
306729,2,148.35,251.25,
306729,8,427.56,3071.75,
306729,1,468.69,405.63,
306730,5,31.52,134.49,
306730,6,73.71,375.79,
306730,3,76.69,203.14,
306730,6,16.49,84.21,
306730,5,178.82,734.19,
306730,4,209.31,680.85,
306730,2,385.56,649.89,
306731,5,94.75,412.29,
306731,7,25.06,140.48,
306731,5,240.72,1052.08,
306731,4,176.53,576.22,
306731,3,380.52,979.15,
306731,4,442.26,1517.86,
306731,5,434.70,1704.78,
306731,7,100.99,569.86,
306731,5,57.58,241.59,
306731,3,22.44,55.99,
306731,2,21.96,35.12,
306732,3,314.06,749.04,
306732,3,24.22,61.30,
306732,2,8.03,14.55,
306732,2,184.98,309.19,
306732,2,315.63,519.64,
306736,5,199.47,853.22,
306736,5,114.70,500.86,
306736,9,261.36,2085.77,
306736,2,56.06,102.26,
306736,3,18.20,48.66,
306736,4,300.51,1068.22,
306736,2,103.49,189.73,
306736,2,19.28,33.51,
306736,6,322.25,1772.16,
306736,4,32.87,121.16,
306736,4,18.70,64.49,
306737,2,192.29,291.92,
306737,3,19.22,45.73,
306738,4,260.64,805.98,
306738,2,18.25,28.71,
306738,3,66.61,152.74,
306738,6,185.32,764.11,
306739,2,232.32,360.08,
306739,4,324.45,927.00,
306739,2,32.51,51.05,
306739,3,7.98,18.09,
306739,5,71.44,290.42,
306739,5,33.07,130.66,
306740,3,420.84,1160.26,
306740,5,546.21,2663.73,
306740,5,22.13,99.97,
306740,6,217.30,1201.80,
306740,4,23.71,86.79,
306740,5,136.36,642.13,
306740,4,11.40,41.90,
306740,4,316.58,1181.07,
306743,1,182.34,167.07,
306743,1,140.84,129.86,
306743,4,46.71,174.29,
306743,2,106.67,186.39,
306746,5,7.86,32.70,
306746,5,137.81,574.11,
306746,5,521.73,2175.24,
306746,4,141.77,471.80,
306746,1,25.30,22.15,
306746,5,511.53,2165.07,
306746,5,217.20,971.21,
306746,5,158.99,651.47,
306746,1,96.00,80.87,
306750,2,8.41,14.04,
306750,5,55.02,243.37,
306750,6,126.73,652.29,
306750,4,7.41,27.48,
306750,2,35.90,65.02,
306750,4,309.33,1065.14,
306751,2,18.95,31.37,
306751,3,344.30,846.15,
306751,4,12.01,39.63,
306751,3,217.44,573.85,
306751,3,127.91,335.34,
306751,2,223.68,357.90,
306751,3,23.78,55.88,
306751,5,316.89,1279.07,
306752,3,310.59,802.41,
306752,6,67.04,330.41,
306752,5,120.91,495.79,
306752,2,223.44,359.28,
306752,6,79.76,392.57,
306753,1,469.20,362.18,
306753,5,173.18,660.02,
306753,5,17.68,69.38,
306753,4,141.11,415.08,
306753,1,114.81,89.90,
306753,3,142.03,324.72,
306753,2,147.74,241.57,
306753,2,81.80,127.70,
306754,5,46.13,222.83,
306754,4,64.36,218.87,
306754,3,16.36,43.33,
306754,7,8.10,55.02,
306755,5,13.25,63.06,
306755,5,18.04,75.67,
306755,6,163.86,855.44,
306755,4,8.03,26.17,
306755,4,16.47,62.22,
306755,2,120.52,189.94,
306755,3,454.02,1213.98,
306755,6,84.00,445.13,
306755,1,144.40,126.62,
306755,4,78.97,280.79,
306755,1,30.36,26.24,
306755,5,223.20,996.66,
306755,3,95.52,239.76,
306755,5,158.75,730.60,
306755,7,124.34,775.98,
306760,5,129.89,484.14,
306760,5,55.39,209.04,
306760,3,457.80,1088.36,
306760,2,340.52,545.37,
306760,3,559.98,1254.51,
306760,3,13.06,29.54,
306760,4,25.42,75.32,
306760,3,141.51,301.78,
306760,9,47.61,341.27,
306760,4,158.58,476.96,
306761,7,73.16,399.98,
306761,3,181.81,475.75,
306761,3,217.30,531.80,
306761,1,49.28,42.55,
306761,2,159.10,252.88,
306761,6,333.59,1622.77,
306761,7,7.26,41.94,
306763,6,154.74,849.75,
306763,6,100.13,540.59,
306763,4,201.52,734.85,
306764,5,425.04,1908.64,
306764,3,8.02,20.89,
306764,4,134.64,454.48,
306765,7,399.84,2058.03,
306765,2,44.42,66.93,
306765,3,122.10,269.47,
306765,1,19.35,16.00,
306765,2,23.93,36.51,
306765,5,19.33,71.52,
306765,5,33.69,123.21,
306766,2,89.47,126.75,
306766,6,224.48,1022.03,
306766,5,180.58,732.86,
306766,5,7.52,29.96,
306766,3,231.60,540.28,
306766,2,123.90,188.83,
306769,3,111.75,266.96,
306769,1,159.63,111.78,
306769,7,218.40,1166.33,
306769,2,411.18,624.19,
306769,2,40.73,58.86,
306769,3,8.71,19.26,
306769,5,111.51,406.42,
306769,2,8.15,12.07,
306770,1,505.41,453.74,
306770,6,99.55,511.57,
306770,2,55.88,99.37,
306770,5,153.82,733.19,
306770,4,44.78,166.58,
306770,3,7.62,22.00,
306770,7,233.52,1632.95,
306770,6,224.89,1216.35,
306770,1,121.31,106.93,
306770,4,167.05,534.11,
306770,2,7.93,14.00,
306771,3,24.86,68.47,
306771,6,82.11,470.75,
306771,6,45.63,251.46,
306771,4,48.38,179.99,
306771,3,301.77,858.61,
306773,2,64.66,111.65,
306773,3,243.84,630.40,
306773,7,8.73,51.46,
306773,6,527.34,2602.57,
306773,4,509.49,1648.57,
306773,4,21.67,68.41,
306777,4,33.69,111.02,
306777,3,44.96,117.18,
306777,4,94.85,323.09,
306777,2,65.76,109.06,
306777,5,12.85,56.62,
306777,3,227.52,559.12,
306777,1,514.59,434.88,
306777,4,143.03,471.91,
306778,2,195.98,315.68,
306778,5,81.40,369.13,
306778,5,17.71,75.30,
306778,3,193.11,497.22,
306778,2,441.42,803.53,
306778,6,313.11,1806.09,
306780,12,22.94,236.51,
306780,4,33.13,121.80,
306780,3,106.91,288.81,
306780,2,143.94,265.69,
306780,5,88.99,394.83,
306780,3,83.37,208.27,
306780,4,121.66,453.93,
306780,3,386.40,1074.84,
306780,2,226.56,418.25,
306780,2,155.34,273.64,
306780,4,386.82,1461.89,
306780,3,90.82,235.68,
306781,5,16.61,62.31,
306781,6,19.28,90.81,
306781,3,516.63,1213.97,
306781,3,389.76,874.41,
306781,6,463.59,2272.38,
306781,2,8.45,12.90,
306782,6,75.83,426.72,
306782,2,292.32,489.88,
306782,4,79.83,276.07,
306782,3,95.71,244.23,
306782,3,106.44,301.50,
306782,4,11.46,36.86,
306782,8,186.35,1401.47,
306782,2,91.87,157.30,
306782,6,235.68,1259.44,
306782,3,7.64,19.31,
306782,4,466.14,1620.44,
306782,5,85.17,375.40,
306782,6,152.15,776.99,
306782,2,29.93,53.77,
306782,2,115.99,214.47,
306783,3,24.86,58.05,
306783,7,124.37,627.23,
306783,6,41.85,201.15,
306783,3,222.96,481.65,
306783,6,7.26,34.56,
306783,6,24.12,104.57,
306784,1,8.72,7.14,
306784,3,341.46,834.18,
306784,4,151.39,464.64,
306784,3,16.33,40.54,
306784,3,43.02,103.63,
306784,3,23.83,61.12,
306784,5,49.01,192.56,
306787,3,106.67,273.05,
306787,4,19.66,66.42,
306787,6,82.19,446.89,
306787,4,439.32,1514.67,
306787,6,59.23,322.23,
306787,6,160.69,816.99,
306789,2,18.52,28.46,
306789,2,11.45,18.64,
306789,6,30.99,138.37,
306789,6,30.62,150.44,
306789,6,123.29,570.38,
306789,4,46.40,143.82,
306789,9,65.27,415.11,
306789,3,228.00,494.75,
306789,3,47.70,111.14,
306789,7,19.58,103.16,
306789,8,70.73,448.47,
306789,3,8.76,20.09,
306789,7,24.26,131.37,
306789,3,22.87,50.32,
306790,3,82.11,207.74,
306790,8,491.13,3166.97,
306790,8,32.67,212.20,
306790,4,532.44,1685.43,
306790,2,34.35,56.64,
306790,5,166.44,670.63,
306790,4,380.52,1185.28,
306790,1,180.22,140.55,
306791,1,8.26,6.73,
306791,3,33.86,71.10,
306791,2,8.31,12.71,
306791,4,104.74,334.40,
306791,9,447.72,2960.36,
306791,3,287.60,671.06,
306791,5,207.46,748.06,
306791,6,30.66,147.28,
306793,3,143.88,339.33,
306793,2,155.65,253.73,
306793,4,36.17,127.30,
306793,9,57.46,452.27,
306796,5,102.05,372.50,
306796,2,138.47,215.47,
306796,6,318.15,1491.93,
306796,4,251.04,785.29,
306796,3,137.02,304.47,
306796,4,107.97,312.89,
306796,6,286.34,1262.09,
306796,5,58.32,216.03,
306796,5,62.16,225.01,
306797,2,26.06,47.59,
306797,3,324.14,850.91,
306797,2,396.06,733.69,
306797,5,24.79,106.86,
306797,6,141.82,800.08,
306798,3,345.87,787.47,
306798,4,201.93,542.31,
306799,4,245.52,845.46,
306799,5,19.75,86.89,
306799,2,290.12,514.16,
306799,5,558.96,2470.68,
306802,4,239.76,782.58,
306802,5,321.30,1449.31,
306802,6,7.73,38.14,
306802,2,46.71,75.32,
306802,3,391.86,907.19,
306802,3,71.75,171.61,
306802,7,18.49,115.00,
306803,2,407.82,701.07,
306803,4,72.22,244.40,
306803,4,112.45,370.91,
306803,4,142.56,519.02,
306803,3,119.33,294.28,
306803,2,84.15,151.91,
306803,4,556.92,1895.68,
306805,4,33.03,119.84,
306805,4,100.22,359.62,
306807,7,124.25,725.79,
306807,3,8.14,20.52,
306807,3,160.97,372.78,
306807,7,174.59,1032.49,
306807,5,106.79,462.58,
306808,4,183.39,562.15,
306808,3,315.32,764.49,
306808,7,45.95,243.98,
306808,2,234.48,354.36,
306808,4,141.90,424.01,
306808,4,261.60,821.55,
306808,5,129.21,470.89,
306808,3,117.65,257.20,
306809,5,101.38,398.27,
306809,1,227.04,173.92,
306809,5,79.68,313.19,
306809,7,8.00,46.16,
306809,3,48.24,110.05,
306809,4,12.24,37.60,
306809,8,512.04,3086.36,
306809,6,12.55,54.10,
306809,4,222.02,682.60,
306809,5,424.62,1631.61,
306809,4,90.72,268.86,
306814,4,221.52,750.81,
306814,3,141.97,349.31,
306814,4,84.15,303.33,
306814,4,339.57,1127.30,
306814,5,21.79,90.65,
306817,3,17.55,44.46,
306817,5,191.27,710.28,
306817,3,23.69,52.14,
306817,3,17.53,39.01,
306817,4,41.85,124.09,
306817,3,122.76,294.83,
306817,5,465.63,1837.22,
306817,3,41.40,96.00,
306817,2,315.63,491.49,
306817,3,559.47,1250.53,
306817,5,166.14,665.03,
306817,6,98.21,426.26,
306817,2,485.01,769.96,
306817,4,47.79,144.08,
306817,5,101.57,396.31,
306819,4,13.50,46.93,
306819,3,88.99,220.64,
306819,4,24.79,88.96,
306819,3,13.55,37.34,
306819,5,33.10,144.64,
306819,1,520.20,470.87,
306819,7,78.66,490.15,
306820,3,286.34,854.40,
306820,4,34.98,120.81,
306820,3,237.84,660.48,
306820,4,55.75,197.29,
306820,7,145.62,995.30,
306822,3,56.79,144.50,
306822,6,533.97,2369.99,
306822,2,205.00,318.67,
306822,5,30.79,121.32,
306822,3,126.02,297.43,
306822,3,346.19,824.08,
306822,3,163.68,411.01,
306822,2,65.15,100.44,
306822,2,173.54,258.60,
306824,3,254.64,641.20,
306824,3,8.31,21.21,
306824,3,162.27,376.21,
306824,5,128.27,518.81,
306824,3,134.11,354.01,
306824,1,169.14,142.50,
306826,2,292.95,529.73,
306826,3,12.53,35.27,
306826,6,526.32,2799.27,
306826,9,7.86,66.54,
306827,4,64.66,207.31,
306827,6,236.16,1168.78,
306827,4,427.98,1408.14,
306827,2,77.72,124.94,
306827,7,7.98,45.91,
306827,4,241.92,821.54,
306829,4,136.22,504.56,
306829,5,34.06,161.46,
306829,6,165.79,926.24,
306829,2,30.76,57.46,
306829,3,138.73,384.76,
306829,6,61.92,332.01,
306829,4,31.65,116.36,
306831,3,216.48,553.62,
306831,5,41.04,183.09,
306831,4,45.95,157.23,
306831,3,494.19,1252.83,
306831,6,13.21,65.59,
306832,8,7.77,47.54,
306832,4,414.96,1246.52,
306832,1,167.02,136.76,
306832,6,145.92,695.69,
306832,3,7.44,18.87,
306832,3,217.92,583.46,
306833,7,13.20,75.73,
306833,4,12.90,45.23,
306833,2,220.32,340.76,
306833,5,452.76,1965.27,
306833,5,58.56,249.37,
306833,7,120.36,667.52,
306835,4,12.60,37.91,
306835,1,17.44,13.94,
306835,6,7.54,33.18,
306835,5,12.45,46.26,
306835,2,141.11,214.90,
306835,4,378.42,1239.41,
306837,5,8.72,35.17,
306837,4,148.66,508.07,
306837,8,188.81,1280.76,
306837,7,99.65,603.96,
306837,3,202.95,512.98,
306837,4,64.54,231.54,
306837,4,552.33,1903.53,
306837,3,16.83,41.26,
306837,4,246.48,802.73,
306840,3,11.76,31.90,
306840,6,22.30,117.84,
306840,3,129.56,353.97,
306840,2,490.11,840.17,
306840,5,138.47,559.62,
306840,4,398.16,1410.61,
306840,5,153.82,597.98,
306840,5,57.77,267.29,
306841,8,8.49,61.55,
306841,6,171.42,928.32,
306841,3,8.39,23.24,
306842,4,30.23,109.38,
306842,5,8.75,38.31,
306842,5,90.24,399.74,
306842,6,402.78,2099.75,
306846,4,256.80,766.54,
306846,4,514.08,1683.93,
306846,4,441.00,1340.34,
306846,3,238.32,522.62,
306846,4,79.76,245.25,
306846,5,134.38,506.06,
306846,4,108.09,311.20,
306846,5,382.62,1473.65,
306851,5,154.58,620.79,
306851,3,467.67,1072.50,
306851,4,123.68,363.16,
306851,5,122.60,458.83,
306851,10,56.79,448.92,
306851,5,88.51,313.64,
306851,6,87.65,419.11,
306851,7,18.72,108.29,
306854,4,475.32,1642.64,
306854,1,21.96,18.06,
306854,2,85.96,142.97,
306854,3,85.72,223.89,
306854,6,12.63,63.70,
306854,5,237.36,1054.71,
306854,1,202.13,180.58,
306855,3,7.43,20.83,
306855,3,181.81,507.81,
306855,4,433.86,1569.00,
306855,4,73.79,260.89,
306855,5,25.08,114.61,
306855,4,60.76,228.89,
306855,3,321.62,856.07,
306855,6,48.33,276.17,
306856,3,431.34,1110.21,
306856,2,24.70,43.94,
306856,6,140.05,725.94,
306856,5,312.48,1282.06,
306856,3,200.08,498.35,
306856,6,416.64,2084.19,
306856,3,91.30,246.05,
306856,4,256.32,823.82,
306856,8,17.41,114.13,
306856,4,7.82,28.00,
306856,5,12.00,48.11,
306857,3,76.77,193.68,
306857,5,118.35,468.05,
306857,4,109.27,372.53,
306857,6,307.44,1506.60,
306857,5,95.04,402.83,
306857,5,16.67,69.23,
306857,3,114.70,300.11,
306860,3,91.01,230.67,
306860,4,49.41,178.94,
306860,4,41.40,152.45,
306860,7,441.00,2679.13,
306860,4,24.22,85.02,
306863,5,8.56,34.59,
306863,2,331.38,589.78,
306863,2,104.16,186.53,
306863,4,160.21,546.24,
306863,6,29.70,147.48,
306863,6,186.21,884.19,
306863,2,82.82,128.33,
306863,3,104.83,250.45,
306865,3,18.97,44.79,
306865,6,199.26,956.48,
306865,4,180.05,526.23,
306866,2,404.04,746.26,
306866,7,12.68,79.49,
306866,4,136.36,519.05,
306866,4,7.24,24.48,
306866,6,177.58,904.47,
306866,7,17.05,106.00,
306866,5,398.16,1718.64,
306866,4,175.65,624.81,
306869,5,211.56,1028.62,
306869,3,389.34,1046.48,
306869,2,79.52,130.58,
306869,5,330.44,1585.25,
306869,7,18.94,126.11,
306869,4,250.32,929.18,
306869,3,11.95,34.17,
306869,3,150.94,398.52,
306869,1,512.55,444.71,
306869,5,199.88,979.89,
306869,5,7.86,33.47,
306869,5,58.50,264.97,
306869,2,148.05,264.08,
306870,2,162.62,252.06,
306870,5,451.08,1708.82,
306870,4,18.86,57.17,
306871,2,494.19,755.46,
306871,5,12.81,46.72,
306871,3,217.30,469.37,
306871,4,293.90,927.10,
306871,4,143.79,432.72,
306871,3,123.16,281.99,
306871,1,19.35,14.20,
306871,7,306.18,1599.00,
306872,6,105.12,463.91,
306872,5,188.19,798.60,
306872,4,116.58,363.43,
306872,7,512.55,2915.74,
306872,4,123.29,397.09,
306872,2,536.01,824.84,
306872,5,164.62,628.67,
306872,3,101.95,242.66,
306872,3,94.66,203.43,
306872,3,23.09,52.08,
306872,4,257.04,745.77,
306872,2,383.46,564.76,
306873,3,85.33,185.70,
306873,7,461.55,2171.83,
306873,3,399.84,875.46,
306873,3,384.30,824.41,
306875,7,132.66,757.83,
306875,3,486.54,1293.27,
306875,3,260.88,661.69,
306875,7,511.02,2969.34,
306875,2,17.14,27.08,
306878,5,12.81,47.15,
306878,4,237.60,754.79,
306878,4,189.73,573.65,
306878,3,145.07,357.68,
306878,5,557.43,2149.77,
306878,2,72.06,115.38,
306878,4,23.57,71.08,
306878,6,118.12,556.76,
306878,10,7.78,61.82,
306878,4,420.42,1314.14,
306879,3,16.29,41.23,
306879,5,104.54,426.16,
306879,7,44.28,263.60,
306880,8,61.24,421.07,
306880,4,41.99,151.47,
306880,2,83.60,151.64,
306880,5,49.41,211.45,
306880,6,119.18,612.55,
306880,6,137.86,682.26,
306880,4,135.96,456.93,
306880,3,11.93,32.41,
306880,2,138.47,261.78,
306885,8,459.06,2860.82,
306885,5,113.16,422.88,
306885,5,55.82,202.70,
306885,4,18.43,55.45,
306885,4,83.37,257.39,
306885,2,414.54,642.61,
306885,4,192.37,601.38,
306887,4,80.86,270.56,
306887,4,464.61,1516.89,
306887,6,19.58,98.67,
306889,7,335.48,1888.03,
306889,2,7.80,12.47,
306889,4,24.34,79.75,
306889,5,41.13,156.71,
306889,3,47.75,111.32,
306889,4,190.61,620.72,
306889,3,77.24,177.84,
306890,7,16.43,91.91,
306890,3,334.22,825.64,
306890,3,32.11,79.48,
306890,8,33.13,214.93,
306890,6,13.19,63.38,
306890,2,335.79,551.12,
306890,6,41.31,204.95,
306890,4,18.52,58.07,
306890,2,84.00,136.99,
306890,3,383.88,968.82,
306890,2,7.44,12.06,
306890,7,182.51,1099.86,
306890,6,101.28,454.34,
306895,4,383.46,1409.44,
306895,2,121.78,208.19,
306895,5,125.14,544.90,
306895,4,13.33,49.68,
306895,3,157.47,443.67,
306895,4,29.73,105.93,
306896,5,25.10,103.14,
306896,3,59.17,143.18,
306896,1,12.63,10.80,
306896,5,49.23,214.44,
306896,5,89.28,357.34,
306896,2,233.52,376.30,
306896,3,394.38,986.19,
306896,3,58.80,150.22,
306897,6,82.97,444.13,
306897,4,103.68,349.29,
306897,2,34.98,61.86,
306897,1,319.73,258.78,
306897,3,412.44,1044.26,
306897,6,312.80,1537.78,
306897,4,24.67,90.04,
306897,5,459.00,2048.23,
306897,3,259.44,693.68,
306899,4,223.44,843.73,
306899,3,164.21,455.63,
306899,4,7.70,29.24,
306899,3,97.44,263.11,
306899,6,196.60,1073.47,
306899,3,31.61,87.88,
306899,2,62.40,118.15,
306899,3,45.32,121.75,
306900,2,62.83,112.31,
306900,6,240.24,1275.24,
306900,5,33.79,153.03,
306900,3,42.89,101.64,
306900,3,19.51,51.96,
306900,3,100.70,265.09,
306901,3,130.94,331.04,
306901,3,168.08,445.18,
306901,2,60.33,96.70,
306901,3,442.68,1154.10,
306901,4,451.50,1553.30,
306901,1,303.98,260.71,
306901,7,202.34,1195.00,
306901,4,458.64,1536.98,
306902,3,142.73,328.88,
306902,2,45.23,73.88,
306902,3,43.65,101.24,
306902,3,319.10,701.81,
306902,4,32.90,104.28,
306902,2,524.79,808.97,
306903,5,40.64,175.95,
306903,2,22.61,36.85,
306903,3,17.75,43.71,
306903,5,183.22,757.31,
306903,4,199.47,649.99,
306907,7,8.30,50.19,
306907,2,163.50,275.38,
306907,4,150.63,502.43,
306907,1,26.18,22.10,
306907,4,24.34,79.83,
306907,4,162.45,569.03,
306907,5,88.32,355.84,
306907,3,532.95,1516.29,
306907,3,203.16,538.23,
306907,3,129.21,326.51,
306907,4,95.52,317.39,
306907,7,225.60,1378.17,
306908,1,18.83,14.39,
306908,3,11.28,24.09,
306908,6,396.48,1847.09,
306908,5,192.09,699.70,
306909,5,25.80,107.76,
306909,4,488.07,1635.85,
306909,3,125.43,301.05,
306909,3,305.87,799.88,
306909,4,95.23,339.59,
306909,3,106.44,279.82,
306911,7,242.40,1523.77,
306911,4,118.00,469.16,
306911,3,136.09,363.65,
306911,1,151.24,136.92,
306911,4,497.76,1688.33,
306911,4,89.18,329.24,
306911,8,77.72,565.00,
306911,7,346.50,2425.50,
306911,1,17.62,15.77,
306911,4,120.91,444.43,
306911,4,178.64,663.78,
306911,11,61.73,594.31,
306911,6,16.20,83.66,
306911,3,122.48,313.97,
306913,4,104.64,351.24,
306913,3,558.96,1511.58,
306913,6,71.51,349.30,
306913,3,238.80,531.26,
306913,2,31.65,52.44,
306915,4,57.71,203.72,
306915,1,81.80,66.32,
306915,5,80.31,319.77,
306915,5,7.23,30.65,
306915,5,63.50,274.00,
306915,6,48.29,237.89,
306915,3,43.47,103.33,
306915,4,144.70,451.52,
306916,3,82.74,236.38,
306916,4,230.16,791.61,
306916,2,217.68,379.17,
306916,4,8.55,32.46,
306916,4,48.74,185.72,
306916,3,84.15,225.30,
306916,2,300.83,599.18,
306916,4,225.09,772.25,
306916,4,534.48,1862.15,
306916,5,56.24,261.18,
306920,3,57.40,140.10,
306920,7,8.31,44.62,
306920,4,7.30,24.15,
306920,7,193.11,1039.37,
306920,2,158.75,282.52,
306920,3,210.33,520.69,
306920,3,7.58,19.23,
306920,7,102.05,605.44,
306922,5,177.76,750.83,
306922,6,22.99,114.52,
306922,3,131.74,311.23,
306922,3,8.34,20.47,
306922,6,140.60,657.71,
306922,2,190.04,324.67,
306923,8,7.49,47.06,
306923,4,49.50,156.31,
306923,5,32.34,139.23,
306923,7,121.04,703.83,
306926,4,218.16,745.31,
306926,2,404.46,694.64,
306926,2,44.24,75.69,
306926,5,319.41,1441.41,
306926,6,197.83,1013.95,
306926,4,139.92,533.40,
306926,5,92.45,427.36,
306928,4,13.06,40.77,
306928,2,126.26,200.00,
306928,2,495.21,852.75,
306928,8,136.09,896.76,
306928,3,48.69,111.97,
306929,3,35.48,92.87,
306929,2,45.90,81.68,
306929,3,137.41,369.01,
306929,3,24.89,65.05,
306929,3,79.44,225.89,
306929,2,86.59,158.65,
306929,5,24.89,110.66,
306932,3,17.26,43.82,
306932,4,96.67,322.44,
306932,4,290.12,1042.22,
306932,7,77.87,453.35,
306932,3,402.36,1033.67,
306932,7,45.72,286.00,
306932,3,160.82,392.56,
306932,4,122.89,369.35,
306932,6,55.02,272.35,
306932,6,47.84,239.52,
306933,5,12.51,54.18,
306933,5,140.45,574.52,
306933,7,315.63,1909.44,
306933,6,200.70,1066.31,
306933,3,191.84,489.51,
306933,5,26.35,115.92,
306933,2,7.58,13.79,
306933,5,84.70,378.64,
306933,11,16.56,168.41,
306939,4,122.96,351.93,
306939,4,146.07,425.61,
306939,4,442.68,1307.14,
306939,6,239.04,1028.67,
306939,6,344.93,1616.11,
306939,6,145.31,659.89,
306939,2,230.88,300.25,
306939,7,47.21,256.72,
306939,5,439.32,1624.84,
306939,3,112.10,250.32,
306939,3,19.58,47.32,
306939,5,24.55,88.94,
306939,6,45.05,208.96,
306939,3,12.83,28.10,
306939,3,187.09,424.27,
306940,8,103.01,757.17,
306940,3,155.65,450.44,
306940,4,98.11,355.54,
306940,8,201.52,1507.71,
306940,4,13.70,52.53,
306940,6,141.97,761.23,
306940,3,222.84,662.65,
306940,6,233.76,1245.06,
306940,2,201.93,371.00,
306940,4,12.95,47.91,
306941,4,8.34,27.67,
306941,2,31.38,51.79,
306941,6,225.84,1212.50,
306941,2,47.75,80.77,
306941,5,123.29,581.68,
306941,5,31.68,145.10,
306941,5,99.17,424.83,
306941,4,158.75,549.98,
306946,5,12.43,55.95,
306946,5,19.35,82.50,
306946,6,59.17,285.89,
306946,3,111.63,306.68,
306946,8,111.98,833.83,
306946,6,75.36,394.95,
306946,6,24.96,131.70,
306946,5,186.91,786.49,
306946,6,7.47,38.87,
306946,6,32.64,168.49,
306948,2,203.77,360.23,
306948,4,383.04,1278.28,
306948,3,57.40,145.47,
306948,2,225.09,391.06,
306948,7,259.92,1553.58,
306948,3,319.41,823.97,
306948,4,40.73,146.66,
306948,6,34.85,174.96,
306948,6,47.07,241.50,
306949,6,16.70,92.55,
306949,5,47.52,214.78,
306949,9,62.40,510.34,
306949,2,64.90,127.69,
306949,6,163.55,853.53,
306952,3,192.29,540.18,
306952,7,327.92,2134.89,
306952,5,225.09,982.32,
306952,2,7.53,13.48,
306952,8,167.90,1203.41,
306952,7,322.25,1800.80,
306955,3,11.89,29.63,
306955,4,96.67,317.82,
306955,5,289.49,1228.28,
306955,4,17.39,59.75,
306955,5,224.16,901.39,
306955,3,49.23,125.03,
306955,5,487.56,2005.98,
306955,3,16.42,37.42,
306955,5,21.84,90.23,
306955,2,43.70,69.23,
306955,3,130.42,316.18,
306955,7,152.00,903.12,
306956,2,80.86,134.97,
306956,2,86.11,135.77,
306956,3,13.74,33.41,
306956,6,196.39,946.14,
306961,4,97.34,383.07,
306961,4,208.49,757.66,
306961,5,254.64,1227.51,
306961,7,137.28,871.50,
306961,6,138.78,700.15,
306962,5,342.72,1451.92,
306962,4,8.47,25.15,
306962,6,521.22,2580.65,
306962,4,8.27,26.09,
306962,3,42.93,98.42,
306962,5,17.42,71.62,
306962,4,18.56,61.87,
306962,5,12.58,52.27,
306962,5,181.28,756.76,
306962,2,56.49,86.69,
306962,5,149.72,570.16,
306963,7,140.18,794.43,
306963,5,105.22,461.32,
306963,5,143.62,649.33,
306963,5,454.02,2055.06,
306963,2,74.42,134.38,
306963,7,190.43,1241.72,
306963,4,175.82,589.31,
306965,4,79.44,285.01,
306965,4,120.78,396.96,
306965,4,34.35,126.01,
306965,3,288.86,742.50,
306965,7,137.94,792.78,
306965,5,218.88,936.21,
306965,3,17.77,45.49,
306967,4,104.06,356.21,
306967,7,183.22,1196.96,
306968,4,383.46,1301.01,
306968,4,261.84,927.07,
306970,4,41.99,121.92,
306970,2,81.40,122.82,
306970,2,57.28,83.93,
306970,2,320.36,498.26,
306970,6,407.82,2056.79,
306970,2,537.54,824.84,
306970,4,309.65,914.25,
306970,7,83.05,441.65,
306970,5,121.57,464.59,
306970,4,109.39,334.72,
306970,3,149.72,356.27,
306971,1,217.20,190.23,
306971,6,7.56,39.06,
306971,2,65.21,116.57,
306971,3,110.33,282.60,
306972,1,388.08,367.85,
306972,7,213.00,1393.93,
306972,6,316.58,1816.89,
306972,4,42.75,155.08,
306972,4,74.89,289.67,
306972,2,101.47,184.15,
306972,4,219.15,870.29,
306972,4,110.80,408.25,
306972,6,391.44,2143.29,
306972,5,36.14,170.15,
306973,5,118.71,457.20,
306973,4,309.96,907.76,
306973,6,455.28,2147.51,
306973,6,26.11,126.54,
306977,3,24.70,62.52,
306977,6,12.78,64.96,
306977,4,13.56,48.02,
306977,2,163.86,266.53,
306977,7,47.84,282.42,
306977,6,187.62,877.96,
306977,6,87.74,482.03,
306977,4,121.07,409.61,
306977,5,128.15,510.39,
306977,7,34.32,187.01,
306978,1,213.82,168.25,
306978,4,78.11,238.45,
306978,1,137.41,101.82,
306978,3,317.84,707.59,
306978,3,183.39,467.42,
306978,3,16.60,39.20,
306978,6,122.50,551.75,
306978,5,64.23,266.29,
306979,6,41.36,203.50,
306979,4,75.67,214.03,
306979,2,13.21,20.70,
306979,4,336.42,1126.80,
306979,6,17.53,82.59,
306979,2,153.98,238.54,
306981,4,122.36,405.73,
306981,5,106.20,447.86,
306981,3,7.31,19.42,
306981,6,560.49,2817.55,
306981,5,142.69,619.72,
306984,7,158.38,1001.43,
306984,2,312.48,552.16,
306985,5,73.01,297.09,
306985,5,150.33,660.73,
306985,1,12.60,10.19,
306985,5,58.62,248.20,
306985,9,7.71,58.27,
306985,5,317.52,1430.28,
306985,2,23.52,39.00,
306985,3,48.47,126.41,
306985,5,260.64,1139.73,
306985,2,86.19,139.72,
306985,2,308.39,519.41,
306985,4,18.11,60.32,
306985,5,119.33,491.87,
306985,5,131.21,554.18,
306992,3,7.67,19.15,
306992,8,21.82,142.58,
306992,6,404.04,1932.56,
306992,4,229.92,807.55,
306995,5,84.94,361.57,
306995,2,80.70,118.16,
306995,2,33.30,53.56,
306995,5,11.31,42.31,
306995,4,455.28,1467.40,
306995,5,12.18,47.01,
306995,4,160.36,485.68,
306995,3,22.13,56.13,
306996,7,118.59,707.82,
306996,2,119.65,209.64,
306996,2,190.65,321.39,
306998,5,95.14,432.65,
306998,2,158.58,272.71,
306998,2,85.88,151.31,
306998,5,18.22,81.07,
306998,2,13.39,24.96,
306998,5,12.11,52.48,
306998,3,290.75,719.60,
306998,4,124.61,439.82,
306999,4,171.42,570.59,
306999,4,241.68,808.86,
306999,5,41.72,175.08,
306999,4,11.65,39.22,
306999,4,23.83,75.34,
306999,5,121.57,505.43,
307000,3,125.43,300.64,
307000,2,508.47,848.67,
307001,3,175.47,390.77,
307001,3,26.35,60.88,
307001,3,130.28,313.37,
307001,3,32.84,77.28,
307001,4,36.07,117.42,
307001,2,8.45,14.01,
307001,1,33.50,26.19,
307001,2,470.22,757.80,
307001,5,13.54,51.21,
307004,3,403.20,935.06,
307004,7,31.88,170.49,
307004,5,7.41,31.42,
307004,2,124.34,215.67,
307004,6,44.87,213.50,
307004,2,142.12,240.28,
307004,5,98.30,435.44,
307004,6,41.40,192.34,
307007,4,7.44,23.95,
307007,3,76.69,185.54,
307007,3,17.51,40.57,
307007,12,111.63,1167.98,
307008,5,410.34,1856.59,
307008,4,150.33,518.50,
307008,3,62.83,137.78,
307008,7,187.17,1115.51,
307008,4,12.70,42.62,
307008,6,8.51,43.77,
307011,2,35.74,57.29,
307011,4,125.14,390.79,
307011,2,85.72,153.03,
307011,2,162.03,246.99,
307012,7,12.40,66.56,
307012,7,8.05,41.13,
307012,3,118.94,276.64,
307012,6,24.94,120.61,
307012,4,103.58,315.13,
307012,1,31.05,25.96,
307012,2,210.95,340.15,
307012,6,17.95,81.72,
307013,3,317.21,892.25,
307013,2,150.02,266.00,
307013,1,47.43,39.71,
307014,2,460.32,826.90,
307014,4,206.03,714.52,
307014,2,217.68,393.40,
307014,1,327.60,279.51,
307016,5,139.66,619.26,
307016,5,243.12,1200.54,
307016,2,203.36,353.01,
307018,5,102.53,395.97,
307018,3,206.85,453.48,
307018,2,293.90,462.40,
307018,4,336.74,958.73,
307018,3,123.55,304.50,
307018,9,316.26,2210.65,
307018,3,16.38,39.91,
307022,5,236.64,929.51,
307022,4,58.99,165.60,
307022,7,30.82,152.63,
307022,7,139.38,678.89,
307022,3,21.70,45.28,
307022,3,19.55,43.44,
307023,6,460.74,2465.10,
307023,3,17.98,45.52,
307024,2,101.86,168.08,
307024,2,7.71,13.26,
307024,3,158.93,396.61,
307024,6,8.16,39.81,
307024,3,43.07,105.31,
307024,4,124.08,442.42,
307025,5,8.01,30.78,
307025,4,34.88,105.01,
307028,7,152.46,801.63,
307028,5,8.14,32.11,
307028,3,220.99,505.81,
307029,2,58.56,100.70,
307029,7,17.98,104.01,
307032,4,11.76,33.95,
307032,7,109.74,585.88,
307032,2,18.61,28.66,
307032,5,17.44,67.71,
307032,6,74.97,352.04,
307032,2,179.87,276.49,
307032,5,21.82,80.79,
307032,3,94.46,212.40,
307033,4,166.85,623.36,
307033,4,210.13,720.03,
307033,6,13.26,68.16,
307033,8,189.83,1384.17,
307033,2,137.56,260.09,
307033,5,132.00,586.42,
307035,2,57.95,94.63,
307035,4,21.77,71.67,
307035,8,164.03,1119.71,
307035,1,19.75,16.23,
307035,6,186.96,892.92,
307037,3,233.28,516.14,
307037,2,75.20,119.18,
307037,1,515.10,412.81,
307037,5,300.83,1193.98,
307037,5,32.21,120.28,
307037,3,48.38,119.25,
307037,3,29.90,65.30,
307037,2,25.15,40.29,
307037,4,174.94,515.47,
307037,5,85.57,344.73,
307039,1,306.18,276.43,
307039,6,11.29,58.81,
307039,2,387.66,658.80,
307039,8,41.36,268.35,
307039,6,387.24,2031.22,
307039,3,145.62,383.59,
307039,3,185.73,476.21,
307039,3,136.36,348.28,
307039,3,23.23,62.26,
307039,5,109.74,433.11,
307039,3,13.28,34.97,
307039,4,207.05,641.74,
307039,6,121.54,650.95,
307040,3,30.76,75.89,
307040,6,30.29,152.81,
307040,4,24.05,78.51,
307040,3,31.81,80.81,
307040,4,295.16,820.97,
307040,3,151.09,366.71,
307040,3,34.91,77.32,
307040,3,443.10,1048.12,
307041,5,194.55,800.30,
307041,4,127.79,428.17,
307041,6,18.99,88.25,
307041,8,290.75,1977.28,
307041,2,263.52,404.31,
307042,3,7.65,22.61,
307042,7,61.31,392.19,
307042,5,17.50,81.34,
307042,8,29.96,215.04,
307042,3,296.42,737.76,
307042,6,224.88,1234.45,
307042,4,158.93,582.60,
307042,1,35.67,31.32,
307044,3,174.59,450.14,
307044,2,22.01,34.89,
307044,1,93.89,84.06,
307044,4,26.26,100.70,
307044,2,165.53,293.54,
307044,5,122.13,537.35,
307044,5,12.70,59.50,
307046,1,339.57,262.31,
307046,1,24.50,17.60,
307046,1,35.81,27.15,
307046,8,152.76,943.38,
307047,5,19.67,87.96,
307047,2,116.47,208.49,
307047,4,344.61,1235.51,
307047,3,122.10,323.54,
307047,6,186.21,995.88,
307049,4,116.70,360.36,
307049,6,102.14,462.14,
307049,7,191.88,1134.25,
307049,4,174.06,575.41,
307049,3,314.37,771.11,
307049,3,440.58,1013.17,
307049,4,8.34,27.40,
307049,8,12.24,85.85,
307049,5,139.38,583.02,
307049,7,319.73,1922.47,
307050,5,498.27,2060.43,
307050,2,204.39,333.67,
307050,5,108.32,445.43,
307050,3,187.58,427.98,
307050,3,323.19,774.20,
307052,6,253.92,1370.99,
307052,5,307.76,1292.67,
307052,4,169.31,561.14,
307052,2,127.12,210.56,
307052,10,305.24,2791.91,
307052,7,326.34,1945.07,
307052,2,18.29,31.74,
307052,3,60.94,158.25,
307052,4,387.24,1336.38,
307052,4,24.05,75.57,
307052,6,536.01,2927.01,
307054,2,346.19,562.03,
307054,5,396.90,1610.40,
307054,2,180.40,279.50,
307054,3,7.38,17.51,
307055,3,101.09,231.71,
307055,5,289.49,1188.75,
307055,2,192.72,282.95,
307055,4,292.01,952.34,
307055,7,80.23,429.36,
307055,2,480.42,723.60,
307055,5,104.93,395.33,
307059,2,216.69,354.01,
307059,3,121.66,276.10,
307059,3,206.23,476.40,
307059,7,19.51,109.67,
307059,1,114.58,88.93,
307059,1,144.86,116.99,
307059,5,11.29,43.24,
307059,8,133.32,844.54,
307059,2,78.81,120.26,
307060,4,64.90,197.64,
307060,4,468.18,1371.53,
307060,4,8.62,27.45,
307060,4,346.19,1084.21,
307060,3,64.97,149.75,
307060,4,17.95,55.86,
307062,1,101.57,75.27,
307062,6,189.02,853.10,
307062,4,186.56,496.73,
307062,2,120.52,170.16,
307062,4,209.10,622.23,
307062,5,550.80,2151.19,
307064,2,223.86,430.68,
307064,4,95.81,374.51,
307064,2,78.11,147.90,
307064,2,62.95,112.29,
307065,3,22.39,60.71,
307065,6,126.85,724.89,
307065,6,74.97,449.82,
307065,8,42.53,310.46,
307065,3,154.43,438.78,
307066,3,121.78,315.39,
307066,2,18.41,32.49,
307066,3,407.40,1140.10,
307066,3,48.24,131.87,
307066,4,239.76,872.19,
307066,5,128.57,556.91,
307068,7,123.95,710.94,
307068,2,549.27,973.29,
307068,2,73.95,132.92,
307068,5,17.89,75.25,
307068,6,7.54,42.81,
307068,6,82.97,438.74,
307070,4,47.12,171.47,
307070,4,146.38,546.03,
307070,6,162.34,896.15,
307070,2,33.13,62.56,
307070,3,190.45,500.37,
307070,3,7.99,23.41,
307070,2,113.99,207.76,
307070,5,159.98,737.93,
307072,4,120.65,433.59,
307072,3,327.92,903.68,
307072,6,187.37,990.47,
307072,1,115.05,96.04,
307073,3,132.79,332.90,
307073,9,462.57,3405.34,
307073,3,337.68,880.75,
307074,3,36.10,82.00,
307074,6,21.60,102.76,
307074,5,342.72,1259.68,
307074,4,48.56,125.75,
307074,4,391.86,1143.10,
307074,5,259.92,999.62,
307074,3,528.87,1160.39,
307078,3,487.56,1350.99,
307078,5,7.30,33.68,
307078,5,111.04,501.80,
307078,3,459.51,1303.47,
307078,4,152.30,557.38,
307081,6,479.91,2257.08,
307081,5,134.38,547.17,
307081,2,8.26,14.81,
307081,3,45.23,109.47,
307081,3,188.85,483.22,
307082,3,236.40,578.07,
307082,3,335.16,780.61,
307082,4,55.45,161.31,
307082,6,219.35,1038.44,
307082,3,166.50,404.73,
307082,3,65.51,162.71,
307082,5,7.51,31.73,
307084,6,140.71,688.08,
307084,2,74.58,120.37,
307084,6,439.74,2094.95,
307084,4,338.94,1146.63,
307084,2,133.85,218.89,
307084,2,46.49,69.92,
307084,7,61.79,362.74,
307086,5,61.31,284.23,
307086,7,8.46,54.23,
307086,3,393.96,986.66,
307088,2,132.92,209.01,
307088,2,296.10,412.35,
307088,6,62.89,301.66,
307089,3,7.86,18.24,
307089,4,141.24,463.52,
307089,4,529.38,1725.13,
307089,5,17.95,68.09,
307089,3,22.34,51.05,
307091,2,86.11,152.29,
307091,3,48.51,135.72,
307091,1,16.25,15.30,
307091,3,19.49,53.08,
307091,2,25.20,45.14,
307091,10,124.74,1079.75,
307091,2,536.01,1033.92,
307091,6,18.31,105.09,
307091,4,25.99,100.52,
307091,4,178.29,636.95,
307092,4,86.78,301.13,
307092,5,245.76,1018.88,
307092,5,16.43,64.66,
307092,3,318.47,820.90,
307092,8,129.36,835.91,
307094,7,387.24,2298.67,
307094,6,43.16,245.06,
307094,4,213.82,768.16,
307094,7,22.08,144.21,
307094,4,43.29,159.21,
307094,5,458.64,1838.27,
307094,5,11.35,46.14,
307094,7,328.23,2095.65,
307095,2,544.17,900.82,
307095,3,13.13,31.09,
307095,2,149.57,229.64,
307095,6,11.86,56.30,
307095,5,22.90,92.93,
307095,4,174.77,548.69,
307095,2,184.45,290.44,
307095,5,7.48,31.45,
307095,3,403.62,938.75,
307095,5,308.70,1231.02,
307095,4,427.98,1325.92,
307095,2,137.26,214.14,
307095,6,25.51,126.98,
307095,8,166.14,1054.57,
307096,3,123.02,321.57,
307096,2,218.16,366.13,
307096,3,165.09,387.75,
307096,3,45.63,107.44,
307096,6,66.49,311.15,
307097,5,190.08,798.69,
307097,3,558.96,1508.68,
307102,5,182.69,782.65,
307102,4,305.24,1072.21,
307102,4,107.38,361.97,
307102,5,134.90,610.71,
307102,6,96.00,489.07,
307102,3,79.52,217.72,
307102,3,247.68,664.33,
307102,6,421.68,2186.98,
307102,2,99.46,175.67,
307102,5,288.54,1315.36,
307107,5,547.74,2407.88,
307107,3,313.74,750.70,
307107,5,11.39,51.23,
307107,2,83.52,137.67,
307107,5,387.66,1649.82,
307107,8,44.91,318.23,
307107,5,12.53,53.98,
307107,5,192.29,777.90,
307107,2,23.62,41.08,
307107,5,191.27,862.85,
307107,3,234.00,635.44,
307107,4,199.47,686.62,
307108,5,19.49,89.54,
307108,5,140.45,628.89,
307108,11,182.69,1700.69,
307108,2,127.78,216.23,
307108,4,23.69,80.89,
307108,4,79.52,282.90,
307108,5,119.77,491.81,
307108,7,209.51,1263.79,
307109,4,25.34,81.87,
307109,1,11.38,9.49,
307109,4,83.76,282.47,
307109,1,320.04,269.37,
307109,3,184.98,482.45,
307112,6,335.48,1691.00,
307112,2,128.04,201.30,
307112,7,326.03,1958.61,
307112,5,134.64,557.59,
307112,2,263.52,444.32,
307112,2,8.22,13.51,
307113,3,336.42,830.09,
307113,4,16.47,55.09,
307113,5,23.86,102.28,
307113,2,103.78,179.99,
307113,4,13.69,46.36,
307113,4,33.03,108.05,
307114,4,168.61,586.62,
307114,8,83.92,587.58,
307115,5,8.73,38.12,
307115,4,245.28,937.05,
307115,5,171.60,721.48,
307115,5,12.43,53.08,
307115,5,78.66,353.91,
307117,2,86.69,120.79,
307117,4,169.84,531.22,
307117,4,127.91,364.81,
307118,3,32.87,68.69,
307118,5,303.98,1240.84,
307118,3,32.18,71.09,
307118,1,11.80,8.60,
307118,6,72.14,321.71,
307118,9,24.29,159.86,
307118,3,258.00,535.87,
307118,2,103.10,147.31,
307118,3,55.27,116.43,
307118,2,58.44,84.48,
307124,4,319.10,1082.89,
307124,3,19.44,49.52,
307124,1,159.10,136.76,
307124,3,133.85,339.83,
307124,3,13.34,35.57,
307124,2,159.81,268.29,
307124,4,11.44,42.26,
307125,3,201.11,512.89,
307125,4,166.74,593.58,
307125,4,101.95,352.10,
307125,2,126.72,211.93,
307125,4,243.84,850.74,
307125,4,13.41,48.63,
307125,4,161.04,572.99,
307125,7,240.24,1441.13,
307125,4,160.34,554.29,
307127,3,87.46,205.73,
307127,6,33.30,170.27,
307127,5,169.14,715.20,
307127,5,160.06,677.52,
307128,2,182.16,331.65,
307128,3,7.54,20.47,
307128,7,114.81,703.99,
307128,3,61.12,151.39,
307128,2,32.47,58.15,
307128,5,85.17,387.05,
307128,7,34.29,197.20,
307128,8,47.61,325.75,
307128,7,119.65,710.54,
307128,3,189.02,473.65,
307128,5,42.75,179.30,
307128,5,174.94,802.61,
307128,4,119.99,419.74,
307128,1,480.93,446.34,
307130,7,89.09,525.11,
307130,2,109.62,183.23,
307130,1,141.82,120.01,
307130,3,145.92,382.20,
307130,4,502.86,1609.05,
307130,5,85.33,369.55,
307131,7,189.55,1047.80,
307131,7,42.21,261.63,
307131,3,60.15,139.23,
307131,5,21.67,90.16,
307131,5,159.98,711.62,
307131,5,16.25,69.48,
307134,4,44.19,137.40,
307134,3,16.99,39.37,
307134,4,154.13,470.72,
307134,3,189.90,449.38,
307134,3,31.61,67.14,
307134,3,71.51,155.84,
307134,2,191.06,298.85,
307134,4,33.73,100.09,
307134,4,12.49,38.86,
307134,5,144.70,561.84,
307136,7,60.82,403.43,
307136,1,502.35,434.21,
307136,4,263.52,975.46,
307136,3,7.30,19.51,
307136,2,49.41,84.64,
307136,5,180.40,835.07,
307137,4,121.07,457.50,
307137,3,24.34,65.11,
307137,4,247.92,867.25,
307137,5,293.27,1288.30,
307137,5,11.64,52.96,
307137,3,78.66,207.25,
307141,6,130.94,682.22,
307141,4,332.96,1148.98,
307141,4,176.53,636.42,
307141,3,62.95,159.41,
307141,4,31.32,104.39,
307141,2,8.42,15.47,
307141,2,64.54,113.14,
307141,1,127.38,118.87,
307141,5,91.87,421.36,
307141,3,22.39,60.72,
307142,6,530.40,2588.93,
307142,5,344.61,1384.68,
307142,1,404.88,339.26,
307142,8,117.17,767.83,
307142,5,127.78,515.97,
307142,4,7.83,25.85,
307143,2,7.47,12.08,
307143,3,31.75,82.05,
307143,4,92.06,312.56,
307143,2,291.69,446.25,
307143,3,409.08,1035.32,
307143,5,340.20,1403.92,
307143,1,19.08,14.69,
307143,5,126.61,533.85,
307143,3,154.58,371.28,
307143,3,71.67,180.39,
307143,8,42.03,257.16,
307143,6,84.00,421.96,
307143,4,7.90,25.39,
307144,8,174.42,1102.71,
307144,4,62.65,206.97,
307144,2,31.42,51.02,
307144,7,187.97,1029.89,
307144,1,392.28,284.00,
307146,5,194.75,889.58,
307146,2,157.17,276.05,
307146,4,199.06,662.08,
307146,4,12.34,44.61,
307146,1,128.83,119.21,
307146,7,49.05,298.38,
307146,5,60.45,266.46,
307146,6,114.58,624.55,
307146,2,72.38,122.65,
307146,4,164.31,621.71,
307146,6,55.57,281.47,
307147,5,323.82,1499.96,
307147,3,425.46,1137.20,
307147,5,193.32,861.98,
307148,7,121.78,648.56,
307148,6,83.84,373.99,
307148,3,486.54,1211.34,
307148,6,73.95,350.67,
307148,4,164.16,534.15,
307148,2,176.70,282.38,
307148,2,25.25,40.40,
307148,4,34.85,106.40,
307148,4,13.16,44.27,
307149,4,8.13,26.03,
307149,3,22.90,48.93,
307149,4,44.19,137.22,
307149,3,183.22,431.24,
307149,2,98.21,146.12,
307149,3,11.29,26.13,
307149,3,548.76,1249.58,
307149,3,99.36,234.57,
307150,4,7.35,26.46,
307150,5,121.70,528.12,
307150,2,125.00,191.37,
307150,4,8.58,27.47,
307150,3,222.48,550.36,
307150,8,12.08,77.07,
307150,4,255.60,819.76,
307150,4,530.91,1732.45,
307150,3,520.20,1237.07,
307151,3,7.44,17.05,
307151,4,488.07,1582.31,
307151,4,119.42,361.53,
307151,4,428.82,1331.00,
307151,1,159.60,127.17,
307154,1,495.21,429.14,
307154,3,19.39,46.71,
307154,3,48.87,128.13,
307154,1,47.79,45.77,
307154,3,168.43,460.33,
307154,3,323.82,915.86,
307154,6,407.40,2004.40,
307155,5,498.78,2201.30,
307155,5,7.53,32.75,
307155,3,8.77,22.29,
307155,2,17.80,31.27,
307155,5,89.38,389.77,
307155,6,183.22,1005.01,
307156,6,23.16,100.31,
307156,2,223.92,351.34,
307156,5,558.45,2145.48,
307157,7,173.01,1017.50,
307157,5,96.96,401.44,
307163,5,18.05,71.13,
307163,5,529.38,2275.47,
307163,3,135.17,359.75,
307163,1,87.36,77.74,
307164,5,296.42,1259.18,
307164,6,470.73,2374.01,
307164,5,405.30,1584.49,
307164,3,80.31,208.25,
307164,2,237.60,361.96,
307165,3,133.85,313.17,
307165,2,426.30,752.54,
307165,5,142.82,580.82,
307165,6,393.54,1986.24,
307167,2,136.75,245.23,
307167,2,159.14,279.17,
307167,4,62.83,227.00,
307167,6,18.92,94.95,
307167,6,223.68,1148.57,
307167,5,534.99,2362.91,
307168,3,22.30,60.08,
307168,4,153.98,570.89,
307168,4,7.80,27.67,
307168,4,8.76,33.77,
307169,3,64.17,131.02,
307169,4,59.29,178.19,
307174,2,34.65,63.53,
307174,5,293.90,1148.56,
307174,4,246.48,868.59,
307174,4,18.72,66.34,
307174,5,122.25,505.89,
307174,3,35.38,93.68,
307174,4,514.08,1785.66,
307174,3,246.48,646.86,
307175,9,30.82,229.29,
307175,5,154.74,639.09,
307175,4,33.00,107.19,
307175,8,82.50,480.59,
307179,4,127.32,390.38,
307179,4,124.73,400.09,
307179,3,12.08,27.21,
307179,3,105.41,249.27,
307179,4,33.17,106.02,
307179,6,13.73,70.16,
307179,3,119.30,296.02,
307179,4,178.11,538.24,
307179,4,178.99,535.22,
307179,4,45.81,141.40,
307179,9,116.82,796.30,
307179,5,479.91,1835.91,
307179,4,24.05,68.83,
307179,4,402.78,1213.78,
307179,2,8.78,12.47,
307181,2,147.59,267.45,
307181,8,526.83,3484.86,
307181,2,33.69,60.03,
307181,3,36.10,98.89,
307181,4,56.79,195.12,
307181,4,466.14,1610.80,
307181,5,136.75,588.93,
307181,6,325.71,1618.67,
307184,10,34.06,298.22,
307184,2,22.68,40.92,
307184,4,119.59,465.59,
307184,5,56.24,262.32,
307184,2,165.22,296.78,
307184,7,191.68,1168.56,
307184,6,284.76,1590.17,
307186,5,138.07,628.41,
307186,5,7.23,29.53,
307186,6,13.06,62.65,
307186,3,33.53,82.49,
307186,6,33.26,164.70,
307186,6,12.21,63.46,
307186,5,556.41,2188.83,
307186,5,8.48,35.27,
307186,4,111.86,379.26,
307186,4,12.73,40.59,
307186,4,228.48,753.96,
307186,5,444.36,1751.73,
307186,4,98.40,302.56,
307188,5,209.10,738.73,
307188,5,170.72,693.73,
307188,4,123.55,363.16,
307188,7,23.26,129.96,
307188,7,33.46,171.44,
307188,2,44.78,68.28,
307188,7,129.68,690.96,
307188,5,23.57,90.15,
307188,3,290.12,633.63,
307189,4,82.90,283.76,
307189,3,535.50,1359.07,
307189,6,34.16,172.83,
307189,5,125.32,556.26,
307191,3,90.82,226.38,
307191,8,42.66,298.16,
307191,6,12.84,62.29,
307191,4,192.72,609.28,
307191,3,151.39,350.71,
307191,2,196.60,307.92,
307191,3,143.62,354.08,
307192,4,211.15,826.13,
307192,4,401.94,1389.65,
307192,5,89.86,407.46,
307192,5,87.36,395.12,
307195,3,13.45,30.26,
307195,2,458.22,756.26,
307195,2,256.32,412.78,
307196,8,124.08,867.45,
307196,8,481.44,3475.77,
307196,3,46.94,121.01,
307196,3,43.07,110.97,
307198,2,255.84,437.66,
307198,2,45.45,83.12,
307198,4,338.94,1175.99,
307198,2,94.37,156.45,
307198,2,45.41,79.72,
307201,4,13.00,43.66,
307201,4,44.73,137.65,
307201,4,22.97,74.93,
307201,6,74.65,369.24,
307201,4,119.33,387.42,
307205,4,244.56,724.95,
307205,3,485.01,1109.82,
307205,6,17.55,75.09,
307205,6,35.81,155.54,
307205,6,56.85,268.00,
307205,1,164.74,127.95,
307208,5,32.87,135.45,
307208,3,120.01,305.50,
307208,6,404.04,2070.47,
307211,4,138.62,456.13,
307211,5,211.56,853.93,
307211,3,7.26,18.92,
307211,4,8.20,27.30,
307211,6,26.11,136.28,
307211,7,413.70,2603.86,
307211,3,383.46,1021.88,
307211,3,57.46,147.38,
307212,5,119.18,514.11,
307212,4,7.83,28.26,
307212,5,16.45,71.44,
307212,6,237.84,1315.59,
307214,1,61.18,53.63,
307214,6,48.20,255.16,
307214,8,168.08,1182.63,
307214,5,170.19,704.58,
307214,3,59.96,150.14,
307214,4,8.31,31.28,
307214,3,59.54,155.22,
307214,3,414.54,1061.81,
307214,5,11.76,53.97,
307214,3,219.60,581.47,
307214,4,165.38,648.36,
307214,6,36.10,194.07,
307214,3,136.80,386.98,
307214,2,56.43,101.83,
307214,7,49.28,307.79,
307215,4,175.65,608.62,
307215,4,33.13,121.60,
307215,4,326.66,1163.81,
307215,2,439.74,734.00,
307216,2,264.00,440.50,
307216,3,128.04,325.05,
307216,8,7.42,48.18,
307216,5,55.14,225.27,
307216,4,22.49,80.01,
307216,5,178.46,691.05,
307216,8,95.33,614.17,
307216,2,126.98,231.48,
307216,6,200.70,994.47,
307216,3,384.72,949.77,
307216,5,514.08,2034.38,
307218,8,205.62,1361.35,
307218,3,342.72,786.56,
307218,6,19.60,96.05,
307218,5,302.40,1225.67,
307221,5,24.96,110.94,
307221,5,75.67,318.76,
307221,7,121.04,751.91,
307221,5,23.78,105.99,
307221,3,124.61,309.20,
307221,2,137.02,236.41,
307221,3,66.12,176.32,
307221,4,22.10,82.40,
307221,10,449.82,3758.37,
307222,3,55.21,146.43,
307222,2,390.18,654.35,
307222,3,520.71,1253.01,
307222,5,104.45,445.22,
307222,2,31.58,50.78,
307222,2,8.17,13.26,
307222,2,84.00,150.80,
307222,3,43.97,109.65,
307222,7,142.42,791.58,
307222,4,7.29,24.06,
307224,2,16.88,28.58,
307224,6,181.63,933.11,
307224,2,447.30,783.17,
307224,1,86.69,73.40,
307224,3,30.26,71.80,
307224,3,18.50,42.59,
307224,5,80.38,356.97,
307224,4,11.49,39.38,
307224,4,101.47,352.25,
307230,8,390.60,2716.20,
307230,3,420.84,1073.43,
307230,3,22.97,67.38,
307230,3,196.60,532.56,
307230,3,540.09,1338.69,
307230,4,18.43,65.36,
307231,2,474.30,778.40,
307231,7,7.87,42.04,
307231,3,296.42,700.77,
307231,7,36.07,193.83,
307231,2,12.90,19.33,
307231,7,83.21,466.50,
307231,4,23.81,75.67,
307231,4,308.07,1005.66,
307231,3,7.63,17.51,
307231,3,47.12,112.28,
307231,6,7.77,35.77,
307231,3,502.35,1235.87,
307232,3,189.42,484.34,
307232,6,486.03,2102.60,
307233,2,46.98,66.82,
307233,3,17.08,42.82,
307233,4,557.94,1629.46,
307233,3,212.59,519.17,
307233,2,195.78,304.49,
307234,3,17.03,39.82,
307234,5,164.77,688.56,
307234,2,105.22,183.70,
307234,4,32.44,113.20,
307234,6,96.29,479.67,
307234,7,93.02,559.65,
307234,3,147.59,383.06,
307234,4,427.98,1344.69,
307234,3,142.03,344.84,
307235,2,8.61,12.99,
307235,7,158.54,881.31,
307235,7,13.48,71.29,
307235,7,7.22,41.01,
307235,6,546.72,2293.48,
307235,3,34.06,73.54,
307235,4,63.20,186.14,
307237,4,33.73,107.41,
307237,3,78.42,173.54,
307237,3,86.19,195.26,
307237,2,150.33,227.77,
307237,3,179.87,409.68,
307237,5,62.53,226.37,
307237,3,7.48,18.80,
307237,7,55.14,329.08,
307237,6,294.21,1311.57,
307237,8,145.01,884.09,
307237,4,137.54,439.54,
307237,1,32.18,23.76,
307237,3,413.28,973.61,
307240,3,84.78,211.25,
307240,6,78.11,393.32,
307240,2,35.71,59.17,
307240,4,306.18,981.35,
307240,3,309.65,851.85,
307240,2,18.36,28.82,
307240,5,12.85,54.96,
307240,5,166.44,696.85,
307240,6,143.62,679.10,
307240,2,161.27,275.45,
307240,2,59.90,93.67,
307240,5,165.53,622.00,
307240,4,77.87,264.87,
307241,2,55.69,96.20,
307241,5,560.49,2289.75,
307241,6,193.25,958.12,
307241,2,314.69,518.80,
307241,4,155.19,502.99,
307241,4,34.22,118.13,
307242,2,288.86,452.25,
307242,6,116.82,502.50,
307242,3,258.48,546.21,
307242,4,100.42,303.90,
307242,3,232.56,512.05,
307242,3,90.82,204.19,
307242,2,192.70,288.61,
307242,2,71.44,106.19,
307242,5,17.44,63.68,
307242,6,483.48,1947.01,
307242,2,186.21,272.84,
307242,2,165.09,237.73,
307243,5,22.56,101.39,
307243,8,150.78,1023.55,
307243,3,123.95,311.69,
307244,5,409.50,1474.34,
307244,3,108.56,252.02,
307244,3,299.88,646.19,
307246,4,26.18,84.02,
307246,5,235.44,1029.34,
307246,2,23.59,38.80,
307246,2,508.98,849.78,
307252,3,7.27,20.76,
307252,3,139.38,341.72,
307252,3,222.63,554.70,
307252,2,476.34,814.64,
307252,5,7.46,31.39,
307252,4,179.70,643.24,
307254,5,26.11,100.31,
307254,2,206.03,343.18,
307254,3,34.06,95.33,
307254,4,189.42,706.74,
307254,4,436.80,1435.95,
307254,4,190.45,662.47,
307254,5,215.25,993.93,
307254,2,12.68,22.12,
307254,4,258.00,925.62,
307255,5,533.97,1988.04,
307255,2,18.79,27.56,
307255,1,71.67,53.37,
307259,4,25.73,86.80,
307259,6,49.32,230.84,
307259,6,226.32,1143.21,
307263,5,43.16,182.98,
307263,6,224.40,1220.01,
307263,1,11.26,10.01,
307263,4,153.67,566.37,
307263,8,193.93,1406.87,
307263,2,137.86,246.05,
307263,6,8.42,49.06,
307267,2,180.22,286.77,
307267,3,19.10,47.33,
307267,6,487.56,2498.42,
307267,4,73.48,252.32,
307268,4,301.14,1056.83,
307268,2,186.35,337.16,
307268,6,17.89,93.64,
307268,4,62.59,227.31,
307270,6,85.64,408.54,
307270,2,447.72,644.78,
307270,3,18.95,39.45,
307274,3,144.94,358.22,
307274,6,334.22,1641.00,
307274,5,22.15,82.58,
307274,6,163.50,772.22,
307274,3,40.82,94.85,
307274,9,74.10,524.43,
307275,4,193.32,570.41,
307275,3,262.80,608.11,
307275,3,388.50,922.72,
307275,4,17.51,55.47,
307275,4,134.38,435.90,
307275,3,442.68,1066.87,
307275,3,19.19,49.14,
307277,4,415.38,1290.41,
307277,4,115.88,385.84,
307277,2,17.75,29.27,
307281,3,22.99,63.93,
307281,3,286.02,755.45,
307282,3,468.69,1277.53,
307282,2,516.12,945.17,
307282,6,253.68,1371.60,
307282,4,12.08,40.65,
307282,4,43.74,162.89,
307282,4,24.48,84.90,
307283,2,78.58,150.59,
307283,3,13.06,34.59,
307283,3,225.36,618.67,
307283,2,58.13,105.86,
307283,3,151.70,415.16,
307283,7,73.01,444.44,
307286,4,8.28,30.95,
307286,7,138.34,911.39,
307286,3,7.43,20.13,
307286,2,90.53,160.74,
307286,3,101.95,268.02,
307286,7,81.33,503.07,
307286,4,241.44,897.48,
307286,3,185.12,495.49,
307286,5,71.51,332.25,
307286,4,451.50,1605.87,
307286,8,45.00,324.37,
307286,4,552.33,1990.59,
307290,5,22.13,91.51,
307290,6,121.84,690.01,
307290,1,46.62,42.96,
307290,6,224.89,1166.90,
307290,5,18.79,80.80,
307292,4,240.00,813.19,
307292,7,447.72,2648.37,
307292,4,215.66,716.89,
307292,5,163.68,668.63,
307292,7,155.65,953.55,
307292,7,83.68,512.65,
307292,7,201.31,1097.96,
307292,7,58.62,325.48,
307292,2,344.61,576.31,
307292,9,228.96,1588.23,
307292,5,219.56,923.68,
307292,6,120.36,633.75,
307292,7,299.57,1733.51,
307292,1,62.65,52.77,
307292,5,17.35,77.37,
307294,5,8.58,33.72,
307294,3,18.90,43.62,
307294,7,7.80,44.29,
307294,1,326.03,233.06,
307294,3,190.43,459.61,
307294,3,8.16,18.76,
307294,3,154.58,323.14,
307294,4,254.88,767.25,
307294,4,88.13,266.68,
307294,4,70.96,219.60,
307294,3,45.27,102.48,
307294,4,509.49,1548.83,
307297,6,161.27,686.85,
307297,4,32.64,95.54,
307297,4,48.11,154.24,
307297,6,21.67,100.73,
307297,4,409.92,1119.62,
307297,5,189.01,688.93,
307297,2,168.96,231.19,
307297,2,7.76,11.46,
307299,5,544.68,1902.19,
307299,8,346.50,2093.12,
307299,4,22.44,61.95,
307300,3,59.66,167.07,
307300,3,43.34,114.92,
307300,2,113.28,202.65,
307300,7,22.66,143.44,
307300,4,22.78,82.37,
307300,5,45.68,219.52,
307300,5,42.39,194.17,
307300,5,7.38,33.47,
307300,6,113.99,629.87,
307300,3,199.26,526.60,
307303,6,88.61,492.65,
307303,4,418.74,1532.62,
307310,1,258.72,223.51,
307310,3,322.56,858.78,
307310,4,410.34,1522.45,
307310,5,338.94,1487.61,
307310,4,81.01,301.05,
307310,1,332.96,304.30,
307310,4,12.46,45.40,
307310,7,322.88,1957.28,
307310,4,86.59,303.17,
307310,6,133.98,701.45,
307310,5,7.26,33.01,
307310,2,99.26,180.33,
307310,5,35.64,164.23,
307311,7,147.59,953.39,
307311,2,395.64,649.30,
307311,6,188.14,988.34,
307311,5,139.39,608.88,
307311,4,422.52,1418.82,
307311,4,225.36,764.54,
307311,6,345.24,1822.94,
307311,3,8.02,21.91,
307312,5,13.05,51.77,
307312,5,76.15,303.11,
307312,4,140.32,380.00,
307312,2,172.13,254.42,
307312,3,42.75,99.49,
307312,1,16.25,12.50,
307312,6,23.04,99.10,
307312,4,550.80,1674.90,
307313,3,292.01,745.69,
307313,4,24.50,76.75,
307313,2,11.26,17.94,
307313,4,117.17,346.85,
307313,3,113.87,263.62,
307313,8,110.33,629.47,
307314,6,35.08,170.75,
307314,6,284.13,1427.65,
307314,3,143.62,354.08,
307314,5,17.78,79.93,
307314,6,13.45,68.15,
307314,4,139.23,462.69,
307318,2,8.14,13.36,
307318,3,143.48,369.10,
307318,5,55.75,247.95,
307318,6,542.13,2815.00,
307318,3,61.67,151.48,
307322,6,250.08,1103.04,
307322,3,46.94,108.18,
307322,4,448.14,1461.10,
307322,6,17.01,71.49,
307322,5,16.60,60.13,
307322,4,263.52,780.42,
307322,4,100.32,287.44,
307322,2,184.91,301.49,
307322,2,35.57,52.20,
307322,5,230.88,915.05,
307322,2,149.57,220.16,
307322,6,24.14,109.99,
307324,6,11.29,57.32,
307324,6,88.80,478.91,
307324,7,475.83,3026.65,
307324,5,134.11,584.81,
307324,4,85.09,308.25,
307324,5,110.92,475.93,
307328,9,81.33,626.86,
307328,5,397.32,1526.93,
307328,3,192.54,430.39,
307328,6,131.74,587.77,
307328,5,24.89,89.35,
307328,6,42.62,213.54,
307329,4,101.18,337.04,
307329,4,251.76,739.26,
307329,6,141.77,637.86,
307329,3,417.48,969.89,
307329,4,138.17,435.91,
307329,3,120.38,288.61,
307329,3,86.50,176.23,
307330,2,454.86,812.22,
307330,3,456.54,1073.10,
307330,4,255.12,921.52,
307330,8,24.86,158.35,
307330,4,7.41,26.55,
307330,5,31.91,144.04,
307331,2,496.23,857.83,
307331,5,13.48,60.14,
307331,2,144.54,263.46,
307331,4,33.99,114.65,
307331,5,166.32,690.48,
307335,3,103.68,281.03,
307335,4,223.68,787.59,
307335,5,142.42,656.00,
307335,10,8.06,65.24,
307336,7,25.03,149.79,
307336,6,173.01,987.64,
307336,4,8.24,28.18,
307336,4,13.31,48.69,
307336,8,550.80,4150.24,
307336,6,325.40,1668.41,
307336,3,155.04,396.08,
307336,4,7.41,26.59,
307336,5,29.96,126.99,
307336,3,13.59,36.35,
307336,4,17.17,57.76,
307336,3,7.60,20.00,
307336,5,82.35,358.96,
307336,3,404.46,1063.95,
307336,5,323.19,1344.55,
307338,6,393.12,1635.06,
307338,5,493.17,1683.67,
307338,3,435.54,970.81,
9307338,-5,493.17,-1683.67,
307339,8,200.70,1249.38,
307339,4,434.28,1322.60,
307339,2,78.11,123.35,
307339,6,152.15,727.03,
307339,5,18.14,71.53,
307339,5,99.07,402.37,
307339,3,62.53,144.62,
307340,5,26.06,114.45,
307340,3,16.56,45.71,
307340,5,87.74,386.09,
307340,7,217.20,1379.73,
307340,3,56.67,155.34,
307344,7,139.13,765.85,
307344,3,424.20,884.45,
307344,8,13.49,77.23,
307344,4,8.65,25.76,
307344,4,459.06,1454.75,
307344,6,158.58,652.94,
307344,5,307.44,1171.18,
307348,3,120.78,267.79,
307348,2,13.08,21.15,
307348,1,7.86,6.39,
307348,7,162.10,882.14,
307349,4,23.21,74.95,
307349,6,177.76,859.24,
307349,1,254.16,201.07,
307349,1,17.84,16.29,
307349,2,410.76,695.55,
307349,7,11.71,69.24,
307351,3,104.74,225.64,
307351,3,484.50,1057.52,
307351,5,17.32,68.65,
307351,3,12.53,27.44,
307351,4,507.96,1454.64,
307351,4,31.12,88.11,
307351,7,322.25,1820.92,
307351,5,126.19,484.08,
307351,8,75.91,446.59,
307352,4,203.57,678.18,
307352,4,138.78,503.40,
307352,3,21.72,60.69,
307352,5,8.39,36.39,
307352,4,506.94,1760.07,
307352,4,187.17,712.85,
307355,3,344.30,884.18,
307355,3,500.31,1217.29,
307355,4,22.66,74.31,
307355,2,34.06,56.21,
307355,3,102.62,251.49,
307355,4,128.96,441.19,
307355,6,132.79,658.55,
307355,4,158.75,521.51,
307355,2,552.84,964.75,
307355,10,482.46,4281.46,
307355,6,461.55,2337.86,
307355,3,479.91,1181.86,
307355,2,297.99,493.96,
307357,6,242.16,1101.14,
307357,5,81.95,323.37,
307357,3,139.99,356.71,
307357,8,235.44,1465.82,
307357,7,135.56,784.08,
307357,11,11.40,104.33,
307357,3,12.13,28.20,
307357,2,45.59,67.68,
307358,2,26.18,43.54,
307358,3,189.38,482.35,
307358,7,31.65,192.38,
307358,1,144.94,126.57,
307358,4,35.71,122.79,
307358,3,136.80,328.94,
307358,6,19.46,97.25,
307358,5,300.20,1276.45,
307358,8,454.44,3185.38,
307358,2,224.48,347.45,
307359,2,98.98,171.90,
307359,4,443.10,1474.06,
307359,4,115.40,393.83,
307365,4,419.58,1274.32,
307365,1,128.70,102.68,
307365,4,92.26,265.88,
307365,2,505.92,821.47,
307365,5,97.25,374.12,
307365,3,72.30,166.67,
307366,5,144.54,653.69,
307366,6,507.45,2766.81,
307366,2,45.72,81.46,
307366,5,179.34,838.48,
307366,5,530.40,2284.74,
307366,7,289.17,1882.17,
307366,6,159.30,904.95,
307366,3,7.55,20.28,
307367,3,546.21,1433.67,
307367,4,405.30,1396.83,
307367,6,440.58,2348.48,
307372,2,465.63,819.61,
307372,4,128.17,434.08,
307372,1,72.85,61.86,
307372,7,541.62,3573.43,
307372,2,217.44,401.54,
307372,2,13.26,23.82,
307372,7,18.45,114.65,
307372,5,470.22,2017.53,
307372,5,55.75,234.87,
307372,4,233.52,852.64,
307375,2,23.76,39.76,
307375,4,453.18,1543.51,
307375,1,63.44,51.19,
307375,4,476.34,1648.81,
307375,5,192.29,838.87,
307375,4,185.73,640.78,
307375,7,58.32,355.15,
307376,5,32.67,129.70,
307376,3,217.92,577.16,
307376,2,19.60,34.24,
307376,7,22.90,124.86,
307376,3,189.38,490.60,
307376,1,26.38,21.36,
307376,3,32.74,85.51,
307376,5,131.74,577.01,
307376,3,45.32,112.39,
307377,3,23.64,60.97,
307377,2,18.23,27.92,
307377,2,64.05,112.63,
307377,3,461.04,1121.95,
307378,5,124.21,479.39,
307378,3,55.33,139.00,
307378,2,33.53,53.91,
307378,1,24.62,18.91,
307378,3,225.84,517.47,
307378,2,41.85,67.42,
307378,9,124.21,814.54,
307378,5,56.30,228.32,
307378,1,149.11,117.71,
307380,7,455.28,2478.14,
307380,5,13.29,49.93,
307382,4,7.31,25.49,
307382,6,462.06,2427.25,
307382,4,163.86,585.85,
307382,2,132.92,224.83,
307382,3,16.43,45.26,
307382,4,85.09,290.17,
307387,7,418.74,2239.60,
307387,5,40.91,161.28,
307387,3,63.62,147.96,
307387,7,105.12,630.16,
307388,3,142.42,354.28,
307388,6,323.51,1692.56,
307388,3,8.47,20.59,
307388,1,140.18,109.97,
307388,5,76.62,325.39,
307392,5,172.48,639.34,
307392,6,126.19,559.46,
307392,8,321.62,1811.61,
307392,5,254.16,975.21,
307392,6,202.75,941.64,
307393,8,59.84,413.05,
307393,3,33.26,90.23,
307393,4,44.33,157.46,
307393,5,7.54,31.76,
307393,3,156.26,404.81,
307393,3,508.98,1343.48,
307393,5,93.22,417.80,
307393,6,150.94,811.24,
307394,4,44.51,162.96,
307394,5,93.98,426.45,
307397,4,338.63,1071.75,
307397,4,31.88,100.16,
307397,3,43.79,106.12,
307397,3,96.96,235.08,
307397,4,123.66,367.88,
307399,3,151.54,386.82,
307399,5,512.04,2057.39,
307399,3,19.04,45.87,
307399,4,289.17,986.67,
307399,3,12.64,30.25,
307399,3,86.11,225.69,
307399,6,54.90,284.49,
307399,7,230.88,1388.63,
307399,3,194.96,476.70,
307399,4,12.91,43.12,
307399,2,79.52,128.65,
307399,1,11.55,8.77,
307399,4,41.31,132.57,
307399,2,138.62,220.31,
307399,5,8.04,34.82,
307400,4,48.60,171.14,
307400,3,30.59,77.52,
307400,2,331.38,609.09,
307400,2,187.78,333.35,
307400,7,44.15,279.64,
307402,5,514.08,2345.51,
307402,4,146.38,522.53,
307402,2,108.09,206.98,
307402,5,182.86,802.65,
307402,3,41.31,115.87,
307402,3,80.23,225.53,
307402,2,90.62,158.87,
307402,3,24.17,66.72,
307402,1,19.40,17.97,
307403,3,300.20,818.30,
307403,4,11.55,37.86,
307403,5,64.78,285.61,
307403,5,30.26,129.67,
307403,5,188.50,832.64,
307403,4,222.22,810.73,
307403,3,13.01,32.29,
307403,3,8.58,22.71,
307403,4,16.45,57.24,
307403,3,18.61,45.99,
307403,4,104.83,375.14,
307407,2,224.40,380.56,
307407,5,111.51,424.63,
307407,6,92.35,438.50,
307407,4,189.73,583.85,
307407,4,219.60,684.05,
307409,7,160.06,1010.79,
307409,4,44.82,151.23,
307409,3,12.99,32.76,
307411,2,7.62,14.91,
307411,4,185.94,702.86,
307411,1,7.70,6.90,
307411,3,81.80,221.36,
307411,3,128.38,365.06,
307411,3,12.96,37.03,
307411,2,23.69,39.84,
307412,2,45.23,73.89,
307412,7,458.64,2588.12,
307412,4,133.98,450.13,
307412,7,136.95,808.52,
307412,3,544.17,1251.26,
307412,5,208.08,817.10,
307412,7,18.16,94.25,
307412,6,548.25,2655.79,
307413,9,228.48,1442.93,
307413,2,18.09,27.57,
307413,7,8.47,50.64,
307413,4,243.84,743.37,
307413,2,7.20,10.47,
307413,4,139.13,413.93,
307413,8,155.95,936.38,
307414,3,59.35,128.80,
307414,6,7.65,31.17,
307414,3,195.78,449.36,
307414,3,7.38,18.37,
307414,8,139.08,877.61,
307416,4,71.44,214.89,
307416,10,332.64,2408.66,
307416,4,44.06,133.99,
307416,5,155.65,528.58,
307416,1,145.46,102.13,
307416,6,139.92,632.02,
307416,6,257.52,1138.11,
307416,3,17.24,40.82,
307416,4,80.62,237.82,
307416,3,58.50,132.38,
307416,6,8.34,35.70,
307416,6,96.77,430.34,
307416,4,410.76,1196.26,
307419,4,45.00,160.20,
307419,2,18.43,32.32,
307419,5,125.20,598.79,
307419,4,73.87,256.31,
307419,7,327.60,2030.60,
307419,6,13.60,75.28,
307419,2,166.50,287.00,
307420,4,221.61,731.19,
307420,3,451.50,1240.21,
307420,5,43.65,204.53,
307420,5,97.34,437.10,
307420,7,294.53,1732.66,
307420,7,48.02,306.68,
307420,4,130.94,439.90,
307420,6,470.22,2468.34,
307420,3,163.86,417.48,
307420,2,185.86,329.57,
307420,3,221.04,566.66,
307421,4,17.50,57.39,
307421,4,56.06,178.94,
307421,4,138.62,439.54,
307421,7,212.18,1154.85,
307421,4,314.06,953.11,
307421,6,18.11,85.10,
307421,4,32.24,103.10,
307421,3,525.81,1204.68,
307421,4,406.56,1321.14,
307421,4,144.01,471.53,
307421,2,23.52,35.59,
307421,2,164.16,263.71,
307421,4,285.08,946.04,
307424,10,160.69,1269.07,
307424,5,33.89,142.76,
307424,3,21.72,51.57,
307424,4,116.47,371.31,
307424,3,46.44,113.69,
307430,3,162.34,441.95,
307430,5,22.68,98.64,
307430,5,61.06,261.59,
307430,5,108.44,471.55,
307430,3,261.84,728.39,
307430,1,118.35,108.12,
307430,3,113.87,328.04,
307430,5,101.76,469.02,
307431,3,17.28,41.89,
307431,7,146.53,741.55,
307431,5,313.43,1118.49,
307431,4,23.81,76.66,
307434,7,144.86,760.08,
307434,2,99.17,146.59,
307434,3,159.46,358.94,
307434,6,312.17,1420.35,
307434,3,18.61,42.16,
307436,4,43.70,137.94,
307436,5,473.79,1836.56,
307436,1,11.83,10.08,
307436,2,393.96,647.61,
307436,3,17.35,40.79,
307436,6,86.19,377.93,
307436,4,35.05,117.99,
307436,3,13.00,31.19,
307437,6,451.50,2311.91,
307437,4,169.84,571.09,
307437,6,79.44,386.92,
307437,6,57.34,289.23,
307437,4,120.71,381.28,
307437,2,85.88,131.87,
307437,3,494.19,1194.16,
307437,7,73.01,387.50,
307437,5,314.69,1260.96,
307437,7,229.68,1334.30,
307437,3,7.98,18.95,
307437,4,58.80,203.78,
307437,4,46.26,155.55,
307438,4,102.05,378.43,
307438,7,19.37,117.40,
307438,4,22.03,83.10,
307438,1,139.26,118.46,
307438,4,458.64,1706.18,
307438,5,70.96,310.58,
307438,4,33.83,116.40,
307438,4,43.61,152.00,
307438,4,229.68,826.99,
307442,5,119.86,532.13,
307442,7,25.92,156.12,
307442,3,56.97,154.00,
307442,6,426.30,2089.22,
307442,2,16.58,30.06,
307442,6,30.23,162.19,
307442,7,26.04,164.47,
307443,5,31.12,134.83,
307443,7,140.18,907.58,
307443,4,18.34,70.52,
307443,7,146.98,908.13,
307443,6,48.42,264.15,
307443,3,71.83,195.85,
307445,5,402.78,1492.25,
307445,1,82.74,57.74,
307445,7,12.13,63.13,
307445,5,533.46,1963.33,
307445,3,110.57,268.60,
307445,4,48.33,153.65,
307447,4,74.89,206.20,
307447,4,201.93,646.55,
307447,4,12.66,38.92,
307447,2,7.26,10.82,
307447,3,59.78,129.37,
307447,4,198.44,580.02,
307447,3,24.94,55.85,
307447,2,11.61,18.01,
307447,7,117.17,631.91,
307447,4,23.76,66.58,
307450,2,227.28,385.20,
307450,5,217.10,899.04,
307452,5,174.24,698.55,
307452,6,90.62,406.21,
307454,2,309.02,475.02,
307454,3,100.99,222.21,
307454,3,132.53,290.60,
307454,3,63.44,149.47,
307454,4,186.03,594.78,
307454,4,64.84,190.49,
307454,5,159.90,584.74,
307455,5,499.80,2063.43,
307455,5,474.81,1987.43,
307455,6,477.36,2332.83,
307455,4,167.02,570.03,
307455,4,94.56,327.07,
307456,1,341.46,297.56,
307456,5,46.62,202.41,
307456,5,11.34,46.63,
307456,9,80.78,588.01,
307456,6,24.12,118.40,
307456,6,24.62,119.12,
307456,3,60.33,155.58,
307456,2,308.70,473.38,
307458,4,115.64,440.06,
307458,6,78.81,388.98,
307458,4,422.10,1568.61,
307458,2,22.25,39.87,
307458,7,550.29,3360.82,
307464,4,145.92,521.10,
307464,2,462.00,778.92,
307464,4,44.69,163.25,
307464,3,35.64,98.11,
307464,5,118.35,548.17,
307464,6,219.36,1223.77,
307464,4,216.72,741.72,
307464,5,120.48,526.43,
307465,7,406.98,2480.25,
307465,5,151.70,691.92,
307465,3,19.78,49.71,
307466,1,160.82,140.10,
307466,2,100.99,181.54,
307466,3,89.38,222.38,
307466,6,17.89,102.30,
307466,5,175.47,808.45,
307466,2,35.28,65.47,
307466,2,456.12,813.20,
307466,3,48.92,122.75,
307466,7,117.41,768.65,
307467,5,74.26,340.60,
307467,3,8.21,21.51,
307467,7,83.60,517.16,
307467,6,7.86,41.08,
307467,3,147.14,375.11,
307467,3,70.81,188.64,
307467,4,385.56,1349.19,
307470,5,557.43,2123.63,
307470,3,11.89,27.92,
307470,3,73.24,164.49,
307470,3,19.55,46.48,
307470,1,183.57,137.21,
307470,5,23.21,80.70,
307470,5,13.53,53.27,
307470,3,408.66,831.62,
307470,3,23.64,53.65,
307470,5,7.43,24.42,
307470,3,12.30,26.08,
307470,4,11.41,31.22,
307471,3,211.97,484.44,
307471,4,7.96,26.59,
307471,6,526.32,2659.99,
307471,2,189.63,295.76,
307471,5,75.60,303.82,
307471,5,18.77,77.39,
307472,5,125.66,584.24,
307472,2,297.99,538.39,
307472,5,100.03,457.49,
307472,4,96.48,377.53,
307472,7,455.28,2904.22,
307472,6,328.23,1772.13,
307472,4,186.56,697.44,
307472,6,139.23,744.05,
307472,3,221.81,611.72,
307474,4,56.36,175.82,
307474,3,320.04,746.74,
307474,4,16.40,50.07,
307474,4,127.56,397.15,
307474,4,216.69,720.03,
307474,4,22.61,74.48,
307475,3,249.36,653.34,
307475,2,19.58,29.44,
307475,2,7.20,11.86,
307475,3,62.46,167.20,
307475,5,88.99,350.94,
307475,5,7.27,28.84,
307475,4,18.31,61.64,
307475,4,103.01,298.93,
307476,7,171.25,1020.81,
307476,7,45.14,259.41,
307476,3,118.83,295.30,
307478,7,45.00,250.17,
307478,2,107.85,171.21,
307478,4,342.41,1119.41,
307478,7,18.79,100.71,
307478,4,458.64,1475.95,
307478,2,35.77,59.98,
307478,3,127.68,294.64,
307478,3,223.20,518.57,
307478,2,30.06,46.41,
307479,3,7.73,18.01,
307479,5,486.03,1952.34,
307479,6,167.02,795.62,
307479,6,18.23,87.37,
307483,7,172.66,1079.46,
307483,6,13.51,67.73,
307483,2,420.00,745.36,
307483,2,487.05,854.22,
307483,5,191.68,797.05,
307483,3,129.33,323.94,
307485,3,119.46,327.02,
307485,6,30.69,168.31,
307485,2,174.59,311.32,
307485,2,291.06,543.43,
307485,4,45.86,168.18,
307485,8,230.40,1729.18,
307485,2,118.35,198.02,
307485,2,12.36,22.71,
307485,7,25.32,165.05,
307485,6,18.79,111.60,
307485,4,30.79,111.93,
307485,4,238.32,896.85,
307485,3,74.89,212.66,
307485,5,120.52,572.86,
307485,4,516.12,1923.99,
307486,2,12.05,21.36,
307486,3,33.53,87.22,
307486,4,167.02,604.24,
307486,4,117.53,448.85,
307486,4,145.07,535.10,
307488,6,44.19,219.03,
307488,7,418.32,2616.19,
307488,3,34.39,90.74,
307490,5,124.61,517.36,
307490,2,25.82,41.70,
307490,3,13.29,34.89,
307490,5,57.58,257.98,
307490,8,41.58,299.73,
307490,2,129.62,217.34,
307490,5,309.65,1372.55,
307493,5,192.29,793.39,
307493,6,240.00,1153.08,
307495,4,143.64,485.23,
307495,4,174.42,659.38,
307495,6,12.53,65.37,
307495,5,121.54,519.12,
307495,2,122.50,209.75,
307495,6,64.23,355.21,
307495,4,170.54,591.91,
307495,3,16.22,42.47,
307498,4,11.59,35.33,
307498,3,150.63,333.99,
307498,3,406.56,867.17,
307498,3,108.32,251.27,
307504,3,157.62,434.16,
307504,7,78.19,433.43,
307504,3,7.35,18.52,
307505,4,141.90,446.51,
307505,8,18.50,133.09,
307505,3,16.69,41.74,
307505,4,264.00,868.59,
307505,7,164.01,912.69,
307505,2,165.98,287.33,
307505,5,286.34,1246.27,
307505,8,123.90,840.39,
307506,5,217.20,796.65,
307506,5,141.11,520.19,
307506,1,73.55,53.68,
307506,3,144.14,299.01,
307506,3,56.06,120.38,
307506,5,13.30,46.89,
307506,4,470.73,1417.43,
307506,2,57.71,88.48,
307508,3,496.23,1234.31,
307508,4,94.85,326.53,
307508,3,8.57,22.87,
307508,2,473.79,857.27,
307508,3,418.74,1223.94,
307509,8,403.20,2811.03,
307509,3,330.44,898.74,
307509,2,464.61,722.86,
307509,5,228.00,982.77,
307509,4,89.28,320.40,
307509,1,297.05,242.93,
307510,3,512.55,1461.46,
307510,2,11.81,21.03,
307510,4,524.28,2030.98,
307510,6,194.34,1100.27,
307510,3,18.67,51.52,
307510,4,19.55,72.74,
307515,2,448.98,709.39,
307515,3,12.04,28.03,
307515,4,167.38,497.75,
307515,3,8.02,19.68,
307515,4,7.45,21.92,
307515,4,151.85,417.26,
307515,5,23.76,89.03,
307516,3,173.01,457.43,
307516,7,31.75,190.06,
307516,3,16.78,45.93,
307516,6,129.36,697.40,
307516,4,103.97,331.95,
307516,3,23.78,60.43,
307516,2,250.56,433.11,
307518,8,457.38,3239.61,
307518,4,119.86,398.33,
307518,1,192.19,169.92,
307518,4,12.58,44.10,
307518,4,72.06,248.38,
307519,2,42.03,68.39,
307519,6,46.44,235.45,
307519,5,259.68,1040.07,
307519,1,548.76,468.09,
307519,5,284.45,1305.50,
307519,2,33.10,55.50,
307519,4,109.27,350.11,
307519,2,406.14,683.58,
307519,2,30.49,51.21,
307520,3,42.08,104.89,
307520,4,18.13,62.96,
307520,2,61.73,107.72,
307520,4,476.85,1784.29,
307520,4,109.86,353.82,
307520,4,21.94,80.89,
307520,4,295.16,1103.24,
307520,7,23.04,137.51,
307520,4,85.72,294.24,
307520,5,12.26,53.06,
307520,2,153.98,282.28,
307520,6,165.83,898.66,
307520,4,263.04,945.14,
307521,3,191.31,531.58,
307521,3,506.43,1313.02,
307521,5,492.66,2156.14,
307521,2,13.03,23.36,
307521,4,307.76,1068.81,
307522,4,468.69,1750.24,
307522,3,35.44,90.72,
307522,3,187.37,505.51,
307522,4,43.16,157.10,
307522,3,181.28,513.88,
307522,7,63.32,389.19,
307522,3,431.34,1171.72,
307522,5,48.74,226.20,
307522,3,139.99,355.70,
307525,4,32.51,111.67,
307525,6,17.44,85.45,
307525,6,120.12,589.30,
307525,5,109.86,491.53,
307525,4,23.02,83.94,
307525,2,122.25,224.32,
307525,3,224.40,554.99,
307525,5,105.12,473.95,
307526,4,145.62,433.13,
307526,3,34.72,80.13,
307526,5,187.44,706.33,
307526,3,147.44,348.12,
307526,6,61.18,285.21,
307526,1,311.54,246.43,
307526,3,259.20,608.20,
307526,4,81.25,258.95,
307527,3,8.18,21.71,
307527,9,192.91,1545.40,
307527,1,23.54,20.20,
307527,4,8.24,25.14,
307527,3,7.65,18.68,
307527,6,128.62,657.46,
307527,3,12.09,32.15,
307527,5,25.94,110.38,
307531,6,74.50,362.36,
307531,2,541.62,978.83,
307531,3,17.50,43.92,
307531,3,544.17,1444.64,
307531,4,124.34,429.61,
307531,2,34.91,63.07,
307532,5,18.18,82.43,
307532,4,211.36,746.83,
307532,3,507.96,1478.18,
307532,6,217.44,1083.27,
307532,1,16.43,14.83,
307532,3,399.42,1084.37,
307533,2,246.72,424.92,
307533,1,31.52,28.05,
307533,5,309.02,1394.91,
307533,1,113.16,102.79,
307533,4,407.40,1462.20,
307534,3,228.24,508.78,
307534,4,451.50,1396.94,
307534,3,24.70,58.53,
307534,3,12.71,30.16,
307534,7,56.36,316.80,
307534,4,103.01,302.76,
307534,8,171.78,1092.55,
307534,2,295.16,462.83,
307537,4,166.29,537.12,
307537,4,217.20,702.71,
307537,8,11.36,74.06,
307537,2,419.16,707.77,
307537,3,164.46,381.70,
307537,4,132.13,445.11,
307537,5,420.00,1806.58,
307537,3,144.80,362.85,
307537,4,19.28,65.66,
307537,6,47.34,225.51,
307538,9,547.23,4134.66,
307538,6,194.75,988.55,
307538,4,422.10,1420.68,
307538,1,86.59,70.83,
307538,3,154.43,365.51,
307538,2,112.57,182.92,
307538,4,292.01,912.16,
307538,5,25.06,91.21,
307538,2,518.16,758.70,
307538,4,181.98,551.24,
307539,2,58.32,96.79,
307539,3,165.09,415.98,
307539,2,82.97,136.57,
307539,3,215.25,567.29,
307539,4,429.24,1426.01,
307541,4,123.42,378.08,
307541,3,149.57,356.19,
307541,6,72.38,323.03,
307541,4,218.88,694.43,
307541,6,212.38,923.65,
307541,8,55.75,372.36,
307541,2,102.62,155.65,
307544,1,7.30,5.29,
307544,3,57.52,131.92,
307544,7,128.04,673.26,
307544,6,512.04,2717.48,
307544,6,137.15,689.11,
307544,6,221.61,1149.35,
307544,3,422.94,1059.08,
307547,4,127.25,431.59,
307547,5,165.44,742.57,
307547,4,41.04,152.19,
307547,5,391.44,1773.10,
307547,3,182.34,480.33,
307549,5,8.22,35.53,
307549,5,327.92,1502.90,
307549,9,16.42,139.80,
307549,3,134.90,355.75,
307549,4,181.81,667.96,
307549,6,534.48,2841.89,
307549,3,149.42,370.50,
307549,6,57.83,321.81,
307549,4,22.87,77.28,
307549,8,60.88,435.86,
307550,3,48.60,107.16,
307550,4,217.92,720.19,
307550,6,227.04,1057.93,
307550,4,157.62,504.20,
307550,5,119.59,446.61,
307550,2,30.03,43.56,
307550,4,220.56,656.88,
307550,2,83.13,132.83,
307550,2,46.44,67.21,
307555,7,61.92,362.97,
307555,4,141.82,465.67,
307555,4,43.29,149.18,
307555,4,117.06,391.08,
307555,2,16.40,25.06,
307555,3,506.94,1277.96,
307555,2,19.44,32.21,
307555,2,45.99,77.33,
307556,1,36.10,34.35,
307556,8,7.42,55.55,
307556,5,138.60,643.89,
307557,6,97.44,508.67,
307557,3,300.83,836.52,
307557,6,141.37,786.71,
307557,7,496.23,3121.28,
307559,4,177.23,567.14,
307559,3,334.22,878.59,
307559,5,159.45,631.74,
307559,5,121.44,466.61,
307559,8,201.11,1467.07,
307560,4,344.93,1105.69,
307560,3,12.14,27.13,
307560,2,489.09,746.11,
307561,3,553.35,1498.09,
307561,7,12.29,73.65,
307561,5,215.25,934.24,
307561,4,289.80,888.72,
307561,6,26.11,136.94,
307561,4,188.14,655.62,
307561,4,516.12,1846.07,
307561,4,171.95,572.37,
307561,5,145.31,651.99,
307561,5,150.78,648.75,
307561,6,122.72,631.87,
307561,3,25.80,66.77,
307562,5,17.12,63.21,
307562,3,125.40,275.24,
307562,4,125.93,418.45,
307562,1,187.79,152.88,
307562,6,54.90,246.12,
307562,4,334.85,1016.76,
307562,5,18.36,74.14,
307562,5,76.77,302.79,
307563,3,59.90,145.41,
307563,2,48.24,87.04,
307563,3,8.32,21.67,
307563,1,32.44,26.92,
307563,4,431.34,1614.67,
307563,7,12.74,82.11,
307564,5,408.24,1711.36,
307564,5,8.25,32.92,
307564,1,100.70,73.95,
307564,4,252.48,784.46,
307564,4,183.39,591.67,
307564,7,43.61,234.92,
307564,6,75.28,363.45,
307564,6,124.08,594.89,
307564,8,13.09,88.11,
307564,4,556.92,1754.94,
307564,4,56.00,171.58,
307566,2,473.79,684.54,
307566,4,119.06,341.89,
307566,3,188.60,460.01,
307566,5,91.87,372.18,
307566,2,92.64,149.95,
307567,3,222.22,533.06,
307567,3,442.68,1098.25,
307567,3,450.24,996.14,
307567,2,119.77,202.47,
307567,6,32.90,156.09,
307567,5,204.59,889.71,
307569,5,174.77,738.66,
307569,3,135.96,369.98,
307569,4,126.72,445.88,
307569,6,129.49,662.18,
307569,8,91.20,599.72,
307571,3,91.68,204.64,
307571,6,162.18,736.59,
307571,4,24.55,70.87,
307571,3,239.76,589.51,
307571,5,8.77,32.06,
307573,3,25.75,63.29,
307573,1,223.86,178.37,
307573,4,127.56,351.27,
307573,3,58.87,126.36,
307573,3,92.26,218.37,
307573,3,94.85,203.76,
307573,7,8.02,42.76,
307573,4,31.58,98.48,
307573,5,16.22,62.86,
307573,2,122.50,175.18,
307573,8,388.50,2360.11,
307573,7,225.36,1096.41,
307573,2,8.06,12.14,
307574,4,114.81,413.24,
307574,5,12.28,59.39,
307574,6,341.15,1916.99,
307574,6,313.11,1816.55,
307574,4,16.34,58.49,
307574,4,155.19,565.48,
307575,2,285.08,455.70,
307575,3,161.12,427.24,
307575,6,18.79,94.30,
307575,5,122.96,550.62,
307578,3,81.33,200.03,
307578,6,13.58,67.75,
307578,7,97.63,524.68,
307578,2,73.08,117.33,
307578,10,22.92,201.66,
307578,7,405.72,2416.68,
307578,5,108.21,460.68,
307578,7,22.56,132.65,
307579,9,78.11,532.42,
307579,5,86.27,303.73,
307579,4,73.48,229.51,
307579,4,185.94,481.12,
307579,5,403.20,1471.62,
307583,4,121.18,403.52,
307583,4,78.03,263.24,
307583,2,12.91,20.64,
307583,4,76.46,259.75,
307583,6,247.44,1203.92,
307583,3,43.79,111.90,
307583,4,397.32,1374.48,
307583,3,207.46,487.12,
307583,3,190.04,440.83,
307584,4,7.24,23.11,
307584,7,13.50,78.33,
307584,2,93.02,155.27,
307584,4,330.75,1075.66,
307584,2,430.08,672.04,
307584,5,253.44,1039.46,
307584,1,25.78,19.83,
307584,2,215.66,368.02,
307584,2,159.45,230.16,
307584,4,162.98,512.07,
307584,4,250.32,769.34,
307584,4,32.31,105.32,
307585,2,32.67,50.44,
307585,3,260.88,572.64,
307585,2,96.86,142.77,
307585,4,79.21,246.17,
307587,6,307.76,1511.69,
307587,4,21.82,68.29,
307587,5,47.43,185.96,
307587,4,164.01,554.96,
307587,6,34.55,168.26,
307587,5,19.49,78.30,
307587,4,105.60,353.91,
307592,3,7.89,19.33,
307592,6,539.58,2459.48,
307592,3,513.06,1181.40,
307592,3,455.70,1102.96,
307592,3,8.64,21.46,
307592,5,19.80,79.28,
307592,5,44.51,180.31,
307592,3,166.85,387.27,
307601,6,186.21,1030.65,
307601,7,126.59,783.90,
307601,4,26.11,98.23,
307601,8,18.13,123.90,
307601,3,41.45,120.38,
307601,2,84.94,154.77,
307601,3,7.80,20.60,
307601,4,43.88,158.73,
307601,2,8.77,14.51,
307601,3,501.84,1373.63,
307601,1,304.92,276.40,
307604,4,224.16,721.43,
307604,4,119.86,390.54,
307604,5,148.96,580.33,
307604,5,254.88,1097.40,
307604,2,178.29,291.86,
307604,4,180.22,661.45,
307604,7,198.65,1166.64,
307604,5,126.32,499.10,
307604,1,190.65,147.20,
307605,1,34.35,32.00,
307605,6,92.54,485.53,
307605,1,7.63,6.51,
307605,2,385.98,703.18,
307605,2,542.13,912.06,
307605,2,88.90,167.00,
307605,4,25.73,97.01,
307605,3,92.16,232.87,
307605,4,205.21,703.90,
307605,4,138.07,508.81,
307606,3,81.64,187.65,
307606,3,21.86,53.07,
307606,5,16.31,57.36,
307606,5,126.50,490.38,
307606,3,451.92,1192.02,
307606,5,7.40,29.95,
307606,3,12.54,30.24,
307611,4,186.14,670.36,
307611,7,48.83,318.84,
307611,6,19.71,101.03,
307611,3,248.16,660.49,
307612,4,259.68,876.40,
307612,4,556.41,1837.40,
307612,6,88.22,427.19,
307612,4,164.46,524.69,
307612,3,494.70,1165.17,
307612,1,12.31,10.49,
307612,4,31.91,103.47,
307612,4,171.60,594.89,
307612,2,190.45,322.32,
307612,3,165.26,401.54,
307613,7,33.46,181.79,
307613,3,72.77,169.18,
307613,4,88.42,287.10,
307613,3,126.38,302.43,
307613,5,125.40,453.01,
307613,4,184.10,530.27,
307614,4,21.70,82.66,
307614,4,309.02,1036.03,
307614,5,110.92,482.44,
307614,6,343.35,1722.70,
307614,3,96.96,255.42,
307614,4,83.37,292.48,
307614,3,31.98,84.45,
307614,4,49.23,177.74,
307614,3,553.86,1420.17,
307614,3,243.36,619.96,
307614,6,22.80,119.95,
307614,5,11.89,51.35,
307615,1,112.57,83.30,
307615,2,456.96,746.04,
307615,2,122.50,190.60,
307615,5,143.34,548.33,
307615,6,179.17,924.34,
307615,7,7.79,46.38,
307616,6,126.26,732.57,
307616,1,18.77,16.80,
307616,2,21.65,39.80,
307616,3,223.20,589.52,
307616,5,8.23,39.49,
307618,7,534.99,2870.00,
307618,4,33.92,100.17,
307618,5,117.76,462.45,
307618,6,209.92,994.78,
307618,5,316.89,1135.70,
307619,3,537.03,1350.21,
307619,4,21.82,80.93,
307619,5,466.65,1956.72,
307619,1,207.67,177.71,
307619,3,450.66,1105.34,
307619,5,7.30,30.54,
307619,2,559.47,1020.85,
307620,3,122.50,344.71,
307620,7,181.81,1169.42,
307620,4,30.46,105.90,
307620,4,33.79,126.57,
307620,3,106.55,288.51,
307620,5,144.14,657.79,
307620,4,26.18,101.24,
307620,2,11.34,21.22,
307621,5,183.74,771.02,
307621,8,220.79,1497.61,
307621,2,326.97,559.52,
307621,4,85.41,282.65,
307621,7,42.48,254.48,
307621,2,129.62,186.06,
307621,2,497.76,868.98,
307621,3,141.66,365.21,
307621,8,16.24,113.05,
307622,6,499.29,2507.45,
307622,3,510.00,1315.27,
307622,3,456.12,1109.99,
307622,5,162.34,667.68,
307625,3,132.92,342.00,
307625,2,44.64,79.16,
307625,6,124.74,673.24,
307625,5,82.66,385.48,
307625,3,290.75,747.90,
307625,4,95.14,335.15,
307625,4,13.43,44.77,
307625,3,525.81,1417.62,
307625,3,99.55,246.85,
307625,7,61.24,380.04,
307626,4,61.79,240.83,
307626,7,47.88,316.42,
307626,7,139.66,887.51,
307626,6,158.54,815.90,
307626,3,130.81,357.28,
307626,6,62.65,344.72,
307626,3,17.30,48.01,
307626,7,136.88,873.73,
307626,5,312.17,1381.47,
307626,6,471.24,2568.11,
307627,6,41.13,243.61,
307627,2,112.69,197.38,
307627,6,34.65,197.59,
307628,3,12.23,27.91,
307628,4,32.41,100.64,
307628,6,306.50,1535.27,
307628,7,247.92,1411.27,
307628,3,72.06,169.58,
307628,2,144.40,239.23,
307629,5,115.29,429.07,
307629,3,144.14,357.10,
307629,3,12.19,27.87,
307630,5,407.82,1500.00,
307630,4,192.90,578.05,
307630,3,24.48,53.16,
307630,4,7.80,21.32,
307630,7,34.06,172.76,
307630,4,23.38,71.30,
307630,7,186.74,959.90,
307630,3,128.70,261.48,
307630,2,30.23,45.76,
307630,5,35.87,123.97,
307630,5,184.62,655.12,
307630,5,7.58,27.69,
307630,3,91.49,202.53,
307630,3,499.29,1113.75,
307632,6,231.84,1256.05,
307632,4,18.88,62.56,
307632,8,172.13,1312.90,
307632,5,8.08,36.54,
307632,6,8.38,42.17,
307632,3,158.54,406.91,
307632,5,7.50,31.91,
307632,4,456.12,1540.14,
307632,3,341.78,915.68,
307633,5,65.64,291.78,
307633,4,479.40,1806.25,
307633,5,172.48,761.29,
307633,7,74.03,493.75,
307634,2,21.60,34.13,
307634,5,206.23,785.34,
307634,7,159.81,867.01,
307635,5,99.07,447.45,
307635,2,33.56,56.12,
307635,5,158.38,741.16,
307635,6,31.09,151.87,
307635,2,44.24,71.80,
307635,3,103.01,269.47,
307635,5,84.23,378.19,
307635,5,206.64,924.62,
307635,5,107.14,472.90,
307636,5,11.54,47.76,
307636,4,465.63,1432.86,
307636,2,408.24,703.44,
307636,4,13.71,44.90,
307636,3,245.04,581.82,
307636,6,539.07,2782.36,
307636,10,73.01,624.81,
307637,7,13.21,82.04,
307637,5,329.81,1441.41,
307637,3,55.69,149.95,
307638,4,382.62,1205.22,
307638,3,331.07,832.41,
307638,3,140.60,349.96,
307638,3,227.52,535.68,
307638,3,345.24,840.55,
307639,3,224.64,602.31,
307639,5,49.19,220.31,
307639,2,92.26,175.00,
307639,5,73.95,330.66,
307639,10,7.54,68.65,
307639,3,95.90,261.10,
307639,5,145.62,668.05,
307639,2,7.26,12.50,
307642,6,187.97,1000.20,
307642,5,31.78,138.29,
307642,4,126.72,452.47,
307642,3,32.04,84.71,
307645,5,213.41,913.89,
307645,4,47.16,161.57,
307645,4,41.81,150.68,
307645,5,25.20,106.46,
307645,4,16.60,58.56,
307645,3,16.38,39.38,
307645,4,209.31,757.12,
307645,6,466.65,2473.30,
307645,3,415.38,1028.31,
307645,4,45.23,155.28,
307645,5,11.80,47.52,
307645,3,129.36,373.07,
307645,3,196.39,512.88,
307645,3,92.93,231.17,
307645,2,47.25,81.03,
307646,2,19.35,31.08,
307646,4,46.22,154.61,
307646,7,7.46,45.06,
307646,3,84.94,225.07,
307646,1,11.71,10.25,
307646,3,228.48,582.93,
307646,5,165.83,753.32,
307646,5,228.24,945.96,
307649,5,48.83,196.82,
307649,3,178.99,437.41,
307649,3,31.65,81.45,
307649,3,215.87,525.83,
307649,7,384.30,2125.08,
307649,3,385.14,927.87,
307649,6,18.34,88.56,
307649,3,8.15,19.43,
307650,3,524.28,1378.18,
307650,8,12.00,82.75,
307650,4,48.83,180.56,
307650,6,333.59,1720.52,
307650,9,158.58,1154.93,
307650,10,159.14,1399.76,
307650,5,105.41,466.92,
307650,3,103.39,271.81,
307651,3,137.41,324.81,
307651,4,11.30,37.92,
307651,5,17.57,73.80,
307651,3,17.60,47.69,
307651,4,537.54,1842.75,
307651,4,422.94,1456.49,
307651,5,140.05,554.54,
307651,2,164.77,264.17,
307651,4,13.03,41.11,
307653,6,167.05,920.50,
307653,6,29.87,157.24,
307653,2,41.72,75.71,
307654,3,102.43,267.40,
307654,7,99.84,652.64,
307654,5,64.78,270.31,
307654,7,64.11,380.08,
307654,6,26.18,143.67,
307654,5,89.47,388.90,
307655,4,24.62,78.79,
307655,4,11.80,40.33,
307655,4,150.78,434.24,
307655,2,122.63,209.93,
307655,4,119.89,383.73,
307655,7,11.95,64.59,
307655,2,306.81,460.70,
307655,3,22.20,49.24,
307655,7,417.48,2355.66,
307655,2,417.90,695.67,
307655,4,262.80,865.18,
307656,3,17.98,41.35,
307656,5,508.98,2032.40,
307656,5,211.15,869.44,
307656,2,31.94,51.39,
307656,4,24.67,78.81,
307656,8,128.86,725.54,
307656,3,62.04,141.88,
307656,5,41.54,169.00,
307656,3,82.03,192.63,
307659,6,224.48,1138.73,
307659,3,503.37,1178.55,
307659,3,18.20,46.68,
307659,4,13.64,43.83,
307659,5,17.91,75.62,
307659,1,79.36,65.51,
307659,2,197.42,323.64,
307659,4,30.43,98.44,
307659,5,124.74,523.49,
307659,5,486.03,2164.34,
307659,3,332.33,830.47,
307660,4,128.04,442.72,
307660,3,143.62,358.12,
307660,2,32.64,56.52,
307660,2,239.28,416.16,
307660,3,12.63,29.05,
307663,5,13.29,52.76,
307663,6,36.20,187.70,
307663,3,119.06,304.45,
307663,3,31.68,74.55,
307663,2,508.98,846.58,
307663,2,387.66,650.65,
307663,7,208.28,1128.13,
307663,4,140.18,454.96,
307663,5,30.13,120.81,
307663,5,35.41,167.26,
307663,6,504.39,2478.36,
307663,5,124.37,509.01,
307663,5,93.79,405.34,
307663,6,148.50,765.23,
307663,8,58.07,388.39,
307665,5,83.45,375.58,
307665,4,8.45,32.29,
307665,3,521.73,1423.00,
307665,2,220.99,406.38,
307665,7,284.76,1786.69,
307665,3,78.42,226.66,
307665,2,484.50,909.39,
307665,3,244.32,682.71,
307665,4,126.50,439.08,
307665,4,79.52,271.66,
307665,5,57.46,264.94,
307665,8,49.46,357.51,
307667,1,203.98,163.72,
307667,5,22.20,87.13,
307667,1,12.69,9.50,
307667,5,7.34,29.05,
307667,2,12.43,20.16,
307667,8,7.26,43.65,
307667,4,254.16,775.26,
307667,7,142.82,778.42,
307668,4,22.18,78.55,
307668,3,45.50,124.69,
307668,6,31.78,164.78,
307668,4,23.30,84.26,
307668,1,95.33,89.73,
307668,6,176.53,934.98,
307668,3,48.65,132.79,
307669,4,47.84,168.89,
307669,3,153.82,387.78,
307669,4,8.62,29.81,
307674,2,71.67,116.62,
307674,1,26.33,19.94,
307674,6,11.48,56.59,
307674,2,162.80,270.04,
307675,4,171.78,504.21,
307675,3,73.40,163.95,
307675,5,217.92,862.56,
307675,4,84.31,246.60,
307675,6,423.78,2080.79,
307675,2,396.90,582.43,
307675,5,21.62,83.35,
307676,2,494.70,888.52,
307676,4,49.32,173.83,
307676,4,7.48,25.18,
307676,3,105.22,276.70,
307676,5,130.02,558.69,
307678,5,379.68,1437.61,
307678,5,292.95,1126.39,
307678,3,121.07,270.38,
307678,7,23.04,120.01,
307678,7,322.88,1826.47,
307678,3,288.23,670.04,
307678,5,33.53,128.58,
307678,2,87.17,134.30,
307681,2,121.66,202.21,
307681,2,32.67,46.47,
307681,2,137.41,209.41,
307681,3,8.69,21.79,
307681,4,48.74,153.66,
307681,7,101.38,509.04,
307681,5,7.78,33.91,
307681,8,32.31,193.01,
307681,3,35.84,81.58,
307682,3,218.12,595.27,
307682,3,152.00,387.12,
307682,4,33.66,117.48,
307682,6,92.64,493.87,
307682,4,17.98,64.08,
307682,4,117.41,397.82,
307682,4,7.28,25.37,
307684,4,110.57,362.95,
307684,2,481.95,823.45,
307684,4,320.36,1010.80,
307684,1,128.83,106.26,
307684,4,55.63,186.58,
307684,5,142.73,607.16,
307685,2,107.73,166.67,
307685,1,17.68,13.91,
307685,3,63.38,142.92,
307685,8,31.15,199.44,
307685,9,460.53,2811.02,
307688,5,320.04,1217.92,
307688,4,103.10,339.04,
307688,5,76.77,322.40,
307688,6,470.22,2428.62,
307688,4,8.65,27.33,
307688,4,237.84,797.48,
307688,3,465.12,1128.49,
307688,4,162.18,501.71,
307688,8,95.81,644.59,
307688,5,12.21,52.11,
307689,6,63.50,334.33,
307689,3,223.68,624.66,
307689,5,18.54,82.25,
307689,4,63.87,226.16,
307689,2,86.59,159.97,
307689,4,33.63,126.12,
307689,2,216.00,408.21,
307689,3,135.30,373.99,
307689,4,35.90,125.80,
307689,7,162.80,1139.60,
307690,6,405.72,1914.33,
307690,5,8.43,33.55,
307690,6,128.62,653.78,
307690,4,24.46,81.18,
307690,1,11.86,9.47,
307690,2,461.58,763.72,
307690,6,138.47,737.46,
307690,5,78.50,330.21,
307690,5,340.83,1372.60,
307691,4,16.74,52.56,
307691,2,33.83,56.55,
307691,2,19.51,34.48,
307691,4,170.90,539.01,
307691,2,19.55,31.54,
307691,4,72.77,253.26,
307691,3,79.36,205.12,
307691,3,11.76,29.22,
307691,2,43.47,76.49,
307691,4,174.94,577.42,
307691,3,8.73,20.06,
307692,4,223.04,677.00,
307692,2,60.21,88.92,
307692,4,184.80,592.76,
307692,5,41.31,148.63,
307692,4,177.23,578.77,
307694,4,123.19,372.25,
307694,5,174.59,704.27,
307694,6,18.38,91.04,
307694,6,25.25,124.37,
307696,3,57.77,167.95,
307696,3,7.97,21.27,
307696,3,65.51,170.70,
307696,3,11.34,32.04,
307696,7,419.16,2606.13,
307696,1,120.83,108.51,
307696,2,116.82,230.65,
307696,4,30.66,111.05,
307701,4,451.50,1499.78,
307701,3,139.99,334.19,
307701,5,12.46,54.63,
307701,4,146.38,467.28,
307701,5,91.49,378.99,
307701,5,22.13,87.74,
307701,5,21.67,84.81,
307702,7,34.29,190.38,
307702,4,190.78,589.86,
307702,5,243.84,990.38,
307702,5,233.04,976.99,
307702,4,161.27,495.44,
307702,9,35.90,252.61,
307703,4,295.16,995.91,
307703,6,182.86,924.57,
307703,3,65.82,180.59,
307703,2,186.76,322.65,
307703,2,62.46,98.22,
307706,3,188.85,510.37,
307706,3,170.72,459.62,
307706,5,145.77,622.90,
307706,3,117.88,308.16,
307706,2,190.04,339.25,
307706,5,98.69,426.92,
307706,7,146.22,905.20,
307706,7,24.02,144.86,
307709,3,98.11,210.92,
307709,6,336.11,1453.28,
307709,2,36.07,55.16,
307709,3,35.74,83.26,
307710,3,94.94,244.47,
307710,5,335.48,1455.83,
307710,1,61.43,54.34,
307710,4,103.87,385.83,
307710,6,259.44,1456.29,
307710,5,114.58,482.66,
307710,5,11.90,55.07,
307710,5,254.16,1151.34,
307712,2,83.29,146.49,
307712,5,24.70,100.27,
307712,2,33.23,57.10,
307712,4,264.00,897.09,
307712,2,470.73,782.72,
307712,2,490.11,880.43,
307712,5,107.03,449.55,
307712,3,44.15,116.86,
307712,5,182.34,788.47,
307714,3,46.08,128.17,
307714,3,35.48,101.40,
307714,5,57.34,269.85,
307714,8,209.51,1564.38,
307715,5,91.68,359.49,
307715,2,119.65,186.82,
307715,4,129.56,378.25,
307715,5,7.58,28.58,
307715,2,219.76,325.56,
307715,2,115.76,176.72,
307715,4,8.70,30.28,
307715,3,213.41,482.65,
307716,4,388.92,1365.32,
307716,4,44.19,159.61,
307716,6,32.47,179.22,
307716,8,224.40,1653.96,
307716,3,59.48,161.65,
307716,7,448.14,2758.87,
307719,5,224.16,1053.76,
307719,7,119.46,780.76,
307719,2,294.53,504.63,
307719,4,152.46,572.64,
307719,3,8.40,22.67,
307719,3,12.54,34.20,
307720,4,22.22,67.07,
307720,3,459.90,1076.51,
307720,2,104.83,168.52,
307720,4,11.54,35.80,
307720,2,18.18,27.18,
307722,4,311.22,980.43,
307722,3,244.80,632.15,
307722,3,79.21,201.30,
307722,6,287.28,1420.77,
307722,6,18.50,107.38,
307722,6,229.20,1082.19,
307724,3,502.86,1395.36,
307724,3,233.04,674.60,
307724,3,111.27,308.64,
307724,6,467.16,2729.58,
307724,5,311.85,1382.72,
307726,5,403.20,1812.88,
307726,6,47.93,241.19,
307726,1,31.45,26.77,
307726,5,162.10,668.01,
307726,5,157.17,643.21,
307726,1,255.84,219.30,
307726,3,77.48,180.03,
307726,5,153.06,634.19,
307726,1,32.60,26.38,
307726,3,8.69,22.86,
307728,4,432.60,1392.89,
307728,2,166.32,286.93,
307728,3,145.62,388.72,
307728,9,294.21,2397.99,
307728,5,333.27,1331.48,
307728,6,189.55,896.97,
307730,7,64.23,331.17,
307730,3,131.34,314.17,
307730,3,196.60,435.45,
307730,1,284.76,223.10,
307730,6,528.36,2366.09,
307732,2,323.82,482.85,
307732,4,7.28,21.75,
307732,2,13.75,22.34,
307734,6,8.34,47.03,
307734,2,329.18,591.86,
307734,6,18.04,93.82,
307734,6,138.17,780.42,
307734,3,421.68,1177.62,
307735,3,148.20,404.79,
307735,5,293.58,1200.78,
307737,6,130.02,693.53,
307737,1,224.64,201.62,
307737,7,89.95,553.32,
307737,3,472.26,1197.33,
307737,9,219.56,1759.66,
307737,3,95.62,243.87,
307739,1,490.11,417.80,
307739,5,253.92,1024.02,
307739,2,202.95,366.25,
307739,3,215.46,547.24,
307739,3,230.64,569.60,
307739,5,7.27,30.54,
307739,3,63.07,175.51,
307739,2,17.75,29.47,
307739,4,132.26,433.76,
307740,2,61.06,105.16,
307740,4,22.20,81.01,
307740,4,162.94,565.08,
307740,4,8.46,30.61,
307740,3,189.83,508.57,
307740,3,203.16,547.59,
307741,5,8.02,33.19,
307741,2,454.02,716.61,
307741,4,11.46,33.65,
307741,4,186.91,593.34,
307741,7,189.22,954.75,
307741,6,41.94,201.81,
307741,5,228.00,910.96,
307741,5,338.63,1338.05,
307741,11,240.24,2119.92,
307742,2,114.58,196.88,
307742,3,75.44,194.55,
307742,2,8.63,14.44,
307742,5,258.72,1122.20,
307745,3,66.86,176.57,
307745,7,12.39,70.86,
307745,2,507.96,858.86,
307745,5,57.28,232.74,
307745,2,151.54,271.17,
307745,7,163.33,1027.19,
307745,7,99.46,526.05,
307745,3,220.08,544.36,
307745,2,387.66,660.94,
307745,4,13.28,44.08,
307745,2,149.87,255.97,
307745,1,12.64,10.37,
307745,7,91.97,550.47,
307749,1,185.12,167.06,
307749,3,296.42,778.16,
307749,3,148.81,380.53,
307749,6,89.47,463.00,
307750,4,139.38,474.06,
307750,6,7.86,42.31,
307750,4,123.78,406.97,
307750,3,166.14,472.78,
307751,7,56.00,346.08,
307751,2,7.49,12.60,
307751,3,330.12,817.11,
307751,5,238.32,1063.25,
307752,5,218.64,994.49,
307752,6,130.94,634.49,
307752,3,60.27,150.87,
307752,5,22.15,95.27,
307752,3,187.79,452.93,
307752,4,25.54,94.26,
307752,3,58.68,150.80,
307754,4,140.90,405.72,
307754,2,11.99,17.77,
307754,3,85.96,191.56,
307754,9,8.54,62.04,
307754,5,85.09,332.26,
307754,3,232.32,561.04,
307756,5,11.66,48.73,
307756,3,162.94,412.12,
307756,4,505.92,1685.72,
307756,6,294.84,1436.42,
307756,3,151.24,372.41,
307756,3,330.12,750.84,
307756,4,314.37,1093.43,
307756,2,81.09,135.20,
307758,1,178.11,160.62,
307758,4,62.22,234.11,
307758,7,187.37,1130.08,
307758,4,33.43,115.88,
307758,1,24.70,20.69,
307758,2,431.34,767.80,
307758,6,42.35,231.85,
307758,6,179.87,988.45,
307758,4,188.60,653.87,
307758,3,29.73,74.35,
307758,2,217.92,397.09,
307761,3,85.96,227.64,
307761,4,120.38,457.02,
307761,6,333.90,1768.95,
307761,4,22.82,80.83,
307761,5,63.32,293.67,
307761,2,223.25,410.90,
307761,4,90.53,331.85,
307762,5,381.36,1489.83,
307762,2,22.06,37.54,
307762,7,258.24,1416.58,
307762,4,60.27,198.35,
307762,7,223.20,1181.67,
307762,2,8.77,14.39,
307762,2,237.60,396.84,
307762,4,96.29,318.25,
307762,4,84.54,277.38,
307762,4,113.40,367.88,
307763,3,22.80,54.88,
307763,8,113.63,806.38,
307763,1,157.78,150.94,
307763,4,215.46,745.58,
307763,1,33.96,28.73,
307763,6,139.08,743.09,
307763,2,318.15,548.89,
307764,4,59.05,199.00,
307764,4,223.44,703.67,
307764,5,31.94,130.81,
307764,4,103.78,341.49,
307764,4,17.75,59.19,
307764,6,150.18,729.57,
307764,3,132.00,340.42,
307764,2,111.04,184.76,
307766,2,8.09,12.55,
307766,7,12.05,65.16,
307766,8,231.60,1448.08,
307766,5,18.49,68.87,
307766,4,100.03,310.33,
307766,5,17.50,68.18,
307768,4,190.96,668.32,
307768,1,140.05,109.87,
307768,5,117.65,493.52,
307768,6,116.82,594.33,
307768,5,12.75,55.30,
307768,3,195.78,535.48,
307768,4,318.15,1094.13,
307768,4,23.78,78.85,
307768,4,124.84,433.26,
307768,4,208.28,756.63,
307768,7,412.86,2464.09,
307769,9,159.30,1098.69,
307769,6,16.72,78.86,
307769,3,146.07,329.67,
307769,4,330.12,1030.64,
307769,5,218.33,912.38,
307769,3,140.84,331.33,
307769,4,185.32,577.62,
307769,5,91.58,381.65,
307769,3,45.50,105.69,
307775,2,11.78,21.09,
307775,3,220.32,610.09,
307775,5,62.04,276.15,
307775,3,111.86,305.11,
307775,6,11.25,62.79,
307775,3,145.62,380.45,
307775,1,156.86,143.39,
307778,5,262.80,1040.99,
307778,3,553.35,1318.45,
307778,2,19.30,30.56,
307778,6,225.09,1101.21,
307779,6,133.32,698.90,
307779,2,12.83,23.19,
307779,4,12.19,44.12,
307779,3,397.74,1074.06,
307779,4,16.67,60.67,
307779,3,106.67,303.37,
307779,2,455.28,848.68,
307779,5,420.00,1892.66,
307779,6,16.61,90.60,
307779,8,554.37,4123.11,
307779,3,127.25,338.20,
307780,3,172.83,438.26,
307780,2,35.31,60.56,
307781,4,153.37,572.09,
307781,3,122.60,327.85,
307781,1,13.18,12.07,
307781,4,65.64,234.37,
307781,5,145.62,637.11,
307781,4,334.22,1205.89,
307781,9,403.62,3465.89,
307781,2,228.96,428.60,
307781,3,457.80,1152.78,
307781,4,307.13,1095.58,
307781,3,217.92,578.88,
307781,2,385.98,658.47,
307781,4,44.06,160.50,
307781,2,186.03,328.65,
307786,4,127.20,440.61,
307786,6,8.64,46.80,
307786,5,543.15,2464.32,
307786,6,31.75,187.34,
307786,4,398.16,1437.92,
307787,4,65.39,221.11,
307787,4,448.56,1512.32,
307787,5,482.97,2027.49,
307787,4,13.75,48.87,
307789,2,528.36,934.61,
307789,3,468.18,1161.26,
307789,4,187.97,618.86,
307789,5,242.16,958.91,
307789,5,224.07,920.69,
307791,1,247.92,196.78,
307791,1,148.05,126.48,
307791,6,172.66,986.67,
307791,3,8.46,21.20,
307791,6,22.58,120.32,
307791,4,24.17,83.52,
307791,4,24.67,84.91,
307793,4,167.02,592.56,
307793,7,8.31,45.91,
307793,4,204.18,696.10,
307793,6,257.76,1389.17,
307795,6,263.52,1348.19,
307795,4,465.12,1677.85,
307795,10,344.93,3029.99,
307795,4,19.46,70.48,
307795,5,127.32,575.03,
307795,5,47.30,219.19,
307795,5,127.68,559.54,
307795,1,127.78,111.58,
307795,4,133.98,486.37,
307795,4,534.99,1793.88,
307795,2,7.81,13.19,
307797,4,110.92,400.04,
307797,4,249.12,842.10,
307797,3,124.48,337.73,
307797,2,262.08,441.97,
307797,3,113.16,268.32,
307797,2,45.81,79.47,
307798,2,160.51,280.64,
307798,2,139.79,228.23,
307798,3,30.06,78.76,
307798,5,140.90,619.66,
307799,8,17.91,139.32,
307799,5,8.14,39.59,
307799,5,174.24,756.11,
307799,5,387.24,1717.97,
307799,3,44.28,127.34,
307802,10,448.56,3342.27,
307802,7,18.88,92.70,
307802,5,230.64,862.92,
307802,5,121.89,472.02,
307805,4,188.81,625.37,
307805,7,137.41,834.88,
307805,2,127.32,207.12,
307805,2,161.92,275.08,
307805,3,8.52,22.43,
307805,5,434.70,2004.98,
307805,2,44.64,78.16,
307809,6,104.74,582.45,
307809,5,158.54,748.89,
307809,3,121.70,334.38,
307809,3,123.43,331.96,
307809,2,144.80,265.85,
307809,4,257.04,972.42,
307809,6,17.89,94.74,
307809,5,57.04,261.25,
307813,4,43.61,139.57,
307813,4,321.93,1127.06,
307813,3,161.42,391.01,
307813,4,241.44,809.95,
307813,3,25.08,62.69,
9307813,-4,321.93,-1127.06,
9307813,-3,161.42,-391.01,
307814,4,182.16,561.76,
307814,5,91.01,339.37,
307814,6,84.94,399.68,
307814,4,8.34,25.13,
307814,4,55.69,176.28,
307821,5,162.64,636.58,
307821,2,43.34,67.81,
307821,3,84.78,213.85,
307821,3,89.76,230.81,
307821,5,21.77,93.77,
307821,3,152.00,395.88,
307821,5,445.62,1777.18,
307821,2,113.52,186.90,
307821,2,139.39,230.23,
307828,5,16.83,73.49,
307828,5,233.52,934.81,
307828,8,550.29,3567.67,
307828,8,177.23,1185.70,
307828,5,35.11,140.35,
307828,4,72.22,239.01,
307828,5,66.06,270.44,
307828,5,291.06,1297.30,
307828,4,83.84,286.36,
307828,2,139.69,236.98,
307828,5,203.98,843.56,
307830,4,109.39,328.84,
307830,5,48.78,200.37,
307830,3,25.49,61.54,
307830,2,7.45,12.09,
307830,5,17.17,74.04,
307830,1,184.45,144.43,
307830,5,257.28,1023.96,
307830,7,102.53,550.80,
307830,3,22.27,53.79,
307831,3,182.34,394.26,
307831,4,8.08,25.00,
307831,5,34.65,131.83,
307831,4,208.69,647.11,
307831,3,424.62,942.11,
307831,1,104.74,79.90,
307831,5,33.96,124.79,
307835,3,87.07,241.56,
307835,6,88.99,509.84,
307835,2,186.14,360.42,
307835,1,503.37,475.57,
307835,4,21.79,80.49,
307835,2,522.24,986.07,
307835,3,55.08,148.85,
307835,3,33.76,94.09,
307835,8,461.04,3069.95,
307835,5,75.36,340.35,
307835,4,162.98,643.98,
307835,2,12.35,22.68,
307835,5,8.25,38.50,
307837,4,134.24,489.24,
307837,3,16.61,42.98,
307837,7,23.40,143.75,
307837,2,34.95,63.40,
307837,4,11.94,38.85,
307837,4,212.38,827.79,
307837,3,94.75,256.33,
307838,4,216.24,688.61,
307838,5,24.82,82.42,
307838,4,120.83,401.42,
307838,4,436.80,1265.88,
307838,5,262.08,1017.10,
307840,7,43.25,254.25,
307840,5,8.44,38.02,
307840,1,95.42,86.02,
307840,6,133.19,670.40,
307841,4,16.65,57.34,
307841,2,61.49,104.91,
307841,2,536.52,928.81,
307841,3,555.39,1411.46,
307841,4,63.75,201.60,
307841,4,192.50,675.30,
307842,5,167.20,717.83,
307842,2,129.36,215.46,
307842,7,17.15,110.74,
307842,4,30.26,104.20,
307842,3,103.49,268.12,
307843,6,29.77,163.08,
307843,3,7.77,21.61,
307843,4,519.69,1942.35,
307843,1,18.72,17.90,
307845,2,66.12,114.35,
307845,7,30.89,186.16,
307845,4,460.53,1541.47,
307845,3,31.71,80.53,
307845,6,18.65,99.10,
307845,3,31.22,80.98,
307845,7,56.97,363.79,
307845,6,336.11,1789.32,
307845,5,40.68,167.74,
307845,6,214.43,1136.58,
307845,4,12.64,39.26,
307845,2,25.68,45.39,
307845,3,145.31,376.70,
307845,3,171.07,424.99,
307845,5,112.10,467.80,
307846,5,7.44,37.03,
307846,4,140.58,506.67,
307846,3,215.66,541.39,
307846,6,128.57,689.91,
307846,4,13.74,48.21,
307846,3,148.05,405.58,
307846,2,177.06,320.34,
307846,4,262.32,954.51,
307848,8,398.16,2486.35,
307848,3,127.56,265.86,
307848,4,58.87,180.32,
307848,4,124.73,376.52,
307853,4,113.99,406.76,
307853,4,85.96,277.99,
307853,6,518.16,2782.57,
307853,7,243.84,1407.92,
307853,8,75.28,490.02,
307853,6,7.87,40.56,
307853,2,79.05,149.03,
307853,4,293.58,1015.51,
307854,7,112.81,616.25,
307854,9,165.98,1159.25,
307854,8,160.66,951.16,
307854,3,17.39,40.41,
307854,5,48.87,184.80,
307854,2,288.86,456.70,
307855,4,519.69,1390.38,
307855,3,33.59,74.85,
307855,4,7.71,23.92,
307855,4,185.12,584.54,
307855,5,32.80,138.12,
307855,5,8.41,33.08,
307855,6,259.44,1139.48,
307855,8,35.74,245.30,
307858,3,156.56,403.39,
307858,9,12.73,106.48,
307858,10,91.39,826.67,
307858,1,76.77,72.09,
307862,8,25.56,162.42,
307862,5,42.08,151.66,
307862,3,124.21,286.44,
307862,3,11.71,24.85,
307862,4,33.46,108.35,
307862,7,239.04,1263.34,
307862,3,12.49,27.07,
307862,3,7.35,18.84,
307862,3,112.45,265.42,
307862,4,13.53,41.07,
307863,2,175.47,284.92,
307863,4,57.10,173.21,
307863,8,47.88,303.74,
307863,5,16.52,68.18,
307863,6,17.05,84.26,
307863,4,162.79,492.51,
307863,6,517.14,2513.50,
307863,8,141.37,929.31,
307865,4,199.88,667.02,
307865,3,7.90,20.91,
307865,3,160.51,438.53,
307865,3,107.50,281.54,
307865,7,512.04,3223.66,
307865,4,114.70,403.08,
307865,5,22.27,103.13,
307866,8,34.35,210.54,
307866,2,155.50,231.76,
307866,4,43.56,139.47,
307866,1,44.96,33.97,
307866,6,22.03,101.80,
307866,3,337.37,792.65,
307868,4,388.50,1413.37,
307868,2,401.52,710.03,
307868,6,79.68,451.20,
307868,2,47.97,83.78,
307868,6,138.62,778.56,
307868,3,91.68,251.24,
307868,6,43.16,254.55,
307868,6,91.20,517.34,
307870,2,33.10,54.54,
307870,5,7.46,34.02,
307870,3,18.68,50.34,
307870,2,13.71,24.55,
307870,5,23.35,106.70,
307870,5,124.02,555.50,
307871,5,222.63,1008.05,
307871,6,7.71,42.30,
307871,3,18.47,52.42,
307872,4,123.55,412.94,
307872,5,285.39,1358.32,
307872,3,49.14,132.40,
307872,4,23.74,84.73,
307874,4,186.96,602.19,
307874,6,109.62,536.78,
307874,3,126.14,337.22,
307874,2,153.52,260.96,
307874,2,170.54,294.08,
307874,2,16.99,28.50,
307874,5,144.28,640.60,
307874,2,446.04,829.90,
307874,2,314.37,519.47,
307874,5,222.96,993.29,
307875,8,41.85,260.74,
307875,5,185.68,758.56,
307875,6,293.58,1223.77,
307875,4,140.32,448.41,
307875,4,406.98,1290.89,
307875,6,193.42,882.11,
307875,6,141.77,690.57,
307875,1,46.35,37.00,
307877,3,11.43,30.92,
307877,5,143.18,629.48,
307877,1,119.46,103.33,
307877,4,96.38,365.66,
307877,6,47.84,264.38,
307878,2,441.84,834.64,
307878,6,176.35,968.36,
307878,3,21.89,62.77,
307878,2,344.61,644.30,
307878,2,513.06,935.71,
307882,3,78.50,202.27,
307882,3,335.48,800.51,
307882,8,285.39,1891.08,
307882,2,483.48,816.18,
307883,4,208.28,717.12,
307883,7,60.33,391.47,
307883,3,466.65,1167.45,
307885,9,26.40,198.08,
307885,5,112.81,477.21,
307885,4,141.64,512.17,
307885,4,22.82,82.31,
307885,2,173.71,317.00,
307885,5,43.97,192.83,
307885,6,155.95,829.73,
307885,3,49.05,133.29,
307887,5,16.33,66.27,
307887,4,90.43,294.19,
307887,3,161.58,402.00,
307887,3,156.71,379.64,
307887,2,22.94,35.79,
307887,6,23.11,108.49,
307887,3,18.94,45.21,
307887,5,24.53,107.52,
307888,7,40.68,227.34,
307888,7,105.02,541.96,
307888,3,146.07,368.37,
307888,2,31.42,47.71,
307888,5,262.32,1115.00,
307888,2,31.09,51.49,
307888,4,165.79,516.86,
307888,1,197.42,161.88,
300019,4,126.98,459.61,
300059,4,130.15,438.85,
300067,4,179.17,580.28,
300080,1,513.57,382.04,
300100,4,58.13,192.64,
300110,4,334.22,1160.35,
300162,4,142.30,420.63,
300190,6,143.75,683.16,
300192,3,213.61,477.33,
300253,3,223.25,542.02,
300271,4,71.28,258.56,
300272,2,124.25,221.89,
300284,5,71.51,279.59,
300294,3,11.29,26.94,
300298,3,96.77,260.29,
300318,2,212.79,379.54,
300329,8,24.34,164.97,
300381,8,185.73,1135.87,
300419,4,300.83,927.54,
300439,4,233.76,801.03,
300466,8,175.82,1033.45,
300513,5,107.50,419.50,
300537,6,26.02,140.86,
300544,7,46.58,263.56,
300551,3,76.22,201.24,
9300561,-1,76.38,-62.65,
300588,4,338.31,997.94,
300605,7,85.88,523.10,
300615,7,316.89,1835.21,
300625,7,133.32,770.69,
300643,3,249.84,632.07,
300685,7,319.10,1884.45,
300706,4,116.70,416.73,
300709,3,403.20,948.35,
300718,3,221.61,554.74,
300759,2,19.39,35.92,
300766,7,220.08,1268.34,
300858,3,122.10,310.17,
300866,5,47.75,199.23,
300866,3,8.66,21.18,
300871,5,59.72,198.34,
300871,6,133.72,613.97,
300878,4,71.59,269.70,
300909,2,341.15,653.99,
300926,3,78.74,203.02,
300927,5,11.54,50.83,
300933,2,77.87,114.88,
300983,4,22.56,75.54,
301031,5,122.10,481.74,
301040,3,174.94,471.25,
301055,4,47.39,168.12,
301070,5,160.16,634.26,
301092,5,62.16,231.55,
301105,5,132.53,487.08,
301166,2,22.97,35.34,
301230,2,157.93,268.78,
301256,5,8.50,40.94,
301273,1,430.08,346.48,
301279,4,46.08,128.01,
301288,6,292.01,1484.91,
301303,6,83.76,398.02,
301312,5,23.88,118.17,
301364,2,17.69,30.54,
301386,4,502.35,1435.59,
301406,5,86.59,344.83,
301493,4,520.20,1593.38,
301510,3,336.42,862.07,
301534,2,492.66,699.74,
301552,5,19.01,76.30,
301562,1,8.69,6.98,
301575,6,127.44,644.07,
301610,2,185.94,276.20,
301613,2,82.11,139.21,
301655,5,32.11,128.14,
301709,3,190.61,482.58,
301729,3,332.33,808.52,
301730,4,13.61,54.44,
301740,4,317.84,1140.69,
301740,4,186.96,630.82,
301759,3,25.49,58.47,
301799,7,7.62,47.61,
301924,3,399.42,960.85,
301925,3,117.29,310.20,
301992,6,54.96,299.99,
302018,7,119.46,730.49,
302096,4,11.98,32.80,
302130,5,11.99,58.25,
302178,3,7.31,21.09,
302188,3,42.44,98.83,
302214,5,520.71,1971.18,
302248,2,8.74,14.54,
302261,4,95.52,296.80,
302273,5,103.20,500.03,
302327,3,106.79,270.59,
302335,4,393.12,1357.63,
302348,6,163.15,761.70,
302350,1,198.44,174.24,
302415,4,23.38,81.98,
302447,8,378.42,2632.13,
302488,4,206.85,696.06,
302493,4,256.80,918.77,
302499,3,88.42,196.66,
302503,7,25.68,157.35,
302505,2,541.11,906.17,
302512,2,80.38,115.38,
302521,1,7.54,7.04,
302527,3,185.15,492.37,
302532,6,106.44,517.75,
302547,5,33.46,124.67,
302575,4,16.97,59.28,
302602,5,18.41,76.13,
302633,3,496.23,1129.38,
302718,1,46.76,40.42,
302731,4,325.08,977.16,
302744,7,303.35,1842.27,
302788,3,391.86,1045.02,
302843,4,513.06,1835.50,
302851,6,199.47,926.58,
302861,5,8.33,32.50,
302864,4,263.52,905.46,
302908,7,171.25,925.44,
302924,4,7.35,22.66,
302963,5,307.13,1364.81,
303029,3,405.30,903.97,
303074,6,60.45,308.24,
303076,2,220.32,359.36,
303081,5,80.70,293.91,
303169,4,16.40,59.57,
303217,3,80.93,225.05,
303220,4,469.71,1578.81,
303234,3,443.52,1128.21,
303302,4,295.79,913.17,
303303,2,74.03,117.20,
303344,4,7.54,24.95,
303346,6,86.35,458.49,
303375,4,17.55,61.05,
303382,4,132.66,408.37,
303418,2,55.21,103.20,
303424,3,61.12,160.52,
303453,5,57.40,259.77,
303456,6,8.13,37.34,
303471,2,98.69,168.29,
303493,4,260.88,942.71,
303493,4,207.26,727.94,
303530,7,65.45,390.14,
303545,3,24.38,64.28,
303566,2,16.76,27.09,
303583,2,184.10,273.84,
303618,4,477.87,1661.39,
303627,9,141.24,1096.30,
303686,3,120.36,338.81,
303711,1,240.24,202.33,
303718,4,32.08,121.04,
303815,2,72.14,123.53,
303867,3,48.11,131.36,
303875,2,146.68,275.79,
303916,4,71.75,221.23,
303954,3,112.34,274.84,
303974,1,378.42,313.78,
303980,5,7.42,31.68,
303983,2,192.09,298.05,
303990,7,7.50,47.00,
303999,4,306.18,1057.22,
304062,4,8.57,30.02,
304127,5,391.02,1637.32,
304129,3,83.29,199.34,
304176,5,178.11,832.46,
304271,4,161.58,541.43,
304278,3,89.86,246.63,
304355,2,200.49,343.29,
304386,2,126.72,199.41,
304410,1,317.84,292.41,
304447,6,297.05,1409.12,
304456,3,123.07,336.67,
304493,1,163.25,130.66,
304495,5,228.48,938.44,
304495,4,175.12,616.27,
304555,5,165.26,625.51,
304556,2,115.64,166.52,
304577,4,23.02,79.15,
304615,3,126.26,297.89,
304662,4,475.83,1789.19,
304678,6,7.64,32.99,
304680,1,223.44,182.46,
304696,4,46.22,166.10,
304733,3,296.10,754.03,
304751,6,122.63,599.70,
304794,5,17.19,69.74,
304807,2,77.64,147.34,
304809,1,186.38,141.52,
304849,4,144.40,481.48,
304872,1,8.52,7.52,
304877,5,230.40,881.77,
304901,5,228.00,862.12,
304953,4,114.22,359.98,
304953,5,503.88,2092.46,
304977,2,17.66,24.59,
304995,2,8.02,15.56,
305009,5,229.20,893.20,
305061,3,11.43,25.39,
305262,5,126.59,517.94,
305279,4,7.82,24.72,
305307,4,116.47,367.60,
305309,2,35.05,53.74,
305312,6,95.23,506.55,
305377,5,72.77,282.38,
305427,4,35.67,124.36,
305451,3,18.92,48.15,
305485,10,22.54,167.03,
305490,4,18.38,68.63,
305491,7,56.06,333.13,
305508,7,73.63,398.66,
305529,4,43.16,147.16,
305621,5,126.97,560.41,
305636,4,26.26,86.23,
305662,5,189.83,722.05,
305666,5,12.46,58.18,
305736,4,496.74,1467.01,
305753,6,12.95,64.17,
305776,5,169.31,681.82,
305799,3,8.50,24.53,
305806,3,7.54,17.49,
305838,4,191.06,600.16,
305855,5,33.59,156.21,
305873,2,107.03,194.31,
305878,3,64.84,177.78,
305910,3,133.06,319.27,
305910,3,165.44,421.01,
305928,5,129.56,489.84,
305929,4,121.30,397.56,
305946,1,60.82,49.11,
305995,8,179.17,1178.19,
305998,7,157.78,963.24,
306000,6,74.65,332.27,
306025,1,244.32,215.41,
306052,6,202.95,1029.02,
306114,6,149.57,755.75,
9306145,-4,47.61,-174.65,
306253,2,24.72,41.97,
306351,3,18.59,45.75,
306366,2,18.81,31.25,
306369,2,79.21,137.38,
306372,4,259.68,818.41,
306377,6,48.74,241.76,
306413,2,30.43,48.00,
306425,3,199.06,528.75,
306549,5,8.79,36.89,
306550,3,165.79,366.87,
306557,3,56.55,134.65,
306608,6,33.89,150.37,
306610,5,33.56,148.97,
306624,5,144.01,592.74,
306653,4,17.50,63.06,
306677,5,61.24,260.81,
306764,3,8.02,20.89,
306807,3,8.14,20.52,
306841,3,8.39,23.24,
306856,3,91.30,246.05,
306913,4,104.64,351.24,
306929,3,24.89,65.05,
306932,4,122.89,369.35,
306973,6,455.28,2147.51,
306998,5,95.14,432.65,
307047,4,344.61,1235.51,
307072,3,327.92,903.68,
307125,7,240.24,1441.13,
307141,6,130.94,682.22,
307184,2,22.68,40.92,
307186,3,33.53,82.49,
307222,2,390.18,654.35,
307312,4,550.80,1674.90,
307328,6,42.62,213.54,
307348,2,13.08,21.15,
307388,1,140.18,109.97,
307399,6,54.90,284.49,
307436,4,43.70,137.94,
307443,4,18.34,70.52,
307452,6,90.62,406.21,
307456,6,24.12,118.40,
307466,7,117.41,768.65,
307475,4,18.31,61.64,
307574,5,12.28,59.39,
307605,2,88.90,167.00,
307688,5,76.77,322.40,
307691,4,72.77,253.26,
307769,5,91.58,381.65,
