invoice_id,customer_id,placed_at_utc,delivery_slot,grand_total,paid_total,declared_items,campaign_ref,order_status
300001,1019,2024-09-15T07:24:52Z,,2295.1,2295.10,3,NONE,pending_hold
300003,1026,2024/09/05 15:37,,8538.38,,13,NONE,pending_hold
300010,1116,2024-09-15T12:58:47Z,,1968.64,1968.64,5,WINTER-FLYER,shipped
300014,1155,2024-09-09T11:57:13Z,,4309.97,4309.97,7,NONE,canceled
300022,1332,2024-09-24T10:01:33Z,,2124.94,2124.94,4,RAMADAN-BUNDLE,paid
300023,1332,2024-09-06T10:27:54Z,,955.72,955.72,3,WINTER-FLYER,paid
300025,1382,2024-09-18T11:01:16Z,,1445.0,,4,RAMADAN-BUNDLE,pending_hold
300032,1420,2024-09-03T09:43:30Z,,2078.23,2078.23,4,RAMADAN-BUNDLE,pending_hold
300040,1480,2024-09-21T06:55:24Z,,2607.08,,5,RAMADAN-BUNDLE,shipped
300041,1480,2024/09/23 13:06,,7573.5,7573.50,14,RAMADAN-BUNDLE,paid
300043,1510,2024-09-23T10:27:09Z,,3637.95,,6,LUX-R6,paid
300046,1537,2024-09-11T12:34:33Z,,4667.79,4667.79,10,NONE,paid
300056,1603,2024-09-23T11:01:36Z,,3497.41,,7,,canceled
300058,1611,2024-09-20T14:28:44Z,,4196.12,4196.12,5,LUX-R6,paid
300060,1666,2024-09-07T07:45:56Z,,976.79,976.79,4,NONE,paid
300065,1833,2024-09-12T08:28:04Z,,2869.35,,8,LUX-R6,shipped
300066,1862,2024-09-02T14:08:01Z,,2999.99,2999.99,8,RAMADAN-BUNDLE,pending_hold
300068,1866,2024-09-12T11:06:09Z,,2715.19,2715.19,4,LUX-R6,paid
300069,1900,2024-09-26T13:47:52Z,,2706.64,2706.64,4,RAMADAN-BUNDLE,paid
300079,2021,2024-09-28T12:59:44Z,,9325.98,,13,WINTER-FLYER,paid
300082,2029,2024-09-17T14:40:51Z,,5072.23,,10,NONE,paid
300083,2029,2024-09-10T12:12:55Z,,3987.98,,3,,pending_hold
300084,2040,2024-09-11T12:52:41Z,,3701.4,,4,NONE,paid
300085,2054,2024-09-05T06:13:51Z,,3054.47,3054.47,6,RAMADAN-BUNDLE,pending_hold
300086,2091,2024-09-05T06:30:33Z,,8732.6,8732.60,12,NONE,canceled
300088,2101,2024/09/21 08:02,,5185.61,5185.61,7,NONE,shipped
300092,2132,2024-09-11T07:10:27Z,,1886.0,,5,RAMADAN-BUNDLE,paid
300093,2132,2024-09-20T08:04:46Z,,2742.44,2742.44,13,RAMADAN-BUNDLE,canceled
300099,2192,2024-09-20T10:48:40Z,,304.82,304.82,2,RAMADAN-BUNDLE,pending_hold
300102,2301,2024-09-07T06:00:35Z,,4247.4,,8,,shipped
300104,2326,2024-09-19T10:00:27Z,,1885.98,1885.98,4,NONE,shipped
300105,2368,2024-09-14T06:51:44Z,,2130.16,,5,,canceled
300108,2376,2024-09-26T11:42:21Z,,1636.03,1636.03,3,,pending_hold
300113,2383,2024-09-27T13:11:06Z,,3675.66,3675.66,8,LUX-R6,canceled
300116,2397,2024-09-01T11:17:15Z,,2939.46,2939.46,8,NONE,paid
300119,2447,2024-09-13T10:10:31Z,,4517.39,,9,WINTER-FLYER,paid
300126,2576,2024-09-19T08:13:51Z,,4881.83,,6,RAMADAN-BUNDLE,paid
300130,2598,2024-09-18T10:37:24Z,,4040.09,,12,,shipped
300134,2721,2024-09-19T08:56:38Z,,1136.42,1136.42,5,LUX-R6,paid
300135,2735,2024-09-25T09:08:12Z,,4126.68,,7,RAMADAN-BUNDLE,pending_hold
300137,2735,2024-09-17T06:34:14Z,,1126.13,,3,NONE,pending_hold
300145,1021,2024-10-16T06:49:47Z,,1024.47,1024.47,2,,paid
300146,1021,2024/10/15 09:35,,3994.39,,12,LUX-R6,paid
300147,1022,2024-10-09T11:01:57Z,,8109.7,8109.70,13,WINTER-FLYER,shipped
300148,1029,2024-10-02T12:44:06Z,,6257.2,,6,NONE,paid
300163,1135,2024-10-28T10:02:15Z,,2648.64,,5,NONE,paid
300164,1135,2024-10-16T09:07:26Z,,1161.27,,2,LUX-R6,paid
300165,1143,2024-10-13T11:38:01Z,,1638.53,1638.53,5,RAMADAN-BUNDLE,pending_hold
300168,1174,2024-10-14T16:30:55Z,,9281.74,,11,WINTER-FLYER,paid
300170,1186,2024-10-05T13:31:13Z,,3429.83,3429.83,6,RAMADAN-BUNDLE,paid
300171,1189,2024-10-27T12:13:08Z,,2949.71,2949.71,8,WINTER-FLYER,canceled
300172,1200,2024-10-07T12:26:48Z,,9160.5,9160.50,8,LUX-R6,paid
300174,1236,2024-10-22T06:11:38Z,,1509.4,1509.40,6,LUX-R6,paid
300177,1248,2024-10-01T10:49:15Z,,1188.78,,3,NONE,paid
300180,1256,2024-10-08T10:20:07Z,,3761.84,,8,NONE,paid
300188,1320,2024-10-06T06:26:40Z,,5332.69,,10,NONE,canceled
300194,1350,2024-10-08T09:03:12Z,,6321.01,,6,RAMADAN-BUNDLE,paid
300199,1364,2024-10-11T08:13:06Z,,1939.16,,7,NONE,paid
300203,1394,2024-10-04T08:58:00Z,,6087.84,6087.84,4,,paid
300204,1394,2024-10-10T07:20:30Z,,3045.59,,5,WINTER-FLYER,paid
300206,1394,2024-10-07T11:26:55Z,,4099.75,4099.75,11,NONE,paid
300207,1394,2024-10-12T12:02:48Z,,4455.86,,8,NONE,paid
300210,1406,2024-10-15T09:52:24Z,,4469.81,4469.81,11,NONE,pending_hold
300211,1407,2024-10-23T06:52:48Z,,3725.01,,7,NONE,canceled
300213,1420,2024-10-02T13:17:52Z,,2334.92,,3,,paid
300214,1445,2024-10-17T11:55:50Z,,3331.83,,11,RAMADAN-BUNDLE,canceled
300217,1461,2024-10-27T09:15:46Z,,1177.23,1177.23,6,,pending_hold
300221,1551,2024-10-24T12:56:18Z,,847.08,,4,,paid
300224,1562,2024-10-27T06:50:50Z,,7292.59,,8,LUX-R6,shipped
300228,1568,2024-10-09T15:29:15Z,,2846.43,,6,RAMADAN-BUNDLE,shipped
300230,1575,2024-10-14T13:56:06Z,,3937.64,,5,NONE,shipped
300232,1575,2024-10-06T13:31:54Z,,5455.49,5455.49,8,,pending_hold
300233,1576,2024-10-24T11:33:49Z,,3504.04,,9,NONE,pending_hold
300234,1576,2024-10-09T07:22:35Z,,2153.55,,5,RAMADAN-BUNDLE,paid
300243,1642,2024-10-22T11:17:53Z,,2404.16,2404.16,8,,paid
300244,1643,2024-10-22T17:51:02Z,,2049.35,,9,,paid
300245,1643,2024-10-16T08:38:10Z,,1296.3,,4,RAMADAN-BUNDLE,canceled
300247,1648,2024-10-20T08:40:28Z,,1285.57,1285.57,8,RAMADAN-BUNDLE,shipped
300248,1648,2024/10/05 08:59,,14064.53,14064.53,15,NONE,canceled
300249,1648,2024-10-25T13:11:02Z,,3385.4,,6,,canceled
300250,1662,2024-10-28T07:39:28Z,,2229.36,2229.36,6,,paid
300252,1669,2024-10-22T09:12:35Z,,2276.17,,7,LUX-R6,paid
300254,1669,2024-10-25T10:57:02Z,,6323.4,,8,,canceled
300260,1748,2024-10-05T06:59:48Z,,7216.3,7216.30,9,WINTER-FLYER,paid
300261,1748,2024-10-22T11:27:35Z,,2645.1,,9,,paid
300268,1791,2024-10-16T13:25:15Z,,2937.06,2937.06,5,NONE,paid
300269,1795,2024-10-07T07:36:51Z,,2007.68,2007.68,5,,paid
300270,1822,2024-10-05T16:39:58Z,,2045.23,,4,,paid
300278,1905,2024-10-28T07:24:26Z,,9004.7,9004.70,13,RAMADAN-BUNDLE,paid
300285,1948,2024-10-02T09:40:49Z,,2269.03,,6,WINTER-FLYER,pending_hold
300296,1996,2024-10-12T11:50:05Z,,2994.43,,5,NONE,paid
300300,2016,2024-10-28T09:07:27Z,,3438.9,3438.90,4,NONE,shipped
300304,2025,2024-10-18T08:51:30Z,,4584.97,4584.97,7,RAMADAN-BUNDLE,paid
300311,2051,2024-10-18T13:37:01Z,,2763.4,,7,LUX-R6,paid
300313,2087,2024/10/08 11:22,,2716.45,,5,NONE,paid
300316,2091,2024-10-09T07:44:02Z,,1749.35,,2,WINTER-FLYER,paid
300317,2107,2024-10-14T06:49:06Z,,3635.55,3635.55,8,LUX-R6,paid
300323,2121,2024-10-12T10:28:53Z,,7842.76,7842.76,11,WINTER-FLYER,paid
300324,2129,2024-10-26T09:09:36Z,,3642.16,3642.16,8,RAMADAN-BUNDLE,pending_hold
300327,2131,2024-10-18T07:16:36Z,,2459.03,,7,,paid
300336,2175,2024-10-27T07:01:32Z,,7012.6,7012.60,14,NONE,paid
300340,2264,2024/10/22 13:37,,1038.74,,4,,paid
300345,2293,2024-10-02T09:53:05Z,,4068.92,4068.92,6,NONE,paid
300348,2324,2024/10/17 12:32,,927.31,,3,RAMADAN-BUNDLE,canceled
300351,2340,2024-10-23T07:25:57Z,,4416.07,4416.07,7,WINTER-FLYER,canceled
300353,2370,2024-10-21T06:49:12Z,,7308.53,7308.53,13,,paid
300359,2391,2024-10-06T10:28:17Z,,13212.53,,15,NONE,paid
300362,2397,2024/10/06 16:03,,2862.22,,7,,shipped
300364,2452,2024/10/12 10:02,,8846.19,,5,,paid
300365,2454,2024-10-26T07:09:24Z,,5076.54,,8,NONE,paid
300366,2462,2024-10-15T09:25:25Z,,6574.02,,8,RAMADAN-BUNDLE,paid
300367,2462,2024-10-13T09:46:52Z,,1142.99,1142.99,2,NONE,paid
300368,2462,2024-10-21T11:50:32Z,,4011.95,4011.95,6,WINTER-FLYER,paid
300370,2527,2024-10-09T09:17:15Z,,7222.59,7222.59,8,NONE,paid
300377,2570,2024-10-24T06:43:10Z,,8022.86,,7,WINTER-FLYER,canceled
300380,2598,2024-10-25T09:17:50Z,,4286.78,,9,LUX-R6,paid
300384,2611,2024-10-10T12:53:08Z,,1526.1,,2,WINTER-FLYER,shipped
300385,2611,2024-10-10T09:34:31Z,,2453.3,,5,NONE,pending_hold
300386,2611,2024-10-24T10:17:52Z,,1405.89,,3,RAMADAN-BUNDLE,shipped
300401,2724,2024-10-11T08:18:13Z,,2171.69,2171.69,6,NONE,pending_hold
300409,1013,2024-11-24T09:23:48Z,,5363.54,,7,RAMADAN-BUNDLE,pending_hold
300410,1013,2024-11-01T06:27:35Z,,3536.94,,2,WINTER-FLYER,shipped
300413,1016,2024-11-01T06:27:16Z,,2527.74,2527.74,7,NONE,paid
300415,1016,2024-11-15T12:13:05Z,,669.92,,4,,pending_hold
300420,1021,2024-11-21T07:31:10Z,,5569.89,5569.89,7,RAMADAN-BUNDLE,pending_hold
300424,1035,2024-11-07T11:59:33Z,,9823.68,9823.68,12,WINTER-FLYER,shipped
300428,1064,2024-11-19T11:44:33Z,,3095.38,3095.38,12,NONE,shipped
300430,1076,2024-11-16T09:44:17Z,,6227.42,,6,,canceled
300431,1084,2024-11-21T06:46:31Z,,3809.91,3809.91,8,WINTER-FLYER,paid
300438,1118,2024-11-18T12:56:46Z,,9848.8,9848.80,9,,canceled
300441,1141,2024-11-05T14:08:49Z,,1946.64,1946.64,3,,paid
300442,1141,2024-11-02T11:40:30Z,,1916.38,1916.38,8,NONE,paid
300445,1158,2024-11-16T10:25:23Z,,3567.02,,5,LUX-R6,paid
300446,1158,2024-11-24T08:07:22Z,,5796.86,5796.86,12,,paid
300450,1174,2024-11-04T15:44:13Z,,2936.04,2936.04,7,,pending_hold
300451,1181,2024-11-04T06:00:05Z,,4869.02,,10,NONE,paid
300452,1181,2024-11-22T06:39:26Z,,3769.5,3769.50,7,NONE,paid
300454,1186,2024-11-28T06:33:47Z,,7417.55,7417.55,11,NONE,paid
300457,1206,2024-11-05T11:19:09Z,,2361.0,,2,NONE,paid
300468,1287,2024-11-03T15:00:02Z,,2683.06,,9,,pending_hold
300470,1288,2024-11-02T10:35:33Z,,3135.13,,5,LUX-R6,paid
300481,1347,2024-11-06T13:44:42Z,,3105.04,,10,,paid
300485,1357,2024-11-02T11:23:59Z,,6962.89,6962.89,9,,paid
300489,1382,2024-11-17T08:25:22Z,,1179.42,1179.42,8,NONE,canceled
300490,1394,2024-11-03T13:13:32Z,,2024.22,,4,NONE,pending_hold
300491,1394,2024-11-03T12:14:03Z,,3401.1,3401.10,6,RAMADAN-BUNDLE,paid
300496,1411,2024-11-21T10:13:14Z,,3722.83,,9,WINTER-FLYER,pending_hold
300499,1461,2024-11-19T10:38:59Z,,5068.52,,7,NONE,paid
300505,1471,2024-11-20T10:40:28Z,,1676.8,1676.80,2,LUX-R6,pending_hold
300509,1489,2024-11-17T06:00:05Z,,2325.49,,7,NONE,shipped
300511,1491,2024-11-11T12:01:16Z,,1257.27,1257.27,8,WINTER-FLYER,paid
300512,1491,2024-11-26T16:40:04Z,,2127.69,2127.69,5,NONE,paid
300517,1510,2024-11-13T06:21:19Z,,8044.76,,14,LUX-R6,pending_hold
300522,1538,2024-11-22T10:27:14Z,,1543.74,,6,NONE,paid
300530,1563,2024-11-26T06:37:19Z,,3186.07,3186.07,5,WINTER-FLYER,paid
300531,1572,2024/11/25 14:52,,3513.59,,8,NONE,paid
300532,1575,2024-11-08T09:26:40Z,,3769.58,,6,RAMADAN-BUNDLE,paid
300538,1592,2024-11-03T07:35:05Z,,954.72,,5,,shipped
300541,1594,2024-11-22T12:06:20Z,,1857.22,,3,WINTER-FLYER,pending_hold
300543,1596,2024-11-07T11:25:57Z,,1918.1,,4,,pending_hold
300545,1598,2024-11-03T11:21:13Z,,1295.66,,7,RAMADAN-BUNDLE,paid
300549,1611,2024-11-18T13:14:46Z,,1445.26,,10,NONE,shipped
300555,1632,2024/11/27 14:12,,4265.76,4265.76,6,,paid
300556,1633,2024-11-10T11:21:50Z,,827.09,827.09,3,,paid
300557,1635,2024-11-19T10:42:40Z,,1803.39,,7,NONE,pending_hold
300558,1642,2024-11-18T11:56:56Z,,763.61,,2,LUX-R6,pending_hold
300564,1645,2024-11-16T08:19:05Z,,4001.92,4001.92,14,WINTER-FLYER,canceled
300568,1662,2024-11-21T11:34:20Z,,2540.89,2540.89,6,NONE,shipped
300573,1670,2024-11-04T06:51:36Z,,7792.61,,14,,paid
300574,1670,2024-11-27T11:05:32Z,,7373.73,,10,,canceled
300577,1709,2024/11/25 13:34,,2042.4,2042.40,4,LUX-R6,paid
300580,1710,2024-11-12T14:31:26Z,,3893.97,3893.97,6,LUX-R6,pending_hold
300581,1718,2024-11-27T08:40:11Z,,1463.36,,8,LUX-R6,shipped
300582,1718,2024-11-23T09:20:56Z,,3926.74,3926.74,8,,paid
300584,1725,2024-11-14T10:36:37Z,,3593.06,3593.06,6,RAMADAN-BUNDLE,paid
300585,1725,2024-11-26T07:00:13Z,,2818.67,2818.67,3,LUX-R6,paid
300587,1733,2024/11/01 14:05,,3954.82,,7,NONE,shipped
300589,1734,2024-11-10T06:29:44Z,,4067.7,,8,NONE,pending_hold
300590,1734,2024-11-05T13:12:38Z,,1002.94,,2,WINTER-FLYER,paid
300591,1748,2024-11-03T12:18:58Z,,952.47,,2,WINTER-FLYER,pending_hold
300594,1758,2024-11-18T10:03:16Z,,1787.86,,6,RAMADAN-BUNDLE,paid
300595,1758,2024-11-18T12:39:43Z,,3643.48,3643.48,6,,pending_hold
300599,1791,2024-11-07T11:45:33Z,,636.52,,2,,pending_hold
300601,1795,2024-11-24T12:05:21Z,,3549.14,,9,LUX-R6,pending_hold
300602,1797,2024-11-27T09:25:22Z,,4114.91,4114.91,8,LUX-R6,canceled
300607,1839,2024/11/07 10:13,,4649.31,4649.31,6,NONE,pending_hold
300620,1890,2024-11-05T10:59:29Z,,2650.62,,5,NONE,paid
300623,1911,2024-11-02T11:56:25Z,,5759.54,5759.54,12,RAMADAN-BUNDLE,shipped
300626,1928,2024-11-09T10:40:12Z,,1100.34,1100.34,3,WINTER-FLYER,canceled
300628,1941,2024-11-10T09:08:09Z,,2630.26,,8,RAMADAN-BUNDLE,paid
300630,1959,2024-11-16T06:42:20Z,,1222.62,,6,WINTER-FLYER,canceled
300636,1991,2024-11-18T10:16:45Z,,4418.75,,6,LUX-R6,pending_hold
300639,1991,2024-11-27T10:04:18Z,,3019.55,3019.55,7,NONE,pending_hold
300644,2016,2024-11-09T08:59:13Z,,4292.02,4292.02,7,NONE,shipped
300651,2025,2024-11-09T10:46:00Z,,8085.87,,11,WINTER-FLYER,paid
300658,2054,2024-11-28T06:42:15Z,,3381.67,3381.67,4,NONE,paid
300663,2078,2024-11-08T06:47:37Z,,426.8,,2,RAMADAN-BUNDLE,shipped
300668,2091,2024-11-05T08:48:19Z,,11718.39,,10,NONE,paid
300670,2091,2024/11/13 10:18,,4831.09,,10,NONE,paid
300676,2117,2024-11-12T14:13:11Z,,2982.59,2982.59,7,NONE,paid
300682,2132,2024-11-19T13:46:18Z,,1220.33,,5,WINTER-FLYER,paid
300686,2134,2024/11/18 09:45,,3418.61,3418.61,12,WINTER-FLYER,shipped
300688,2157,2024-11-07T14:39:49Z,,1558.94,1558.94,4,LUX-R6,shipped
300689,2160,2024-11-04T10:09:38Z,,7005.32,,10,WINTER-FLYER,paid
300690,2173,2024-11-07T11:35:49Z,,4550.34,4550.34,8,LUX-R6,canceled
300691,2175,2024-11-10T06:09:00Z,,5269.14,,7,RAMADAN-BUNDLE,paid
300697,2206,2024-11-04T10:19:40Z,,4784.27,4784.27,14,RAMADAN-BUNDLE,pending_hold
300699,2219,2024-11-13T06:04:31Z,,1372.33,,2,LUX-R6,shipped
300702,2231,2024/11/06 15:57,,3771.85,3771.85,7,NONE,pending_hold
300708,2240,2024-11-13T11:20:37Z,,2930.98,,4,RAMADAN-BUNDLE,canceled
300710,2259,2024-11-25T09:45:05Z,,4329.96,4329.96,10,WINTER-FLYER,pending_hold
300715,2264,2024-11-16T13:59:59Z,,1442.78,1442.78,2,WINTER-FLYER,shipped
300720,2292,2024-11-06T08:27:05Z,,3174.92,,6,LUX-R6,paid
300724,2301,2024-11-02T15:53:45Z,,3170.03,3170.03,4,WINTER-FLYER,pending_hold
300725,2326,2024-11-13T10:08:53Z,,5877.8,5877.80,8,NONE,pending_hold
300726,2330,2024-11-16T13:45:11Z,,1648.55,,5,LUX-R6,shipped
300733,2359,2024-11-05T06:00:47Z,,3222.67,,6,LUX-R6,paid
300736,2371,2024-11-21T13:51:58Z,,1520.76,,5,NONE,paid
300739,2381,2024-11-09T12:47:41Z,,1193.18,,5,NONE,shipped
300740,2383,2024-11-24T09:52:21Z,,3576.36,,8,WINTER-FLYER,shipped
300741,2383,2024-11-22T11:51:03Z,,4444.62,4444.62,9,LUX-R6,canceled
300746,2419,2024-11-27T11:45:56Z,,2359.38,,8,NONE,canceled
300750,2462,2024-11-11T12:12:40Z,,3772.79,3772.79,8,RAMADAN-BUNDLE,shipped
300752,2472,2024-11-01T11:24:28Z,,2308.64,,5,,paid
300754,2480,2024-11-08T13:10:53Z,,4754.58,4754.58,8,WINTER-FLYER,paid
300758,2521,2024-11-26T06:13:59Z,,4460.2,4460.20,9,,paid
300762,2535,2024-11-21T13:38:15Z,,3410.41,,2,NONE,paid
300765,2539,2024-11-08T08:32:26Z,,12914.22,12914.22,15,RAMADAN-BUNDLE,pending_hold
300773,2560,2024-11-04T11:40:14Z,,1550.16,1550.16,4,NONE,shipped
300774,2560,2024-11-01T08:22:29Z,,542.46,,2,RAMADAN-BUNDLE,shipped
300782,2583,2024-11-04T11:03:37Z,,4559.87,,4,LUX-R6,pending_hold
300784,2586,2024-11-09T06:59:27Z,,3725.31,3725.31,9,,paid
300788,2604,2024-11-25T11:58:48Z,,3426.07,,10,LUX-R6,canceled
300790,2604,2024-11-24T07:02:20Z,,2003.41,,5,NONE,paid
300792,2608,2024-11-19T09:05:55Z,,9561.02,9561.02,11,WINTER-FLYER,paid
300795,2639,2024-11-08T08:36:47Z,,3161.87,3161.87,8,RAMADAN-BUNDLE,pending_hold
300797,2655,2024-11-25T10:28:29Z,,2194.92,2194.92,6,,paid
300801,2657,2024-11-01T09:58:14Z,,551.25,551.25,3,NONE,paid
300803,2661,2024-11-07T09:42:28Z,,4339.37,,9,NONE,pending_hold
300804,2673,2024-11-02T10:49:08Z,,1455.11,,4,LUX-R6,shipped
300805,2673,2024-11-21T12:41:54Z,,2217.05,,2,NONE,paid
300809,2707,2024-11-13T10:51:21Z,,1311.92,1311.92,3,,shipped
300812,2723,2024-11-15T07:35:07Z,,3513.75,,8,,pending_hold
300814,2726,2024-11-28T07:23:41Z,,3120.51,3120.51,9,WINTER-FLYER,paid
300818,2739,2024-11-24T06:39:04Z,,3432.62,3432.62,9,LUX-R6,pending_hold
300820,2741,2024-11-17T10:28:42Z,,1722.8,,7,RAMADAN-BUNDLE,pending_hold
300821,2757,2024-11-07T12:29:45Z,,382.34,,2,NONE,shipped
300822,2758,2024/11/01 08:28,,4862.76,,5,NONE,paid
300823,2760,2024-11-12T11:43:22Z,,2172.84,,5,WINTER-FLYER,paid
300824,2760,2024-11-15T12:05:10Z,,1594.04,1594.04,6,LUX-R6,shipped
300827,2772,2024-11-03T06:05:58Z,,2377.62,,6,LUX-R6,paid
300828,2772,2024-11-11T12:43:01Z,,4797.85,4797.85,3,,shipped
300829,2772,2024-11-02T13:18:48Z,,1601.85,1601.85,8,WINTER-FLYER,paid
300830,2780,2024-11-07T17:12:23Z,,4212.05,4212.05,8,LUX-R6,paid
300832,2786,2024-11-24T07:36:49Z,,3097.87,,4,NONE,canceled
300834,2792,2024-11-25T14:52:00Z,,4309.08,,4,NONE,shipped
300836,1002,2024-12-01T06:52:55Z,,2319.27,,4,,paid
300837,1002,2024/12/27 11:50,,3283.92,,8,RAMADAN-BUNDLE,canceled
300838,1003,2024-12-24T09:28:58Z,,4004.56,,7,,paid
300839,1011,2024/12/09 17:54,,5623.04,5623.04,7,WINTER-FLYER,pending_hold
300849,1039,2024-12-08T10:17:10Z,,3021.87,,6,NONE,paid
300854,1048,2024-12-20T11:28:51Z,,4453.85,,7,,paid
300856,1049,2024-12-08T12:38:04Z,,2961.23,2961.23,8,,paid
300859,1049,2024-12-18T10:50:55Z,,4707.67,4707.67,5,WINTER-FLYER,paid
300865,1076,2024-12-20T10:26:55Z,,1520.3,,6,WINTER-FLYER,pending_hold
300869,1084,2024-12-20T11:56:50Z,,4593.04,4593.04,8,NONE,pending_hold
300872,1099,2024-12-15T15:46:31Z,,7314.71,,8,RAMADAN-BUNDLE,canceled
300881,1116,2024-12-02T12:03:45Z,,2831.64,2831.64,12,RAMADAN-BUNDLE,paid
300882,1116,2024-12-21T08:39:10Z,,2246.01,,7,,canceled
300896,1137,2024-12-27T10:16:55Z,,3094.09,,7,,shipped
300897,1137,2024-12-18T13:34:27Z,,2346.44,2346.44,6,,pending_hold
300910,1162,2024-12-20T11:39:22Z,,2544.5,2544.50,8,,paid
300911,1164,2024-12-12T12:28:51Z,,4100.07,4100.07,7,RAMADAN-BUNDLE,paid
300912,1164,2024-12-08T10:19:42Z,,1435.87,1435.87,4,NONE,paid
300922,1183,2024-12-25T06:25:08Z,,5011.26,,12,LUX-R6,paid
300925,1189,2024-12-11T12:14:25Z,,2435.18,2435.18,5,,canceled
300939,1233,2024-12-16T09:22:15Z,,1142.53,,3,NONE,paid
300942,1250,2024-12-23T17:11:26Z,,7326.4,,12,LUX-R6,paid
300943,1250,2024-12-07T15:56:21Z,,4557.01,4557.01,4,,shipped
300948,1262,2024/12/06 10:40,,4264.44,,6,RAMADAN-BUNDLE,canceled
300949,1266,2024-12-16T08:38:32Z,,3099.48,3099.48,8,NONE,paid
300953,1288,2024-12-26T09:37:36Z,,1532.98,1532.98,3,WINTER-FLYER,shipped
300955,1304,2024/12/05 09:49,,4407.45,4407.45,4,RAMADAN-BUNDLE,canceled
300961,1320,2024-12-16T11:12:15Z,,4871.8,,8,LUX-R6,paid
300963,1326,2024-12-08T07:57:06Z,,3049.85,3049.85,9,,shipped
300965,1326,2024-12-04T08:23:16Z,,5464.28,5464.28,6,RAMADAN-BUNDLE,paid
300969,1332,2024-12-07T08:24:01Z,,1274.49,1274.49,4,,paid
300976,1347,2024-12-11T07:01:32Z,,4992.71,,10,LUX-R6,canceled
300978,1348,2024-12-07T07:40:25Z,,2080.64,,5,LUX-R6,paid
300979,1350,2024-12-05T08:50:48Z,,1584.98,,3,NONE,paid
300989,1382,2024-12-03T13:56:27Z,,201.54,,2,WINTER-FLYER,paid
300994,1389,2024-12-13T13:11:26Z,,7208.95,,9,,paid
300998,1405,2024-12-18T13:58:40Z,,4138.26,,9,RAMADAN-BUNDLE,canceled
301001,1406,2024-12-01T06:35:13Z,,2584.31,,9,NONE,paid
301002,1411,2024-12-28T07:01:44Z,,3894.29,3894.29,7,,paid
301004,1418,2024-12-19T10:10:03Z,,8586.85,,11,NONE,paid
301006,1420,2024-12-01T12:47:23Z,,1427.7,1427.70,4,NONE,canceled
301017,1460,2024-12-13T06:38:05Z,,5562.71,,11,NONE,paid
301018,1468,2024-12-05T08:52:34Z,,4208.41,,8,WINTER-FLYER,canceled
301020,1471,2024-12-14T06:52:18Z,,8487.65,,14,NONE,shipped
301021,1482,2024-12-22T06:10:03Z,,3023.59,3023.59,7,,paid
301032,1551,2024-12-22T07:00:25Z,,4890.93,4890.93,10,NONE,paid
301038,1564,2024/12/28 08:26,,1576.74,,3,NONE,paid
301039,1565,2024-12-15T10:58:14Z,,1388.8,1388.80,6,WINTER-FLYER,pending_hold
301044,1572,2024-12-25T15:04:08Z,,4522.98,4522.98,8,NONE,shipped
301046,1575,2024-12-27T06:43:02Z,,5002.1,5002.10,4,LUX-R6,canceled
301047,1576,2024-12-17T06:11:47Z,,4629.02,,9,NONE,paid
301050,1581,2024-12-08T12:34:51Z,,1662.4,,2,LUX-R6,paid
301057,1596,2024/12/18 08:06,,3863.4,3863.40,7,,paid
301058,1596,2024-12-04T09:22:04Z,,3289.63,3289.63,7,LUX-R6,shipped
301061,1598,2024-12-15T09:54:12Z,,4325.52,,9,RAMADAN-BUNDLE,shipped
301066,1613,2024-12-13T06:35:52Z,,1675.07,1675.07,5,,paid
301069,1623,2024-12-15T06:05:16Z,,13225.24,,10,RAMADAN-BUNDLE,paid
301073,1626,2024-12-20T11:21:34Z,,1741.22,,4,RAMADAN-BUNDLE,pending_hold
301075,1635,2024-12-27T10:24:27Z,,4174.37,,10,LUX-R6,paid
301077,1643,2024-12-03T08:36:23Z,,3270.72,,4,RAMADAN-BUNDLE,paid
301079,1650,2024-12-15T12:26:13Z,,1435.74,,3,,shipped
301081,1650,2024-12-15T09:15:53Z,,3262.41,,7,,paid
301082,1657,2024-12-01T11:48:42Z,,1832.58,1832.58,7,,canceled
301084,1669,2024-12-21T12:38:35Z,,3963.51,3963.51,3,RAMADAN-BUNDLE,paid
301085,1669,2024-12-27T06:07:25Z,,3453.89,3453.89,7,NONE,paid
301099,1705,2024-12-25T07:31:30Z,,1903.12,1903.12,7,WINTER-FLYER,paid
301102,1709,2024-12-26T07:49:22Z,,1599.71,,4,LUX-R6,paid
301106,1718,2024-12-18T06:06:06Z,,1501.61,,3,LUX-R6,paid
301108,1732,2024-12-08T08:25:50Z,,3792.56,3792.56,8,,pending_hold
301110,1734,2024-12-27T08:28:41Z,,7106.81,7106.81,11,LUX-R6,pending_hold
301115,1741,2024/12/28 17:01,,6645.46,,9,WINTER-FLYER,pending_hold
301123,1780,2024-12-02T10:07:34Z,,9505.7,,14,,paid
301132,1797,2024-12-07T09:47:00Z,,863.92,,2,RAMADAN-BUNDLE,paid
301134,1805,2024-12-04T14:38:49Z,,4553.39,,6,WINTER-FLYER,pending_hold
301137,1823,2024-12-09T11:07:15Z,,3915.03,,7,RAMADAN-BUNDLE,canceled
301139,1830,2024-12-23T11:47:49Z,,1358.3,,5,WINTER-FLYER,pending_hold
301148,1866,2024-12-17T06:08:05Z,,2086.49,2086.49,6,WINTER-FLYER,paid
301155,1908,2024-12-24T07:43:54Z,,3377.23,,6,RAMADAN-BUNDLE,paid
301163,1923,2024-12-02T15:05:32Z,,3478.92,,9,,canceled
301164,1931,2024-12-06T08:01:18Z,,2937.16,2937.16,4,NONE,paid
301165,1935,2024-12-09T12:10:06Z,,1739.26,,7,,pending_hold
301167,1935,2024-12-03T10:15:25Z,,6359.64,6359.64,8,NONE,paid
301170,1941,2024-12-11T10:00:52Z,,653.35,,7,LUX-R6,canceled
301174,1942,2024-12-25T07:50:04Z,,8863.71,,12,WINTER-FLYER,paid
301175,1948,2024-12-21T09:23:43Z,,3604.13,,7,LUX-R6,paid
301182,1958,2024-12-16T07:27:41Z,,2622.49,2622.49,10,LUX-R6,pending_hold
301187,1986,2024-12-22T10:28:19Z,,4104.79,,6,NONE,canceled
301189,1987,2024-12-12T13:11:21Z,,4054.59,4054.59,10,NONE,canceled
301190,1990,2024-12-05T14:13:24Z,,5613.6,,6,RAMADAN-BUNDLE,paid
301191,1992,2024-12-20T15:53:44Z,,4736.05,4736.05,9,NONE,paid
301192,1996,2024-12-06T09:58:40Z,,6981.51,,12,LUX-R6,paid
301193,1996,2024-12-05T14:47:44Z,,4662.31,,5,,canceled
301194,1996,2024-12-21T10:03:58Z,,1954.09,,5,WINTER-FLYER,paid
301199,2007,2024-12-14T13:48:37Z,,1564.16,,5,NONE,paid
301200,2011,2024-12-20T06:24:32Z,,1410.88,,3,,canceled
301203,2023,2024-12-19T09:10:39Z,,7127.17,,15,NONE,canceled
301204,2023,2024-12-15T14:11:06Z,,7491.36,7491.36,12,NONE,paid
301209,2034,2024-12-24T14:59:27Z,,1964.84,,5,,shipped
301211,2040,2024-12-13T06:09:04Z,,1421.38,,2,WINTER-FLYER,paid
301216,2049,2024-12-17T13:28:14Z,,5391.17,,10,WINTER-FLYER,shipped
301218,2054,2024-12-25T07:39:05Z,,3046.97,,2,WINTER-FLYER,paid
301237,2121,2024-12-19T09:52:55Z,,2569.81,2569.81,10,,pending_hold
301241,2131,2024-12-25T12:59:59Z,,1840.21,,6,NONE,canceled
301242,2131,2024-12-09T14:55:05Z,,2587.95,2587.95,3,,paid
301245,2134,2024-12-06T12:38:29Z,,4327.39,,8,,paid
301249,2138,2024/12/03 08:27,,5487.3,5487.30,10,NONE,shipped
301251,2146,2024/12/16 12:46,,4450.26,4450.26,8,,pending_hold
301253,2157,2024-12-19T12:16:28Z,,4851.56,,8,WINTER-FLYER,shipped
301255,2157,2024-12-05T08:56:28Z,,2208.54,2208.54,4,RAMADAN-BUNDLE,canceled
301259,2173,2024-12-25T08:42:15Z,,429.38,,2,LUX-R6,pending_hold
301260,2175,2024-12-17T06:59:40Z,,1851.17,,5,WINTER-FLYER,shipped
301261,2175,2024-12-25T08:00:37Z,,5961.55,,7,LUX-R6,paid
301266,2192,2024-12-25T10:34:00Z,,2047.27,,3,,shipped
301267,2196,2024-12-09T07:36:06Z,,5021.97,5021.97,9,WINTER-FLYER,paid
301275,2250,2024-12-07T13:58:06Z,,4867.75,4867.75,8,RAMADAN-BUNDLE,paid
301276,2255,2024-12-22T09:12:00Z,,3239.47,3239.47,6,NONE,shipped
301278,2259,2024-12-12T10:36:39Z,,2019.97,2019.97,2,WINTER-FLYER,shipped
301283,2283,2024-12-07T12:14:42Z,,1481.56,,5,LUX-R6,canceled
301285,2292,2024-12-22T10:03:33Z,,1961.07,1961.07,4,NONE,pending_hold
301295,2330,2024-12-25T13:54:06Z,,5670.56,5670.56,9,WINTER-FLYER,canceled
301296,2335,2024-12-21T10:06:39Z,,4002.91,,9,RAMADAN-BUNDLE,paid
301298,2340,2024-12-27T14:59:36Z,,1986.68,1986.68,6,,paid
301301,2356,2024-12-25T08:06:26Z,,2181.11,2181.11,5,NONE,pending_hold
301306,2359,2024-12-16T11:41:38Z,,3060.43,,5,LUX-R6,paid
301315,2371,2024-12-02T08:42:51Z,,3318.81,3318.81,7,WINTER-FLYER,shipped
301319,2377,2024-12-19T11:22:10Z,,402.58,402.58,4,LUX-R6,canceled
301321,2377,2024-12-07T11:13:01Z,,2801.4,2801.40,3,NONE,paid
301323,2380,2024-12-22T11:38:39Z,,4873.87,4873.87,8,,pending_hold
301324,2383,2024-12-28T12:27:10Z,,2841.61,,8,NONE,paid
301333,2400,2024-12-25T10:28:06Z,,1032.74,,6,WINTER-FLYER,shipped
301336,2416,2024/12/20 12:43,,2870.9,2870.90,8,,paid
301341,2419,2024-12-26T07:29:40Z,,3851.03,,6,WINTER-FLYER,paid
301346,2448,2024-12-19T10:14:23Z,,1416.59,1416.59,3,WINTER-FLYER,pending_hold
301347,2448,2024-12-11T10:37:18Z,,2453.2,,10,,shipped
301359,2462,2024-12-11T08:51:21Z,,2106.91,,4,RAMADAN-BUNDLE,paid
301361,2465,2024-12-02T07:58:26Z,,3178.33,,2,NONE,paid
301362,2472,2024-12-19T06:23:37Z,,2283.25,,8,NONE,paid
301363,2472,2024-12-06T09:45:57Z,,1589.1,,5,,paid
301367,2473,2024-12-22T09:43:35Z,,2250.84,,5,NONE,shipped
301369,2480,2024-12-07T11:34:30Z,,2339.27,,3,,paid
301372,2503,2024-12-21T12:15:57Z,,5874.28,,11,WINTER-FLYER,paid
301374,2518,2024-12-21T10:21:19Z,,5683.06,5683.06,12,,pending_hold
301375,2518,2024/12/01 16:43,,2818.55,,11,WINTER-FLYER,pending_hold
301379,2519,2024/12/11 14:45,,1331.7,,2,,canceled
301384,2539,2024-12-02T09:27:14Z,,4168.07,,5,WINTER-FLYER,pending_hold
301387,2544,2024-12-09T06:58:49Z,,5114.37,,3,WINTER-FLYER,canceled
301393,2560,2024/12/24 10:10,,1268.52,,4,NONE,pending_hold
301403,2582,2024-12-08T09:01:23Z,,4429.06,4429.06,8,NONE,paid
301409,2598,2024-12-26T13:22:39Z,,3940.31,,6,LUX-R6,canceled
301410,2601,2024-12-11T09:30:34Z,,6850.53,6850.53,8,WINTER-FLYER,shipped
301411,2602,2024-12-26T07:22:10Z,,3967.74,,8,WINTER-FLYER,pending_hold
301412,2602,2024-12-24T11:37:25Z,,1257.49,1257.49,5,,canceled
301413,2604,2024-12-03T16:53:37Z,,5351.6,,10,,paid
301414,2604,2024-12-24T09:47:29Z,,5846.04,5846.04,10,,paid
301418,2607,2024-12-04T07:04:06Z,,335.18,335.18,2,RAMADAN-BUNDLE,pending_hold
301419,2608,2024-12-28T07:59:09Z,,1435.53,,5,,pending_hold
301421,2611,2024-12-15T12:08:05Z,,6861.62,,9,RAMADAN-BUNDLE,paid
301422,2611,2024-12-16T11:21:10Z,,4086.19,,9,,pending_hold
301425,2631,2024-12-21T09:11:17Z,,2214.75,2214.75,6,RAMADAN-BUNDLE,pending_hold
301426,2633,2024-12-01T11:43:59Z,,2151.74,2151.74,9,,pending_hold
301428,2639,2024-12-07T06:31:17Z,,4363.39,,8,NONE,shipped
301431,2650,2024-12-17T10:10:02Z,,3256.07,3256.07,7,LUX-R6,paid
301436,2662,2024-12-27T06:31:47Z,,3230.95,3230.95,4,LUX-R6,shipped
301437,2668,2024-12-26T13:13:55Z,,1860.1,,6,NONE,paid
301452,2685,2024-12-26T08:20:21Z,,6125.7,6125.70,12,RAMADAN-BUNDLE,paid
301465,2729,2024-12-18T10:42:46Z,,4020.04,,8,,pending_hold
301467,2729,2024-12-17T10:37:05Z,,3615.18,3615.18,7,,paid
301468,2739,2024/12/18 11:01,,7545.74,,14,NONE,canceled
301471,2739,2024-12-08T07:15:47Z,,5744.85,5744.85,5,,shipped
301472,2739,2024-12-03T06:03:13Z,,3761.18,3761.18,11,,paid
301474,2743,2024/12/25 10:30,,2435.62,,5,NONE,shipped
301478,2754,2024-12-06T08:30:51Z,,5387.37,,11,WINTER-FLYER,paid
301479,2756,2024-12-09T10:02:11Z,,4755.04,4755.04,5,LUX-R6,paid
301484,2786,2024-12-27T08:41:47Z,,3944.55,,7,WINTER-FLYER,canceled
301487,2787,2024-12-25T10:44:44Z,,3084.99,,7,RAMADAN-BUNDLE,pending_hold
301488,2792,2024-12-02T10:48:41Z,,2151.66,2151.66,5,,paid
301497,1002,2025-01-20T09:07:30Z,,3047.32,3047.32,8,NONE,paid
301501,1015,2025/01/17 13:55,,7660.47,,11,NONE,canceled
301503,1019,2025-01-10T13:34:58Z,,5069.72,,13,,paid
301504,1021,2025-01-21T08:38:38Z,,3791.96,,9,WINTER-FLYER,canceled
301508,1024,2025/01/28 12:43,,4230.03,4230.03,3,RAMADAN-BUNDLE,canceled
301509,1025,2025-01-04T11:21:15Z,,2068.49,,6,NONE,canceled
301516,1042,2025-01-21T06:05:23Z,,5962.55,,10,WINTER-FLYER,paid
301518,1048,2025-01-06T13:57:34Z,,2329.29,,4,LUX-R6,paid
301520,1049,2025-01-21T11:43:20Z,,5867.68,,5,RAMADAN-BUNDLE,paid
301521,1052,2025-01-13T07:31:08Z,,1314.99,,5,WINTER-FLYER,pending_hold
301524,1056,2025-01-08T12:41:08Z,,1122.12,,5,NONE,canceled
301530,1089,2025-01-13T07:17:48Z,,4316.19,4316.19,9,LUX-R6,paid
301531,1091,2025-01-18T06:22:37Z,,872.41,872.41,3,LUX-R6,paid
301535,1100,2025-01-05T07:02:18Z,,4743.96,4743.96,5,,paid
301538,1106,2025-01-17T15:42:01Z,,3417.3,,9,NONE,shipped
301539,1111,2025-01-09T07:04:43Z,,5617.29,5617.29,7,NONE,paid
301541,1113,2025-01-06T13:19:39Z,,4316.04,,6,RAMADAN-BUNDLE,paid
301545,1116,2025-01-11T08:29:15Z,,6868.05,,11,LUX-R6,canceled
301546,1118,2025-01-20T06:20:45Z,,1710.7,,3,NONE,shipped
301549,1135,2025-01-21T07:47:58Z,,1531.76,1531.76,5,NONE,paid
301553,1141,2025-01-27T06:58:48Z,,1582.47,1582.47,6,LUX-R6,paid
301555,1141,2025-01-25T14:22:50Z,,1034.45,,2,NONE,paid
301556,1141,2025-01-21T09:51:40Z,,2892.48,,6,,shipped
301558,1143,2025-01-14T10:02:22Z,,1881.95,,4,WINTER-FLYER,shipped
301561,1155,2025-01-25T09:38:33Z,,5454.04,5454.04,12,NONE,paid
301565,1162,2025/01/15 12:18,,2798.99,2798.99,5,NONE,paid
301567,1174,2025-01-08T09:01:16Z,,5423.16,5423.16,9,WINTER-FLYER,shipped
301571,1181,2025-01-19T13:07:50Z,,1837.43,,5,NONE,paid
301572,1183,2025-01-09T11:09:44Z,,8364.56,8364.56,15,RAMADAN-BUNDLE,paid
301576,1199,2025/01/01 10:45,,3292.95,,5,,pending_hold
301578,1208,2025-01-12T10:37:42Z,,1263.89,,5,NONE,paid
301580,1211,2025-01-13T09:57:01Z,,1420.85,,6,WINTER-FLYER,shipped
301583,1232,2025-01-09T14:25:03Z,,2692.29,2692.29,9,,paid
301584,1232,2025-01-26T09:32:31Z,,756.78,,4,WINTER-FLYER,pending_hold
301589,1243,2025-01-22T11:56:41Z,,1336.87,,6,WINTER-FLYER,paid
301592,1250,2025-01-08T06:44:19Z,,773.51,,2,NONE,pending_hold
301593,1250,2025-01-06T09:35:59Z,,6642.91,,12,RAMADAN-BUNDLE,paid
301594,1250,2025-01-17T09:37:22Z,,4421.63,4421.63,10,RAMADAN-BUNDLE,canceled
301595,1250,2025-01-03T09:54:34Z,,2878.06,,7,NONE,canceled
301597,1254,2025-01-20T08:46:59Z,,2941.4,,8,RAMADAN-BUNDLE,paid
301598,1262,2025-01-18T16:57:29Z,,1655.57,,5,WINTER-FLYER,canceled
301599,1262,2025/01/28 11:59,,614.97,,3,,pending_hold
301602,1267,2025-01-17T15:50:55Z,,2820.85,2820.85,3,NONE,pending_hold
301615,1305,2025-01-12T12:41:40Z,,5729.28,,7,NONE,paid
301618,1312,2025-01-13T07:16:17Z,,1698.24,,9,,shipped
301626,1329,2025-01-03T10:28:19Z,,3189.61,3189.61,7,,pending_hold
301628,1332,2025-01-19T14:20:53Z,,3123.77,3123.77,6,LUX-R6,pending_hold
301630,1335,2025-01-13T06:35:05Z,,10988.96,10988.96,14,RAMADAN-BUNDLE,paid
301631,1336,2025-01-08T07:29:30Z,,4106.06,4106.06,6,RAMADAN-BUNDLE,paid
301633,1345,2025-01-26T12:33:29Z,,3150.05,3150.05,6,NONE,shipped
301636,1347,2025-01-07T08:14:13Z,,1855.93,1855.93,5,NONE,paid
301638,1348,2025-01-16T14:54:02Z,,6262.14,6262.14,8,NONE,paid
301642,1357,2025-01-05T12:16:06Z,,2706.92,,6,LUX-R6,canceled
301647,1382,2025-01-15T12:25:10Z,,2898.13,2898.13,7,WINTER-FLYER,shipped
301650,1388,2025-01-21T06:11:14Z,,1899.48,,7,,pending_hold
301651,1389,2025-01-21T11:03:21Z,,5546.34,,10,NONE,canceled
301653,1393,2025-01-15T12:58:51Z,,6564.07,,10,NONE,paid
301659,1403,2025-01-27T12:19:12Z,,3162.81,,8,WINTER-FLYER,pending_hold
301660,1404,2025-01-15T15:30:33Z,,3975.26,,8,WINTER-FLYER,paid
301663,1405,2025-01-08T06:45:25Z,,1713.96,,8,,shipped
301664,1405,2025-01-28T10:01:44Z,,1870.12,,7,NONE,paid
301668,1407,2025-01-21T09:32:36Z,,7719.07,7719.07,7,WINTER-FLYER,paid
301672,1410,2025-01-17T13:08:35Z,,3253.45,,3,,pending_hold
301674,1411,2025-01-13T12:31:55Z,,2567.54,2567.54,5,WINTER-FLYER,shipped
301678,1418,2025-01-19T13:15:17Z,,1728.56,,2,RAMADAN-BUNDLE,pending_hold
301689,1456,2025-01-01T10:06:56Z,,2691.72,2691.72,6,WINTER-FLYER,pending_hold
301690,1456,2025-01-17T12:33:31Z,,1493.1,,3,WINTER-FLYER,canceled
301691,1457,2025-01-26T12:44:06Z,,6559.79,6559.79,13,LUX-R6,paid
301693,1460,2025-01-15T06:25:15Z,,3629.38,3629.38,8,NONE,canceled
301702,1476,2025-01-23T06:38:51Z,,1926.6,1926.60,5,NONE,paid
301707,1494,2025-01-05T13:17:59Z,,3990.11,,8,LUX-R6,paid
301714,1535,2025-01-13T10:12:14Z,,426.18,426.18,2,NONE,paid
301715,1538,2025-01-21T07:26:03Z,,2422.67,2422.67,6,WINTER-FLYER,paid
301717,1546,2025-01-08T06:00:24Z,,3433.55,,8,NONE,canceled
301723,1564,2025-01-13T10:58:38Z,,1697.82,,3,LUX-R6,canceled
301728,1572,2025/01/26 10:44,,4968.24,,11,WINTER-FLYER,shipped
301731,1576,2025-01-14T10:35:41Z,,5116.61,,8,,paid
301737,1592,2025-01-26T10:24:07Z,,4737.81,4737.81,6,NONE,paid
301744,1596,2025-01-15T12:55:40Z,,2282.65,2282.65,5,NONE,pending_hold
301746,1597,2025-01-28T08:04:53Z,,7223.94,7223.94,8,NONE,paid
301751,1598,2025-01-01T11:16:30Z,,1652.36,,7,,pending_hold
301757,1612,2025-01-24T07:21:46Z,,3593.24,,12,NONE,shipped
301761,1629,2025-01-18T12:45:32Z,,4522.24,4522.24,6,NONE,paid
301766,1650,2025/01/21 15:43,,4068.82,,10,WINTER-FLYER,paid
301767,1657,2025-01-25T07:42:48Z,,7873.92,7873.92,9,NONE,pending_hold
301770,1669,2025-01-28T08:10:50Z,,5139.45,,5,LUX-R6,canceled
301774,1669,2025-01-20T12:10:57Z,,2088.28,,5,NONE,paid
301777,1671,2025-01-27T12:49:04Z,,379.48,379.48,4,LUX-R6,shipped
301778,1671,2025-01-11T16:09:55Z,,4845.68,,11,WINTER-FLYER,paid
301779,1673,2025-01-28T16:23:07Z,,3456.96,,8,NONE,shipped
301781,1673,2025-01-26T13:59:24Z,,2357.92,,10,LUX-R6,canceled
301785,1674,2025-01-27T10:47:44Z,,10657.43,,11,,shipped
301794,1702,2025-01-24T12:07:01Z,,2629.9,2629.90,7,WINTER-FLYER,paid
301797,1704,2025-01-16T11:36:31Z,,6068.15,,15,NONE,shipped
301800,1704,2025-01-19T18:36:57Z,,3468.68,,4,,paid
301802,1710,2025-01-18T08:49:18Z,,1251.39,,2,RAMADAN-BUNDLE,paid
301804,1710,2025/01/26 18:47,,3149.08,,4,WINTER-FLYER,paid
301805,1717,2025-01-11T11:59:11Z,,3029.56,3029.56,7,LUX-R6,canceled
301813,1728,2025-01-14T16:52:53Z,,5934.38,,6,NONE,shipped
301815,1734,2025-01-28T16:18:36Z,,1539.87,1539.87,5,LUX-R6,shipped
301821,1750,2025-01-16T12:23:54Z,,5514.82,,10,NONE,pending_hold
301822,1750,2025-01-21T07:18:30Z,,3189.56,,6,RAMADAN-BUNDLE,paid
301823,1752,2025-01-09T07:31:08Z,,6899.39,,8,RAMADAN-BUNDLE,pending_hold
301826,1758,2025-01-28T10:48:01Z,,633.14,633.14,5,NONE,canceled
301828,1768,2025-01-21T06:58:41Z,,1717.1,1717.10,7,LUX-R6,pending_hold
301829,1768,2025-01-01T12:19:13Z,,3957.87,,9,WINTER-FLYER,paid
301831,1782,2025/01/07 08:46,,4559.29,,9,NONE,pending_hold
301833,1791,2025-01-21T12:16:19Z,,1731.31,1731.31,4,RAMADAN-BUNDLE,paid
301838,1797,2025-01-06T08:26:43Z,,4817.08,4817.08,6,RAMADAN-BUNDLE,paid
301839,1799,2025/01/04 15:45,,6762.08,6762.08,13,NONE,paid
301843,1812,2025-01-13T13:33:41Z,,462.94,462.94,2,NONE,paid
301848,1826,2025-01-21T12:52:57Z,,4671.23,,9,RAMADAN-BUNDLE,paid
301853,1845,2025-01-16T10:34:29Z,,5223.23,,13,,pending_hold
301860,1862,2025-01-15T09:16:18Z,,3262.25,,7,LUX-R6,paid
301868,1879,2025-01-13T11:53:15Z,,4856.45,,6,NONE,pending_hold
301869,1886,2025-01-10T06:49:20Z,,7604.18,7604.18,15,LUX-R6,paid
301871,1892,2025-01-06T09:48:07Z,,2151.32,2151.32,4,NONE,shipped
301875,1919,2025-01-17T12:42:23Z,,5579.7,5579.70,5,RAMADAN-BUNDLE,pending_hold
301882,1926,2025-01-05T06:16:40Z,,5776.31,5776.31,8,,paid
301883,1927,2025-01-18T09:42:39Z,,9871.1,9871.10,14,LUX-R6,paid
301885,1927,2025/01/09 17:36,,2165.43,2165.43,5,NONE,paid
301892,1942,2025-01-25T10:36:35Z,,2899.7,2899.70,7,NONE,paid
301897,1953,2025-01-04T12:56:00Z,,4453.93,4453.93,9,WINTER-FLYER,paid
301900,1958,2025-01-16T09:55:16Z,,1943.19,,4,,shipped
301908,1984,2025-01-07T12:53:03Z,,3827.34,3827.34,8,NONE,pending_hold
301909,1985,2025-01-22T10:49:10Z,,2666.54,,5,RAMADAN-BUNDLE,paid
301918,2011,2025-01-03T14:05:36Z,,3344.26,,9,NONE,canceled
301920,2013,2025-01-03T14:02:32Z,,5914.68,5914.68,6,RAMADAN-BUNDLE,paid
301922,2023,2025-01-06T12:26:20Z,,747.04,747.04,4,NONE,shipped
301923,2025,2025-01-19T09:21:18Z,,2644.62,,5,WINTER-FLYER,paid
301933,2038,2025-01-15T15:53:03Z,,8111.04,,13,WINTER-FLYER,paid
301938,2044,2025-01-10T08:04:05Z,,1102.48,,4,RAMADAN-BUNDLE,paid
301940,2047,2025-01-22T16:18:01Z,,4686.03,,7,WINTER-FLYER,paid
301947,2076,2025-01-15T13:26:46Z,,4317.62,,8,WINTER-FLYER,paid
301949,2081,2025-01-06T08:46:37Z,,2433.46,,10,NONE,paid
301952,2087,2025-01-23T06:45:50Z,,2632.89,2632.89,4,WINTER-FLYER,pending_hold
301956,2091,2025-01-08T14:17:39Z,,2642.45,,6,NONE,shipped
301957,2100,2025/01/17 14:24,,2185.66,,4,NONE,shipped
301958,2104,2025-01-21T10:55:24Z,,3146.95,3146.95,9,WINTER-FLYER,paid
301959,2104,2025-01-14T09:36:53Z,,4048.45,4048.45,12,NONE,paid
301963,2120,2025-01-02T10:12:31Z,,1787.39,1787.39,6,NONE,canceled
301966,2123,2025-01-26T07:53:38Z,,2156.79,,6,LUX-R6,paid
301969,2130,2025-01-19T08:35:27Z,,1639.16,,4,RAMADAN-BUNDLE,pending_hold
301971,2130,2025-01-04T08:14:08Z,,2168.21,2168.21,8,NONE,paid
301977,2134,2025-01-08T08:17:40Z,,13815.17,,11,RAMADAN-BUNDLE,pending_hold
301981,2146,2025-01-27T11:41:33Z,,6843.1,6843.10,15,,paid
301982,2157,2025-01-10T13:32:51Z,,4771.51,,9,RAMADAN-BUNDLE,paid
301983,2157,2025-01-21T10:24:11Z,,1742.93,1742.93,7,LUX-R6,canceled
301985,2163,2025-01-15T12:21:08Z,,4678.05,4678.05,6,NONE,paid
301993,2186,2025-01-22T07:42:45Z,,2081.38,,11,,shipped
301995,2186,2025-01-28T08:45:37Z,,5806.43,,8,,shipped
301998,2196,2025-01-08T16:35:15Z,,3497.13,,9,NONE,canceled
301999,2196,2025-01-23T08:09:26Z,,5798.16,5798.16,4,RAMADAN-BUNDLE,paid
302005,2206,2025-01-07T11:02:12Z,,2224.98,,5,NONE,shipped
302011,2219,2025-01-08T08:55:37Z,,3133.09,,9,WINTER-FLYER,canceled
302014,2233,2025-01-16T10:57:38Z,,1626.61,,5,WINTER-FLYER,paid
302021,2244,2025-01-14T11:47:53Z,,3822.84,3822.84,6,,shipped
302024,2255,2025-01-20T09:53:14Z,,1470.97,1470.97,6,WINTER-FLYER,shipped
302025,2255,2025-01-22T08:14:38Z,,6993.14,,12,NONE,paid
302027,2264,2025-01-04T11:00:54Z,,1254.83,,2,,shipped
302028,2266,2025-01-02T06:04:32Z,,1814.58,,5,NONE,paid
302030,2266,2025-01-19T10:00:36Z,,1996.96,,6,LUX-R6,paid
302031,2273,2025-01-11T10:57:34Z,,1551.86,,5,LUX-R6,paid
302032,2273,2025-01-15T06:06:49Z,,4449.15,,13,WINTER-FLYER,canceled
302037,2293,2025-01-18T12:36:57Z,,4631.81,,14,NONE,shipped
302040,2300,2025-01-15T11:05:10Z,,2067.08,2067.08,5,,pending_hold
302041,2300,2025-01-15T12:37:13Z,,2395.41,2395.41,5,,shipped
302042,2301,2025-01-20T06:00:54Z,,5936.21,,9,NONE,paid
302043,2318,2025-01-06T08:02:21Z,,7489.09,,12,RAMADAN-BUNDLE,canceled
302052,2370,2025-01-06T10:25:05Z,,2816.25,,8,,paid
302056,2371,2025-01-19T07:21:19Z,,3909.3,,4,WINTER-FLYER,canceled
302057,2371,2025-01-21T11:22:29Z,,2889.62,,10,,paid
302060,2377,2025-01-16T11:23:41Z,,3421.88,,8,NONE,pending_hold
302063,2380,2025/01/01 15:24,,417.93,,2,NONE,pending_hold
302066,2381,2025-01-08T08:51:13Z,,1016.92,1016.92,4,NONE,canceled
302070,2388,2025-01-22T18:36:34Z,,3105.05,,5,NONE,shipped
302071,2394,2025-01-11T12:22:01Z,,7251.83,,11,WINTER-FLYER,shipped
302072,2398,2025-01-16T14:43:01Z,,808.86,,3,NONE,pending_hold
302075,2400,2025-01-27T06:09:37Z,,1345.68,,4,NONE,paid
302076,2400,2025-01-21T13:54:47Z,,3809.22,,10,LUX-R6,canceled
302077,2405,2025-01-11T09:32:50Z,,5654.38,,5,,paid
302078,2405,2025-01-04T09:32:43Z,,3189.87,,8,NONE,paid
302087,2448,2025-01-02T12:22:20Z,,8985.76,8985.76,11,NONE,pending_hold
302090,2450,2025-01-23T07:28:44Z,,2864.43,2864.43,8,,paid
302092,2454,2025-01-26T06:21:50Z,,1570.57,,4,NONE,paid
302101,2486,2025-01-01T10:14:33Z,,4054.63,,6,,paid
302102,2486,2025-01-05T12:11:44Z,,3570.4,3570.40,11,NONE,canceled
302104,2493,2025-01-26T11:25:39Z,,3403.1,3403.10,4,WINTER-FLYER,paid
302107,2503,2025-01-10T08:07:29Z,,2959.48,,7,NONE,shipped
302112,2535,2025-01-02T10:16:12Z,,2283.18,2283.18,4,RAMADAN-BUNDLE,paid
302113,2537,2025-01-10T12:44:34Z,,3904.99,3904.99,6,NONE,shipped
302116,2541,2025-01-19T10:19:38Z,,2428.32,2428.32,3,RAMADAN-BUNDLE,paid
302117,2542,2025-01-03T06:24:55Z,,2588.19,,8,NONE,shipped
302121,2549,2025-01-13T10:09:31Z,,5092.18,5092.18,15,,shipped
302122,2549,2025-01-20T06:23:26Z,,2533.98,,7,RAMADAN-BUNDLE,paid
302127,2561,2025-01-13T06:35:41Z,,4061.69,,8,NONE,paid
302129,2570,2025-01-01T14:13:39Z,,8624.51,,11,WINTER-FLYER,paid
302134,2577,2025-01-09T11:20:44Z,,4225.7,4225.70,6,WINTER-FLYER,canceled
302140,2583,2025-01-02T12:25:58Z,,871.94,,3,LUX-R6,paid
302141,2586,2025-01-14T12:31:55Z,,6725.77,,11,,shipped
302142,2589,2025-01-21T09:35:07Z,,1847.55,,2,,paid
302143,2598,2025-01-11T06:34:18Z,,1218.72,1218.72,4,LUX-R6,paid
302144,2598,2025-01-04T10:04:37Z,,4993.96,,8,,paid
302145,2601,2025-01-14T11:34:04Z,,3055.88,3055.88,7,,shipped
302154,2623,2025-01-08T09:16:25Z,,4061.53,,8,RAMADAN-BUNDLE,pending_hold
302156,2631,2025-01-25T11:11:29Z,,2157.96,2157.96,6,RAMADAN-BUNDLE,shipped
302157,2631,2025-01-09T09:48:59Z,,773.8,773.80,5,,paid
302158,2633,2025-01-18T14:23:57Z,,1490.37,,6,,paid
302163,2648,2025-01-18T11:22:17Z,,4599.28,4599.28,8,RAMADAN-BUNDLE,paid
302174,2675,2025-01-04T08:48:35Z,,8594.57,8594.57,10,,canceled
302179,2691,2025-01-10T12:05:53Z,,2709.45,2709.45,6,RAMADAN-BUNDLE,paid
302182,2701,2025-01-14T08:29:27Z,,3196.13,,5,,paid
302189,2712,2025-01-24T15:49:59Z,,3158.78,,5,LUX-R6,paid
302193,2721,2025-01-03T12:58:23Z,,3052.27,3052.27,9,NONE,shipped
302194,2723,2025-01-08T10:48:52Z,,4733.02,,7,WINTER-FLYER,canceled
302196,2726,2025-01-25T11:22:22Z,,2233.36,,8,NONE,pending_hold
302198,2737,2025-01-02T08:10:51Z,,3740.01,3740.01,8,WINTER-FLYER,paid
302200,2739,2025-01-19T12:20:51Z,,3395.8,3395.80,7,NONE,shipped
302204,2749,2025-01-06T08:25:22Z,,5772.46,5772.46,6,,paid
302207,2750,2025-01-18T14:12:24Z,,3354.17,,10,NONE,paid
302212,2755,2025-01-16T11:58:25Z,,6609.3,,8,NONE,canceled
302221,2780,2025-01-21T14:12:46Z,,1803.95,1803.95,7,WINTER-FLYER,canceled
302224,2783,2025-01-20T13:29:11Z,,6370.39,,12,LUX-R6,paid
302237,1003,2025-02-21T11:46:15Z,,3108.07,,6,WINTER-FLYER,paid
302238,1006,2025-02-16T14:07:16Z,,1101.08,1101.08,3,LUX-R6,shipped
302245,1019,2025-02-15T11:12:00Z,,2364.94,,6,RAMADAN-BUNDLE,canceled
302249,1022,2025-02-28T08:17:05Z,,6266.84,6266.84,7,,canceled
302251,1025,2025/02/11 09:23,,2685.21,2685.21,9,NONE,canceled
302253,1029,2025-02-28T07:33:55Z,,5573.57,,11,WINTER-FLYER,pending_hold
302281,1074,2025-02-20T09:25:04Z,,1218.11,,4,WINTER-FLYER,paid
302283,1074,2025-02-17T10:24:41Z,,3351.35,,3,LUX-R6,shipped
302285,1080,2025-02-10T13:26:37Z,,1432.28,,2,,paid
302289,1084,2025-02-17T07:53:45Z,,3558.64,,12,NONE,shipped
302290,1084,2025-02-24T12:08:14Z,,4231.86,4231.86,9,RAMADAN-BUNDLE,pending_hold
302291,1089,2025-02-15T13:36:28Z,,3590.21,,9,LUX-R6,paid
302294,1100,2025-02-23T10:53:56Z,,1212.49,,5,NONE,pending_hold
302295,1102,2025-02-28T10:49:09Z,,1951.48,,9,,paid
302298,1102,2025-02-07T13:05:26Z,,787.64,,2,LUX-R6,pending_hold
302304,1113,2025-02-02T07:14:02Z,,2289.02,2289.02,3,NONE,pending_hold
302307,1118,2025-02-04T09:07:13Z,,248.9,,3,LUX-R6,pending_hold
302308,1118,2025-02-05T13:15:33Z,,4969.07,4969.07,7,RAMADAN-BUNDLE,canceled
302310,1126,2025-02-25T09:28:39Z,,5277.73,,7,,pending_hold
302316,1135,2025-02-12T13:18:02Z,,4455.03,4455.03,13,,canceled
302319,1141,2025-02-05T14:52:38Z,,4267.2,4267.20,5,NONE,paid
302321,1143,2025-02-24T11:52:27Z,,1607.86,1607.86,4,WINTER-FLYER,paid
302322,1144,2025-02-20T07:25:25Z,,2508.48,2508.48,2,RAMADAN-BUNDLE,canceled
302325,1152,2025-02-06T08:30:00Z,,3993.05,3993.05,7,WINTER-FLYER,canceled
302326,1152,2025/02/08 08:19,,555.27,,3,RAMADAN-BUNDLE,pending_hold
302330,1162,2025-02-03T17:16:17Z,,2719.34,2719.34,7,,canceled
302341,1186,2025-02-02T10:16:38Z,,3514.93,3514.93,8,NONE,canceled
302343,1192,2025-02-08T06:16:10Z,,1479.97,,5,,paid
302344,1192,2025-02-10T15:08:44Z,,3045.54,3045.54,7,LUX-R6,shipped
302347,1204,2025-02-09T13:03:55Z,,5252.17,,6,LUX-R6,paid
302358,1223,2025-02-11T12:27:48Z,,3231.51,,7,NONE,paid
302360,1232,2025-02-15T11:05:38Z,,2332.01,2332.01,8,WINTER-FLYER,canceled
302361,1233,2025-02-19T08:35:25Z,,4072.01,4072.01,10,RAMADAN-BUNDLE,shipped
302373,1250,2025-02-08T10:38:51Z,,4255.54,,7,,canceled
302374,1253,2025-02-21T12:34:24Z,,6423.25,,9,NONE,paid
302379,1262,2025-02-28T06:38:34Z,,7824.0,,7,LUX-R6,paid
302380,1262,2025-02-17T06:28:38Z,,1126.33,,5,,shipped
302383,1262,2025/02/16 15:34,,540.71,540.71,2,NONE,paid
302386,1272,2025-02-09T11:12:31Z,,6467.01,6467.01,14,,paid
302387,1274,2025-02-04T12:57:54Z,,3258.23,,9,,paid
302393,1289,2025/02/23 14:12,,1831.18,,7,WINTER-FLYER,shipped
302395,1296,2025-02-05T06:57:58Z,,3387.82,,10,RAMADAN-BUNDLE,paid
302400,1304,2025-02-08T20:30:19Z,,2726.29,2726.29,3,RAMADAN-BUNDLE,pending_hold
302402,1304,2025-02-15T11:42:47Z,,1491.21,,4,,pending_hold
302407,1313,2025-02-13T07:09:45Z,,1719.01,,5,NONE,canceled
302408,1314,2025-02-17T11:40:04Z,,3272.18,3272.18,6,NONE,pending_hold
302410,1324,2025-02-17T08:01:34Z,,4373.15,4373.15,15,RAMADAN-BUNDLE,paid
302412,1326,2025-02-15T11:10:57Z,,3116.13,,8,WINTER-FLYER,paid
302413,1329,2025-02-24T12:09:13Z,,2042.16,2042.16,5,RAMADAN-BUNDLE,pending_hold
302419,1336,2025-02-14T06:05:21Z,,2960.07,,4,,paid
302420,1336,2025-02-11T07:58:37Z,,605.66,605.66,2,NONE,paid
302422,1341,2025-02-20T06:27:29Z,,2990.2,2990.20,10,WINTER-FLYER,shipped
302425,1345,2025-02-13T08:26:28Z,,1032.5,,3,LUX-R6,canceled
302428,1347,2025-02-26T17:43:52Z,,1640.79,1640.79,4,NONE,shipped
302434,1361,2025-02-26T08:09:33Z,,5138.05,,5,NONE,pending_hold
302438,1367,2025-02-20T06:54:30Z,,565.36,,2,LUX-R6,pending_hold
302439,1369,2025-02-02T07:13:34Z,,793.92,793.92,3,,paid
302441,1379,2025-02-05T10:21:41Z,,2226.39,2226.39,4,,paid
302444,1382,2025-02-03T06:48:32Z,,3410.45,3410.45,6,NONE,paid
302445,1385,2025-02-05T14:00:55Z,,1428.08,1428.08,2,LUX-R6,paid
302450,1392,2025-02-15T07:37:09Z,,2999.46,,10,,pending_hold
302451,1394,2025-02-28T12:25:27Z,,1409.16,,6,RAMADAN-BUNDLE,pending_hold
302457,1406,2025-02-07T08:05:09Z,,2663.01,,7,NONE,paid
302458,1406,2025-02-20T11:01:02Z,,5392.04,5392.04,9,WINTER-FLYER,paid
302459,1411,2025-02-15T08:47:37Z,,1875.39,1875.39,6,NONE,paid
302460,1411,2025/02/22 13:15,,349.66,349.66,2,NONE,paid
302461,1413,2025-02-15T11:38:20Z,,7894.6,,9,NONE,paid
302465,1417,2025-02-20T10:54:11Z,,3200.15,3200.15,5,,canceled
302470,1434,2025-02-22T08:17:00Z,,3560.9,3560.90,5,LUX-R6,paid
302473,1440,2025-02-19T10:14:37Z,,1131.66,1131.66,3,NONE,paid
302474,1440,2025-02-13T14:15:11Z,,1186.0,1186.00,7,WINTER-FLYER,paid
302479,1457,2025-02-24T10:36:56Z,,148.2,,2,LUX-R6,shipped
302480,1457,2025-02-25T11:27:24Z,,3577.84,,7,NONE,paid
302484,1471,2025-02-06T06:17:05Z,,4758.92,,7,,canceled
302486,1478,2025-02-10T06:11:27Z,,4819.23,,6,WINTER-FLYER,paid
302487,1478,2025-02-08T17:47:41Z,,1117.4,1117.40,3,NONE,paid
302492,1485,2025-02-15T12:00:33Z,,4061.07,,9,,paid
302495,1489,2025-02-04T06:27:56Z,,3260.41,,9,NONE,shipped
302496,1489,2025-02-07T07:15:01Z,,2187.11,2187.11,5,NONE,pending_hold
302508,1539,2025-02-01T08:16:25Z,,476.28,476.28,2,NONE,paid
302510,1539,2025-02-05T06:03:15Z,,7584.53,,13,NONE,canceled
302511,1539,2025-02-07T08:16:41Z,,6920.56,,10,NONE,pending_hold
302513,1544,2025-02-18T07:52:05Z,,2271.94,2271.94,3,LUX-R6,paid
302514,1544,2025-02-22T11:23:01Z,,2123.85,,4,,shipped
302516,1548,2025-02-21T10:05:22Z,,2408.14,2408.14,2,NONE,shipped
302522,1554,2025-02-22T10:23:05Z,,3680.09,3680.09,7,RAMADAN-BUNDLE,canceled
302530,1561,2025-02-13T11:01:07Z,,4336.51,4336.51,8,NONE,pending_hold
302534,1564,2025-02-18T11:33:03Z,,1450.23,,4,RAMADAN-BUNDLE,canceled
302542,1575,2025/02/07 09:54,,1940.29,,5,LUX-R6,paid
302544,1576,2025/02/20 08:04,,3469.02,3469.02,3,LUX-R6,paid
302545,1577,2025-02-13T09:52:35Z,,2390.95,2390.95,9,WINTER-FLYER,canceled
302546,1584,2025/02/15 20:01,,3827.83,3827.83,3,WINTER-FLYER,pending_hold
302549,1592,2025-02-13T11:43:39Z,,1286.34,,4,NONE,pending_hold
302552,1594,2025-02-04T10:20:37Z,,3588.55,3588.55,7,LUX-R6,shipped
302553,1594,2025-02-10T12:56:37Z,,4491.22,,12,NONE,pending_hold
302555,1594,2025-02-03T06:14:22Z,,7172.96,,15,,paid
302557,1595,2025-02-19T12:12:48Z,,3078.9,3078.90,6,LUX-R6,pending_hold
302559,1596,2025-02-05T07:21:41Z,,3748.2,3748.20,5,NONE,pending_hold
302560,1596,2025-02-10T08:50:33Z,,953.87,953.87,4,LUX-R6,paid
302564,1600,2025-02-27T07:04:31Z,,3434.67,3434.67,10,NONE,pending_hold
302565,1600,2025-02-18T12:41:49Z,,2656.94,2656.94,2,WINTER-FLYER,paid
302583,1623,2025-02-20T10:53:50Z,,1769.16,1769.16,3,NONE,paid
302586,1625,2025-02-11T13:46:29Z,,1373.71,1373.71,6,LUX-R6,pending_hold
302592,1635,2025-02-01T13:12:46Z,,7078.93,,14,NONE,paid
302596,1647,2025-02-02T12:07:48Z,,2198.66,2198.66,7,NONE,pending_hold
302597,1648,2025-02-13T11:10:34Z,,2678.86,,4,NONE,paid
302601,1656,2025-02-17T10:50:19Z,,755.98,,2,NONE,shipped
302609,1671,2025/02/22 11:55,,3982.0,3982.00,8,LUX-R6,paid
302611,1674,2025-02-27T10:07:56Z,,2283.29,2283.29,7,WINTER-FLYER,pending_hold
302613,1675,2025-02-15T06:20:23Z,,1405.53,1405.53,4,NONE,canceled
302615,1688,2025-02-10T15:45:25Z,,5004.0,,4,RAMADAN-BUNDLE,paid
302619,1693,2025-02-11T12:43:03Z,,2545.98,2545.98,5,NONE,paid
302620,1693,2025-02-25T10:45:59Z,,1954.5,1954.50,6,LUX-R6,shipped
302621,1695,2025-02-28T07:17:45Z,,4463.95,4463.95,9,WINTER-FLYER,paid
302622,1695,2025-02-08T06:15:05Z,,2367.59,2367.59,6,NONE,shipped
302624,1701,2025-02-22T06:14:15Z,,2054.71,,4,,canceled
302639,1714,2025-02-13T17:46:19Z,,5351.37,,7,NONE,shipped
302640,1714,2025-02-07T09:08:23Z,,4935.25,,10,,pending_hold
302650,1722,2025-02-07T12:50:17Z,,2732.0,2732.00,3,NONE,canceled
302651,1722,2025-02-13T10:55:27Z,,1953.06,,9,NONE,shipped
302653,1722,2025-02-15T13:13:54Z,,6835.75,6835.75,14,NONE,shipped
302655,1722,2025-02-22T12:30:02Z,,1309.24,1309.24,9,NONE,pending_hold
302659,1733,2025-02-21T09:12:04Z,,2935.17,,2,NONE,paid
302663,1740,2025-02-01T08:59:24Z,,4424.25,,8,,pending_hold
302665,1748,2025-02-21T14:23:53Z,,3053.04,,6,LUX-R6,shipped
302668,1750,2025-02-21T08:22:19Z,,6869.79,,12,NONE,paid
302675,1776,2025-02-07T09:13:48Z,,1009.22,,3,,paid
302677,1782,2025-02-05T14:33:35Z,,5727.48,,10,NONE,paid
302681,1791,2025-02-17T08:52:13Z,,2336.61,,6,WINTER-FLYER,shipped
302682,1791,2025-02-26T09:30:28Z,,1694.12,,2,NONE,paid
302683,1791,2025-02-11T12:59:27Z,,3111.62,3111.62,7,RAMADAN-BUNDLE,shipped
302685,1794,2025-02-08T09:55:00Z,,3012.42,3012.42,3,NONE,shipped
302689,1795,2025-02-28T11:49:08Z,,6201.94,6201.94,8,,paid
302691,1799,2025-02-07T09:20:59Z,,3787.05,,12,NONE,canceled
302692,1801,2025-02-25T13:05:38Z,,3476.25,,10,,paid
302698,1806,2025-02-01T06:09:47Z,,6964.73,6964.73,14,NONE,pending_hold
302700,1806,2025-02-28T09:35:07Z,,2261.6,2261.60,6,,shipped
302701,1808,2025-02-27T13:47:30Z,,6380.97,,12,NONE,paid
302703,1808,2025-02-16T11:30:49Z,,3905.46,,4,WINTER-FLYER,paid
302710,1826,2025-02-22T12:25:51Z,,6112.4,6112.40,11,WINTER-FLYER,paid
302712,1830,2025-02-18T13:25:31Z,,1534.12,,4,WINTER-FLYER,pending_hold
302720,1853,2025-02-21T13:42:23Z,,2756.47,,6,NONE,paid
302724,1860,2025-02-06T16:06:17Z,,2037.0,,4,LUX-R6,shipped
302727,1866,2025-02-14T10:04:47Z,,3156.04,3156.04,6,NONE,paid
302729,1876,2025-02-21T10:26:58Z,,3099.4,3099.40,7,,paid
302732,1879,2025-02-18T08:39:55Z,,2267.07,2267.07,8,,paid
302736,1893,2025-02-09T13:14:31Z,,2152.96,,7,RAMADAN-BUNDLE,shipped
302738,1897,2025/02/01 14:33,,5755.5,5755.50,12,NONE,paid
302743,1908,2025-02-14T14:44:20Z,,5212.63,5212.63,6,LUX-R6,canceled
302745,1912,2025-02-04T09:17:00Z,,6670.66,,9,NONE,paid
302749,1919,2025-02-27T10:42:30Z,,1205.62,1205.62,7,,shipped
302751,1922,2025-02-28T06:04:34Z,,2802.73,,6,NONE,paid
302756,1927,2025-02-26T09:34:48Z,,1707.8,,5,NONE,shipped
302758,1935,2025-02-16T14:53:14Z,,3988.28,,8,,pending_hold
302760,1938,2025-02-23T11:36:35Z,,728.08,728.08,4,WINTER-FLYER,paid
302764,1943,2025-02-03T14:47:55Z,,5319.17,,14,NONE,canceled
302768,1944,2025-02-19T09:53:42Z,,7388.84,,5,NONE,canceled
302769,1949,2025-02-12T14:28:54Z,,8228.4,8228.40,7,RAMADAN-BUNDLE,canceled
302771,1953,2025-02-06T13:45:32Z,,2825.22,,5,NONE,paid
302775,1958,2025-02-11T15:40:09Z,,2138.15,,8,NONE,pending_hold
302779,1959,2025-02-17T14:59:27Z,,7589.32,,7,NONE,canceled
302780,1959,2025-02-17T09:25:25Z,,2725.76,2725.76,5,NONE,paid
302781,1972,2025-02-20T09:18:10Z,,5452.13,,10,NONE,pending_hold
302790,1986,2025-02-01T10:16:58Z,,3737.69,3737.69,11,,paid
302796,1996,2025-02-20T15:37:49Z,,1187.23,1187.23,4,WINTER-FLYER,paid
302797,1996,2025-02-21T06:02:58Z,,7756.58,7756.58,9,WINTER-FLYER,pending_hold
302798,1996,2025-02-09T13:26:24Z,,4282.98,4282.98,9,NONE,shipped
302801,1996,2025-02-12T10:11:31Z,,5063.77,5063.77,14,NONE,paid
302806,2010,2025-02-27T13:08:54Z,,1654.32,,5,WINTER-FLYER,paid
302814,2013,2025-02-02T12:46:52Z,,3379.18,,4,NONE,canceled
302816,2023,2025-02-23T15:16:20Z,,2008.63,,8,RAMADAN-BUNDLE,paid
302824,2038,2025-02-27T11:55:50Z,,7471.35,7471.35,10,LUX-R6,paid
302825,2038,2025-02-18T13:19:39Z,,5233.16,5233.16,9,RAMADAN-BUNDLE,pending_hold
302827,2043,2025-02-24T13:47:10Z,,2806.33,2806.33,9,RAMADAN-BUNDLE,canceled
302830,2054,2025-02-20T12:54:08Z,,1575.89,,4,,paid
302832,2057,2025-02-14T11:32:33Z,,713.9,,2,,paid
302837,2065,2025-02-18T09:08:18Z,,8902.54,8902.54,12,,paid
302840,2078,2025-02-16T10:03:14Z,,3412.74,,6,LUX-R6,shipped
302841,2081,2025-02-02T14:20:11Z,,5029.66,5029.66,7,NONE,pending_hold
302845,2096,2025-02-16T06:54:33Z,,5642.07,5642.07,12,WINTER-FLYER,pending_hold
302847,2100,2025-02-26T14:43:06Z,,3118.13,,9,LUX-R6,paid
302852,2104,2025-02-28T09:41:15Z,,3160.83,3160.83,10,NONE,paid
302857,2109,2025-02-16T06:28:57Z,,2565.13,2565.13,5,,paid
302862,2121,2025-02-24T07:31:06Z,,2593.87,,5,,canceled
302868,2130,2025-02-06T15:11:11Z,,4317.5,4317.50,6,NONE,paid
302870,2130,2025-02-19T13:27:52Z,,5068.95,,10,NONE,pending_hold
302871,2132,2025-02-18T18:11:10Z,,6558.88,,12,RAMADAN-BUNDLE,paid
302875,2141,2025-02-05T13:43:51Z,,912.41,,5,NONE,canceled
302879,2148,2025-02-20T14:06:11Z,,5055.44,,5,NONE,paid
302881,2157,2025/02/12 17:37,,3537.11,3537.11,11,RAMADAN-BUNDLE,shipped
302887,2175,2025-02-28T10:35:27Z,,163.33,,3,WINTER-FLYER,paid
302888,2176,2025-02-26T08:08:55Z,,7355.97,,12,NONE,paid
302890,2177,2025-02-04T09:09:15Z,,1413.86,,4,WINTER-FLYER,pending_hold
302895,2193,2025-02-22T13:04:10Z,,2447.19,2447.19,5,NONE,pending_hold
302902,2206,2025-02-09T06:29:46Z,,7919.73,,10,LUX-R6,pending_hold
302907,2219,2025-02-27T09:10:21Z,,6214.43,6214.43,12,NONE,canceled
302911,2231,2025-02-01T11:36:56Z,,1909.26,1909.26,6,NONE,paid
302915,2234,2025-02-15T07:00:38Z,,8779.72,8779.72,15,WINTER-FLYER,paid
302918,2234,2025-02-23T10:41:59Z,,2400.93,,5,,pending_hold
302919,2235,2025-02-01T08:05:56Z,,5703.05,,10,NONE,canceled
302920,2237,2025-02-07T13:51:28Z,,2278.81,,5,NONE,pending_hold
302922,2237,2025-02-24T13:37:51Z,,3666.93,,8,LUX-R6,paid
302931,2247,2025-02-26T07:32:08Z,,2629.18,,6,,canceled
302936,2255,2025-02-23T06:30:36Z,,2197.04,2197.04,8,RAMADAN-BUNDLE,shipped
302937,2255,2025-02-23T06:43:00Z,,9200.7,9200.70,14,RAMADAN-BUNDLE,pending_hold
302940,2258,2025-02-23T17:45:38Z,,4641.88,4641.88,5,RAMADAN-BUNDLE,paid
302943,2264,2025/02/01 14:17,,6323.89,6323.89,8,,paid
302949,2273,2025-02-01T11:20:44Z,,5478.57,5478.57,7,NONE,paid
302950,2280,2025-02-01T08:46:26Z,,1312.63,,4,LUX-R6,canceled
302957,2293,2025/02/24 17:23,,1808.24,,3,LUX-R6,canceled
302965,2301,2025-02-02T09:41:52Z,,2115.54,,8,WINTER-FLYER,canceled
302967,2301,2025-02-02T12:34:52Z,,7476.35,7476.35,10,NONE,paid
302968,2303,2025-02-22T12:19:43Z,,2807.66,2807.66,5,NONE,canceled
302969,2303,2025-02-28T09:50:06Z,,1385.99,,7,LUX-R6,paid
302970,2306,2025-02-11T09:19:58Z,,3275.39,,5,NONE,pending_hold
302983,2337,2025-02-01T09:07:08Z,,1997.42,1997.42,6,,canceled
302984,2337,2025-02-12T07:44:22Z,,2635.49,2635.49,7,,shipped
302986,2337,2025-02-06T09:11:05Z,,2395.12,2395.12,4,NONE,pending_hold
302987,2340,2025-02-22T13:49:31Z,,6929.89,,13,,paid
302990,2349,2025-02-23T06:42:58Z,,2142.77,2142.77,4,NONE,canceled
302991,2349,2025-02-08T08:01:02Z,,4562.17,,4,NONE,pending_hold
303001,2372,2025-02-08T06:43:03Z,,3821.93,3821.93,7,NONE,shipped
303002,2375,2025-02-24T11:13:21Z,,953.14,,4,WINTER-FLYER,shipped
303010,2380,2025-02-20T12:10:17Z,,2848.77,,8,,shipped
303011,2380,2025-02-03T06:48:06Z,,3146.47,,4,NONE,paid
303015,2391,2025-02-15T11:47:05Z,,2967.52,2967.52,7,NONE,canceled
303018,2396,2025-02-06T08:07:01Z,,2676.65,,7,NONE,paid
303023,2399,2025-02-06T10:42:38Z,,2631.32,,5,WINTER-FLYER,paid
303034,2424,2025-02-07T10:38:02Z,,9336.04,,13,NONE,shipped
303048,2462,2025-02-07T18:23:15Z,,4912.17,4912.17,8,,canceled
303049,2462,2025-02-01T06:10:28Z,,1907.48,1907.48,4,WINTER-FLYER,paid
303050,2462,2025-02-07T07:20:38Z,,1436.1,,5,NONE,paid
303051,2462,2025-02-24T16:44:42Z,,8534.64,,14,WINTER-FLYER,paid
303053,2469,2025-02-18T07:34:58Z,,2800.1,,7,,shipped
303057,2487,2025/02/01 13:09,,1657.9,,5,NONE,pending_hold
303061,2490,2025-02-25T06:47:24Z,,1308.01,,3,WINTER-FLYER,paid
303077,2539,2025-02-13T10:03:47Z,,2580.78,2580.78,5,,pending_hold
303087,2549,2025-02-05T06:38:55Z,,5982.11,,13,WINTER-FLYER,paid
303090,2555,2025-02-08T15:03:02Z,,1646.14,,4,NONE,paid
303091,2557,2025-02-27T12:08:49Z,,3767.8,,10,LUX-R6,paid
303093,2561,2025-02-22T13:09:09Z,,4645.86,,8,RAMADAN-BUNDLE,paid
303095,2561,2025-02-20T13:30:32Z,,3520.88,3520.88,6,RAMADAN-BUNDLE,paid
303102,2568,2025-02-09T10:39:40Z,,2224.8,,6,,paid
303103,2568,2025-02-11T11:29:07Z,,3927.91,3927.91,6,NONE,paid
303113,2584,2025-02-12T07:30:57Z,,2891.97,,3,NONE,pending_hold
303114,2586,2025-02-03T12:27:25Z,,8180.29,8180.29,12,NONE,paid
303116,2598,2025-02-04T10:11:16Z,,3195.84,3195.84,6,NONE,paid
303117,2600,2025-02-15T07:51:05Z,,5046.32,5046.32,7,LUX-R6,canceled
303119,2601,2025-02-21T06:16:11Z,,2889.61,,8,LUX-R6,pending_hold
303122,2602,2025-02-23T07:18:22Z,,2077.56,2077.56,6,LUX-R6,shipped
303128,2611,2025-02-09T10:00:54Z,,4796.27,4796.27,9,,shipped
303133,2623,2025-02-10T09:46:49Z,,5507.97,,7,NONE,paid
303137,2631,2025-02-15T11:39:45Z,,3632.58,,9,LUX-R6,paid
303138,2633,2025-02-06T11:35:17Z,,2703.5,,7,RAMADAN-BUNDLE,pending_hold
303147,2643,2025-02-11T09:14:01Z,,7544.57,7544.57,11,NONE,canceled
303150,2648,2025-02-02T12:51:29Z,,1665.27,,4,RAMADAN-BUNDLE,canceled
303153,2651,2025-02-17T13:44:40Z,,5663.02,,12,LUX-R6,paid
303157,2668,2025-02-01T07:36:38Z,,2509.62,,4,WINTER-FLYER,pending_hold
303161,2670,2025-02-17T10:13:38Z,,2952.5,,8,NONE,paid
303164,2670,2025-02-10T14:23:09Z,,4105.71,,5,,paid
303170,2673,2025-02-15T06:57:36Z,,1494.95,1494.95,4,RAMADAN-BUNDLE,paid
303174,2691,2025-02-22T14:13:48Z,,2884.59,2884.59,9,NONE,paid
303175,2694,2025/02/27 08:38,,2122.97,,8,RAMADAN-BUNDLE,paid
303178,2697,2025-02-15T09:22:52Z,,3019.35,,9,NONE,pending_hold
303187,2707,2025-02-19T09:04:13Z,,2130.54,2130.54,2,NONE,paid
303189,2710,2025-02-19T09:58:14Z,,5559.66,,14,WINTER-FLYER,paid
303192,2715,2025-02-13T06:16:59Z,,2729.87,2729.87,8,NONE,canceled
303193,2715,2025-02-10T08:59:25Z,,2039.07,2039.07,6,RAMADAN-BUNDLE,pending_hold
303194,2716,2025-02-15T07:01:01Z,,3692.49,3692.49,10,NONE,pending_hold
303199,2723,2025-02-22T11:48:53Z,,6442.53,,13,WINTER-FLYER,shipped
303200,2723,2025-02-08T11:30:31Z,,1029.29,1029.29,6,NONE,paid
303201,2723,2025-02-12T08:18:18Z,,4472.28,4472.28,5,NONE,pending_hold
303202,2723,2025-02-17T09:17:37Z,,5947.55,,8,RAMADAN-BUNDLE,pending_hold
303214,2748,2025-02-26T15:56:27Z,,210.41,210.41,2,,shipped
303223,2754,2025-02-23T12:26:20Z,,3298.97,3298.97,8,NONE,paid
303225,2756,2025-02-09T08:53:07Z,,1895.85,,6,WINTER-FLYER,shipped
303228,2766,2025-02-21T07:53:19Z,,3657.0,,7,RAMADAN-BUNDLE,canceled
303233,2786,2025-02-24T12:27:37Z,,5319.91,5319.91,14,LUX-R6,pending_hold
303239,2795,2025-02-24T12:11:28Z,,3285.49,,4,WINTER-FLYER,paid
303241,2795,2025-02-16T12:10:53Z,,4081.84,4081.84,8,,paid
303251,2804,2025-02-06T09:51:43Z,,2243.78,,3,LUX-R6,shipped
303252,2824,2025-02-28T11:09:56Z,,1342.38,,6,NONE,paid
303253,1001,2025-03-04T21:36:15Z,,4554.78,4554.78,7,NONE,paid
303259,1016,2025-03-10T19:54:05Z,,4001.58,4001.58,4,NONE,paid
303265,1034,2025-03-21T12:10:17Z,,4098.49,4098.49,6,WINTER-FLYER,pending_hold
303267,1039,2025-03-01T17:46:34Z,,2633.88,2633.88,8,WINTER-FLYER,canceled
303268,1039,2025-03-23T21:45:28Z,,3281.46,,6,NONE,canceled
303269,1039,2025-03-27T17:33:11Z,,6014.1,,8,LUX-R6,canceled
303274,1050,2025-03-05T16:34:42Z,,8162.8,8162.80,15,LUX-R6,paid
303276,1055,2025-03-12T21:28:03Z,,4426.06,,11,RAMADAN-BUNDLE,shipped
303277,1055,2025-03-11T17:18:06Z,,1010.02,,3,NONE,paid
303290,1076,2025-03-07T17:22:43Z,,5715.44,,9,WINTER-FLYER,pending_hold
303299,1089,2025-03-01T21:40:22Z,,1686.99,1686.99,5,NONE,paid
303300,1089,2025-03-26T18:10:24Z,,5175.21,,8,,paid
303301,1089,2025-03-25T15:57:16Z,,4123.05,4123.05,2,NONE,paid
303309,1112,2025-03-25T15:15:45Z,,3471.71,3471.71,5,NONE,pending_hold
303311,1116,2025-03-11T19:28:17Z,,4217.88,,9,,paid
303316,1117,2025-03-01T19:33:42Z,,2340.56,2340.56,4,WINTER-FLYER,paid
303318,1118,2025-03-17T12:13:38Z,,5198.22,5198.22,9,,paid
303326,1135,2025-03-01T11:10:29Z,,2264.67,,6,RAMADAN-BUNDLE,paid
303328,1141,2025-03-11T17:10:51Z,,2839.9,2839.90,5,,paid
303330,1143,2025-03-26T19:30:18Z,,1360.65,1360.65,6,NONE,shipped
303331,1143,2025-03-26T16:22:55Z,,2036.95,2036.95,6,NONE,pending_hold
303333,1152,2025-03-27T16:37:32Z,,5056.59,5056.59,10,LUX-R6,paid
303334,1154,2025/03/11 23:11,,3493.5,3493.50,5,,pending_hold
303336,1158,2025-03-18T13:59:24Z,,3546.95,3546.95,7,WINTER-FLYER,shipped
303338,1168,2025-03-22T21:14:04Z,,4088.29,4088.29,4,,paid
303340,1169,2025-03-26T20:09:02Z,,3085.17,,4,,paid
303351,1192,2025-03-12T16:45:41Z,,4414.16,,11,NONE,paid
303352,1192,2025/03/01 22:14,,1827.21,1827.21,5,WINTER-FLYER,shipped
303359,1199,2025/03/07 18:15,,4021.83,4021.83,8,,paid
303361,1200,2025-03-12T21:55:14Z,,3492.63,,9,RAMADAN-BUNDLE,canceled
303362,1208,2025-03-05T19:20:34Z,,847.25,,6,NONE,paid
303379,1243,2025-03-05T18:11:48Z,,4023.99,,8,WINTER-FLYER,shipped
303389,1259,2025-03-20T21:40:47Z,,6495.46,,5,NONE,canceled
303390,1259,2025-03-04T21:42:11Z,,1769.74,1769.74,3,NONE,shipped
303396,1262,2025-03-13T19:15:43Z,,3183.31,,9,NONE,shipped
303408,1292,2025-03-12T21:30:18Z,,3469.99,,7,NONE,shipped
303409,1292,2025-03-28T15:15:53Z,,2505.5,,4,NONE,canceled
303411,1296,2025-03-20T21:55:16Z,,1797.23,1797.23,4,NONE,paid
303422,1320,2025-03-12T17:23:06Z,,7704.51,7704.51,14,WINTER-FLYER,paid
303426,1329,2025-03-26T18:30:35Z,,6038.33,,8,LUX-R6,pending_hold
303437,1345,2025-03-09T14:57:15Z,,6263.99,,10,NONE,paid
303438,1347,2025-03-03T19:19:00Z,,2969.75,,9,RAMADAN-BUNDLE,paid
303441,1347,2025-03-08T21:34:20Z,,2026.55,,7,LUX-R6,canceled
303442,1350,2025-03-12T20:26:04Z,,4765.87,4765.87,11,LUX-R6,paid
303443,1355,2025-03-24T20:53:11Z,,4295.7,4295.70,4,,paid
303444,1355,2025-03-12T21:45:25Z,,1578.77,1578.77,5,NONE,pending_hold
303446,1358,2025-03-22T17:11:19Z,,6252.29,,7,RAMADAN-BUNDLE,paid
303447,1358,2025-03-06T16:33:31Z,,2857.72,,6,NONE,paid
303448,1363,2025-03-26T17:49:06Z,,3787.07,3787.07,7,RAMADAN-BUNDLE,paid
303450,1367,2025-03-01T17:33:15Z,,731.5,731.50,5,WINTER-FLYER,paid
303452,1370,2025-03-09T14:41:18Z,,3812.9,3812.90,7,LUX-R6,paid
303454,1377,2025-03-05T17:10:19Z,,3196.64,,7,LUX-R6,paid
303460,1389,2025-03-16T18:31:57Z,,3922.85,3922.85,4,RAMADAN-BUNDLE,canceled
303477,1404,2025-03-09T21:40:53Z,,976.8,,2,RAMADAN-BUNDLE,canceled
303478,1405,2025/03/27 23:36,,4146.79,,9,WINTER-FLYER,paid
303480,1405,2025-03-27T18:17:43Z,,3799.08,,7,NONE,shipped
303483,1406,2025-03-18T09:47:19Z,,2240.33,2240.33,8,NONE,canceled
303490,1417,2025-03-26T16:35:05Z,,870.57,870.57,2,,paid
303491,1418,2025-03-16T21:22:57Z,,1215.47,,2,RAMADAN-BUNDLE,pending_hold
303492,1418,2025-03-17T20:38:53Z,,2705.64,,5,WINTER-FLYER,shipped
303497,1420,2025-03-28T18:59:10Z,,6049.09,6049.09,9,,canceled
303503,1429,2025-03-11T19:48:06Z,,4679.31,,10,,pending_hold
303511,1443,2025-03-26T18:36:32Z,,3687.07,3687.07,6,NONE,shipped
303514,1452,2025-03-23T21:33:29Z,,1637.78,1637.78,6,NONE,shipped
303520,1460,2025-03-03T21:43:03Z,,8214.06,,10,LUX-R6,canceled
303523,1466,2025-03-28T15:21:04Z,,5690.87,,15,NONE,pending_hold
303524,1466,2025-03-13T21:18:49Z,,1706.9,,5,,shipped
303528,1469,2025-03-08T15:54:58Z,,891.04,891.04,5,NONE,paid
303533,1478,2025-03-13T21:53:31Z,,3659.57,3659.57,4,,canceled
303540,1484,2025-03-26T18:47:48Z,,6904.69,6904.69,15,,canceled
303541,1484,2025-03-24T19:43:45Z,,4754.93,,9,LUX-R6,paid
303546,1497,2025-03-03T16:41:10Z,,5097.93,,12,NONE,paid
303548,1528,2025-03-15T15:53:11Z,,1711.25,1711.25,5,WINTER-FLYER,canceled
303549,1529,2025-03-27T21:38:00Z,,1660.77,,4,WINTER-FLYER,paid
303550,1530,2025-03-22T17:45:10Z,,1370.34,,3,WINTER-FLYER,pending_hold
303552,1534,2025-03-20T14:47:11Z,,520.17,520.17,3,WINTER-FLYER,paid
303553,1534,2025-03-08T19:55:47Z,,2771.36,,6,,shipped
303555,1534,2025-03-25T14:18:56Z,,4641.37,,6,NONE,paid
303558,1537,2025-03-03T17:58:17Z,,6217.03,,10,NONE,paid
303559,1538,2025-03-11T13:38:17Z,,1922.06,,4,LUX-R6,shipped
303560,1538,2025-03-05T17:26:46Z,,3564.39,,7,NONE,paid
303561,1539,2025-03-16T15:49:35Z,,2895.5,,3,NONE,canceled
303563,1542,2025-03-14T18:50:26Z,,2305.85,2305.85,5,LUX-R6,paid
303567,1545,2025-03-02T13:07:52Z,,2748.95,,4,RAMADAN-BUNDLE,paid
303571,1550,2025-03-24T13:15:46Z,,5676.09,,9,RAMADAN-BUNDLE,canceled
303576,1554,2025-03-14T20:06:31Z,,1728.68,,4,NONE,paid
303578,1557,2025-03-03T21:34:17Z,,1634.01,1634.01,2,NONE,paid
303581,1563,2025-03-22T13:00:02Z,,2295.65,,3,NONE,paid
303590,1576,2025-03-14T20:38:10Z,,1862.34,1862.34,5,NONE,paid
303593,1584,2025-03-06T15:32:09Z,,3093.32,3093.32,7,NONE,shipped
303598,1592,2025-03-17T17:18:12Z,,1296.65,1296.65,4,LUX-R6,pending_hold
303599,1592,2025-03-09T21:08:23Z,,8691.26,,13,NONE,paid
303601,1597,2025-03-03T17:24:00Z,,5349.92,5349.92,11,NONE,paid
303608,1603,2025-03-05T12:57:43Z,,3386.54,3386.54,9,WINTER-FLYER,paid
303610,1606,2025-03-11T21:51:10Z,,4390.51,,7,WINTER-FLYER,paid
303612,1606,2025-03-11T19:27:22Z,,5280.06,,9,LUX-R6,paid
303615,1616,2025-03-21T14:01:59Z,,1888.64,1888.64,5,RAMADAN-BUNDLE,paid
303624,1631,2025-03-06T17:01:44Z,,2259.93,2259.93,8,RAMADAN-BUNDLE,paid
303626,1633,2025-03-24T18:13:52Z,,3692.11,,6,NONE,pending_hold
303629,1635,2025-03-23T17:56:22Z,,6907.72,6907.72,8,RAMADAN-BUNDLE,shipped
303636,1649,2025-03-04T16:29:48Z,,5212.69,5212.69,8,WINTER-FLYER,paid
303637,1650,2025-03-11T21:16:32Z,,8841.04,8841.04,9,NONE,canceled
303638,1650,2025-03-02T20:35:28Z,,3368.95,3368.95,6,RAMADAN-BUNDLE,pending_hold
303640,1653,2025-03-01T21:19:18Z,,5147.68,,9,WINTER-FLYER,paid
303642,1656,2025-03-02T17:51:59Z,,1107.92,1107.92,4,,pending_hold
303644,1656,2025-03-02T15:24:02Z,,8435.19,8435.19,11,WINTER-FLYER,paid
303649,1669,2025-03-27T15:55:33Z,,3232.85,3232.85,8,LUX-R6,pending_hold
303650,1669,2025-03-15T16:29:51Z,,1921.25,1921.25,2,NONE,pending_hold
303655,1686,2025-03-07T17:04:42Z,,1513.05,,5,NONE,paid
303656,1688,2025-03-08T18:59:27Z,,3763.53,,8,NONE,pending_hold
303657,1695,2025-03-17T18:33:16Z,,6137.44,,9,,paid
303659,1697,2025-03-05T15:04:50Z,,582.42,,2,,pending_hold
303660,1697,2025-03-05T19:48:34Z,,2789.61,,6,NONE,paid
303665,1702,2025-03-09T17:38:14Z,,3433.12,,6,NONE,canceled
303676,1710,2025-03-08T21:43:40Z,,7632.66,,15,LUX-R6,shipped
303685,1721,2025-03-25T14:33:04Z,,6734.47,6734.47,10,NONE,paid
303688,1722,2025-03-04T19:05:13Z,,2391.4,,5,RAMADAN-BUNDLE,paid
303690,1722,2025-03-02T13:06:24Z,,5977.19,5977.19,12,NONE,pending_hold
303691,1728,2025-03-26T20:32:26Z,,3298.43,,6,WINTER-FLYER,shipped
303697,1750,2025-03-16T14:59:57Z,,10048.47,,15,RAMADAN-BUNDLE,shipped
303699,1750,2025-03-17T17:45:48Z,,1824.53,,5,WINTER-FLYER,shipped
303701,1750,2025-03-05T17:34:56Z,,6250.37,,10,WINTER-FLYER,shipped
303705,1774,2025-03-23T19:50:22Z,,2423.46,,5,LUX-R6,paid
303713,1789,2025-03-23T14:38:38Z,,4722.8,,6,NONE,paid
303717,1795,2025-03-16T14:34:56Z,,1777.28,1777.28,2,NONE,paid
303719,1798,2025-03-13T15:15:05Z,,2646.45,,6,NONE,paid
303722,1801,2025-03-16T18:03:31Z,,2704.04,,7,LUX-R6,pending_hold
303723,1803,2025-03-06T21:09:36Z,,3941.24,3941.24,8,NONE,canceled
303725,1804,2025-03-09T17:54:32Z,,3410.4,,11,NONE,paid
303727,1807,2025-03-12T21:22:39Z,,7281.33,,11,RAMADAN-BUNDLE,paid
303729,1807,2025-03-09T18:59:23Z,,2724.41,2724.41,13,NONE,paid
303733,1818,2025-03-27T15:14:33Z,,7353.26,7353.26,10,NONE,canceled
303734,1819,2025-03-18T15:32:53Z,,2062.65,2062.65,7,,paid
303738,1826,2025-03-02T17:23:07Z,,6321.09,,11,,paid
303739,1830,2025-03-17T19:42:26Z,,1759.32,,3,WINTER-FLYER,paid
303743,1840,2025-03-07T16:58:21Z,,2393.51,,3,NONE,paid
303744,1842,2025-03-24T15:50:30Z,,4458.78,4458.78,8,,paid
303746,1842,2025-03-09T17:52:38Z,,2605.06,2605.06,6,WINTER-FLYER,paid
303751,1847,2025/03/14 18:38,,2180.27,,5,,pending_hold
303754,1856,2025-03-22T20:43:15Z,,2786.53,,8,,paid
303755,1872,2025-03-02T16:57:58Z,,4347.07,4347.07,8,NONE,canceled
303759,1879,2025-03-28T19:54:48Z,,3069.35,3069.35,9,LUX-R6,paid
303763,1901,2025-03-09T21:11:52Z,,1714.71,,6,NONE,paid
303765,1905,2025-03-18T21:29:12Z,,2207.13,,8,,paid
303773,1912,2025-03-19T21:46:40Z,,736.59,736.59,4,NONE,pending_hold
303775,1914,2025-03-10T15:29:00Z,,3755.98,3755.98,8,NONE,paid
303786,1941,2025-03-26T17:26:42Z,,1729.03,1729.03,4,NONE,paid
303789,1942,2025-03-06T19:22:07Z,,3718.68,3718.68,3,,paid
303793,1942,2025-03-03T21:23:04Z,,4164.16,,4,NONE,paid
303795,1946,2025-03-15T21:51:18Z,,5375.9,,6,LUX-R6,paid
303797,1954,2025-03-25T21:03:17Z,,1857.25,,6,RAMADAN-BUNDLE,paid
303798,1958,2025-03-18T16:53:53Z,,4714.21,4714.21,12,LUX-R6,canceled
303799,1958,2025-03-21T19:56:56Z,,7011.49,,10,WINTER-FLYER,pending_hold
303801,1959,2025-03-02T19:40:13Z,,2163.07,2163.07,6,WINTER-FLYER,shipped
303803,1960,2025-03-06T19:52:31Z,,7102.02,,7,RAMADAN-BUNDLE,canceled
303804,1963,2025-03-15T16:03:18Z,,3128.3,3128.30,5,LUX-R6,pending_hold
303806,1967,2025-03-13T14:42:20Z,,2081.95,2081.95,8,,paid
303807,1972,2025-03-02T18:52:26Z,,1034.97,1034.97,2,NONE,paid
303810,1976,2025-03-23T14:46:43Z,,4002.7,,7,WINTER-FLYER,canceled
303811,1984,2025-03-15T17:24:20Z,,2567.77,,8,RAMADAN-BUNDLE,shipped
303812,1985,2025/03/27 19:46,,513.54,,2,NONE,canceled
303816,1986,2025-03-25T20:37:35Z,,5395.96,5395.96,5,LUX-R6,paid
303819,1988,2025-03-12T21:29:39Z,,4462.41,4462.41,8,WINTER-FLYER,shipped
303821,1991,2025-03-10T21:29:42Z,,4982.38,4982.38,15,LUX-R6,canceled
303822,1991,2025-03-06T19:34:50Z,,3983.38,3983.38,10,NONE,pending_hold
303823,1991,2025-03-28T18:23:38Z,,9290.13,9290.13,12,LUX-R6,paid
303825,1996,2025/03/14 22:14,,4062.27,4062.27,8,NONE,paid
303830,2021,2025-03-25T18:37:46Z,,4215.04,,6,LUX-R6,shipped
303831,2021,2025-03-04T16:36:27Z,,1438.21,1438.21,2,NONE,paid
303832,2023,2025-03-12T21:55:02Z,,3487.76,,7,LUX-R6,paid
303833,2023,2025-03-19T20:54:26Z,,9948.26,9948.26,15,WINTER-FLYER,pending_hold
303840,2040,2025/03/28 23:31,,3479.58,3479.58,5,NONE,pending_hold
303841,2040,2025-03-04T17:32:05Z,,2636.07,,7,LUX-R6,canceled
303842,2040,2025-03-13T17:38:34Z,,4205.81,,5,NONE,canceled
303844,2042,2025-03-15T19:54:06Z,,2583.48,2583.48,6,LUX-R6,pending_hold
303848,2065,2025-03-24T20:48:51Z,,2804.49,2804.49,6,NONE,paid
303854,2082,2025-03-27T21:29:00Z,,7028.5,,15,NONE,canceled
303858,2087,2025/03/03 23:44,,1498.75,1498.75,8,LUX-R6,canceled
303859,2087,2025-03-17T18:30:04Z,,1876.04,,5,WINTER-FLYER,paid
303861,2098,2025-03-16T15:38:50Z,,420.21,,4,LUX-R6,shipped
303868,2104,2025-03-12T17:31:30Z,,1734.9,1734.90,5,,pending_hold
303869,2107,2025-03-22T19:53:02Z,,2353.97,2353.97,6,RAMADAN-BUNDLE,paid
303872,2110,2025-03-07T18:41:51Z,,2557.53,,5,RAMADAN-BUNDLE,pending_hold
303876,2117,2025-03-18T17:21:12Z,,2264.62,2264.62,8,WINTER-FLYER,pending_hold
303879,2132,2025-03-10T17:12:35Z,,1634.37,,2,NONE,paid
303885,2145,2025-03-09T19:07:44Z,,2276.37,,2,NONE,pending_hold
303886,2157,2025-03-21T17:06:55Z,,5705.97,,6,,paid
303891,2162,2025-03-09T17:51:47Z,,4129.52,,12,LUX-R6,paid
303892,2164,2025-03-05T21:16:12Z,,1784.43,1784.43,4,NONE,paid
303900,2195,2025/03/06 20:57,,2085.14,2085.14,4,NONE,canceled
303902,2196,2025-03-13T21:25:14Z,,757.47,,2,LUX-R6,paid
303908,2201,2025/03/21 19:49,,1704.52,,5,RAMADAN-BUNDLE,canceled
303910,2206,2025/03/17 23:41,,829.81,829.81,3,LUX-R6,pending_hold
303914,2221,2025-03-18T20:01:40Z,,1624.18,,8,NONE,shipped
303915,2224,2025-03-22T15:26:39Z,,2969.81,2969.81,9,NONE,paid
303919,2234,2025-03-27T15:11:42Z,,1507.15,1507.15,4,LUX-R6,paid
303920,2234,2025-03-16T20:39:51Z,,2066.3,,8,,canceled
303921,2235,2025-03-17T18:22:23Z,,2700.64,2700.64,11,NONE,paid
303922,2235,2025-03-09T18:06:18Z,,2834.49,,4,NONE,shipped
303923,2248,2025-03-04T20:59:03Z,,3316.87,3316.87,12,NONE,paid
303924,2248,2025-03-13T21:58:19Z,,2863.39,2863.39,6,,shipped
303927,2254,2025-03-12T21:03:31Z,,1749.74,1749.74,5,RAMADAN-BUNDLE,paid
303928,2255,2025-03-07T10:36:28Z,,483.37,,2,LUX-R6,paid
303932,2265,2025-03-28T17:02:31Z,,6766.95,,9,WINTER-FLYER,pending_hold
303938,2292,2025-03-01T16:32:34Z,,904.21,904.21,3,LUX-R6,shipped
303943,2297,2025-03-02T18:57:33Z,,4904.9,4904.90,5,NONE,paid
303945,2300,2025-03-18T21:10:58Z,,2019.27,2019.27,6,RAMADAN-BUNDLE,shipped
303949,2303,2025-03-11T19:35:32Z,,2422.69,2422.69,4,RAMADAN-BUNDLE,pending_hold
303951,2306,2025-03-24T19:00:59Z,,3117.25,,5,NONE,paid
303953,2324,2025-03-25T15:13:18Z,,4109.49,4109.49,7,RAMADAN-BUNDLE,paid
303956,2328,2025-03-05T17:14:19Z,,1336.49,,4,,paid
303963,2337,2025-03-05T17:25:36Z,,4938.6,4938.60,7,WINTER-FLYER,pending_hold
303965,2344,2025-03-01T20:51:17Z,,3167.04,3167.04,4,WINTER-FLYER,paid
303966,2347,2025-03-20T21:46:32Z,,4147.11,,8,RAMADAN-BUNDLE,paid
303967,2349,2025-03-03T18:42:35Z,,2844.08,,8,,paid
303977,2377,2025-03-05T13:51:15Z,,668.37,,3,RAMADAN-BUNDLE,pending_hold
303978,2377,2025-03-10T13:16:09Z,,1907.79,,5,NONE,canceled
303981,2381,2025-03-03T21:30:57Z,,1517.14,1517.14,3,WINTER-FLYER,pending_hold
303987,2388,2025-03-15T21:33:37Z,,2461.05,2461.05,4,NONE,paid
303989,2389,2025-03-10T21:48:11Z,,354.42,,2,LUX-R6,paid
303991,2392,2025-03-24T21:30:59Z,,906.74,906.74,3,WINTER-FLYER,paid
303992,2392,2025-03-05T16:29:46Z,,3172.05,,7,LUX-R6,pending_hold
303996,2398,2025-03-01T19:39:18Z,,1442.69,,2,LUX-R6,canceled
304004,2400,2025-03-13T14:04:19Z,,4630.69,4630.69,7,LUX-R6,paid
304007,2405,2025-03-22T17:19:19Z,,1472.03,1472.03,4,RAMADAN-BUNDLE,canceled
304010,2413,2025-03-25T21:09:48Z,,2963.09,,3,LUX-R6,paid
304011,2413,2025-03-24T21:23:17Z,,1802.81,,6,WINTER-FLYER,shipped
304017,2425,2025-03-19T21:12:37Z,,2378.65,2378.65,6,NONE,pending_hold
304019,2432,2025-03-27T17:45:05Z,,4067.4,,4,RAMADAN-BUNDLE,pending_hold
304021,2439,2025-03-20T21:55:00Z,,1076.25,,3,NONE,paid
304022,2442,2025-03-22T16:51:30Z,,2155.74,,4,WINTER-FLYER,paid
304033,2465,2025-03-05T19:22:11Z,,4975.85,4975.85,8,NONE,shipped
304034,2471,2025-03-25T16:57:43Z,,9166.83,9166.83,12,RAMADAN-BUNDLE,canceled
304037,2472,2025-03-16T19:57:49Z,,926.92,926.92,2,WINTER-FLYER,paid
304038,2472,2025-03-16T15:24:17Z,,2796.8,,6,NONE,paid
304039,2473,2025/03/09 21:46,,3166.37,3166.37,10,,paid
304040,2473,2025-03-20T15:32:07Z,,6155.76,6155.76,7,NONE,paid
304041,2477,2025-03-11T21:53:25Z,,753.68,,3,NONE,shipped
304042,2477,2025-03-26T20:06:42Z,,8386.69,8386.69,12,NONE,paid
304047,2484,2025-03-14T17:02:04Z,,3484.67,,5,LUX-R6,paid
304049,2485,2025-03-23T12:25:38Z,,1395.65,1395.65,2,LUX-R6,canceled
304059,2520,2025-03-08T17:54:06Z,,2361.42,,6,LUX-R6,paid
304061,2525,2025-03-13T18:13:05Z,,4569.15,,10,WINTER-FLYER,paid
304068,2541,2025-03-09T20:35:01Z,,6141.17,6141.17,8,NONE,shipped
304072,2556,2025-03-17T13:44:09Z,,1645.66,1645.66,6,,paid
304079,2570,2025-03-03T18:45:38Z,,2967.17,2967.17,10,LUX-R6,paid
304083,2582,2025-03-08T13:02:05Z,,9696.29,,14,,paid
304087,2591,2025-03-04T12:35:05Z,,8239.5,8239.50,10,NONE,paid
304088,2600,2025-03-14T20:09:22Z,,728.52,,4,NONE,pending_hold
304093,2607,2025-03-09T18:21:50Z,,3728.75,,8,RAMADAN-BUNDLE,canceled
304102,2626,2025-03-28T16:32:51Z,,1955.74,1955.74,5,RAMADAN-BUNDLE,paid
304106,2637,2025-03-11T18:24:12Z,,1623.54,,4,NONE,canceled
304108,2643,2025-03-17T17:00:08Z,,550.16,,3,NONE,shipped
304109,2643,2025-03-15T18:28:26Z,,6752.75,,9,RAMADAN-BUNDLE,paid
304110,2644,2025-03-28T17:48:34Z,,7561.84,,6,RAMADAN-BUNDLE,paid
304114,2649,2025-03-08T11:57:33Z,,1108.05,,4,LUX-R6,paid
304115,2649,2025-03-01T19:03:21Z,,3518.03,,5,LUX-R6,paid
304116,2649,2025-03-19T18:00:19Z,,6644.71,6644.71,8,NONE,paid
304117,2650,2025-03-04T18:26:50Z,,3827.96,,9,LUX-R6,paid
304124,2668,2025-03-02T12:41:52Z,,2087.93,2087.93,6,NONE,shipped
304128,2670,2025-03-21T20:29:44Z,,3862.23,,10,LUX-R6,shipped
304130,2671,2025-03-06T20:01:45Z,,5852.88,,10,,canceled
304133,2674,2025-03-28T14:09:35Z,,2513.69,,6,WINTER-FLYER,shipped
304139,2690,2025-03-23T14:58:12Z,,6045.74,,10,NONE,paid
304140,2691,2025-03-24T18:36:42Z,,3422.14,,8,WINTER-FLYER,paid
304142,2691,2025-03-10T15:09:35Z,,6462.7,6462.70,7,,canceled
304146,2697,2025-03-14T19:34:41Z,,5895.1,,9,NONE,paid
304150,2703,2025-03-22T19:11:36Z,,173.75,173.75,2,LUX-R6,paid
304165,2723,2025-03-09T19:55:19Z,,280.8,,2,NONE,shipped
304167,2726,2025-03-03T18:44:46Z,,1370.76,,3,LUX-R6,canceled
304172,2735,2025-03-20T21:20:15Z,,3341.06,,10,LUX-R6,paid
304174,2739,2025-03-17T18:32:08Z,,4443.22,4443.22,13,WINTER-FLYER,paid
304181,2750,2025-03-24T17:06:12Z,,3210.34,,11,WINTER-FLYER,pending_hold
304186,2753,2025/03/04 17:42,,5956.28,,10,,pending_hold
304188,2758,2025-03-18T18:30:34Z,,1356.95,,6,NONE,paid
304189,2760,2025-03-24T19:12:11Z,,5946.81,,10,WINTER-FLYER,shipped
304193,2765,2025-03-06T18:15:19Z,,1390.26,1390.26,2,,paid
304199,2780,2025-03-21T18:51:07Z,,1111.56,1111.56,3,,shipped
304202,2790,2025-03-19T18:09:54Z,,2609.08,,9,NONE,paid
304205,2795,2025-03-04T19:19:40Z,,4011.13,4011.13,8,,canceled
304207,2795,2025-03-21T19:02:03Z,,2064.01,,7,NONE,shipped
304209,2804,2025-03-11T15:17:06Z,,1569.85,1569.85,3,WINTER-FLYER,pending_hold
304211,2824,2025-03-18T17:31:58Z,,1642.22,1642.22,4,RAMADAN-BUNDLE,pending_hold
304212,1005,2025-04-01T12:43:35Z,,2586.55,,7,NONE,pending_hold
304214,1011,2025-04-01T06:31:55Z,,2615.81,2615.81,6,LUX-R6,paid
304215,1015,2025-04-15T14:23:29Z,,761.4,,2,NONE,paid
304219,1018,2025-04-05T06:33:01Z,,3220.05,,7,LUX-R6,shipped
304224,1021,2025-04-03T13:00:59Z,,1468.84,,7,NONE,pending_hold
304225,1024,2025-04-20T14:21:21Z,,3264.06,,8,,paid
304229,1027,2025-04-01T09:13:13Z,,1990.66,,7,NONE,canceled
304237,1055,2025-04-28T07:41:26Z,,1521.44,,7,LUX-R6,canceled
304239,1056,2025-04-12T10:08:14Z,,873.75,,2,WINTER-FLYER,pending_hold
304240,1056,2025-04-07T08:57:28Z,,6790.35,,9,,paid
304241,1058,2025-04-06T11:17:53Z,,4225.87,,9,NONE,pending_hold
304242,1058,2025-04-20T11:29:45Z,,4294.89,,12,,shipped
304243,1060,2025-04-16T13:27:21Z,,7471.22,,6,NONE,paid
304244,1060,2025-04-10T12:33:47Z,,5206.31,5206.31,7,LUX-R6,shipped
304246,1064,2025-04-17T09:20:42Z,,1497.31,1497.31,6,NONE,canceled
304248,1066,2025-04-20T09:22:44Z,,2134.14,2134.14,5,LUX-R6,paid
304252,1071,2025-04-01T06:31:46Z,,5419.15,5419.15,11,NONE,paid
304263,1086,2025-04-02T11:39:36Z,,3419.96,,8,LUX-R6,canceled
304265,1093,2025-04-16T10:45:12Z,,473.92,,4,LUX-R6,paid
304276,1116,2025-04-08T06:37:03Z,,2163.25,,6,RAMADAN-BUNDLE,paid
304279,1118,2025-04-20T06:17:41Z,,952.8,952.80,3,LUX-R6,paid
304281,1125,2025-04-23T07:25:55Z,,2144.93,,6,NONE,paid
304296,1155,2025-04-02T08:22:31Z,,6978.22,,7,RAMADAN-BUNDLE,shipped
304302,1157,2025-04-15T12:53:30Z,,5156.32,,6,RAMADAN-BUNDLE,paid
304305,1162,2025-04-07T11:20:51Z,,6671.89,6671.89,13,LUX-R6,canceled
304306,1164,2025-04-20T12:45:11Z,,1171.31,,3,,pending_hold
304311,1173,2025-04-07T09:39:11Z,,1853.55,1853.55,7,WINTER-FLYER,paid
304324,1213,2025-04-14T11:11:48Z,,1647.48,1647.48,2,NONE,pending_hold
304325,1213,2025-04-27T11:02:44Z,,737.77,737.77,3,WINTER-FLYER,pending_hold
304329,1222,2025-04-27T10:45:53Z,,827.52,,4,,paid
304334,1237,2025-04-18T06:06:15Z,,2769.31,,4,RAMADAN-BUNDLE,paid
304335,1239,2025-04-20T10:45:23Z,,2971.99,,4,NONE,shipped
304337,1243,2025-04-06T10:16:56Z,,1000.4,,4,NONE,canceled
304346,1246,2025-04-05T16:06:27Z,,2872.59,,2,WINTER-FLYER,shipped
304349,1250,2025-04-28T10:07:33Z,,2348.12,2348.12,5,NONE,canceled
304350,1252,2025-04-17T11:33:22Z,,2999.15,2999.15,6,LUX-R6,shipped
304354,1254,2025-04-12T08:44:08Z,,3608.24,,6,RAMADAN-BUNDLE,pending_hold
304365,1270,2025/04/08 08:01,,371.13,,2,NONE,pending_hold
304376,1289,2025-04-01T06:23:12Z,,2795.13,,10,WINTER-FLYER,paid
304377,1290,2025/04/17 11:02,,3350.04,,4,WINTER-FLYER,paid
304378,1290,2025-04-10T10:11:08Z,,6155.86,,10,NONE,paid
304379,1290,2025/04/19 18:17,,2517.19,2517.19,10,RAMADAN-BUNDLE,pending_hold
304381,1296,2025-04-24T17:46:53Z,,5729.46,,13,NONE,pending_hold
304383,1296,2025-04-04T09:31:05Z,,1987.34,1987.34,8,,paid
304389,1301,2025-04-15T06:30:08Z,,4334.42,4334.42,8,,canceled
304395,1304,2025-04-05T11:03:47Z,,878.63,,3,,paid
304402,1315,2025-04-28T09:45:26Z,,4798.26,,8,RAMADAN-BUNDLE,pending_hold
304403,1316,2025-04-11T11:43:51Z,,2390.92,2390.92,6,NONE,pending_hold
304404,1320,2025-04-01T14:35:20Z,,4501.06,4501.06,6,NONE,paid
304406,1324,2025-04-01T13:53:18Z,,5175.36,,9,,paid
304407,1324,2025-04-20T11:19:10Z,,8762.51,,6,,paid
304409,1328,2025-04-04T16:15:02Z,,3063.81,3063.81,2,LUX-R6,pending_hold
304414,1329,2025-04-23T10:33:12Z,,1548.69,1548.69,3,NONE,pending_hold
304415,1330,2025-04-24T07:30:04Z,,3483.18,3483.18,4,,shipped
304416,1334,2025-04-18T12:12:26Z,,4639.48,,6,NONE,paid
304419,1336,2025-04-27T12:54:58Z,,2808.02,2808.02,4,NONE,paid
304423,1339,2025-04-04T09:39:31Z,,5073.36,,8,NONE,paid
304424,1344,2025-04-10T16:34:37Z,,2595.49,2595.49,7,RAMADAN-BUNDLE,paid
304426,1344,2025-04-13T14:51:41Z,,8978.75,8978.75,12,NONE,paid
304432,1354,2025-04-11T14:23:57Z,,4039.14,,5,RAMADAN-BUNDLE,paid
304435,1357,2025-04-25T12:34:45Z,,6221.76,,8,NONE,shipped
304440,1372,2025-04-20T08:30:43Z,,3786.82,,5,NONE,pending_hold
304455,1388,2025-04-03T09:06:11Z,,2367.31,,9,,canceled
304466,1403,2025-04-15T11:09:19Z,,1594.91,1594.91,4,RAMADAN-BUNDLE,shipped
304470,1405,2025-04-26T06:02:41Z,,3634.14,,5,NONE,pending_hold
304476,1406,2025-04-10T13:22:10Z,,7500.64,7500.64,12,NONE,paid
304477,1406,2025-04-25T10:04:24Z,,4558.91,4558.91,7,LUX-R6,shipped
304486,1420,2025-04-20T09:07:23Z,,3093.04,3093.04,9,LUX-R6,paid
304488,1420,2025-04-23T10:36:50Z,,1575.92,,5,RAMADAN-BUNDLE,shipped
304490,1432,2025-04-10T12:04:54Z,,2856.12,,9,RAMADAN-BUNDLE,paid
304491,1432,2025-04-09T07:54:52Z,,5206.79,,6,LUX-R6,pending_hold
304500,1445,2025-04-06T06:03:45Z,,5382.3,,9,LUX-R6,paid
304501,1452,2025-04-16T09:24:56Z,,4584.17,,12,NONE,paid
304503,1457,2025-04-09T10:46:55Z,,3073.06,,8,NONE,paid
304506,1462,2025-04-11T13:40:07Z,,2227.06,,8,RAMADAN-BUNDLE,paid
304517,1477,2025-04-03T11:09:00Z,,1767.59,,6,NONE,paid
304526,1491,2025-04-13T10:20:36Z,,2595.34,,4,NONE,paid
304534,1526,2025-04-16T09:05:17Z,,1691.28,,6,,paid
304535,1528,2025-04-03T09:16:58Z,,153.24,,2,NONE,canceled
304536,1533,2025-04-08T13:03:28Z,,6644.32,,9,NONE,shipped
304537,1534,2025-04-09T08:43:49Z,,4317.64,4317.64,6,LUX-R6,paid
304541,1539,2025-04-23T08:14:05Z,,2449.81,2449.81,7,NONE,shipped
304543,1545,2025-04-04T10:19:52Z,,3201.02,,4,NONE,paid
304544,1546,2025-04-28T11:35:56Z,,7931.17,7931.17,9,LUX-R6,pending_hold
304550,1554,2025-04-09T08:22:10Z,,2892.21,,3,NONE,shipped
304554,1563,2025/04/08 21:26,,1782.18,,4,RAMADAN-BUNDLE,paid
304566,1575,2025-04-09T06:31:29Z,,1747.53,,2,WINTER-FLYER,pending_hold
304573,1582,2025-04-24T08:06:51Z,,1845.21,,4,RAMADAN-BUNDLE,shipped
304581,1594,2025-04-10T10:13:53Z,,677.27,677.27,2,RAMADAN-BUNDLE,paid
304583,1594,2025-04-09T08:48:36Z,,5817.36,,5,NONE,pending_hold
304584,1595,2025/04/10 11:12,,5252.87,,9,LUX-R6,canceled
304587,1597,2025-04-26T12:45:52Z,,2460.47,,7,LUX-R6,paid
304592,1600,2025-04-04T11:54:11Z,,5223.98,,8,,canceled
304596,1603,2025-04-14T06:50:10Z,,5267.64,5267.64,8,LUX-R6,paid
304598,1606,2025-04-16T11:31:31Z,,3130.74,3130.74,2,NONE,paid
304599,1606,2025-04-17T14:45:16Z,,1897.0,1897.00,4,WINTER-FLYER,pending_hold
304605,1617,2025-04-25T14:35:35Z,,2023.35,2023.35,3,,paid
304606,1618,2025-04-20T13:53:54Z,,4705.78,4705.78,7,RAMADAN-BUNDLE,canceled
304607,1618,2025-04-03T10:01:14Z,,2376.83,2376.83,7,NONE,canceled
304611,1621,2025-04-28T15:00:00Z,,3369.15,,5,RAMADAN-BUNDLE,paid
304625,1639,2025/04/05 10:27,,3319.76,,7,RAMADAN-BUNDLE,shipped
304628,1641,2025-04-03T08:44:56Z,,6352.09,6352.09,11,LUX-R6,paid
304629,1641,2025-04-09T10:29:21Z,,2347.32,2347.32,7,NONE,paid
304637,1648,2025-04-10T10:23:40Z,,6702.48,,9,NONE,pending_hold
304642,1650,2025-04-13T06:39:58Z,,1115.31,,3,WINTER-FLYER,paid
304643,1650,2025-04-04T08:56:14Z,,2717.12,,7,,paid
304647,1656,2025-04-01T06:38:18Z,,5443.95,,11,,shipped
304648,1657,2025/04/05 14:15,,302.83,302.83,3,WINTER-FLYER,paid
304649,1662,2025-04-10T11:44:43Z,,4576.2,,10,WINTER-FLYER,paid
304650,1669,2025-04-13T07:12:10Z,,8119.9,,10,WINTER-FLYER,canceled
304651,1669,2025-04-18T09:02:38Z,,5481.16,5481.16,7,,shipped
304663,1700,2025-04-19T11:51:21Z,,1654.79,,3,,shipped
304665,1704,2025-04-18T09:01:05Z,,1761.73,1761.73,5,,paid
304676,1717,2025-04-14T08:40:26Z,,1229.97,,3,NONE,paid
304679,1718,2025-04-07T11:20:41Z,,4625.6,,5,NONE,pending_hold
304682,1721,2025-04-15T11:41:42Z,,4009.25,4009.25,12,RAMADAN-BUNDLE,paid
304683,1721,2025-04-28T09:18:08Z,,2067.49,2067.49,3,NONE,canceled
304687,1722,2025/04/16 11:14,,3237.24,3237.24,6,NONE,canceled
304688,1722,2025-04-05T10:50:03Z,,6869.33,,9,LUX-R6,pending_hold
304691,1724,2025-04-22T07:50:44Z,,1551.58,1551.58,6,WINTER-FLYER,canceled
304693,1728,2025-04-13T13:32:15Z,,1734.69,,5,,canceled
304694,1729,2025-04-19T13:35:37Z,,3018.41,3018.41,7,NONE,canceled
304697,1730,2025-04-09T10:02:46Z,,4592.25,4592.25,5,NONE,shipped
304700,1738,2025-04-04T10:56:51Z,,5092.76,5092.76,11,,shipped
304708,1755,2025-04-03T08:11:26Z,,1831.33,,4,LUX-R6,paid
304710,1759,2025-04-12T08:15:11Z,,2249.15,2249.15,4,RAMADAN-BUNDLE,paid
304717,1770,2025-04-23T16:12:16Z,,1743.72,,7,WINTER-FLYER,paid
304718,1770,2025-04-07T09:14:02Z,,1853.16,,8,RAMADAN-BUNDLE,pending_hold
304722,1780,2025-04-13T10:36:04Z,,6762.6,,13,NONE,paid
304731,1791,2025-04-17T07:54:13Z,,10039.06,10039.06,11,LUX-R6,paid
304732,1791,2025-04-02T07:19:00Z,,2732.45,,7,WINTER-FLYER,shipped
304734,1794,2025-04-02T11:32:32Z,,9139.39,,10,RAMADAN-BUNDLE,paid
304738,1795,2025-04-13T14:20:53Z,,4993.32,,12,,canceled
304742,1805,2025-04-27T08:53:54Z,,8148.26,8148.26,10,WINTER-FLYER,paid
304744,1806,2025-04-07T11:37:52Z,,5984.29,5984.29,4,,shipped
304749,1814,2025-04-14T13:01:54Z,,1148.79,,3,RAMADAN-BUNDLE,pending_hold
304754,1835,2025-04-22T13:25:01Z,,1520.85,,4,NONE,paid
304756,1839,2025-04-16T08:49:42Z,,3603.5,,8,NONE,pending_hold
304757,1839,2025-04-06T14:08:46Z,,3292.64,3292.64,7,RAMADAN-BUNDLE,shipped
304759,1842,2025-04-12T11:31:07Z,,2034.88,2034.88,7,NONE,pending_hold
304764,1856,2025-04-23T15:17:56Z,,2021.93,2021.93,3,NONE,pending_hold
304765,1856,2025-04-25T08:27:32Z,,1750.51,,4,,paid
304781,1872,2025-04-23T13:09:45Z,,11365.91,11365.91,15,NONE,shipped
304783,1887,2025-04-24T06:32:59Z,,4449.09,,12,WINTER-FLYER,shipped
304791,1900,2025-04-02T10:47:04Z,,3940.53,,5,RAMADAN-BUNDLE,shipped
304795,1904,2025-04-01T06:16:15Z,,1928.47,1928.47,5,RAMADAN-BUNDLE,canceled
304805,1912,2025-04-07T15:42:50Z,,4261.67,,8,WINTER-FLYER,paid
304806,1912,2025-04-05T06:43:29Z,,1552.65,,8,RAMADAN-BUNDLE,paid
304808,1912,2025-04-13T09:33:56Z,,2120.85,,5,,shipped
304811,1919,2025-04-24T08:14:16Z,,5854.5,,12,WINTER-FLYER,shipped
304812,1919,2025-04-08T15:52:57Z,,6461.27,,7,,shipped
304813,1923,2025-04-05T13:48:19Z,,2992.28,2992.28,7,NONE,paid
304816,1927,2025-04-23T11:42:05Z,,1656.4,1656.40,4,LUX-R6,canceled
304819,1929,2025-04-06T12:32:37Z,,1828.23,,7,NONE,paid
304821,1929,2025-04-09T06:11:04Z,,8567.05,,11,WINTER-FLYER,paid
304822,1934,2025-04-17T10:33:31Z,,1375.01,,4,LUX-R6,paid
304823,1935,2025-04-28T06:30:16Z,,3955.2,,8,RAMADAN-BUNDLE,shipped
304825,1941,2025-04-16T15:56:19Z,,2619.91,2619.91,5,NONE,canceled
304827,1942,2025-04-20T12:58:10Z,,1600.43,,5,RAMADAN-BUNDLE,paid
304831,1944,2025-04-10T11:38:05Z,,1848.45,1848.45,4,NONE,shipped
304834,1945,2025-04-13T16:27:46Z,,2926.04,,6,,pending_hold
304840,1969,2025-04-23T10:54:18Z,,1577.22,1577.22,7,NONE,canceled
304841,1978,2025-04-07T10:24:15Z,,2900.67,,7,NONE,pending_hold
304843,1981,2025-04-08T06:31:45Z,,2650.82,2650.82,4,,pending_hold
304844,1982,2025-04-05T14:02:52Z,,1092.02,,3,NONE,canceled
304850,1986,2025-04-08T09:58:21Z,,2133.89,,2,RAMADAN-BUNDLE,paid
304853,1988,2025-04-03T06:52:07Z,,5347.44,5347.44,7,WINTER-FLYER,shipped
304859,1996,2025-04-16T13:50:01Z,,3918.74,3918.74,8,NONE,pending_hold
304869,2020,2025/04/28 13:21,,3922.59,3922.59,7,LUX-R6,paid
304871,2023,2025-04-09T06:29:10Z,,2976.4,2976.40,9,RAMADAN-BUNDLE,shipped
304876,2026,2025-04-05T07:52:54Z,,2479.85,2479.85,2,LUX-R6,paid
304879,2034,2025-04-18T08:00:53Z,,3579.87,,9,NONE,canceled
304885,2037,2025-04-16T08:31:06Z,,8181.51,,12,LUX-R6,canceled
304888,2039,2025-04-27T14:12:54Z,,2244.16,,7,WINTER-FLYER,canceled
304894,2045,2025/04/01 09:58,,5801.53,,6,LUX-R6,paid
304900,2054,2025-04-01T11:04:37Z,,6580.66,6580.66,9,NONE,paid
304905,2060,2025-04-01T11:00:05Z,,1745.41,,4,,pending_hold
304906,2060,2025/04/18 08:46,,355.08,355.08,4,NONE,shipped
304907,2061,2025-04-26T09:10:26Z,,1409.78,1409.78,3,NONE,canceled
304909,2072,2025-04-03T13:21:34Z,,3497.81,,4,WINTER-FLYER,shipped
304911,2074,2025-04-03T18:29:09Z,,7151.24,,10,LUX-R6,paid
304912,2075,2025-04-06T15:05:58Z,,2840.14,,7,RAMADAN-BUNDLE,canceled
304913,2075,2025-04-25T13:07:08Z,,5939.66,5939.66,6,LUX-R6,paid
304915,2076,2025/04/19 09:36,,3360.38,3360.38,7,RAMADAN-BUNDLE,pending_hold
304919,2087,2025-04-10T10:28:40Z,,6128.27,,10,NONE,shipped
304923,2091,2025-04-24T11:19:13Z,,2867.15,2867.15,6,NONE,paid
304924,2091,2025-04-03T09:15:35Z,,2183.67,,4,RAMADAN-BUNDLE,canceled
304928,2096,2025-04-23T11:27:47Z,,1568.89,,6,LUX-R6,paid
304932,2104,2025/04/01 17:34,,4230.38,4230.38,8,WINTER-FLYER,canceled
304934,2107,2025-04-08T09:22:11Z,,3274.77,3274.77,7,WINTER-FLYER,paid
304935,2108,2025-04-05T11:05:02Z,,1732.6,1732.60,3,,paid
304937,2110,2025-04-12T08:10:30Z,,1840.05,,3,NONE,paid
304939,2113,2025-04-19T09:29:07Z,,3735.27,,5,WINTER-FLYER,canceled
304940,2117,2025-04-03T07:37:08Z,,2347.87,,3,WINTER-FLYER,canceled
304941,2117,2025-04-02T12:54:39Z,,4413.44,,7,,pending_hold
304942,2117,2025-04-05T06:58:52Z,,3344.97,,9,NONE,pending_hold
304943,2117,2025-04-01T14:33:23Z,,2245.58,2245.58,4,NONE,shipped
304947,2123,2025-04-15T15:16:24Z,,2200.57,,9,NONE,pending_hold
304948,2125,2025-04-08T11:56:24Z,,2927.86,2927.86,5,NONE,paid
304956,2132,2025-04-04T09:59:02Z,,3740.31,3740.31,6,NONE,paid
304958,2134,2025-04-11T18:45:39Z,,4559.96,,7,LUX-R6,paid
304962,2144,2025-04-24T07:56:57Z,,5197.63,5197.63,7,,paid
304964,2145,2025-04-21T06:36:38Z,,3533.18,3533.18,9,LUX-R6,paid
304965,2145,2025-04-18T10:22:28Z,,3752.74,,9,LUX-R6,shipped
304966,2145,2025-04-06T13:01:31Z,,1664.05,1664.05,3,LUX-R6,paid
304968,2145,2025-04-08T14:39:56Z,,5020.6,5020.60,4,LUX-R6,pending_hold
304974,2158,2025/04/09 14:31,,1490.75,1490.75,6,WINTER-FLYER,paid
304975,2159,2025-04-18T12:51:35Z,,6124.16,,8,WINTER-FLYER,canceled
304983,2164,2025-04-18T10:41:01Z,,2450.27,2450.27,7,NONE,pending_hold
304984,2172,2025-04-20T09:29:36Z,,6429.08,6429.08,7,NONE,paid
304989,2177,2025-04-11T14:05:02Z,,2289.32,,10,NONE,shipped
304990,2180,2025-04-15T11:49:59Z,,1263.94,,3,,canceled
304998,2193,2025/04/08 08:24,,2135.99,,4,WINTER-FLYER,shipped
305000,2196,2025-04-19T12:04:55Z,,1860.58,,8,NONE,canceled
305005,2203,2025-04-17T11:31:36Z,,1455.04,,3,WINTER-FLYER,paid
305006,2215,2025-04-08T07:56:07Z,,4295.0,4295.00,9,NONE,paid
305008,2219,2025-04-06T13:54:44Z,,5159.67,,9,NONE,paid
305010,2219,2025/04/02 15:39,,3805.49,3805.49,8,RAMADAN-BUNDLE,paid
305012,2220,2025-04-27T07:05:26Z,,2239.94,2239.94,5,NONE,paid
305016,2233,2025-04-16T11:12:03Z,,5450.89,5450.89,7,LUX-R6,canceled
305018,2235,2025-04-24T10:13:49Z,,6326.18,6326.18,10,NONE,canceled
305023,2239,2025-04-15T18:42:51Z,,2429.94,,7,RAMADAN-BUNDLE,canceled
305025,2245,2025-04-21T06:02:42Z,,5888.19,5888.19,10,LUX-R6,canceled
305027,2247,2025-04-16T09:00:15Z,,825.97,825.97,3,RAMADAN-BUNDLE,canceled
305035,2258,2025-04-08T14:52:44Z,,3287.46,3287.46,2,NONE,canceled
305036,2258,2025-04-01T06:28:11Z,,5658.29,5658.29,13,NONE,pending_hold
305041,2265,2025-04-15T11:14:04Z,,2750.78,2750.78,5,LUX-R6,canceled
305055,2284,2025-04-08T08:24:00Z,,4957.53,4957.53,8,RAMADAN-BUNDLE,canceled
305060,2293,2025-04-27T07:42:56Z,,7781.36,7781.36,13,LUX-R6,shipped
305063,2297,2025/04/28 08:54,,4482.6,,7,RAMADAN-BUNDLE,canceled
305067,2302,2025-04-05T06:25:21Z,,2632.54,,7,LUX-R6,paid
305070,2303,2025-04-09T06:21:30Z,,1220.77,,4,NONE,shipped
305071,2303,2025-04-21T10:43:00Z,,3573.81,,7,,pending_hold
305074,2322,2025-04-01T15:37:23Z,,4228.59,4228.59,7,NONE,paid
305087,2368,2025-04-25T09:24:32Z,,2202.2,2202.20,7,RAMADAN-BUNDLE,paid
305088,2371,2025-04-05T09:34:30Z,,3859.27,,7,NONE,shipped
305089,2371,2025-04-08T06:24:58Z,,609.18,,3,LUX-R6,canceled
305090,2372,2025-04-06T13:46:30Z,,6543.17,6543.17,12,NONE,paid
305091,2375,2025-04-18T14:21:54Z,,1498.73,1498.73,8,WINTER-FLYER,canceled
305092,2377,2025-04-04T06:58:50Z,,808.42,808.42,5,NONE,canceled
305093,2382,2025-04-23T16:00:57Z,,2436.25,,7,RAMADAN-BUNDLE,paid
305103,2396,2025-04-04T07:58:05Z,,2205.22,2205.22,6,,canceled
305109,2404,2025/04/01 09:24,,5432.81,,9,LUX-R6,paid
305113,2411,2025-04-27T06:33:51Z,,5500.2,,7,LUX-R6,paid
305117,2416,2025-04-18T09:33:18Z,,1583.04,1583.04,2,RAMADAN-BUNDLE,pending_hold
305125,2442,2025-04-20T11:38:49Z,,1890.96,,2,NONE,pending_hold
305127,2442,2025-04-10T08:58:58Z,,991.3,,4,NONE,pending_hold
305128,2442,2025-04-28T06:55:51Z,,2007.62,,5,,paid
305129,2443,2025-04-24T10:14:14Z,,2079.68,2079.68,7,RAMADAN-BUNDLE,paid
305131,2448,2025-04-22T06:18:35Z,,2665.1,,6,WINTER-FLYER,shipped
305133,2450,2025-04-04T15:07:31Z,,2879.79,,8,LUX-R6,pending_hold
305134,2451,2025-04-21T06:23:34Z,,3265.89,,6,WINTER-FLYER,paid
305135,2451,2025-04-16T13:45:10Z,,2039.02,,7,,pending_hold
305136,2454,2025-04-01T06:11:53Z,,4453.64,,10,NONE,paid
305138,2462,2025-04-21T10:02:17Z,,9648.84,9648.84,11,LUX-R6,canceled
305140,2465,2025/04/14 11:41,,3107.58,,5,NONE,pending_hold
305154,2510,2025-04-10T11:28:37Z,,1712.8,1712.80,6,,paid
305155,2510,2025-04-21T09:56:25Z,,1861.27,,4,NONE,pending_hold
305156,2515,2025-04-02T12:09:07Z,,5243.98,5243.98,11,WINTER-FLYER,paid
305159,2518,2025-04-15T17:53:18Z,,4865.11,,7,WINTER-FLYER,paid
305160,2518,2025-04-10T11:55:23Z,,4450.93,,7,RAMADAN-BUNDLE,paid
305162,2519,2025-04-03T08:43:24Z,,3021.07,3021.07,4,RAMADAN-BUNDLE,paid
305163,2525,2025-04-01T13:34:36Z,,1753.29,1753.29,4,LUX-R6,paid
305170,2542,2025-04-23T14:21:20Z,,3903.22,3903.22,7,NONE,paid
305172,2554,2025-04-13T06:38:44Z,,3858.85,,5,WINTER-FLYER,pending_hold
305176,2560,2025-04-08T07:14:08Z,,2358.08,,4,NONE,paid
305181,2572,2025-04-26T19:42:43Z,,3607.42,3607.42,6,NONE,paid
305183,2575,2025/04/23 08:50,,1827.8,,6,WINTER-FLYER,paid
305184,2576,2025-04-05T09:44:53Z,,2972.37,,7,RAMADAN-BUNDLE,paid
305185,2577,2025/04/01 10:14,,1011.94,1011.94,3,WINTER-FLYER,shipped
305186,2580,2025-04-24T11:56:38Z,,2965.7,,4,RAMADAN-BUNDLE,paid
305188,2582,2025-04-08T06:01:27Z,,1607.59,,3,LUX-R6,paid
305193,2590,2025-04-11T06:06:21Z,,1600.15,1600.15,6,RAMADAN-BUNDLE,shipped
305198,2600,2025-04-26T13:36:24Z,,3116.02,3116.02,4,NONE,shipped
305199,2601,2025-04-12T12:10:30Z,,1245.22,1245.22,6,,paid
305205,2608,2025-04-10T10:59:39Z,,5253.59,5253.59,13,RAMADAN-BUNDLE,paid
305206,2609,2025-04-25T10:52:26Z,,2060.5,,6,RAMADAN-BUNDLE,shipped
305209,2611,2025-04-14T12:48:31Z,,972.72,,4,LUX-R6,paid
305215,2620,2025-04-18T08:38:59Z,,4857.3,4857.30,9,NONE,pending_hold
305223,2623,2025-04-13T11:26:22Z,,908.52,908.52,3,WINTER-FLYER,paid
305225,2626,2025-04-13T11:27:23Z,,2410.6,,5,LUX-R6,paid
305226,2626,2025-04-09T07:15:05Z,,4813.62,4813.62,9,WINTER-FLYER,paid
305230,2634,2025-04-23T11:21:58Z,,954.55,,3,,paid
305232,2635,2025-04-06T06:23:34Z,,3503.04,,6,,paid
305235,2643,2025-04-11T06:42:32Z,,7639.03,7639.03,15,RAMADAN-BUNDLE,paid
305236,2645,2025-04-26T09:19:47Z,,1239.98,,5,NONE,pending_hold
305249,2665,2025-04-14T11:34:54Z,,1023.55,1023.55,4,NONE,canceled
305250,2668,2025-04-15T09:18:02Z,,5623.61,5623.61,11,,pending_hold
305254,2670,2025-04-08T08:17:45Z,,4730.51,4730.51,6,WINTER-FLYER,paid
305264,2681,2025-04-10T13:51:05Z,,7453.86,7453.86,10,WINTER-FLYER,paid
305271,2689,2025-04-23T12:02:46Z,,3392.75,,7,NONE,paid
305274,2692,2025-04-21T12:23:52Z,,5430.51,5430.51,7,NONE,paid
305275,2694,2025-04-13T13:58:56Z,,2331.75,2331.75,4,NONE,paid
305285,2705,2025-04-10T11:34:04Z,,2319.16,,6,WINTER-FLYER,pending_hold
305301,2722,2025-04-11T11:00:53Z,,1438.72,,6,WINTER-FLYER,paid
305302,2725,2025-04-28T14:28:25Z,,1839.49,,7,,pending_hold
305304,2728,2025-04-17T13:33:28Z,,5781.84,5781.84,15,NONE,paid
305314,2748,2025-04-09T12:40:09Z,,4153.05,,8,NONE,paid
305318,2753,2025-04-24T10:36:03Z,,1788.79,,4,WINTER-FLYER,canceled
305321,2755,2025-04-19T08:11:43Z,,4246.18,,11,NONE,paid
305324,2761,2025-04-09T12:54:26Z,,5250.0,5250.00,5,WINTER-FLYER,pending_hold
305325,2762,2025-04-14T15:06:58Z,,2177.51,,4,WINTER-FLYER,paid
305332,2772,2025-04-02T12:49:54Z,,5034.14,,10,RAMADAN-BUNDLE,paid
305333,2780,2025/04/03 08:53,,2412.11,,3,NONE,paid
305337,2786,2025-04-26T16:25:55Z,,3747.04,,9,RAMADAN-BUNDLE,canceled
305339,2787,2025-04-16T09:06:08Z,,1696.03,1696.03,4,NONE,shipped
305342,2790,2025-04-25T07:35:59Z,,4150.12,,9,NONE,paid
305343,2790,2025-04-11T06:08:10Z,,7240.54,,14,NONE,canceled
305344,2796,2025-04-28T08:41:09Z,,1684.98,,6,WINTER-FLYER,pending_hold
305346,2803,2025-04-09T06:58:41Z,,2947.28,2947.28,7,,canceled
305352,1001,2025-05-13T09:41:23Z,,8274.13,,15,WINTER-FLYER,paid
305354,1001,2025-05-26T12:41:54Z,,4172.93,4172.93,9,,paid
305355,1002,2025-05-03T06:18:51Z,,3687.84,,6,RAMADAN-BUNDLE,paid
305364,1013,2025-05-17T12:01:31Z,,2530.59,2530.59,4,WINTER-FLYER,paid
305365,1013,2025-05-14T08:17:51Z,,1263.54,,4,RAMADAN-BUNDLE,paid
305367,1016,2025-05-06T06:54:05Z,,4805.23,4805.23,10,WINTER-FLYER,paid
305368,1016,2025-05-11T16:30:35Z,,2925.79,2925.79,5,,paid
305371,1020,2025-05-04T08:38:23Z,,3136.53,,7,WINTER-FLYER,shipped
305373,1023,2025-05-26T10:46:55Z,,5612.48,5612.48,13,,canceled
305384,1035,2025-05-22T14:43:27Z,,6085.4,,9,,canceled
305389,1036,2025-05-18T09:22:22Z,,8074.44,8074.44,13,LUX-R6,pending_hold
305391,1037,2025-05-06T11:17:27Z,,3985.45,3985.45,9,,paid
305395,1042,2025-05-06T06:11:38Z,,3817.43,,7,NONE,paid
305399,1048,2025-05-25T10:49:09Z,,1987.08,1987.08,4,RAMADAN-BUNDLE,paid
305400,1048,2025-05-22T11:36:02Z,,4046.4,4046.40,9,NONE,pending_hold
305404,1060,2025-05-15T10:30:37Z,,5975.0,5975.00,11,WINTER-FLYER,paid
305405,1062,2025-05-28T07:22:58Z,,3750.25,,9,NONE,canceled
305416,1083,2025-05-14T07:51:37Z,,5964.67,5964.67,5,NONE,pending_hold
305417,1083,2025-05-14T11:49:10Z,,3156.08,3156.08,5,NONE,shipped
305420,1087,2025-05-18T12:42:43Z,,1405.23,,6,WINTER-FLYER,paid
305425,1097,2025-05-26T17:22:51Z,,2887.89,,8,,paid
305426,1097,2025-05-21T09:29:55Z,,6562.72,,15,NONE,shipped
305429,1100,2025-05-26T08:41:57Z,,2205.7,,5,RAMADAN-BUNDLE,shipped
305430,1105,2025-05-25T09:09:12Z,,7273.9,,12,LUX-R6,paid
305431,1105,2025-05-18T12:22:20Z,,1949.99,1949.99,4,LUX-R6,pending_hold
305433,1109,2025-05-24T10:38:40Z,,4425.98,,14,,shipped
305434,1111,2025-05-11T06:00:06Z,,1130.81,,5,,shipped
305437,1116,2025-05-19T13:48:52Z,,2971.43,2971.43,9,RAMADAN-BUNDLE,paid
305438,1116,2025-05-20T14:13:42Z,,2391.18,2391.18,10,RAMADAN-BUNDLE,pending_hold
305446,1133,2025-05-05T09:17:53Z,,5181.09,5181.09,10,LUX-R6,pending_hold
305448,1135,2025-05-16T12:39:10Z,,1925.76,1925.76,4,NONE,canceled
305449,1135,2025-05-02T11:56:37Z,,1936.13,1936.13,5,NONE,shipped
305450,1135,2025-05-23T10:12:40Z,,2136.41,,7,NONE,canceled
305452,1137,2025-05-15T12:47:51Z,,2428.22,,6,WINTER-FLYER,paid
305457,1141,2025-05-12T06:19:44Z,,3049.25,,14,,paid
305458,1142,2025-05-18T12:41:10Z,,3919.43,,14,LUX-R6,canceled
305464,1144,2025/05/26 11:36,,2840.15,,4,LUX-R6,paid
305465,1144,2025-05-10T07:25:00Z,,2421.27,2421.27,7,NONE,shipped
305472,1156,2025-05-09T09:48:35Z,,1703.19,,5,NONE,shipped
305478,1164,2025-05-25T11:32:40Z,,4544.22,4544.22,5,LUX-R6,paid
305483,1167,2025-05-12T09:42:29Z,,2937.38,2937.38,5,NONE,shipped
305489,1174,2025-05-18T09:14:04Z,,5081.23,5081.23,9,NONE,pending_hold
305501,1200,2025-05-16T12:46:09Z,,792.98,792.98,3,LUX-R6,paid
305503,1201,2025-05-24T10:58:31Z,,5712.65,5712.65,12,LUX-R6,paid
305505,1204,2025-05-20T12:25:57Z,,3647.61,,7,NONE,paid
305507,1208,2025-05-12T06:18:46Z,,4881.03,4881.03,6,,canceled
305514,1229,2025-05-04T07:35:08Z,,4854.85,4854.85,9,NONE,canceled
305516,1232,2025-05-16T14:51:01Z,,6523.21,,7,WINTER-FLYER,canceled
305521,1243,2025-05-13T12:15:29Z,,1172.87,1172.87,2,WINTER-FLYER,pending_hold
305533,1262,2025-05-04T09:19:32Z,,3260.76,,5,NONE,paid
305536,1262,2025-05-15T08:37:50Z,,3092.1,,3,LUX-R6,canceled
305537,1262,2025-05-17T10:44:17Z,,4444.41,,7,RAMADAN-BUNDLE,pending_hold
305538,1264,2025-05-19T14:45:44Z,,8754.95,,10,,paid
305539,1264,2025-05-14T10:52:46Z,,1280.82,,4,WINTER-FLYER,pending_hold
305540,1265,2025-05-10T06:05:28Z,,2534.54,,6,RAMADAN-BUNDLE,shipped
305542,1267,2025-05-11T07:05:39Z,,5025.6,5025.60,8,WINTER-FLYER,paid
305543,1270,2025-05-24T13:42:36Z,,7537.48,,14,LUX-R6,paid
305545,1270,2025-05-17T08:52:00Z,,1079.53,,6,,paid
305550,1275,2025-05-27T13:55:14Z,,3306.06,3306.06,6,,canceled
305552,1277,2025-05-08T14:55:54Z,,1705.49,,4,NONE,pending_hold
305559,1292,2025-05-03T11:46:42Z,,2190.84,,9,RAMADAN-BUNDLE,shipped
305567,1297,2025-05-16T10:55:19Z,,1042.19,1042.19,2,RAMADAN-BUNDLE,paid
305568,1297,2025-05-03T14:24:11Z,,4102.23,4102.23,13,NONE,paid
305569,1304,2025/05/24 12:49,,1874.38,1874.38,4,,paid
305571,1307,2025-05-28T09:31:14Z,,4313.23,4313.23,11,WINTER-FLYER,shipped
305572,1307,2025/05/26 10:57,,1953.58,1953.58,7,,paid
305577,1314,2025-05-23T16:49:00Z,,2413.93,,7,,pending_hold
305579,1318,2025/05/17 11:34,,6567.27,,12,NONE,canceled
305582,1326,2025-05-26T10:46:00Z,,706.19,706.19,4,,paid
305583,1326,2025-05-02T08:48:56Z,,1649.22,,4,NONE,paid
305584,1326,2025-05-02T15:38:10Z,,2910.21,2910.21,4,RAMADAN-BUNDLE,paid
305588,1334,2025-05-10T11:00:11Z,,5938.32,,10,LUX-R6,shipped
305593,1345,2025-05-13T12:50:51Z,,6422.08,,15,NONE,paid
305598,1347,2025-05-25T09:55:23Z,,4930.21,,10,LUX-R6,shipped
305601,1357,2025-05-07T08:04:15Z,,2786.58,,4,,paid
305605,1372,2025-05-02T11:13:07Z,,1738.69,,4,,shipped
305607,1373,2025-05-17T14:03:48Z,,2553.02,,6,LUX-R6,paid
305610,1379,2025-05-23T11:07:52Z,,2486.03,2486.03,9,NONE,pending_hold
305614,1385,2025-05-04T06:36:20Z,,1156.41,1156.41,4,LUX-R6,canceled
305615,1385,2025-05-09T11:19:33Z,,3603.1,3603.10,10,RAMADAN-BUNDLE,canceled
305618,1392,2025-05-14T06:07:29Z,,3207.91,3207.91,4,,pending_hold
305620,1394,2025-05-11T10:55:03Z,,2460.5,2460.50,5,LUX-R6,pending_hold
305624,1407,2025-05-06T14:02:01Z,,3313.15,3313.15,8,RAMADAN-BUNDLE,paid
305629,1417,2025-05-18T06:53:40Z,,3917.45,3917.45,8,NONE,shipped
305630,1417,2025-05-19T11:14:15Z,,1859.16,,6,NONE,canceled
305632,1420,2025-05-20T11:52:53Z,,1065.14,,2,LUX-R6,pending_hold
305634,1429,2025-05-26T07:26:18Z,,5421.89,5421.89,9,RAMADAN-BUNDLE,canceled
305635,1429,2025-05-28T07:24:07Z,,3504.17,3504.17,5,,shipped
305640,1433,2025-05-26T13:01:37Z,,3790.48,,5,,paid
305641,1434,2025-05-08T08:20:26Z,,2318.96,2318.96,5,NONE,paid
305642,1435,2025-05-04T09:53:08Z,,1398.98,1398.98,2,WINTER-FLYER,canceled
305651,1454,2025/05/14 08:40,,6843.29,,15,WINTER-FLYER,pending_hold
305653,1454,2025-05-28T12:55:52Z,,4116.21,4116.21,6,WINTER-FLYER,canceled
305654,1460,2025-05-23T13:32:21Z,,728.24,,3,NONE,paid
305656,1460,2025-05-28T14:48:05Z,,2076.53,,4,,shipped
305658,1465,2025-05-25T09:59:56Z,,6541.89,,8,NONE,paid
305660,1467,2025-05-03T13:53:52Z,,2452.19,2452.19,9,RAMADAN-BUNDLE,shipped
305664,1471,2025-05-26T09:24:52Z,,3665.47,3665.47,10,WINTER-FLYER,paid
305667,1471,2025-05-20T12:51:19Z,,2061.5,,3,RAMADAN-BUNDLE,shipped
305673,1477,2025-05-07T07:52:01Z,,1898.25,1898.25,8,RAMADAN-BUNDLE,paid
305680,1484,2025-05-27T15:14:49Z,,1769.67,1769.67,4,LUX-R6,paid
305686,1495,2025/05/16 12:30,,1583.43,,9,NONE,pending_hold
305690,1507,2025-05-15T08:30:52Z,,1108.27,1108.27,4,,paid
305692,1517,2025/05/11 08:11,,1269.42,,4,NONE,pending_hold
305704,1538,2025-05-24T16:20:47Z,,4139.03,,3,RAMADAN-BUNDLE,canceled
305706,1544,2025-05-27T13:25:13Z,,3256.03,,6,WINTER-FLYER,shipped
305708,1546,2025-05-15T06:42:48Z,,1687.19,,8,NONE,paid
305709,1546,2025-05-04T10:52:52Z,,1463.65,1463.65,5,WINTER-FLYER,paid
305712,1548,2025-05-28T13:15:42Z,,1845.07,,6,,shipped
305732,1569,2025-05-17T12:46:38Z,,2210.41,2210.41,3,LUX-R6,paid
305733,1571,2025-05-04T15:54:18Z,,4694.44,,7,NONE,shipped
305738,1574,2025-05-10T14:07:00Z,,4867.25,4867.25,5,NONE,canceled
305749,1586,2025/05/07 16:16,,3256.44,,11,,canceled
305750,1586,2025-05-07T15:30:34Z,,1911.73,1911.73,5,NONE,shipped
305751,1586,2025-05-15T11:09:37Z,,2122.04,2122.04,6,WINTER-FLYER,paid
305754,1587,2025-05-12T11:28:44Z,,2423.89,,4,NONE,canceled
305759,1595,2025-05-14T11:18:28Z,,2074.54,2074.54,7,LUX-R6,paid
305762,1597,2025-05-11T10:38:56Z,,7155.74,7155.74,11,NONE,shipped
305768,1600,2025-05-09T12:28:49Z,,9629.56,,15,LUX-R6,paid
305771,1600,2025-05-14T08:11:52Z,,5960.1,5960.10,15,RAMADAN-BUNDLE,paid
305775,1605,2025-05-04T10:00:36Z,,904.4,904.40,8,LUX-R6,paid
305780,1609,2025/05/17 11:59,,3148.8,3148.80,4,WINTER-FLYER,canceled
305785,1615,2025-05-16T12:19:19Z,,2727.21,,5,RAMADAN-BUNDLE,canceled
305787,1616,2025-05-12T09:50:55Z,,4696.86,4696.86,9,RAMADAN-BUNDLE,canceled
305791,1621,2025-05-22T09:15:30Z,,4764.55,,8,NONE,canceled
305792,1621,2025-05-13T12:26:39Z,,4092.67,,10,,shipped
305794,1623,2025-05-26T13:40:56Z,,5505.02,,9,NONE,shipped
305797,1627,2025-05-24T14:22:14Z,,1479.69,1479.69,5,NONE,shipped
305803,1633,2025-05-11T09:02:41Z,,7232.01,7232.01,9,NONE,paid
305814,1646,2025-05-05T09:46:49Z,,8331.53,,15,LUX-R6,shipped
305822,1669,2025/05/22 20:07,,7797.99,,8,LUX-R6,canceled
305831,1673,2025-05-13T11:35:51Z,,3904.52,,8,RAMADAN-BUNDLE,pending_hold
305834,1678,2025-05-11T09:24:48Z,,2624.87,,6,RAMADAN-BUNDLE,shipped
305840,1687,2025-05-22T12:22:19Z,,2164.1,,4,WINTER-FLYER,paid
305842,1696,2025-05-15T11:54:03Z,,6692.2,,12,NONE,canceled
305843,1696,2025-05-28T15:59:52Z,,3620.34,,8,RAMADAN-BUNDLE,shipped
305849,1701,2025-05-08T07:57:31Z,,2504.0,2504.00,7,LUX-R6,paid
305853,1704,2025-05-15T09:01:14Z,,6431.12,,12,,paid
305854,1704,2025-05-25T14:12:21Z,,3822.22,,9,NONE,canceled
305856,1705,2025-05-28T08:42:30Z,,3175.13,,12,NONE,paid
305858,1706,2025-05-18T12:35:58Z,,4846.53,,7,WINTER-FLYER,paid
305860,1707,2025-05-20T11:29:14Z,,1850.18,,9,LUX-R6,canceled
305861,1707,2025-05-14T08:39:24Z,,3047.8,,9,RAMADAN-BUNDLE,pending_hold
305863,1708,2025-05-06T10:03:18Z,,13819.11,13819.11,14,,paid
305866,1714,2025-05-25T06:19:48Z,,3038.95,,9,,paid
305867,1715,2025-05-15T13:14:42Z,,4929.69,4929.69,9,,paid
305868,1718,2025-05-21T09:51:09Z,,7911.23,,11,LUX-R6,pending_hold
305871,1725,2025-05-19T10:36:28Z,,7598.3,7598.30,15,,paid
305874,1726,2025-05-02T12:23:20Z,,3590.94,3590.94,7,WINTER-FLYER,canceled
305876,1727,2025-05-04T10:49:42Z,,4572.33,,15,RAMADAN-BUNDLE,paid
305883,1740,2025-05-28T11:41:13Z,,2900.07,,5,NONE,paid
305886,1748,2025-05-13T08:42:53Z,,3023.78,3023.78,8,LUX-R6,paid
305887,1755,2025-05-06T13:49:36Z,,1563.48,,6,WINTER-FLYER,shipped
305895,1764,2025/05/01 14:15,,5833.38,5833.38,14,,paid
305903,1781,2025-05-24T11:44:40Z,,5715.8,,10,WINTER-FLYER,shipped
305908,1797,2025-05-16T09:38:13Z,,1497.64,,4,,shipped
305909,1799,2025-05-10T06:10:50Z,,5046.67,,9,LUX-R6,paid
305911,1804,2025-05-28T06:42:27Z,,3253.19,,6,NONE,paid
305915,1807,2025-05-15T07:02:50Z,,2776.73,,5,RAMADAN-BUNDLE,paid
305920,1820,2025-05-13T10:02:11Z,,2009.22,2009.22,5,LUX-R6,canceled
305921,1820,2025-05-02T10:24:56Z,,4165.02,4165.02,9,,paid
305923,1821,2025/05/26 12:35,,2804.09,2804.09,6,NONE,paid
305926,1823,2025-05-11T10:57:21Z,,4928.62,4928.62,9,LUX-R6,paid
305930,1825,2025-05-14T07:23:48Z,,6970.81,6970.81,8,NONE,paid
305932,1826,2025-05-15T10:33:33Z,,2439.9,2439.90,5,RAMADAN-BUNDLE,paid
305933,1833,2025-05-23T13:19:46Z,,4107.31,4107.31,9,NONE,canceled
305934,1833,2025-05-20T09:48:39Z,,3388.09,,8,,canceled
305936,1839,2025-05-11T09:09:21Z,,2588.24,,6,,shipped
305937,1839,2025-05-22T13:42:50Z,,1404.69,,3,WINTER-FLYER,shipped
305941,1843,2025-05-22T11:54:17Z,,6250.78,6250.78,12,LUX-R6,paid
305942,1843,2025-05-02T14:28:38Z,,2127.29,,3,NONE,paid
305949,1854,2025-05-19T11:58:49Z,,4686.13,,8,WINTER-FLYER,paid
305953,1857,2025-05-19T06:19:03Z,,1112.7,1112.70,4,NONE,paid
305954,1859,2025-05-17T09:58:58Z,,2882.22,,8,LUX-R6,shipped
305955,1864,2025-05-09T10:59:17Z,,3435.3,,8,NONE,shipped
305957,1866,2025-05-08T07:25:28Z,,12415.98,,14,LUX-R6,shipped
305962,1869,2025-05-28T09:40:14Z,,3373.94,,5,NONE,shipped
305964,1875,2025-05-12T07:44:33Z,,2339.78,,7,NONE,pending_hold
305973,1891,2025-05-26T09:44:02Z,,3006.76,,4,NONE,paid
305974,1892,2025-05-25T06:34:36Z,,2886.69,2886.69,7,WINTER-FLYER,shipped
305975,1893,2025-05-08T08:09:04Z,,5561.51,,7,NONE,paid
305979,1899,2025-05-10T12:52:18Z,,4350.58,4350.58,15,,shipped
305980,1899,2025/05/21 08:11,,2085.89,,3,NONE,canceled
305984,1902,2025-05-16T11:43:34Z,,3042.41,3042.41,7,NONE,pending_hold
305985,1904,2025-05-24T14:37:03Z,,5024.57,5024.57,3,,pending_hold
305987,1905,2025-05-24T14:41:46Z,,8073.38,8073.38,10,LUX-R6,paid
305990,1912,2025-05-24T09:42:17Z,,3035.83,3035.83,5,RAMADAN-BUNDLE,pending_hold
305996,1919,2025-05-13T11:47:02Z,,6161.04,,12,WINTER-FLYER,paid
305997,1923,2025-05-07T15:57:59Z,,5297.94,5297.94,8,NONE,paid
306001,1925,2025-05-28T10:58:38Z,,4025.06,4025.06,9,WINTER-FLYER,paid
306003,1926,2025-05-04T15:54:39Z,,1460.18,1460.18,7,NONE,canceled
306006,1931,2025-05-06T11:30:16Z,,4015.31,,8,LUX-R6,canceled
306008,1933,2025-05-05T06:39:28Z,,6217.8,,11,NONE,paid
306012,1938,2025-05-22T13:22:07Z,,2348.39,,6,NONE,paid
306013,1942,2025-05-23T13:52:34Z,,1239.44,1239.44,2,NONE,pending_hold
306016,1942,2025-05-15T06:14:02Z,,9060.92,9060.92,11,RAMADAN-BUNDLE,paid
306018,1946,2025-05-04T11:19:00Z,,2322.27,,7,RAMADAN-BUNDLE,paid
306020,1947,2025-05-04T15:15:29Z,,4338.44,4338.44,10,WINTER-FLYER,shipped
306021,1948,2025-05-26T12:31:36Z,,1690.9,1690.90,6,WINTER-FLYER,shipped
306022,1950,2025-05-13T12:30:38Z,,1856.36,1856.36,7,NONE,paid
306027,1958,2025-05-07T12:45:22Z,,1701.31,,7,WINTER-FLYER,canceled
306029,1959,2025-05-23T09:28:06Z,,5968.1,,7,NONE,shipped
306033,1961,2025-05-21T13:46:53Z,,7606.87,7606.87,12,NONE,paid
306034,1966,2025-05-22T06:01:26Z,,3067.89,,5,,paid
306037,1967,2025-05-21T07:17:12Z,,3092.89,,11,RAMADAN-BUNDLE,paid
306038,1969,2025-05-08T09:32:22Z,,3648.22,,7,NONE,paid
306039,1969,2025-05-12T11:45:51Z,,1596.34,1596.34,3,LUX-R6,paid
306040,1978,2025-05-01T06:45:24Z,,2242.26,,3,NONE,shipped
306043,1981,2025-05-08T09:54:33Z,,835.37,,5,RAMADAN-BUNDLE,canceled
306045,1985,2025-05-11T09:00:11Z,,1948.94,1948.94,9,LUX-R6,pending_hold
306047,1987,2025-05-24T14:21:12Z,,2554.67,2554.67,3,WINTER-FLYER,paid
306050,1991,2025-05-18T10:25:22Z,,3146.62,3146.62,5,,shipped
306054,1998,2025-05-02T15:41:07Z,,4359.61,,9,WINTER-FLYER,paid
306070,2036,2025-05-27T06:39:29Z,,5278.71,5278.71,7,NONE,paid
306071,2038,2025-05-01T06:26:08Z,,2661.8,,7,LUX-R6,paid
306073,2039,2025-05-19T11:45:23Z,,3652.75,,6,RAMADAN-BUNDLE,canceled
306076,2044,2025-05-12T09:27:35Z,,5421.94,5421.94,13,LUX-R6,paid
306077,2047,2025-05-25T16:38:16Z,,2468.02,2468.02,5,NONE,paid
306078,2047,2025-05-17T12:01:00Z,,3961.17,,11,NONE,shipped
306083,2052,2025-05-24T12:58:39Z,,4581.82,,11,LUX-R6,paid
306088,2063,2025-05-01T09:13:13Z,,903.54,903.54,9,LUX-R6,paid
306090,2064,2025-05-20T11:27:10Z,,4844.35,4844.35,7,NONE,pending_hold
306093,2065,2025-05-16T12:29:00Z,,2989.36,2989.36,4,,paid
306094,2069,2025-05-09T06:53:37Z,,10217.48,10217.48,10,,paid
306099,2076,2025-05-18T09:44:36Z,,1729.73,1729.73,3,NONE,paid
306101,2078,2025-05-25T10:16:02Z,,5101.21,,7,WINTER-FLYER,shipped
306102,2080,2025-05-19T13:27:17Z,,2135.37,,5,RAMADAN-BUNDLE,paid
306105,2087,2025-05-26T18:41:48Z,,3045.3,,8,NONE,paid
306108,2089,2025-05-28T10:07:33Z,,1725.38,1725.38,6,NONE,paid
306109,2089,2025-05-11T10:12:06Z,,3952.37,3952.37,7,WINTER-FLYER,shipped
306113,2093,2025-05-08T11:35:30Z,,1423.48,,3,,pending_hold
306117,2096,2025-05-23T09:05:24Z,,2117.75,,8,WINTER-FLYER,canceled
306120,2098,2025-05-27T09:47:37Z,,1971.28,1971.28,4,NONE,pending_hold
306122,2101,2025/05/14 10:24,,6408.94,,5,,pending_hold
306123,2109,2025-05-28T10:51:27Z,,4328.38,,10,NONE,paid
306127,2113,2025-05-20T07:20:56Z,,1823.86,1823.86,3,WINTER-FLYER,shipped
306130,2116,2025-05-21T08:49:42Z,,4950.11,,7,LUX-R6,paid
306132,2118,2025-05-19T10:26:04Z,,776.52,776.52,2,LUX-R6,paid
306137,2126,2025-05-12T11:19:55Z,,2374.84,,8,,shipped
306138,2130,2025-05-02T12:14:55Z,,4729.16,,10,RAMADAN-BUNDLE,paid
306143,2137,2025-05-01T06:54:21Z,,2754.78,,5,,canceled
306144,2137,2025-05-15T13:19:08Z,,3677.17,3677.17,8,LUX-R6,shipped
306148,2157,2025-05-16T09:08:06Z,,2680.03,,3,,paid
306149,2157,2025-05-19T14:40:23Z,,3884.72,,9,RAMADAN-BUNDLE,canceled
306155,2162,2025-05-27T09:15:02Z,,1759.04,1759.04,6,RAMADAN-BUNDLE,pending_hold
306156,2162,2025-05-09T07:07:19Z,,465.07,465.07,3,NONE,paid
306161,2166,2025-05-10T11:58:24Z,,5969.83,,12,NONE,pending_hold
306163,2167,2025-05-14T15:58:52Z,,8559.31,,8,LUX-R6,canceled
306172,2175,2025-05-06T11:17:12Z,,2193.61,2193.61,4,WINTER-FLYER,pending_hold
306174,2179,2025-05-11T06:49:18Z,,3867.32,3867.32,6,NONE,paid
306183,2194,2025-05-16T11:55:33Z,,6215.92,6215.92,10,LUX-R6,shipped
306188,2210,2025-05-28T08:31:39Z,,2323.57,,3,WINTER-FLYER,shipped
306194,2221,2025-05-28T13:34:48Z,,3561.23,,12,WINTER-FLYER,paid
306198,2230,2025-05-10T14:12:08Z,,583.66,583.66,3,LUX-R6,paid
306205,2237,2025-05-20T09:11:40Z,,460.33,460.33,2,RAMADAN-BUNDLE,shipped
306214,2254,2025-05-12T08:07:46Z,,1792.28,,3,WINTER-FLYER,shipped
306215,2254,2025-05-14T08:13:15Z,,4682.81,,4,LUX-R6,paid
306221,2259,2025-05-16T12:28:34Z,,4270.6,4270.60,8,NONE,paid
306223,2261,2025-05-22T10:45:09Z,,773.02,773.02,2,LUX-R6,paid
306232,2265,2025-05-13T13:46:50Z,,2637.8,2637.80,7,,canceled
306233,2265,2025-05-10T11:55:08Z,,3127.43,3127.43,6,NONE,paid
306235,2266,2025-05-16T13:20:08Z,,6097.7,6097.70,13,,pending_hold
306241,2282,2025-05-17T11:53:18Z,,1851.97,1851.97,4,NONE,paid
306242,2282,2025-05-16T14:27:49Z,,4811.91,4811.91,8,RAMADAN-BUNDLE,paid
306247,2288,2025-05-21T11:18:55Z,,6355.64,,6,RAMADAN-BUNDLE,shipped
306252,2297,2025-05-03T11:43:13Z,,6474.82,,8,WINTER-FLYER,paid
306258,2322,2025-05-16T14:40:48Z,,6523.83,,15,WINTER-FLYER,canceled
306263,2328,2025-05-03T11:54:46Z,,4073.36,,5,NONE,paid
306270,2349,2025-05-20T15:31:42Z,,2590.61,,5,LUX-R6,shipped
306275,2356,2025-05-24T13:32:05Z,,5250.87,,7,LUX-R6,pending_hold
306282,2368,2025-05-02T06:00:35Z,,2484.67,,6,,paid
306287,2375,2025-05-16T13:44:34Z,,5388.34,,6,NONE,paid
306293,2382,2025-05-20T09:21:43Z,,8134.45,,15,WINTER-FLYER,paid
306296,2386,2025-05-06T11:17:15Z,,5292.22,,7,LUX-R6,shipped
306297,2389,2025-05-21T13:08:47Z,,873.13,873.13,2,LUX-R6,paid
306300,2392,2025-05-25T08:29:56Z,,3677.39,,9,NONE,pending_hold
306302,2396,2025-05-27T09:09:02Z,,1781.81,,3,WINTER-FLYER,pending_hold
306305,2400,2025-05-27T09:12:32Z,,2844.07,,4,RAMADAN-BUNDLE,pending_hold
306311,2411,2025-05-25T17:45:26Z,,4236.34,,9,LUX-R6,pending_hold
306312,2411,2025-05-21T10:22:01Z,,1719.34,1719.34,5,NONE,pending_hold
306314,2413,2025/05/25 13:00,,1903.8,1903.80,8,,canceled
306315,2413,2025-05-11T10:20:47Z,,2074.26,,8,WINTER-FLYER,canceled
306316,2417,2025/05/18 14:03,,3342.07,3342.07,12,NONE,pending_hold
306317,2418,2025-05-11T11:30:44Z,,3215.92,,11,WINTER-FLYER,paid
306318,2419,2025-05-03T14:20:54Z,,2998.17,,6,,shipped
306320,2421,2025-05-13T12:20:48Z,,3662.6,3662.60,10,WINTER-FLYER,canceled
306324,2430,2025-05-06T12:18:26Z,,3512.3,,8,,paid
306327,2435,2025-05-09T15:15:52Z,,1860.28,,7,RAMADAN-BUNDLE,paid
306334,2443,2025-05-20T06:05:58Z,,3221.05,,2,,paid
306339,2450,2025-05-19T08:14:23Z,,3490.92,,7,NONE,paid
306341,2450,2025-05-11T07:05:14Z,,3157.96,,4,,paid
306342,2451,2025-05-12T11:43:22Z,,7809.35,,10,LUX-R6,paid
306345,2465,2025-05-09T09:58:27Z,,4800.77,,7,WINTER-FLYER,paid
306346,2471,2025-05-05T11:22:39Z,,3052.54,,9,,shipped
306347,2472,2025-05-26T12:15:44Z,,1074.27,,4,LUX-R6,shipped
306353,2487,2025/05/10 16:35,,3635.76,,7,,canceled
306361,2499,2025-05-04T07:10:28Z,,6116.66,,6,WINTER-FLYER,paid
306362,2500,2025-05-26T13:10:33Z,,149.08,149.08,3,,canceled
306368,2513,2025-05-23T09:44:33Z,,5971.03,5971.03,10,NONE,paid
306370,2514,2025-05-14T10:16:58Z,,2551.23,2551.23,7,LUX-R6,canceled
306373,2515,2025-05-19T09:11:00Z,,2016.32,2016.32,6,RAMADAN-BUNDLE,paid
306374,2515,2025-05-19T08:42:50Z,,3251.01,,7,RAMADAN-BUNDLE,shipped
306375,2515,2025-05-21T10:49:35Z,,7418.03,7418.03,8,LUX-R6,canceled
306378,2518,2025-05-05T09:46:35Z,,6626.78,,12,LUX-R6,paid
306379,2518,2025-05-04T11:35:07Z,,1564.54,,2,,paid
306380,2519,2025-05-18T09:32:04Z,,2776.57,2776.57,15,NONE,paid
306388,2539,2025-05-23T06:36:18Z,,4725.46,,8,WINTER-FLYER,shipped
306397,2555,2025-05-16T09:20:44Z,,8361.91,8361.91,11,RAMADAN-BUNDLE,paid
306398,2555,2025-05-16T06:52:32Z,,1589.0,,3,NONE,shipped
306405,2563,2025-05-19T10:00:01Z,,2625.54,2625.54,4,NONE,paid
306410,2573,2025-05-27T13:41:02Z,,1238.47,1238.47,3,NONE,paid
306414,2583,2025-05-17T13:53:08Z,,4110.22,4110.22,8,WINTER-FLYER,paid
306417,2586,2025-05-04T12:09:40Z,,7569.03,7569.03,9,WINTER-FLYER,pending_hold
306420,2591,2025-05-27T06:07:42Z,,7282.21,7282.21,7,LUX-R6,paid
306426,2602,2025-05-17T13:39:16Z,,3235.24,,6,,paid
306435,2611,2025-05-14T07:05:27Z,,2209.56,,4,LUX-R6,pending_hold
306436,2611,2025-05-01T15:05:15Z,,2231.18,,4,LUX-R6,paid
306438,2615,2025-05-02T06:59:34Z,,4984.78,,12,RAMADAN-BUNDLE,paid
306440,2619,2025-05-13T10:41:25Z,,290.39,,2,NONE,canceled
306441,2619,2025-05-22T06:08:11Z,,1144.77,,4,LUX-R6,paid
306443,2620,2025-05-17T14:16:36Z,,2531.0,2531.00,9,NONE,shipped
306448,2621,2025-05-13T06:15:52Z,,7188.7,7188.70,9,WINTER-FLYER,paid
306449,2622,2025-05-02T07:18:38Z,,4892.35,4892.35,10,,shipped
306452,2622,2025-05-15T07:33:29Z,,1941.3,,7,LUX-R6,paid
306454,2628,2025-05-22T12:07:22Z,,673.63,673.63,4,NONE,paid
306460,2634,2025-05-11T16:02:58Z,,10924.76,10924.76,13,,pending_hold
306463,2639,2025-05-25T12:12:43Z,,4051.64,4051.64,5,NONE,paid
306471,2646,2025-05-24T09:32:14Z,,2775.71,,5,WINTER-FLYER,shipped
306472,2646,2025-05-04T10:55:40Z,,738.89,738.89,2,WINTER-FLYER,shipped
306480,2651,2025-05-27T13:03:58Z,,7668.55,7668.55,8,NONE,shipped
306485,2655,2025-05-16T09:13:56Z,,8169.48,,14,RAMADAN-BUNDLE,pending_hold
306486,2657,2025/05/21 12:26,,3636.65,3636.65,10,RAMADAN-BUNDLE,canceled
306487,2657,2025-05-18T14:58:55Z,,3432.05,3432.05,7,NONE,paid
306493,2667,2025-05-09T09:14:11Z,,3124.7,3124.70,10,,paid
306495,2672,2025-05-17T09:54:17Z,,3062.79,3062.79,3,,shipped
306496,2673,2025-05-03T11:51:51Z,,1693.61,1693.61,3,LUX-R6,paid
306497,2674,2025-05-07T06:00:54Z,,1329.04,1329.04,2,WINTER-FLYER,shipped
306498,2675,2025-05-08T07:46:58Z,,841.75,,3,NONE,canceled
306499,2675,2025-05-19T14:27:15Z,,3409.38,,4,,paid
306503,2675,2025/05/06 12:20,,7713.75,7713.75,10,,paid
306506,2677,2025-05-14T13:42:51Z,,5747.66,,7,,paid
306508,2677,2025-05-13T06:27:41Z,,5960.87,5960.87,10,RAMADAN-BUNDLE,canceled
306510,2681,2025-05-12T10:15:30Z,,4791.3,,7,NONE,paid
306511,2683,2025-05-25T13:37:33Z,,4463.64,,8,RAMADAN-BUNDLE,paid
306513,2685,2025-05-20T13:12:30Z,,3216.08,,11,,canceled
306515,2686,2025-05-25T14:00:58Z,,4470.34,4470.34,8,LUX-R6,shipped
306517,2691,2025-05-16T08:57:00Z,,3697.59,,3,NONE,paid
306519,2694,2025-05-24T07:13:53Z,,2365.24,,4,NONE,canceled
306520,2695,2025-05-09T11:15:34Z,,4913.74,,9,WINTER-FLYER,pending_hold
306521,2698,2025-05-03T11:17:12Z,,2930.88,2930.88,6,,shipped
306522,2702,2025-05-04T11:46:04Z,,882.66,882.66,4,WINTER-FLYER,shipped
306523,2702,2025-05-25T15:03:34Z,,5849.96,,10,NONE,shipped
306525,2705,2025/05/18 17:43,,1731.69,1731.69,4,NONE,pending_hold
306526,2706,2025/05/14 16:31,,1685.81,1685.81,5,WINTER-FLYER,pending_hold
306528,2709,2025-05-06T06:03:31Z,,3508.16,,10,LUX-R6,paid
306531,2712,2025-05-22T06:40:42Z,,1282.07,1282.07,3,NONE,paid
306535,2721,2025-05-21T06:33:48Z,,1932.74,,2,RAMADAN-BUNDLE,shipped
306540,2726,2025-05-16T13:59:58Z,,3110.3,3110.30,8,LUX-R6,paid
306541,2728,2025-05-01T11:31:58Z,,9307.62,9307.62,10,RAMADAN-BUNDLE,paid
306542,2729,2025/05/05 16:49,,9720.89,9720.89,13,LUX-R6,paid
306543,2730,2025-05-06T10:06:13Z,,1203.52,,4,NONE,shipped
306548,2741,2025-05-20T10:05:10Z,,1585.32,,5,RAMADAN-BUNDLE,paid
306552,2748,2025-05-22T12:23:40Z,,2080.89,,5,WINTER-FLYER,shipped
306553,2750,2025-05-03T06:33:32Z,,5489.07,,7,NONE,paid
306554,2752,2025-05-28T10:24:28Z,,2070.51,,6,RAMADAN-BUNDLE,paid
306559,2756,2025-05-10T15:05:53Z,,5766.87,,6,LUX-R6,paid
306560,2757,2025-05-05T09:02:40Z,,2932.42,,4,RAMADAN-BUNDLE,shipped
306570,2780,2025-05-09T08:55:58Z,,5817.15,5817.15,11,RAMADAN-BUNDLE,shipped
306572,2780,2025-05-21T10:03:33Z,,2699.42,2699.42,12,,paid
306574,2786,2025-05-23T09:23:26Z,,4237.23,4237.23,4,NONE,paid
306575,2790,2025-05-23T13:20:03Z,,1897.8,1897.80,5,LUX-R6,paid
306581,2796,2025-05-26T12:36:14Z,,2000.23,2000.23,7,RAMADAN-BUNDLE,paid
306585,2816,2025-05-15T11:03:56Z,,3487.28,,10,LUX-R6,pending_hold
306589,2824,2025-05-28T14:11:38Z,,5728.36,,15,LUX-R6,paid
306592,1004,2025-06-14T06:14:16Z,,4641.09,4641.09,12,NONE,paid
306593,1005,2025-06-20T09:42:52Z,,2259.73,,6,WINTER-FLYER,canceled
306601,1014,2025-06-23T11:28:20Z,,448.92,,2,LUX-R6,pending_hold
306606,1022,2025-06-26T11:05:29Z,,9104.29,,15,NONE,paid
306607,1026,2025-06-12T12:58:32Z,,2532.27,2532.27,5,NONE,pending_hold
306615,1039,2025-06-26T06:38:14Z,,5202.3,5202.30,5,RAMADAN-BUNDLE,paid
306619,1044,2025-06-04T07:46:45Z,,1624.52,,3,LUX-R6,paid
306620,1045,2025-06-19T11:08:53Z,,4876.37,,9,,canceled
306626,1050,2025-06-18T10:40:08Z,,5192.92,,14,,paid
306628,1052,2025-06-19T13:45:06Z,,3229.99,3229.99,3,LUX-R6,paid
306632,1058,2025-06-09T13:55:00Z,,769.12,769.12,4,,pending_hold
306633,1059,2025/06/13 12:20,,1421.2,,4,,paid
306636,1066,2025-06-12T08:05:45Z,,1807.14,1807.14,8,WINTER-FLYER,paid
306637,1066,2025-06-02T12:52:27Z,,1901.05,,5,WINTER-FLYER,shipped
306641,1079,2025-06-10T12:36:10Z,,2929.15,,5,LUX-R6,paid
306645,1086,2025-06-14T12:02:52Z,,1845.9,,2,RAMADAN-BUNDLE,paid
306647,1089,2025-06-12T09:59:26Z,,1698.51,1698.51,4,LUX-R6,shipped
306650,1092,2025-06-16T10:40:18Z,,8174.27,,14,NONE,canceled
306652,1099,2025-06-20T06:28:52Z,,2912.34,2912.34,4,NONE,canceled
306659,1109,2025-06-15T07:34:30Z,,1292.78,,3,NONE,shipped
306660,1110,2025-06-14T07:44:27Z,,5265.44,5265.44,11,LUX-R6,paid
306662,1113,2025-06-18T08:59:17Z,,1911.58,1911.58,4,NONE,pending_hold
306663,1115,2025-06-02T07:15:34Z,,4571.9,,13,NONE,shipped
306664,1116,2025-06-19T11:00:49Z,,1940.67,,3,NONE,paid
306665,1116,2025-06-26T11:46:07Z,,5854.78,,8,,paid
306668,1118,2025-06-06T14:51:47Z,,3367.14,,7,,paid
306669,1120,2025-06-17T14:18:09Z,,4606.03,4606.03,10,LUX-R6,pending_hold
306676,1133,2025-06-05T07:38:51Z,,2640.18,,6,NONE,shipped
306678,1136,2025-06-04T13:44:35Z,,5822.66,,12,WINTER-FLYER,paid
306680,1136,2025-06-25T11:28:06Z,,2004.62,,7,RAMADAN-BUNDLE,paid
306682,1141,2025-06-07T08:41:04Z,,4265.62,4265.62,3,,shipped
306684,1141,2025-06-12T09:54:38Z,,1609.23,1609.23,4,WINTER-FLYER,shipped
306690,1149,2025-06-27T08:49:13Z,,1209.81,,5,NONE,pending_hold
306694,1154,2025-06-14T06:28:10Z,,2980.91,,8,NONE,pending_hold
306697,1158,2025-06-23T14:32:55Z,,4209.11,,6,NONE,canceled
306700,1161,2025-06-05T06:45:26Z,,2134.63,,7,LUX-R6,canceled
306701,1161,2025-06-10T13:16:07Z,,11136.68,11136.68,13,RAMADAN-BUNDLE,paid
306704,1165,2025-06-16T07:15:02Z,,6590.01,,11,NONE,shipped
306716,1188,2025-06-26T12:18:17Z,,3474.05,,10,NONE,paid
306724,1201,2025-06-21T09:13:48Z,,1361.8,1361.80,3,,canceled
306725,1204,2025-06-27T12:14:32Z,,1087.87,1087.87,3,LUX-R6,canceled
306727,1206,2025-06-09T08:09:18Z,,1754.9,1754.90,2,WINTER-FLYER,pending_hold
306734,1214,2025-06-19T07:38:43Z,,2434.24,2434.24,4,RAMADAN-BUNDLE,paid
306735,1216,2025-06-27T06:18:55Z,,4897.83,,12,,shipped
306741,1226,2025/06/10 16:52,,3528.14,3528.14,7,NONE,paid
306744,1229,2025-06-14T09:16:41Z,,2223.45,2223.45,5,WINTER-FLYER,paid
306745,1229,2025-06-04T10:19:01Z,,1080.91,,3,RAMADAN-BUNDLE,paid
306749,1230,2025-06-27T06:30:47Z,,3441.84,3441.84,8,WINTER-FLYER,canceled
306756,1238,2025-06-23T06:31:10Z,,5075.29,,13,WINTER-FLYER,paid
306757,1239,2025-06-21T08:05:09Z,,8028.96,,13,,paid
306758,1241,2025-06-12T06:37:33Z,,7575.29,,13,RAMADAN-BUNDLE,paid
306762,1249,2025-06-09T08:46:06Z,,2938.28,2938.28,5,NONE,canceled
306767,1254,2025-06-01T11:23:13Z,,5340.26,,10,LUX-R6,paid
306772,1262,2025-06-12T07:05:02Z,,1717.1,1717.10,2,NONE,canceled
306774,1264,2025-06-11T10:23:47Z,,145.94,,2,,canceled
306775,1265,2025-06-15T11:36:57Z,,8686.09,8686.09,11,NONE,shipped
306776,1266,2025-06-13T07:33:42Z,,3106.75,3106.75,6,LUX-R6,paid
306785,1285,2025-06-17T15:14:03Z,,3596.07,3596.07,7,WINTER-FLYER,paid
306788,1289,2025-06-17T06:40:38Z,,2489.14,2489.14,2,RAMADAN-BUNDLE,paid
306795,1306,2025-06-05T12:00:43Z,,6213.35,,8,NONE,paid
306800,1311,2025-06-27T08:16:32Z,,2295.29,,6,,paid
306801,1311,2025-06-23T08:52:30Z,,3665.81,,5,NONE,pending_hold
306804,1312,2025-06-10T15:57:34Z,,3977.88,,7,NONE,paid
306811,1318,2025-06-13T07:33:34Z,,2130.13,2130.13,2,WINTER-FLYER,pending_hold
306812,1324,2025-06-21T06:33:38Z,,3612.81,3612.81,6,LUX-R6,shipped
306813,1325,2025-06-15T09:32:30Z,,2366.99,,3,RAMADAN-BUNDLE,paid
306816,1326,2025-06-14T13:39:17Z,,1553.98,,7,WINTER-FLYER,canceled
306818,1328,2025-06-28T13:20:15Z,,3527.75,,9,WINTER-FLYER,paid
306823,1333,2025-06-22T06:55:44Z,,1828.17,1828.17,6,RAMADAN-BUNDLE,paid
306825,1334,2025-06-28T07:26:04Z,,3002.67,3002.67,8,WINTER-FLYER,pending_hold
306828,1339,2025/06/24 11:54,,4807.82,,10,LUX-R6,shipped
306839,1348,2025-06-07T07:48:12Z,,7644.52,7644.52,10,NONE,canceled
306844,1355,2025/06/05 11:59,,1382.99,,4,NONE,shipped
306845,1357,2025/06/05 12:18,,1117.48,,3,LUX-R6,paid
306847,1360,2025-06-25T06:59:36Z,,1797.51,1797.51,3,RAMADAN-BUNDLE,canceled
306849,1366,2025-06-20T12:51:05Z,,1103.3,1103.30,5,LUX-R6,shipped
306850,1367,2025-06-04T14:27:56Z,,5977.64,,11,NONE,shipped
306858,1385,2025-06-11T09:17:36Z,,5882.69,5882.69,13,LUX-R6,paid
306861,1393,2025-06-02T14:38:43Z,,3196.85,3196.85,13,RAMADAN-BUNDLE,shipped
306862,1394,2025-06-14T10:45:29Z,,5431.4,,8,LUX-R6,paid
306867,1397,2025/06/22 11:46,,1325.92,1325.92,3,,paid
306868,1397,2025-06-21T07:44:49Z,,1936.18,1936.18,5,NONE,canceled
306874,1399,2025-06-08T09:11:53Z,,3174.57,3174.57,8,WINTER-FLYER,shipped
306876,1406,2025-06-14T17:42:10Z,,4999.01,4999.01,10,NONE,pending_hold
306877,1410,2025-06-17T12:01:58Z,,3528.78,,5,NONE,pending_hold
306881,1414,2025-06-04T08:16:22Z,,2254.26,,4,,paid
306882,1414,2025/06/06 14:30,,2659.84,,8,LUX-R6,paid
306884,1415,2025-06-05T12:06:42Z,,1811.84,1811.84,4,WINTER-FLYER,paid
306892,1424,2025/06/04 11:06,,5604.8,,5,NONE,paid
306905,1443,2025-06-17T08:56:04Z,,4247.33,4247.33,7,RAMADAN-BUNDLE,canceled
306910,1452,2025-06-04T13:54:55Z,,4835.5,4835.50,10,LUX-R6,shipped
306912,1455,2025-06-17T11:46:02Z,,2143.77,2143.77,6,,paid
306914,1456,2025-06-26T09:21:15Z,,5856.26,,14,RAMADAN-BUNDLE,pending_hold
306917,1457,2025-06-11T11:31:17Z,,2920.21,,9,NONE,paid
306918,1457,2025/06/07 08:49,,5162.61,5162.61,5,,canceled
306925,1467,2025-06-21T08:34:49Z,,2687.28,,7,NONE,paid
306931,1472,2025-06-06T12:31:40Z,,4438.78,,12,RAMADAN-BUNDLE,paid
306935,1482,2025-06-04T07:49:33Z,,2923.62,,5,NONE,pending_hold
306936,1482,2025-06-26T09:43:00Z,,3895.7,3895.70,3,LUX-R6,pending_hold
306942,1489,2025-06-28T06:18:35Z,,1366.17,,4,RAMADAN-BUNDLE,pending_hold
306943,1495,2025-06-17T08:42:32Z,,3042.03,,13,NONE,pending_hold
306945,1496,2025-06-22T08:49:49Z,,3835.53,,9,LUX-R6,paid
306950,1505,2025-06-23T13:42:38Z,,3418.14,3418.14,6,NONE,paid
306953,1509,2025-06-11T11:49:15Z,,3928.03,,8,LUX-R6,pending_hold
306957,1511,2025-06-14T07:13:25Z,,3302.45,,7,RAMADAN-BUNDLE,pending_hold
306958,1512,2025-06-07T12:49:14Z,,5619.51,5619.51,9,,paid
306959,1517,2025-06-04T07:32:31Z,,3555.45,3555.45,6,,canceled
306960,1519,2025-06-19T06:44:52Z,,3719.85,,6,WINTER-FLYER,paid
306964,1529,2025-06-20T11:08:17Z,,1770.87,,6,NONE,paid
306969,1537,2025-06-14T11:04:26Z,,1898.95,,3,RAMADAN-BUNDLE,paid
306976,1546,2025-06-05T07:47:52Z,,4182.55,,10,RAMADAN-BUNDLE,shipped
306982,1552,2025-06-07T09:21:59Z,,1414.55,,6,RAMADAN-BUNDLE,canceled
306986,1554,2025-06-19T14:42:34Z,,2540.46,,5,RAMADAN-BUNDLE,pending_hold
306987,1556,2025-06-14T12:00:56Z,,294.44,294.44,2,WINTER-FLYER,paid
306988,1556,2025-06-03T13:47:37Z,,8311.12,,11,LUX-R6,paid
306989,1557,2025-06-22T09:42:40Z,,630.53,,2,LUX-R6,canceled
306990,1558,2025-06-16T13:11:01Z,,5778.9,5778.90,8,WINTER-FLYER,paid
306993,1562,2025-06-07T15:38:02Z,,1950.21,,5,NONE,paid
306994,1563,2025-06-05T12:42:33Z,,1274.52,,4,NONE,paid
306997,1567,2025-06-04T06:03:49Z,,4173.53,4173.53,8,LUX-R6,paid
307003,1573,2025-06-16T09:02:05Z,,3086.67,,6,LUX-R6,pending_hold
307009,1576,2025-06-06T13:59:59Z,,4907.09,,5,RAMADAN-BUNDLE,paid
307010,1576,2025-06-15T10:24:11Z,,2756.2,2756.20,7,NONE,canceled
307015,1584,2025-06-04T10:59:23Z,,2258.37,2258.37,3,NONE,pending_hold
307019,1594,2025-06-25T09:32:38Z,,5926.08,,4,RAMADAN-BUNDLE,paid
307020,1594,2025-06-21T09:45:36Z,,385.67,,2,WINTER-FLYER,paid
307026,1605,2025-06-10T14:54:22Z,,9225.81,,11,WINTER-FLYER,paid
307027,1605,2025-06-20T11:29:41Z,,2752.75,,5,WINTER-FLYER,pending_hold
307030,1612,2025-06-01T13:09:08Z,,3563.32,3563.32,8,NONE,shipped
307031,1613,2025-06-24T12:13:14Z,,2523.05,,6,NONE,paid
307034,1616,2025-06-10T14:57:54Z,,1971.93,1971.93,5,NONE,paid
307036,1616,2025/06/20 11:09,,3126.56,3126.56,6,LUX-R6,paid
307045,1625,2025-06-28T08:58:30Z,,146.67,146.67,2,LUX-R6,shipped
307048,1633,2025-06-05T07:11:12Z,,4797.76,,10,,shipped
307051,1634,2025-06-15T09:50:00Z,,2430.42,2430.42,4,NONE,canceled
307053,1636,2025-06-19T08:13:43Z,,7049.69,,12,NONE,paid
307056,1637,2025-06-14T10:58:46Z,,2104.09,2104.09,4,NONE,paid
307057,1637,2025-06-02T12:30:24Z,,3493.44,3493.44,6,WINTER-FLYER,canceled
307058,1637,2025-06-02T17:09:40Z,,783.38,,5,RAMADAN-BUNDLE,shipped
307063,1639,2025-06-06T09:48:04Z,,3723.56,,4,NONE,pending_hold
307069,1646,2025-06-14T11:28:02Z,,4565.77,4565.77,5,NONE,paid
307071,1647,2025-06-23T17:59:41Z,,2483.17,2483.17,10,NONE,canceled
307075,1649,2025-06-18T10:06:57Z,,3386.54,3386.54,4,NONE,paid
307076,1653,2025-06-21T06:31:45Z,,2855.66,2855.66,7,NONE,pending_hold
307077,1656,2025-06-23T14:51:03Z,,1733.39,1733.39,8,RAMADAN-BUNDLE,canceled
307079,1657,2025-06-24T11:32:44Z,,3877.28,,5,NONE,paid
307080,1659,2025-06-01T09:53:04Z,,2048.99,,4,LUX-R6,paid
307083,1667,2025-06-05T12:08:40Z,,5289.44,,8,WINTER-FLYER,paid
307085,1672,2025-06-03T15:28:29Z,,2031.27,2031.27,7,,shipped
307099,1699,2025-06-20T11:38:04Z,,1229.52,,4,NONE,paid
307101,1701,2025/06/03 17:42,,1763.86,1763.86,8,,paid
307103,1702,2025-06-12T12:14:35Z,,2322.29,2322.29,7,LUX-R6,paid
307106,1704,2025-06-04T10:13:29Z,,608.01,,4,LUX-R6,shipped
307110,1709,2025-06-16T11:03:53Z,,4191.07,,8,NONE,canceled
307111,1709,2025-06-08T12:28:41Z,,5129.39,5129.39,10,LUX-R6,paid
307116,1715,2025-06-05T17:34:01Z,,2428.07,,6,WINTER-FLYER,paid
307119,1718,2025-06-25T10:51:50Z,,5585.15,5585.15,7,NONE,paid
307120,1720,2025-06-24T11:46:55Z,,5098.24,5098.24,11,NONE,shipped
307121,1720,2025-06-28T11:05:10Z,,5511.87,5511.87,12,RAMADAN-BUNDLE,shipped
307122,1720,2025-06-20T08:09:26Z,,10555.09,,7,NONE,paid
307126,1724,2025-06-25T09:20:47Z,,4746.07,4746.07,6,NONE,paid
307129,1727,2025-06-12T10:35:56Z,,1533.25,1533.25,4,NONE,paid
307132,1730,2025-06-11T09:54:26Z,,6360.58,,15,NONE,pending_hold
307133,1730,2025-06-02T10:12:38Z,,1272.36,1272.36,8,NONE,paid
307135,1734,2025/06/28 09:48,,2395.84,,4,NONE,canceled
307138,1740,2025-06-11T11:40:19Z,,1089.7,1089.70,4,NONE,canceled
307139,1740,2025-06-15T06:41:49Z,,1106.88,1106.88,3,RAMADAN-BUNDLE,shipped
307140,1744,2025-06-17T11:04:40Z,,2829.91,,5,NONE,shipped
307145,1755,2025-06-26T11:00:49Z,,5346.97,5346.97,6,,paid
307152,1760,2025-06-28T12:20:54Z,,1827.7,,4,WINTER-FLYER,paid
307153,1764,2025-06-02T07:45:41Z,,1431.73,1431.73,5,WINTER-FLYER,shipped
307158,1770,2025-06-10T06:23:58Z,,3143.62,,8,RAMADAN-BUNDLE,paid
307161,1775,2025-06-05T06:43:39Z,,939.15,939.15,3,WINTER-FLYER,canceled
307162,1776,2025-06-10T10:23:22Z,,4742.71,4742.71,10,LUX-R6,pending_hold
307166,1783,2025-06-28T06:31:15Z,,3396.32,,4,LUX-R6,paid
307170,1788,2025-06-12T09:36:14Z,,7717.02,7717.02,8,WINTER-FLYER,shipped
307172,1790,2025-06-06T10:17:29Z,,2722.77,,6,,shipped
307173,1791,2025-06-24T09:49:42Z,,1693.34,1693.34,5,NONE,pending_hold
307180,1795,2025-06-02T10:45:18Z,,5630.77,5630.77,11,NONE,canceled
307185,1801,2025-06-17T12:14:00Z,,2909.46,2909.46,7,NONE,paid
307190,1804,2025-06-03T10:01:34Z,,7780.24,7780.24,13,LUX-R6,pending_hold
307194,1808,2025-06-11T09:35:11Z,,122.86,,3,RAMADAN-BUNDLE,shipped
307197,1812,2025/06/09 08:38,,6862.88,6862.88,10,WINTER-FLYER,paid
307203,1822,2025/06/17 10:42,,4809.27,4809.27,9,WINTER-FLYER,paid
307204,1823,2025-06-24T09:28:10Z,,3798.26,3798.26,6,LUX-R6,paid
307209,1829,2025-06-09T18:06:51Z,,2545.59,2545.59,6,NONE,canceled
307210,1830,2025-06-13T08:44:51Z,,1618.37,1618.37,3,,canceled
307213,1839,2025-06-21T06:04:35Z,,2841.24,2841.24,6,RAMADAN-BUNDLE,paid
307217,1847,2025-06-27T13:51:38Z,,5149.27,,9,NONE,shipped
307219,1847,2025-06-14T11:03:05Z,,4655.09,,9,,canceled
307220,1848,2025-06-01T10:34:44Z,,2470.15,,8,LUX-R6,paid
307225,1855,2025-06-05T06:08:32Z,,1123.24,,4,,paid
307226,1855,2025-06-04T08:23:24Z,,2678.32,,8,NONE,paid
307227,1856,2025-06-14T09:59:19Z,,4085.74,4085.74,6,WINTER-FLYER,pending_hold
307229,1857,2025/06/16 09:42,,4994.89,4994.89,14,NONE,pending_hold
307236,1864,2025-06-20T09:04:46Z,,650.97,650.97,3,NONE,paid
307245,1883,2025-06-03T06:57:19Z,,2819.4,,4,LUX-R6,shipped
307249,1891,2025-06-15T09:47:45Z,,3297.25,3297.25,6,RAMADAN-BUNDLE,canceled
307250,1891,2025-06-18T12:47:57Z,,1545.46,,6,NONE,canceled
307251,1893,2025-06-19T11:33:35Z,,1410.35,,3,NONE,shipped
307253,1898,2025-06-25T16:37:22Z,,2485.03,2485.03,7,,canceled
307257,1901,2025-06-23T10:39:28Z,,3799.47,3799.47,10,,paid
307260,1905,2025-06-10T10:00:14Z,,3688.99,3688.99,6,NONE,paid
307261,1906,2025-06-25T07:39:28Z,,1982.73,1982.73,8,RAMADAN-BUNDLE,pending_hold
307262,1906,2025-06-09T09:13:37Z,,2326.74,2326.74,7,WINTER-FLYER,canceled
307264,1906,2025-06-28T12:52:40Z,,3689.49,,7,LUX-R6,paid
307265,1906,2025-06-22T10:14:22Z,,6467.71,6467.71,11,WINTER-FLYER,pending_hold
307266,1906,2025-06-20T13:38:15Z,,4619.73,4619.73,9,WINTER-FLYER,pending_hold
307269,1914,2025-06-24T13:18:20Z,,3032.24,,6,NONE,shipped
307272,1916,2025-06-06T07:58:09Z,,5683.2,5683.20,10,NONE,shipped
307273,1917,2025-06-20T12:11:59Z,,1808.69,,9,,paid
307278,1931,2025-06-01T17:06:27Z,,4734.02,,9,NONE,paid
307279,1931,2025-06-18T11:28:07Z,,710.41,,3,NONE,paid
307284,1939,2025-06-02T07:26:54Z,,2789.48,,5,LUX-R6,pending_hold
307287,1942,2025/06/07 14:24,,6223.94,6223.94,9,NONE,paid
307293,1947,2025-06-01T06:52:19Z,,1663.69,1663.69,2,WINTER-FLYER,pending_hold
307296,1954,2025-06-06T11:00:49Z,,3384.34,3384.34,8,WINTER-FLYER,paid
307298,1959,2025-06-15T11:18:20Z,,5973.08,5973.08,8,,canceled
307302,1960,2025-06-25T07:01:03Z,,5171.96,,7,RAMADAN-BUNDLE,pending_hold
307305,1970,2025-06-04T08:23:01Z,,6056.19,,7,NONE,paid
307307,1977,2025-06-14T08:13:38Z,,2134.0,,3,,canceled
307315,1987,2025-06-22T09:02:02Z,,3469.39,,3,RAMADAN-BUNDLE,pending_hold
307317,1990,2025-06-17T15:55:01Z,,2421.28,,9,NONE,paid
307319,1990,2025-06-16T10:38:08Z,,2607.66,2607.66,7,NONE,shipped
307323,1996,2025-06-14T08:14:34Z,,2731.4,2731.40,4,RAMADAN-BUNDLE,paid
307325,1996,2025-06-27T12:49:07Z,,3715.75,,9,NONE,paid
307327,1996,2025-06-05T07:37:42Z,,3553.3,,5,,canceled
307342,2021,2025-06-14T09:28:18Z,,4690.71,,6,RAMADAN-BUNDLE,shipped
307343,2023,2025-06-15T11:33:56Z,,3060.4,,5,LUX-R6,pending_hold
307345,2025,2025-06-17T06:00:10Z,,9271.99,,15,WINTER-FLYER,paid
307350,2036,2025-06-22T09:22:07Z,,4848.19,,12,NONE,paid
307361,2043,2025-06-26T14:06:41Z,,4440.17,4440.17,8,NONE,shipped
307362,2050,2025-06-02T17:47:44Z,,2717.56,2717.56,4,RAMADAN-BUNDLE,paid
307363,2054,2025-06-08T09:44:18Z,,2508.65,2508.65,6,NONE,paid
307364,2054,2025-06-01T11:07:29Z,,5324.76,,14,RAMADAN-BUNDLE,paid
307368,2059,2025-06-07T06:07:26Z,,1388.5,,7,NONE,paid
307369,2060,2025-06-13T10:46:40Z,,2877.78,,6,LUX-R6,paid
307370,2061,2025-06-08T12:15:18Z,,920.34,,4,NONE,paid
307371,2065,2025-06-19T11:43:06Z,,1880.14,,4,WINTER-FLYER,pending_hold
307374,2076,2025-06-11T06:31:35Z,,6815.79,6815.79,15,RAMADAN-BUNDLE,shipped
307381,2083,2025-06-11T16:45:52Z,,3221.61,,5,NONE,canceled
307383,2085,2025-06-04T07:40:21Z,,3628.55,,9,WINTER-FLYER,paid
307384,2085,2025-06-23T06:29:10Z,,7156.92,,6,RAMADAN-BUNDLE,paid
307386,2087,2025-06-17T07:27:35Z,,2133.21,2133.21,6,NONE,paid
307389,2089,2025-06-07T15:33:42Z,,5906.52,,8,RAMADAN-BUNDLE,canceled
307395,2093,2025-06-11T10:28:43Z,,2286.13,2286.13,5,WINTER-FLYER,shipped
307401,2104,2025-06-12T14:06:13Z,,1618.27,,3,,paid
307404,2107,2025-06-13T07:32:47Z,,7058.71,7058.71,10,RAMADAN-BUNDLE,pending_hold
307405,2108,2025-06-25T16:48:31Z,,2034.71,,5,WINTER-FLYER,paid
307406,2109,2025-06-27T07:08:34Z,,4959.11,,10,,shipped
307410,2120,2025-06-28T16:24:57Z,,3541.12,,7,,shipped
307415,2129,2025-06-27T07:38:15Z,,6352.22,6352.22,9,,canceled
307417,2130,2025-06-28T10:35:56Z,,4352.82,,7,,paid
307418,2130,2025-06-15T11:37:53Z,,851.08,851.08,3,NONE,canceled
307422,2132,2025-06-03T06:09:44Z,,4617.72,,9,RAMADAN-BUNDLE,paid
307426,2134,2025-06-25T06:21:37Z,,4013.19,,8,,shipped
307427,2134,2025-06-24T07:00:49Z,,5232.21,,8,RAMADAN-BUNDLE,canceled
307428,2137,2025-06-24T06:18:17Z,,4659.18,,11,RAMADAN-BUNDLE,paid
307433,2149,2025-06-19T09:27:43Z,,1799.76,1799.76,9,NONE,paid
307435,2149,2025-06-28T18:03:15Z,,1175.83,,4,WINTER-FLYER,paid
307439,2156,2025-06-03T11:04:05Z,,2328.81,,6,NONE,shipped
307440,2158,2025-06-08T15:51:02Z,,4157.2,,7,LUX-R6,paid
307441,2160,2025-06-11T14:00:21Z,,3995.62,3995.62,8,NONE,paid
307444,2163,2025-06-21T07:49:41Z,,2962.11,,4,WINTER-FLYER,paid
307446,2166,2025-06-12T10:29:25Z,,3806.72,,5,,canceled
307448,2173,2025-06-28T08:36:16Z,,3004.48,,8,RAMADAN-BUNDLE,paid
307449,2177,2025-06-24T09:19:58Z,,1989.66,1989.66,4,WINTER-FLYER,canceled
307453,2184,2025-06-12T11:33:42Z,,2119.88,,5,LUX-R6,shipped
307459,2195,2025-06-15T09:30:31Z,,1705.51,,5,LUX-R6,shipped
307460,2196,2025-06-14T13:53:24Z,,2687.23,2687.23,12,WINTER-FLYER,paid
307462,2196,2025-06-14T11:24:11Z,,5873.25,5873.25,13,RAMADAN-BUNDLE,canceled
307469,2205,2025-06-21T13:32:19Z,,10833.27,,8,WINTER-FLYER,canceled
307480,2219,2025-06-03T06:35:48Z,,847.53,847.53,4,WINTER-FLYER,pending_hold
307482,2220,2025/06/03 10:57,,535.19,,3,WINTER-FLYER,paid
307491,2238,2025/06/20 16:58,,965.31,,5,,shipped
307494,2245,2025-06-24T14:33:24Z,,8168.0,8168.00,13,LUX-R6,pending_hold
307496,2247,2025-06-01T09:16:39Z,,3899.18,3899.18,8,,pending_hold
307497,2247,2025-06-09T12:49:07Z,,3227.36,,7,,paid
307500,2250,2025-06-28T09:40:03Z,,3900.9,,8,LUX-R6,canceled
307502,2254,2025-06-14T17:49:44Z,,7755.03,,7,LUX-R6,canceled
307503,2255,2025-06-21T11:09:44Z,,1194.88,1194.88,2,WINTER-FLYER,paid
307512,2269,2025-06-05T13:01:25Z,,3182.04,,4,RAMADAN-BUNDLE,paid
307513,2273,2025-06-05T11:39:15Z,,1234.36,,5,RAMADAN-BUNDLE,paid
307514,2273,2025-06-27T11:04:44Z,,3294.58,3294.58,6,NONE,pending_hold
307517,2280,2025-06-19T12:47:24Z,,3715.44,3715.44,4,,canceled
307524,2288,2025-06-20T09:50:52Z,,1927.17,,2,,paid
307528,2292,2025-06-08T09:11:05Z,,3080.84,,7,NONE,shipped
307536,2302,2025-06-28T06:44:49Z,,3415.26,3415.26,9,NONE,shipped
307542,2316,2025-06-02T08:05:26Z,,9078.97,,13,LUX-R6,canceled
307543,2317,2025-06-13T10:57:52Z,,1817.98,,8,NONE,canceled
307545,2330,2025-06-15T10:03:49Z,,4479.43,4479.43,3,,paid
307546,2330,2025-06-19T14:02:40Z,,5150.84,,7,NONE,paid
307548,2331,2025/06/01 14:27,,2529.39,2529.39,7,LUX-R6,paid
307552,2338,2025-06-21T08:38:51Z,,1789.57,,4,RAMADAN-BUNDLE,paid
307554,2344,2025-06-03T13:33:40Z,,2002.26,,2,NONE,paid
307558,2350,2025-06-09T08:50:48Z,,6876.17,,7,LUX-R6,paid
307568,2365,2025-06-08T10:05:04Z,,3506.83,3506.83,7,RAMADAN-BUNDLE,paid
307572,2368,2025-06-11T17:27:26Z,,3684.12,3684.12,10,NONE,canceled
307576,2375,2025-06-02T12:47:35Z,,7165.35,,12,WINTER-FLYER,shipped
307577,2375,2025-06-27T10:25:14Z,,896.16,896.16,4,,shipped
307580,2378,2025-06-10T06:17:36Z,,4265.7,,12,WINTER-FLYER,paid
307581,2378,2025-06-17T07:22:15Z,,2104.47,,5,,pending_hold
307582,2380,2025-06-09T14:02:45Z,,7075.11,7075.11,6,WINTER-FLYER,canceled
307586,2383,2025-06-25T16:50:07Z,,1355.19,1355.19,3,RAMADAN-BUNDLE,canceled
307588,2385,2025-06-02T10:36:45Z,,3950.5,,12,LUX-R6,paid
307590,2388,2025-06-28T12:32:52Z,,1875.58,1875.58,9,RAMADAN-BUNDLE,paid
307593,2390,2025-06-27T14:44:58Z,,513.92,,4,WINTER-FLYER,canceled
307594,2390,2025-06-21T17:43:36Z,,1924.14,,10,,pending_hold
307596,2392,2025-06-08T06:52:50Z,,1357.7,1357.70,8,RAMADAN-BUNDLE,paid
307597,2392,2025-06-14T12:09:39Z,,5595.82,,9,RAMADAN-BUNDLE,shipped
307599,2393,2025-06-21T10:13:00Z,,5166.94,,8,LUX-R6,canceled
307600,2393,2025-06-11T07:52:46Z,,2421.47,,7,,paid
307602,2398,2025/06/02 14:04,,3736.37,,13,NONE,pending_hold
307603,2399,2025-06-07T07:11:48Z,,2104.97,,8,WINTER-FLYER,paid
307608,2404,2025-06-21T12:28:34Z,,1097.12,,5,WINTER-FLYER,paid
307617,2413,2025-06-04T12:39:11Z,,2236.08,,4,NONE,paid
307623,2418,2025-06-05T09:36:27Z,,5473.99,,8,RAMADAN-BUNDLE,pending_hold
307624,2418,2025-06-06T11:24:55Z,,2033.51,,5,WINTER-FLYER,paid
307641,2449,2025-06-04T09:00:36Z,,7454.51,,9,,paid
307643,2451,2025-06-21T12:24:51Z,,1268.46,,5,NONE,pending_hold
307647,2462,2025-06-02T07:25:42Z,,2833.42,,7,RAMADAN-BUNDLE,pending_hold
307658,2472,2025-06-19T08:29:07Z,,2888.16,2888.16,5,RAMADAN-BUNDLE,shipped
307664,2481,2025-06-03T12:58:36Z,,4732.44,4732.44,15,WINTER-FLYER,paid
307666,2482,2025-06-03T08:00:57Z,,14531.2,,15,WINTER-FLYER,shipped
307670,2484,2025-06-22T06:25:37Z,,6244.98,6244.98,9,LUX-R6,pending_hold
307673,2492,2025-06-27T10:37:25Z,,4764.71,4764.71,9,LUX-R6,paid
307677,2495,2025-06-01T08:55:56Z,,2051.92,2051.92,7,RAMADAN-BUNDLE,canceled
307683,2507,2025-06-23T07:35:03Z,,921.84,,4,WINTER-FLYER,paid
307686,2512,2025-06-21T09:05:37Z,,2135.17,2135.17,4,RAMADAN-BUNDLE,paid
307695,2515,2025-06-15T09:40:24Z,,1559.35,,8,,pending_hold
307698,2518,2025-06-11T06:03:55Z,,2108.34,,2,LUX-R6,paid
307700,2530,2025-06-17T08:55:09Z,,6857.24,6857.24,7,NONE,paid
307704,2536,2025-06-28T10:58:27Z,,7131.75,7131.75,13,NONE,paid
307707,2539,2025-06-19T07:38:52Z,,1761.81,,3,NONE,paid
307711,2541,2025-06-03T06:54:15Z,,4532.69,,10,,pending_hold
307713,2543,2025-06-06T12:44:10Z,,4533.6,,7,NONE,shipped
307717,2565,2025/06/08 15:32,,6688.53,6688.53,9,,pending_hold
307721,2577,2025-06-04T11:51:30Z,,3113.29,,4,LUX-R6,canceled
307723,2588,2025-06-26T09:37:53Z,,5712.87,,8,NONE,shipped
307725,2591,2025-06-15T08:57:40Z,,555.02,,3,NONE,paid
307729,2594,2025-06-16T07:27:30Z,,2392.9,,7,NONE,paid
307738,2603,2025-06-13T12:28:52Z,,1384.58,,5,NONE,paid
307743,2610,2025-06-04T08:00:55Z,,4101.28,,4,NONE,paid
307755,2622,2025-06-23T06:47:54Z,,3827.07,3827.07,7,NONE,paid
307757,2623,2025-06-24T06:04:05Z,,4131.72,,9,LUX-R6,shipped
307760,2627,2025-06-08T12:11:45Z,,2321.68,,4,LUX-R6,pending_hold
307770,2641,2025-06-21T10:07:57Z,,4974.91,,8,WINTER-FLYER,paid
307771,2643,2025-06-05T12:33:01Z,,1676.88,,4,RAMADAN-BUNDLE,pending_hold
307772,2643,2025-06-16T07:08:44Z,,4089.95,,7,NONE,paid
307773,2643,2025/06/03 14:15,,3210.77,3210.77,7,WINTER-FLYER,paid
307776,2646,2025-06-20T07:55:28Z,,3427.28,3427.28,2,WINTER-FLYER,canceled
307777,2649,2025-06-02T07:32:47Z,,3294.43,3294.43,10,,paid
307782,2663,2025-06-07T06:05:57Z,,7532.1,,8,,shipped
307784,2663,2025-06-07T09:00:41Z,,1587.43,,8,LUX-R6,paid
307785,2663,2025-06-28T11:48:19Z,,3615.33,,8,LUX-R6,paid
307788,2667,2025-06-25T12:47:17Z,,1093.65,,4,NONE,pending_hold
307790,2670,2025/06/04 12:15,,1818.18,1818.18,5,WINTER-FLYER,paid
307792,2672,2025-06-22T14:38:55Z,,3618.74,3618.74,6,,paid
307801,2677,2025-06-26T11:45:50Z,,2894.73,2894.73,7,RAMADAN-BUNDLE,paid
307803,2681,2025-06-10T06:52:45Z,,8159.8,8159.80,10,,paid
307804,2682,2025-06-21T12:53:33Z,,542.41,,4,,shipped
307806,2685,2025-06-19T07:30:08Z,,1011.79,1011.79,3,,paid
307807,2691,2025-06-09T11:55:39Z,,3017.68,3017.68,5,RAMADAN-BUNDLE,shipped
307808,2694,2025-06-25T09:37:55Z,,1373.55,1373.55,5,WINTER-FLYER,paid
307811,2695,2025-06-28T06:19:56Z,,3167.19,3167.19,2,WINTER-FLYER,canceled
307812,2695,2025/06/21 17:05,,2806.68,2806.68,5,WINTER-FLYER,pending_hold
307816,2705,2025-06-15T09:44:45Z,,1971.48,1971.48,6,RAMADAN-BUNDLE,shipped
307818,2707,2025-06-17T14:09:26Z,,3165.97,,5,NONE,paid
307824,2716,2025-06-27T09:43:47Z,,425.11,,3,LUX-R6,paid
307825,2718,2025-06-08T11:58:48Z,,5886.39,5886.39,7,RAMADAN-BUNDLE,paid
307826,2719,2025/06/15 08:37,,7640.88,7640.88,10,NONE,paid
307829,2722,2025-06-14T14:48:47Z,,1811.05,1811.05,5,WINTER-FLYER,paid
307832,2729,2025-06-21T10:48:14Z,,3117.0,3117.00,4,RAMADAN-BUNDLE,shipped
307833,2729,2025-06-24T10:26:12Z,,1418.73,,5,LUX-R6,shipped
307836,2733,2025/06/26 13:57,,3814.73,,11,LUX-R6,paid
307839,2735,2025-06-19T12:08:47Z,,2930.69,2930.69,5,,pending_hold
307847,2748,2025-06-26T09:24:25Z,,2686.52,,7,NONE,paid
307851,2753,2025-06-10T17:45:48Z,,2242.8,,6,RAMADAN-BUNDLE,paid
307856,2761,2025-06-26T06:51:29Z,,5991.49,5991.49,6,WINTER-FLYER,paid
307860,2765,2025-06-07T09:10:22Z,,1467.5,1467.50,5,LUX-R6,paid
307864,2771,2025-06-10T08:13:39Z,,1861.58,,8,LUX-R6,shipped
307867,2780,2025-06-03T12:54:49Z,,2305.87,,8,LUX-R6,shipped
307869,2788,2025-06-21T11:32:32Z,,2909.27,2909.27,3,WINTER-FLYER,pending_hold
307880,2813,2025-06-16T12:36:02Z,,2952.92,2952.92,7,LUX-R6,pending_hold
307881,2813,2025-06-19T10:06:52Z,,2726.18,2726.18,6,LUX-R6,paid
307886,2819,2025-06-26T14:50:57Z,,2745.58,,2,RAMADAN-BUNDLE,canceled
307890,1000,2025-07-20T10:48:25Z,,9189.12,,14,NONE,paid
307893,1001,2025-07-08T12:29:36Z,,1543.0,1543.00,4,LUX-R6,canceled
307894,1003,2025-07-24T11:11:49Z,,3875.75,3875.75,7,RAMADAN-BUNDLE,paid
307897,1004,2025-07-02T09:07:12Z,,1636.64,,6,NONE,paid
307898,1006,2025/07/04 15:25,,1323.65,,4,RAMADAN-BUNDLE,paid
307901,1006,2025-07-23T08:37:40Z,,611.47,611.47,4,,shipped
307910,1017,2025-07-24T06:19:06Z,,1578.53,1578.53,3,LUX-R6,canceled
307914,1020,2025-07-02T07:53:09Z,,1489.25,1489.25,2,WINTER-FLYER,pending_hold
307917,1026,2025-07-12T06:20:15Z,,3119.69,,5,RAMADAN-BUNDLE,paid
307920,1026,2025-07-17T12:41:31Z,,2261.72,,7,LUX-R6,paid
307926,1040,2025-07-21T10:45:43Z,,7766.55,7766.55,9,LUX-R6,paid
307927,1040,2025-07-04T09:09:14Z,,2571.69,,3,LUX-R6,pending_hold
307932,1049,2025-07-13T07:37:55Z,,1540.51,1540.51,5,,shipped
307933,1049,2025/07/28 09:36,,3770.2,3770.20,4,NONE,pending_hold
307934,1050,2025-07-08T14:49:37Z,,1937.46,1937.46,5,,canceled
307935,1051,2025/07/19 08:19,,2315.7,2315.70,6,NONE,canceled
307938,1055,2025-07-20T17:44:02Z,,2480.31,,8,,canceled
307940,1056,2025-07-04T13:54:23Z,,2067.21,,7,NONE,paid
307942,1058,2025-07-10T11:24:03Z,,6475.8,6475.80,5,NONE,paid
307948,1068,2025-07-16T10:31:00Z,,9142.97,,12,NONE,paid
307949,1070,2025-07-25T06:43:33Z,,5336.1,,10,,canceled
307951,1073,2025-07-26T06:33:33Z,,4730.87,,7,NONE,pending_hold
307954,1076,2025/07/18 15:27,,4354.23,4354.23,11,WINTER-FLYER,pending_hold
307955,1077,2025-07-20T06:01:00Z,,2863.77,,7,,shipped
307957,1079,2025-07-08T09:10:30Z,,4875.03,,8,,pending_hold
307958,1082,2025-07-02T14:17:19Z,,3243.57,3243.57,4,RAMADAN-BUNDLE,shipped
307961,1083,2025-07-15T11:45:34Z,,3125.25,3125.25,6,RAMADAN-BUNDLE,paid
307967,1088,2025-07-11T12:33:57Z,,857.33,857.33,3,WINTER-FLYER,pending_hold
307973,1104,2025/07/03 09:37,,2451.8,2451.80,4,LUX-R6,shipped
307983,1116,2025-07-01T14:23:56Z,,3827.48,3827.48,9,LUX-R6,paid
307985,1122,2025-07-16T08:40:31Z,,2558.69,2558.69,8,,paid
307987,1125,2025-07-05T08:21:43Z,,4303.46,,9,,paid
307988,1126,2025-07-12T08:27:01Z,,2062.84,,4,,paid
307991,1130,2025-07-28T15:23:16Z,,2799.16,,4,RAMADAN-BUNDLE,canceled
307994,1133,2025-07-14T08:25:18Z,,2519.96,,12,,paid
307997,1134,2025-07-21T12:48:27Z,,1941.02,,5,RAMADAN-BUNDLE,canceled
308000,1134,2025-07-24T12:38:43Z,,4218.96,4218.96,8,,paid
308001,1134,2025-07-16T06:52:36Z,,2719.36,2719.36,8,RAMADAN-BUNDLE,pending_hold
308003,1139,2025-07-05T14:54:18Z,,6114.87,,13,LUX-R6,paid
308007,1142,2025/07/01 12:18,,5797.84,5797.84,8,,shipped
308008,1143,2025-07-14T08:55:16Z,,1203.39,1203.39,5,NONE,shipped
308009,1145,2025-07-19T09:58:01Z,,5481.36,5481.36,8,NONE,pending_hold
308012,1148,2025-07-15T07:10:47Z,,3654.94,3654.94,6,NONE,paid
308020,1158,2025-07-16T12:02:29Z,,8610.21,8610.21,10,NONE,paid
308030,1180,2025-07-26T10:34:57Z,,3004.24,3004.24,7,RAMADAN-BUNDLE,canceled
308036,1188,2025-07-17T10:02:03Z,,2265.68,,2,RAMADAN-BUNDLE,shipped
308037,1192,2025-07-14T07:17:39Z,,2113.7,,6,,paid
308039,1192,2025-07-09T09:39:12Z,,3402.55,3402.55,5,NONE,pending_hold
308041,1192,2025-07-19T11:21:12Z,,2901.57,,7,NONE,paid
308042,1192,2025-07-03T11:28:35Z,,2319.76,,3,RAMADAN-BUNDLE,shipped
308055,1206,2025-07-16T15:51:11Z,,4410.69,4410.69,10,WINTER-FLYER,paid
308057,1207,2025-07-22T12:19:27Z,,4304.34,4304.34,7,NONE,paid
308059,1212,2025-07-15T13:43:27Z,,3112.95,,8,NONE,paid
308060,1216,2025-07-11T10:04:32Z,,1755.0,,4,LUX-R6,pending_hold
308063,1222,2025-07-21T12:01:20Z,,1963.54,1963.54,3,LUX-R6,canceled
308068,1226,2025-07-20T07:05:20Z,,2811.33,,10,RAMADAN-BUNDLE,pending_hold
308072,1232,2025-07-20T09:48:31Z,,909.68,909.68,2,LUX-R6,pending_hold
308077,1243,2025/07/25 09:47,,2569.63,,7,NONE,paid
308078,1244,2025-07-27T07:12:48Z,,4189.29,,8,NONE,paid
308080,1245,2025-07-26T10:38:29Z,,1656.49,,7,,paid
308081,1249,2025-07-27T11:21:56Z,,3780.07,,7,RAMADAN-BUNDLE,paid
308085,1261,2025-07-25T08:23:30Z,,4169.22,4169.22,6,LUX-R6,canceled
308091,1270,2025-07-26T13:25:22Z,,1906.76,,4,NONE,shipped
308098,1277,2025-07-17T06:47:43Z,,2201.91,,4,WINTER-FLYER,pending_hold
308106,1285,2025-07-09T10:03:19Z,,5873.18,,10,,pending_hold
308109,1287,2025-07-01T06:56:57Z,,6068.96,,5,NONE,pending_hold
308112,1288,2025-07-22T10:32:29Z,,4272.88,,9,RAMADAN-BUNDLE,pending_hold
308115,1289,2025-07-04T12:25:00Z,,5255.48,5255.48,13,,shipped
308120,1297,2025-07-09T10:49:45Z,,2010.9,2010.90,3,,shipped
308121,1297,2025-07-25T08:16:19Z,,4815.67,,6,RAMADAN-BUNDLE,pending_hold
308122,1297,2025-07-11T10:57:14Z,,624.09,624.09,4,,paid
308128,1304,2025-07-09T09:53:17Z,,1129.73,,4,LUX-R6,shipped
308129,1304,2025-07-13T12:46:49Z,,2556.73,,5,NONE,paid
308130,1306,2025-07-18T13:50:53Z,,4624.83,4624.83,8,RAMADAN-BUNDLE,paid
308135,1314,2025-07-27T09:53:04Z,,3190.7,3190.70,6,NONE,pending_hold
308136,1314,2025-07-01T10:27:19Z,,1901.15,1901.15,5,WINTER-FLYER,paid
308143,1326,2025-07-14T12:18:55Z,,2255.81,,8,NONE,paid
308147,1330,2025-07-14T12:10:33Z,,595.83,,2,NONE,shipped
308151,1332,2025-07-24T14:02:00Z,,5568.11,,10,RAMADAN-BUNDLE,paid
308158,1340,2025/07/22 11:51,,4804.02,,12,NONE,shipped
308166,1347,2025-07-04T13:23:04Z,,1828.94,,4,WINTER-FLYER,canceled
308183,1382,2025-07-02T07:04:33Z,,2864.25,,8,NONE,paid
308187,1389,2025-07-04T11:04:48Z,,2017.7,2017.70,10,NONE,canceled
308192,1394,2025-07-02T12:08:53Z,,3737.82,,9,,shipped
308194,1397,2025-07-06T12:42:10Z,,1831.32,,6,WINTER-FLYER,canceled
308197,1400,2025-07-23T13:39:23Z,,1825.09,,5,NONE,shipped
308203,1406,2025-07-04T06:53:43Z,,4435.91,,8,NONE,pending_hold
308211,1418,2025-07-03T10:47:09Z,,1775.87,,6,LUX-R6,paid
308214,1426,2025-07-27T12:54:14Z,,3210.95,,12,,pending_hold
308215,1426,2025-07-10T17:50:58Z,,3013.79,,6,LUX-R6,paid
308220,1432,2025-07-25T10:31:20Z,,1751.78,1751.78,5,,shipped
308221,1432,2025-07-22T09:11:29Z,,2444.09,,7,,shipped
308223,1434,2025-07-13T13:38:48Z,,2062.47,2062.47,4,NONE,pending_hold
308226,1436,2025-07-16T08:48:07Z,,3854.99,3854.99,11,RAMADAN-BUNDLE,paid
308229,1439,2025-07-28T17:35:04Z,,3934.77,,7,NONE,paid
308238,1453,2025-07-15T06:01:59Z,,5969.29,,10,LUX-R6,canceled
308239,1454,2025-07-02T10:32:25Z,,997.64,997.64,2,RAMADAN-BUNDLE,pending_hold
308246,1467,2025-07-15T14:48:33Z,,4048.31,,9,RAMADAN-BUNDLE,paid
308249,1471,2025-07-11T13:59:03Z,,2596.28,,4,NONE,pending_hold
308264,1493,2025-07-25T15:37:22Z,,1680.51,,6,,pending_hold
308265,1493,2025-07-24T14:38:42Z,,3707.16,,8,NONE,shipped
308266,1493,2025-07-16T10:59:46Z,,2467.81,,6,WINTER-FLYER,paid
308267,1496,2025-07-13T09:49:32Z,,927.47,927.47,2,WINTER-FLYER,pending_hold
308270,1503,2025-07-16T06:22:45Z,,2131.2,2131.20,3,NONE,shipped
308274,1505,2025-07-06T11:07:17Z,,513.7,,3,WINTER-FLYER,canceled
308275,1505,2025-07-16T10:35:44Z,,2081.92,2081.92,4,RAMADAN-BUNDLE,paid
308279,1512,2025-07-09T09:45:09Z,,3532.3,3532.30,7,WINTER-FLYER,paid
308280,1515,2025-07-09T08:25:10Z,,4856.05,4856.05,6,LUX-R6,paid
308293,1529,2025-07-15T11:05:14Z,,4125.56,4125.56,9,NONE,shipped
308295,1533,2025-07-11T08:10:11Z,,2692.67,,6,LUX-R6,paid
308299,1537,2025-07-13T12:53:47Z,,2524.87,,3,LUX-R6,canceled
308300,1538,2025-07-18T11:22:54Z,,3719.62,,5,RAMADAN-BUNDLE,canceled
308301,1539,2025-07-01T10:16:28Z,,5766.68,5766.68,12,NONE,paid
308304,1541,2025-07-16T10:09:56Z,,4780.65,,8,NONE,paid
308305,1541,2025-07-03T11:53:44Z,,3564.59,,13,LUX-R6,pending_hold
308306,1541,2025-07-06T12:52:07Z,,7570.0,7570.00,6,NONE,paid
308307,1546,2025-07-27T13:13:02Z,,3984.65,,7,RAMADAN-BUNDLE,paid
308312,1554,2025-07-27T13:50:00Z,,6129.85,,12,NONE,pending_hold
308313,1557,2025-07-13T10:41:29Z,,6234.67,6234.67,15,NONE,pending_hold
308314,1557,2025-07-23T12:21:20Z,,2297.03,,6,WINTER-FLYER,paid
308315,1559,2025-07-26T15:18:10Z,,2113.08,2113.08,4,WINTER-FLYER,paid
308316,1561,2025-07-14T11:05:22Z,,5171.82,,7,LUX-R6,paid
308319,1564,2025-07-28T10:50:31Z,,1663.41,,3,WINTER-FLYER,canceled
308324,1569,2025-07-08T10:10:18Z,,1947.7,1947.70,5,WINTER-FLYER,canceled
308325,1570,2025-07-14T10:18:29Z,,6399.35,6399.35,8,LUX-R6,canceled
308332,1578,2025-07-20T14:09:06Z,,3181.08,3181.08,7,WINTER-FLYER,pending_hold
308333,1580,2025-07-23T06:23:14Z,,5494.57,5494.57,9,LUX-R6,pending_hold
308337,1586,2025-07-28T06:27:59Z,,1989.94,1989.94,7,RAMADAN-BUNDLE,pending_hold
308340,1589,2025/07/13 14:01,,2760.42,,4,WINTER-FLYER,shipped
308349,1600,2025-07-19T06:58:45Z,,2342.46,2342.46,4,WINTER-FLYER,shipped
308356,1607,2025/07/23 15:16,,9417.85,9417.85,15,,shipped
308358,1610,2025-07-16T06:56:25Z,,4404.23,4404.23,13,LUX-R6,shipped
308365,1615,2025-07-23T11:15:58Z,,2379.52,2379.52,5,WINTER-FLYER,paid
308369,1620,2025-07-08T08:19:47Z,,2421.63,,4,WINTER-FLYER,shipped
308371,1624,2025-07-05T12:12:19Z,,8173.98,,9,LUX-R6,pending_hold
308373,1625,2025-07-16T13:28:20Z,,2456.58,2456.58,7,RAMADAN-BUNDLE,paid
308376,1632,2025-07-02T17:43:37Z,,5087.0,,9,LUX-R6,canceled
308377,1634,2025-07-13T09:41:54Z,,1190.36,1190.36,6,NONE,shipped
308380,1635,2025-07-10T09:08:15Z,,4136.93,4136.93,8,NONE,paid
308383,1637,2025-07-04T13:03:52Z,,2737.44,2737.44,6,RAMADAN-BUNDLE,paid
308385,1639,2025-07-13T14:47:39Z,,4532.79,,13,NONE,paid
308387,1640,2025-07-05T06:59:03Z,,2442.3,,6,RAMADAN-BUNDLE,shipped
308388,1642,2025-07-03T08:13:23Z,,912.58,912.58,3,WINTER-FLYER,paid
308389,1643,2025-07-23T13:50:35Z,,3921.18,3921.18,6,LUX-R6,paid
308391,1646,2025-07-19T13:54:31Z,,3957.17,,11,LUX-R6,shipped
308400,1650,2025-07-18T08:50:53Z,,2098.23,,8,NONE,canceled
308404,1652,2025-07-02T13:30:20Z,,3536.98,,5,NONE,paid
308409,1662,2025-07-21T16:13:46Z,,6554.19,,8,RAMADAN-BUNDLE,paid
308416,1669,2025-07-19T08:10:58Z,,6325.42,,7,WINTER-FLYER,pending_hold
308420,1678,2025-07-07T06:47:21Z,,3403.22,,3,WINTER-FLYER,paid
308421,1687,2025-07-23T09:11:28Z,,4297.65,4297.65,9,RAMADAN-BUNDLE,paid
308423,1687,2025-07-03T09:52:35Z,,3739.31,3739.31,6,NONE,pending_hold
308425,1694,2025-07-02T08:51:34Z,,4514.7,,13,WINTER-FLYER,shipped
308426,1696,2025/07/24 13:42,,7569.51,,11,,paid
308427,1697,2025-07-06T06:40:15Z,,1212.32,1212.32,4,WINTER-FLYER,pending_hold
308432,1701,2025-07-07T16:03:48Z,,4496.3,,10,NONE,canceled
308434,1701,2025-07-19T16:05:32Z,,1250.54,1250.54,3,WINTER-FLYER,paid
308436,1703,2025-07-22T06:58:47Z,,3045.76,,6,NONE,paid
308442,1712,2025-07-22T06:25:37Z,,1351.45,,3,LUX-R6,paid
308448,1718,2025-07-05T16:47:47Z,,1883.92,,4,NONE,canceled
308452,1722,2025-07-16T13:43:43Z,,8157.51,8157.51,12,,pending_hold
308453,1724,2025-07-11T08:56:05Z,,8554.38,8554.38,15,LUX-R6,pending_hold
308456,1728,2025-07-26T06:49:09Z,,2346.75,,7,RAMADAN-BUNDLE,paid
308457,1729,2025-07-06T07:17:28Z,,3321.83,,6,RAMADAN-BUNDLE,canceled
308463,1737,2025-07-11T07:20:20Z,,1557.28,1557.28,7,,paid
308465,1745,2025-07-07T12:40:52Z,,4969.12,4969.12,10,NONE,paid
308469,1748,2025-07-01T12:31:24Z,,1911.92,1911.92,4,NONE,canceled
308470,1752,2025-07-17T11:43:23Z,,8028.27,,12,LUX-R6,paid
308471,1753,2025-07-16T13:49:28Z,,5390.91,5390.91,5,RAMADAN-BUNDLE,paid
308473,1755,2025-07-16T14:42:30Z,,1573.03,1573.03,4,,paid
308475,1757,2025-07-22T08:39:54Z,,2963.38,2963.38,7,RAMADAN-BUNDLE,paid
308480,1764,2025-07-22T09:15:32Z,,4111.37,,5,NONE,canceled
308492,1771,2025-07-03T08:38:20Z,,8457.04,,15,RAMADAN-BUNDLE,paid
308493,1771,2025-07-02T11:13:45Z,,1371.47,1371.47,3,RAMADAN-BUNDLE,paid
308494,1774,2025-07-18T06:24:16Z,,2137.9,,4,LUX-R6,shipped
308495,1774,2025-07-23T14:00:15Z,,1517.81,1517.81,3,LUX-R6,paid
308497,1777,2025-07-20T08:55:08Z,,6897.35,,10,RAMADAN-BUNDLE,paid
308499,1778,2025-07-14T15:10:51Z,,805.15,805.15,4,NONE,pending_hold
308506,1790,2025-07-12T06:22:37Z,,2095.33,,2,WINTER-FLYER,paid
308508,1790,2025-07-15T12:57:12Z,,9080.16,,8,WINTER-FLYER,pending_hold
308510,1791,2025-07-25T08:24:06Z,,2830.45,,5,WINTER-FLYER,paid
308513,1795,2025-07-02T06:23:12Z,,3265.02,3265.02,4,LUX-R6,paid
308514,1795,2025-07-12T10:24:19Z,,3000.37,,7,WINTER-FLYER,paid
308517,1799,2025-07-26T12:30:46Z,,1408.16,,3,RAMADAN-BUNDLE,pending_hold
308523,1804,2025-07-27T11:26:50Z,,12127.93,12127.93,14,NONE,paid
308529,1817,2025-07-26T14:17:38Z,,4152.08,,7,LUX-R6,pending_hold
308531,1828,2025-07-02T12:05:50Z,,3324.58,,6,NONE,paid
308535,1835,2025-07-09T13:16:47Z,,2187.48,2187.48,7,NONE,pending_hold
308536,1835,2025-07-20T12:48:11Z,,2826.87,2826.87,6,LUX-R6,canceled
308540,1843,2025/07/06 11:23,,3667.76,,8,,paid
308542,1857,2025-07-06T09:25:26Z,,1336.72,,7,LUX-R6,pending_hold
308545,1860,2025-07-22T10:57:00Z,,3983.16,3983.16,8,NONE,shipped
308547,1863,2025-07-19T06:08:04Z,,2815.43,,5,LUX-R6,shipped
308548,1869,2025-07-27T10:25:29Z,,4218.22,,7,,shipped
308550,1870,2025-07-28T09:41:27Z,,7621.42,,12,NONE,canceled
308551,1870,2025-07-18T06:16:30Z,,3342.71,3342.71,6,,canceled
308552,1871,2025-07-19T07:16:08Z,,2505.16,,7,LUX-R6,shipped
308553,1872,2025-07-17T07:48:05Z,,1350.3,1350.30,5,LUX-R6,paid
308554,1875,2025-07-15T07:20:42Z,,1355.63,1355.63,2,NONE,paid
308556,1879,2025-07-28T11:24:11Z,,3758.73,,15,RAMADAN-BUNDLE,paid
308559,1882,2025-07-22T10:31:54Z,,590.47,,2,WINTER-FLYER,canceled
308562,1882,2025-07-14T13:05:24Z,,4038.34,,4,LUX-R6,paid
308564,1882,2025-07-10T12:52:08Z,,4205.57,4205.57,5,NONE,pending_hold
308565,1884,2025-07-05T12:08:41Z,,1686.7,,3,RAMADAN-BUNDLE,paid
308566,1887,2025-07-07T06:36:53Z,,2294.82,,5,NONE,paid
308573,1895,2025-07-04T08:28:46Z,,5529.13,,8,LUX-R6,pending_hold
308574,1896,2025-07-27T15:35:56Z,,3159.64,,12,NONE,paid
308575,1896,2025-07-06T10:03:02Z,,4423.19,,6,LUX-R6,paid
308580,1904,2025-07-24T10:17:12Z,,3049.22,3049.22,3,WINTER-FLYER,paid
308581,1904,2025-07-19T06:18:58Z,,1655.62,,7,,shipped
308582,1905,2025-07-27T11:17:39Z,,2797.01,2797.01,6,WINTER-FLYER,paid
308584,1906,2025-07-22T13:48:58Z,,1726.5,1726.50,8,RAMADAN-BUNDLE,paid
308585,1906,2025-07-07T10:36:25Z,,1671.9,1671.90,4,NONE,paid
308586,1907,2025/07/14 12:44,,2051.12,2051.12,4,NONE,canceled
308587,1916,2025-07-21T13:38:46Z,,1158.52,1158.52,2,LUX-R6,paid
308590,1919,2025-07-21T16:35:35Z,,4574.11,,6,LUX-R6,shipped
308595,1929,2025-07-22T08:02:49Z,,6386.36,6386.36,7,WINTER-FLYER,canceled
308605,1942,2025-07-22T06:58:36Z,,4454.01,4454.01,6,NONE,paid
308606,1943,2025-07-05T06:52:56Z,,246.06,,4,,paid
308614,1947,2025-07-17T10:33:11Z,,1480.63,1480.63,5,WINTER-FLYER,canceled
308616,1947,2025-07-07T10:00:11Z,,4546.78,,14,NONE,shipped
308619,1952,2025-07-01T14:41:50Z,,2737.74,2737.74,6,NONE,paid
308624,1958,2025-07-20T15:37:29Z,,1474.91,,2,,canceled
308628,1960,2025-07-27T10:50:12Z,,2575.18,2575.18,7,LUX-R6,canceled
308629,1960,2025-07-15T06:19:06Z,,1135.44,,4,NONE,paid
308630,1962,2025-07-18T10:04:36Z,,4505.16,,6,RAMADAN-BUNDLE,shipped
308635,1972,2025-07-02T14:36:11Z,,541.07,541.07,2,NONE,paid
308636,1975,2025/07/05 11:07,,3269.14,3269.14,9,NONE,paid
308643,1983,2025-07-24T13:04:07Z,,1459.8,1459.80,8,NONE,canceled
308644,1984,2025-07-06T08:14:15Z,,4993.47,,6,,canceled
308646,1987,2025-07-20T06:56:38Z,,2695.01,2695.01,5,RAMADAN-BUNDLE,canceled
308649,1989,2025-07-21T11:13:14Z,,1458.91,1458.91,4,NONE,paid
308652,1991,2025-07-03T07:08:17Z,,2962.74,2962.74,6,RAMADAN-BUNDLE,shipped
308656,1998,2025-07-14T09:23:12Z,,4392.75,,9,,shipped
308658,2004,2025-07-03T11:22:04Z,,3768.3,,9,LUX-R6,shipped
308664,2012,2025-07-04T12:39:16Z,,2369.06,2369.06,10,NONE,pending_hold
308669,2020,2025-07-12T13:32:25Z,,4115.5,4115.50,10,,shipped
308677,2030,2025/07/03 11:13,,1384.98,1384.98,6,NONE,shipped
308680,2034,2025-07-11T14:41:26Z,,2723.5,2723.50,12,NONE,paid
308681,2034,2025-07-08T07:07:20Z,,10311.69,10311.69,13,NONE,paid
308683,2036,2025/07/27 14:31,,4427.47,,11,NONE,paid
308686,2038,2025-07-04T09:08:57Z,,3417.17,,5,NONE,paid
308689,2041,2025-07-01T08:22:03Z,,2226.53,,7,NONE,paid
308690,2042,2025-07-13T10:09:17Z,,1451.48,1451.48,5,LUX-R6,paid
308693,2046,2025-07-08T06:10:43Z,,3996.22,3996.22,8,LUX-R6,paid
308695,2052,2025/07/16 14:36,,2351.96,,5,NONE,paid
308697,2052,2025-07-15T09:10:17Z,,1984.14,,4,LUX-R6,shipped
308703,2057,2025-07-18T07:23:28Z,,1978.39,1978.39,4,LUX-R6,paid
308705,2058,2025-07-07T16:22:58Z,,6154.92,6154.92,7,NONE,paid
308708,2062,2025-07-13T11:56:23Z,,1103.94,1103.94,5,NONE,paid
308710,2063,2025-07-21T06:30:36Z,,11565.66,,14,NONE,canceled
308715,2069,2025-07-09T08:15:14Z,,8100.04,,10,RAMADAN-BUNDLE,shipped
308716,2072,2025-07-21T07:23:55Z,,3977.07,,7,RAMADAN-BUNDLE,paid
308717,2072,2025/07/04 10:21,,183.5,183.50,2,NONE,shipped
308718,2072,2025-07-18T07:58:26Z,,3320.14,,8,NONE,paid
308719,2073,2025-07-12T14:09:04Z,,6147.94,,8,,shipped
308722,2074,2025-07-18T08:28:46Z,,3684.08,3684.08,6,RAMADAN-BUNDLE,paid
308724,2074,2025-07-25T12:53:22Z,,7105.82,7105.82,11,,paid
308726,2076,2025-07-08T12:20:41Z,,1559.65,1559.65,6,NONE,canceled
308728,2080,2025-07-01T11:02:50Z,,4375.63,,11,NONE,paid
308732,2087,2025-07-12T12:43:32Z,,3107.0,3107.00,6,WINTER-FLYER,paid
308733,2087,2025-07-21T14:12:07Z,,5809.29,5809.29,8,RAMADAN-BUNDLE,canceled
308738,2095,2025-07-17T14:06:54Z,,9911.76,9911.76,11,WINTER-FLYER,shipped
308741,2098,2025-07-06T08:14:24Z,,4153.47,4153.47,9,RAMADAN-BUNDLE,canceled
308742,2101,2025-07-10T11:44:43Z,,2630.87,,3,RAMADAN-BUNDLE,pending_hold
308746,2104,2025/07/13 13:22,,2994.67,,9,LUX-R6,shipped
308747,2107,2025-07-07T11:54:24Z,,2368.69,,5,,pending_hold
308748,2107,2025-07-27T12:15:51Z,,4596.59,4596.59,11,WINTER-FLYER,paid
308759,2132,2025-07-04T11:28:16Z,,1886.22,1886.22,5,,shipped
308764,2134,2025-07-17T06:53:03Z,,1741.37,,6,NONE,paid
308765,2134,2025-07-21T10:11:49Z,,5440.74,,13,LUX-R6,canceled
308772,2141,2025-07-05T11:23:40Z,,2905.66,,6,LUX-R6,pending_hold
308781,2149,2025-07-05T06:54:13Z,,2656.87,2656.87,6,NONE,paid
308782,2153,2025-07-11T09:51:49Z,,2844.12,,5,,canceled
308784,2154,2025-07-09T07:55:41Z,,2504.39,2504.39,6,NONE,canceled
308787,2162,2025-07-17T06:59:38Z,,2033.97,2033.97,3,WINTER-FLYER,paid
308790,2165,2025-07-15T10:50:08Z,,4173.17,,9,RAMADAN-BUNDLE,shipped
308792,2166,2025-07-04T14:46:15Z,,7516.03,7516.03,9,LUX-R6,canceled
308798,2173,2025-07-26T17:26:09Z,,1634.87,,4,WINTER-FLYER,paid
308807,2184,2025-07-23T08:47:58Z,,2290.51,2290.51,6,,canceled
308809,2189,2025-07-23T10:43:34Z,,5954.04,5954.04,13,WINTER-FLYER,paid
308813,2193,2025-07-04T10:31:26Z,,4789.76,4789.76,12,NONE,paid
308814,2196,2025-07-25T06:26:31Z,,1080.13,1080.13,4,WINTER-FLYER,pending_hold
308819,2196,2025-07-28T09:25:29Z,,1537.93,,7,NONE,paid
308820,2196,2025-07-08T09:55:29Z,,1904.97,,9,,paid
308821,2198,2025-07-01T08:46:02Z,,3228.6,3228.60,8,WINTER-FLYER,paid
308822,2201,2025-07-05T08:28:02Z,,4625.33,,8,LUX-R6,shipped
308824,2203,2025-07-09T12:01:51Z,,487.32,487.32,4,,shipped
308826,2204,2025-07-02T06:49:03Z,,2829.26,,5,,paid
308831,2219,2025-07-03T09:14:51Z,,2376.71,,7,NONE,paid
308839,2234,2025-07-20T14:24:03Z,,2357.75,,4,RAMADAN-BUNDLE,pending_hold
308842,2235,2025-07-08T11:12:39Z,,2548.28,,4,NONE,pending_hold
308845,2238,2025-07-02T06:50:24Z,,3071.03,,4,,paid
308854,2247,2025-07-28T12:28:50Z,,2958.45,,8,WINTER-FLYER,canceled
308855,2247,2025-07-21T07:26:18Z,,5273.84,,8,NONE,paid
308870,2265,2025-07-23T06:00:19Z,,3275.4,3275.40,6,WINTER-FLYER,shipped
308885,2286,2025-07-13T14:22:54Z,,1593.8,,4,WINTER-FLYER,shipped
308886,2287,2025-07-17T08:46:27Z,,2762.61,2762.61,6,NONE,paid
308888,2288,2025/07/15 13:54,,2500.71,2500.71,5,NONE,paid
308890,2289,2025-07-17T06:11:28Z,,2239.06,2239.06,5,NONE,paid
308894,2297,2025-07-27T09:43:58Z,,3411.24,,9,LUX-R6,pending_hold
308901,2313,2025-07-25T10:33:02Z,,6486.32,6486.32,12,,paid
308906,2321,2025-07-17T11:30:11Z,,4431.95,,4,LUX-R6,pending_hold
308907,2321,2025-07-04T08:48:30Z,,2040.75,2040.75,10,RAMADAN-BUNDLE,pending_hold
308918,2338,2025-07-17T06:29:04Z,,1455.72,1455.72,4,LUX-R6,paid
308921,2339,2025-07-09T08:32:53Z,,3182.7,,5,NONE,shipped
308923,2342,2025-07-04T11:54:32Z,,2986.9,2986.90,7,NONE,pending_hold
308928,2349,2025-07-16T06:03:09Z,,164.76,164.76,2,,pending_hold
308930,2350,2025-07-12T09:42:20Z,,4819.63,,8,RAMADAN-BUNDLE,paid
308934,2353,2025-07-18T06:55:16Z,,740.41,,2,WINTER-FLYER,pending_hold
308935,2355,2025-07-22T09:25:06Z,,1256.79,,4,WINTER-FLYER,canceled
308939,2361,2025-07-03T06:28:06Z,,5045.42,,7,,canceled
308946,2368,2025-07-25T10:48:15Z,,3513.48,3513.48,5,NONE,paid
308954,2378,2025-07-11T15:14:32Z,,4593.26,,8,RAMADAN-BUNDLE,paid
308955,2380,2025-07-04T11:28:46Z,,15210.6,,15,,canceled
308958,2384,2025-07-17T11:12:19Z,,4029.19,4029.19,6,RAMADAN-BUNDLE,paid
308960,2385,2025-07-10T08:11:39Z,,1129.78,1129.78,4,NONE,paid
308963,2388,2025-07-26T08:29:32Z,,2953.63,2953.63,4,,paid
308968,2392,2025-07-03T15:21:43Z,,5916.74,,12,NONE,paid
308969,2393,2025-07-24T12:23:15Z,,2254.77,,6,NONE,canceled
308976,2399,2025-07-08T08:45:49Z,,2697.9,2697.90,4,NONE,paid
308979,2400,2025-07-09T11:21:07Z,,1793.46,1793.46,5,NONE,shipped
308984,2404,2025-07-17T08:14:08Z,,3874.29,,10,LUX-R6,pending_hold
308985,2408,2025/07/05 11:24,,2853.9,,5,WINTER-FLYER,shipped
308990,2418,2025-07-25T12:11:47Z,,4063.68,,7,NONE,canceled
308991,2418,2025-07-11T13:56:25Z,,4133.38,4133.38,10,NONE,paid
308993,2420,2025-07-23T06:52:55Z,,5379.58,5379.58,9,,paid
308994,2420,2025-07-28T09:05:10Z,,4836.26,4836.26,8,NONE,paid
308997,2428,2025-07-02T14:55:46Z,,2119.17,,8,NONE,paid
308998,2430,2025-07-17T08:03:30Z,,4923.15,4923.15,5,NONE,pending_hold
309005,2433,2025-07-03T07:41:11Z,,575.32,,4,NONE,paid
309011,2439,2025-07-04T13:44:03Z,,3282.98,3282.98,7,LUX-R6,paid
309018,2448,2025-07-13T11:48:29Z,,2837.95,,9,NONE,shipped
309021,2451,2025-07-09T08:37:09Z,,2449.22,,6,WINTER-FLYER,paid
309025,2457,2025-07-01T12:59:37Z,,1023.29,1023.29,4,NONE,paid
309030,2462,2025-07-25T11:16:43Z,,2665.0,,7,LUX-R6,paid
309050,2495,2025-07-23T11:04:45Z,,5549.88,,8,NONE,shipped
309058,2509,2025-07-04T10:26:30Z,,10824.23,10824.23,12,,canceled
309063,2513,2025-07-11T15:39:59Z,,2749.42,2749.42,7,LUX-R6,pending_hold
309064,2513,2025-07-03T08:38:30Z,,2144.49,,3,WINTER-FLYER,canceled
309073,2520,2025-07-12T11:16:41Z,,688.47,688.47,3,NONE,canceled
309076,2530,2025-07-13T11:55:52Z,,1206.31,1206.31,2,NONE,canceled
309081,2539,2025-07-13T10:16:35Z,,4901.4,4901.40,8,LUX-R6,shipped
309082,2539,2025-07-22T15:14:24Z,,2872.65,2872.65,5,,paid
309085,2539,2025-07-26T11:15:17Z,,1939.72,,7,RAMADAN-BUNDLE,pending_hold
309088,2544,2025-07-15T14:43:23Z,,2772.74,2772.74,9,RAMADAN-BUNDLE,pending_hold
309090,2545,2025-07-05T09:34:30Z,,8221.92,8221.92,10,RAMADAN-BUNDLE,paid
309092,2546,2025-07-13T15:03:49Z,,2823.86,,6,NONE,paid
309095,2556,2025-07-07T13:46:27Z,,2113.17,,10,,paid
309102,2563,2025-07-14T13:16:17Z,,8047.91,,13,RAMADAN-BUNDLE,pending_hold
309104,2571,2025-07-10T10:12:43Z,,2649.01,,6,NONE,paid
309105,2571,2025-07-24T08:55:36Z,,3003.61,3003.61,8,RAMADAN-BUNDLE,canceled
309107,2575,2025-07-25T13:59:30Z,,9558.38,9558.38,15,,paid
309111,2585,2025/07/16 11:31,,3847.71,,7,,paid
309114,2588,2025-07-24T16:28:55Z,,1826.95,1826.95,6,,paid
309116,2591,2025/07/26 15:09,,6199.99,,9,NONE,canceled
309119,2596,2025/07/04 08:01,,532.1,,2,NONE,canceled
309120,2597,2025-07-13T15:18:44Z,,1265.86,1265.86,4,NONE,paid
309122,2601,2025-07-03T12:00:46Z,,2351.47,,5,NONE,pending_hold
309127,2607,2025/07/06 12:29,,1748.19,,5,WINTER-FLYER,paid
309129,2609,2025-07-14T09:47:57Z,,2154.74,2154.74,3,LUX-R6,paid
309130,2609,2025-07-17T11:16:32Z,,3066.8,,8,LUX-R6,paid
309134,2611,2025-07-01T11:38:01Z,,2217.9,,4,RAMADAN-BUNDLE,paid
309135,2611,2025-07-22T08:08:06Z,,4057.4,,10,,canceled
309141,2618,2025-07-21T09:23:03Z,,6316.94,6316.94,9,NONE,canceled
309144,2620,2025-07-05T11:06:53Z,,2182.3,,4,WINTER-FLYER,canceled
309146,2622,2025-07-22T13:44:27Z,,2675.84,,4,WINTER-FLYER,paid
309156,2633,2025-07-09T09:01:17Z,,4726.84,,6,RAMADAN-BUNDLE,pending_hold
309165,2648,2025-07-08T10:22:04Z,,3888.62,,6,LUX-R6,canceled
309166,2649,2025-07-25T11:16:53Z,,1707.47,1707.47,4,WINTER-FLYER,pending_hold
309167,2650,2025-07-01T08:38:10Z,,3862.63,3862.63,7,,paid
309168,2650,2025-07-18T08:12:08Z,,1240.25,,3,NONE,shipped
309169,2651,2025-07-03T12:08:10Z,,1023.38,,3,RAMADAN-BUNDLE,paid
309171,2654,2025-07-08T12:02:05Z,,3746.83,,7,NONE,paid
309172,2656,2025-07-28T13:01:21Z,,1484.05,,4,NONE,canceled
309175,2661,2025-07-15T11:53:55Z,,4716.92,4716.92,9,NONE,paid
309176,2661,2025-07-05T15:57:05Z,,478.9,478.90,3,RAMADAN-BUNDLE,paid
309183,2664,2025-07-15T06:23:13Z,,1393.11,,4,WINTER-FLYER,shipped
309184,2666,2025-07-07T11:31:01Z,,4883.59,4883.59,11,NONE,shipped
309190,2673,2025-07-03T06:18:50Z,,3603.85,,9,RAMADAN-BUNDLE,canceled
309191,2673,2025-07-08T08:45:56Z,,11747.66,,15,NONE,paid
309194,2676,2025-07-03T12:37:07Z,,896.86,896.86,7,LUX-R6,shipped
309198,2682,2025-07-20T06:30:54Z,,1401.6,1401.60,3,NONE,paid
309200,2684,2025-07-18T13:41:51Z,,1782.38,,3,WINTER-FLYER,pending_hold
309203,2688,2025-07-23T07:21:23Z,,4160.56,4160.56,5,LUX-R6,paid
309207,2695,2025/07/19 10:24,,2293.31,2293.31,5,,canceled
309213,2707,2025-07-28T06:27:18Z,,4150.4,4150.40,5,NONE,paid
309214,2707,2025-07-05T10:43:06Z,,6945.51,,10,,pending_hold
309215,2707,2025-07-25T06:08:34Z,,7037.2,,8,LUX-R6,paid
309217,2707,2025-07-05T12:10:24Z,,3338.87,,8,WINTER-FLYER,pending_hold
309220,2710,2025-07-05T07:27:07Z,,5685.71,5685.71,6,RAMADAN-BUNDLE,paid
309221,2710,2025-07-16T15:09:34Z,,1808.3,,9,,canceled
309236,2732,2025-07-11T06:04:08Z,,8582.3,8582.30,13,NONE,paid
309239,2741,2025-07-05T14:25:43Z,,2872.56,,4,LUX-R6,pending_hold
309242,2746,2025-07-22T11:53:39Z,,5049.63,,8,WINTER-FLYER,shipped
309245,2750,2025-07-04T13:52:44Z,,2197.48,2197.48,7,WINTER-FLYER,paid
309249,2753,2025-07-24T08:28:39Z,,4710.18,,8,LUX-R6,pending_hold
309254,2758,2025-07-27T14:54:06Z,,962.37,962.37,5,LUX-R6,canceled
309256,2758,2025-07-14T14:32:04Z,,8490.89,8490.89,10,NONE,paid
309259,2761,2025-07-10T08:54:22Z,,2881.61,2881.61,10,NONE,pending_hold
309263,2764,2025/07/05 15:46,,1590.6,,2,NONE,pending_hold
309270,2771,2025-07-27T17:06:37Z,,268.29,268.29,2,RAMADAN-BUNDLE,pending_hold
309271,2771,2025-07-01T09:08:41Z,,1560.34,,4,NONE,canceled
309273,2773,2025-07-06T13:09:44Z,,2172.3,2172.30,3,LUX-R6,pending_hold
309274,2773,2025-07-23T12:45:48Z,,6786.71,6786.71,6,NONE,canceled
309282,2787,2025-07-24T09:34:10Z,,2741.41,2741.41,4,NONE,paid
309283,2788,2025-07-22T13:33:39Z,,1606.4,,3,WINTER-FLYER,paid
309287,2795,2025-07-23T13:25:58Z,,2813.29,,4,WINTER-FLYER,paid
309292,2807,2025-07-24T14:49:03Z,,979.73,,2,WINTER-FLYER,paid
309294,2810,2025-07-12T06:14:46Z,,6709.61,6709.61,8,NONE,paid
309298,2816,2025-07-06T12:18:58Z,,1770.35,,3,NONE,paid
309311,1011,2025-08-27T07:09:16Z,,3396.99,,4,LUX-R6,pending_hold
309312,1011,2025-08-04T10:09:01Z,,750.08,750.08,5,LUX-R6,paid
309317,1014,2025-08-03T10:55:19Z,,4541.7,4541.70,6,NONE,canceled
309319,1016,2025-08-24T07:35:04Z,,5495.33,5495.33,6,,canceled
309327,1028,2025-08-19T09:38:39Z,,5125.1,,8,WINTER-FLYER,canceled
309331,1040,2025-08-22T09:30:43Z,,2151.4,2151.40,6,NONE,shipped
309334,1046,2025-08-03T15:24:44Z,,2794.11,,4,RAMADAN-BUNDLE,pending_hold
309335,1049,2025/08/22 10:56,,2910.57,,8,NONE,pending_hold
309337,1049,2025-08-05T08:00:17Z,,3299.4,,4,,paid
309345,1055,2025-08-25T11:22:46Z,,2059.19,2059.19,5,NONE,canceled
309347,1059,2025-08-09T11:16:29Z,,8013.45,8013.45,9,NONE,paid
309349,1063,2025/08/07 13:12,,4807.97,,9,NONE,pending_hold
309351,1064,2025-08-23T11:49:28Z,,2899.68,2899.68,6,,paid
309356,1068,2025-08-11T06:14:56Z,,3832.06,,8,LUX-R6,pending_hold
309357,1069,2025/08/19 17:58,,7852.95,,7,RAMADAN-BUNDLE,canceled
309362,1077,2025-08-28T09:51:04Z,,1697.36,1697.36,5,RAMADAN-BUNDLE,paid
309364,1082,2025-08-25T06:21:43Z,,2319.66,2319.66,6,WINTER-FLYER,shipped
309370,1084,2025-08-23T14:13:00Z,,5033.86,,8,RAMADAN-BUNDLE,canceled
309371,1086,2025-08-01T08:43:40Z,,5450.25,5450.25,8,WINTER-FLYER,canceled
309373,1088,2025-08-13T09:23:29Z,,12505.48,12505.48,15,WINTER-FLYER,paid
309386,1116,2025-08-08T09:44:37Z,,1676.52,1676.52,3,NONE,canceled
309388,1118,2025-08-25T10:18:57Z,,7685.37,7685.37,12,NONE,paid
309390,1122,2025-08-10T10:28:51Z,,1591.22,,2,,paid
309391,1122,2025-08-05T07:18:47Z,,4023.41,4023.41,13,LUX-R6,shipped
309396,1127,2025/08/05 10:11,,3859.99,,11,NONE,paid
309400,1130,2025-08-14T06:24:00Z,,6097.5,6097.50,13,RAMADAN-BUNDLE,pending_hold
309402,1132,2025-08-27T06:50:13Z,,3263.95,3263.95,4,NONE,paid
309407,1145,2025-08-11T06:24:53Z,,795.46,,5,WINTER-FLYER,paid
309409,1148,2025-08-15T14:42:03Z,,1398.36,,6,,paid
309412,1152,2025-08-28T12:22:23Z,,1710.65,,5,WINTER-FLYER,paid
309423,1170,2025-08-22T08:05:56Z,,3281.88,3281.88,7,LUX-R6,paid
309424,1173,2025-08-07T09:19:16Z,,9030.2,,15,LUX-R6,paid
309430,1179,2025-08-20T11:51:11Z,,5485.43,5485.43,8,,paid
309432,1182,2025-08-04T07:18:49Z,,1576.25,,5,,pending_hold
309441,1192,2025-08-01T09:13:12Z,,2251.12,,7,NONE,pending_hold
309445,1198,2025-08-02T11:53:40Z,,3567.43,3567.43,7,WINTER-FLYER,pending_hold
309451,1208,2025-08-18T12:15:31Z,,519.06,519.06,3,RAMADAN-BUNDLE,paid
309458,1215,2025-08-24T08:36:01Z,,9135.02,,12,NONE,shipped
309459,1215,2025-08-22T09:00:17Z,,2180.46,,11,LUX-R6,canceled
309463,1221,2025-08-08T09:08:51Z,,6199.5,6199.50,12,RAMADAN-BUNDLE,shipped
309475,1233,2025-08-25T11:44:44Z,,2958.09,,11,LUX-R6,pending_hold
309477,1236,2025-08-27T06:56:43Z,,1939.03,1939.03,5,,shipped
309483,1245,2025-08-24T06:06:42Z,,10946.02,,15,RAMADAN-BUNDLE,paid
309489,1252,2025-08-27T18:23:43Z,,7632.7,,10,NONE,paid
309492,1256,2025-08-26T07:44:24Z,,7555.04,,6,,pending_hold
309494,1258,2025-08-26T13:52:12Z,,3046.69,3046.69,6,NONE,shipped
309495,1259,2025-08-05T12:55:23Z,,6866.72,,11,LUX-R6,paid
309504,1272,2025-08-12T13:21:16Z,,1525.28,,7,RAMADAN-BUNDLE,paid
309505,1272,2025-08-12T16:27:10Z,,2477.32,2477.32,6,NONE,canceled
309508,1280,2025-08-19T15:38:24Z,,2385.31,,6,LUX-R6,shipped
309513,1285,2025-08-22T08:43:11Z,,4027.9,,6,,canceled
309516,1289,2025-08-15T15:18:21Z,,3544.51,3544.51,9,RAMADAN-BUNDLE,paid
309518,1289,2025-08-18T11:41:43Z,,2334.31,,9,LUX-R6,canceled
309519,1289,2025-08-09T11:25:29Z,,1157.84,1157.84,4,NONE,paid
309522,1296,2025-08-11T06:50:48Z,,3748.56,3748.56,7,NONE,paid
309526,1297,2025-08-13T06:00:28Z,,5153.0,,10,WINTER-FLYER,pending_hold
309528,1297,2025-08-08T11:02:37Z,,3571.97,,9,NONE,paid
309529,1297,2025-08-16T14:18:50Z,,6535.14,,9,NONE,shipped
309539,1303,2025-08-11T12:09:36Z,,5498.75,,15,LUX-R6,paid
309540,1303,2025-08-04T10:33:13Z,,1634.76,,8,LUX-R6,pending_hold
309543,1306,2025-08-10T12:57:52Z,,3854.99,3854.99,7,,canceled
309548,1312,2025-08-02T07:56:43Z,,4083.89,,7,RAMADAN-BUNDLE,canceled
309549,1312,2025-08-07T13:14:23Z,,3936.6,3936.60,4,LUX-R6,paid
309551,1313,2025-08-10T06:06:40Z,,2913.08,,3,NONE,paid
309556,1318,2025-08-27T12:33:26Z,,1647.54,1647.54,4,LUX-R6,paid
309560,1325,2025-08-18T09:55:33Z,,1421.39,1421.39,5,NONE,canceled
309564,1327,2025-08-28T14:18:14Z,,8975.0,8975.00,13,WINTER-FLYER,canceled
309566,1328,2025-08-13T10:46:16Z,,2808.46,2808.46,7,RAMADAN-BUNDLE,paid
309567,1328,2025-08-27T15:45:56Z,,1503.9,,3,WINTER-FLYER,canceled
309568,1329,2025-08-28T12:03:14Z,,1301.21,1301.21,2,NONE,paid
309569,1330,2025-08-08T12:56:49Z,,5456.99,5456.99,15,NONE,pending_hold
309572,1333,2025-08-25T06:00:35Z,,7949.3,,11,NONE,paid
309573,1335,2025-08-22T11:39:26Z,,1195.95,1195.95,5,WINTER-FLYER,paid
309575,1335,2025-08-22T09:39:05Z,,741.88,,3,LUX-R6,canceled
309579,1339,2025-08-28T15:36:49Z,,887.75,,4,,canceled
309581,1339,2025-08-03T10:49:50Z,,4947.3,4947.30,7,NONE,shipped
309582,1340,2025-08-05T06:54:06Z,,2524.74,,7,,canceled
309584,1341,2025-08-27T14:48:40Z,,1160.25,1160.25,5,LUX-R6,paid
309585,1345,2025-08-08T09:23:55Z,,2037.67,2037.67,3,NONE,pending_hold
309586,1346,2025-08-22T07:21:32Z,,3447.09,,7,LUX-R6,pending_hold
309587,1350,2025/08/08 13:21,,8817.71,8817.71,12,NONE,paid
309592,1360,2025-08-16T10:46:03Z,,1720.3,,5,NONE,shipped
309598,1367,2025-08-13T09:28:14Z,,1449.74,1449.74,4,WINTER-FLYER,shipped
309600,1370,2025-08-05T13:09:31Z,,5643.81,,7,LUX-R6,paid
309601,1372,2025-08-18T09:14:33Z,,1440.42,1440.42,5,WINTER-FLYER,paid
309607,1376,2025-08-18T09:19:43Z,,3661.34,3661.34,5,LUX-R6,canceled
309619,1391,2025-08-18T10:26:20Z,,2580.21,2580.21,4,NONE,paid
309622,1394,2025-08-23T13:51:09Z,,3914.43,3914.43,6,NONE,canceled
309624,1395,2025-08-03T09:08:50Z,,2339.42,2339.42,4,LUX-R6,paid
309627,1400,2025-08-15T10:27:13Z,,2292.54,,5,WINTER-FLYER,canceled
309629,1402,2025/08/06 13:59,,2916.32,2916.32,4,LUX-R6,shipped
309633,1409,2025-08-18T12:18:10Z,,3778.51,,4,RAMADAN-BUNDLE,paid
309638,1418,2025-08-11T10:31:13Z,,6757.48,6757.48,8,NONE,pending_hold
309640,1420,2025/08/21 15:23,,8147.15,8147.15,11,NONE,canceled
309644,1427,2025-08-16T12:55:34Z,,3357.38,3357.38,2,NONE,paid
309646,1429,2025-08-13T06:02:12Z,,2671.83,,5,LUX-R6,paid
309652,1443,2025-08-20T10:56:33Z,,1991.59,1991.59,4,LUX-R6,shipped
309653,1443,2025-08-18T09:28:38Z,,2591.74,,7,NONE,canceled
309656,1450,2025-08-06T07:36:15Z,,723.28,723.28,2,NONE,paid
309657,1450,2025-08-05T09:55:27Z,,4618.17,,7,,paid
309658,1451,2025-08-25T07:52:29Z,,2627.41,2627.41,6,NONE,paid
309659,1451,2025/08/13 13:21,,3693.23,3693.23,4,,paid
309661,1455,2025/08/15 19:54,,290.33,,4,RAMADAN-BUNDLE,canceled
309663,1456,2025-08-27T14:36:20Z,,1956.35,,5,WINTER-FLYER,paid
309668,1465,2025-08-21T08:40:26Z,,2686.59,,8,LUX-R6,paid
309669,1466,2025-08-08T13:19:18Z,,1912.19,,5,RAMADAN-BUNDLE,paid
309674,1477,2025-08-13T11:56:09Z,,6748.36,,11,,paid
309675,1480,2025-08-18T08:33:57Z,,2538.85,2538.85,6,LUX-R6,paid
309676,1482,2025-08-20T06:41:43Z,,2089.27,2089.27,4,NONE,paid
309679,1485,2025-08-24T08:07:57Z,,2912.34,2912.34,7,NONE,paid
309680,1486,2025/08/04 16:03,,3097.79,3097.79,5,LUX-R6,shipped
309681,1490,2025-08-01T06:54:09Z,,2095.72,,5,RAMADAN-BUNDLE,canceled
309683,1491,2025-08-21T06:13:46Z,,3776.15,3776.15,5,,paid
309684,1492,2025-08-03T06:42:53Z,,2066.94,2066.94,4,LUX-R6,paid
309687,1497,2025-08-25T11:49:50Z,,1213.73,1213.73,5,RAMADAN-BUNDLE,paid
309688,1497,2025-08-20T09:27:01Z,,2336.71,2336.71,6,,shipped
309691,1502,2025/08/13 15:55,,12648.94,,14,,paid
309697,1507,2025-08-01T11:03:08Z,,3917.16,3917.16,12,,paid
309700,1509,2025-08-17T06:00:59Z,,5236.35,5236.35,10,,canceled
309703,1513,2025-08-14T12:39:55Z,,3195.51,,5,RAMADAN-BUNDLE,paid
309704,1517,2025-08-24T06:33:35Z,,962.63,962.63,4,WINTER-FLYER,pending_hold
309707,1522,2025-08-01T12:16:13Z,,2046.53,,5,WINTER-FLYER,paid
309712,1535,2025-08-08T12:02:00Z,,3662.58,3662.58,7,RAMADAN-BUNDLE,pending_hold
309722,1540,2025-08-15T06:57:31Z,,2455.92,,4,NONE,shipped
309724,1541,2025-08-05T13:59:49Z,,4014.62,4014.62,9,NONE,paid
309725,1541,2025-08-09T06:03:22Z,,3436.88,3436.88,7,NONE,pending_hold
309727,1541,2025-08-23T11:34:46Z,,2177.33,2177.33,7,WINTER-FLYER,paid
309729,1544,2025-08-21T08:16:28Z,,1283.4,1283.40,7,NONE,canceled
309731,1550,2025-08-28T13:38:52Z,,1368.02,,5,NONE,canceled
309732,1551,2025-08-15T06:55:20Z,,5088.42,5088.42,9,LUX-R6,paid
309733,1552,2025-08-01T17:33:46Z,,4217.68,4217.68,7,WINTER-FLYER,paid
309736,1553,2025-08-18T12:22:51Z,,3028.34,,4,NONE,shipped
309743,1557,2025-08-07T06:34:05Z,,1314.39,,7,WINTER-FLYER,paid
309745,1557,2025-08-12T09:23:05Z,,2323.8,2323.80,4,WINTER-FLYER,paid
309749,1561,2025-08-04T08:53:02Z,,1924.42,,7,NONE,paid
309750,1563,2025-08-03T11:03:14Z,,5124.03,5124.03,6,LUX-R6,shipped
309754,1567,2025-08-06T10:10:25Z,,6391.66,6391.66,15,NONE,paid
309756,1567,2025-08-27T12:55:03Z,,3342.62,,11,WINTER-FLYER,shipped
309758,1569,2025-08-19T06:11:51Z,,4092.44,,8,,canceled
309759,1569,2025-08-11T07:21:05Z,,1615.43,,6,,paid
309761,1573,2025-08-16T08:54:54Z,,5631.76,5631.76,12,RAMADAN-BUNDLE,paid
309763,1575,2025-08-26T08:51:48Z,,4286.51,,5,NONE,paid
309764,1575,2025-08-23T12:18:43Z,,2210.16,2210.16,7,,paid
309765,1576,2025-08-12T10:18:19Z,,3611.44,,3,LUX-R6,paid
309776,1589,2025/08/24 16:57,,7716.94,7716.94,10,,canceled
309777,1589,2025-08-12T12:10:56Z,,3725.78,3725.78,9,NONE,pending_hold
309779,1590,2025-08-03T13:48:52Z,,2234.2,2234.20,7,WINTER-FLYER,shipped
309785,1595,2025-08-16T12:52:55Z,,4609.63,,12,RAMADAN-BUNDLE,canceled
309790,1597,2025-08-14T11:42:47Z,,2642.09,2642.09,10,NONE,paid
309792,1598,2025/08/24 14:50,,7045.19,,10,RAMADAN-BUNDLE,paid
309795,1603,2025-08-03T08:50:36Z,,5030.89,,9,WINTER-FLYER,canceled
309798,1605,2025-08-16T07:40:02Z,,323.53,323.53,2,LUX-R6,shipped
309804,1609,2025-08-25T11:14:35Z,,1310.27,,2,WINTER-FLYER,canceled
309808,1617,2025/08/23 14:52,,5051.13,5051.13,11,LUX-R6,pending_hold
309821,1637,2025-08-15T12:06:15Z,,2313.77,2313.77,7,,canceled
309826,1640,2025-08-21T09:56:11Z,,3455.75,3455.75,13,NONE,pending_hold
309828,1642,2025-08-11T06:36:24Z,,1938.2,,7,LUX-R6,canceled
309832,1649,2025-08-11T12:03:19Z,,3859.75,,7,NONE,paid
309841,1659,2025-08-22T14:44:46Z,,2446.18,,8,WINTER-FLYER,pending_hold
309845,1667,2025-08-25T07:11:48Z,,5400.56,,6,NONE,paid
309846,1667,2025-08-10T09:53:20Z,,1778.36,,4,NONE,paid
309861,1683,2025-08-10T09:04:04Z,,4560.42,4560.42,9,,pending_hold
309868,1692,2025-08-10T06:10:01Z,,2408.77,,7,,shipped
309870,1692,2025-08-02T09:54:20Z,,5305.78,,10,NONE,pending_hold
309876,1698,2025-08-23T08:26:04Z,,6335.25,,9,NONE,pending_hold
309886,1706,2025-08-11T07:38:28Z,,2753.13,2753.13,9,,canceled
309891,1711,2025-08-14T11:31:33Z,,1621.36,1621.36,7,NONE,paid
309894,1714,2025-08-24T12:35:16Z,,1189.8,,3,RAMADAN-BUNDLE,pending_hold
309895,1714,2025/08/27 13:01,,3645.74,3645.74,4,LUX-R6,shipped
309899,1715,2025-08-11T06:03:20Z,,4884.43,,11,WINTER-FLYER,paid
309900,1716,2025/08/16 09:22,,1338.29,1338.29,5,LUX-R6,pending_hold
309902,1718,2025-08-03T07:23:12Z,,2793.75,,6,NONE,canceled
309904,1720,2025-08-17T08:52:00Z,,7884.93,,12,NONE,canceled
309905,1721,2025-08-28T06:13:07Z,,2666.79,,9,NONE,paid
309906,1721,2025-08-19T06:01:37Z,,2411.24,2411.24,7,RAMADAN-BUNDLE,paid
309907,1722,2025-08-24T06:11:51Z,,6563.1,6563.10,9,,canceled
309912,1728,2025-08-28T07:52:25Z,,3042.17,3042.17,5,RAMADAN-BUNDLE,pending_hold
309913,1730,2025/08/23 15:47,,3084.95,,6,LUX-R6,paid
309914,1732,2025-08-07T06:14:22Z,,4745.01,,5,,paid
309920,1745,2025-08-03T06:52:03Z,,1223.63,1223.63,6,LUX-R6,shipped
309925,1752,2025-08-23T14:09:37Z,,2137.91,,2,,paid
309926,1753,2025-08-13T07:23:31Z,,3436.33,,8,LUX-R6,paid
309930,1756,2025-08-25T09:29:48Z,,2772.03,2772.03,5,WINTER-FLYER,paid
309933,1759,2025-08-06T10:09:03Z,,1203.09,,5,NONE,paid
309942,1766,2025-08-14T11:08:18Z,,3232.31,3232.31,7,NONE,shipped
309945,1770,2025-08-12T12:47:42Z,,2020.66,,5,,canceled
309948,1773,2025-08-12T09:47:55Z,,1085.89,,3,RAMADAN-BUNDLE,paid
309962,1793,2025-08-05T08:21:44Z,,2926.62,,6,NONE,shipped
309966,1799,2025-08-16T12:30:56Z,,5013.71,,6,RAMADAN-BUNDLE,paid
309975,1804,2025/08/17 09:55,,4416.47,,9,RAMADAN-BUNDLE,pending_hold
309976,1808,2025-08-07T14:41:25Z,,1220.47,,5,,paid
309977,1810,2025-08-06T12:07:34Z,,2658.47,,6,NONE,pending_hold
309986,1818,2025-08-18T09:26:35Z,,5279.11,,8,NONE,paid
309989,1820,2025-08-17T10:16:04Z,,3376.73,,7,NONE,paid
309994,1825,2025-08-09T11:01:11Z,,4511.98,,9,RAMADAN-BUNDLE,paid
309996,1827,2025-08-22T15:45:18Z,,2876.47,,8,LUX-R6,paid
309998,1832,2025/08/23 12:45,,4887.3,4887.30,4,NONE,paid
310000,1835,2025-08-07T07:02:58Z,,2060.93,2060.93,5,,paid
310003,1839,2025-08-02T07:09:10Z,,3740.29,,5,LUX-R6,paid
310004,1842,2025-08-12T10:12:46Z,,1427.44,,6,WINTER-FLYER,paid
310006,1842,2025-08-14T06:14:58Z,,3591.28,,6,WINTER-FLYER,pending_hold
310007,1846,2025-08-11T09:06:12Z,,4871.72,,11,,pending_hold
310008,1848,2025-08-15T09:37:01Z,,3099.45,,2,WINTER-FLYER,paid
310011,1855,2025-08-28T12:31:58Z,,3982.62,3982.62,7,RAMADAN-BUNDLE,paid
310014,1861,2025-08-05T10:13:35Z,,1912.01,,4,NONE,paid
310018,1863,2025/08/26 13:07,,3325.06,,9,NONE,paid
310019,1865,2025-08-15T14:19:53Z,,4447.74,,8,WINTER-FLYER,pending_hold
310024,1879,2025-08-22T06:31:43Z,,630.3,630.30,3,WINTER-FLYER,paid
310026,1881,2025-08-10T12:17:11Z,,1232.75,,7,NONE,paid
310028,1882,2025-08-08T08:52:45Z,,2258.61,2258.61,2,RAMADAN-BUNDLE,canceled
310030,1891,2025-08-08T10:02:56Z,,4887.22,4887.22,7,NONE,paid
310031,1891,2025-08-23T14:37:01Z,,5107.02,,9,WINTER-FLYER,paid
310043,1904,2025-08-02T08:14:23Z,,1610.96,,2,,paid
310044,1904,2025-08-13T15:31:12Z,,993.28,,6,NONE,pending_hold
310050,1908,2025-08-18T11:29:42Z,,3082.02,,7,LUX-R6,paid
310051,1911,2025-08-28T13:47:15Z,,1381.1,,7,WINTER-FLYER,paid
310052,1912,2025/08/15 08:45,,1951.24,1951.24,4,RAMADAN-BUNDLE,canceled
310055,1912,2025-08-03T14:10:48Z,,1935.26,1935.26,4,RAMADAN-BUNDLE,paid
310057,1913,2025-08-06T10:58:59Z,,1021.19,1021.19,4,RAMADAN-BUNDLE,shipped
310058,1914,2025/08/14 17:18,,2297.06,2297.06,9,RAMADAN-BUNDLE,paid
310059,1916,2025-08-24T08:07:16Z,,2033.98,,6,NONE,pending_hold
310060,1917,2025-08-27T06:18:00Z,,8356.7,8356.70,12,NONE,pending_hold
310063,1919,2025-08-06T06:59:54Z,,1309.24,,3,LUX-R6,canceled
310064,1920,2025/08/04 10:57,,2705.19,2705.19,8,NONE,shipped
310068,1925,2025-08-21T10:56:39Z,,1142.93,,3,LUX-R6,pending_hold
310071,1928,2025-08-18T06:26:37Z,,1555.7,,6,RAMADAN-BUNDLE,canceled
310076,1932,2025-08-14T12:13:37Z,,2646.6,,3,NONE,pending_hold
310078,1932,2025-08-18T10:20:23Z,,3057.38,3057.38,5,LUX-R6,paid
310080,1934,2025/08/17 10:53,,4904.47,,6,WINTER-FLYER,canceled
310084,1935,2025-08-22T13:49:44Z,,3377.92,3377.92,11,RAMADAN-BUNDLE,shipped
310087,1939,2025-08-27T09:16:16Z,,3718.92,3718.92,7,WINTER-FLYER,shipped
310093,1944,2025-08-10T07:11:34Z,,1988.91,1988.91,6,NONE,pending_hold
310100,1947,2025-08-02T09:55:39Z,,6253.43,,7,LUX-R6,pending_hold
310103,1948,2025-08-04T07:51:22Z,,3152.98,3152.98,8,RAMADAN-BUNDLE,shipped
310104,1950,2025-08-22T11:22:10Z,,4395.09,4395.09,6,RAMADAN-BUNDLE,paid
310112,1959,2025-08-02T08:18:51Z,,5284.51,,8,RAMADAN-BUNDLE,paid
310116,1962,2025-08-28T06:14:15Z,,3630.09,3630.09,8,WINTER-FLYER,canceled
310119,1966,2025-08-27T06:39:56Z,,6002.38,6002.38,9,RAMADAN-BUNDLE,paid
310120,1967,2025/08/02 08:42,,2787.79,,7,NONE,pending_hold
310123,1970,2025-08-19T06:14:29Z,,744.42,,2,LUX-R6,paid
310131,1979,2025-08-02T06:41:26Z,,5816.82,5816.82,10,WINTER-FLYER,pending_hold
310138,1989,2025-08-04T10:03:50Z,,5732.16,,11,NONE,pending_hold
310139,1989,2025-08-10T09:41:47Z,,2840.95,2840.95,4,RAMADAN-BUNDLE,pending_hold
310142,1990,2025-08-16T06:56:21Z,,7176.77,,9,RAMADAN-BUNDLE,shipped
310145,1991,2025-08-01T11:26:14Z,,7077.01,,14,LUX-R6,paid
310146,1991,2025-08-01T08:11:01Z,,1086.75,1086.75,2,WINTER-FLYER,paid
310155,2004,2025-08-04T13:23:18Z,,336.66,336.66,2,WINTER-FLYER,paid
310156,2006,2025-08-02T13:28:56Z,,3514.49,3514.49,12,RAMADAN-BUNDLE,pending_hold
310157,2009,2025-08-12T13:57:54Z,,10528.23,,14,NONE,paid
310159,2010,2025-08-01T06:52:03Z,,2528.37,2528.37,2,NONE,canceled
310164,2016,2025-08-04T11:16:32Z,,1235.48,1235.48,5,RAMADAN-BUNDLE,paid
310174,2028,2025-08-15T06:21:33Z,,3302.34,,6,WINTER-FLYER,canceled
310175,2031,2025-08-02T10:22:11Z,,5373.68,,9,NONE,pending_hold
310177,2032,2025-08-28T14:32:49Z,,3441.06,3441.06,7,NONE,canceled
310180,2034,2025-08-08T08:11:43Z,,3735.29,,10,,paid
310181,2034,2025-08-05T09:53:00Z,,1834.58,,5,RAMADAN-BUNDLE,paid
310183,2038,2025-08-17T10:12:33Z,,2902.85,,5,RAMADAN-BUNDLE,shipped
310190,2042,2025-08-18T09:46:25Z,,2457.38,,5,LUX-R6,paid
310193,2043,2025/08/22 14:35,,713.87,,4,RAMADAN-BUNDLE,shipped
310197,2047,2025-08-27T12:51:54Z,,1321.95,,6,LUX-R6,canceled
310207,2055,2025-08-20T11:50:19Z,,3503.83,,8,WINTER-FLYER,canceled
310208,2057,2025-08-28T06:23:47Z,,2236.29,2236.29,6,NONE,shipped
310210,2058,2025-08-18T12:12:26Z,,8903.87,8903.87,10,LUX-R6,paid
310211,2058,2025-08-07T10:08:22Z,,1811.47,1811.47,4,LUX-R6,paid
310212,2058,2025-08-23T09:09:19Z,,6894.53,6894.53,11,WINTER-FLYER,canceled
310213,2058,2025-08-25T11:50:43Z,,2633.62,2633.62,5,WINTER-FLYER,pending_hold
310215,2059,2025-08-07T07:29:28Z,,5050.95,,9,NONE,paid
310217,2066,2025-08-05T19:28:46Z,,4290.75,,8,RAMADAN-BUNDLE,paid
310219,2068,2025-08-10T17:50:41Z,,2862.63,,6,WINTER-FLYER,paid
310223,2078,2025-08-08T08:36:19Z,,1206.64,,3,NONE,shipped
310224,2084,2025-08-08T11:01:01Z,,1055.94,,3,WINTER-FLYER,paid
310226,2085,2025-08-17T13:35:02Z,,1830.19,,4,RAMADAN-BUNDLE,paid
310233,2090,2025-08-26T06:17:20Z,,3189.8,,8,NONE,shipped
310242,2100,2025-08-20T09:02:10Z,,652.39,,2,NONE,canceled
310243,2102,2025-08-10T13:52:53Z,,2131.13,2131.13,8,RAMADAN-BUNDLE,paid
310245,2104,2025-08-23T15:58:04Z,,6534.18,,9,RAMADAN-BUNDLE,shipped
310249,2105,2025-08-08T13:41:14Z,,3143.34,3143.34,2,NONE,paid
310250,2105,2025-08-26T06:43:41Z,,2090.72,,5,NONE,paid
310256,2118,2025-08-01T09:20:01Z,,3217.29,,9,WINTER-FLYER,paid
310257,2119,2025-08-02T13:42:28Z,,1425.72,,4,,shipped
310258,2119,2025-08-15T09:04:54Z,,976.39,976.39,4,RAMADAN-BUNDLE,pending_hold
310264,2121,2025-08-23T10:57:17Z,,2478.66,2478.66,3,NONE,canceled
310265,2122,2025-08-28T13:38:52Z,,1816.6,,4,NONE,pending_hold
310268,2128,2025-08-07T11:48:48Z,,2495.67,2495.67,5,RAMADAN-BUNDLE,paid
310272,2132,2025-08-05T09:07:33Z,,1613.36,,5,RAMADAN-BUNDLE,pending_hold
310273,2133,2025-08-08T10:48:55Z,,2876.03,2876.03,9,RAMADAN-BUNDLE,shipped
310276,2138,2025-08-16T09:08:59Z,,3646.27,,6,RAMADAN-BUNDLE,shipped
310278,2142,2025-08-09T12:18:44Z,,5494.7,,12,NONE,pending_hold
310280,2145,2025-08-23T08:32:27Z,,8079.25,,11,NONE,paid
310282,2148,2025-08-27T11:26:13Z,,5186.92,5186.92,7,,pending_hold
310290,2155,2025-08-04T10:12:57Z,,6651.57,6651.57,5,WINTER-FLYER,pending_hold
310293,2157,2025-08-28T12:58:56Z,,7756.88,7756.88,13,RAMADAN-BUNDLE,paid
310295,2158,2025-08-07T08:12:53Z,,1586.0,,4,LUX-R6,pending_hold
310297,2162,2025-08-27T11:26:05Z,,6873.27,,11,NONE,paid
310298,2162,2025-08-27T09:06:29Z,,4292.98,,7,LUX-R6,canceled
310302,2165,2025-08-24T09:35:33Z,,2274.41,,3,NONE,shipped
310304,2166,2025-08-23T09:12:57Z,,3552.62,,8,LUX-R6,shipped
310305,2166,2025-08-09T12:18:24Z,,3403.05,,7,WINTER-FLYER,canceled
310309,2171,2025-08-05T13:30:24Z,,1469.52,,5,LUX-R6,shipped
310314,2182,2025-08-22T14:13:27Z,,3697.53,3697.53,9,LUX-R6,paid
310321,2189,2025-08-23T09:52:37Z,,3600.07,,4,,shipped
310326,2194,2025-08-16T11:55:02Z,,2280.22,2280.22,4,NONE,shipped
310331,2202,2025/08/02 12:46,,2386.07,2386.07,9,NONE,paid
310332,2203,2025-08-18T09:21:12Z,,1989.52,,4,,paid
310336,2206,2025-08-28T10:59:08Z,,1286.65,1286.65,4,NONE,paid
310342,2209,2025/08/24 11:52,,7706.4,,15,NONE,canceled
310343,2211,2025-08-22T10:33:55Z,,4861.71,,6,,paid
310350,2218,2025-08-27T09:56:36Z,,1520.4,,3,,canceled
310351,2219,2025-08-28T13:52:30Z,,2492.7,,6,,paid
310355,2221,2025-08-21T06:07:04Z,,2225.27,,9,NONE,shipped
310356,2222,2025-08-09T10:55:54Z,,7819.33,7819.33,14,,paid
310357,2223,2025-08-25T12:00:16Z,,1715.78,,5,NONE,paid
310363,2226,2025-08-01T10:29:39Z,,4003.02,,12,LUX-R6,paid
310368,2234,2025-08-07T12:52:07Z,,2887.17,2887.17,4,NONE,paid
310369,2239,2025-08-11T06:05:40Z,,1629.39,,5,RAMADAN-BUNDLE,shipped
310371,2241,2025-08-02T06:13:22Z,,6561.69,6561.69,8,WINTER-FLYER,paid
310372,2245,2025/08/24 09:38,,3157.43,3157.43,5,,canceled
310374,2245,2025-08-15T15:54:13Z,,2534.46,2534.46,6,LUX-R6,canceled
310378,2247,2025-08-11T06:46:28Z,,1322.75,,4,NONE,shipped
310379,2249,2025-08-26T09:46:13Z,,4626.6,4626.60,10,NONE,pending_hold
310381,2251,2025-08-26T06:25:41Z,,7300.0,,9,WINTER-FLYER,canceled
310386,2254,2025-08-10T15:31:34Z,,771.51,,2,NONE,paid
310394,2261,2025-08-27T11:49:26Z,,2857.58,2857.58,5,NONE,shipped
310395,2264,2025-08-02T12:38:33Z,,823.64,823.64,5,,shipped
310398,2265,2025-08-22T09:32:13Z,,6498.05,6498.05,6,NONE,pending_hold
310401,2268,2025-08-01T06:25:56Z,,6730.85,6730.85,6,,paid
310402,2270,2025-08-04T06:39:11Z,,743.28,743.28,2,WINTER-FLYER,canceled
310403,2270,2025-08-19T16:15:00Z,,2639.8,2639.80,6,RAMADAN-BUNDLE,shipped
310406,2272,2025-08-15T11:35:19Z,,3269.31,3269.31,4,NONE,paid
310413,2293,2025-08-06T11:53:37Z,,1991.13,,4,LUX-R6,paid
310416,2294,2025-08-27T09:55:58Z,,4240.86,,11,NONE,canceled
310423,2303,2025-08-12T09:54:49Z,,4601.41,,7,NONE,canceled
310429,2312,2025-08-13T06:40:08Z,,2043.67,,8,NONE,paid
310433,2314,2025-08-19T11:12:38Z,,2317.44,,6,NONE,paid
310434,2317,2025-08-16T12:27:08Z,,4892.77,4892.77,4,LUX-R6,paid
310435,2319,2025-08-23T15:41:17Z,,5483.05,,8,WINTER-FLYER,canceled
310440,2322,2025-08-04T10:13:41Z,,1354.14,,2,NONE,paid
310443,2324,2025-08-27T13:23:08Z,,1581.08,,5,NONE,paid
310445,2326,2025-08-09T07:17:39Z,,1369.96,,6,WINTER-FLYER,paid
310448,2335,2025-08-20T07:06:05Z,,5034.53,,5,LUX-R6,pending_hold
310461,2353,2025-08-06T09:14:56Z,,2208.61,2208.61,6,NONE,paid
310465,2357,2025-08-09T09:46:06Z,,3695.58,,7,RAMADAN-BUNDLE,shipped
310473,2367,2025-08-17T07:26:54Z,,270.32,,2,NONE,paid
310474,2368,2025-08-24T14:19:18Z,,2327.68,,3,WINTER-FLYER,paid
310486,2377,2025-08-19T06:12:55Z,,2369.72,2369.72,6,NONE,canceled
310488,2378,2025-08-04T11:04:46Z,,5042.78,5042.78,15,,paid
310500,2393,2025-08-17T07:28:27Z,,2865.79,,7,LUX-R6,paid
310501,2396,2025-08-28T12:37:55Z,,1763.31,,8,LUX-R6,paid
310502,2396,2025-08-17T11:19:40Z,,5409.76,,8,RAMADAN-BUNDLE,shipped
310503,2396,2025-08-18T08:30:33Z,,3224.49,3224.49,6,RAMADAN-BUNDLE,paid
310505,2398,2025-08-20T06:09:42Z,,2925.35,2925.35,7,,paid
310508,2403,2025-08-09T06:14:05Z,,2937.63,,6,NONE,pending_hold
310511,2405,2025-08-12T12:38:06Z,,3464.33,3464.33,11,LUX-R6,canceled
310514,2411,2025-08-04T08:56:43Z,,3435.98,3435.98,6,WINTER-FLYER,paid
310519,2419,2025-08-03T12:48:48Z,,4013.24,,9,LUX-R6,paid
310521,2421,2025-08-11T09:25:52Z,,1817.52,,5,NONE,paid
310523,2425,2025-08-07T13:21:19Z,,4023.35,,7,RAMADAN-BUNDLE,canceled
310530,2430,2025-08-13T07:43:38Z,,6054.02,6054.02,11,RAMADAN-BUNDLE,shipped
310533,2435,2025-08-26T08:43:10Z,,3992.54,3992.54,7,RAMADAN-BUNDLE,shipped
310534,2437,2025-08-10T07:18:33Z,,628.57,628.57,5,NONE,paid
310539,2445,2025-08-23T11:53:17Z,,8439.6,8439.60,14,,paid
310540,2447,2025-08-28T10:21:48Z,,3189.36,3189.36,5,NONE,canceled
310541,2447,2025-08-01T15:53:19Z,,3689.75,,4,NONE,shipped
310542,2448,2025-08-05T10:49:43Z,,584.06,,3,NONE,pending_hold
310547,2461,2025-08-24T10:26:45Z,,1951.96,,5,NONE,paid
310549,2464,2025-08-07T06:46:44Z,,542.38,542.38,5,NONE,paid
310551,2464,2025-08-07T10:17:48Z,,2437.83,,4,NONE,paid
310555,2473,2025-08-11T14:15:05Z,,1872.36,,6,NONE,canceled
310557,2477,2025-08-04T10:51:36Z,,5616.02,,12,RAMADAN-BUNDLE,shipped
310558,2479,2025-08-26T08:16:15Z,,6062.79,6062.79,6,LUX-R6,shipped
310562,2482,2025-08-23T10:07:46Z,,5048.05,,15,NONE,pending_hold
310563,2483,2025-08-09T09:23:08Z,,1279.52,,4,WINTER-FLYER,paid
310564,2484,2025/08/04 14:51,,2528.6,2528.60,6,,pending_hold
310572,2492,2025-08-05T08:08:45Z,,899.58,,3,,paid
310573,2494,2025-08-27T09:45:49Z,,4117.3,,3,RAMADAN-BUNDLE,canceled
310577,2500,2025-08-10T06:24:16Z,,1385.47,,2,NONE,paid
310579,2503,2025-08-07T11:45:02Z,,3236.99,,5,NONE,pending_hold
310582,2505,2025-08-06T08:04:06Z,,5650.22,,6,LUX-R6,pending_hold
310583,2506,2025-08-14T06:12:30Z,,5776.92,5776.92,9,WINTER-FLYER,paid
310590,2513,2025-08-02T06:33:11Z,,5226.47,5226.47,10,,paid
310592,2515,2025-08-19T12:45:45Z,,4890.32,,13,LUX-R6,shipped
310594,2515,2025-08-25T13:14:25Z,,1669.94,1669.94,4,LUX-R6,shipped
310604,2530,2025-08-19T11:38:13Z,,2006.76,2006.76,8,NONE,paid
310608,2535,2025-08-22T07:47:50Z,,1453.89,,4,LUX-R6,paid
310611,2539,2025-08-06T14:07:22Z,,419.12,,2,WINTER-FLYER,pending_hold
310617,2546,2025-08-12T17:44:43Z,,3045.32,,5,,canceled
310619,2549,2025-08-06T09:40:22Z,,3312.81,,5,,pending_hold
310626,2556,2025-08-07T11:44:42Z,,5243.25,,5,WINTER-FLYER,shipped
310628,2558,2025-08-28T07:17:09Z,,4459.97,,13,NONE,paid
310630,2559,2025-08-28T11:06:21Z,,3400.75,3400.75,5,NONE,shipped
310638,2567,2025-08-26T10:08:46Z,,2372.56,2372.56,7,NONE,shipped
310644,2574,2025-08-22T11:09:22Z,,1228.23,1228.23,3,,pending_hold
310645,2574,2025-08-12T16:11:52Z,,8773.76,8773.76,14,NONE,paid
310653,2582,2025-08-21T09:33:19Z,,3337.72,,5,WINTER-FLYER,canceled
310660,2589,2025-08-03T09:36:43Z,,2059.75,,7,LUX-R6,paid
310662,2592,2025-08-08T09:25:00Z,,3298.02,,5,,paid
310667,2594,2025-08-01T09:34:22Z,,7268.26,,7,WINTER-FLYER,canceled
310668,2595,2025-08-05T13:22:46Z,,4704.7,4704.70,6,WINTER-FLYER,paid
310671,2599,2025/08/05 11:20,,2760.81,2760.81,4,,pending_hold
310679,2610,2025-08-03T06:38:18Z,,923.89,923.89,3,NONE,paid
310682,2611,2025-08-07T09:13:25Z,,4469.09,,12,NONE,canceled
310683,2612,2025-08-13T12:13:34Z,,4683.9,4683.90,10,,paid
310689,2619,2025/08/12 11:21,,4247.02,,6,LUX-R6,canceled
310696,2628,2025/08/11 15:44,,2474.97,2474.97,7,RAMADAN-BUNDLE,paid
310699,2633,2025-08-21T15:42:16Z,,1736.47,,7,NONE,shipped
310701,2637,2025-08-22T11:34:01Z,,2919.1,2919.10,3,NONE,paid
310703,2643,2025-08-16T08:28:42Z,,1999.24,,7,NONE,canceled
310706,2645,2025-08-13T12:29:49Z,,4359.54,4359.54,8,NONE,shipped
310707,2645,2025-08-17T11:23:13Z,,5494.93,,7,,paid
310710,2648,2025-08-20T13:03:16Z,,1734.53,1734.53,3,LUX-R6,pending_hold
310713,2651,2025-08-21T14:53:45Z,,3341.64,3341.64,3,WINTER-FLYER,pending_hold
310715,2656,2025-08-21T10:33:31Z,,2896.83,2896.83,2,NONE,paid
310716,2656,2025-08-27T10:39:33Z,,6344.62,,5,NONE,paid
310717,2656,2025-08-23T08:32:02Z,,6466.68,,15,LUX-R6,paid
310718,2657,2025-08-19T11:23:21Z,,3776.84,3776.84,8,WINTER-FLYER,paid
310722,2664,2025-08-12T10:07:39Z,,1698.6,,5,,shipped
310727,2670,2025-08-09T11:32:53Z,,629.31,629.31,5,,canceled
310732,2674,2025-08-26T06:48:46Z,,2170.53,2170.53,4,WINTER-FLYER,paid
310735,2675,2025-08-21T11:44:05Z,,3766.53,3766.53,10,LUX-R6,paid
310736,2675,2025-08-13T06:31:29Z,,3521.15,,7,,paid
310742,2682,2025-08-21T13:41:02Z,,7065.72,,9,NONE,shipped
310743,2684,2025-08-26T09:06:27Z,,1542.06,,3,RAMADAN-BUNDLE,shipped
310745,2685,2025-08-05T14:55:45Z,,950.19,950.19,4,RAMADAN-BUNDLE,paid
310746,2690,2025-08-15T12:07:14Z,,6229.33,,9,WINTER-FLYER,pending_hold
310751,2695,2025-08-01T07:44:28Z,,7646.84,,9,RAMADAN-BUNDLE,paid
310755,2699,2025-08-27T11:02:30Z,,4678.61,,7,WINTER-FLYER,paid
310758,2702,2025-08-13T14:29:49Z,,6358.96,,10,NONE,shipped
310762,2705,2025-08-28T13:08:43Z,,1739.38,,4,RAMADAN-BUNDLE,shipped
310765,2707,2025/08/27 09:09,,1065.32,,2,NONE,shipped
310767,2710,2025-08-12T06:07:07Z,,900.05,900.05,4,NONE,paid
310768,2710,2025-08-26T14:31:08Z,,2179.78,2179.78,4,,canceled
310778,2715,2025-08-06T17:34:45Z,,2765.02,,6,NONE,pending_hold
310787,2728,2025-08-18T08:47:58Z,,1220.42,1220.42,6,RAMADAN-BUNDLE,canceled
310788,2728,2025-08-16T11:42:08Z,,5262.93,5262.93,10,LUX-R6,pending_hold
310789,2731,2025-08-08T09:11:55Z,,4457.64,,8,NONE,pending_hold
310793,2736,2025-08-14T14:04:59Z,,6058.85,6058.85,9,NONE,paid
310794,2739,2025/08/18 15:06,,1838.98,1838.98,4,RAMADAN-BUNDLE,paid
310805,2754,2025-08-10T15:49:24Z,,4091.21,4091.21,4,WINTER-FLYER,canceled
310806,2757,2025-08-09T06:12:53Z,,3139.93,,6,WINTER-FLYER,pending_hold
310808,2759,2025-08-26T06:26:54Z,,1381.17,1381.17,6,LUX-R6,paid
310809,2763,2025-08-13T09:19:48Z,,2296.36,2296.36,2,RAMADAN-BUNDLE,shipped
310819,2780,2025/08/18 09:43,,4403.61,,6,,canceled
310822,2784,2025-08-19T09:07:37Z,,3000.32,3000.32,6,WINTER-FLYER,paid
310825,2786,2025-08-22T15:40:15Z,,2334.02,,6,LUX-R6,paid
310826,2790,2025-08-09T10:42:09Z,,1694.66,1694.66,3,RAMADAN-BUNDLE,paid
310830,2795,2025-08-10T16:44:11Z,,1287.26,,3,LUX-R6,pending_hold
310831,2795,2025-08-12T12:19:58Z,,2579.14,,5,NONE,shipped
310832,2795,2025-08-20T17:21:41Z,,8458.7,8458.70,12,LUX-R6,canceled
310836,2803,2025-08-23T08:43:04Z,,6072.04,,3,RAMADAN-BUNDLE,canceled
310842,2810,2025-08-12T13:46:58Z,,3642.54,,10,NONE,canceled
310843,2812,2025-08-11T09:33:57Z,,1497.38,,2,NONE,paid
310850,2824,2025-08-16T09:15:57Z,,1881.0,,3,NONE,paid
310851,2825,2025-08-16T09:41:47Z,,3772.48,3772.48,9,NONE,paid
310855,1004,2025-09-25T11:04:36Z,,3995.05,3995.05,11,NONE,shipped
310858,1004,2025-09-09T14:12:57Z,,7668.59,,12,NONE,pending_hold
310864,1016,2025-09-16T10:12:38Z,,3220.04,,4,NONE,shipped
310867,1019,2025-09-04T06:14:00Z,,3492.53,,10,NONE,paid
310868,1025,2025-09-23T12:37:16Z,,3930.99,,10,WINTER-FLYER,pending_hold
310871,1027,2025-09-01T06:09:42Z,,6893.19,,10,RAMADAN-BUNDLE,paid
310872,1028,2025-09-02T11:05:31Z,,4186.26,4186.26,6,RAMADAN-BUNDLE,paid
310876,1031,2025-09-04T07:54:24Z,,7166.95,7166.95,10,,paid
310879,1036,2025/09/23 14:33,,885.2,885.20,3,RAMADAN-BUNDLE,shipped
310881,1037,2025-09-22T12:56:52Z,,3624.83,3624.83,6,WINTER-FLYER,canceled
310884,1043,2025-09-04T14:51:10Z,,1769.24,1769.24,4,NONE,paid
310885,1043,2025/09/23 10:50,,1393.6,1393.60,3,RAMADAN-BUNDLE,paid
310887,1044,2025-09-05T06:15:03Z,,3529.77,3529.77,5,WINTER-FLYER,paid
310889,1045,2025-09-25T10:24:49Z,,8635.85,8635.85,13,RAMADAN-BUNDLE,paid
310891,1047,2025-09-04T09:43:07Z,,3268.55,3268.55,5,,paid
310893,1047,2025-09-09T06:06:56Z,,3496.42,,6,WINTER-FLYER,shipped
310894,1049,2025/09/13 08:30,,1823.97,,3,LUX-R6,paid
310900,1055,2025/09/05 13:39,,4718.83,4718.83,6,NONE,pending_hold
310901,1058,2025-09-18T08:57:34Z,,4314.66,4314.66,8,NONE,paid
310910,1061,2025-09-09T08:42:26Z,,7328.49,7328.49,10,LUX-R6,pending_hold
310911,1064,2025-09-01T11:10:24Z,,1595.99,1595.99,5,LUX-R6,pending_hold
310915,1065,2025-09-08T10:15:26Z,,1932.07,,5,LUX-R6,canceled
310923,1073,2025-09-18T11:15:13Z,,1526.33,1526.33,7,,paid
310928,1075,2025-09-27T13:31:43Z,,6737.63,6737.63,13,,canceled
310929,1076,2025-09-17T09:24:36Z,,5260.73,5260.73,8,RAMADAN-BUNDLE,paid
310930,1079,2025-09-04T07:13:00Z,,5283.68,,7,LUX-R6,pending_hold
310933,1080,2025-09-20T12:05:51Z,,5326.13,5326.13,9,NONE,shipped
310937,1082,2025-09-20T13:54:26Z,,956.86,,4,RAMADAN-BUNDLE,pending_hold
310939,1083,2025-09-25T09:32:08Z,,3575.59,,7,NONE,shipped
310945,1091,2025-09-18T13:50:56Z,,3954.75,,7,NONE,paid
310946,1091,2025-09-03T10:22:35Z,,3412.03,,5,,shipped
310947,1092,2025-09-06T08:42:44Z,,2616.99,,7,,paid
310950,1095,2025-09-12T09:27:53Z,,7681.85,,14,NONE,shipped
310953,1098,2025-09-25T13:47:10Z,,3507.06,,7,LUX-R6,paid
310954,1098,2025-09-26T15:45:09Z,,5680.43,,5,NONE,paid
310955,1100,2025-09-28T06:43:37Z,,2639.75,2639.75,6,LUX-R6,paid
310957,1103,2025-09-07T09:03:56Z,,3826.26,3826.26,5,WINTER-FLYER,paid
310960,1108,2025-09-11T16:50:40Z,,2922.91,,4,RAMADAN-BUNDLE,pending_hold
310963,1109,2025-09-10T12:59:44Z,,2566.95,2566.95,3,NONE,canceled
310964,1109,2025-09-24T10:06:41Z,,7090.21,,9,LUX-R6,paid
310967,1113,2025-09-28T14:55:23Z,,4047.48,4047.48,6,WINTER-FLYER,shipped
310970,1122,2025-09-08T06:14:43Z,,2904.63,,5,LUX-R6,paid
310972,1124,2025-09-18T07:41:16Z,,2892.32,,5,NONE,shipped
310979,1132,2025-09-22T06:20:00Z,,8239.91,8239.91,15,NONE,paid
310980,1133,2025-09-02T08:14:25Z,,3862.57,3862.57,6,,paid
310981,1133,2025-09-17T12:15:04Z,,1861.0,,3,WINTER-FLYER,canceled
310982,1134,2025-09-22T06:31:24Z,,5345.81,5345.81,8,,paid
310984,1135,2025/09/03 13:52,,1741.12,1741.12,7,WINTER-FLYER,shipped
310987,1137,2025-09-04T11:17:21Z,,1315.54,,4,RAMADAN-BUNDLE,pending_hold
310989,1139,2025-09-15T14:21:44Z,,3170.56,,7,NONE,pending_hold
310995,1144,2025-09-02T07:36:36Z,,1861.79,1861.79,4,RAMADAN-BUNDLE,canceled
310998,1148,2025-09-07T08:20:27Z,,1894.77,,5,LUX-R6,pending_hold
311002,1156,2025-09-20T09:35:36Z,,1918.53,1918.53,5,NONE,paid
311006,1161,2025-09-18T06:40:01Z,,2956.75,,10,LUX-R6,canceled
311007,1161,2025-09-18T06:17:54Z,,4090.76,,7,NONE,paid
311029,1182,2025-09-27T14:44:49Z,,2907.48,2907.48,6,LUX-R6,canceled
311030,1182,2025-09-12T10:47:11Z,,5873.25,5873.25,10,NONE,shipped
311039,1191,2025/09/10 08:08,,91.69,,3,NONE,paid
311043,1196,2025-09-26T07:26:18Z,,3001.7,,9,,paid
311045,1201,2025-09-06T13:49:15Z,,4579.62,4579.62,10,NONE,canceled
311047,1204,2025-09-26T11:39:12Z,,2719.84,,6,NONE,pending_hold
311048,1205,2025-09-08T06:32:35Z,,2406.09,2406.09,6,RAMADAN-BUNDLE,paid
311060,1230,2025-09-08T12:58:15Z,,4324.93,,6,RAMADAN-BUNDLE,canceled
311065,1234,2025-09-24T12:54:50Z,,2386.62,,4,WINTER-FLYER,paid
311066,1236,2025-09-09T10:36:27Z,,1359.56,1359.56,4,,canceled
311074,1248,2025-09-25T09:46:15Z,,2694.19,,7,LUX-R6,paid
311077,1258,2025-09-11T06:37:31Z,,2033.09,2033.09,3,NONE,canceled
311082,1262,2025-09-26T08:59:45Z,,4990.15,4990.15,8,WINTER-FLYER,paid
311099,1284,2025-09-18T14:57:47Z,,4270.87,,7,,shipped
311108,1297,2025-09-24T09:55:34Z,,2928.39,2928.39,9,NONE,canceled
311109,1297,2025-09-28T07:22:39Z,,1795.8,,7,RAMADAN-BUNDLE,pending_hold
311117,1304,2025-09-01T15:45:23Z,,4238.98,,12,NONE,pending_hold
311125,1312,2025-09-05T10:58:12Z,,2122.4,,5,WINTER-FLYER,shipped
311132,1328,2025/09/06 15:59,,4212.91,4212.91,9,NONE,paid
311135,1328,2025-09-09T06:11:03Z,,1815.97,,3,RAMADAN-BUNDLE,paid
311143,1333,2025-09-17T15:39:02Z,,3480.5,3480.50,5,NONE,shipped
311146,1336,2025-09-18T13:32:20Z,,5061.28,,9,NONE,canceled
311150,1338,2025-09-13T15:19:15Z,,1891.24,1891.24,2,NONE,paid
311155,1343,2025-09-14T09:28:28Z,,4024.15,,8,LUX-R6,paid
311156,1343,2025-09-01T10:37:13Z,,909.82,,2,RAMADAN-BUNDLE,pending_hold
311162,1347,2025-09-11T08:05:04Z,,3601.4,,7,NONE,paid
311164,1350,2025/09/20 12:09,,1234.72,,3,LUX-R6,paid
311167,1352,2025-09-11T08:49:51Z,,905.15,,4,NONE,canceled
311168,1354,2025-09-07T08:40:42Z,,5244.0,,6,LUX-R6,pending_hold
311171,1359,2025-09-24T12:52:34Z,,2811.54,,10,NONE,shipped
311174,1360,2025-09-17T08:13:20Z,,2426.92,2426.92,8,NONE,paid
311175,1360,2025/09/16 13:36,,2391.26,,10,,canceled
311176,1364,2025-09-17T09:11:26Z,,3048.96,3048.96,6,NONE,pending_hold
311177,1364,2025-09-20T09:37:00Z,,294.33,,2,,canceled
311189,1373,2025/09/25 13:09,,3696.46,3696.46,9,WINTER-FLYER,shipped
311191,1375,2025-09-28T11:48:37Z,,1098.98,,5,NONE,paid
311196,1381,2025-09-25T10:12:33Z,,2146.59,,8,,canceled
311199,1382,2025-09-11T07:51:50Z,,1381.82,,4,NONE,shipped
311200,1384,2025-09-28T07:19:31Z,,3882.04,,9,WINTER-FLYER,pending_hold
311203,1388,2025-09-16T10:59:58Z,,2252.89,2252.89,4,LUX-R6,canceled
311205,1390,2025-09-17T09:57:02Z,,3456.43,,5,NONE,paid
311207,1390,2025-09-21T06:32:49Z,,1975.06,1975.06,7,RAMADAN-BUNDLE,paid
311210,1390,2025-09-23T15:31:39Z,,5731.08,5731.08,7,NONE,paid
311212,1392,2025-09-09T11:06:59Z,,4604.19,,7,LUX-R6,paid
311213,1393,2025-09-20T08:07:43Z,,2689.83,,5,LUX-R6,canceled
311222,1399,2025-09-26T06:03:05Z,,2599.77,,7,WINTER-FLYER,pending_hold
311229,1405,2025-09-22T06:05:34Z,,11821.13,11821.13,11,RAMADAN-BUNDLE,paid
311236,1413,2025-09-20T09:06:52Z,,5213.34,,11,WINTER-FLYER,paid
311242,1422,2025-09-03T08:50:47Z,,1593.57,,5,LUX-R6,paid
311244,1422,2025-09-18T11:02:02Z,,5568.2,,8,NONE,paid
311246,1423,2025-09-04T06:15:30Z,,3098.66,3098.66,9,RAMADAN-BUNDLE,canceled
311247,1425,2025-09-25T08:24:55Z,,4101.04,,6,LUX-R6,paid
311248,1427,2025-09-27T12:34:35Z,,345.89,,2,NONE,paid
311251,1430,2025-09-12T10:59:47Z,,1789.69,1789.69,4,WINTER-FLYER,paid
311252,1430,2025-09-01T10:27:06Z,,5542.71,,8,NONE,pending_hold
311253,1433,2025-09-06T13:16:19Z,,4035.49,4035.49,9,WINTER-FLYER,paid
311254,1433,2025-09-20T16:34:29Z,,987.06,,3,LUX-R6,paid
311255,1433,2025-09-27T08:56:06Z,,966.7,966.70,2,,paid
311257,1435,2025-09-06T11:51:31Z,,7496.38,,9,,canceled
311261,1439,2025-09-10T08:32:24Z,,2928.95,,8,LUX-R6,paid
311263,1440,2025-09-07T10:56:02Z,,1605.67,,3,NONE,pending_hold
311267,1443,2025-09-13T10:02:32Z,,2806.6,2806.60,9,LUX-R6,paid
311268,1444,2025-09-19T10:08:11Z,,2127.58,2127.58,4,NONE,shipped
311270,1450,2025-09-15T07:28:12Z,,5579.79,5579.79,10,LUX-R6,paid
311271,1451,2025-09-04T06:34:10Z,,2347.15,2347.15,8,NONE,paid
311274,1457,2025-09-19T09:03:33Z,,990.69,,4,NONE,canceled
311276,1458,2025-09-18T12:40:47Z,,2675.68,,7,NONE,paid
311282,1471,2025/09/11 11:19,,3813.4,,8,NONE,paid
311283,1471,2025-09-26T13:20:46Z,,1038.1,,7,WINTER-FLYER,paid
311286,1474,2025-09-17T06:53:07Z,,3115.83,3115.83,5,,paid
311288,1476,2025-09-14T09:14:20Z,,3258.7,3258.70,8,RAMADAN-BUNDLE,paid
311292,1486,2025-09-18T08:01:22Z,,14982.88,14982.88,12,NONE,canceled
311297,1489,2025-09-21T10:41:21Z,,2743.3,2743.30,3,RAMADAN-BUNDLE,paid
311302,1496,2025-09-25T14:00:43Z,,6245.17,,6,,paid
311305,1499,2025-09-20T11:58:39Z,,2042.52,,6,WINTER-FLYER,paid
311311,1507,2025-09-05T15:13:36Z,,4132.77,4132.77,2,LUX-R6,shipped
311317,1509,2025-09-11T15:17:04Z,,6289.84,6289.84,10,NONE,canceled
311318,1510,2025-09-21T06:24:05Z,,4942.44,,9,,shipped
311319,1510,2025-09-15T13:40:38Z,,2646.74,,6,NONE,paid
311324,1516,2025-09-15T13:48:12Z,,6703.41,6703.41,8,LUX-R6,shipped
311329,1519,2025-09-23T06:42:36Z,,1668.72,,3,LUX-R6,pending_hold
311330,1521,2025-09-28T15:13:16Z,,1359.4,,2,NONE,shipped
311336,1528,2025-09-08T10:45:54Z,,5356.89,,8,NONE,canceled
311339,1532,2025-09-06T09:12:44Z,,6805.73,,13,,pending_hold
311341,1536,2025-09-13T06:20:58Z,,8636.22,,15,RAMADAN-BUNDLE,pending_hold
311344,1541,2025-09-07T11:37:02Z,,8154.24,,12,NONE,canceled
311345,1541,2025-09-02T11:33:41Z,,770.18,770.18,3,,pending_hold
311348,1544,2025-09-20T11:42:41Z,,3776.42,,9,RAMADAN-BUNDLE,pending_hold
311353,1549,2025-09-13T13:24:47Z,,2171.32,,7,NONE,canceled
311367,1557,2025-09-16T13:25:50Z,,2448.89,,6,RAMADAN-BUNDLE,paid
311370,1564,2025-09-01T14:44:36Z,,3463.29,,8,NONE,canceled
311371,1564,2025-09-28T06:41:22Z,,2048.32,2048.32,4,,shipped
311372,1567,2025-09-28T08:00:25Z,,6727.61,6727.61,10,,shipped
311379,1569,2025-09-10T09:40:45Z,,7796.4,,10,,paid
311389,1580,2025-09-23T15:34:41Z,,6765.34,6765.34,13,WINTER-FLYER,pending_hold
311390,1584,2025-09-24T11:58:57Z,,4377.9,4377.90,8,NONE,shipped
311391,1584,2025-09-21T10:31:24Z,,4867.75,,10,,paid
311397,1590,2025-09-06T14:31:56Z,,1996.3,1996.30,4,NONE,paid
311402,1597,2025-09-07T09:20:39Z,,4064.09,4064.09,10,WINTER-FLYER,paid
311404,1597,2025/09/17 11:25,,1219.65,,4,LUX-R6,paid
311407,1600,2025-09-07T11:23:40Z,,989.62,989.62,2,NONE,canceled
311408,1604,2025-09-28T07:15:29Z,,3542.27,3542.27,10,RAMADAN-BUNDLE,paid
311410,1607,2025-09-14T15:18:49Z,,1142.27,1142.27,5,NONE,shipped
311411,1608,2025-09-14T09:49:01Z,,1488.39,1488.39,3,NONE,pending_hold
311415,1615,2025-09-23T07:00:41Z,,1482.5,,5,NONE,paid
311418,1618,2025-09-28T07:55:18Z,,8935.25,,15,RAMADAN-BUNDLE,paid
311419,1619,2025-09-07T08:29:00Z,,4231.37,,7,LUX-R6,paid
311423,1620,2025/09/26 13:20,,1655.13,,5,NONE,shipped
311428,1624,2025-09-10T10:11:18Z,,4654.49,,6,NONE,pending_hold
311430,1628,2025/09/18 08:06,,1559.13,1559.13,2,LUX-R6,pending_hold
311436,1636,2025-09-23T09:09:27Z,,2663.86,,7,WINTER-FLYER,pending_hold
311438,1637,2025-09-23T10:33:00Z,,1802.17,,5,NONE,canceled
311446,1645,2025/09/10 14:54,,1775.0,,7,LUX-R6,paid
311450,1649,2025-09-09T07:04:27Z,,2857.25,,9,NONE,shipped
311454,1651,2025-09-16T08:29:46Z,,2582.78,2582.78,5,NONE,shipped
311457,1653,2025-09-11T10:12:31Z,,3398.59,,7,,paid
311459,1654,2025-09-05T10:44:14Z,,4846.44,4846.44,8,WINTER-FLYER,shipped
311463,1655,2025-09-22T13:40:14Z,,2812.67,,5,RAMADAN-BUNDLE,canceled
311467,1661,2025-09-17T08:24:56Z,,2643.08,2643.08,15,NONE,shipped
311475,1667,2025-09-06T06:28:12Z,,1090.89,,2,WINTER-FLYER,canceled
311476,1668,2025-09-11T08:42:03Z,,6414.93,,15,WINTER-FLYER,paid
311480,1670,2025-09-16T07:36:02Z,,5185.31,5185.31,10,LUX-R6,pending_hold
311484,1674,2025-09-15T10:40:59Z,,1056.93,1056.93,4,WINTER-FLYER,canceled
311485,1677,2025-09-14T08:14:37Z,,11592.47,11592.47,14,WINTER-FLYER,paid
311486,1678,2025-09-25T07:32:26Z,,3224.92,3224.92,10,NONE,shipped
311488,1682,2025-09-10T06:00:53Z,,3015.11,,5,NONE,paid
311490,1682,2025-09-17T14:42:45Z,,4341.09,,5,,paid
311493,1684,2025-09-05T16:33:41Z,,4595.23,4595.23,10,,shipped
311494,1684,2025/09/17 11:32,,2182.0,2182.00,5,NONE,pending_hold
311496,1685,2025-09-03T08:08:27Z,,1994.62,1994.62,10,LUX-R6,shipped
311497,1685,2025-09-11T16:03:41Z,,1479.18,,5,WINTER-FLYER,shipped
311500,1692,2025-09-14T10:49:28Z,,3781.86,,5,,paid
311502,1696,2025-09-17T07:01:31Z,,3407.59,3407.59,7,NONE,pending_hold
311503,1697,2025-09-11T06:19:10Z,,5707.73,,10,NONE,paid
311506,1700,2025-09-08T06:06:13Z,,1612.05,,4,,paid
311508,1700,2025/09/15 11:52,,2808.57,2808.57,15,NONE,shipped
311509,1701,2025-09-22T10:38:24Z,,2262.73,2262.73,3,LUX-R6,shipped
311513,1702,2025-09-01T06:23:46Z,,4132.36,4132.36,8,NONE,shipped
311514,1703,2025-09-11T06:47:09Z,,3131.62,,5,,shipped
311515,1705,2025-09-07T07:59:46Z,,4294.35,4294.35,8,NONE,shipped
311518,1707,2025-09-04T08:36:47Z,,3082.36,,6,NONE,pending_hold
311519,1707,2025-09-03T14:05:34Z,,4328.07,4328.07,10,RAMADAN-BUNDLE,paid
311532,1715,2025-09-04T10:19:10Z,,1432.59,1432.59,3,NONE,shipped
311533,1715,2025-09-27T11:34:44Z,,2003.46,2003.46,6,RAMADAN-BUNDLE,paid
311535,1718,2025-09-06T12:27:40Z,,2879.68,2879.68,6,LUX-R6,paid
311536,1722,2025-09-24T07:10:47Z,,1796.75,,5,,paid
311539,1728,2025-09-16T14:51:53Z,,4559.58,4559.58,9,NONE,canceled
311541,1731,2025/09/18 12:34,,3325.19,,8,,paid
311546,1733,2025-09-18T06:07:49Z,,1666.39,,3,NONE,shipped
311549,1737,2025-09-18T10:32:00Z,,762.08,,5,NONE,shipped
311557,1743,2025-09-01T12:33:46Z,,5394.87,5394.87,6,,pending_hold
311558,1744,2025-09-22T07:48:43Z,,1215.35,,2,WINTER-FLYER,shipped
311559,1746,2025/09/27 12:50,,985.08,,3,RAMADAN-BUNDLE,paid
311571,1751,2025/09/23 12:45,,3695.82,3695.82,7,NONE,paid
311572,1752,2025-09-21T08:26:34Z,,55.26,55.26,2,NONE,shipped
311573,1752,2025-09-26T10:33:47Z,,423.21,,4,WINTER-FLYER,paid
311586,1767,2025-09-03T10:39:17Z,,2816.4,2816.40,8,NONE,paid
311589,1770,2025-09-12T13:21:33Z,,3276.87,,10,LUX-R6,paid
311590,1772,2025-09-02T11:40:07Z,,1679.43,1679.43,7,NONE,paid
311596,1778,2025-09-12T06:29:13Z,,2781.41,2781.41,4,LUX-R6,shipped
311597,1779,2025-09-28T08:41:29Z,,5358.07,,9,WINTER-FLYER,paid
311599,1780,2025-09-08T10:21:12Z,,5394.26,,8,RAMADAN-BUNDLE,canceled
311604,1785,2025-09-24T09:14:26Z,,3205.28,3205.28,8,NONE,paid
311605,1789,2025-09-18T06:39:05Z,,2056.34,,3,RAMADAN-BUNDLE,canceled
311606,1790,2025-09-07T09:34:45Z,,2023.89,,5,LUX-R6,canceled
311608,1791,2025-09-05T10:27:45Z,,2322.37,2322.37,3,NONE,shipped
311611,1791,2025-09-18T11:02:02Z,,4139.08,,6,NONE,pending_hold
311613,1793,2025-09-07T11:34:23Z,,1359.43,,6,,paid
311614,1793,2025-09-15T06:41:27Z,,1252.79,,5,NONE,paid
311615,1793,2025-09-28T11:09:40Z,,2930.75,2930.75,5,NONE,canceled
311616,1793,2025-09-17T08:39:49Z,,3162.55,,6,NONE,pending_hold
311619,1796,2025-09-18T11:34:19Z,,3450.34,3450.34,5,NONE,shipped
311625,1810,2025-09-14T07:18:23Z,,2283.98,,8,LUX-R6,paid
311626,1810,2025-09-17T09:28:50Z,,2343.44,,3,,paid
311627,1810,2025-09-25T09:37:39Z,,2254.87,,5,WINTER-FLYER,shipped
311632,1816,2025-09-12T11:40:35Z,,3876.0,,6,,pending_hold
311645,1837,2025-09-18T13:26:29Z,,2108.41,2108.41,5,,pending_hold
311649,1842,2025-09-22T07:43:21Z,,1738.64,1738.64,4,,paid
311659,1853,2025-09-06T12:29:38Z,,2513.6,2513.60,3,RAMADAN-BUNDLE,paid
311664,1858,2025-09-22T12:33:42Z,,2190.71,2190.71,8,NONE,paid
311665,1861,2025/09/27 14:30,,4072.54,4072.54,3,,paid
311666,1862,2025-09-03T15:01:05Z,,3283.71,3283.71,5,NONE,canceled
311669,1866,2025-09-24T17:49:50Z,,2653.16,2653.16,4,RAMADAN-BUNDLE,pending_hold
311677,1889,2025-09-02T14:38:26Z,,3756.75,3756.75,9,LUX-R6,canceled
311685,1901,2025-09-16T08:56:55Z,,256.34,256.34,2,NONE,canceled
311686,1904,2025-09-11T11:56:12Z,,643.93,,4,NONE,paid
311689,1905,2025-09-18T08:09:59Z,,2617.77,,2,RAMADAN-BUNDLE,pending_hold
311690,1906,2025-09-09T10:59:26Z,,7005.81,,13,NONE,pending_hold
311699,1916,2025-09-11T10:16:32Z,,1796.54,1796.54,6,NONE,canceled
311702,1918,2025-09-22T10:22:23Z,,6780.75,6780.75,12,,paid
311703,1919,2025-09-19T09:41:42Z,,4759.26,,5,,canceled
311705,1921,2025-09-06T13:56:44Z,,5279.26,,8,,paid
311706,1921,2025-09-20T08:39:29Z,,6342.25,,8,WINTER-FLYER,paid
311707,1921,2025-09-17T09:28:46Z,,2059.5,,10,WINTER-FLYER,paid
311712,1926,2025/09/25 11:57,,1552.63,1552.63,6,RAMADAN-BUNDLE,paid
311714,1927,2025-09-11T12:06:16Z,,5870.32,5870.32,10,RAMADAN-BUNDLE,shipped
311715,1927,2025-09-10T08:06:44Z,,1049.16,1049.16,5,NONE,paid
311717,1927,2025-09-23T10:10:40Z,,3677.84,,10,NONE,paid
311723,1935,2025-09-02T06:36:09Z,,3220.23,,8,NONE,paid
311726,1935,2025-09-13T11:15:50Z,,1809.36,1809.36,9,RAMADAN-BUNDLE,canceled
311729,1937,2025/09/10 13:32,,2482.99,2482.99,6,LUX-R6,pending_hold
311731,1938,2025/09/06 09:23,,4361.99,4361.99,8,WINTER-FLYER,paid
311733,1941,2025-09-24T10:33:23Z,,6704.06,,13,RAMADAN-BUNDLE,shipped
311734,1943,2025-09-07T11:10:35Z,,7223.82,,8,LUX-R6,paid
311742,1953,2025-09-08T10:02:08Z,,1802.9,,4,LUX-R6,pending_hold
311752,1971,2025-09-27T14:25:37Z,,2976.84,2976.84,8,NONE,canceled
311753,1972,2025-09-14T14:44:56Z,,1460.26,,6,,paid
311756,1976,2025-09-09T11:05:07Z,,2461.19,,9,LUX-R6,shipped
311757,1976,2025-09-07T14:43:33Z,,3456.52,,11,WINTER-FLYER,canceled
311759,1978,2025-09-24T06:18:25Z,,2796.63,,7,LUX-R6,paid
311760,1981,2025-09-19T11:34:46Z,,6281.1,6281.10,5,NONE,paid
311762,1981,2025-09-10T08:57:12Z,,1683.69,,6,,canceled
311767,1984,2025-09-22T07:53:16Z,,4615.5,,10,NONE,paid
311772,1988,2025-09-23T08:32:46Z,,1775.83,1775.83,6,WINTER-FLYER,paid
311781,1996,2025-09-20T13:11:09Z,,4022.27,4022.27,7,,shipped
311785,2001,2025-09-11T09:49:02Z,,4769.52,4769.52,8,,shipped
311786,2004,2025/09/21 14:08,,5006.64,5006.64,9,,paid
311787,2008,2025-09-19T12:53:35Z,,2882.77,,5,RAMADAN-BUNDLE,pending_hold
311788,2009,2025-09-05T11:59:47Z,,540.41,540.41,4,NONE,pending_hold
311792,2012,2025-09-19T09:03:00Z,,3609.39,,6,NONE,paid
311794,2012,2025-09-17T10:20:13Z,,1548.67,1548.67,4,RAMADAN-BUNDLE,shipped
311802,2026,2025-09-15T10:33:36Z,,1238.6,,6,,pending_hold
311804,2028,2025-09-19T10:35:59Z,,5806.95,5806.95,15,RAMADAN-BUNDLE,shipped
311807,2028,2025-09-21T12:24:01Z,,1335.83,1335.83,6,NONE,paid
311809,2031,2025/09/21 13:39,,2766.14,2766.14,3,LUX-R6,paid
311816,2038,2025-09-21T09:13:12Z,,2070.41,2070.41,9,,shipped
311822,2039,2025-09-08T09:11:30Z,,4603.23,4603.23,6,,paid
311823,2039,2025-09-03T09:49:06Z,,4125.56,4125.56,13,NONE,paid
311824,2039,2025/09/09 11:27,,2663.93,,5,NONE,shipped
311828,2045,2025-09-09T07:14:13Z,,1514.86,,4,WINTER-FLYER,paid
311829,2045,2025-09-27T09:09:30Z,,552.0,,3,LUX-R6,paid
311836,2051,2025-09-05T09:04:31Z,,3365.86,3365.86,8,WINTER-FLYER,paid
311839,2055,2025-09-22T09:12:21Z,,8542.58,,9,NONE,paid
311841,2058,2025-09-16T12:02:10Z,,3177.83,3177.83,9,NONE,paid
311842,2058,2025-09-17T11:07:51Z,,1137.82,,3,LUX-R6,shipped
311844,2059,2025/09/12 15:20,,3732.87,3732.87,10,RAMADAN-BUNDLE,paid
311846,2064,2025-09-07T13:16:50Z,,5661.03,,9,NONE,shipped
311863,2085,2025-09-15T07:52:06Z,,748.76,748.76,6,,canceled
311864,2086,2025-09-05T13:11:58Z,,1977.47,1977.47,7,LUX-R6,pending_hold
311868,2087,2025-09-06T11:33:53Z,,3080.49,,6,NONE,paid
311870,2089,2025-09-07T07:50:33Z,,5568.22,,13,RAMADAN-BUNDLE,shipped
311879,2098,2025-09-27T06:31:50Z,,1705.84,,7,NONE,paid
311883,2104,2025-09-01T06:04:10Z,,4828.56,,8,WINTER-FLYER,pending_hold
311884,2105,2025-09-16T06:14:37Z,,1450.98,,3,,paid
311889,2109,2025-09-19T06:39:38Z,,5437.92,5437.92,8,NONE,pending_hold
311893,2111,2025-09-07T08:55:16Z,,3931.56,,10,WINTER-FLYER,paid
311896,2117,2025-09-06T08:45:00Z,,4840.59,4840.59,4,WINTER-FLYER,canceled
311897,2118,2025-09-18T13:46:44Z,,3141.1,,8,LUX-R6,paid
311903,2123,2025-09-28T06:31:57Z,,3423.35,,7,LUX-R6,shipped
311905,2124,2025-09-10T06:37:34Z,,4484.67,4484.67,11,,paid
311907,2125,2025/09/02 14:29,,175.06,,3,,paid
311909,2126,2025-09-05T09:34:59Z,,7702.74,7702.74,13,RAMADAN-BUNDLE,shipped
311910,2126,2025/09/02 12:45,,2058.19,,3,LUX-R6,paid
311911,2128,2025/09/06 15:03,,3028.04,3028.04,5,NONE,shipped
311916,2130,2025-09-20T15:51:05Z,,7712.92,7712.92,13,RAMADAN-BUNDLE,canceled
311918,2130,2025-09-18T11:37:00Z,,2073.41,2073.41,2,RAMADAN-BUNDLE,shipped
311922,2132,2025-09-11T08:45:29Z,,9303.65,,13,NONE,paid
311924,2134,2025-09-09T10:51:18Z,,2982.08,,9,,paid
311931,2142,2025-09-25T09:20:56Z,,4662.06,,6,NONE,paid
311933,2143,2025-09-25T12:19:16Z,,4461.85,,7,LUX-R6,pending_hold
311939,2149,2025-09-23T16:28:03Z,,3594.34,,11,NONE,paid
311942,2150,2025-09-21T14:44:35Z,,583.02,,2,LUX-R6,paid
311948,2155,2025-09-04T06:25:34Z,,3329.94,,7,NONE,paid
311952,2162,2025-09-18T06:10:56Z,,2274.91,2274.91,9,RAMADAN-BUNDLE,paid
311954,2162,2025-09-01T10:23:56Z,,2130.12,2130.12,5,RAMADAN-BUNDLE,shipped
311965,2173,2025-09-04T06:39:02Z,,8205.9,8205.90,15,RAMADAN-BUNDLE,pending_hold
311967,2174,2025-09-08T18:30:56Z,,4803.2,4803.20,3,NONE,paid
311968,2174,2025-09-23T11:32:03Z,,3284.54,,5,,paid
311974,2177,2025-09-25T10:57:30Z,,2467.18,2467.18,6,NONE,paid
311978,2182,2025-09-28T12:11:35Z,,4356.0,,6,RAMADAN-BUNDLE,pending_hold
311979,2183,2025-09-25T13:44:55Z,,8326.28,,11,NONE,shipped
311981,2184,2025-09-24T09:31:57Z,,2999.39,,3,LUX-R6,canceled
311982,2184,2025-09-08T10:14:53Z,,1733.91,1733.91,4,RAMADAN-BUNDLE,shipped
311985,2186,2025-09-19T06:41:03Z,,511.23,511.23,2,LUX-R6,canceled
311991,2194,2025-09-08T14:41:01Z,,1718.51,,7,WINTER-FLYER,paid
311992,2194,2025-09-11T14:34:26Z,,4296.58,,7,NONE,pending_hold
311994,2194,2025-09-11T11:30:46Z,,3829.52,3829.52,7,NONE,paid
311995,2194,2025-09-03T06:37:25Z,,1943.87,,6,,paid
311996,2195,2025-09-11T08:58:40Z,,4584.67,4584.67,11,RAMADAN-BUNDLE,canceled
311999,2198,2025/09/06 08:02,,1041.45,1041.45,4,NONE,paid
312001,2199,2025-09-21T10:27:09Z,,4589.56,,5,NONE,paid
312008,2208,2025-09-23T10:59:17Z,,4338.33,,6,NONE,paid
312010,2211,2025/09/09 11:03,,3082.35,,11,NONE,paid
312011,2215,2025-09-07T07:22:15Z,,2050.79,,4,RAMADAN-BUNDLE,paid
312017,2219,2025-09-01T06:28:09Z,,7828.69,7828.69,13,LUX-R6,paid
312019,2219,2025-09-09T09:37:55Z,,2637.01,2637.01,4,RAMADAN-BUNDLE,canceled
312021,2223,2025-09-01T07:24:08Z,,3395.93,,7,WINTER-FLYER,paid
312023,2226,2025-09-20T11:07:43Z,,10225.1,,6,NONE,paid
312027,2228,2025-09-14T12:44:34Z,,1979.41,1979.41,4,WINTER-FLYER,paid
312030,2230,2025-09-07T07:41:57Z,,4613.46,,5,LUX-R6,shipped
312031,2230,2025-09-14T10:40:39Z,,1550.92,,5,LUX-R6,paid
312032,2230,2025-09-25T11:25:17Z,,1575.6,1575.60,3,WINTER-FLYER,shipped
312036,2234,2025-09-05T06:28:25Z,,3354.44,3354.44,7,LUX-R6,paid
312039,2234,2025-09-16T11:19:42Z,,1068.93,,5,NONE,pending_hold
312045,2239,2025-09-11T13:16:23Z,,1101.38,1101.38,5,,paid
312047,2239,2025/09/01 08:18,,6329.24,6329.24,11,,paid
312051,2245,2025-09-02T09:15:05Z,,3827.27,3827.27,7,,pending_hold
312054,2247,2025-09-27T08:30:19Z,,520.42,,2,WINTER-FLYER,shipped
312056,2250,2025-09-17T07:07:45Z,,3290.81,,7,RAMADAN-BUNDLE,shipped
312063,2255,2025-09-26T14:24:28Z,,1849.93,,5,LUX-R6,shipped
312066,2258,2025-09-22T13:08:54Z,,1453.12,1453.12,5,WINTER-FLYER,pending_hold
312067,2258,2025-09-09T06:31:16Z,,5701.79,5701.79,10,NONE,pending_hold
312070,2260,2025-09-16T10:29:00Z,,5596.48,5596.48,6,WINTER-FLYER,shipped
312076,2266,2025-09-09T10:21:44Z,,4520.73,,5,,shipped
312080,2270,2025-09-23T06:30:10Z,,4588.56,4588.56,6,,canceled
312083,2272,2025-09-02T09:49:01Z,,2743.4,,3,NONE,canceled
312086,2277,2025-09-01T08:29:30Z,,4553.9,,5,RAMADAN-BUNDLE,paid
312087,2277,2025-09-22T08:11:22Z,,1233.88,,8,NONE,paid
312097,2286,2025-09-06T06:17:12Z,,1409.26,1409.26,3,LUX-R6,shipped
312098,2287,2025-09-25T15:38:00Z,,1479.79,,6,WINTER-FLYER,paid
312100,2288,2025-09-15T10:30:17Z,,4800.2,4800.20,7,NONE,canceled
312103,2294,2025-09-24T09:08:39Z,,4367.94,4367.94,10,,pending_hold
312105,2295,2025-09-05T10:08:57Z,,6019.32,,10,LUX-R6,shipped
312107,2298,2025-09-12T08:17:36Z,,3093.81,,5,,shipped
312108,2303,2025-09-03T18:38:40Z,,742.33,,4,NONE,shipped
312115,2319,2025-09-11T10:48:31Z,,3365.52,,5,LUX-R6,paid
312116,2319,2025-09-25T11:28:18Z,,6053.59,,8,RAMADAN-BUNDLE,shipped
312120,2323,2025-09-11T12:54:11Z,,2487.48,,6,NONE,paid
312126,2326,2025-09-06T06:07:28Z,,4015.43,4015.43,10,NONE,paid
312127,2327,2025-09-15T10:09:04Z,,4974.25,,8,,shipped
312134,2335,2025-09-05T14:58:38Z,,3011.51,3011.51,6,NONE,paid
312143,2346,2025-09-24T08:12:51Z,,9487.02,9487.02,15,WINTER-FLYER,shipped
312144,2348,2025-09-12T12:51:27Z,,1917.4,1917.40,6,NONE,shipped
312148,2350,2025-09-20T16:32:02Z,,1210.47,1210.47,3,NONE,paid
312152,2354,2025-09-21T13:28:50Z,,9476.5,,15,NONE,paid
312153,2355,2025-09-19T13:34:21Z,,1836.57,,8,RAMADAN-BUNDLE,pending_hold
312171,2375,2025-09-06T12:37:25Z,,2548.1,,6,NONE,shipped
312174,2377,2025-09-15T13:18:48Z,,7381.64,,9,,canceled
312175,2377,2025-09-15T09:54:57Z,,4382.24,,8,NONE,pending_hold
312184,2383,2025-09-16T09:31:17Z,,2853.65,,5,RAMADAN-BUNDLE,shipped
312186,2384,2025-09-01T12:05:02Z,,6456.04,,9,RAMADAN-BUNDLE,paid
312187,2385,2025-09-09T10:33:05Z,,3113.38,3113.38,5,LUX-R6,paid
312191,2390,2025-09-03T10:50:06Z,,3462.9,3462.90,7,LUX-R6,canceled
312196,2394,2025-09-15T09:08:54Z,,6822.62,6822.62,10,NONE,paid
312197,2394,2025-09-26T12:06:23Z,,2584.74,,6,RAMADAN-BUNDLE,paid
312198,2394,2025-09-09T08:03:48Z,,7520.29,,12,WINTER-FLYER,pending_hold
312199,2394,2025-09-28T12:51:02Z,,1455.38,1455.38,2,NONE,canceled
312203,2399,2025-09-19T11:32:24Z,,3043.23,,3,RAMADAN-BUNDLE,paid
312205,2400,2025-09-06T13:49:34Z,,8431.37,8431.37,9,,paid
312212,2407,2025-09-27T08:19:39Z,,2122.75,2122.75,5,NONE,paid
312213,2412,2025-09-04T12:28:22Z,,4010.37,4010.37,7,NONE,paid
312214,2413,2025-09-07T11:41:37Z,,2579.58,,2,,canceled
312215,2413,2025/09/03 09:08,,4044.31,,4,WINTER-FLYER,paid
312216,2414,2025-09-02T08:21:02Z,,3243.36,3243.36,5,NONE,canceled
312225,2426,2025-09-07T06:03:34Z,,2973.87,,3,NONE,paid
312232,2432,2025-09-08T15:46:45Z,,2150.95,,7,NONE,shipped
312237,2441,2025/09/25 14:09,,1706.82,1706.82,7,NONE,shipped
312241,2443,2025-09-19T09:49:04Z,,2367.57,,6,LUX-R6,paid
312242,2443,2025-09-03T11:36:31Z,,956.85,956.85,5,WINTER-FLYER,shipped
312245,2445,2025-09-02T10:24:51Z,,4193.78,,8,WINTER-FLYER,paid
312249,2449,2025-09-25T10:16:07Z,,3965.62,3965.62,5,LUX-R6,pending_hold
312251,2450,2025-09-03T10:15:14Z,,672.04,672.04,2,NONE,shipped
312252,2451,2025-09-16T06:52:27Z,,3408.57,3408.57,7,NONE,paid
312253,2454,2025-09-23T06:11:15Z,,2581.5,,4,NONE,pending_hold
312254,2454,2025-09-17T06:07:02Z,,6490.45,,10,NONE,shipped
312263,2462,2025-09-22T10:07:48Z,,1474.52,,4,,pending_hold
312264,2462,2025-09-28T06:13:14Z,,1576.42,,5,,pending_hold
312265,2462,2025-09-28T08:14:39Z,,3789.54,,9,,canceled
312268,2464,2025-09-22T13:21:55Z,,1497.59,1497.59,4,NONE,canceled
312269,2464,2025-09-10T10:32:00Z,,5396.41,5396.41,6,NONE,paid
312270,2465,2025-09-14T11:55:28Z,,6231.73,,6,RAMADAN-BUNDLE,paid
312273,2467,2025-09-17T10:21:15Z,,10355.2,,14,,paid
312275,2471,2025/09/19 11:49,,2758.67,2758.67,7,LUX-R6,paid
312276,2472,2025-09-27T17:07:44Z,,570.87,570.87,3,LUX-R6,canceled
312279,2474,2025-09-13T10:39:20Z,,6761.14,,15,LUX-R6,shipped
312282,2480,2025-09-09T11:59:05Z,,3880.09,,6,WINTER-FLYER,shipped
312285,2481,2025-09-25T11:10:55Z,,1951.05,1951.05,4,LUX-R6,pending_hold
312286,2482,2025-09-23T12:58:33Z,,1816.48,,5,WINTER-FLYER,paid
312287,2482,2025-09-04T12:49:25Z,,3464.06,,3,LUX-R6,canceled
312288,2484,2025-09-13T09:04:04Z,,1328.35,,6,,pending_hold
312303,2510,2025-09-12T10:46:59Z,,6153.08,6153.08,9,RAMADAN-BUNDLE,shipped
312305,2511,2025-09-07T10:12:04Z,,3452.55,,7,NONE,shipped
312306,2511,2025/09/24 15:30,,7371.03,,8,WINTER-FLYER,canceled
312309,2513,2025-09-03T12:30:12Z,,4142.52,,11,NONE,pending_hold
312313,2515,2025-09-21T08:44:10Z,,4243.25,4243.25,7,NONE,paid
312322,2519,2025-09-06T09:41:59Z,,4419.77,4419.77,8,,paid
312323,2520,2025-09-06T14:11:45Z,,4468.4,4468.40,7,NONE,paid
312328,2533,2025-09-18T13:01:14Z,,3534.95,,12,RAMADAN-BUNDLE,shipped
312330,2535,2025-09-17T12:56:17Z,,3227.32,,4,NONE,paid
312331,2537,2025-09-22T11:08:44Z,,2208.34,,8,LUX-R6,paid
312333,2538,2025-09-23T06:47:46Z,,2661.56,,5,RAMADAN-BUNDLE,shipped
312334,2538,2025-09-07T09:28:18Z,,3940.41,3940.41,7,,paid
312338,2541,2025-09-06T12:16:35Z,,5132.48,,6,RAMADAN-BUNDLE,canceled
312341,2546,2025-09-10T09:45:31Z,,9887.74,9887.74,15,NONE,paid
312343,2547,2025-09-05T13:16:33Z,,7628.48,7628.48,8,NONE,paid
312345,2551,2025-09-10T09:00:26Z,,1273.51,,4,LUX-R6,paid
312352,2560,2025-09-20T11:06:00Z,,4585.78,4585.78,7,,paid
312355,2562,2025-09-06T14:21:05Z,,7927.67,7927.67,13,NONE,paid
312358,2563,2025-09-08T10:31:49Z,,1306.48,1306.48,3,WINTER-FLYER,paid
312359,2564,2025-09-08T06:58:24Z,,4966.17,4966.17,10,LUX-R6,paid
312362,2570,2025-09-27T10:29:03Z,,1370.29,1370.29,2,WINTER-FLYER,paid
312367,2572,2025-09-19T14:30:10Z,,1965.37,,5,LUX-R6,paid
312376,2580,2025-09-24T12:53:31Z,,2175.33,,8,NONE,paid
312380,2583,2025-09-01T12:08:06Z,,3824.67,,8,RAMADAN-BUNDLE,pending_hold
312384,2590,2025-09-03T13:30:54Z,,2174.43,,8,WINTER-FLYER,paid
312386,2590,2025-09-04T07:09:57Z,,3319.34,,6,,canceled
312389,2593,2025-09-27T11:02:32Z,,4146.3,,10,WINTER-FLYER,paid
312391,2594,2025-09-09T14:50:11Z,,3791.31,,10,,canceled
312395,2597,2025-09-09T11:17:30Z,,2478.12,,5,RAMADAN-BUNDLE,pending_hold
312397,2598,2025-09-15T06:42:28Z,,1575.74,,8,,paid
312398,2599,2025-09-15T10:42:46Z,,6909.07,6909.07,12,,shipped
312401,2600,2025-09-23T07:01:47Z,,3246.26,,8,NONE,canceled
312403,2604,2025-09-16T07:11:58Z,,4413.8,,8,NONE,paid
312404,2604,2025-09-03T11:02:43Z,,6203.23,,8,,paid
312405,2604,2025-09-13T08:46:03Z,,1644.12,1644.12,6,NONE,canceled
312406,2605,2025-09-22T06:59:19Z,,1428.08,,6,NONE,paid
312407,2605,2025-09-04T09:23:05Z,,832.25,,2,NONE,paid
312419,2613,2025-09-18T12:50:39Z,,1994.03,,9,WINTER-FLYER,canceled
312432,2627,2025-09-14T15:24:45Z,,2474.6,2474.60,10,,paid
312440,2639,2025-09-11T13:50:10Z,,1353.71,1353.71,4,,pending_hold
312449,2649,2025/09/16 18:42,,1042.08,1042.08,5,RAMADAN-BUNDLE,canceled
312451,2651,2025-09-16T07:48:30Z,,4954.22,4954.22,6,NONE,paid
312463,2663,2025-09-11T06:11:14Z,,1472.14,,5,LUX-R6,paid
312464,2664,2025-09-06T08:30:09Z,,1848.93,1848.93,8,,paid
312470,2669,2025-09-03T08:37:11Z,,1332.44,1332.44,5,,paid
312472,2672,2025/09/19 10:11,,3114.53,3114.53,7,LUX-R6,shipped
312473,2673,2025-09-09T11:08:28Z,,1836.12,1836.12,6,LUX-R6,paid
312477,2675,2025-09-01T14:26:19Z,,2381.93,,8,LUX-R6,paid
312483,2682,2025-09-08T08:55:26Z,,1038.3,1038.30,3,NONE,canceled
312486,2689,2025-09-27T15:03:26Z,,2529.29,,8,NONE,paid
312492,2694,2025-09-25T11:01:13Z,,1452.77,,4,LUX-R6,shipped
312494,2696,2025-09-16T12:09:58Z,,2744.42,2744.42,4,NONE,paid
312495,2696,2025/09/22 12:18,,3456.15,,4,NONE,paid
312497,2697,2025-09-06T08:27:56Z,,3028.79,,8,NONE,canceled
312502,2699,2025-09-24T06:26:03Z,,1795.35,,6,NONE,paid
312505,2699,2025-09-19T08:07:32Z,,3625.69,,5,NONE,paid
312507,2702,2025-09-20T14:37:48Z,,7915.3,7915.30,12,,paid
312509,2704,2025/09/19 09:00,,1890.02,,5,LUX-R6,canceled
312512,2706,2025-09-19T09:07:16Z,,6556.19,6556.19,9,WINTER-FLYER,paid
312520,2712,2025/09/28 08:09,,5436.64,5436.64,7,RAMADAN-BUNDLE,pending_hold
312523,2714,2025-09-22T10:10:33Z,,3851.3,,7,WINTER-FLYER,paid
312526,2720,2025-09-03T11:00:35Z,,1717.46,1717.46,5,WINTER-FLYER,shipped
312529,2722,2025-09-17T08:09:16Z,,3892.59,,10,NONE,canceled
312531,2723,2025-09-28T13:54:06Z,,214.46,214.46,2,RAMADAN-BUNDLE,shipped
312533,2728,2025-09-11T09:08:28Z,,3671.92,3671.92,3,RAMADAN-BUNDLE,canceled
312540,2741,2025-09-19T13:44:04Z,,3580.09,,8,NONE,pending_hold
312542,2744,2025-09-26T10:32:14Z,,2921.37,,7,NONE,paid
312544,2746,2025-09-01T09:36:22Z,,1386.17,,6,WINTER-FLYER,paid
312546,2749,2025-09-15T14:06:45Z,,4834.63,,6,WINTER-FLYER,paid
312549,2752,2025-09-08T11:23:16Z,,3524.72,3524.72,10,NONE,paid
312550,2753,2025-09-13T07:24:23Z,,3147.26,,8,LUX-R6,paid
312552,2754,2025-09-16T09:01:32Z,,1625.45,1625.45,6,NONE,shipped
312554,2756,2025/09/14 17:58,,1767.39,,7,NONE,canceled
312555,2757,2025-09-25T12:47:36Z,,1149.38,,2,WINTER-FLYER,shipped
312566,2765,2025-09-05T10:15:34Z,,2480.54,,9,RAMADAN-BUNDLE,canceled
312567,2768,2025-09-25T13:33:06Z,,6830.89,,11,RAMADAN-BUNDLE,paid
312572,2772,2025-09-12T10:58:37Z,,1042.48,,8,WINTER-FLYER,paid
312573,2772,2025-09-12T12:11:53Z,,4253.69,4253.69,7,RAMADAN-BUNDLE,pending_hold
312574,2772,2025-09-09T11:38:39Z,,6382.26,6382.26,8,LUX-R6,pending_hold
312575,2774,2025-09-20T15:09:10Z,,2220.5,,7,WINTER-FLYER,paid
312577,2778,2025-09-25T12:47:55Z,,3250.71,3250.71,6,WINTER-FLYER,paid
312581,2783,2025-09-12T06:17:04Z,,6318.99,6318.99,4,RAMADAN-BUNDLE,paid
312584,2786,2025-09-18T13:05:22Z,,3553.07,,6,NONE,paid
312588,2789,2025-09-05T09:13:26Z,,1132.34,,4,NONE,paid
312592,2795,2025-09-19T06:00:41Z,,4632.88,,6,WINTER-FLYER,paid
312597,2805,2025-09-22T11:28:22Z,,2570.52,,5,WINTER-FLYER,pending_hold
312605,2810,2025/09/26 09:04,,4500.44,,7,NONE,pending_hold
312609,2813,2025-09-05T09:19:20Z,,1734.9,1734.90,2,RAMADAN-BUNDLE,paid
312611,2816,2025-09-17T09:06:57Z,,2325.28,,7,WINTER-FLYER,canceled
312617,1000,2025-10-11T06:39:05Z,,5201.44,5201.44,8,,paid
312618,1001,2025-10-11T13:37:45Z,,3700.66,3700.66,6,,paid
312621,1004,2025-10-10T15:17:25Z,,7432.94,7432.94,15,WINTER-FLYER,pending_hold
312629,1013,2025-10-13T08:51:00Z,,2233.72,,6,RAMADAN-BUNDLE,paid
312637,1016,2025-10-11T07:08:52Z,,6063.33,,10,WINTER-FLYER,paid
312641,1019,2025-10-02T15:46:49Z,,5596.7,,9,RAMADAN-BUNDLE,paid
312642,1019,2025-10-02T11:07:09Z,,7068.79,7068.79,13,,shipped
312656,1027,2025-10-12T09:11:36Z,,3713.62,3713.62,9,RAMADAN-BUNDLE,shipped
312657,1027,2025-10-05T08:18:32Z,,7978.93,,11,,paid
312663,1031,2025-10-03T08:29:34Z,,4156.48,,8,,paid
312668,1033,2025-10-20T15:36:50Z,,4957.13,4957.13,4,,paid
312670,1036,2025/10/09 17:25,,5401.77,,7,NONE,paid
312681,1049,2025-10-01T12:57:36Z,,1393.72,1393.72,4,WINTER-FLYER,paid
312683,1049,2025-10-24T09:27:04Z,,3217.88,,5,NONE,paid
312687,1052,2025-10-22T13:33:27Z,,2245.44,,7,NONE,shipped
312688,1053,2025-10-19T06:36:34Z,,2296.44,,7,WINTER-FLYER,pending_hold
312690,1056,2025-10-15T11:22:48Z,,1808.54,1808.54,3,NONE,shipped
312692,1057,2025-10-13T09:17:39Z,,4457.2,4457.20,8,LUX-R6,paid
312693,1058,2025-10-21T06:49:10Z,,1532.95,1532.95,4,WINTER-FLYER,pending_hold
312696,1060,2025-10-05T10:01:12Z,,5761.42,,11,RAMADAN-BUNDLE,paid
312698,1064,2025-10-01T07:47:38Z,,2099.03,,4,NONE,paid
312699,1065,2025-10-06T11:09:02Z,,3731.45,3731.45,4,LUX-R6,paid
312701,1065,2025-10-28T12:00:16Z,,2255.15,,4,NONE,paid
312703,1069,2025-10-05T12:30:42Z,,6796.09,,8,LUX-R6,paid
312706,1073,2025-10-11T10:30:00Z,,4765.63,4765.63,6,NONE,paid
312708,1075,2025-10-22T06:00:51Z,,3884.68,3884.68,13,RAMADAN-BUNDLE,paid
312711,1075,2025-10-16T08:29:38Z,,4178.8,4178.80,4,,paid
312715,1079,2025-10-25T10:59:28Z,,3392.07,,10,NONE,shipped
312719,1082,2025-10-02T06:00:27Z,,3867.69,3867.69,10,,canceled
312721,1083,2025-10-03T08:30:24Z,,5832.79,,10,WINTER-FLYER,paid
312723,1084,2025-10-28T08:17:11Z,,2745.4,,6,LUX-R6,paid
312726,1085,2025/10/24 15:45,,9792.45,,10,NONE,paid
312732,1093,2025-10-23T11:23:32Z,,2229.4,,2,LUX-R6,shipped
312738,1095,2025-10-10T11:11:47Z,,1416.23,1416.23,4,RAMADAN-BUNDLE,shipped
312740,1098,2025-10-24T07:24:49Z,,869.68,,7,NONE,paid
312743,1100,2025-10-23T09:58:04Z,,3511.72,,5,NONE,canceled
312746,1103,2025-10-15T08:22:15Z,,5434.93,5434.93,8,LUX-R6,paid
312747,1105,2025-10-04T09:56:57Z,,3611.5,,9,WINTER-FLYER,pending_hold
312761,1116,2025-10-15T12:29:22Z,,2677.01,2677.01,8,WINTER-FLYER,canceled
312762,1116,2025-10-21T09:11:55Z,,1386.03,1386.03,4,NONE,canceled
312764,1116,2025-10-17T10:15:22Z,,1716.45,,6,WINTER-FLYER,canceled
312765,1118,2025-10-11T06:37:36Z,,2476.7,2476.70,6,WINTER-FLYER,canceled
312772,1123,2025-10-10T12:48:31Z,,1033.53,,4,NONE,shipped
312777,1130,2025-10-21T13:11:08Z,,2041.8,2041.80,6,NONE,shipped
312778,1130,2025-10-14T11:39:19Z,,5767.57,5767.57,11,NONE,canceled
312779,1133,2025-10-28T10:08:37Z,,4694.83,4694.83,6,NONE,pending_hold
312782,1135,2025-10-07T10:40:34Z,,3517.44,,7,,pending_hold
312783,1135,2025-10-25T14:55:16Z,,2670.9,2670.90,5,RAMADAN-BUNDLE,shipped
312784,1137,2025-10-14T06:20:10Z,,2036.69,2036.69,5,NONE,paid
312789,1141,2025-10-28T09:26:32Z,,2834.35,2834.35,6,WINTER-FLYER,canceled
312792,1141,2025-10-06T08:49:21Z,,317.51,,3,RAMADAN-BUNDLE,canceled
312793,1142,2025-10-13T10:09:04Z,,7475.3,,12,WINTER-FLYER,shipped
312794,1143,2025-10-05T10:45:52Z,,3314.55,,7,NONE,paid
312798,1145,2025-10-25T13:09:43Z,,4634.61,,8,,paid
312819,1171,2025-10-11T08:40:29Z,,3486.68,3486.68,9,NONE,pending_hold
312821,1175,2025-10-25T08:09:29Z,,4424.57,,6,RAMADAN-BUNDLE,pending_hold
312825,1179,2025-10-16T08:39:05Z,,3654.75,,8,,canceled
312832,1183,2025-10-04T13:26:24Z,,2902.11,,6,WINTER-FLYER,shipped
312833,1184,2025-10-23T09:42:36Z,,2180.11,2180.11,8,NONE,paid
312835,1185,2025-10-17T10:11:46Z,,2535.84,,6,NONE,shipped
312840,1189,2025-10-10T10:58:27Z,,2757.77,2757.77,6,WINTER-FLYER,paid
312842,1192,2025-10-14T18:40:49Z,,2792.56,,4,WINTER-FLYER,pending_hold
312843,1192,2025-10-23T07:37:23Z,,1410.53,1410.53,5,NONE,paid
312844,1192,2025-10-19T09:14:14Z,,2131.25,,4,NONE,paid
312847,1193,2025-10-24T11:33:14Z,,4023.2,,4,NONE,shipped
312849,1194,2025-10-05T07:35:36Z,,4328.29,4328.29,6,,canceled
312851,1197,2025-10-09T10:13:22Z,,2191.26,2191.26,7,NONE,pending_hold
312853,1198,2025-10-16T14:36:10Z,,1858.59,1858.59,5,NONE,paid
312854,1201,2025-10-02T13:36:17Z,,1579.46,,3,LUX-R6,shipped
312859,1206,2025-10-21T12:10:07Z,,4295.0,,8,RAMADAN-BUNDLE,pending_hold
312864,1207,2025-10-27T12:14:26Z,,2905.16,,7,WINTER-FLYER,canceled
312870,1215,2025-10-20T08:14:00Z,,2745.35,2745.35,7,WINTER-FLYER,pending_hold
312874,1226,2025-10-18T11:59:44Z,,4895.47,4895.47,7,NONE,shipped
312875,1226,2025-10-17T07:54:15Z,,11250.65,,12,,pending_hold
312876,1227,2025-10-11T12:34:15Z,,1877.37,1877.37,6,NONE,paid
312879,1229,2025-10-24T06:16:22Z,,3000.22,3000.22,5,,canceled
312884,1232,2025-10-07T06:07:08Z,,9908.88,9908.88,13,NONE,paid
312885,1233,2025-10-03T07:32:26Z,,5299.09,,14,WINTER-FLYER,paid
312888,1236,2025-10-16T06:46:05Z,,4915.68,4915.68,9,WINTER-FLYER,paid
312893,1241,2025-10-18T12:41:20Z,,2775.87,2775.87,6,NONE,pending_hold
312908,1259,2025-10-08T08:39:47Z,,4202.06,4202.06,8,,canceled
312921,1273,2025-10-21T09:27:55Z,,6563.82,,10,LUX-R6,canceled
312925,1277,2025-10-28T09:41:41Z,,2567.83,,6,,paid
312930,1283,2025-10-12T15:43:30Z,,7831.86,,12,NONE,shipped
312936,1287,2025-10-06T06:17:07Z,,3099.45,3099.45,7,LUX-R6,pending_hold
312938,1288,2025-10-27T12:54:24Z,,2769.64,2769.64,5,NONE,pending_hold
312939,1288,2025-10-27T10:08:54Z,,4125.05,4125.05,9,WINTER-FLYER,paid
312942,1296,2025-10-05T09:03:36Z,,2572.81,,4,RAMADAN-BUNDLE,shipped
312944,1298,2025-10-21T09:40:17Z,,1341.57,,6,LUX-R6,shipped
312945,1299,2025-10-23T11:23:19Z,,1305.26,,6,RAMADAN-BUNDLE,paid
312946,1300,2025-10-11T11:11:17Z,,3080.21,3080.21,8,NONE,paid
312952,1304,2025-10-07T09:23:50Z,,2148.57,,6,LUX-R6,pending_hold
312958,1310,2025-10-21T11:56:24Z,,5058.48,5058.48,9,WINTER-FLYER,canceled
312960,1312,2025-10-13T11:42:09Z,,5591.16,,7,RAMADAN-BUNDLE,paid
312962,1312,2025-10-12T08:17:49Z,,2250.78,,4,NONE,shipped
312964,1314,2025-10-13T09:36:41Z,,5530.76,5530.76,11,LUX-R6,paid
312967,1316,2025-10-06T09:31:43Z,,3979.3,,12,NONE,canceled
312970,1322,2025/10/28 14:06,,1102.86,1102.86,2,LUX-R6,paid
312971,1324,2025-10-03T12:05:55Z,,1111.74,1111.74,3,RAMADAN-BUNDLE,pending_hold
312975,1327,2025-10-12T10:25:10Z,,2033.82,2033.82,7,LUX-R6,paid
312977,1327,2025-10-12T06:52:37Z,,4382.1,4382.10,9,WINTER-FLYER,canceled
312984,1333,2025-10-24T11:05:28Z,,1723.45,,5,NONE,shipped
312985,1333,2025-10-18T11:04:35Z,,2193.61,,6,RAMADAN-BUNDLE,canceled
312989,1336,2025-10-25T15:00:58Z,,4242.27,4242.27,7,,paid
312995,1341,2025-10-24T13:50:13Z,,5594.73,5594.73,9,,paid
312997,1342,2025-10-12T21:15:10Z,,3422.86,3422.86,5,NONE,paid
312999,1344,2025-10-03T14:35:17Z,,3395.15,3395.15,9,LUX-R6,canceled
313002,1345,2025-10-23T11:10:29Z,,4227.96,4227.96,6,LUX-R6,canceled
313004,1346,2025-10-13T12:31:52Z,,2913.6,2913.60,6,WINTER-FLYER,paid
313005,1347,2025-10-21T10:44:09Z,,1628.02,1628.02,4,NONE,paid
313008,1348,2025-10-04T12:50:35Z,,2694.16,2694.16,4,RAMADAN-BUNDLE,canceled
313014,1356,2025-10-12T07:42:16Z,,6956.91,,11,LUX-R6,canceled
313024,1367,2025-10-25T06:29:24Z,,2862.81,2862.81,13,LUX-R6,paid
313031,1373,2025-10-13T06:11:29Z,,6254.34,,11,NONE,paid
313035,1377,2025-10-08T09:59:12Z,,3576.22,,6,LUX-R6,canceled
313036,1379,2025-10-17T13:19:03Z,,1902.65,,6,RAMADAN-BUNDLE,shipped
313037,1379,2025-10-05T10:28:26Z,,2774.57,,3,LUX-R6,shipped
313039,1380,2025-10-06T08:05:23Z,,371.59,371.59,3,NONE,paid
313042,1382,2025-10-12T11:43:57Z,,2390.15,2390.15,7,LUX-R6,paid
313043,1384,2025-10-25T10:30:52Z,,3708.18,,6,RAMADAN-BUNDLE,canceled
313045,1385,2025-10-07T13:27:00Z,,3476.87,,11,NONE,paid
313046,1385,2025-10-02T09:58:06Z,,4899.47,4899.47,7,RAMADAN-BUNDLE,paid
313047,1386,2025-10-16T06:54:13Z,,1715.57,1715.57,5,NONE,pending_hold
313050,1390,2025-10-27T07:37:15Z,,3352.15,,6,NONE,paid
313052,1390,2025-10-07T08:50:19Z,,3755.48,,11,WINTER-FLYER,paid
313055,1393,2025-10-19T15:43:10Z,,4530.13,4530.13,6,,canceled
313061,1400,2025-10-25T13:02:44Z,,2518.73,,6,LUX-R6,paid
313062,1401,2025-10-11T13:38:01Z,,3794.36,3794.36,9,WINTER-FLYER,paid
313073,1410,2025-10-24T12:19:22Z,,1482.9,,4,,pending_hold
313080,1416,2025-10-12T12:34:25Z,,2534.96,,7,NONE,paid
313082,1418,2025-10-02T08:39:49Z,,4841.27,4841.27,10,,paid
313092,1427,2025-10-02T07:02:11Z,,4833.85,,10,NONE,paid
313099,1432,2025-10-11T10:58:47Z,,4064.37,4064.37,5,RAMADAN-BUNDLE,paid
313102,1436,2025-10-22T13:11:19Z,,3079.64,3079.64,14,RAMADAN-BUNDLE,paid
313105,1443,2025/10/27 09:30,,3483.38,,9,LUX-R6,paid
313107,1445,2025-10-17T08:45:03Z,,3784.81,3784.81,6,,paid
313110,1450,2025-10-26T08:06:20Z,,2569.96,2569.96,2,WINTER-FLYER,shipped
313113,1452,2025-10-23T10:36:39Z,,1087.59,1087.59,5,NONE,canceled
313125,1460,2025-10-01T06:07:57Z,,4174.46,,7,WINTER-FLYER,pending_hold
313150,1484,2025/10/26 08:29,,825.51,,3,RAMADAN-BUNDLE,paid
313151,1484,2025-10-22T07:18:07Z,,1158.73,,3,,paid
313156,1490,2025-10-28T09:37:52Z,,6716.61,,10,WINTER-FLYER,paid
313157,1491,2025-10-09T14:03:24Z,,1921.62,,3,,paid
313169,1503,2025-10-20T12:53:56Z,,2204.37,,5,LUX-R6,paid
313171,1504,2025-10-21T07:47:17Z,,3236.23,3236.23,6,NONE,pending_hold
313172,1505,2025-10-16T11:54:26Z,,2310.76,,6,NONE,pending_hold
313179,1514,2025-10-18T06:38:10Z,,5294.16,5294.16,11,NONE,pending_hold
313181,1515,2025/10/27 08:20,,3888.22,,6,RAMADAN-BUNDLE,paid
313184,1516,2025-10-19T07:05:34Z,,6000.9,,11,NONE,paid
313186,1518,2025-10-14T07:45:43Z,,1355.29,,5,RAMADAN-BUNDLE,shipped
313198,1535,2025-10-18T08:30:13Z,,2864.06,2864.06,9,NONE,pending_hold
313211,1541,2025-10-08T10:00:58Z,,3012.13,,7,WINTER-FLYER,pending_hold
313215,1545,2025-10-19T09:40:38Z,,5124.22,,9,NONE,pending_hold
313218,1550,2025-10-06T12:24:29Z,,2050.82,,6,NONE,paid
313221,1552,2025/10/16 15:52,,2062.61,,5,NONE,paid
313222,1553,2025/10/21 16:44,,1148.52,,4,,canceled
313225,1557,2025-10-05T16:17:43Z,,744.11,744.11,2,WINTER-FLYER,shipped
313227,1558,2025-10-06T09:12:18Z,,2134.9,,10,NONE,canceled
313229,1559,2025-10-02T14:49:39Z,,810.43,810.43,5,NONE,canceled
313232,1564,2025-10-16T09:30:04Z,,3101.33,,7,NONE,paid
313233,1567,2025-10-28T14:36:24Z,,3683.46,3683.46,10,,pending_hold
313236,1568,2025-10-17T09:10:01Z,,3271.11,3271.11,7,NONE,paid
313242,1573,2025-10-13T16:04:53Z,,1537.36,,4,WINTER-FLYER,shipped
313244,1575,2025-10-27T08:16:06Z,,3306.61,,7,RAMADAN-BUNDLE,shipped
313245,1576,2025-10-15T10:37:00Z,,3057.92,,8,NONE,shipped
313246,1576,2025-10-18T09:01:42Z,,4897.36,4897.36,5,NONE,paid
313250,1579,2025-10-04T10:22:35Z,,4640.74,4640.74,14,RAMADAN-BUNDLE,paid
313253,1580,2025-10-04T09:11:07Z,,1967.25,1967.25,5,NONE,paid
313255,1583,2025-10-18T13:29:27Z,,2753.68,2753.68,5,NONE,paid
313257,1586,2025-10-06T08:48:50Z,,2831.23,2831.23,12,NONE,paid
313264,1589,2025-10-04T13:17:09Z,,5220.27,,7,NONE,pending_hold
313266,1590,2025-10-13T11:40:28Z,,2635.49,,4,NONE,paid
313270,1597,2025/10/09 08:18,,3698.7,,8,WINTER-FLYER,paid
313273,1597,2025-10-17T11:34:05Z,,1809.87,,6,,canceled
313274,1598,2025-10-14T10:03:52Z,,2506.52,,5,,paid
313275,1598,2025-10-04T16:37:18Z,,448.33,,2,NONE,shipped
313281,1603,2025-10-06T11:41:08Z,,6197.91,6197.91,12,WINTER-FLYER,paid
313284,1603,2025-10-28T10:18:55Z,,5193.14,5193.14,15,,shipped
313285,1604,2025-10-25T14:57:46Z,,3901.07,,7,NONE,shipped
313289,1608,2025-10-16T06:55:44Z,,4173.61,4173.61,5,NONE,pending_hold
313290,1610,2025-10-13T12:08:45Z,,3635.86,3635.86,9,NONE,shipped
313299,1622,2025-10-06T10:28:59Z,,2164.83,2164.83,3,RAMADAN-BUNDLE,paid
313301,1622,2025-10-08T12:07:08Z,,5371.11,5371.11,10,NONE,shipped
313304,1624,2025-10-14T10:14:42Z,,3202.39,3202.39,10,WINTER-FLYER,paid
313308,1627,2025-10-15T06:37:20Z,,604.82,,2,NONE,pending_hold
313312,1633,2025-10-25T07:34:30Z,,10146.82,,13,LUX-R6,paid
313314,1635,2025-10-13T09:01:44Z,,4259.32,,10,RAMADAN-BUNDLE,pending_hold
313316,1637,2025-10-04T06:01:48Z,,2036.64,,7,LUX-R6,shipped
313320,1637,2025-10-13T15:36:48Z,,5421.31,5421.31,5,,pending_hold
313322,1640,2025-10-22T19:14:15Z,,1811.26,,5,,canceled
313327,1650,2025-10-23T11:30:10Z,,2862.11,,6,NONE,canceled
313334,1657,2025-10-13T10:33:40Z,,4183.99,,15,LUX-R6,canceled
313338,1661,2025-10-28T10:26:17Z,,5040.86,,7,WINTER-FLYER,canceled
313349,1669,2025-10-20T14:51:56Z,,1908.85,1908.85,4,WINTER-FLYER,pending_hold
313365,1684,2025-10-27T11:06:30Z,,2387.93,,5,NONE,pending_hold
313366,1684,2025-10-19T14:32:12Z,,7546.93,7546.93,15,NONE,paid
313370,1691,2025-10-16T06:35:15Z,,8036.33,8036.33,15,LUX-R6,canceled
313371,1692,2025-10-17T08:54:46Z,,8238.13,,10,NONE,pending_hold
313378,1701,2025-10-22T10:38:57Z,,2044.11,2044.11,5,,paid
313383,1706,2025-10-13T14:21:54Z,,2320.94,2320.94,4,RAMADAN-BUNDLE,pending_hold
313384,1706,2025-10-22T06:28:21Z,,7979.35,,15,LUX-R6,paid
313385,1707,2025-10-28T15:33:45Z,,2441.43,2441.43,6,LUX-R6,paid
313386,1708,2025-10-15T08:04:50Z,,9655.22,9655.22,15,NONE,paid
313387,1709,2025-10-09T10:56:32Z,,1722.82,,4,WINTER-FLYER,paid
313390,1711,2025-10-05T06:49:09Z,,3163.33,,6,RAMADAN-BUNDLE,paid
313394,1715,2025-10-10T15:29:21Z,,2963.75,2963.75,12,LUX-R6,canceled
313402,1734,2025-10-08T06:42:31Z,,3299.43,,9,LUX-R6,pending_hold
313403,1734,2025-10-06T06:20:20Z,,3714.06,,8,NONE,paid
313407,1735,2025-10-18T11:14:33Z,,676.52,676.52,4,LUX-R6,paid
313410,1738,2025-10-06T09:01:36Z,,2318.52,,3,RAMADAN-BUNDLE,canceled
313423,1751,2025-10-19T11:54:08Z,,1507.73,1507.73,4,NONE,canceled
313427,1754,2025-10-12T14:46:14Z,,7587.81,7587.81,8,NONE,paid
313428,1757,2025-10-21T12:21:33Z,,3035.66,,7,NONE,pending_hold
313431,1759,2025-10-19T06:56:44Z,,7091.97,7091.97,15,NONE,pending_hold
313433,1761,2025-10-27T12:39:00Z,,522.59,522.59,3,NONE,pending_hold
313436,1765,2025-10-04T13:49:48Z,,1607.53,1607.53,3,RAMADAN-BUNDLE,shipped
313438,1765,2025-10-28T10:38:19Z,,1302.78,1302.78,5,RAMADAN-BUNDLE,paid
313439,1765,2025-10-06T14:47:16Z,,4379.23,,6,LUX-R6,paid
313441,1767,2025-10-11T09:48:29Z,,3322.03,3322.03,9,RAMADAN-BUNDLE,pending_hold
313452,1777,2025-10-27T11:22:12Z,,2068.37,,5,NONE,canceled
313456,1782,2025/10/13 13:39,,2457.66,,3,RAMADAN-BUNDLE,paid
313457,1783,2025-10-24T12:00:17Z,,4414.54,4414.54,10,RAMADAN-BUNDLE,paid
313458,1783,2025-10-28T11:14:00Z,,5301.19,5301.19,5,RAMADAN-BUNDLE,paid
313461,1792,2025-10-20T08:34:20Z,,265.68,,2,LUX-R6,paid
313466,1799,2025-10-07T09:46:19Z,,299.62,299.62,3,NONE,pending_hold
313469,1799,2025-10-09T06:55:12Z,,5318.73,5318.73,7,,pending_hold
313470,1801,2025-10-19T06:52:48Z,,6638.32,6638.32,12,RAMADAN-BUNDLE,pending_hold
313472,1802,2025-10-18T09:07:40Z,,1292.05,1292.05,2,LUX-R6,shipped
313476,1808,2025-10-18T11:27:14Z,,5131.07,5131.07,10,WINTER-FLYER,paid
313478,1808,2025-10-02T06:22:10Z,,1378.25,,3,NONE,shipped
313488,1822,2025-10-16T08:31:53Z,,6201.3,6201.30,12,RAMADAN-BUNDLE,shipped
313490,1823,2025-10-18T13:15:58Z,,13253.75,,15,NONE,shipped
313494,1825,2025-10-23T11:21:46Z,,2503.51,,5,,canceled
313495,1825,2025-10-12T10:49:33Z,,4638.09,4638.09,12,LUX-R6,paid
313497,1826,2025-10-16T06:41:33Z,,2414.37,,5,,canceled
313498,1827,2025-10-15T06:25:23Z,,4318.5,,8,,shipped
313500,1829,2025-10-26T09:01:15Z,,4712.66,4712.66,7,NONE,pending_hold
313504,1832,2025-10-22T10:24:45Z,,3721.74,3721.74,8,NONE,paid
313508,1835,2025-10-04T20:32:30Z,,1113.33,1113.33,4,RAMADAN-BUNDLE,pending_hold
313510,1836,2025-10-14T07:17:03Z,,3153.77,,5,,paid
313512,1839,2025-10-27T08:10:39Z,,2337.74,,5,WINTER-FLYER,paid
313515,1841,2025-10-17T06:10:32Z,,3666.8,3666.80,4,WINTER-FLYER,paid
313516,1842,2025/10/13 13:00,,1053.48,1053.48,3,LUX-R6,shipped
313522,1844,2025-10-19T07:51:06Z,,3170.27,,3,LUX-R6,canceled
313523,1847,2025-10-11T12:00:06Z,,4271.4,,8,NONE,pending_hold
313524,1847,2025-10-04T11:01:20Z,,1154.88,,4,NONE,pending_hold
313526,1848,2025-10-08T13:44:38Z,,3923.12,,7,NONE,paid
313529,1853,2025-10-05T12:49:33Z,,5178.21,,10,,paid
313530,1853,2025-10-23T07:16:29Z,,1728.17,1728.17,7,NONE,pending_hold
313532,1855,2025-10-22T09:42:44Z,,1605.75,,5,,paid
313537,1860,2025-10-02T10:42:49Z,,1867.15,1867.15,6,WINTER-FLYER,canceled
313538,1860,2025-10-15T12:24:24Z,,3974.04,,6,RAMADAN-BUNDLE,paid
313539,1862,2025-10-16T08:16:16Z,,3833.4,3833.40,9,RAMADAN-BUNDLE,shipped
313545,1866,2025-10-18T17:29:09Z,,1553.11,1553.11,7,,pending_hold
313548,1866,2025-10-03T10:12:19Z,,3524.41,3524.41,7,LUX-R6,paid
313549,1866,2025-10-21T12:01:17Z,,2984.0,2984.00,3,WINTER-FLYER,canceled
313551,1868,2025-10-04T12:11:19Z,,3831.94,,9,RAMADAN-BUNDLE,shipped
313553,1874,2025-10-24T09:44:55Z,,1722.91,,6,LUX-R6,pending_hold
313554,1874,2025-10-21T06:55:25Z,,5502.57,,13,WINTER-FLYER,shipped
313556,1876,2025-10-08T15:33:59Z,,6316.24,,11,RAMADAN-BUNDLE,paid
313558,1880,2025-10-05T15:42:48Z,,1918.15,,5,,paid
313561,1880,2025-10-25T13:28:46Z,,4509.83,4509.83,6,,pending_hold
313569,1891,2025-10-24T12:45:15Z,,2275.76,,7,,canceled
313574,1894,2025-10-01T06:52:32Z,,4831.76,,3,,pending_hold
313576,1895,2025-10-28T08:29:45Z,,2454.17,,5,NONE,shipped
313577,1895,2025-10-22T12:14:47Z,,933.76,933.76,2,WINTER-FLYER,pending_hold
313578,1899,2025-10-09T15:52:29Z,,2394.48,,9,,paid
313580,1899,2025-10-09T09:46:10Z,,2778.79,2778.79,5,NONE,canceled
313582,1900,2025-10-19T13:49:10Z,,3612.59,3612.59,2,,shipped
313583,1900,2025-10-24T14:05:33Z,,5234.15,,6,NONE,paid
313584,1902,2025-10-25T11:45:41Z,,2692.24,,3,RAMADAN-BUNDLE,paid
313588,1906,2025-10-20T07:42:42Z,,2171.83,2171.83,6,,shipped
313596,1914,2025-10-28T06:28:02Z,,2843.33,,7,LUX-R6,paid
313600,1919,2025-10-20T11:46:24Z,,5921.25,5921.25,5,,paid
313601,1920,2025-10-19T07:13:20Z,,5180.87,5180.87,8,RAMADAN-BUNDLE,pending_hold
313606,1926,2025-10-09T06:38:57Z,,1721.6,,7,NONE,canceled
313607,1926,2025-10-12T14:32:32Z,,2374.13,2374.13,6,LUX-R6,paid
313608,1926,2025-10-16T06:08:19Z,,259.64,,2,NONE,shipped
313610,1927,2025-10-27T10:46:23Z,,3145.6,3145.60,10,LUX-R6,paid
313624,1946,2025-10-12T07:12:49Z,,6393.33,,11,RAMADAN-BUNDLE,canceled
313629,1956,2025-10-04T15:59:26Z,,2625.25,2625.25,4,WINTER-FLYER,canceled
313630,1957,2025-10-27T17:09:23Z,,1583.47,1583.47,11,RAMADAN-BUNDLE,pending_hold
313635,1960,2025-10-23T08:52:51Z,,1654.45,1654.45,9,WINTER-FLYER,paid
313643,1972,2025-10-28T10:06:09Z,,3811.66,,8,LUX-R6,paid
313644,1973,2025-10-16T09:31:34Z,,2579.3,2579.30,10,,pending_hold
313645,1973,2025-10-04T08:54:47Z,,2016.63,2016.63,5,,paid
313646,1976,2025-10-16T09:23:51Z,,3001.34,,4,LUX-R6,shipped
313650,1980,2025-10-22T15:02:00Z,,5303.23,5303.23,8,LUX-R6,paid
313652,1981,2025-10-11T13:59:39Z,,1993.58,1993.58,7,NONE,paid
313653,1981,2025-10-11T12:50:23Z,,6169.66,,7,RAMADAN-BUNDLE,pending_hold
313655,1984,2025-10-04T10:34:18Z,,8641.71,,9,NONE,pending_hold
313656,1985,2025-10-15T15:00:43Z,,7068.0,,8,,pending_hold
313661,1991,2025-10-16T11:18:32Z,,3214.35,,8,NONE,paid
313669,2003,2025-10-16T13:47:28Z,,261.56,261.56,2,WINTER-FLYER,paid
313672,2004,2025-10-14T09:15:41Z,,6614.92,6614.92,14,,pending_hold
313673,2004,2025-10-24T08:37:38Z,,1887.82,,6,LUX-R6,shipped
313674,2005,2025-10-24T06:23:10Z,,2978.44,,4,,paid
313679,2007,2025-10-16T08:03:34Z,,1953.61,,8,NONE,paid
313687,2012,2025-10-09T15:36:16Z,,3768.79,3768.79,5,NONE,shipped
313690,2019,2025-10-21T10:34:44Z,,3960.23,,10,RAMADAN-BUNDLE,paid
313693,2023,2025-10-26T10:31:18Z,,6082.31,,8,RAMADAN-BUNDLE,canceled
313694,2023,2025-10-09T13:54:59Z,,3004.4,,10,NONE,paid
313697,2026,2025-10-14T13:25:22Z,,6079.49,6079.49,8,WINTER-FLYER,pending_hold
313700,2028,2025-10-12T09:28:11Z,,8796.13,,12,NONE,pending_hold
313703,2034,2025-10-16T11:08:35Z,,5070.92,5070.92,8,NONE,pending_hold
313706,2037,2025-10-18T10:57:46Z,,691.51,691.51,3,WINTER-FLYER,shipped
313717,2057,2025-10-18T13:30:32Z,,2185.06,2185.06,5,,shipped
313724,2062,2025-10-22T08:48:54Z,,1391.96,,7,,pending_hold
313726,2064,2025-10-28T06:18:00Z,,3642.18,3642.18,8,WINTER-FLYER,shipped
313732,2072,2025-10-23T13:29:32Z,,2008.65,,5,WINTER-FLYER,pending_hold
313733,2072,2025-10-17T06:46:00Z,,3310.24,3310.24,8,,paid
313735,2074,2025-10-03T08:21:40Z,,3209.39,3209.39,5,NONE,paid
313736,2074,2025-10-24T06:04:11Z,,1001.4,1001.40,5,RAMADAN-BUNDLE,paid
313737,2075,2025-10-09T07:02:20Z,,4335.79,,7,NONE,paid
313739,2077,2025-10-21T13:34:00Z,,1504.67,,5,RAMADAN-BUNDLE,pending_hold
313741,2078,2025-10-28T06:18:16Z,,4645.77,4645.77,9,NONE,paid
313742,2079,2025-10-02T08:10:47Z,,4554.3,4554.30,10,,pending_hold
313746,2087,2025-10-01T06:38:10Z,,3317.8,,4,WINTER-FLYER,paid
313749,2089,2025-10-16T08:49:49Z,,2701.31,,8,LUX-R6,pending_hold
313753,2091,2025-10-26T08:55:44Z,,4346.87,,11,RAMADAN-BUNDLE,paid
313756,2093,2025-10-01T10:34:24Z,,4037.6,,10,,paid
313767,2103,2025-10-22T08:36:47Z,,2709.98,2709.98,5,NONE,canceled
313770,2105,2025-10-14T11:00:15Z,,2672.88,,7,WINTER-FLYER,canceled
313780,2117,2025-10-22T16:44:53Z,,4769.24,4769.24,13,NONE,paid
313781,2117,2025-10-25T06:42:42Z,,4179.31,,10,,canceled
313786,2119,2025/10/10 13:59,,3606.36,3606.36,7,WINTER-FLYER,pending_hold
313787,2121,2025-10-21T08:40:27Z,,6333.55,,9,NONE,pending_hold
313791,2123,2025-10-19T06:46:16Z,,3769.54,3769.54,7,RAMADAN-BUNDLE,paid
313795,2126,2025-10-27T08:56:21Z,,1526.56,1526.56,4,LUX-R6,canceled
313799,2130,2025-10-19T11:41:47Z,,7076.24,7076.24,15,LUX-R6,paid
313802,2130,2025-10-18T18:58:23Z,,885.84,,5,WINTER-FLYER,paid
313805,2131,2025-10-27T11:46:01Z,,2808.73,,7,,paid
313808,2132,2025/10/06 08:27,,2884.7,,10,,canceled
313809,2132,2025-10-05T10:38:47Z,,2398.41,2398.41,6,NONE,shipped
313811,2133,2025-10-11T09:51:18Z,,1919.59,1919.59,3,LUX-R6,canceled
313814,2134,2025-10-08T09:26:41Z,,3062.2,,6,WINTER-FLYER,paid
313818,2140,2025/10/15 12:24,,5394.81,,9,NONE,paid
313819,2140,2025-10-06T11:40:09Z,,3284.38,3284.38,7,WINTER-FLYER,paid
313822,2145,2025-10-23T06:51:00Z,,3662.5,3662.50,8,,paid
313823,2149,2025-10-14T08:12:40Z,,959.45,959.45,2,RAMADAN-BUNDLE,paid
313825,2150,2025/10/02 17:43,,1643.86,1643.86,5,,canceled
313831,2157,2025-10-12T07:19:36Z,,2736.36,,7,NONE,canceled
313832,2157,2025-10-16T15:22:47Z,,5652.23,5652.23,6,NONE,paid
313835,2162,2025-10-27T10:13:24Z,,4836.68,,4,RAMADAN-BUNDLE,paid
313837,2164,2025-10-02T08:43:36Z,,2703.61,2703.61,6,LUX-R6,canceled
313848,2175,2025-10-23T10:41:53Z,,536.53,,4,RAMADAN-BUNDLE,shipped
313851,2175,2025-10-09T11:02:16Z,,1858.58,,5,LUX-R6,pending_hold
313852,2178,2025-10-01T09:11:36Z,,3468.05,,7,RAMADAN-BUNDLE,canceled
313857,2183,2025-10-28T06:42:56Z,,4097.41,,10,RAMADAN-BUNDLE,shipped
313858,2183,2025-10-14T07:03:25Z,,5146.15,5146.15,12,WINTER-FLYER,paid
313859,2184,2025-10-07T13:03:56Z,,4780.28,,8,,pending_hold
313863,2186,2025-10-12T09:10:53Z,,6388.64,,14,LUX-R6,paid
313866,2189,2025-10-14T08:56:06Z,,2541.03,,6,,paid
313869,2189,2025-10-19T15:30:41Z,,3502.21,3502.21,8,NONE,canceled
313874,2191,2025-10-10T10:15:45Z,,2328.14,,2,,shipped
313876,2191,2025/10/06 15:50,,1828.28,,6,RAMADAN-BUNDLE,paid
313877,2192,2025-10-09T12:09:33Z,,666.45,,5,NONE,canceled
313881,2196,2025-10-16T11:41:15Z,,5862.93,5862.93,15,LUX-R6,pending_hold
313882,2196,2025-10-07T06:50:39Z,,1945.39,,4,,paid
313885,2196,2025-10-07T07:11:33Z,,2428.89,2428.89,4,NONE,pending_hold
313886,2196,2025-10-10T13:32:28Z,,3130.27,3130.27,8,WINTER-FLYER,canceled
313889,2198,2025-10-06T07:26:17Z,,3166.38,3166.38,12,,pending_hold
313891,2202,2025-10-19T15:20:12Z,,2664.01,,5,WINTER-FLYER,canceled
313895,2207,2025-10-04T13:41:03Z,,2039.72,,7,LUX-R6,canceled
313897,2211,2025-10-04T10:03:32Z,,6220.73,6220.73,15,NONE,canceled
313899,2215,2025-10-25T09:46:02Z,,1579.61,,5,NONE,paid
313902,2218,2025-10-08T08:31:44Z,,4179.36,4179.36,7,WINTER-FLYER,pending_hold
313903,2219,2025-10-14T09:02:15Z,,862.51,,2,NONE,canceled
313904,2219,2025-10-10T06:57:33Z,,3404.86,3404.86,10,,paid
313909,2226,2025-10-16T15:16:59Z,,1043.59,1043.59,4,WINTER-FLYER,paid
313911,2227,2025-10-21T08:35:56Z,,3323.54,,11,LUX-R6,pending_hold
313916,2234,2025-10-24T11:38:13Z,,3028.1,3028.10,6,,pending_hold
313920,2237,2025-10-12T11:43:45Z,,2004.33,2004.33,5,NONE,canceled
313925,2239,2025-10-03T08:30:30Z,,2597.33,,5,RAMADAN-BUNDLE,paid
313928,2241,2025-10-14T08:37:28Z,,2318.76,,3,LUX-R6,pending_hold
313929,2241,2025/10/26 11:26,,4075.86,4075.86,8,,canceled
313930,2242,2025-10-26T06:41:09Z,,1950.0,,5,WINTER-FLYER,canceled
313931,2243,2025-10-23T10:10:10Z,,3615.15,,5,LUX-R6,shipped
313932,2244,2025-10-15T10:29:16Z,,1999.41,1999.41,7,WINTER-FLYER,paid
313934,2247,2025-10-27T09:43:15Z,,7460.64,,10,NONE,canceled
313936,2249,2025-10-10T06:10:09Z,,3591.48,,9,,paid
313937,2249,2025-10-03T12:11:25Z,,11790.81,11790.81,10,RAMADAN-BUNDLE,paid
313939,2250,2025-10-20T11:16:03Z,,3156.05,,8,WINTER-FLYER,canceled
313940,2251,2025-10-23T06:27:15Z,,6783.39,,11,NONE,paid
313947,2256,2025-10-12T11:32:22Z,,2236.23,,3,NONE,canceled
313950,2263,2025-10-23T07:24:50Z,,4839.33,4839.33,6,,pending_hold
313954,2270,2025-10-14T15:51:54Z,,2593.56,,6,LUX-R6,canceled
313955,2270,2025-10-23T13:52:07Z,,3548.0,,8,NONE,shipped
313957,2271,2025-10-20T11:43:12Z,,3980.28,,6,NONE,pending_hold
313960,2272,2025-10-15T09:18:14Z,,2762.77,,7,NONE,pending_hold
313966,2282,2025-10-15T10:24:49Z,,4260.96,4260.96,6,NONE,pending_hold
313975,2288,2025-10-13T12:11:08Z,,3669.02,3669.02,7,LUX-R6,paid
313976,2289,2025-10-12T06:49:02Z,,2581.08,,5,LUX-R6,shipped
313980,2297,2025-10-12T09:49:30Z,,5052.89,5052.89,5,,paid
313990,2305,2025-10-01T06:45:47Z,,1897.52,,8,,canceled
313999,2313,2025-10-05T06:24:10Z,,3246.11,3246.11,4,NONE,pending_hold
314004,2318,2025-10-06T08:43:31Z,,1919.29,,3,WINTER-FLYER,paid
314005,2319,2025-10-09T11:51:32Z,,7915.65,7915.65,15,,shipped
314006,2321,2025-10-18T06:29:16Z,,2477.47,,2,NONE,paid
314008,2324,2025-10-05T12:33:43Z,,2497.49,2497.49,4,,pending_hold
314009,2328,2025-10-13T13:35:15Z,,627.07,,3,LUX-R6,pending_hold
314015,2336,2025-10-19T07:26:49Z,,1327.5,1327.50,5,RAMADAN-BUNDLE,paid
314017,2339,2025-10-16T17:28:14Z,,1270.03,,4,LUX-R6,paid
314018,2339,2025-10-12T06:27:57Z,,2792.74,,6,RAMADAN-BUNDLE,pending_hold
314026,2349,2025-10-25T12:10:21Z,,2845.52,2845.52,5,NONE,paid
314027,2349,2025-10-11T10:10:26Z,,1626.87,1626.87,7,LUX-R6,paid
314032,2353,2025-10-08T08:27:43Z,,932.03,,5,WINTER-FLYER,pending_hold
314034,2356,2025-10-06T10:22:08Z,,4700.16,4700.16,7,NONE,shipped
314035,2356,2025-10-12T10:24:45Z,,6891.65,,12,WINTER-FLYER,pending_hold
314039,2360,2025-10-14T16:33:02Z,,4711.67,4711.67,8,LUX-R6,canceled
314048,2370,2025-10-16T06:10:35Z,,4032.83,4032.83,9,NONE,paid
314053,2378,2025/10/18 08:03,,5130.17,,5,NONE,pending_hold
314057,2383,2025-10-21T06:10:50Z,,7266.18,,9,NONE,canceled
314061,2391,2025-10-23T12:46:09Z,,2373.13,,4,,paid
314062,2391,2025-10-22T11:29:47Z,,7685.56,,11,,pending_hold
314074,2400,2025-10-07T12:23:07Z,,2535.37,,6,WINTER-FLYER,shipped
314084,2405,2025-10-09T11:30:36Z,,6991.61,6991.61,9,WINTER-FLYER,pending_hold
314090,2411,2025-10-26T12:10:06Z,,1869.54,1869.54,6,NONE,canceled
314092,2413,2025-10-15T15:03:34Z,,1773.65,,8,NONE,canceled
314094,2413,2025-10-18T08:44:45Z,,1601.52,1601.52,9,,canceled
314096,2414,2025-10-16T10:51:40Z,,8035.24,8035.24,12,RAMADAN-BUNDLE,paid
314100,2419,2025-10-18T12:46:44Z,,1373.78,,4,WINTER-FLYER,pending_hold
314101,2419,2025-10-15T09:36:15Z,,2653.2,,5,NONE,shipped
314102,2420,2025-10-03T06:57:24Z,,868.12,868.12,3,NONE,pending_hold
314106,2424,2025/10/16 08:57,,3757.86,,9,RAMADAN-BUNDLE,shipped
314112,2430,2025-10-18T13:06:10Z,,1809.64,,4,NONE,paid
314115,2431,2025-10-07T07:00:56Z,,2161.44,,4,RAMADAN-BUNDLE,paid
314118,2433,2025-10-17T08:15:07Z,,2893.3,,7,RAMADAN-BUNDLE,pending_hold
314120,2435,2025-10-28T10:28:25Z,,7070.88,,11,WINTER-FLYER,paid
314122,2440,2025-10-13T12:17:41Z,,5370.5,,10,NONE,paid
314124,2441,2025-10-27T09:02:54Z,,3722.22,,7,,paid
314127,2441,2025-10-18T06:11:35Z,,3535.94,,6,,paid
314130,2443,2025-10-08T07:29:56Z,,7030.71,,14,LUX-R6,paid
314136,2447,2025-10-07T07:04:05Z,,4523.31,4523.31,8,NONE,canceled
314138,2449,2025-10-10T09:41:13Z,,4787.99,4787.99,15,NONE,paid
314140,2451,2025-10-20T07:06:09Z,,1150.9,1150.90,5,NONE,shipped
314141,2451,2025-10-21T11:03:50Z,,2968.79,,3,WINTER-FLYER,pending_hold
314147,2458,2025-10-15T11:24:16Z,,4216.23,4216.23,11,NONE,paid
314150,2461,2025-10-25T13:38:37Z,,1547.5,,6,RAMADAN-BUNDLE,pending_hold
314153,2462,2025-10-22T14:45:47Z,,6187.57,6187.57,15,NONE,paid
314156,2462,2025-10-07T10:52:53Z,,4161.95,,10,NONE,pending_hold
314159,2466,2025-10-17T11:38:47Z,,4626.77,,10,LUX-R6,paid
314170,2479,2025-10-23T10:56:52Z,,3714.68,3714.68,7,WINTER-FLYER,paid
314175,2481,2025-10-23T11:24:58Z,,612.58,,2,,paid
314179,2484,2025-10-08T12:50:12Z,,6949.44,6949.44,11,WINTER-FLYER,pending_hold
314181,2484,2025-10-13T12:21:55Z,,2688.67,,7,LUX-R6,pending_hold
314196,2492,2025-10-20T14:12:29Z,,3715.32,3715.32,10,LUX-R6,paid
314200,2496,2025-10-20T10:07:04Z,,4673.84,4673.84,8,,paid
314211,2507,2025-10-15T11:00:10Z,,2602.57,2602.57,3,NONE,shipped
314213,2512,2025-10-15T12:22:59Z,,2344.35,,6,,paid
314224,2530,2025-10-25T06:04:46Z,,2899.17,,6,NONE,shipped
314229,2541,2025/10/09 10:15,,3849.8,3849.80,5,NONE,paid
314234,2547,2025-10-14T07:23:53Z,,3251.68,3251.68,7,NONE,canceled
314236,2549,2025-10-18T11:09:43Z,,2340.71,2340.71,3,,pending_hold
314239,2553,2025/10/13 14:44,,1668.45,,6,NONE,canceled
314245,2562,2025-10-01T13:01:26Z,,2735.38,,3,RAMADAN-BUNDLE,shipped
314250,2564,2025-10-07T06:47:18Z,,7183.51,,9,NONE,canceled
314251,2564,2025-10-08T14:09:03Z,,2420.27,2420.27,6,LUX-R6,pending_hold
314252,2564,2025-10-05T06:01:25Z,,2746.75,2746.75,6,WINTER-FLYER,pending_hold
314253,2564,2025-10-05T07:33:43Z,,2971.97,,5,NONE,canceled
314255,2568,2025-10-12T11:44:36Z,,7730.24,,13,NONE,shipped
314256,2569,2025-10-18T11:54:05Z,,10217.16,10217.16,15,NONE,paid
314259,2576,2025-10-14T08:47:16Z,,983.55,983.55,5,NONE,shipped
314260,2576,2025-10-09T12:08:02Z,,5459.52,,5,,pending_hold
314265,2578,2025-10-15T11:47:57Z,,8933.78,8933.78,10,WINTER-FLYER,shipped
314269,2584,2025-10-05T13:17:32Z,,7798.92,7798.92,13,WINTER-FLYER,shipped
314271,2588,2025-10-22T12:33:41Z,,3259.09,3259.09,7,LUX-R6,paid
314275,2589,2025-10-27T08:53:51Z,,1098.38,1098.38,4,WINTER-FLYER,paid
314276,2590,2025-10-10T09:07:23Z,,3253.61,,7,RAMADAN-BUNDLE,paid
314278,2593,2025-10-09T12:05:49Z,,3412.11,,8,NONE,canceled
314279,2593,2025-10-05T09:55:20Z,,3484.65,3484.65,7,RAMADAN-BUNDLE,paid
314287,2601,2025-10-26T09:26:00Z,,995.54,995.54,2,NONE,paid
314289,2605,2025/10/01 12:19,,7686.4,,13,LUX-R6,paid
314294,2610,2025-10-01T11:01:42Z,,794.47,,5,,paid
314295,2610,2025/10/25 10:01,,1428.46,,2,LUX-R6,paid
314297,2611,2025-10-26T09:12:29Z,,2407.96,,5,WINTER-FLYER,pending_hold
314301,2616,2025-10-08T09:29:02Z,,1635.42,1635.42,3,LUX-R6,canceled
314304,2618,2025-10-19T06:10:02Z,,7243.16,,14,WINTER-FLYER,paid
314305,2620,2025-10-04T06:22:15Z,,2875.22,2875.22,7,WINTER-FLYER,pending_hold
314307,2621,2025-10-19T06:54:29Z,,4332.37,4332.37,8,RAMADAN-BUNDLE,paid
314308,2623,2025-10-25T14:35:26Z,,6241.0,6241.00,7,WINTER-FLYER,paid
314309,2624,2025-10-27T17:31:40Z,,2682.9,,6,,paid
314312,2628,2025-10-13T09:12:38Z,,1662.57,1662.57,5,NONE,paid
314315,2639,2025-10-14T15:22:05Z,,3213.1,,5,,paid
314317,2643,2025-10-03T12:12:59Z,,4430.05,4430.05,7,RAMADAN-BUNDLE,paid
314320,2648,2025-10-21T14:53:38Z,,6221.57,6221.57,11,LUX-R6,paid
314321,2651,2025-10-07T14:16:37Z,,2004.64,2004.64,5,NONE,paid
314322,2654,2025-10-14T19:46:21Z,,1447.04,,2,RAMADAN-BUNDLE,pending_hold
314327,2659,2025-10-21T06:52:20Z,,4116.04,,4,NONE,paid
314331,2664,2025-10-22T06:10:08Z,,5044.25,,9,NONE,pending_hold
314333,2665,2025-10-13T08:51:58Z,,5898.14,5898.14,8,WINTER-FLYER,shipped
314339,2669,2025-10-14T06:54:45Z,,5244.53,5244.53,8,,paid
314353,2682,2025-10-02T10:36:38Z,,448.19,448.19,4,WINTER-FLYER,canceled
314359,2688,2025-10-01T11:28:09Z,,5459.99,,6,LUX-R6,shipped
314361,2692,2025-10-25T06:19:19Z,,1472.83,,8,LUX-R6,paid
314369,2700,2025-10-28T08:25:08Z,,3942.65,,9,RAMADAN-BUNDLE,paid
314372,2701,2025-10-02T13:46:27Z,,7960.57,,10,RAMADAN-BUNDLE,paid
314376,2705,2025-10-15T14:33:04Z,,4460.56,4460.56,9,WINTER-FLYER,shipped
314377,2705,2025-10-06T13:00:50Z,,2735.89,,4,NONE,paid
314382,2712,2025-10-04T11:22:57Z,,3436.96,,8,,shipped
314387,2727,2025-10-24T08:33:16Z,,5842.4,,10,,shipped
314388,2727,2025-10-08T10:32:16Z,,4433.0,,7,WINTER-FLYER,paid
314389,2729,2025-10-19T10:57:55Z,,7573.65,,13,WINTER-FLYER,canceled
314398,2735,2025-10-01T11:53:15Z,,2773.77,,5,,paid
314406,2744,2025-10-06T07:16:10Z,,1609.38,,2,NONE,paid
314407,2744,2025-10-12T16:02:15Z,,10260.08,,9,,pending_hold
314426,2758,2025-10-14T06:12:59Z,,2417.08,2417.08,4,RAMADAN-BUNDLE,shipped
314427,2758,2025-10-04T08:18:14Z,,2048.1,,6,WINTER-FLYER,pending_hold
314442,2780,2025-10-08T12:41:46Z,,1874.75,1874.75,4,,paid
314444,2784,2025-10-19T09:46:39Z,,3727.16,,5,NONE,paid
314447,2786,2025/10/28 10:29,,908.44,,5,NONE,shipped
314454,2791,2025-10-01T08:54:28Z,,4679.5,4679.50,12,RAMADAN-BUNDLE,pending_hold
314458,2798,2025-10-11T12:12:05Z,,5684.59,5684.59,7,,paid
314460,2803,2025-10-01T10:30:50Z,,2841.19,2841.19,6,RAMADAN-BUNDLE,canceled
314461,2803,2025-10-08T07:42:32Z,,1314.22,1314.22,4,LUX-R6,paid
314467,2805,2025-10-26T06:03:42Z,,3143.14,,9,NONE,paid
314471,2806,2025-10-26T07:36:47Z,,831.1,831.10,4,NONE,pending_hold
314472,2807,2025-10-26T12:51:52Z,,6712.97,6712.97,7,NONE,paid
314473,2807,2025-10-08T10:13:12Z,,3229.05,3229.05,7,NONE,paid
314478,2812,2025-10-25T10:42:57Z,,1564.01,,4,,canceled
314480,2812,2025-10-19T12:49:27Z,,2285.2,,7,,paid
314484,2814,2025-10-24T07:54:17Z,,5754.1,,12,WINTER-FLYER,pending_hold
314494,2818,2025-10-10T13:58:59Z,,3003.35,,5,LUX-R6,paid
314499,2824,2025/10/28 12:27,,4105.78,,6,WINTER-FLYER,paid
314505,1004,2025-11-07T11:17:43Z,,2562.43,,4,LUX-R6,paid
314506,1007,2025-11-21T09:38:05Z,,2301.33,,6,LUX-R6,paid
314509,1013,2025/11/20 11:35,,1595.48,,5,LUX-R6,paid
314510,1014,2025-11-21T10:35:03Z,,817.63,817.63,2,NONE,shipped
314512,1015,2025-11-24T13:15:57Z,,7070.75,,12,RAMADAN-BUNDLE,canceled
314514,1017,2025-11-03T09:45:09Z,,664.23,,2,RAMADAN-BUNDLE,paid
314515,1017,2025-11-28T11:11:16Z,,4349.41,4349.41,12,LUX-R6,paid
314528,1028,2025-11-02T12:02:59Z,,4600.12,4600.12,7,WINTER-FLYER,paid
314529,1028,2025-11-28T06:20:06Z,,1733.13,,8,NONE,paid
314530,1029,2025/11/22 14:40,,6290.09,6290.09,12,NONE,pending_hold
314532,1030,2025-11-09T13:17:08Z,,2762.23,,5,LUX-R6,paid
314535,1035,2025-11-07T09:07:21Z,,3469.25,3469.25,11,NONE,paid
314537,1039,2025-11-03T10:34:53Z,,2256.76,,3,RAMADAN-BUNDLE,paid
314547,1046,2025-11-02T11:47:37Z,,6450.77,,14,NONE,paid
314548,1047,2025-11-28T10:39:35Z,,2201.91,2201.91,3,WINTER-FLYER,paid
314553,1049,2025-11-13T07:56:00Z,,3144.29,,3,NONE,shipped
314557,1052,2025-11-07T13:13:59Z,,2420.28,2420.28,8,,paid
314559,1053,2025-11-02T12:21:05Z,,3121.61,,5,LUX-R6,paid
314560,1053,2025-11-18T08:27:16Z,,3889.26,,6,LUX-R6,paid
314573,1061,2025-11-12T07:18:30Z,,632.68,,2,WINTER-FLYER,canceled
314576,1064,2025-11-26T15:24:15Z,,3452.7,,5,RAMADAN-BUNDLE,paid
314581,1073,2025-11-10T12:31:00Z,,2323.88,,7,NONE,pending_hold
314585,1075,2025-11-09T06:06:59Z,,681.36,681.36,6,,paid
314586,1075,2025-11-23T09:22:22Z,,2434.84,,5,WINTER-FLYER,paid
314587,1078,2025-11-08T11:11:05Z,,2545.16,2545.16,11,,paid
314589,1083,2025-11-15T07:24:35Z,,5161.18,5161.18,9,RAMADAN-BUNDLE,paid
314597,1088,2025-11-07T11:26:49Z,,3349.58,3349.58,4,,paid
314599,1088,2025-11-24T09:44:43Z,,938.15,,2,NONE,canceled
314609,1109,2025-11-23T08:47:36Z,,4693.77,,9,WINTER-FLYER,paid
314618,1116,2025-11-18T13:35:44Z,,6669.43,,6,LUX-R6,paid
314621,1118,2025-11-04T09:18:21Z,,3868.7,3868.70,7,RAMADAN-BUNDLE,paid
314623,1119,2025-11-21T10:21:05Z,,1875.41,,4,NONE,canceled
314624,1119,2025-11-06T13:51:39Z,,2102.72,2102.72,7,RAMADAN-BUNDLE,paid
314627,1122,2025-11-22T09:34:39Z,,3836.76,,9,,pending_hold
314628,1122,2025-11-22T12:51:31Z,,2898.04,,6,WINTER-FLYER,shipped
314630,1124,2025-11-18T06:19:00Z,,9030.73,9030.73,10,NONE,shipped
314634,1128,2025-11-24T11:00:06Z,,3787.52,3787.52,12,,pending_hold
314637,1133,2025-11-21T08:50:06Z,,1020.28,,3,NONE,shipped
314643,1139,2025/11/11 12:55,,510.13,,3,RAMADAN-BUNDLE,paid
314644,1139,2025-11-24T14:05:28Z,,3599.53,,6,,paid
314647,1141,2025-11-23T11:00:46Z,,3009.44,3009.44,9,,canceled
314651,1143,2025-11-05T09:48:48Z,,735.48,735.48,5,NONE,shipped
314652,1143,2025-11-23T15:07:40Z,,4745.45,4745.45,7,RAMADAN-BUNDLE,paid
314656,1148,2025-11-02T14:21:31Z,,2874.41,,6,NONE,paid
314658,1151,2025-11-14T14:09:37Z,,2100.02,,4,NONE,paid
314660,1154,2025-11-17T13:16:49Z,,1321.99,,6,RAMADAN-BUNDLE,canceled
314670,1164,2025-11-16T16:04:14Z,,2804.87,2804.87,5,RAMADAN-BUNDLE,shipped
314676,1168,2025-11-08T15:49:17Z,,3456.21,,7,,canceled
314680,1173,2025-11-15T06:56:56Z,,2748.08,2748.08,5,RAMADAN-BUNDLE,pending_hold
314685,1182,2025-11-17T12:26:32Z,,9170.09,9170.09,12,WINTER-FLYER,shipped
314686,1182,2025-11-11T13:22:50Z,,1455.22,,8,NONE,canceled
314689,1183,2025-11-19T06:54:37Z,,4534.14,4534.14,12,LUX-R6,shipped
314690,1183,2025-11-06T09:40:16Z,,1569.5,,3,,paid
314691,1183,2025-11-24T13:35:22Z,,11634.17,,14,WINTER-FLYER,pending_hold
314702,1192,2025-11-06T08:54:07Z,,497.89,,2,LUX-R6,pending_hold
314703,1192,2025-11-25T10:07:08Z,,4837.4,,12,NONE,canceled
314704,1193,2025-11-14T11:34:37Z,,1935.94,,4,RAMADAN-BUNDLE,pending_hold
314706,1194,2025-11-12T09:12:53Z,,4670.96,4670.96,7,,shipped
314707,1195,2025-11-15T07:13:19Z,,2025.8,,6,NONE,paid
314711,1197,2025-11-18T15:16:41Z,,1149.44,1149.44,5,RAMADAN-BUNDLE,pending_hold
314712,1197,2025-11-16T12:39:02Z,,1928.57,,5,,paid
314716,1199,2025-11-24T10:08:44Z,,3995.9,,3,WINTER-FLYER,paid
314717,1199,2025-11-01T08:34:41Z,,4366.96,,9,RAMADAN-BUNDLE,paid
314720,1199,2025-11-02T06:05:08Z,,575.22,575.22,3,NONE,paid
314725,1201,2025-11-09T07:22:24Z,,3653.27,3653.27,6,WINTER-FLYER,paid
314729,1208,2025-11-17T09:53:01Z,,4825.56,,3,NONE,paid
314732,1213,2025-11-24T11:49:30Z,,3910.07,,9,LUX-R6,shipped
314740,1223,2025-11-21T11:54:26Z,,3523.54,3523.54,7,LUX-R6,paid
314754,1230,2025-11-11T07:50:45Z,,1385.31,1385.31,5,LUX-R6,canceled
314757,1234,2025/11/08 11:07,,3752.68,,6,LUX-R6,shipped
314765,1244,2025-11-01T06:25:14Z,,2057.09,2057.09,5,LUX-R6,paid
314771,1245,2025-11-10T07:11:50Z,,6222.66,,11,LUX-R6,canceled
314773,1247,2025-11-07T07:53:38Z,,2910.95,2910.95,7,LUX-R6,pending_hold
314775,1250,2025-11-07T14:01:53Z,,4907.73,4907.73,9,NONE,pending_hold
314776,1250,2025-11-23T06:14:50Z,,1044.34,1044.34,4,WINTER-FLYER,shipped
314778,1252,2025-11-20T09:06:13Z,,2326.58,,6,LUX-R6,pending_hold
314779,1254,2025-11-09T06:00:55Z,,5416.33,,13,NONE,paid
314781,1258,2025-11-12T09:30:11Z,,5668.69,5668.69,12,WINTER-FLYER,pending_hold
314782,1258,2025-11-03T10:52:11Z,,887.33,887.33,3,RAMADAN-BUNDLE,pending_hold
314792,1265,2025-11-04T12:12:52Z,,3108.01,3108.01,6,NONE,shipped
314802,1276,2025/11/10 10:34,,2520.92,2520.92,7,RAMADAN-BUNDLE,paid
314805,1279,2025-11-17T11:25:56Z,,2922.03,,7,RAMADAN-BUNDLE,paid
314807,1282,2025-11-22T16:12:57Z,,2208.32,,7,,paid
314809,1287,2025-11-20T10:11:09Z,,2732.47,,6,WINTER-FLYER,pending_hold
314812,1296,2025-11-15T12:46:43Z,,7512.02,,10,,canceled
314813,1296,2025-11-15T14:15:58Z,,4593.0,,7,LUX-R6,paid
314815,1296,2025-11-01T10:12:23Z,,2026.0,,5,NONE,paid
314819,1298,2025-11-25T08:27:03Z,,5303.78,,11,,paid
314831,1308,2025-11-05T11:19:23Z,,3339.52,,9,NONE,paid
314833,1309,2025-11-24T06:59:14Z,,5054.07,,7,WINTER-FLYER,paid
314834,1310,2025-11-05T08:59:30Z,,1450.74,,2,WINTER-FLYER,paid
314835,1310,2025-11-10T11:06:22Z,,2338.59,,5,WINTER-FLYER,shipped
314837,1311,2025-11-05T11:14:04Z,,4150.59,,8,NONE,shipped
314838,1312,2025-11-12T12:27:19Z,,2308.52,,8,RAMADAN-BUNDLE,paid
314840,1313,2025/11/18 12:14,,2419.3,2419.30,5,WINTER-FLYER,paid
314841,1313,2025-11-20T07:48:52Z,,1186.93,,2,RAMADAN-BUNDLE,paid
314848,1316,2025-11-13T10:31:07Z,,933.34,,5,LUX-R6,shipped
314859,1324,2025-11-25T09:18:08Z,,5909.99,,4,,shipped
314860,1324,2025-11-12T10:27:17Z,,2171.17,2171.17,9,,canceled
314861,1324,2025-11-23T07:30:10Z,,3127.79,,5,WINTER-FLYER,paid
314870,1332,2025-11-13T13:33:02Z,,2153.72,,7,LUX-R6,canceled
314872,1334,2025-11-28T16:41:17Z,,2605.48,,5,NONE,canceled
314877,1340,2025-11-27T06:38:13Z,,375.99,,2,RAMADAN-BUNDLE,pending_hold
314879,1343,2025-11-10T14:35:11Z,,3978.88,3978.88,6,RAMADAN-BUNDLE,paid
314895,1350,2025-11-20T10:15:06Z,,667.7,,3,NONE,shipped
314898,1355,2025/11/15 14:42,,1676.18,,6,WINTER-FLYER,pending_hold
314900,1356,2025-11-03T13:08:09Z,,3359.43,3359.43,6,WINTER-FLYER,pending_hold
314905,1361,2025-11-18T11:00:07Z,,2866.22,,6,,paid
314907,1362,2025-11-21T14:11:01Z,,5689.38,5689.38,10,NONE,pending_hold
314909,1367,2025-11-10T06:55:43Z,,1203.37,1203.37,2,NONE,paid
314912,1368,2025-11-04T09:54:03Z,,1506.08,1506.08,3,NONE,paid
314913,1372,2025-11-07T10:41:22Z,,4430.23,4430.23,8,RAMADAN-BUNDLE,paid
314918,1376,2025-11-08T10:43:12Z,,1974.18,1974.18,4,LUX-R6,paid
314921,1380,2025-11-21T09:16:27Z,,2511.31,2511.31,5,RAMADAN-BUNDLE,paid
314922,1381,2025-11-23T11:37:37Z,,2878.59,,6,,shipped
314924,1383,2025-11-12T13:01:32Z,,582.34,582.34,2,WINTER-FLYER,paid
314925,1384,2025-11-10T07:25:34Z,,2143.35,,6,WINTER-FLYER,paid
314926,1384,2025-11-02T12:45:11Z,,1011.44,,2,NONE,pending_hold
314935,1394,2025-11-24T09:52:09Z,,4423.63,4423.63,10,NONE,pending_hold
314936,1394,2025-11-01T13:34:20Z,,1239.18,,4,WINTER-FLYER,paid
314937,1394,2025-11-19T09:21:12Z,,3921.22,3921.22,6,NONE,paid
314939,1397,2025-11-10T06:06:13Z,,2269.31,,5,,canceled
314941,1399,2025-11-27T08:22:14Z,,6514.65,6514.65,10,,paid
314943,1401,2025-11-17T10:27:33Z,,4552.89,4552.89,8,LUX-R6,pending_hold
314946,1402,2025-11-26T10:15:18Z,,3528.94,,4,NONE,paid
314958,1417,2025-11-04T14:59:22Z,,5419.51,5419.51,7,,paid
314959,1418,2025-11-15T10:57:29Z,,6637.46,6637.46,9,NONE,pending_hold
314963,1422,2025-11-02T13:21:05Z,,2144.83,,6,,shipped
314966,1422,2025-11-07T10:51:09Z,,2470.1,,2,NONE,paid
314970,1426,2025-11-01T06:14:07Z,,1342.72,,4,NONE,paid
314973,1428,2025-11-16T12:42:57Z,,699.9,,5,,paid
314974,1432,2025-11-19T12:26:55Z,,703.61,,6,WINTER-FLYER,pending_hold
314980,1437,2025/11/28 08:21,,9499.49,,10,NONE,paid
314981,1438,2025-11-15T08:13:18Z,,3011.02,,11,LUX-R6,shipped
314985,1440,2025-11-01T13:06:33Z,,2166.17,,10,,shipped
314990,1449,2025-11-10T06:37:16Z,,2088.25,2088.25,5,RAMADAN-BUNDLE,paid
314994,1452,2025-11-07T08:51:02Z,,2560.81,,6,,paid
314997,1455,2025-11-21T08:08:09Z,,2742.42,2742.42,8,NONE,paid
315000,1459,2025/11/05 08:52,,2625.26,,5,WINTER-FLYER,paid
315003,1459,2025-11-24T15:33:51Z,,3950.83,3950.83,7,LUX-R6,pending_hold
315005,1463,2025-11-09T09:29:59Z,,4671.75,4671.75,9,NONE,canceled
315006,1464,2025-11-21T06:58:26Z,,1487.89,,4,NONE,pending_hold
315007,1466,2025/11/16 12:21,,2880.07,2880.07,6,RAMADAN-BUNDLE,canceled
315008,1466,2025-11-10T09:53:50Z,,1146.78,1146.78,4,WINTER-FLYER,paid
315009,1466,2025-11-06T13:38:58Z,,4901.92,,5,NONE,shipped
315011,1470,2025-11-02T13:16:41Z,,3509.33,3509.33,5,,pending_hold
315012,1471,2025-11-25T13:32:04Z,,12180.84,,15,NONE,canceled
315013,1472,2025-11-07T12:00:19Z,,2713.76,2713.76,2,NONE,paid
315016,1474,2025-11-12T12:30:03Z,,3746.68,,11,WINTER-FLYER,paid
315017,1475,2025-11-24T11:33:44Z,,2907.37,,2,,paid
315020,1476,2025-11-18T17:11:41Z,,5932.19,5932.19,10,NONE,paid
315026,1483,2025-11-28T07:56:33Z,,11517.87,11517.87,15,WINTER-FLYER,paid
315027,1484,2025-11-09T12:11:49Z,,6854.41,,11,NONE,shipped
315032,1493,2025-11-15T11:14:25Z,,4662.44,4662.44,6,NONE,shipped
315038,1498,2025-11-24T07:53:34Z,,2028.28,,5,NONE,shipped
315039,1499,2025-11-14T11:10:13Z,,4705.37,4705.37,4,LUX-R6,paid
315040,1499,2025-11-17T08:30:43Z,,1951.87,,10,,pending_hold
315041,1500,2025-11-05T11:52:29Z,,8311.64,8311.64,9,LUX-R6,paid
315044,1504,2025-11-13T09:39:08Z,,2698.09,,5,LUX-R6,canceled
315051,1509,2025-11-26T12:26:36Z,,4964.13,4964.13,8,LUX-R6,paid
315054,1510,2025-11-16T13:28:55Z,,2791.79,2791.79,4,,paid
315055,1513,2025-11-19T09:42:09Z,,3186.28,,7,WINTER-FLYER,paid
315057,1514,2025-11-03T07:31:06Z,,3637.27,3637.27,8,RAMADAN-BUNDLE,paid
315058,1515,2025-11-21T14:54:40Z,,1031.35,,2,WINTER-FLYER,paid
315064,1519,2025-11-20T10:42:16Z,,9659.85,,12,NONE,pending_hold
315066,1520,2025-11-14T09:09:19Z,,4400.68,,7,WINTER-FLYER,paid
315068,1520,2025-11-24T12:25:48Z,,2194.47,,3,NONE,paid
315071,1523,2025-11-14T12:19:15Z,,3503.08,3503.08,9,LUX-R6,shipped
315075,1524,2025-11-04T18:20:21Z,,2744.7,,6,LUX-R6,pending_hold
315078,1531,2025-11-09T10:47:03Z,,1843.43,1843.43,7,WINTER-FLYER,paid
315082,1539,2025-11-01T12:37:42Z,,4850.47,,6,RAMADAN-BUNDLE,paid
315084,1540,2025-11-06T12:07:43Z,,2093.45,,2,NONE,canceled
315098,1551,2025-11-05T13:38:31Z,,5438.9,,3,NONE,pending_hold
315100,1552,2025-11-10T13:05:48Z,,6483.2,6483.20,9,LUX-R6,paid
315103,1554,2025-11-07T06:23:10Z,,2691.58,,3,NONE,paid
315107,1564,2025-11-01T11:30:44Z,,2174.82,,7,NONE,paid
315108,1564,2025/11/10 13:49,,1737.36,,8,,canceled
315110,1566,2025-11-15T10:42:54Z,,2839.07,2839.07,4,,paid
315113,1569,2025-11-28T11:54:03Z,,4043.6,4043.60,7,WINTER-FLYER,paid
315114,1569,2025-11-19T08:52:43Z,,4300.61,,11,NONE,pending_hold
315115,1569,2025/11/24 09:28,,3252.84,3252.84,10,NONE,pending_hold
315117,1570,2025-11-28T10:08:09Z,,2002.49,,7,RAMADAN-BUNDLE,shipped
315120,1573,2025-11-01T10:00:59Z,,4705.19,,9,WINTER-FLYER,paid
315122,1573,2025-11-26T08:41:39Z,,4992.65,4992.65,5,LUX-R6,paid
315123,1574,2025-11-20T12:41:39Z,,1440.89,,4,LUX-R6,paid
315125,1578,2025-11-09T11:37:31Z,,2226.21,,8,WINTER-FLYER,canceled
315126,1578,2025-11-16T09:47:59Z,,2033.25,,5,LUX-R6,shipped
315127,1580,2025-11-03T10:45:58Z,,3310.91,,8,NONE,paid
315130,1585,2025-11-01T12:30:27Z,,4027.43,,9,WINTER-FLYER,canceled
315131,1586,2025-11-01T11:54:21Z,,2059.72,2059.72,4,RAMADAN-BUNDLE,paid
315134,1589,2025-11-24T10:33:13Z,,5208.44,,8,RAMADAN-BUNDLE,pending_hold
315142,1595,2025-11-11T07:50:42Z,,5882.32,,7,NONE,shipped
315144,1597,2025-11-07T11:18:49Z,,1528.89,,3,WINTER-FLYER,shipped
315148,1600,2025-11-09T12:27:41Z,,824.9,824.90,3,NONE,pending_hold
315151,1604,2025/11/25 10:36,,5486.33,5486.33,7,NONE,paid
315152,1605,2025-11-07T11:04:34Z,,2463.34,,7,WINTER-FLYER,pending_hold
315154,1605,2025-11-23T06:04:19Z,,1566.26,1566.26,6,,shipped
315157,1606,2025-11-02T13:16:40Z,,4227.25,4227.25,9,NONE,paid
315158,1606,2025-11-13T11:38:52Z,,4618.08,,10,NONE,paid
315161,1613,2025-11-12T08:39:25Z,,4014.9,,7,NONE,paid
315162,1614,2025-11-03T09:31:02Z,,2718.38,,6,,shipped
315164,1618,2025-11-07T11:51:41Z,,1433.18,,3,RAMADAN-BUNDLE,paid
315165,1618,2025-11-21T12:05:17Z,,40.99,,3,NONE,paid
315166,1618,2025-11-10T13:14:44Z,,612.6,,2,WINTER-FLYER,canceled
315171,1622,2025-11-24T06:57:18Z,,749.55,749.55,4,,shipped
315172,1622,2025-11-04T10:15:39Z,,11011.23,,15,NONE,pending_hold
315173,1624,2025-11-13T13:51:04Z,,1982.16,1982.16,8,RAMADAN-BUNDLE,paid
315177,1633,2025/11/22 15:50,,2309.62,2309.62,7,LUX-R6,pending_hold
315183,1641,2025-11-24T07:33:52Z,,1353.33,,2,NONE,paid
315188,1648,2025-11-05T11:34:36Z,,1130.18,1130.18,6,NONE,paid
315190,1649,2025-11-12T10:46:05Z,,4001.94,,7,RAMADAN-BUNDLE,shipped
315191,1649,2025-11-19T11:15:11Z,,1595.82,,4,NONE,paid
315193,1652,2025-11-21T12:31:17Z,,2968.71,,6,NONE,shipped
315194,1653,2025-11-01T06:36:37Z,,2990.88,,8,NONE,canceled
315195,1654,2025-11-05T09:37:46Z,,2755.18,,3,WINTER-FLYER,paid
315199,1659,2025-11-07T06:30:00Z,,2082.96,,6,WINTER-FLYER,canceled
315201,1661,2025-11-28T11:26:50Z,,2028.87,2028.87,5,LUX-R6,pending_hold
315203,1662,2025-11-01T08:01:10Z,,2178.56,2178.56,5,LUX-R6,canceled
315204,1662,2025-11-25T09:21:04Z,,3941.67,,8,NONE,shipped
315206,1666,2025-11-27T10:04:10Z,,1630.31,1630.31,2,RAMADAN-BUNDLE,shipped
315207,1667,2025-11-09T06:33:05Z,,1543.85,1543.85,6,RAMADAN-BUNDLE,paid
315211,1668,2025-11-01T09:56:33Z,,4560.37,,4,NONE,pending_hold
315216,1677,2025-11-08T12:31:25Z,,1451.69,1451.69,4,,paid
315218,1682,2025-11-23T09:47:43Z,,4112.0,4112.00,7,RAMADAN-BUNDLE,paid
315219,1684,2025-11-25T12:03:56Z,,3842.51,3842.51,3,RAMADAN-BUNDLE,pending_hold
315223,1687,2025-11-18T08:22:45Z,,3888.0,,7,,shipped
315225,1691,2025-11-23T11:52:57Z,,4108.6,,8,NONE,canceled
315228,1697,2025-11-15T09:49:09Z,,2537.24,,9,LUX-R6,paid
315229,1697,2025-11-16T13:25:55Z,,4494.28,4494.28,7,RAMADAN-BUNDLE,paid
315233,1701,2025-11-27T12:59:08Z,,1275.01,,3,NONE,shipped
315235,1701,2025-11-09T09:22:47Z,,5533.17,5533.17,6,RAMADAN-BUNDLE,pending_hold
315248,1718,2025-11-12T09:48:06Z,,4686.81,4686.81,6,NONE,shipped
315249,1718,2025-11-28T10:01:31Z,,7170.0,,7,NONE,paid
315252,1718,2025-11-13T11:37:48Z,,6945.87,,9,,shipped
315254,1721,2025-11-22T10:58:40Z,,4227.8,,7,RAMADAN-BUNDLE,paid
315256,1723,2025-11-19T07:27:27Z,,4440.37,4440.37,8,WINTER-FLYER,shipped
315257,1728,2025/11/09 12:13,,2793.48,,7,LUX-R6,shipped
315261,1729,2025-11-21T09:29:03Z,,4878.1,,8,RAMADAN-BUNDLE,shipped
315265,1738,2025-11-12T14:07:03Z,,4337.27,4337.27,4,NONE,pending_hold
315268,1740,2025-11-10T09:11:00Z,,5151.11,,8,RAMADAN-BUNDLE,paid
315274,1749,2025-11-14T10:37:35Z,,3352.2,,6,NONE,paid
315276,1750,2025-11-06T06:42:34Z,,4443.58,4443.58,7,RAMADAN-BUNDLE,canceled
315281,1761,2025-11-16T12:20:56Z,,2224.13,2224.13,3,RAMADAN-BUNDLE,paid
315285,1765,2025/11/23 12:16,,2479.2,2479.20,6,NONE,shipped
315289,1767,2025-11-25T07:01:19Z,,4419.28,4419.28,7,RAMADAN-BUNDLE,shipped
315290,1768,2025-11-19T08:43:27Z,,7665.9,,12,LUX-R6,pending_hold
315293,1772,2025-11-06T08:42:03Z,,4551.39,4551.39,5,WINTER-FLYER,canceled
315297,1775,2025-11-18T11:00:08Z,,1055.69,1055.69,3,NONE,pending_hold
315298,1778,2025-11-07T09:51:24Z,,7717.63,,9,NONE,paid
315299,1780,2025-11-02T06:53:45Z,,10482.86,,15,,paid
315305,1784,2025-11-01T09:03:03Z,,3521.7,,5,LUX-R6,shipped
315308,1787,2025-11-24T08:10:40Z,,1327.26,,3,RAMADAN-BUNDLE,shipped
315309,1789,2025-11-20T13:25:06Z,,3598.9,3598.90,7,LUX-R6,canceled
315310,1791,2025-11-20T11:12:57Z,,4274.44,,10,LUX-R6,paid
315311,1791,2025-11-21T11:30:37Z,,5905.75,5905.75,10,NONE,canceled
315312,1791,2025-11-20T07:31:16Z,,5118.02,5118.02,6,WINTER-FLYER,paid
315315,1791,2025-11-01T07:40:07Z,,1825.56,,4,,pending_hold
315321,1797,2025-11-19T11:38:12Z,,1585.88,,3,LUX-R6,paid
315324,1799,2025-11-23T13:57:05Z,,1115.28,1115.28,4,,paid
315329,1808,2025-11-06T09:27:37Z,,7592.0,,10,RAMADAN-BUNDLE,shipped
315333,1812,2025-11-25T10:19:41Z,,1399.2,1399.20,2,NONE,pending_hold
315334,1815,2025-11-10T12:34:35Z,,7612.9,7612.90,14,LUX-R6,paid
315336,1817,2025-11-16T13:19:52Z,,9645.92,,9,NONE,pending_hold
315337,1822,2025-11-22T15:54:24Z,,2075.14,,10,WINTER-FLYER,paid
315355,1843,2025-11-06T06:26:22Z,,4902.63,,5,WINTER-FLYER,paid
315359,1847,2025-11-27T13:25:54Z,,7545.11,7545.11,8,LUX-R6,pending_hold
315361,1848,2025/11/16 13:57,,4466.94,,7,LUX-R6,shipped
315364,1853,2025-11-03T13:44:01Z,,4487.28,,4,LUX-R6,paid
315368,1855,2025-11-11T13:18:57Z,,5421.89,,9,NONE,paid
315374,1860,2025-11-25T09:47:44Z,,1332.63,1332.63,2,RAMADAN-BUNDLE,shipped
315375,1861,2025-11-25T13:54:57Z,,3031.11,3031.11,3,WINTER-FLYER,pending_hold
315382,1865,2025-11-25T06:38:49Z,,2788.57,,3,NONE,paid
315384,1866,2025/11/01 11:06,,2253.59,2253.59,7,WINTER-FLYER,paid
315395,1881,2025-11-17T10:38:18Z,,6873.07,,10,WINTER-FLYER,paid
315400,1882,2025-11-04T18:12:30Z,,2587.37,2587.37,6,RAMADAN-BUNDLE,canceled
315407,1890,2025-11-27T08:16:21Z,,4153.37,,9,WINTER-FLYER,shipped
315410,1893,2025-11-24T10:21:20Z,,1626.62,1626.62,5,NONE,paid
315411,1895,2025-11-18T06:47:30Z,,3091.99,,4,RAMADAN-BUNDLE,shipped
315416,1904,2025-11-01T09:33:50Z,,3989.67,3989.67,9,,paid
315421,1908,2025-11-14T07:16:44Z,,2635.6,,6,LUX-R6,canceled
315423,1910,2025-11-15T17:34:16Z,,7623.49,7623.49,10,,paid
315426,1912,2025-11-07T06:58:44Z,,4918.74,,9,NONE,pending_hold
315429,1920,2025-11-19T09:17:54Z,,2389.23,,9,WINTER-FLYER,pending_hold
315433,1923,2025/11/26 14:19,,6568.66,6568.66,5,NONE,shipped
315436,1925,2025-11-14T14:21:44Z,,2504.57,,5,LUX-R6,paid
315438,1926,2025-11-17T14:47:46Z,,2069.68,,6,NONE,canceled
315445,1928,2025-11-25T13:41:34Z,,3556.51,3556.51,10,WINTER-FLYER,paid
315456,1937,2025-11-28T06:20:10Z,,304.39,,2,WINTER-FLYER,shipped
315458,1937,2025/11/23 14:07,,806.55,806.55,2,,paid
315462,1942,2025/11/18 18:59,,5590.66,5590.66,6,NONE,paid
315465,1944,2025-11-26T12:46:30Z,,1942.9,,3,,paid
315468,1946,2025-11-19T10:22:50Z,,5094.82,5094.82,6,,canceled
315472,1950,2025-11-20T13:10:37Z,,2385.93,2385.93,8,WINTER-FLYER,paid
315474,1953,2025-11-19T11:21:18Z,,1061.1,1061.10,3,NONE,paid
315476,1954,2025-11-27T11:53:40Z,,8425.21,,13,RAMADAN-BUNDLE,canceled
315477,1954,2025-11-28T07:08:57Z,,3584.34,3584.34,9,NONE,pending_hold
315484,1960,2025/11/17 16:46,,5592.44,5592.44,15,NONE,pending_hold
315487,1961,2025-11-04T06:06:27Z,,3823.63,,5,NONE,paid
315488,1968,2025-11-24T11:41:50Z,,6481.17,,9,NONE,paid
315489,1969,2025-11-14T06:07:37Z,,1563.37,,4,,canceled
315494,1978,2025-11-09T08:17:23Z,,7230.52,,11,NONE,paid
315495,1978,2025-11-21T11:50:38Z,,8675.19,,11,LUX-R6,paid
315499,1981,2025-11-07T06:55:54Z,,4473.11,,7,LUX-R6,canceled
315501,1982,2025/11/13 13:49,,6886.43,6886.43,13,LUX-R6,pending_hold
315509,1990,2025-11-07T09:07:20Z,,1891.8,,9,RAMADAN-BUNDLE,paid
315514,1993,2025-11-11T14:50:21Z,,5870.28,,7,RAMADAN-BUNDLE,paid
315515,1993,2025-11-18T10:37:53Z,,4154.5,,8,WINTER-FLYER,canceled
315516,1993,2025-11-20T10:15:32Z,,3470.66,,6,,canceled
315517,1994,2025-11-24T12:24:18Z,,2009.31,,3,LUX-R6,paid
315522,1996,2025-11-07T09:10:41Z,,3184.21,3184.21,5,RAMADAN-BUNDLE,paid
315524,1998,2025-11-22T13:50:09Z,,5552.75,5552.75,5,NONE,shipped
315525,2000,2025-11-01T09:15:02Z,,2531.63,2531.63,6,LUX-R6,shipped
315530,2009,2025-11-13T10:03:05Z,,819.43,,5,RAMADAN-BUNDLE,paid
315537,2025,2025-11-17T13:59:35Z,,2699.54,2699.54,6,LUX-R6,shipped
315538,2026,2025-11-18T11:02:23Z,,4234.0,4234.00,6,NONE,paid
315544,2040,2025-11-27T08:32:47Z,,1392.79,,5,,paid
315546,2041,2025-11-08T11:32:10Z,,3865.13,,5,WINTER-FLYER,canceled
315547,2042,2025-11-20T09:28:45Z,,4352.01,,6,NONE,canceled
315548,2044,2025-11-21T14:45:40Z,,263.89,,2,NONE,canceled
315549,2045,2025-11-06T12:09:51Z,,2016.45,2016.45,4,RAMADAN-BUNDLE,paid
315550,2045,2025-11-10T12:08:48Z,,884.56,,5,LUX-R6,paid
315554,2049,2025-11-05T06:11:15Z,,1205.87,,2,RAMADAN-BUNDLE,shipped
315562,2058,2025-11-21T10:46:15Z,,3782.19,3782.19,3,NONE,paid
315565,2060,2025-11-17T14:12:31Z,,1825.99,,3,NONE,shipped
315567,2063,2025-11-27T11:58:40Z,,2618.56,2618.56,9,,pending_hold
315568,2065,2025-11-16T10:59:03Z,,1479.79,,4,,shipped
315569,2065,2025/11/17 13:32,,6959.62,,12,NONE,paid
315572,2072,2025-11-21T09:36:18Z,,1841.78,,8,LUX-R6,paid
315581,2080,2025-11-20T14:41:49Z,,1117.32,1117.32,5,,paid
315584,2085,2025-11-23T17:19:29Z,,5899.06,,8,LUX-R6,paid
315586,2087,2025-11-28T12:18:01Z,,689.76,,3,,paid
315587,2087,2025/11/21 14:32,,1385.01,,4,LUX-R6,shipped
315592,2089,2025-11-09T12:08:05Z,,3486.47,,2,LUX-R6,pending_hold
315594,2091,2025-11-10T08:34:25Z,,6246.81,,9,NONE,canceled
315595,2091,2025-11-17T11:33:10Z,,8614.21,,11,RAMADAN-BUNDLE,canceled
315597,2091,2025-11-14T08:32:09Z,,3976.48,3976.48,6,,pending_hold
315600,2098,2025-11-20T06:37:11Z,,10280.07,10280.07,15,LUX-R6,shipped
315605,2102,2025-11-04T11:17:12Z,,3244.5,3244.50,9,NONE,paid
315606,2102,2025-11-09T11:23:40Z,,1775.51,,4,LUX-R6,paid
315609,2104,2025-11-05T06:45:46Z,,1827.02,1827.02,3,RAMADAN-BUNDLE,paid
315610,2106,2025-11-25T13:54:51Z,,5903.32,,10,RAMADAN-BUNDLE,paid
315614,2109,2025-11-24T06:48:28Z,,4483.99,4483.99,4,,paid
315620,2117,2025-11-10T09:13:51Z,,6331.56,,13,RAMADAN-BUNDLE,shipped
315622,2117,2025-11-09T12:53:28Z,,2178.45,,6,,paid
315625,2119,2025-11-05T06:32:30Z,,3582.8,,2,,paid
315626,2119,2025-11-24T10:55:10Z,,3538.25,,6,RAMADAN-BUNDLE,paid
315634,2124,2025-11-04T06:34:04Z,,2551.67,2551.67,7,NONE,canceled
315638,2127,2025-11-06T12:12:58Z,,1674.47,,6,WINTER-FLYER,paid
315644,2134,2025-11-20T11:18:55Z,,4389.22,4389.22,6,NONE,paid
315645,2134,2025-11-12T13:45:38Z,,4160.22,4160.22,6,,paid
315651,2142,2025-11-09T08:27:26Z,,2970.57,,7,NONE,paid
315652,2145,2025-11-12T13:48:56Z,,5889.98,,8,WINTER-FLYER,paid
315654,2145,2025-11-07T13:11:10Z,,2537.11,2537.11,7,WINTER-FLYER,shipped
315658,2151,2025-11-22T10:54:54Z,,3806.43,3806.43,3,NONE,paid
315667,2158,2025-11-16T07:32:12Z,,3736.42,3736.42,4,NONE,paid
315672,2165,2025-11-04T07:36:44Z,,3339.44,,6,NONE,pending_hold
315673,2165,2025/11/02 13:20,,8462.62,8462.62,13,,paid
315674,2166,2025/11/02 10:43,,11485.88,11485.88,12,WINTER-FLYER,canceled
315675,2166,2025-11-27T10:36:51Z,,6982.76,6982.76,12,NONE,shipped
315678,2168,2025-11-25T09:07:36Z,,4771.01,,7,LUX-R6,shipped
315680,2172,2025-11-01T08:20:48Z,,8232.77,8232.77,13,NONE,canceled
315685,2174,2025-11-11T14:54:32Z,,6020.25,,8,LUX-R6,paid
315687,2175,2025-11-10T12:09:05Z,,11051.54,11051.54,15,NONE,canceled
315695,2182,2025-11-23T18:38:52Z,,7968.97,,6,WINTER-FLYER,pending_hold
315711,2197,2025-11-08T08:36:43Z,,2156.85,,4,RAMADAN-BUNDLE,paid
315713,2199,2025-11-20T06:42:50Z,,614.34,,2,,paid
315720,2206,2025-11-02T11:21:10Z,,2270.39,,8,NONE,paid
315724,2207,2025-11-10T12:19:41Z,,2910.65,,3,NONE,paid
315735,2219,2025-11-16T11:06:28Z,,1848.27,1848.27,4,LUX-R6,canceled
315737,2221,2025-11-25T18:08:10Z,,1470.24,1470.24,4,,paid
315742,2226,2025-11-15T09:34:35Z,,3697.31,3697.31,8,WINTER-FLYER,canceled
315744,2228,2025-11-25T11:04:40Z,,4201.03,,13,NONE,paid
315747,2232,2025-11-09T08:56:14Z,,2747.37,,6,NONE,shipped
315752,2234,2025-11-17T07:13:18Z,,1857.26,1857.26,2,WINTER-FLYER,pending_hold
315754,2235,2025-11-06T10:26:42Z,,4915.37,,7,RAMADAN-BUNDLE,shipped
315755,2235,2025-11-01T16:03:14Z,,3526.18,,6,WINTER-FLYER,shipped
315765,2244,2025-11-06T13:31:41Z,,3205.15,,4,NONE,canceled
315767,2244,2025-11-26T10:04:02Z,,5767.2,,7,RAMADAN-BUNDLE,paid
315770,2247,2025-11-06T13:44:18Z,,6652.8,,8,NONE,shipped
315772,2249,2025-11-08T09:13:11Z,,5881.99,5881.99,6,RAMADAN-BUNDLE,shipped
315780,2253,2025-11-15T06:47:20Z,,2247.82,,4,WINTER-FLYER,paid
315782,2255,2025-11-05T12:09:35Z,,2563.73,2563.73,9,LUX-R6,canceled
315783,2255,2025-11-12T09:42:14Z,,3493.54,,4,RAMADAN-BUNDLE,paid
315785,2258,2025-11-28T14:04:47Z,,2440.74,2440.74,8,WINTER-FLYER,pending_hold
315791,2265,2025-11-17T12:13:50Z,,834.95,834.95,3,LUX-R6,paid
315793,2266,2025-11-15T11:29:41Z,,448.72,448.72,3,RAMADAN-BUNDLE,paid
315805,2275,2025-11-21T10:51:16Z,,7995.56,,10,LUX-R6,shipped
315809,2279,2025-11-11T12:25:21Z,,3378.54,,6,WINTER-FLYER,paid
315811,2281,2025-11-14T06:37:16Z,,1210.75,,9,NONE,paid
315817,2283,2025-11-15T14:05:47Z,,3051.81,3051.81,5,,paid
315818,2284,2025-11-14T09:38:26Z,,567.49,,2,RAMADAN-BUNDLE,shipped
315820,2285,2025-11-26T10:58:49Z,,4196.46,,10,NONE,paid
315821,2286,2025-11-04T06:48:49Z,,1847.67,,7,LUX-R6,shipped
315822,2287,2025-11-12T14:03:20Z,,4197.38,4197.38,8,RAMADAN-BUNDLE,canceled
315828,2294,2025-11-05T09:52:08Z,,4520.18,4520.18,15,,canceled
315829,2296,2025-11-25T11:09:26Z,,1893.45,,5,LUX-R6,canceled
315835,2303,2025-11-14T10:48:33Z,,4325.63,,6,RAMADAN-BUNDLE,paid
315842,2311,2025-11-03T06:05:14Z,,6300.01,,12,,shipped
315849,2313,2025-11-24T08:52:31Z,,1418.85,,5,LUX-R6,shipped
315850,2316,2025-11-28T11:01:27Z,,1130.97,1130.97,5,RAMADAN-BUNDLE,paid
315853,2319,2025-11-02T14:01:14Z,,10661.17,10661.17,12,NONE,paid
315862,2324,2025-11-17T12:54:10Z,,2091.59,2091.59,10,RAMADAN-BUNDLE,paid
315866,2328,2025-11-22T09:07:07Z,,4937.66,,7,,canceled
315868,2328,2025-11-27T11:20:30Z,,2947.0,,6,RAMADAN-BUNDLE,shipped
315872,2330,2025-11-19T08:21:44Z,,2563.21,,7,NONE,pending_hold
315876,2334,2025-11-19T16:51:21Z,,3723.98,3723.98,4,WINTER-FLYER,canceled
315887,2340,2025-11-11T09:48:50Z,,1791.36,1791.36,4,WINTER-FLYER,canceled
315891,2345,2025-11-20T12:52:48Z,,2322.02,2322.02,8,WINTER-FLYER,paid
315893,2346,2025-11-12T08:31:22Z,,10880.11,,15,RAMADAN-BUNDLE,paid
315894,2346,2025-11-24T12:48:00Z,,1729.82,1729.82,6,,shipped
315896,2348,2025-11-01T06:08:53Z,,933.54,,3,NONE,paid
315910,2360,2025-11-23T13:32:54Z,,2810.96,,8,RAMADAN-BUNDLE,paid
315911,2365,2025-11-26T08:36:49Z,,2632.56,2632.56,8,NONE,paid
315914,2366,2025-11-09T08:06:33Z,,2345.83,2345.83,4,NONE,paid
315915,2366,2025-11-25T14:20:09Z,,1579.47,,4,LUX-R6,shipped
315920,2371,2025-11-24T08:30:28Z,,10478.55,10478.55,9,LUX-R6,paid
315924,2379,2025-11-26T11:27:37Z,,1806.83,,5,NONE,paid
315925,2380,2025-11-12T13:36:34Z,,3466.69,,9,,paid
315930,2381,2025-11-22T14:01:12Z,,2988.63,,6,NONE,canceled
315933,2386,2025-11-10T14:35:09Z,,2981.56,,5,LUX-R6,pending_hold
315945,2398,2025-11-03T09:36:06Z,,7381.66,7381.66,8,WINTER-FLYER,paid
315946,2399,2025-11-23T06:09:00Z,,5313.53,,10,RAMADAN-BUNDLE,paid
315948,2402,2025-11-11T09:27:58Z,,959.61,959.61,5,RAMADAN-BUNDLE,shipped
315950,2403,2025-11-11T09:50:28Z,,3014.97,,9,LUX-R6,canceled
315952,2403,2025-11-09T07:00:53Z,,3581.52,3581.52,10,WINTER-FLYER,canceled
315956,2407,2025-11-18T11:10:01Z,,9827.03,9827.03,12,NONE,canceled
315963,2412,2025/11/20 08:31,,4659.36,,7,RAMADAN-BUNDLE,pending_hold
315965,2416,2025-11-05T09:04:14Z,,1981.23,,8,WINTER-FLYER,paid
315966,2417,2025-11-28T07:17:14Z,,3275.25,,7,RAMADAN-BUNDLE,pending_hold
315969,2419,2025-11-19T08:18:22Z,,4289.64,4289.64,8,NONE,paid
315973,2420,2025-11-14T13:17:35Z,,4495.88,,7,NONE,paid
315975,2422,2025-11-05T09:34:36Z,,1927.28,1927.28,5,RAMADAN-BUNDLE,pending_hold
315977,2430,2025-11-01T06:36:19Z,,2455.27,,6,NONE,canceled
315979,2430,2025-11-11T07:04:44Z,,4135.05,,5,WINTER-FLYER,pending_hold
315980,2430,2025-11-07T07:18:51Z,,2745.4,,8,NONE,paid
315981,2431,2025-11-17T12:09:53Z,,2708.31,2708.31,8,WINTER-FLYER,pending_hold
315982,2432,2025-11-28T15:26:40Z,,1579.9,1579.90,5,NONE,pending_hold
315983,2432,2025-11-05T08:17:25Z,,2991.68,,7,,canceled
315984,2433,2025-11-27T06:08:48Z,,2365.17,,5,WINTER-FLYER,paid
315988,2435,2025-11-11T06:53:03Z,,1594.56,1594.56,7,NONE,paid
315992,2440,2025-11-20T14:45:10Z,,3041.73,,7,RAMADAN-BUNDLE,paid
315993,2442,2025-11-16T07:42:55Z,,3094.58,,7,,paid
315996,2444,2025-11-03T12:01:53Z,,2352.32,2352.32,9,NONE,shipped
315997,2445,2025-11-06T11:49:34Z,,5321.08,,8,LUX-R6,canceled
316000,2450,2025-11-26T06:02:30Z,,1863.65,1863.65,6,,canceled
316002,2450,2025-11-06T09:47:15Z,,2671.84,,7,WINTER-FLYER,shipped
316004,2453,2025-11-02T10:37:47Z,,1495.99,,2,NONE,paid
316006,2455,2025-11-14T13:35:10Z,,3555.03,,8,,canceled
316020,2470,2025-11-02T14:21:55Z,,208.73,208.73,2,,paid
316021,2470,2025-11-03T12:45:42Z,,3360.29,3360.29,8,NONE,paid
316024,2473,2025-11-02T13:05:33Z,,3780.12,,6,LUX-R6,paid
316025,2473,2025-11-16T09:17:04Z,,2220.56,,12,LUX-R6,paid
316028,2481,2025/11/07 08:58,,2447.49,,7,NONE,shipped
316032,2487,2025-11-06T11:40:57Z,,1008.95,,3,WINTER-FLYER,paid
316035,2492,2025-11-03T07:56:03Z,,3117.35,3117.35,3,NONE,paid
316039,2495,2025-11-19T12:54:41Z,,4047.99,4047.99,6,RAMADAN-BUNDLE,pending_hold
316042,2497,2025-11-03T12:18:39Z,,2114.21,,6,NONE,pending_hold
316046,2500,2025-11-23T14:22:17Z,,3931.18,3931.18,11,LUX-R6,pending_hold
316052,2506,2025-11-16T06:35:25Z,,2678.89,2678.89,6,WINTER-FLYER,paid
316056,2509,2025-11-12T15:29:44Z,,7729.34,,14,NONE,paid
316057,2509,2025-11-16T08:21:46Z,,2635.88,2635.88,4,,paid
316062,2512,2025-11-26T07:31:11Z,,1485.41,1485.41,5,RAMADAN-BUNDLE,paid
316068,2515,2025-11-24T11:34:28Z,,3369.3,3369.30,5,,pending_hold
316072,2516,2025-11-26T06:39:28Z,,2103.18,2103.18,3,NONE,paid
316073,2517,2025-11-13T09:53:13Z,,3602.62,3602.62,7,WINTER-FLYER,paid
316075,2518,2025-11-19T12:29:16Z,,4105.39,,9,WINTER-FLYER,canceled
316079,2519,2025-11-07T14:26:16Z,,1551.48,1551.48,3,RAMADAN-BUNDLE,pending_hold
316083,2526,2025-11-06T10:43:09Z,,8037.66,,10,RAMADAN-BUNDLE,paid
316087,2530,2025-11-25T06:57:05Z,,1629.13,,5,RAMADAN-BUNDLE,shipped
316090,2534,2025-11-27T06:01:56Z,,2327.56,,6,NONE,paid
316096,2544,2025-11-17T06:50:41Z,,7150.99,,15,WINTER-FLYER,pending_hold
316098,2545,2025-11-04T08:29:40Z,,3766.36,,7,NONE,shipped
316099,2545,2025-11-27T08:21:57Z,,3101.29,3101.29,7,NONE,paid
316112,2557,2025-11-26T10:07:44Z,,6126.06,,5,,paid
316115,2560,2025-11-09T09:52:38Z,,3884.48,,6,LUX-R6,paid
316128,2576,2025-11-20T09:20:59Z,,3515.68,,9,LUX-R6,paid
316130,2577,2025-11-16T11:27:35Z,,3174.27,3174.27,3,WINTER-FLYER,paid
316131,2577,2025-11-06T12:48:04Z,,3492.11,,10,NONE,paid
316133,2578,2025-11-12T11:53:56Z,,4918.96,4918.96,8,LUX-R6,canceled
316138,2587,2025-11-21T07:34:43Z,,3637.12,3637.12,6,NONE,pending_hold
316142,2592,2025-11-24T10:16:45Z,,2450.83,,5,RAMADAN-BUNDLE,paid
316145,2594,2025-11-20T13:30:51Z,,2806.73,2806.73,7,NONE,paid
316146,2594,2025-11-24T12:05:34Z,,2834.84,,6,WINTER-FLYER,paid
316148,2598,2025-11-01T18:56:54Z,,1879.46,,4,NONE,paid
316149,2601,2025/11/26 13:52,,3450.12,,11,NONE,shipped
316160,2610,2025-11-10T14:13:38Z,,1231.43,,6,LUX-R6,pending_hold
316163,2611,2025-11-24T06:10:50Z,,5820.49,,12,LUX-R6,canceled
316166,2611,2025-11-28T12:00:50Z,,3230.73,3230.73,8,NONE,paid
316167,2613,2025-11-20T11:03:33Z,,8535.21,8535.21,13,NONE,shipped
316172,2622,2025-11-24T13:53:54Z,,6759.85,,11,WINTER-FLYER,shipped
316185,2639,2025-11-11T06:37:47Z,,1701.78,1701.78,5,NONE,canceled
316194,2643,2025-11-10T11:05:46Z,,1423.97,1423.97,4,RAMADAN-BUNDLE,paid
316197,2647,2025-11-03T11:23:14Z,,1294.46,,5,NONE,paid
316200,2656,2025-11-14T16:37:08Z,,1553.58,1553.58,3,WINTER-FLYER,paid
316203,2658,2025-11-04T10:17:25Z,,2128.34,,5,,shipped
316206,2660,2025-11-03T12:54:03Z,,2163.77,2163.77,6,LUX-R6,paid
316212,2663,2025/11/28 14:39,,4901.58,,10,,canceled
316216,2666,2025-11-07T10:51:33Z,,3429.51,,7,,shipped
316217,2667,2025-11-11T14:19:44Z,,1471.66,1471.66,9,NONE,paid
316218,2671,2025-11-26T10:48:22Z,,5261.53,5261.53,11,WINTER-FLYER,pending_hold
316219,2671,2025-11-03T06:17:20Z,,1997.27,,6,LUX-R6,paid
316220,2673,2025-11-05T15:01:34Z,,1339.79,1339.79,7,NONE,shipped
316222,2675,2025-11-26T10:03:06Z,,2637.08,2637.08,7,NONE,paid
316225,2678,2025-11-20T12:15:55Z,,2493.35,,8,WINTER-FLYER,pending_hold
316227,2683,2025-11-18T09:17:09Z,,2719.59,,7,RAMADAN-BUNDLE,paid
316229,2684,2025-11-28T07:32:48Z,,6507.71,,8,NONE,paid
316231,2687,2025-11-03T08:24:48Z,,5789.8,,6,NONE,canceled
316232,2687,2025-11-26T14:07:59Z,,7360.79,7360.79,8,NONE,paid
316234,2688,2025-11-01T10:28:35Z,,5291.58,,11,RAMADAN-BUNDLE,paid
316236,2691,2025-11-07T10:35:08Z,,3679.91,,12,NONE,canceled
316240,2694,2025/11/15 10:05,,1039.33,1039.33,5,LUX-R6,pending_hold
316244,2703,2025-11-12T11:21:50Z,,10291.65,10291.65,13,,canceled
316254,2712,2025-11-16T06:26:54Z,,3265.4,3265.40,11,WINTER-FLYER,pending_hold
316256,2713,2025-11-20T07:50:40Z,,3985.94,3985.94,5,RAMADAN-BUNDLE,paid
316257,2717,2025-11-16T07:03:44Z,,3503.09,,4,NONE,paid
316264,2721,2025-11-20T14:53:01Z,,3415.63,3415.63,6,NONE,paid
316268,2728,2025-11-16T15:19:02Z,,5503.93,,8,NONE,paid
316270,2729,2025-11-28T13:32:05Z,,1687.09,,7,LUX-R6,paid
316271,2730,2025-11-07T08:34:00Z,,5131.11,5131.11,9,WINTER-FLYER,canceled
316273,2731,2025-11-03T11:52:52Z,,1038.23,,3,NONE,paid
316276,2734,2025/11/16 10:35,,2965.99,2965.99,8,,pending_hold
316277,2735,2025-11-28T16:41:07Z,,2377.9,2377.90,5,LUX-R6,canceled
316282,2740,2025-11-24T06:25:52Z,,1178.42,,3,LUX-R6,canceled
316284,2741,2025-11-17T10:08:56Z,,3661.05,3661.05,8,WINTER-FLYER,paid
316286,2743,2025-11-06T11:37:00Z,,1731.4,1731.40,4,LUX-R6,pending_hold
316289,2744,2025-11-07T10:59:43Z,,3872.01,,14,NONE,paid
316293,2749,2025-11-07T10:36:39Z,,2004.41,,4,RAMADAN-BUNDLE,paid
316295,2752,2025-11-28T17:35:45Z,,2434.67,2434.67,6,NONE,paid
316298,2753,2025-11-03T09:44:36Z,,2644.14,,8,WINTER-FLYER,pending_hold
316307,2772,2025-11-19T06:51:36Z,,1090.32,,5,RAMADAN-BUNDLE,canceled
316310,2774,2025-11-23T06:02:17Z,,5007.67,5007.67,8,RAMADAN-BUNDLE,paid
316314,2780,2025-11-03T08:33:49Z,,4367.8,,9,WINTER-FLYER,canceled
316317,2780,2025-11-21T11:03:37Z,,1655.28,1655.28,3,NONE,pending_hold
316319,2784,2025-11-21T07:11:41Z,,877.51,877.51,4,RAMADAN-BUNDLE,paid
316321,2787,2025-11-28T11:10:53Z,,4736.6,,7,WINTER-FLYER,shipped
316323,2789,2025-11-07T09:49:27Z,,1867.35,1867.35,6,LUX-R6,paid
316328,2791,2025-11-23T07:40:04Z,,5152.59,,6,,shipped
316329,2791,2025-11-25T11:48:47Z,,2505.18,,5,NONE,shipped
316333,2797,2025-11-08T11:45:00Z,,2535.02,2535.02,8,NONE,pending_hold
316341,2807,2025-11-17T15:33:31Z,,2512.41,,6,NONE,paid
316344,2808,2025-11-25T11:18:20Z,,7136.15,,10,NONE,paid
316347,2810,2025-11-07T07:04:50Z,,3458.96,3458.96,9,NONE,pending_hold
316349,2812,2025-11-27T11:12:08Z,,2819.7,2819.70,5,LUX-R6,canceled
316351,2812,2025-11-27T12:24:17Z,,1562.94,,6,,paid
316352,2813,2025-11-15T13:41:11Z,,6592.69,,10,NONE,paid
316353,2814,2025-11-20T12:11:23Z,,2831.86,2831.86,6,NONE,paid
316358,2823,2025-11-22T09:59:09Z,,2429.68,,5,,paid
316359,2824,2025-11-11T06:13:28Z,,4052.29,,6,LUX-R6,pending_hold
316362,1002,2025-12-28T10:33:56Z,,1472.03,1472.03,5,WINTER-FLYER,pending_hold
316365,1004,2025-12-17T06:01:19Z,,5462.16,,8,RAMADAN-BUNDLE,paid
316367,1006,2025-12-03T07:51:11Z,,3531.33,,4,RAMADAN-BUNDLE,paid
316369,1011,2025-12-18T10:41:57Z,,2520.95,2520.95,6,,paid
316371,1014,2025-12-08T07:40:19Z,,5375.29,5375.29,8,LUX-R6,paid
316376,1017,2025-12-18T09:04:25Z,,4193.24,,6,,canceled
316383,1026,2025-12-27T07:59:55Z,,3365.17,3365.17,8,NONE,paid
316392,1035,2025-12-21T10:57:39Z,,480.55,,3,WINTER-FLYER,shipped
316393,1035,2025-12-19T08:46:09Z,,1962.32,,7,LUX-R6,pending_hold
316394,1036,2025-12-26T06:57:15Z,,1607.42,,3,RAMADAN-BUNDLE,paid
316401,1043,2025-12-02T10:57:38Z,,2706.18,,9,LUX-R6,paid
316405,1047,2025-12-26T11:37:53Z,,2100.27,,5,RAMADAN-BUNDLE,canceled
316408,1047,2025-12-10T13:11:53Z,,3584.1,,6,NONE,canceled
316410,1048,2025-12-01T09:14:11Z,,3136.09,,4,NONE,paid
316414,1053,2025-12-05T12:12:20Z,,1012.78,1012.78,4,,shipped
316415,1053,2025/12/25 10:53,,3992.62,,6,WINTER-FLYER,pending_hold
316419,1059,2025/12/25 19:37,,7450.66,7450.66,12,NONE,shipped
316423,1063,2025-12-26T09:21:26Z,,909.07,909.07,3,,paid
316424,1064,2025-12-27T11:54:50Z,,4770.44,,5,NONE,paid
316425,1064,2025-12-04T13:28:34Z,,7039.01,7039.01,15,NONE,pending_hold
316426,1065,2025-12-04T09:52:26Z,,2342.64,2342.64,5,WINTER-FLYER,paid
316429,1066,2025-12-10T10:57:49Z,,3088.75,,7,NONE,canceled
316432,1071,2025-12-24T09:15:20Z,,4251.93,4251.93,10,,shipped
316434,1074,2025-12-04T15:16:20Z,,4668.74,,2,NONE,pending_hold
316436,1075,2025-12-14T15:01:54Z,,3143.02,3143.02,5,NONE,paid
316443,1082,2025-12-24T11:48:29Z,,1590.74,1590.74,3,NONE,canceled
316446,1083,2025-12-27T06:45:42Z,,4074.97,4074.97,11,NONE,paid
316449,1084,2025-12-15T16:51:39Z,,3923.84,3923.84,10,NONE,shipped
316451,1087,2025-12-04T12:34:48Z,,7809.12,7809.12,9,NONE,paid
316454,1088,2025-12-28T06:32:05Z,,3883.27,,8,RAMADAN-BUNDLE,paid
316455,1089,2025-12-01T13:25:54Z,,5384.22,,10,RAMADAN-BUNDLE,paid
316456,1090,2025/12/18 10:08,,3901.24,3901.24,10,LUX-R6,paid
316458,1094,2025-12-09T14:38:07Z,,1594.53,,5,NONE,canceled
316465,1097,2025-12-16T12:29:18Z,,3079.59,3079.59,8,,shipped
316477,1109,2025-12-14T09:10:47Z,,2891.09,,7,NONE,paid
316481,1111,2025-12-08T11:45:35Z,,1009.28,,5,,shipped
316483,1113,2025-12-09T11:48:17Z,,5501.01,,15,WINTER-FLYER,paid
316488,1119,2025-12-11T13:05:02Z,,2773.71,,4,,canceled
316489,1119,2025-12-06T07:00:01Z,,4459.52,,9,NONE,pending_hold
316490,1121,2025-12-14T09:33:29Z,,472.38,,2,WINTER-FLYER,paid
316505,1137,2025-12-07T08:53:12Z,,11255.13,,13,,paid
316506,1137,2025-12-23T06:47:22Z,,3112.85,3112.85,5,WINTER-FLYER,shipped
316518,1154,2025-12-09T11:43:44Z,,6406.25,,8,NONE,canceled
316521,1159,2025-12-02T09:16:31Z,,4221.06,4221.06,7,WINTER-FLYER,paid
316524,1161,2025-12-10T08:41:37Z,,681.61,681.61,4,,paid
316525,1163,2025-12-20T10:49:56Z,,5804.72,,9,RAMADAN-BUNDLE,shipped
316529,1168,2025-12-06T07:27:25Z,,1978.64,1978.64,5,LUX-R6,paid
316533,1173,2025-12-25T06:32:27Z,,5361.17,,15,RAMADAN-BUNDLE,paid
316537,1177,2025-12-12T12:11:46Z,,1123.66,,3,RAMADAN-BUNDLE,shipped
316539,1179,2025-12-05T06:56:48Z,,1785.68,,4,RAMADAN-BUNDLE,paid
316541,1181,2025-12-20T14:16:31Z,,3348.56,,4,LUX-R6,paid
316544,1182,2025-12-15T09:56:48Z,,1533.81,,2,RAMADAN-BUNDLE,pending_hold
316548,1185,2025-12-14T09:41:15Z,,2543.81,,8,WINTER-FLYER,canceled
316552,1188,2025-12-07T10:48:30Z,,3007.91,,7,RAMADAN-BUNDLE,paid
316555,1193,2025-12-19T10:50:50Z,,4724.79,,9,RAMADAN-BUNDLE,pending_hold
316557,1194,2025-12-23T08:38:00Z,,3525.58,,8,RAMADAN-BUNDLE,paid
316564,1201,2025-12-27T06:10:40Z,,2709.93,2709.93,2,WINTER-FLYER,shipped
316566,1204,2025-12-04T06:01:53Z,,3808.25,,8,LUX-R6,paid
316568,1207,2025-12-11T12:47:43Z,,4987.31,4987.31,14,WINTER-FLYER,canceled
316576,1216,2025-12-02T08:25:33Z,,4616.8,4616.80,11,,shipped
316578,1221,2025-12-16T08:45:22Z,,4354.69,4354.69,7,WINTER-FLYER,paid
316581,1225,2025-12-18T12:53:07Z,,1303.54,,6,LUX-R6,paid
316582,1226,2025-12-05T07:58:44Z,,5096.13,5096.13,8,NONE,paid
316584,1226,2025-12-22T10:38:44Z,,340.07,340.07,3,LUX-R6,paid
316590,1231,2025-12-20T12:25:47Z,,5547.4,,10,LUX-R6,pending_hold
316591,1232,2025-12-16T07:02:53Z,,718.66,718.66,4,LUX-R6,shipped
316593,1241,2025/12/28 15:51,,1107.02,,3,NONE,canceled
316594,1243,2025-12-15T08:40:22Z,,6230.56,,9,RAMADAN-BUNDLE,paid
316596,1243,2025-12-19T08:24:26Z,,5310.54,,4,WINTER-FLYER,shipped
316600,1246,2025-12-07T14:49:50Z,,1982.92,1982.92,4,WINTER-FLYER,canceled
316601,1246,2025-12-10T08:49:37Z,,6471.24,,12,NONE,shipped
316602,1246,2025-12-24T06:57:55Z,,3528.19,,5,NONE,paid
316604,1247,2025-12-14T06:01:56Z,,2495.84,,4,,paid
316606,1250,2025-12-25T10:33:29Z,,6255.77,6255.77,8,,paid
316609,1261,2025-12-14T14:35:52Z,,1205.46,1205.46,4,NONE,paid
316610,1262,2025-12-09T13:15:12Z,,3920.15,,15,,pending_hold
316611,1263,2025-12-20T11:45:07Z,,3765.69,3765.69,9,LUX-R6,paid
316613,1265,2025-12-25T12:18:18Z,,8485.24,8485.24,11,LUX-R6,pending_hold
316619,1268,2025-12-02T11:23:43Z,,1879.24,1879.24,5,LUX-R6,pending_hold
316625,1277,2025-12-27T06:50:12Z,,1985.64,,5,RAMADAN-BUNDLE,canceled
316626,1278,2025-12-06T06:28:32Z,,2952.95,,3,LUX-R6,paid
316628,1279,2025-12-11T14:36:58Z,,1297.1,1297.10,2,,shipped
316634,1284,2025-12-17T13:02:20Z,,1912.31,1912.31,5,NONE,paid
316638,1292,2025-12-02T14:41:27Z,,1718.4,1718.40,3,LUX-R6,paid
316639,1292,2025-12-02T10:42:45Z,,319.56,,2,NONE,paid
316645,1297,2025-12-15T13:40:20Z,,4523.96,,10,NONE,paid
316647,1297,2025-12-13T13:45:44Z,,6344.95,6344.95,5,LUX-R6,pending_hold
316649,1299,2025-12-07T09:56:56Z,,2711.46,,4,WINTER-FLYER,pending_hold
316650,1299,2025/12/26 11:22,,2574.13,,6,NONE,paid
316654,1306,2025-12-04T06:24:58Z,,3863.59,,7,,pending_hold
316662,1312,2025-12-14T11:07:08Z,,5855.35,5855.35,10,WINTER-FLYER,paid
316666,1313,2025-12-28T11:33:32Z,,2602.34,,7,WINTER-FLYER,paid
316671,1316,2025-12-10T09:00:36Z,,3781.59,3781.59,6,NONE,canceled
316688,1334,2025-12-07T07:40:08Z,,5657.6,,9,WINTER-FLYER,paid
316691,1336,2025-12-27T10:43:37Z,,3713.44,3713.44,10,NONE,pending_hold
316692,1336,2025-12-07T08:16:29Z,,3262.24,3262.24,4,RAMADAN-BUNDLE,paid
316697,1340,2025-12-12T09:01:42Z,,3634.21,,7,WINTER-FLYER,pending_hold
316699,1343,2025-12-09T08:24:03Z,,884.04,,3,,shipped
316702,1344,2025-12-11T10:55:13Z,,2236.19,2236.19,3,WINTER-FLYER,canceled
316707,1345,2025-12-21T07:23:32Z,,4535.1,4535.10,5,LUX-R6,paid
316712,1346,2025-12-20T07:20:36Z,,3152.97,,7,NONE,canceled
316716,1352,2025-12-14T14:02:50Z,,8018.82,8018.82,8,,paid
316718,1353,2025-12-13T11:01:32Z,,4780.88,,8,RAMADAN-BUNDLE,shipped
316719,1354,2025-12-05T15:56:36Z,,1562.56,1562.56,5,NONE,shipped
316725,1358,2025-12-09T12:26:49Z,,1715.41,1715.41,4,LUX-R6,canceled
316733,1365,2025-12-11T07:17:40Z,,2036.27,,5,NONE,shipped
316736,1367,2025-12-12T06:30:44Z,,1995.43,,4,RAMADAN-BUNDLE,paid
316739,1371,2025-12-20T10:46:03Z,,4477.69,4477.69,4,RAMADAN-BUNDLE,paid
316740,1371,2025/12/26 11:46,,1931.42,,8,,shipped
316745,1379,2025-12-02T11:31:07Z,,4975.44,,6,,paid
316748,1381,2025-12-19T16:07:20Z,,714.41,714.41,3,NONE,shipped
316749,1381,2025-12-12T09:26:36Z,,1742.37,1742.37,4,RAMADAN-BUNDLE,pending_hold
316752,1384,2025-12-11T10:17:43Z,,1374.04,,4,WINTER-FLYER,paid
316759,1394,2025-12-05T08:02:50Z,,7252.02,7252.02,11,LUX-R6,shipped
316763,1399,2025/12/22 16:07,,6890.58,6890.58,9,,paid
316765,1399,2025-12-17T11:12:02Z,,2097.46,2097.46,3,NONE,paid
316767,1400,2025-12-13T10:07:29Z,,2217.36,,7,,canceled
316768,1400,2025/12/04 08:32,,1483.94,,3,LUX-R6,paid
316772,1406,2025-12-22T08:51:29Z,,10105.64,10105.64,15,NONE,paid
316774,1409,2025-12-15T09:04:54Z,,1416.91,1416.91,6,WINTER-FLYER,paid
316780,1410,2025-12-25T13:47:04Z,,661.64,,4,WINTER-FLYER,pending_hold
316785,1416,2025-12-20T09:23:27Z,,2773.3,2773.30,5,NONE,paid
316787,1418,2025-12-28T12:50:44Z,,5887.08,5887.08,8,LUX-R6,shipped
316791,1420,2025-12-04T06:19:30Z,,2817.29,2817.29,7,,paid
316793,1422,2025-12-23T12:17:49Z,,2501.42,2501.42,9,NONE,shipped
316795,1422,2025-12-19T13:17:02Z,,2197.17,,6,NONE,paid
316805,1434,2025-12-08T14:30:31Z,,2274.46,,9,NONE,paid
316809,1440,2025-12-01T06:14:52Z,,5236.9,5236.90,9,,shipped
316813,1443,2025/12/28 10:59,,3183.21,,8,RAMADAN-BUNDLE,paid
316815,1448,2025-12-13T16:20:25Z,,2810.02,2810.02,6,NONE,paid
316817,1450,2025-12-21T11:48:01Z,,8093.12,,15,NONE,paid
316818,1452,2025-12-07T09:51:01Z,,2956.5,,6,NONE,pending_hold
316820,1455,2025/12/13 12:08,,5663.34,,12,RAMADAN-BUNDLE,paid
316823,1456,2025-12-08T13:10:58Z,,3073.33,3073.33,4,RAMADAN-BUNDLE,pending_hold
316827,1458,2025-12-06T09:31:18Z,,5409.94,,6,RAMADAN-BUNDLE,paid
316834,1467,2025-12-19T13:39:57Z,,3295.22,3295.22,8,,paid
316835,1468,2025/12/09 17:07,,4236.32,4236.32,11,,shipped
316839,1470,2025-12-20T08:16:52Z,,3660.79,,7,LUX-R6,paid
316845,1471,2025-12-06T13:45:06Z,,2237.5,2237.50,5,WINTER-FLYER,paid
316846,1471,2025-12-25T09:35:16Z,,5439.45,5439.45,11,RAMADAN-BUNDLE,pending_hold
316848,1475,2025/12/23 09:42,,2116.71,,5,WINTER-FLYER,paid
316850,1475,2025-12-06T13:34:40Z,,3104.72,,5,NONE,pending_hold
316853,1480,2025-12-13T06:11:57Z,,4006.67,4006.67,10,NONE,shipped
316855,1483,2025-12-28T08:21:12Z,,3307.64,,10,NONE,paid
316866,1493,2025-12-22T15:55:42Z,,4443.32,,8,,paid
316869,1494,2025-12-05T12:23:43Z,,4971.71,,7,WINTER-FLYER,canceled
316871,1496,2025-12-24T12:52:48Z,,3848.4,,8,NONE,pending_hold
316874,1497,2025-12-05T16:13:06Z,,738.43,,2,NONE,paid
316881,1507,2025/12/22 12:34,,1127.69,,5,LUX-R6,canceled
316888,1513,2025-12-01T12:44:21Z,,1373.12,,4,LUX-R6,canceled
316889,1514,2025-12-04T09:26:16Z,,2101.49,,4,,shipped
316890,1514,2025-12-23T10:42:10Z,,6304.12,6304.12,15,LUX-R6,shipped
316891,1516,2025-12-22T06:43:51Z,,6011.11,,15,LUX-R6,paid
316892,1516,2025/12/10 11:27,,3793.46,,7,,canceled
316893,1517,2025-12-26T06:31:15Z,,4787.01,,11,LUX-R6,paid
316899,1520,2025-12-18T06:26:57Z,,2806.88,2806.88,6,NONE,paid
316903,1521,2025-12-27T10:02:06Z,,4627.71,,7,LUX-R6,paid
316908,1526,2025-12-20T06:56:31Z,,2120.32,,6,WINTER-FLYER,paid
316909,1531,2025-12-09T10:48:22Z,,5331.22,,11,NONE,canceled
316918,1537,2025-12-09T13:41:34Z,,3414.04,3414.04,7,LUX-R6,shipped
316920,1539,2025-12-23T08:51:46Z,,6221.08,,9,,pending_hold
316923,1541,2025-12-04T10:05:45Z,,1720.95,,5,LUX-R6,paid
316927,1544,2025-12-13T15:19:51Z,,2698.0,2698.00,6,NONE,paid
316931,1552,2025/12/07 15:43,,4626.86,,6,RAMADAN-BUNDLE,paid
316932,1552,2025-12-10T13:28:41Z,,5054.66,5054.66,10,,canceled
316938,1556,2025-12-28T12:35:40Z,,2701.02,,5,,paid
316945,1563,2025-12-06T12:51:53Z,,5615.56,,13,LUX-R6,canceled
316954,1569,2025/12/24 16:37,,7918.76,,11,WINTER-FLYER,pending_hold
316960,1574,2025-12-26T06:47:10Z,,6190.26,,10,RAMADAN-BUNDLE,paid
316962,1576,2025-12-12T12:40:59Z,,4264.36,,9,RAMADAN-BUNDLE,canceled
316966,1577,2025-12-22T09:18:54Z,,5157.19,5157.19,11,WINTER-FLYER,pending_hold
316968,1578,2025-12-14T09:18:13Z,,2662.16,,6,WINTER-FLYER,pending_hold
316970,1583,2025-12-15T10:35:47Z,,1930.31,1930.31,5,RAMADAN-BUNDLE,canceled
316971,1584,2025-12-01T10:59:29Z,,3169.94,3169.94,8,,canceled
316976,1588,2025-12-11T14:44:13Z,,3415.14,,8,NONE,canceled
316978,1589,2025-12-01T08:56:34Z,,3439.12,,6,RAMADAN-BUNDLE,paid
316984,1593,2025-12-07T11:03:12Z,,1300.14,,5,RAMADAN-BUNDLE,shipped
316989,1597,2025-12-03T12:30:54Z,,4849.61,4849.61,12,NONE,paid
316990,1597,2025-12-16T11:17:56Z,,4228.93,4228.93,12,LUX-R6,canceled
316995,1601,2025-12-21T08:41:44Z,,1529.61,1529.61,9,WINTER-FLYER,shipped
317001,1604,2025-12-18T12:27:16Z,,4202.44,4202.44,9,LUX-R6,pending_hold
317003,1605,2025-12-13T08:50:48Z,,4235.68,,9,,pending_hold
317007,1606,2025-12-16T10:53:09Z,,770.94,,3,NONE,canceled
317012,1612,2025-12-10T09:03:46Z,,3046.45,,7,,canceled
317015,1616,2025-12-28T08:54:57Z,,4648.66,,12,NONE,paid
317017,1618,2025-12-20T07:32:00Z,,2812.04,,8,NONE,paid
317019,1618,2025-12-12T08:27:58Z,,2795.15,,7,RAMADAN-BUNDLE,paid
317020,1620,2025-12-15T10:10:54Z,,3051.77,3051.77,9,WINTER-FLYER,paid
317023,1624,2025-12-08T14:28:28Z,,2341.78,,5,LUX-R6,paid
317025,1627,2025/12/26 09:01,,1829.96,,4,WINTER-FLYER,pending_hold
317026,1635,2025/12/17 13:56,,4878.62,,8,LUX-R6,paid
317029,1639,2025-12-16T06:30:14Z,,5226.24,5226.24,13,WINTER-FLYER,shipped
317035,1644,2025-12-06T16:53:01Z,,5635.04,5635.04,7,LUX-R6,shipped
317040,1653,2025-12-04T11:00:24Z,,5586.59,,5,NONE,paid
317050,1660,2025-12-21T06:08:46Z,,4575.38,4575.38,8,RAMADAN-BUNDLE,canceled
317056,1667,2025-12-27T14:12:15Z,,2246.16,,3,WINTER-FLYER,paid
317058,1671,2025-12-18T10:35:38Z,,1711.33,1711.33,5,RAMADAN-BUNDLE,pending_hold
317059,1671,2025-12-12T12:57:46Z,,2219.56,2219.56,5,LUX-R6,paid
317075,1691,2025-12-04T10:10:35Z,,2396.72,2396.72,8,LUX-R6,shipped
317077,1692,2025-12-26T08:45:37Z,,4758.44,,6,,paid
317079,1693,2025-12-16T08:20:46Z,,247.62,247.62,6,NONE,pending_hold
317080,1693,2025-12-18T10:17:03Z,,8276.67,8276.67,7,,shipped
317083,1695,2025-12-24T12:18:00Z,,5063.93,5063.93,7,LUX-R6,paid
317098,1706,2025-12-24T07:14:49Z,,2314.38,,4,LUX-R6,paid
317101,1706,2025-12-23T08:13:10Z,,1222.33,1222.33,5,,pending_hold
317102,1706,2025-12-15T08:26:39Z,,5760.01,5760.01,12,LUX-R6,pending_hold
317106,1710,2025-12-09T12:31:43Z,,5103.7,,4,RAMADAN-BUNDLE,paid
317116,1724,2025-12-18T08:23:06Z,,5943.48,,12,WINTER-FLYER,canceled
317119,1727,2025-12-12T09:52:00Z,,3632.44,3632.44,5,LUX-R6,pending_hold
317120,1728,2025-12-01T10:24:35Z,,1582.92,1582.92,5,,paid
317121,1728,2025-12-05T10:44:43Z,,7284.87,7284.87,11,NONE,pending_hold
317122,1729,2025-12-07T12:49:12Z,,5004.31,,8,RAMADAN-BUNDLE,paid
317128,1740,2025-12-02T06:57:47Z,,2085.38,2085.38,8,RAMADAN-BUNDLE,paid
317132,1744,2025-12-18T14:07:20Z,,7772.94,,10,,pending_hold
317138,1748,2025-12-26T13:24:17Z,,4732.15,4732.15,7,NONE,paid
317139,1748,2025-12-12T13:23:57Z,,2601.61,,4,,paid
317141,1750,2025-12-23T14:16:56Z,,1643.09,,8,RAMADAN-BUNDLE,paid
317143,1750,2025-12-02T07:48:01Z,,1090.22,,2,,paid
317144,1751,2025/12/13 14:15,,6122.58,,7,LUX-R6,paid
317150,1759,2025-12-12T14:17:49Z,,2154.37,,3,NONE,paid
317152,1760,2025-12-01T09:23:50Z,,1991.66,1991.66,2,,pending_hold
317160,1768,2025-12-13T08:43:59Z,,4184.93,,7,NONE,paid
317161,1769,2025-12-09T12:40:00Z,,7676.54,7676.54,11,NONE,shipped
317163,1771,2025-12-16T11:17:38Z,,2941.13,2941.13,4,LUX-R6,paid
317164,1772,2025-12-02T07:24:35Z,,414.5,,2,WINTER-FLYER,pending_hold
317165,1774,2025-12-24T11:39:10Z,,2636.67,,4,WINTER-FLYER,shipped
317169,1775,2025/12/25 15:51,,4643.34,,5,WINTER-FLYER,paid
317173,1778,2025-12-05T06:23:34Z,,2104.57,,4,WINTER-FLYER,paid
317174,1779,2025-12-05T16:15:40Z,,9361.96,9361.96,6,,pending_hold
317179,1783,2025-12-19T09:49:15Z,,4758.43,4758.43,9,NONE,paid
317188,1791,2025-12-24T12:47:17Z,,3608.16,3608.16,8,,paid
317190,1793,2025-12-01T06:37:39Z,,9208.44,,11,NONE,pending_hold
317195,1795,2025/12/11 11:16,,2768.4,2768.40,4,WINTER-FLYER,paid
317198,1799,2025-12-18T10:21:49Z,,1535.87,,9,NONE,pending_hold
317201,1804,2025-12-09T12:59:47Z,,6438.68,,11,NONE,paid
317208,1810,2025-12-08T13:27:11Z,,4085.39,4085.39,6,NONE,paid
317209,1810,2025-12-24T07:22:50Z,,2801.38,2801.38,4,,paid
317213,1816,2025-12-14T11:39:00Z,,3857.7,3857.70,7,NONE,paid
317222,1826,2025-12-18T09:17:15Z,,3366.36,,9,RAMADAN-BUNDLE,shipped
317224,1829,2025-12-15T10:05:05Z,,2832.14,2832.14,6,,shipped
317228,1833,2025-12-10T07:01:14Z,,4149.28,,11,WINTER-FLYER,paid
317238,1841,2025-12-16T08:20:41Z,,830.84,,3,,paid
317245,1847,2025-12-08T06:30:12Z,,1200.26,1200.26,3,NONE,paid
317250,1850,2025-12-04T11:41:36Z,,7025.41,,11,,canceled
317257,1855,2025-12-08T14:20:48Z,,4493.81,4493.81,7,,shipped
317260,1855,2025-12-02T10:54:26Z,,4020.31,4020.31,8,LUX-R6,paid
317263,1858,2025-12-17T15:16:52Z,,1517.05,,6,LUX-R6,paid
317264,1859,2025-12-15T10:16:20Z,,1064.96,,5,RAMADAN-BUNDLE,shipped
317265,1859,2025-12-07T10:27:14Z,,3795.43,,7,RAMADAN-BUNDLE,paid
317267,1863,2025/12/15 09:31,,3284.82,,4,NONE,shipped
317269,1863,2025-12-19T14:21:29Z,,1040.52,1040.52,5,NONE,pending_hold
317272,1863,2025-12-12T06:43:26Z,,2677.9,,4,NONE,shipped
317273,1863,2025-12-05T10:44:39Z,,3366.69,,7,NONE,paid
317274,1863,2025-12-22T12:22:23Z,,3899.01,,7,NONE,canceled
317278,1866,2025/12/02 10:51,,2899.2,2899.20,5,NONE,pending_hold
317282,1876,2025-12-11T14:04:08Z,,2895.53,2895.53,11,NONE,canceled
317286,1879,2025-12-02T14:25:58Z,,4788.05,,9,NONE,paid
317289,1880,2025-12-18T13:03:14Z,,5593.35,,10,NONE,paid
317293,1884,2025-12-16T10:03:42Z,,2066.93,,7,WINTER-FLYER,paid
317294,1884,2025-12-06T13:39:37Z,,2686.15,,6,LUX-R6,paid
317298,1893,2025-12-19T13:11:59Z,,5521.49,,12,NONE,paid
317302,1893,2025-12-11T06:29:59Z,,1605.2,1605.20,4,,paid
317305,1896,2025-12-17T09:52:58Z,,4338.7,4338.70,11,NONE,canceled
317306,1897,2025-12-13T09:48:39Z,,1410.64,1410.64,3,NONE,paid
317320,1908,2025-12-23T12:34:47Z,,6150.44,,10,NONE,paid
317321,1908,2025/12/27 12:49,,2084.94,2084.94,9,LUX-R6,paid
317326,1912,2025-12-03T15:47:58Z,,2229.93,2229.93,7,WINTER-FLYER,paid
317327,1912,2025-12-10T09:41:12Z,,5363.91,,10,NONE,paid
317331,1916,2025-12-15T06:57:40Z,,3879.41,,9,RAMADAN-BUNDLE,paid
317340,1922,2025-12-15T11:53:23Z,,4520.49,,8,,shipped
317345,1926,2025-12-15T09:37:01Z,,4320.44,,8,NONE,pending_hold
317350,1932,2025-12-20T06:53:23Z,,10082.53,,15,LUX-R6,pending_hold
317352,1934,2025-12-23T10:59:12Z,,2146.9,,3,NONE,paid
317354,1936,2025-12-11T12:59:49Z,,4148.39,4148.39,14,NONE,shipped
317355,1937,2025-12-20T08:00:58Z,,861.04,,2,RAMADAN-BUNDLE,paid
317359,1941,2025-12-05T06:43:30Z,,647.86,,4,WINTER-FLYER,paid
317363,1942,2025-12-12T16:21:42Z,,2766.44,,3,WINTER-FLYER,paid
317367,1946,2025-12-25T06:54:34Z,,7360.44,,10,NONE,paid
317373,1956,2025-12-12T09:54:45Z,,7489.06,,11,,paid
317374,1958,2025-12-23T13:23:19Z,,2768.07,2768.07,4,RAMADAN-BUNDLE,paid
317376,1958,2025-12-25T12:40:39Z,,5574.2,5574.20,8,,pending_hold
317384,1965,2025-12-02T09:42:36Z,,4206.01,,6,,shipped
317392,1972,2025-12-22T12:04:35Z,,1696.44,,6,WINTER-FLYER,paid
317399,1978,2025-12-13T07:21:53Z,,5969.31,5969.31,7,LUX-R6,canceled
317402,1981,2025-12-14T11:26:21Z,,6846.32,6846.32,11,RAMADAN-BUNDLE,paid
317404,1981,2025-12-23T16:44:36Z,,1151.84,1151.84,7,,canceled
317411,1987,2025-12-18T09:14:49Z,,3214.28,3214.28,8,NONE,canceled
317418,1989,2025-12-21T08:04:23Z,,3269.53,,3,RAMADAN-BUNDLE,canceled
317423,1994,2025-12-18T07:16:39Z,,1361.97,,4,LUX-R6,paid
317429,2002,2025-12-09T06:33:19Z,,946.37,,5,WINTER-FLYER,pending_hold
317432,2004,2025-12-17T09:38:52Z,,2505.75,,5,,paid
317433,2008,2025-12-06T14:06:49Z,,9365.78,,10,WINTER-FLYER,canceled
317435,2011,2025/12/05 16:31,,7640.26,7640.26,9,NONE,shipped
317441,2017,2025-12-07T06:54:47Z,,2198.59,2198.59,6,NONE,pending_hold
317444,2020,2025-12-06T07:49:37Z,,2150.04,2150.04,3,LUX-R6,pending_hold
317447,2023,2025-12-27T14:29:27Z,,6754.37,,9,RAMADAN-BUNDLE,paid
317451,2025,2025-12-05T08:32:20Z,,1636.51,1636.51,8,RAMADAN-BUNDLE,canceled
317457,2034,2025-12-19T11:16:35Z,,3166.99,3166.99,6,NONE,paid
317466,2041,2025-12-18T06:45:22Z,,2115.27,,4,NONE,paid
317467,2041,2025-12-19T08:50:14Z,,8529.24,8529.24,9,WINTER-FLYER,paid
317468,2045,2025-12-07T14:48:31Z,,991.94,991.94,4,,pending_hold
317473,2052,2025-12-05T10:18:04Z,,1914.34,,3,,canceled
317475,2052,2025-12-27T13:41:12Z,,2278.68,,6,RAMADAN-BUNDLE,pending_hold
317476,2052,2025-12-13T06:53:13Z,,3268.21,,6,NONE,pending_hold
317477,2053,2025-12-17T08:21:07Z,,3451.0,3451.00,4,WINTER-FLYER,canceled
317482,2057,2025-12-22T08:31:32Z,,9362.42,,11,,paid
317491,2066,2025-12-28T10:07:28Z,,6202.84,,7,NONE,paid
317496,2073,2025-12-14T06:22:06Z,,1091.78,,2,NONE,paid
317497,2074,2025-12-11T10:06:54Z,,8107.99,8107.99,15,LUX-R6,paid
317505,2082,2025-12-24T13:38:54Z,,2047.45,2047.45,3,RAMADAN-BUNDLE,paid
317507,2088,2025-12-18T10:39:20Z,,2075.74,2075.74,9,LUX-R6,pending_hold
317508,2088,2025-12-25T10:26:43Z,,4182.65,4182.65,4,NONE,pending_hold
317509,2088,2025-12-26T08:18:11Z,,2847.12,,5,RAMADAN-BUNDLE,shipped
317510,2091,2025-12-08T10:49:44Z,,3469.31,3469.31,7,NONE,paid
317523,2102,2025-12-03T11:42:03Z,,2708.92,,9,NONE,paid
317524,2104,2025-12-18T11:21:18Z,,4631.94,4631.94,8,RAMADAN-BUNDLE,paid
317527,2106,2025-12-10T15:13:48Z,,6362.9,6362.90,7,,canceled
317531,2109,2025-12-27T12:39:49Z,,3411.8,,6,RAMADAN-BUNDLE,canceled
317536,2113,2025-12-24T15:49:37Z,,4666.44,4666.44,8,RAMADAN-BUNDLE,paid
317546,2119,2025-12-27T13:02:38Z,,2289.63,,4,,paid
317547,2123,2025-12-05T13:24:51Z,,4906.35,,11,NONE,canceled
317548,2123,2025-12-26T06:53:56Z,,5408.47,,5,LUX-R6,paid
317549,2124,2025-12-18T13:43:40Z,,1312.67,1312.67,5,LUX-R6,pending_hold
317551,2125,2025-12-04T10:01:18Z,,3431.59,3431.59,7,NONE,shipped
317552,2126,2025-12-23T09:12:47Z,,4176.86,,7,NONE,paid
317555,2128,2025-12-10T12:22:03Z,,2466.61,2466.61,8,NONE,paid
317556,2128,2025-12-23T08:36:18Z,,2620.99,2620.99,4,RAMADAN-BUNDLE,shipped
317560,2130,2025-12-21T08:16:59Z,,3002.05,3002.05,4,RAMADAN-BUNDLE,canceled
317562,2131,2025-12-05T08:54:18Z,,3427.17,3427.17,8,WINTER-FLYER,canceled
317566,2134,2025/12/20 12:34,,2035.28,2035.28,5,WINTER-FLYER,canceled
317567,2134,2025-12-08T14:48:44Z,,3797.36,3797.36,7,NONE,paid
317569,2134,2025/12/21 15:36,,2257.33,,6,NONE,paid
317570,2135,2025-12-03T08:29:29Z,,3761.79,,8,WINTER-FLYER,paid
317579,2144,2025-12-08T10:59:20Z,,5067.81,,8,WINTER-FLYER,pending_hold
317580,2145,2025-12-01T11:27:49Z,,763.94,763.94,2,,paid
317582,2151,2025-12-16T13:25:37Z,,4820.9,4820.90,12,LUX-R6,pending_hold
317584,2151,2025-12-20T08:03:50Z,,2005.89,,4,RAMADAN-BUNDLE,shipped
317587,2152,2025/12/04 13:44,,3301.61,3301.61,5,,shipped
317591,2157,2025-12-15T11:31:18Z,,5921.08,,10,RAMADAN-BUNDLE,paid
317598,2165,2025-12-14T12:55:56Z,,5007.47,5007.47,7,NONE,paid
317604,2169,2025-12-27T10:36:23Z,,3904.83,3904.83,8,,pending_hold
317605,2170,2025-12-08T13:58:59Z,,3703.4,3703.40,8,,shipped
317606,2170,2025-12-03T14:10:44Z,,2773.2,,12,WINTER-FLYER,shipped
317611,2176,2025-12-01T10:53:29Z,,4648.9,4648.90,10,NONE,paid
317617,2183,2025-12-16T08:48:34Z,,4566.7,4566.70,5,WINTER-FLYER,pending_hold
317619,2185,2025-12-26T09:47:17Z,,3230.02,,5,,paid
317620,2185,2025-12-09T09:33:22Z,,2779.75,,4,NONE,pending_hold
317621,2186,2025-12-12T13:14:26Z,,6962.25,6962.25,6,,canceled
317625,2191,2025-12-27T14:23:14Z,,2577.39,2577.39,6,NONE,pending_hold
317627,2191,2025-12-07T08:32:50Z,,2346.34,2346.34,5,NONE,canceled
317630,2193,2025-12-03T10:08:18Z,,2413.12,2413.12,8,RAMADAN-BUNDLE,canceled
317637,2201,2025-12-19T06:14:32Z,,1027.76,1027.76,5,LUX-R6,canceled
317639,2203,2025-12-12T13:22:03Z,,2303.63,,9,WINTER-FLYER,pending_hold
317640,2203,2025-12-04T13:41:19Z,,3024.47,,4,RAMADAN-BUNDLE,pending_hold
317643,2206,2025-12-16T11:11:13Z,,2943.97,2943.97,5,NONE,pending_hold
317649,2211,2025-12-02T08:47:45Z,,8598.04,,8,NONE,canceled
317654,2219,2025-12-26T07:26:53Z,,3362.3,,7,NONE,paid
317657,2221,2025-12-17T06:40:02Z,,4151.14,4151.14,7,,paid
317662,2230,2025-12-22T11:40:43Z,,5102.6,5102.60,8,NONE,pending_hold
317669,2236,2025-12-04T07:03:19Z,,1980.66,1980.66,4,NONE,pending_hold
317674,2243,2025-12-24T06:36:16Z,,3209.64,,4,WINTER-FLYER,pending_hold
317679,2249,2025-12-17T10:02:19Z,,7969.68,,10,NONE,paid
317680,2250,2025-12-15T13:10:18Z,,3233.06,,5,WINTER-FLYER,shipped
317682,2251,2025-12-03T08:03:08Z,,2254.3,,10,RAMADAN-BUNDLE,paid
317686,2255,2025-12-02T12:58:33Z,,3652.04,,7,NONE,paid
317687,2255,2025-12-14T09:24:52Z,,1238.41,1238.41,5,RAMADAN-BUNDLE,canceled
317688,2255,2025-12-26T08:52:43Z,,4834.22,4834.22,4,RAMADAN-BUNDLE,canceled
317693,2257,2025-12-12T07:09:38Z,,2820.41,2820.41,5,NONE,pending_hold
317699,2265,2025-12-09T15:15:07Z,,705.98,705.98,2,LUX-R6,shipped
317705,2270,2025-12-17T08:12:21Z,,6783.6,6783.60,7,NONE,paid
317709,2270,2025/12/21 12:27,,3876.07,3876.07,7,WINTER-FLYER,paid
317711,2274,2025-12-10T14:38:45Z,,4064.63,4064.63,6,WINTER-FLYER,paid
317715,2277,2025-12-07T10:36:10Z,,2684.84,2684.84,8,NONE,paid
317716,2282,2025/12/05 08:13,,175.54,175.54,3,WINTER-FLYER,paid
317717,2283,2025-12-28T17:49:52Z,,5011.19,,8,NONE,paid
317721,2287,2025-12-17T15:49:58Z,,8331.85,,14,NONE,paid
317724,2293,2025-12-03T11:59:46Z,,5729.07,5729.07,11,,paid
317725,2293,2025-12-12T06:16:56Z,,1554.94,1554.94,5,NONE,canceled
317727,2295,2025-12-25T07:38:21Z,,2834.1,,5,NONE,pending_hold
317732,2297,2025-12-10T15:03:14Z,,2303.18,,5,LUX-R6,canceled
317733,2297,2025-12-26T06:58:29Z,,1020.27,,3,WINTER-FLYER,paid
317736,2299,2025-12-12T13:28:32Z,,1145.29,,6,RAMADAN-BUNDLE,canceled
317741,2304,2025-12-15T13:53:06Z,,1028.14,1028.14,2,NONE,canceled
317742,2307,2025-12-14T08:40:07Z,,6853.82,,13,NONE,canceled
317743,2309,2025-12-03T08:22:55Z,,1338.23,,5,WINTER-FLYER,paid
317745,2312,2025-12-01T08:06:57Z,,4073.85,,11,WINTER-FLYER,paid
317752,2319,2025-12-02T08:07:19Z,,293.85,,2,NONE,paid
317754,2319,2025-12-04T14:11:11Z,,4347.9,4347.90,5,NONE,canceled
317761,2324,2025-12-14T08:02:30Z,,2675.04,,5,RAMADAN-BUNDLE,paid
317769,2332,2025-12-10T12:17:28Z,,1940.5,,5,LUX-R6,paid
317774,2335,2025-12-22T11:04:29Z,,3424.32,3424.32,5,WINTER-FLYER,canceled
317777,2338,2025-12-25T06:24:34Z,,11680.47,11680.47,15,RAMADAN-BUNDLE,canceled
317778,2340,2025-12-08T10:51:43Z,,1701.3,1701.30,5,LUX-R6,canceled
317779,2341,2025/12/02 15:06,,3916.02,3916.02,4,RAMADAN-BUNDLE,paid
317783,2345,2025-12-15T10:44:12Z,,1751.51,1751.51,3,NONE,paid
317802,2365,2025-12-15T07:11:55Z,,2633.12,,8,,canceled
317803,2365,2025-12-03T09:42:44Z,,9665.93,,12,WINTER-FLYER,paid
317805,2368,2025/12/28 11:37,,3090.49,3090.49,9,RAMADAN-BUNDLE,canceled
317806,2368,2025-12-28T08:58:08Z,,1686.83,,3,WINTER-FLYER,canceled
317811,2375,2025-12-17T08:47:57Z,,138.49,138.49,2,RAMADAN-BUNDLE,paid
317815,2377,2025-12-12T06:18:30Z,,6751.36,,9,NONE,shipped
317816,2382,2025-12-11T11:48:33Z,,3319.06,,4,WINTER-FLYER,paid
317817,2382,2025-12-13T06:02:21Z,,5557.53,5557.53,11,NONE,pending_hold
317818,2382,2025-12-02T11:34:35Z,,2220.71,,7,,canceled
317821,2383,2025-12-10T12:34:32Z,,1718.77,1718.77,5,NONE,paid
317835,2396,2025-12-21T12:59:40Z,,6406.46,6406.46,11,NONE,shipped
317836,2398,2025-12-21T12:02:54Z,,4811.36,4811.36,4,RAMADAN-BUNDLE,paid
317839,2400,2025-12-19T06:54:50Z,,3328.7,3328.70,11,LUX-R6,shipped
317844,2405,2025-12-06T12:59:40Z,,2411.07,,6,NONE,paid
317847,2407,2025-12-25T11:58:52Z,,2669.06,,5,WINTER-FLYER,paid
317852,2415,2025-12-14T06:21:50Z,,5279.78,,6,WINTER-FLYER,shipped
317854,2417,2025/12/17 14:24,,4646.06,,6,WINTER-FLYER,paid
317855,2418,2025-12-04T09:15:36Z,,4683.47,,5,,canceled
317860,2425,2025-12-22T06:05:08Z,,232.32,232.32,3,LUX-R6,shipped
317862,2425,2025-12-09T16:41:59Z,,1200.59,,3,WINTER-FLYER,pending_hold
317867,2430,2025-12-09T14:30:45Z,,3556.67,3556.67,7,WINTER-FLYER,canceled
317870,2431,2025-12-02T10:04:14Z,,2298.72,2298.72,3,WINTER-FLYER,pending_hold
317877,2439,2025-12-22T09:03:44Z,,4264.15,,5,NONE,pending_hold
317878,2440,2025-12-01T06:24:37Z,,4103.07,,3,NONE,paid
317880,2441,2025-12-08T12:05:04Z,,4991.07,4991.07,8,,paid
317883,2443,2025-12-26T13:59:45Z,,4022.9,4022.90,6,WINTER-FLYER,shipped
317906,2465,2025-12-14T07:32:56Z,,4141.18,,8,NONE,paid
317908,2472,2025-12-01T09:43:31Z,,5126.41,,15,LUX-R6,paid
317917,2479,2025-12-23T07:35:13Z,,2589.84,,8,WINTER-FLYER,shipped
317918,2479,2025-12-09T10:28:10Z,,6704.13,6704.13,9,WINTER-FLYER,canceled
317920,2479,2025-12-04T14:05:17Z,,1231.12,,4,RAMADAN-BUNDLE,shipped
317921,2479,2025-12-08T12:44:54Z,,3258.4,,7,WINTER-FLYER,shipped
317923,2481,2025-12-26T13:03:29Z,,1901.77,,6,RAMADAN-BUNDLE,paid
317926,2484,2025-12-19T11:46:19Z,,2849.94,2849.94,8,WINTER-FLYER,shipped
317937,2490,2025/12/26 12:56,,7307.81,,15,RAMADAN-BUNDLE,paid
317938,2492,2025-12-02T12:07:27Z,,2686.38,2686.38,6,NONE,canceled
317939,2492,2025-12-14T10:32:49Z,,11501.42,11501.42,14,WINTER-FLYER,paid
317948,2497,2025-12-27T11:51:32Z,,4579.9,,8,NONE,paid
317950,2498,2025-12-01T10:48:51Z,,4329.74,,6,NONE,pending_hold
317952,2498,2025-12-01T14:08:32Z,,3867.63,,7,NONE,canceled
317954,2499,2025-12-01T11:04:18Z,,1656.02,,5,NONE,shipped
317958,2508,2025-12-19T10:25:06Z,,4251.2,4251.20,6,,canceled
317959,2508,2025-12-13T08:28:08Z,,5261.12,,10,WINTER-FLYER,paid
317961,2509,2025-12-27T08:01:45Z,,6745.84,6745.84,6,NONE,paid
317962,2511,2025/12/05 10:12,,3080.21,,6,,paid
317963,2511,2025-12-23T14:38:13Z,,2422.17,2422.17,6,WINTER-FLYER,paid
317967,2513,2025-12-19T11:21:45Z,,8492.89,8492.89,10,LUX-R6,paid
317971,2515,2025-12-16T11:06:34Z,,3458.21,3458.21,7,NONE,canceled
317972,2517,2025/12/06 08:25,,990.85,990.85,3,WINTER-FLYER,canceled
317973,2518,2025-12-16T06:54:41Z,,1553.04,1553.04,7,LUX-R6,canceled
317977,2528,2025-12-01T06:13:40Z,,6071.65,6071.65,12,WINTER-FLYER,shipped
317978,2531,2025-12-18T08:56:23Z,,2686.01,2686.01,9,NONE,shipped
317980,2533,2025-12-02T08:21:34Z,,3068.58,,5,NONE,paid
317981,2535,2025-12-06T08:42:28Z,,4468.14,4468.14,8,WINTER-FLYER,pending_hold
317982,2535,2025-12-01T12:38:40Z,,2464.04,2464.04,7,,shipped
317983,2535,2025-12-26T09:10:20Z,,2270.68,,4,RAMADAN-BUNDLE,shipped
317988,2541,2025-12-10T12:31:08Z,,4276.39,,6,NONE,paid
317992,2542,2025-12-14T09:01:58Z,,2779.65,2779.65,5,NONE,shipped
317994,2544,2025-12-24T10:27:37Z,,4384.53,,6,,pending_hold
317997,2545,2025-12-15T13:03:58Z,,2929.65,,3,LUX-R6,canceled
317998,2545,2025-12-26T09:41:36Z,,2647.15,,7,NONE,shipped
318001,2552,2025-12-07T13:41:18Z,,2604.59,,3,RAMADAN-BUNDLE,paid
318004,2555,2025-12-16T08:45:03Z,,964.61,,5,NONE,paid
318005,2556,2025-12-10T06:05:20Z,,4098.32,4098.32,6,LUX-R6,paid
318010,2561,2025-12-08T08:14:09Z,,2073.59,,3,LUX-R6,shipped
318011,2561,2025-12-25T14:42:41Z,,4767.04,,9,NONE,paid
318014,2563,2025-12-09T07:49:26Z,,2473.26,2473.26,9,LUX-R6,pending_hold
318017,2564,2025-12-09T08:09:48Z,,2141.24,,8,NONE,paid
318021,2569,2025-12-16T14:08:01Z,,1608.63,,6,WINTER-FLYER,shipped
318027,2575,2025-12-09T13:27:40Z,,2757.38,2757.38,7,WINTER-FLYER,paid
318028,2576,2025-12-03T08:51:36Z,,2482.96,,6,RAMADAN-BUNDLE,shipped
318040,2588,2025-12-02T13:22:22Z,,3678.98,,4,NONE,canceled
318047,2593,2025-12-24T08:22:36Z,,2325.77,2325.77,7,,paid
318048,2594,2025-12-28T14:56:09Z,,2260.07,,3,NONE,paid
318054,2599,2025-12-19T06:58:36Z,,6467.03,,6,NONE,shipped
318055,2599,2025-12-21T16:09:34Z,,7409.18,7409.18,11,NONE,paid
318056,2599,2025-12-20T09:20:21Z,,5831.87,,10,,canceled
318061,2604,2025-12-01T06:46:53Z,,3617.58,3617.58,4,NONE,pending_hold
318062,2605,2025-12-09T06:11:40Z,,6324.01,,12,NONE,paid
318077,2620,2025-12-25T07:33:34Z,,3322.57,3322.57,5,NONE,pending_hold
318079,2622,2025-12-27T08:57:20Z,,3245.44,3245.44,7,RAMADAN-BUNDLE,paid
318080,2622,2025-12-20T12:50:53Z,,4959.48,,14,WINTER-FLYER,pending_hold
318081,2623,2025-12-20T06:08:41Z,,1472.25,,7,NONE,shipped
318083,2626,2025-12-05T08:01:51Z,,3646.06,,4,,shipped
318096,2643,2025/12/25 08:13,,1376.15,1376.15,3,NONE,shipped
318102,2645,2025-12-16T11:07:40Z,,6073.82,,8,NONE,paid
318104,2646,2025-12-06T15:43:56Z,,3329.39,,4,NONE,paid
318107,2648,2025-12-27T11:04:20Z,,2324.93,,4,RAMADAN-BUNDLE,paid
318108,2648,2025-12-10T11:52:38Z,,3749.8,3749.80,10,,canceled
318118,2660,2025-12-01T07:47:08Z,,5269.36,5269.36,9,RAMADAN-BUNDLE,shipped
318120,2663,2025-12-16T14:15:05Z,,3757.78,3757.78,7,,canceled
318121,2664,2025-12-14T09:22:27Z,,4061.37,,7,RAMADAN-BUNDLE,shipped
318128,2669,2025-12-19T07:50:26Z,,4024.02,,9,NONE,paid
318130,2670,2025-12-11T13:55:26Z,,6127.77,,8,NONE,paid
318132,2673,2025-12-27T08:26:57Z,,5826.32,5826.32,10,RAMADAN-BUNDLE,canceled
318133,2673,2025-12-10T07:35:20Z,,795.61,795.61,3,NONE,paid
318136,2673,2025-12-24T09:33:23Z,,1113.64,1113.64,4,LUX-R6,canceled
318137,2674,2025-12-09T10:24:44Z,,2598.4,2598.40,8,LUX-R6,paid
318140,2674,2025-12-01T13:24:31Z,,3383.1,,7,,paid
318143,2675,2025-12-15T11:01:35Z,,944.05,944.05,4,NONE,paid
318151,2681,2025-12-03T10:19:40Z,,1067.87,,6,,paid
318154,2688,2025-12-27T11:11:33Z,,3076.94,,8,LUX-R6,shipped
318158,2694,2025-12-06T12:27:16Z,,1563.31,,7,WINTER-FLYER,pending_hold
318163,2699,2025-12-28T12:10:23Z,,1914.97,,4,LUX-R6,paid
318169,2707,2025-12-22T08:21:05Z,,2676.25,2676.25,8,,paid
318171,2707,2025-12-08T10:37:26Z,,8314.61,,6,NONE,paid
318172,2710,2025-12-05T12:17:02Z,,3949.96,,5,RAMADAN-BUNDLE,pending_hold
318177,2712,2025-12-24T14:15:05Z,,1061.93,1061.93,4,RAMADAN-BUNDLE,paid
318183,2722,2025-12-23T07:16:09Z,,2047.14,2047.14,6,NONE,canceled
318189,2726,2025-12-27T08:50:15Z,,3757.55,,9,WINTER-FLYER,pending_hold
318190,2726,2025-12-08T12:55:29Z,,1262.46,,5,WINTER-FLYER,paid
318191,2726,2025-12-06T08:20:06Z,,3258.08,,10,NONE,paid
318195,2728,2025-12-09T11:15:28Z,,3737.61,,6,,paid
318197,2731,2025-12-16T08:03:31Z,,1615.39,,5,NONE,canceled
318198,2731,2025-12-13T13:04:34Z,,2234.21,,5,LUX-R6,canceled
318202,2734,2025-12-04T13:19:55Z,,2557.53,2557.53,4,NONE,paid
318203,2739,2025-12-17T07:19:11Z,,2006.78,2006.78,6,,paid
318204,2739,2025-12-12T07:47:41Z,,2983.75,,9,NONE,pending_hold
318206,2741,2025-12-25T08:40:22Z,,2289.84,,5,LUX-R6,paid
318210,2748,2025-12-27T08:21:20Z,,4143.9,4143.90,6,RAMADAN-BUNDLE,paid
318211,2748,2025-12-26T12:09:08Z,,5266.59,5266.59,7,WINTER-FLYER,pending_hold
318212,2748,2025-12-11T10:08:15Z,,7922.67,7922.67,11,NONE,paid
318214,2750,2025/12/01 08:43,,3464.95,3464.95,5,NONE,paid
318216,2750,2025-12-14T07:26:08Z,,1866.13,1866.13,4,LUX-R6,shipped
318217,2751,2025-12-22T07:42:44Z,,3538.06,,5,,canceled
318222,2753,2025-12-18T10:05:12Z,,1346.25,1346.25,5,RAMADAN-BUNDLE,paid
318232,2761,2025-12-20T13:31:00Z,,1390.86,,3,NONE,paid
318235,2763,2025-12-25T14:46:50Z,,3081.66,,6,RAMADAN-BUNDLE,pending_hold
318236,2765,2025-12-08T09:55:06Z,,5561.95,5561.95,8,,shipped
318239,2767,2025-12-11T09:14:42Z,,2187.51,2187.51,8,WINTER-FLYER,paid
318242,2769,2025-12-24T11:58:19Z,,5309.29,5309.29,8,NONE,pending_hold
318245,2772,2025-12-03T06:28:24Z,,9112.51,9112.51,13,NONE,canceled
318248,2776,2025-12-12T08:52:45Z,,5886.71,5886.71,10,LUX-R6,canceled
318249,2776,2025-12-01T08:45:51Z,,1633.4,1633.40,5,,paid
318250,2780,2025-12-13T08:43:51Z,,13302.04,13302.04,13,RAMADAN-BUNDLE,shipped
318259,2786,2025-12-22T14:55:11Z,,4007.06,,10,WINTER-FLYER,canceled
318260,2789,2025-12-08T11:58:40Z,,8089.54,8089.54,11,WINTER-FLYER,paid
318262,2793,2025-12-11T09:41:36Z,,1673.11,,4,LUX-R6,paid
318263,2795,2025-12-20T13:22:43Z,,2663.69,2663.69,5,,paid
318264,2795,2025-12-20T14:16:01Z,,854.28,,4,NONE,paid
318268,2797,2025/12/28 13:15,,999.94,999.94,2,NONE,paid
318271,2799,2025-12-22T12:53:15Z,,4376.52,4376.52,8,WINTER-FLYER,paid
318272,2801,2025/12/17 12:45,,2041.88,2041.88,3,WINTER-FLYER,paid
318273,2801,2025-12-17T09:38:55Z,,3247.75,,7,RAMADAN-BUNDLE,shipped
318276,2803,2025-12-27T14:24:53Z,,3864.38,,7,NONE,pending_hold
318279,2805,2025-12-15T13:26:43Z,,7064.1,,12,NONE,paid
318282,2807,2025-12-14T06:14:01Z,,2193.62,,4,WINTER-FLYER,paid
318285,2812,2025-12-27T06:20:27Z,,1462.69,,7,LUX-R6,paid
318289,2814,2025-12-04T10:55:30Z,,6515.3,,13,WINTER-FLYER,canceled
318292,2817,2025-12-02T14:06:37Z,,1461.25,,3,,paid
318295,2818,2025-12-13T10:34:22Z,,5426.33,,8,RAMADAN-BUNDLE,pending_hold
318296,2818,2025-12-17T06:03:50Z,,6454.16,,9,,canceled
318297,2818,2025-12-03T14:14:04Z,,2465.19,2465.19,7,,paid
318298,2818,2025-12-23T14:18:33Z,,2642.3,2642.30,5,WINTER-FLYER,paid
318301,2819,2025/12/04 09:53,,1552.91,,3,WINTER-FLYER,paid
318303,2822,2025-12-09T13:09:26Z,,1399.47,,4,NONE,paid
318306,2824,2025-12-25T07:33:10Z,,2030.82,,6,RAMADAN-BUNDLE,shipped
318309,2824,2025-12-17T12:26:29Z,,2643.04,,4,RAMADAN-BUNDLE,paid
318310,2824,2025-12-20T15:19:22Z,,4594.96,,9,,paid
318315,1000,2026-01-10T08:43:03Z,,3989.79,3989.79,5,RAMADAN-BUNDLE,paid
318317,1002,2026-01-14T09:02:21Z,,4895.56,,5,NONE,canceled
318318,1002,2026-01-28T10:54:18Z,,1692.18,1692.18,4,WINTER-FLYER,canceled
318319,1004,2026-01-25T10:55:03Z,,6038.62,,6,LUX-R6,paid
318324,1006,2026-01-26T15:15:24Z,,2740.38,,6,LUX-R6,shipped
318325,1011,2026-01-24T06:08:03Z,,2575.59,2575.59,6,WINTER-FLYER,canceled
318326,1011,2026-01-10T09:19:25Z,,896.56,896.56,3,,paid
318327,1011,2026-01-13T09:19:18Z,,1974.61,1974.61,7,WINTER-FLYER,canceled
318334,1017,2026-01-26T07:53:00Z,,2077.7,2077.70,6,RAMADAN-BUNDLE,paid
318335,1019,2026-01-17T09:23:31Z,,4077.02,,5,NONE,shipped
318336,1019,2026/01/01 08:31,,1562.3,,4,NONE,paid
318338,1022,2026-01-05T12:46:59Z,,9029.0,,11,WINTER-FLYER,paid
318339,1022,2026-01-09T06:31:48Z,,5131.31,,6,LUX-R6,paid
318343,1026,2026-01-04T11:22:58Z,,2401.24,2401.24,9,WINTER-FLYER,paid
318349,1036,2026-01-14T08:13:31Z,,3537.13,3537.13,5,NONE,canceled
318352,1045,2026-01-24T14:51:31Z,,2221.78,,6,RAMADAN-BUNDLE,shipped
318358,1052,2026-01-20T10:21:40Z,,10691.6,10691.60,14,RAMADAN-BUNDLE,shipped
318364,1053,2026-01-06T06:46:54Z,,5222.75,5222.75,6,NONE,shipped
318366,1053,2026-01-20T14:14:27Z,,8212.44,,15,NONE,pending_hold
318367,1055,2026-01-03T15:32:09Z,,2423.05,2423.05,4,NONE,paid
318371,1058,2026-01-06T15:54:22Z,,4175.99,4175.99,9,RAMADAN-BUNDLE,shipped
318372,1061,2026-01-13T14:16:04Z,,4314.02,4314.02,9,WINTER-FLYER,canceled
318373,1064,2026-01-17T15:31:20Z,,2104.3,,2,RAMADAN-BUNDLE,canceled
318374,1064,2026-01-11T07:54:13Z,,3337.57,3337.57,13,WINTER-FLYER,canceled
318376,1065,2026-01-16T08:58:31Z,,1547.58,,6,NONE,paid
318378,1065,2026-01-15T10:06:32Z,,1317.1,1317.10,3,NONE,paid
318381,1066,2026-01-16T06:03:10Z,,1895.16,1895.16,7,LUX-R6,paid
318382,1067,2026-01-08T08:22:31Z,,4750.13,,11,WINTER-FLYER,paid
318383,1067,2026-01-20T09:57:40Z,,1705.78,,6,,pending_hold
318384,1067,2026-01-26T13:00:06Z,,1996.31,,6,RAMADAN-BUNDLE,paid
318385,1069,2026-01-17T13:01:42Z,,5955.78,,9,RAMADAN-BUNDLE,paid
318386,1071,2026-01-27T18:57:34Z,,8196.58,,11,RAMADAN-BUNDLE,paid
318393,1081,2026-01-09T06:46:45Z,,4049.48,,9,,paid
318395,1083,2026-01-07T16:14:33Z,,956.79,956.79,2,NONE,paid
318396,1083,2026-01-10T10:42:03Z,,1302.05,,4,,paid
318398,1083,2026-01-19T06:38:42Z,,1080.73,,4,RAMADAN-BUNDLE,pending_hold
318400,1086,2026-01-04T11:27:20Z,,2790.97,2790.97,7,NONE,canceled
318410,1098,2026-01-19T13:36:31Z,,2588.46,2588.46,5,WINTER-FLYER,paid
318411,1099,2026-01-15T10:10:42Z,,2314.21,2314.21,4,NONE,paid
318412,1100,2026/01/22 13:30,,2647.5,,4,LUX-R6,paid
318413,1100,2026-01-11T11:49:42Z,,4874.94,,7,WINTER-FLYER,paid
318418,1106,2026-01-27T15:16:46Z,,6114.06,,7,NONE,pending_hold
318419,1106,2026-01-19T10:44:51Z,,1616.59,1616.59,4,NONE,paid
318425,1109,2026-01-18T09:25:52Z,,3535.02,3535.02,5,LUX-R6,paid
318426,1109,2026-01-13T07:09:55Z,,3842.53,3842.53,6,RAMADAN-BUNDLE,paid
318431,1118,2026-01-15T11:51:29Z,,6256.93,6256.93,6,WINTER-FLYER,pending_hold
318433,1119,2026-01-09T06:30:37Z,,1654.75,,3,RAMADAN-BUNDLE,paid
318438,1123,2026-01-27T06:48:49Z,,3938.24,3938.24,13,WINTER-FLYER,paid
318442,1128,2026-01-20T08:13:37Z,,5705.51,5705.51,7,,paid
318446,1134,2026-01-14T12:36:39Z,,759.86,,4,NONE,paid
318447,1135,2026-01-17T13:38:16Z,,4031.56,4031.56,8,WINTER-FLYER,shipped
318449,1136,2026-01-11T10:50:58Z,,3030.0,3030.00,8,NONE,shipped
318453,1139,2026-01-06T06:05:31Z,,1957.52,1957.52,4,LUX-R6,paid
318457,1141,2026-01-10T13:04:32Z,,1423.83,,2,WINTER-FLYER,canceled
318458,1141,2026-01-22T11:57:46Z,,8368.08,8368.08,12,WINTER-FLYER,pending_hold
318460,1142,2026-01-22T08:27:32Z,,5259.22,,10,RAMADAN-BUNDLE,shipped
318464,1146,2026-01-02T09:42:24Z,,4815.59,4815.59,11,LUX-R6,paid
318467,1151,2026-01-05T08:04:29Z,,4450.54,,7,NONE,canceled
318471,1153,2026-01-18T08:28:08Z,,1333.34,,4,NONE,paid
318475,1158,2026-01-12T06:42:07Z,,6912.86,6912.86,6,RAMADAN-BUNDLE,paid
318476,1158,2026-01-10T13:31:44Z,,2281.17,,5,LUX-R6,pending_hold
318477,1160,2026-01-14T12:14:38Z,,2411.28,2411.28,7,LUX-R6,shipped
318480,1163,2026-01-02T12:31:01Z,,1871.26,1871.26,3,LUX-R6,paid
318482,1166,2026-01-12T11:53:39Z,,4652.4,4652.40,12,NONE,paid
318486,1171,2026/01/12 10:48,,3102.68,,4,RAMADAN-BUNDLE,paid
318487,1171,2026-01-10T07:11:59Z,,1623.45,1623.45,2,,paid
318491,1177,2026-01-05T09:19:04Z,,2640.45,,4,LUX-R6,paid
318492,1177,2026-01-04T09:48:49Z,,3853.31,3853.31,6,LUX-R6,paid
318493,1182,2026-01-27T08:22:13Z,,1703.96,1703.96,2,RAMADAN-BUNDLE,shipped
318494,1182,2026-01-22T11:17:27Z,,2328.51,,5,,pending_hold
318495,1182,2026-01-02T07:47:32Z,,3489.69,,5,WINTER-FLYER,pending_hold
318496,1183,2026-01-24T12:58:20Z,,3026.12,,5,WINTER-FLYER,paid
318497,1185,2026-01-10T10:23:56Z,,3581.57,3581.57,9,RAMADAN-BUNDLE,paid
318499,1188,2026-01-23T08:31:33Z,,5030.4,,8,,canceled
318500,1188,2026-01-19T10:05:06Z,,2945.57,2945.57,8,RAMADAN-BUNDLE,shipped
318501,1188,2026-01-21T11:28:45Z,,2694.21,2694.21,6,LUX-R6,paid
318502,1188,2026/01/15 12:16,,2300.54,2300.54,3,WINTER-FLYER,pending_hold
318504,1191,2026-01-02T08:19:51Z,,2720.94,,4,,shipped
318509,1194,2026-01-05T09:35:50Z,,3653.85,,11,RAMADAN-BUNDLE,canceled
318510,1194,2026-01-28T09:29:27Z,,3885.57,3885.57,8,RAMADAN-BUNDLE,pending_hold
318514,1203,2026-01-14T12:10:27Z,,2555.99,,5,WINTER-FLYER,paid
318518,1204,2026/01/20 12:21,,2272.43,2272.43,7,NONE,shipped
318522,1207,2026-01-21T11:34:05Z,,1244.39,,2,WINTER-FLYER,shipped
318524,1207,2026-01-13T10:00:24Z,,4535.26,4535.26,9,LUX-R6,paid
318527,1209,2026-01-02T12:05:18Z,,5027.11,5027.11,9,WINTER-FLYER,canceled
318532,1215,2026-01-23T09:07:11Z,,3570.95,,3,NONE,paid
318535,1221,2026-01-01T15:36:33Z,,3780.89,3780.89,7,NONE,paid
318536,1221,2026-01-17T12:10:00Z,,820.74,820.74,4,WINTER-FLYER,paid
318537,1222,2026/01/05 09:03,,1340.79,,7,RAMADAN-BUNDLE,paid
318538,1224,2026-01-15T11:20:08Z,,2076.15,2076.15,5,NONE,paid
318539,1224,2026-01-19T13:29:41Z,,4098.79,,9,RAMADAN-BUNDLE,pending_hold
318540,1224,2026-01-05T06:50:20Z,,2260.69,2260.69,4,NONE,paid
318542,1227,2026-01-06T12:20:41Z,,3667.46,,8,NONE,paid
318553,1256,2026-01-24T06:07:22Z,,2446.15,,5,,pending_hold
318557,1259,2026-01-12T09:23:12Z,,435.07,435.07,2,RAMADAN-BUNDLE,paid
318558,1261,2026-01-08T13:20:07Z,,3815.66,3815.66,10,RAMADAN-BUNDLE,paid
318559,1261,2026-01-01T06:32:05Z,,1381.57,1381.57,5,RAMADAN-BUNDLE,pending_hold
318561,1262,2026-01-04T08:39:07Z,,558.67,,3,NONE,paid
318567,1270,2026/01/07 12:00,,5150.23,,8,RAMADAN-BUNDLE,paid
318569,1272,2026-01-15T09:24:15Z,,2639.43,2639.43,6,LUX-R6,canceled
318570,1276,2026-01-28T12:34:42Z,,1390.2,,3,NONE,pending_hold
318572,1277,2026-01-17T06:31:50Z,,1775.97,,6,NONE,paid
318574,1280,2026-01-07T10:40:53Z,,3521.86,,10,LUX-R6,paid
318577,1282,2026-01-17T12:20:18Z,,1636.7,,2,NONE,paid
318581,1293,2026-01-15T15:08:59Z,,5015.79,5015.79,9,NONE,paid
318583,1296,2026-01-26T09:58:49Z,,1004.36,,6,WINTER-FLYER,paid
318586,1297,2026-01-07T14:17:21Z,,1553.33,,7,WINTER-FLYER,paid
318599,1299,2026-01-03T19:17:04Z,,1999.79,,4,NONE,paid
318600,1303,2026-01-06T12:48:32Z,,2266.09,2266.09,4,RAMADAN-BUNDLE,canceled
318601,1303,2026-01-19T14:39:44Z,,5977.74,5977.74,15,WINTER-FLYER,shipped
318602,1303,2026/01/10 18:34,,1369.31,1369.31,3,RAMADAN-BUNDLE,paid
318609,1313,2026-01-08T09:01:36Z,,2329.88,2329.88,3,NONE,shipped
318610,1313,2026-01-28T07:18:50Z,,4877.56,,6,RAMADAN-BUNDLE,pending_hold
318611,1313,2026-01-25T13:57:03Z,,2645.62,,7,NONE,paid
318613,1318,2026-01-13T06:05:14Z,,4603.43,4603.43,9,NONE,shipped
318617,1326,2026-01-16T06:38:07Z,,1003.61,1003.61,4,RAMADAN-BUNDLE,canceled
318618,1326,2026-01-12T07:12:28Z,,3288.52,,7,WINTER-FLYER,canceled
318620,1328,2026-01-01T14:38:24Z,,1399.07,,3,NONE,paid
318622,1328,2026-01-05T13:02:11Z,,2249.39,,4,RAMADAN-BUNDLE,canceled
318624,1333,2026/01/14 10:29,,4152.8,,6,WINTER-FLYER,shipped
318626,1333,2026-01-26T11:22:15Z,,2277.95,,6,NONE,paid
318629,1335,2026-01-22T06:35:55Z,,4887.48,,4,RAMADAN-BUNDLE,pending_hold
318631,1337,2026-01-21T13:59:40Z,,1637.67,,4,WINTER-FLYER,paid
318632,1337,2026-01-04T11:29:07Z,,1657.72,1657.72,4,NONE,paid
318633,1337,2026/01/14 12:32,,1510.32,1510.32,4,RAMADAN-BUNDLE,canceled
318635,1340,2026-01-21T08:13:04Z,,4772.91,4772.91,8,NONE,paid
318638,1342,2026/01/13 12:17,,339.59,,3,NONE,canceled
318641,1345,2026-01-09T06:59:28Z,,2479.34,2479.34,6,NONE,shipped
318642,1345,2026-01-13T12:41:33Z,,2484.39,,6,NONE,shipped
318650,1354,2026-01-06T09:47:56Z,,2427.0,,8,,pending_hold
318653,1357,2026-01-14T13:18:56Z,,4729.93,,9,RAMADAN-BUNDLE,shipped
318654,1357,2026-01-05T06:26:06Z,,1599.44,,6,WINTER-FLYER,pending_hold
318666,1373,2026-01-09T11:36:12Z,,1464.36,,5,NONE,paid
318670,1375,2026-01-23T07:44:38Z,,3346.82,,6,NONE,pending_hold
318671,1376,2026-01-14T06:49:14Z,,2340.21,,5,WINTER-FLYER,pending_hold
318684,1390,2026/01/19 14:15,,2772.44,2772.44,10,,paid
318685,1391,2026-01-18T06:08:59Z,,2312.23,2312.23,7,RAMADAN-BUNDLE,pending_hold
318687,1393,2026-01-09T06:11:18Z,,3230.43,,5,NONE,paid
318688,1393,2026-01-08T12:39:16Z,,3051.59,,6,NONE,paid
318689,1394,2026-01-03T12:57:50Z,,2039.99,,5,LUX-R6,pending_hold
318690,1395,2026-01-27T11:35:42Z,,815.73,,4,NONE,paid
318694,1400,2026-01-04T07:19:57Z,,1262.16,,6,LUX-R6,paid
318696,1401,2026-01-05T11:23:33Z,,547.6,,3,RAMADAN-BUNDLE,canceled
318699,1404,2026-01-16T10:45:15Z,,3417.86,,9,NONE,shipped
318700,1404,2026-01-17T09:19:07Z,,4714.58,4714.58,6,NONE,canceled
318701,1405,2026-01-06T08:34:54Z,,1836.44,,6,RAMADAN-BUNDLE,canceled
318703,1406,2026-01-03T11:12:50Z,,1659.98,,5,LUX-R6,shipped
318704,1406,2026-01-24T07:20:13Z,,1650.24,1650.24,3,,paid
318705,1407,2026-01-07T12:21:32Z,,3333.94,,4,RAMADAN-BUNDLE,shipped
318708,1415,2026-01-04T07:54:15Z,,4252.15,,11,,pending_hold
318709,1416,2026-01-22T12:16:22Z,,2652.89,,6,NONE,paid
318710,1418,2026-01-09T07:18:55Z,,1345.44,1345.44,5,LUX-R6,paid
318711,1418,2026-01-10T14:54:55Z,,8687.92,,8,WINTER-FLYER,canceled
318713,1420,2026-01-17T06:19:16Z,,5648.54,,13,NONE,canceled
318715,1422,2026-01-20T06:05:10Z,,6376.96,6376.96,12,NONE,shipped
318716,1422,2026-01-22T09:18:07Z,,2350.03,,5,NONE,canceled
318719,1429,2026-01-21T09:26:50Z,,3020.85,,3,LUX-R6,paid
318725,1434,2026-01-23T06:32:35Z,,3957.65,3957.65,15,WINTER-FLYER,canceled
318729,1439,2026-01-21T12:58:10Z,,1222.74,1222.74,3,,paid
318731,1440,2026-01-06T06:34:49Z,,1382.71,,5,,pending_hold
318740,1455,2026-01-25T11:41:56Z,,2273.33,,5,RAMADAN-BUNDLE,paid
318745,1464,2026-01-13T12:28:35Z,,3904.14,3904.14,7,NONE,canceled
318750,1471,2026/01/26 10:18,,1394.2,1394.20,3,NONE,canceled
318753,1475,2026-01-19T15:03:33Z,,4747.6,,4,NONE,paid
318759,1482,2026-01-28T06:32:54Z,,1980.27,1980.27,5,NONE,shipped
318763,1488,2026-01-01T13:09:40Z,,3068.02,,12,,pending_hold
318767,1496,2026-01-14T09:02:01Z,,5037.48,5037.48,7,NONE,paid
318768,1498,2026-01-24T14:42:25Z,,7179.97,,10,NONE,paid
318772,1502,2026-01-24T08:39:34Z,,2104.99,2104.99,6,NONE,paid
318773,1503,2026-01-02T09:39:53Z,,2469.06,,7,NONE,shipped
318774,1504,2026-01-28T13:42:30Z,,2849.67,,3,NONE,pending_hold
318777,1505,2026-01-09T13:38:54Z,,3791.62,3791.62,4,RAMADAN-BUNDLE,paid
318779,1507,2026-01-20T07:50:38Z,,1481.43,1481.43,4,RAMADAN-BUNDLE,paid
318781,1507,2026-01-28T11:11:58Z,,903.22,903.22,4,,pending_hold
318782,1507,2026-01-11T13:28:05Z,,981.02,,2,WINTER-FLYER,paid
318783,1509,2026-01-01T12:04:01Z,,3698.61,,4,,pending_hold
318784,1509,2026-01-03T06:31:54Z,,3929.48,,11,NONE,canceled
318787,1514,2026-01-04T11:54:59Z,,2738.01,2738.01,7,LUX-R6,paid
318788,1515,2026-01-08T11:36:32Z,,2207.4,,4,WINTER-FLYER,paid
318801,1523,2026-01-23T06:09:18Z,,3729.45,3729.45,10,WINTER-FLYER,paid
318802,1523,2026-01-24T12:56:04Z,,2675.08,2675.08,4,NONE,shipped
318804,1535,2026-01-28T09:32:06Z,,1354.58,1354.58,4,NONE,paid
318805,1535,2026-01-24T09:34:46Z,,5156.42,5156.42,6,NONE,paid
318806,1535,2026/01/12 10:13,,2653.36,,5,NONE,paid
318808,1537,2026-01-23T12:49:26Z,,1511.14,1511.14,4,NONE,paid
318809,1538,2026-01-21T10:29:08Z,,2909.94,,7,,shipped
318813,1540,2026-01-27T13:35:16Z,,4388.13,4388.13,9,WINTER-FLYER,paid
318822,1552,2026-01-11T13:33:59Z,,525.68,525.68,4,NONE,paid
318823,1553,2026-01-07T07:51:19Z,,748.63,,3,RAMADAN-BUNDLE,pending_hold
318827,1554,2026/01/16 17:22,,10861.54,10861.54,12,RAMADAN-BUNDLE,paid
318830,1557,2026-01-16T12:11:03Z,,3044.9,3044.90,4,WINTER-FLYER,canceled
318854,1584,2026-01-18T07:49:46Z,,4371.37,,9,WINTER-FLYER,paid
318855,1584,2026-01-15T06:14:20Z,,7011.22,,11,,paid
318856,1584,2026-01-20T15:35:18Z,,889.47,889.47,2,NONE,canceled
318859,1586,2026-01-21T06:04:04Z,,7789.7,,11,NONE,paid
318861,1589,2026-01-08T10:02:34Z,,1021.28,1021.28,4,,paid
318867,1594,2026-01-02T10:18:37Z,,4831.72,,10,NONE,pending_hold
318869,1595,2026-01-11T09:24:01Z,,7536.4,,13,LUX-R6,paid
318874,1600,2026-01-12T09:34:26Z,,3752.91,3752.91,8,NONE,paid
318875,1601,2026-01-16T11:00:22Z,,2472.73,,6,NONE,paid
318885,1618,2026-01-18T11:32:18Z,,3767.52,3767.52,4,LUX-R6,paid
318894,1637,2026-01-22T16:46:43Z,,5665.92,,8,WINTER-FLYER,paid
318905,1650,2026-01-05T10:18:36Z,,7107.7,,15,,shipped
318906,1650,2026-01-05T07:16:43Z,,1809.61,,5,LUX-R6,pending_hold
318907,1652,2026-01-09T06:43:15Z,,5604.24,5604.24,11,RAMADAN-BUNDLE,canceled
318914,1659,2026-01-05T15:54:23Z,,5509.87,,10,NONE,shipped
318922,1669,2026-01-28T08:23:44Z,,4442.39,,8,NONE,shipped
318924,1670,2026-01-08T08:35:28Z,,2435.65,2435.65,6,,shipped
318930,1682,2026-01-09T10:35:27Z,,4750.92,4750.92,8,NONE,paid
318931,1682,2026-01-06T09:53:19Z,,8912.94,8912.94,12,LUX-R6,shipped
318933,1682,2026/01/13 13:22,,2480.87,,6,,shipped
318937,1685,2026-01-25T11:36:14Z,,4904.64,4904.64,10,RAMADAN-BUNDLE,paid
318945,1699,2026-01-23T08:49:02Z,,2983.09,,8,NONE,shipped
318947,1700,2026-01-28T09:49:07Z,,2005.51,,2,NONE,pending_hold
318948,1701,2026-01-06T06:23:56Z,,3402.45,3402.45,7,LUX-R6,pending_hold
318950,1701,2026-01-13T10:12:12Z,,4374.64,,11,,paid
318958,1706,2026-01-01T12:39:40Z,,2569.53,,6,,canceled
318962,1708,2026-01-23T07:55:16Z,,5898.13,,10,NONE,pending_hold
318963,1708,2026-01-28T10:20:43Z,,2336.55,,9,NONE,paid
318965,1710,2026-01-15T10:46:49Z,,6260.46,,12,NONE,paid
318966,1713,2026/01/19 16:28,,5538.23,5538.23,10,,paid
318968,1717,2026-01-21T13:40:39Z,,1770.12,,6,,paid
318971,1718,2026-01-07T07:02:10Z,,2562.73,,8,,canceled
318978,1726,2026-01-16T16:32:15Z,,5758.0,,6,,paid
318982,1729,2026-01-17T08:04:02Z,,4690.82,,10,,paid
318984,1733,2026-01-09T09:10:54Z,,5237.65,,8,LUX-R6,shipped
318985,1733,2026-01-13T12:49:30Z,,4136.58,4136.58,5,NONE,pending_hold
318991,1745,2026-01-20T09:48:26Z,,3335.35,3335.35,8,NONE,pending_hold
318993,1748,2026/01/24 13:34,,4267.18,,4,LUX-R6,pending_hold
318994,1748,2026-01-03T11:15:44Z,,1285.48,,6,NONE,paid
318995,1749,2026-01-14T12:06:19Z,,6193.65,,15,RAMADAN-BUNDLE,paid
318996,1749,2026-01-20T11:10:16Z,,1269.0,1269.00,2,NONE,canceled
318999,1755,2026-01-16T06:46:14Z,,2548.03,2548.03,7,,paid
319002,1756,2026-01-05T11:07:01Z,,6804.58,6804.58,10,,paid
319005,1759,2026-01-04T10:20:20Z,,2721.28,,6,RAMADAN-BUNDLE,paid
319007,1761,2026-01-18T11:40:20Z,,1029.95,,4,RAMADAN-BUNDLE,paid
319011,1764,2026-01-05T08:08:58Z,,3133.92,,6,WINTER-FLYER,canceled
319014,1767,2026-01-11T08:53:27Z,,3607.86,3607.86,6,WINTER-FLYER,canceled
319026,1781,2026-01-04T09:47:03Z,,4269.36,,11,WINTER-FLYER,pending_hold
319028,1782,2026-01-16T09:27:47Z,,4148.4,,6,RAMADAN-BUNDLE,paid
319029,1783,2026-01-15T15:26:37Z,,2458.9,,2,LUX-R6,shipped
319031,1784,2026-01-16T09:38:29Z,,1824.48,1824.48,8,RAMADAN-BUNDLE,canceled
319036,1795,2026-01-03T08:04:16Z,,2636.68,,5,RAMADAN-BUNDLE,paid
319037,1795,2026-01-05T07:22:19Z,,6128.99,,8,LUX-R6,paid
319039,1796,2026-01-14T09:39:26Z,,2026.35,,4,WINTER-FLYER,pending_hold
319041,1799,2026-01-05T13:58:11Z,,6528.06,,12,NONE,paid
319042,1799,2026-01-24T12:19:24Z,,8222.91,,11,NONE,canceled
319060,1816,2026-01-27T07:16:35Z,,5024.22,,9,WINTER-FLYER,canceled
319062,1820,2026/01/16 14:50,,4537.28,,12,NONE,pending_hold
319063,1823,2026-01-01T10:54:40Z,,460.19,460.19,2,LUX-R6,canceled
319065,1825,2026-01-23T09:10:31Z,,1891.74,,5,LUX-R6,pending_hold
319071,1830,2026-01-08T13:33:09Z,,1825.51,,4,,pending_hold
319072,1830,2026-01-04T13:11:02Z,,6028.13,,6,RAMADAN-BUNDLE,paid
319077,1835,2026-01-02T11:14:54Z,,1963.07,1963.07,4,NONE,shipped
319083,1844,2026-01-26T13:07:40Z,,7702.49,,14,LUX-R6,paid
319088,1848,2026-01-07T10:32:42Z,,2843.49,,2,WINTER-FLYER,paid
319092,1854,2026-01-01T08:34:15Z,,3087.21,3087.21,8,NONE,paid
319093,1854,2026-01-17T10:01:44Z,,3557.32,3557.32,7,,paid
319097,1856,2026-01-15T09:29:00Z,,1904.34,,4,NONE,paid
319099,1857,2026-01-08T10:27:47Z,,4875.68,4875.68,6,NONE,canceled
319103,1859,2026-01-22T10:01:49Z,,3960.62,,9,NONE,paid
319111,1866,2026-01-23T09:19:53Z,,1828.68,,5,NONE,paid
319118,1878,2026/01/23 13:04,,3856.77,,5,NONE,paid
319121,1882,2026-01-26T12:10:17Z,,4071.42,,7,LUX-R6,pending_hold
319132,1897,2026-01-12T10:02:24Z,,4814.07,4814.07,7,RAMADAN-BUNDLE,shipped
319135,1899,2026-01-14T08:39:00Z,,2825.91,,6,LUX-R6,paid
319138,1900,2026-01-15T06:16:02Z,,2285.09,2285.09,7,WINTER-FLYER,paid
319145,1912,2026-01-18T12:51:32Z,,2593.26,,5,,shipped
319146,1912,2026-01-28T08:54:03Z,,2048.97,2048.97,7,LUX-R6,paid
319147,1912,2026-01-08T11:03:50Z,,6007.31,,14,LUX-R6,paid
319148,1912,2026/01/07 08:33,,2104.78,,4,LUX-R6,pending_hold
319152,1913,2026-01-13T07:30:39Z,,8871.38,,10,NONE,pending_hold
319153,1913,2026-01-01T09:06:11Z,,1969.94,,6,NONE,shipped
319154,1915,2026-01-05T10:21:28Z,,5032.94,5032.94,6,,pending_hold
319155,1915,2026-01-22T09:55:50Z,,3072.58,,9,NONE,shipped
319158,1918,2026-01-22T09:45:56Z,,5674.87,,7,,canceled
319162,1921,2026-01-03T13:26:43Z,,4491.11,4491.11,9,RAMADAN-BUNDLE,shipped
319163,1921,2026-01-19T07:39:35Z,,1535.59,,3,,shipped
319164,1921,2026/01/02 12:44,,1488.88,1488.88,4,WINTER-FLYER,paid
319168,1924,2026-01-15T12:41:51Z,,3903.47,3903.47,8,WINTER-FLYER,paid
319170,1925,2026-01-23T08:14:34Z,,1945.33,,2,NONE,pending_hold
319175,1929,2026-01-09T08:45:50Z,,1830.88,1830.88,4,NONE,shipped
319177,1930,2026-01-04T16:16:54Z,,1160.46,,3,NONE,canceled
319178,1930,2026-01-05T07:14:39Z,,3116.96,,10,LUX-R6,canceled
319179,1932,2026-01-07T06:00:50Z,,2949.22,2949.22,8,NONE,paid
319186,1941,2026-01-08T08:08:04Z,,1700.66,,5,WINTER-FLYER,pending_hold
319192,1950,2026-01-27T08:23:39Z,,2486.93,2486.93,9,,shipped
319196,1956,2026-01-18T14:47:22Z,,2305.03,2305.03,9,WINTER-FLYER,paid
319203,1960,2026-01-24T11:06:04Z,,5486.0,,10,LUX-R6,paid
319209,1968,2026-01-09T09:43:46Z,,2120.25,2120.25,5,NONE,canceled
319212,1973,2026-01-03T10:24:52Z,,3467.08,,5,NONE,paid
319214,1973,2026/01/05 11:39,,5310.48,5310.48,6,NONE,shipped
319218,1984,2026-01-10T11:44:37Z,,4704.2,,9,LUX-R6,paid
319221,1988,2026-01-28T12:30:38Z,,3291.31,3291.31,7,NONE,canceled
319224,1991,2026-01-09T10:01:57Z,,5086.01,,15,WINTER-FLYER,canceled
319227,1993,2026-01-14T09:46:48Z,,1536.56,1536.56,7,LUX-R6,paid
319228,1994,2026-01-06T11:04:48Z,,1951.69,,2,RAMADAN-BUNDLE,paid
319230,1994,2026/01/17 14:43,,2279.68,,4,RAMADAN-BUNDLE,pending_hold
319241,2003,2026/01/12 11:21,,2646.93,2646.93,9,NONE,canceled
319243,2007,2026-01-22T08:35:36Z,,2640.75,2640.75,8,,paid
319253,2024,2026-01-16T11:04:14Z,,2180.41,,4,,canceled
319256,2026,2026/01/07 08:38,,1586.02,1586.02,3,NONE,canceled
319259,2028,2026-01-10T14:26:08Z,,3870.47,,8,WINTER-FLYER,paid
319262,2034,2026-01-19T12:08:00Z,,5767.93,,9,LUX-R6,paid
319263,2034,2026-01-10T14:09:32Z,,1986.9,1986.90,3,WINTER-FLYER,paid
319264,2036,2026-01-22T09:35:32Z,,4654.37,,7,WINTER-FLYER,canceled
319266,2036,2026-01-17T13:57:04Z,,1730.78,,7,RAMADAN-BUNDLE,paid
319267,2038,2026-01-18T06:57:46Z,,7366.54,7366.54,12,WINTER-FLYER,paid
319272,2040,2026-01-08T06:39:16Z,,2128.99,2128.99,7,RAMADAN-BUNDLE,canceled
319276,2042,2026-01-21T13:39:01Z,,4765.5,,6,LUX-R6,paid
319279,2046,2026-01-20T06:00:58Z,,5170.78,5170.78,15,NONE,paid
319280,2051,2026-01-25T09:18:24Z,,1626.75,,4,NONE,canceled
319281,2051,2026-01-09T10:07:50Z,,1881.56,,2,,shipped
319283,2053,2026-01-06T07:01:14Z,,6314.56,6314.56,10,RAMADAN-BUNDLE,paid
319285,2058,2026-01-24T14:03:55Z,,1705.03,,3,NONE,paid
319286,2058,2026-01-25T07:46:06Z,,8086.74,8086.74,10,LUX-R6,pending_hold
319287,2060,2026-01-25T08:10:22Z,,1170.53,,3,NONE,paid
319289,2061,2026-01-24T15:20:40Z,,5969.76,,11,NONE,pending_hold
319293,2072,2026-01-13T08:45:39Z,,2789.3,2789.30,4,LUX-R6,paid
319296,2073,2026-01-03T09:15:06Z,,6747.87,,15,NONE,paid
319301,2078,2026-01-05T10:57:29Z,,6087.48,6087.48,6,LUX-R6,canceled
319303,2083,2026-01-27T12:17:18Z,,1103.13,1103.13,2,,pending_hold
319305,2087,2026-01-08T14:35:21Z,,4807.76,4807.76,8,LUX-R6,shipped
319306,2087,2026-01-21T12:47:41Z,,3272.98,,7,WINTER-FLYER,paid
319317,2094,2026-01-19T15:18:34Z,,1475.95,1475.95,3,RAMADAN-BUNDLE,shipped
319318,2097,2026-01-08T07:34:46Z,,2282.01,,6,LUX-R6,paid
319319,2098,2026-01-10T13:43:32Z,,975.33,,3,,paid
319327,2109,2026-01-20T06:00:14Z,,1694.85,,6,WINTER-FLYER,paid
319329,2109,2026-01-11T10:31:07Z,,1665.55,1665.55,4,WINTER-FLYER,paid
319331,2109,2026-01-16T09:21:29Z,,1742.91,1742.91,6,,shipped
319335,2117,2026-01-06T06:46:22Z,,1387.23,,2,LUX-R6,canceled
319337,2117,2026-01-21T16:11:09Z,,5010.43,,9,LUX-R6,paid
319339,2119,2026-01-28T17:14:04Z,,5950.54,5950.54,6,LUX-R6,paid
319345,2125,2026-01-13T07:30:32Z,,2752.07,,6,LUX-R6,pending_hold
319347,2125,2026-01-04T08:14:21Z,,2181.33,,2,NONE,paid
319349,2128,2026-01-24T06:32:09Z,,4085.1,4085.10,9,,pending_hold
319353,2130,2026-01-04T11:02:44Z,,2934.4,,9,RAMADAN-BUNDLE,paid
319356,2133,2026-01-12T06:10:07Z,,6754.23,6754.23,8,LUX-R6,pending_hold
319361,2135,2026-01-12T08:21:18Z,,1263.8,,5,NONE,paid
319363,2136,2026-01-20T09:35:00Z,,2185.56,,5,NONE,paid
319369,2145,2026/01/15 15:33,,3600.18,3600.18,7,LUX-R6,paid
319371,2149,2026-01-06T12:17:04Z,,5130.35,5130.35,8,RAMADAN-BUNDLE,pending_hold
319378,2157,2026-01-22T11:13:49Z,,1695.28,,4,,shipped
319380,2157,2026-01-19T11:49:31Z,,4311.72,4311.72,14,,canceled
319384,2163,2026-01-06T08:49:17Z,,4328.61,4328.61,11,,shipped
319387,2164,2026-01-24T10:41:48Z,,3309.93,,8,LUX-R6,canceled
319389,2166,2026-01-24T10:22:08Z,,2409.22,,7,,shipped
319392,2170,2026-01-03T07:57:07Z,,5591.58,,9,,paid
319394,2172,2026-01-03T10:18:24Z,,7026.87,7026.87,8,NONE,pending_hold
319399,2175,2026-01-01T10:38:32Z,,3444.21,3444.21,5,NONE,paid
319417,2201,2026-01-06T10:05:57Z,,2193.27,2193.27,4,LUX-R6,pending_hold
319418,2202,2026/01/24 14:58,,6983.25,,7,LUX-R6,paid
319422,2206,2026-01-18T13:11:46Z,,1624.38,,4,NONE,shipped
319426,2211,2026-01-15T07:17:46Z,,3940.43,,8,LUX-R6,paid
319428,2213,2026-01-15T13:25:34Z,,1682.55,,4,NONE,shipped
319435,2222,2026-01-11T11:15:40Z,,2848.59,,6,NONE,pending_hold
319442,2226,2026-01-01T10:38:13Z,,2331.68,2331.68,4,NONE,paid
319444,2226,2026-01-22T13:45:14Z,,664.85,,3,LUX-R6,paid
319447,2230,2026-01-28T11:38:40Z,,2533.75,2533.75,4,LUX-R6,shipped
319449,2234,2026-01-03T08:19:07Z,,2849.39,,9,NONE,pending_hold
319454,2236,2026-01-28T12:23:37Z,,3003.1,3003.10,4,WINTER-FLYER,canceled
319455,2236,2026-01-17T09:47:52Z,,3982.31,3982.31,10,NONE,paid
319456,2236,2026-01-10T07:08:39Z,,2125.06,,6,RAMADAN-BUNDLE,paid
319463,2241,2026-01-11T09:30:05Z,,1673.54,1673.54,7,WINTER-FLYER,canceled
319476,2256,2026-01-22T12:48:03Z,,6233.46,,8,NONE,shipped
319481,2266,2026-01-26T07:17:31Z,,2416.63,,6,RAMADAN-BUNDLE,pending_hold
319483,2270,2026-01-03T12:21:12Z,,1137.34,,5,RAMADAN-BUNDLE,pending_hold
319488,2275,2026/01/09 09:46,,1945.64,1945.64,5,WINTER-FLYER,pending_hold
319492,2282,2026-01-07T10:39:30Z,,2945.04,2945.04,5,WINTER-FLYER,shipped
319493,2283,2026-01-16T09:02:54Z,,2014.67,2014.67,4,,paid
319494,2286,2026-01-03T06:58:21Z,,7351.94,,12,LUX-R6,pending_hold
319497,2290,2026-01-24T06:15:07Z,,3594.09,,11,RAMADAN-BUNDLE,shipped
319499,2295,2026-01-01T13:25:49Z,,2204.98,,5,WINTER-FLYER,paid
319500,2296,2026-01-09T13:57:14Z,,2661.09,,7,WINTER-FLYER,paid
319503,2297,2026-01-22T16:40:14Z,,8159.0,8159.00,11,LUX-R6,canceled
319509,2304,2026-01-23T08:29:56Z,,1708.03,,6,,canceled
319511,2304,2026-01-12T15:57:59Z,,4652.3,4652.30,6,,pending_hold
319515,2307,2026-01-12T06:49:09Z,,1466.88,,8,,canceled
319516,2307,2026-01-27T10:10:15Z,,3810.0,,6,RAMADAN-BUNDLE,paid
319518,2311,2026-01-14T13:04:21Z,,4480.16,4480.16,7,LUX-R6,canceled
319519,2312,2026-01-07T09:28:08Z,,4847.82,4847.82,8,,paid
319520,2312,2026-01-27T13:29:38Z,,2800.5,2800.50,8,NONE,paid
319523,2313,2026-01-03T07:11:09Z,,2501.51,2501.51,6,LUX-R6,paid
319525,2314,2026-01-15T10:16:11Z,,2097.78,,7,NONE,shipped
319526,2314,2026-01-11T06:18:20Z,,1718.98,,4,LUX-R6,canceled
319527,2316,2026-01-02T11:50:13Z,,2650.25,,5,WINTER-FLYER,canceled
319528,2317,2026-01-14T19:43:27Z,,6720.91,,10,NONE,paid
319532,2328,2026-01-26T11:32:41Z,,7796.97,,8,RAMADAN-BUNDLE,shipped
319538,2337,2026-01-08T09:21:28Z,,1278.83,1278.83,4,NONE,pending_hold
319540,2341,2026-01-10T07:05:03Z,,3525.08,,7,WINTER-FLYER,paid
319551,2352,2026-01-06T11:45:04Z,,2703.61,,3,NONE,paid
319552,2356,2026-01-05T09:59:11Z,,4712.62,4712.62,14,LUX-R6,pending_hold
319554,2356,2026-01-11T09:52:45Z,,2061.78,2061.78,8,NONE,paid
319557,2358,2026-01-06T11:09:47Z,,4168.52,,6,,paid
319559,2363,2026-01-07T06:25:44Z,,1805.77,,4,NONE,pending_hold
319560,2363,2026-01-05T08:47:11Z,,3793.18,,3,NONE,paid
319562,2364,2026-01-12T15:16:59Z,,3356.06,3356.06,5,LUX-R6,paid
319569,2365,2026-01-21T14:48:14Z,,7194.59,7194.59,8,WINTER-FLYER,paid
319571,2369,2026-01-17T07:59:49Z,,1794.05,,6,,paid
319572,2374,2026-01-03T12:28:52Z,,1423.09,1423.09,2,RAMADAN-BUNDLE,canceled
319576,2378,2026-01-28T14:48:12Z,,6887.59,6887.59,15,RAMADAN-BUNDLE,paid
319582,2381,2026-01-04T06:30:11Z,,3171.39,,6,NONE,canceled
319584,2383,2026-01-21T13:10:06Z,,3834.85,,10,RAMADAN-BUNDLE,canceled
319585,2383,2026-01-24T07:59:34Z,,3157.02,3157.02,5,WINTER-FLYER,pending_hold
319587,2384,2026-01-25T13:07:15Z,,3772.51,,5,RAMADAN-BUNDLE,paid
319591,2388,2026/01/15 08:00,,3202.51,,8,NONE,paid
319593,2390,2026-01-23T14:07:46Z,,3456.44,,5,NONE,paid
319599,2392,2026/01/06 08:33,,2983.25,,9,WINTER-FLYER,shipped
319600,2393,2026-01-18T11:07:42Z,,2228.4,2228.40,6,NONE,paid
319601,2393,2026-01-01T13:45:07Z,,5959.28,,5,LUX-R6,pending_hold
319602,2394,2026-01-28T15:20:17Z,,4461.56,,11,RAMADAN-BUNDLE,paid
319609,2407,2026-01-18T08:52:46Z,,2326.78,2326.78,5,WINTER-FLYER,paid
319611,2407,2026-01-18T09:44:48Z,,3455.91,3455.91,8,RAMADAN-BUNDLE,canceled
319614,2411,2026-01-16T08:18:46Z,,5331.39,,12,LUX-R6,paid
319618,2413,2026-01-02T11:48:59Z,,2125.1,2125.10,4,,paid
319619,2417,2026-01-04T10:04:23Z,,1364.39,,3,RAMADAN-BUNDLE,pending_hold
319620,2418,2026-01-23T13:42:15Z,,6164.1,,15,WINTER-FLYER,canceled
319631,2430,2026-01-12T13:02:53Z,,2601.94,,4,RAMADAN-BUNDLE,shipped
319632,2430,2026-01-25T11:45:58Z,,4104.31,4104.31,13,NONE,canceled
319633,2430,2026-01-01T07:33:20Z,,5936.08,5936.08,6,NONE,pending_hold
319634,2431,2026-01-22T15:29:39Z,,5753.88,,10,RAMADAN-BUNDLE,shipped
319639,2435,2026/01/17 14:18,,5597.1,,6,NONE,canceled
319647,2443,2026-01-15T11:49:43Z,,2262.03,,6,NONE,pending_hold
319648,2443,2026-01-16T13:06:14Z,,3008.84,,9,,pending_hold
319649,2443,2026-01-15T06:38:51Z,,1974.18,,5,,paid
319651,2443,2026-01-01T13:05:31Z,,1269.68,,4,RAMADAN-BUNDLE,canceled
319663,2457,2026-01-16T14:58:54Z,,2756.98,,6,,canceled
319667,2461,2026/01/13 08:46,,2882.35,,8,LUX-R6,paid
319676,2467,2026-01-08T09:46:18Z,,4022.51,4022.51,9,RAMADAN-BUNDLE,pending_hold
319680,2472,2026-01-25T09:20:04Z,,3974.06,,5,NONE,shipped
319685,2475,2026-01-23T13:40:40Z,,4035.7,,8,,pending_hold
319686,2475,2026-01-03T11:21:22Z,,2852.83,2852.83,8,NONE,pending_hold
319687,2476,2026-01-21T12:00:57Z,,1634.79,1634.79,7,LUX-R6,paid
319689,2479,2026-01-28T15:57:08Z,,673.33,673.33,2,NONE,pending_hold
319690,2482,2026-01-24T10:02:29Z,,3402.16,3402.16,7,NONE,pending_hold
319691,2484,2026-01-23T11:57:00Z,,841.63,,2,,paid
319694,2486,2026-01-14T08:12:18Z,,7239.71,,9,,canceled
319697,2489,2026-01-03T09:09:24Z,,2317.59,,9,LUX-R6,paid
319699,2490,2026-01-03T10:29:25Z,,3064.66,3064.66,9,NONE,paid
319700,2491,2026-01-18T15:21:32Z,,2672.59,,5,LUX-R6,paid
319703,2492,2026-01-13T12:25:09Z,,3520.65,,8,LUX-R6,shipped
319709,2497,2026-01-22T09:05:34Z,,5186.52,,11,NONE,canceled
319716,2501,2026-01-25T09:31:02Z,,1022.55,,3,,paid
319719,2508,2026-01-14T08:46:16Z,,3658.52,,2,NONE,paid
319723,2512,2026-01-16T11:37:49Z,,1083.55,,3,LUX-R6,shipped
319724,2512,2026-01-22T13:15:47Z,,1635.81,,4,LUX-R6,paid
319731,2515,2026-01-14T09:25:09Z,,370.22,,3,,canceled
319732,2516,2026-01-14T11:19:48Z,,7139.14,7139.14,12,NONE,paid
319734,2518,2026-01-10T13:21:42Z,,1541.52,,6,NONE,paid
319737,2525,2026-01-05T09:17:39Z,,1747.39,1747.39,4,LUX-R6,shipped
319738,2526,2026-01-19T15:21:54Z,,3819.25,,9,NONE,paid
319744,2533,2026-01-18T11:37:13Z,,3338.08,3338.08,8,NONE,canceled
319746,2535,2026-01-05T11:18:14Z,,2020.13,,4,WINTER-FLYER,paid
319747,2535,2026-01-08T08:31:49Z,,1193.92,,4,RAMADAN-BUNDLE,canceled
319751,2539,2026-01-20T06:18:02Z,,6003.14,,15,RAMADAN-BUNDLE,paid
319753,2541,2026-01-02T14:11:01Z,,4950.14,,4,RAMADAN-BUNDLE,paid
319754,2543,2026-01-02T08:25:15Z,,4691.55,,8,,shipped
319756,2545,2026-01-06T10:58:12Z,,2600.74,,9,WINTER-FLYER,paid
319764,2553,2026-01-02T16:03:48Z,,4545.44,,8,,pending_hold
319771,2563,2026-01-20T13:20:27Z,,3706.8,,4,WINTER-FLYER,pending_hold
319774,2566,2026-01-02T10:23:13Z,,2578.41,,4,NONE,pending_hold
319783,2577,2026-01-02T13:36:24Z,,1893.59,1893.59,3,,paid
319784,2577,2026-01-15T10:39:39Z,,4082.69,4082.69,9,NONE,paid
319785,2577,2026/01/16 14:21,,4681.72,,8,RAMADAN-BUNDLE,paid
319788,2579,2026-01-19T08:59:30Z,,3388.15,,6,NONE,pending_hold
319795,2588,2026-01-23T15:39:34Z,,1219.24,,2,,pending_hold
319799,2593,2026-01-15T07:08:50Z,,2995.02,,6,WINTER-FLYER,paid
319804,2597,2026-01-06T08:45:09Z,,5180.46,,6,WINTER-FLYER,paid
319811,2603,2026-01-23T08:08:57Z,,2706.11,,7,RAMADAN-BUNDLE,canceled
319823,2610,2026/01/19 10:30,,2549.11,,8,NONE,paid
319828,2612,2026-01-26T10:37:24Z,,1513.34,,4,,shipped
319829,2612,2026-01-23T15:07:29Z,,1506.25,,7,NONE,canceled
319833,2616,2026-01-07T12:55:31Z,,1128.78,,3,WINTER-FLYER,shipped
319838,2621,2026-01-11T10:07:09Z,,4445.34,4445.34,11,NONE,paid
319845,2629,2026-01-12T11:02:27Z,,3863.57,,8,RAMADAN-BUNDLE,paid
319847,2644,2026-01-15T10:22:45Z,,5072.17,5072.17,9,NONE,paid
319849,2645,2026-01-05T10:17:09Z,,4599.0,4599.00,8,RAMADAN-BUNDLE,canceled
319851,2648,2026/01/11 15:21,,4044.4,4044.40,6,LUX-R6,shipped
319859,2658,2026-01-12T08:53:03Z,,4861.67,,12,NONE,shipped
319862,2661,2026-01-16T11:06:57Z,,4390.13,4390.13,12,RAMADAN-BUNDLE,paid
319863,2661,2026-01-02T09:41:09Z,,5620.56,5620.56,8,LUX-R6,canceled
319866,2663,2026-01-05T10:22:17Z,,1589.3,1589.30,7,,shipped
319867,2663,2026-01-13T11:45:19Z,,4863.84,4863.84,9,RAMADAN-BUNDLE,pending_hold
319869,2663,2026-01-11T07:29:54Z,,3654.17,3654.17,12,RAMADAN-BUNDLE,pending_hold
319889,2681,2026-01-19T12:51:36Z,,1990.13,1990.13,5,RAMADAN-BUNDLE,paid
319891,2683,2026-01-19T11:42:57Z,,4715.38,,5,RAMADAN-BUNDLE,shipped
319895,2687,2026-01-27T14:33:13Z,,5932.62,5932.62,13,RAMADAN-BUNDLE,paid
319902,2691,2026/01/28 11:59,,4403.77,4403.77,9,NONE,paid
319909,2703,2026-01-10T07:02:34Z,,3036.46,3036.46,6,RAMADAN-BUNDLE,pending_hold
319913,2706,2026-01-15T12:51:13Z,,604.05,604.05,4,NONE,pending_hold
319916,2709,2026-01-28T17:31:11Z,,3726.61,,9,RAMADAN-BUNDLE,paid
319919,2712,2026-01-27T10:13:59Z,,5725.22,,6,NONE,pending_hold
319921,2718,2026-01-11T08:26:02Z,,1979.56,,5,WINTER-FLYER,canceled
319922,2719,2026-01-04T15:38:19Z,,2513.4,2513.40,4,LUX-R6,paid
319923,2719,2026-01-17T10:26:18Z,,4068.19,,6,NONE,canceled
319925,2723,2026-01-03T10:38:22Z,,3008.22,,5,LUX-R6,paid
319926,2725,2026-01-22T13:55:33Z,,1982.56,1982.56,3,,paid
319927,2726,2026-01-19T08:29:33Z,,2897.03,2897.03,4,LUX-R6,pending_hold
319930,2726,2026-01-10T07:54:52Z,,2342.49,,5,NONE,shipped
319939,2735,2026-01-03T09:42:07Z,,4280.82,4280.82,10,LUX-R6,paid
319942,2739,2026/01/04 16:17,,4723.22,,8,RAMADAN-BUNDLE,paid
319949,2741,2026-01-06T15:15:17Z,,2515.21,,6,WINTER-FLYER,canceled
319951,2741,2026-01-27T15:18:29Z,,3129.81,3129.81,6,NONE,shipped
319952,2741,2026/01/05 10:55,,1577.44,1577.44,4,,canceled
319953,2742,2026-01-19T06:50:47Z,,4513.65,,9,,shipped
319954,2743,2026-01-05T07:26:09Z,,4929.44,,13,RAMADAN-BUNDLE,paid
319955,2744,2026-01-07T12:03:57Z,,4059.71,,7,WINTER-FLYER,paid
319962,2751,2026/01/21 17:39,,6811.44,6811.44,9,NONE,canceled
319964,2751,2026-01-17T06:36:41Z,,1065.32,1065.32,7,RAMADAN-BUNDLE,shipped
319965,2753,2026-01-02T10:14:44Z,,743.18,743.18,2,,canceled
319967,2754,2026-01-12T09:18:25Z,,1944.08,1944.08,4,NONE,shipped
319971,2758,2026-01-12T08:55:14Z,,1287.64,,4,RAMADAN-BUNDLE,paid
319972,2758,2026-01-08T07:54:26Z,,4639.65,,8,,canceled
319975,2768,2026-01-27T07:55:01Z,,3319.7,3319.70,11,NONE,paid
319976,2769,2026-01-04T11:07:00Z,,2106.4,2106.40,7,RAMADAN-BUNDLE,pending_hold
319982,2775,2026-01-11T08:09:40Z,,10004.07,,15,NONE,canceled
319988,2782,2026-01-01T16:03:53Z,,3581.98,,9,NONE,shipped
319989,2785,2026-01-02T10:37:29Z,,5826.97,,11,,paid
319991,2787,2026-01-15T13:43:16Z,,2551.74,2551.74,4,RAMADAN-BUNDLE,shipped
319997,2789,2026-01-26T11:55:39Z,,2356.05,2356.05,5,RAMADAN-BUNDLE,shipped
320002,2791,2026-01-24T11:24:18Z,,3243.07,3243.07,7,,pending_hold
320004,2793,2026-01-09T12:25:02Z,,1533.13,1533.13,5,NONE,paid
320018,2807,2026-01-13T09:31:56Z,,3649.15,,9,RAMADAN-BUNDLE,pending_hold
320019,2807,2026-01-28T08:31:48Z,,1920.81,1920.81,2,,paid
320023,2812,2026-01-21T10:24:11Z,,2930.44,,6,LUX-R6,paid
320027,2813,2026-01-08T12:48:15Z,,1145.52,,4,,pending_hold
320030,2814,2026-01-12T09:37:44Z,,3394.24,3394.24,6,,paid
320031,2818,2026-01-10T09:39:11Z,,4197.46,4197.46,6,WINTER-FLYER,canceled
320033,2819,2026-01-16T10:01:00Z,,2390.7,2390.70,5,WINTER-FLYER,paid
320035,2822,2026-01-27T12:15:26Z,,4934.25,,10,RAMADAN-BUNDLE,paid
320048,1004,2026-02-03T10:21:34Z,,369.41,,4,,pending_hold
320049,1005,2026-02-12T11:13:48Z,,6941.81,6941.81,15,NONE,paid
320050,1006,2026-02-16T10:57:34Z,,5242.97,,9,NONE,paid
320060,1019,2026-02-05T06:59:19Z,,2782.63,2782.63,10,RAMADAN-BUNDLE,paid
320064,1025,2026-02-10T06:23:02Z,,3051.87,3051.87,6,RAMADAN-BUNDLE,paid
320071,1037,2026-02-02T11:39:50Z,,4823.72,,8,,shipped
320074,1043,2026-02-15T06:13:03Z,,5298.81,5298.81,14,WINTER-FLYER,paid
320076,1044,2026-02-06T10:15:22Z,,3112.44,,6,RAMADAN-BUNDLE,pending_hold
320078,1047,2026-02-06T07:26:59Z,,1409.7,,8,NONE,paid
320079,1049,2026-02-11T13:02:02Z,,759.59,759.59,3,NONE,paid
320081,1049,2026-02-07T11:31:39Z,,6236.17,,15,,paid
320087,1054,2026-02-23T16:40:17Z,,5294.02,5294.02,6,NONE,paid
320090,1061,2026-02-14T13:38:45Z,,3477.8,,10,NONE,pending_hold
320093,1065,2026-02-08T12:58:58Z,,8020.53,8020.53,11,NONE,pending_hold
320095,1067,2026/02/15 15:51,,5036.28,,6,NONE,pending_hold
320104,1081,2026/02/23 21:42,,2719.78,,10,WINTER-FLYER,paid
320105,1083,2026-02-23T17:28:05Z,,4379.45,4379.45,9,NONE,canceled
320106,1083,2026-02-27T17:22:25Z,,3238.3,3238.30,6,LUX-R6,paid
320107,1083,2026/02/19 19:24,,1737.51,,7,NONE,paid
320108,1087,2026-02-12T16:28:49Z,,3873.75,3873.75,5,NONE,paid
320110,1088,2026-02-14T10:42:48Z,,3239.4,,6,NONE,shipped
320111,1088,2026-02-10T13:34:11Z,,3585.61,,10,NONE,pending_hold
320112,1088,2026-02-28T13:46:09Z,,1614.46,,7,,shipped
320117,1098,2026-02-22T18:22:31Z,,4129.58,,8,NONE,paid
320119,1099,2026-02-15T06:45:52Z,,1217.68,,3,RAMADAN-BUNDLE,paid
320120,1103,2026-02-12T16:51:11Z,,5267.09,5267.09,11,NONE,canceled
320128,1112,2026-02-20T21:21:28Z,,4251.13,,11,,paid
320129,1113,2026-02-07T12:54:00Z,,3376.14,,6,WINTER-FLYER,canceled
320131,1116,2026-02-07T06:21:37Z,,4363.93,4363.93,10,NONE,paid
320133,1116,2026-02-23T21:44:52Z,,2072.3,,12,NONE,paid
320134,1118,2026-02-04T12:23:35Z,,4160.67,4160.67,12,RAMADAN-BUNDLE,shipped
320144,1136,2026/02/25 22:47,,1050.18,,6,LUX-R6,pending_hold
320148,1143,2026-02-15T08:48:13Z,,5793.83,5793.83,11,RAMADAN-BUNDLE,shipped
320150,1143,2026-02-15T10:32:42Z,,7086.93,,15,NONE,shipped
320154,1147,2026-02-07T06:24:19Z,,2773.31,,3,NONE,pending_hold
320156,1152,2026-02-20T19:48:21Z,,3020.6,3020.60,5,RAMADAN-BUNDLE,paid
320158,1158,2026-02-12T06:46:26Z,,2433.22,,10,WINTER-FLYER,canceled
320164,1164,2026-02-12T11:18:19Z,,12180.62,,12,NONE,canceled
320173,1174,2026-02-02T11:54:43Z,,1897.01,,4,LUX-R6,shipped
320178,1181,2026-02-18T16:02:50Z,,1400.31,,4,NONE,pending_hold
320183,1188,2026-02-10T14:55:04Z,,7036.95,,9,NONE,pending_hold
320184,1188,2026-02-10T12:28:44Z,,1602.69,,4,WINTER-FLYER,pending_hold
320188,1192,2026-02-02T06:13:50Z,,2603.81,2603.81,7,RAMADAN-BUNDLE,shipped
320190,1194,2026-02-10T06:11:42Z,,2448.5,,4,NONE,shipped
320191,1198,2026-02-13T06:12:22Z,,1638.25,,9,RAMADAN-BUNDLE,pending_hold
320194,1198,2026-02-12T10:04:18Z,,4353.27,4353.27,8,NONE,pending_hold
320199,1207,2026-02-26T21:45:47Z,,2231.68,2231.68,7,NONE,paid
320209,1218,2026-02-17T07:13:56Z,,3605.42,3605.42,8,LUX-R6,paid
320210,1218,2026-02-22T15:30:39Z,,4388.61,4388.61,8,LUX-R6,paid
320213,1226,2026-02-06T06:38:50Z,,3679.27,3679.27,13,NONE,paid
320215,1229,2026-02-16T13:03:15Z,,12644.32,,15,WINTER-FLYER,paid
320218,1231,2026-02-08T15:28:26Z,,5235.84,5235.84,11,NONE,pending_hold
320220,1237,2026-02-22T11:56:42Z,,2368.32,2368.32,6,RAMADAN-BUNDLE,paid
320225,1244,2026-02-17T07:34:27Z,,1821.46,,6,NONE,paid
320226,1245,2026-02-03T12:05:03Z,,3810.63,,7,WINTER-FLYER,paid
320227,1245,2026-02-20T18:36:24Z,,5741.59,5741.59,9,LUX-R6,pending_hold
320229,1250,2026-02-16T06:42:41Z,,1718.63,1718.63,3,LUX-R6,shipped
320231,1258,2026-02-05T16:20:40Z,,2006.78,,5,LUX-R6,canceled
320232,1259,2026-02-14T06:47:37Z,,4499.9,4499.90,9,RAMADAN-BUNDLE,paid
320236,1261,2026-02-19T19:46:55Z,,3729.97,,4,WINTER-FLYER,canceled
320246,1272,2026-02-02T17:28:38Z,,4197.06,4197.06,10,WINTER-FLYER,shipped
320247,1275,2026-02-18T21:27:41Z,,3524.09,3524.09,7,WINTER-FLYER,shipped
320252,1280,2026-02-23T19:37:22Z,,4337.82,,8,,shipped
320278,1306,2026-02-10T06:06:10Z,,4882.96,,6,WINTER-FLYER,shipped
320279,1309,2026-02-20T17:33:20Z,,5808.08,5808.08,11,,pending_hold
320281,1310,2026-02-13T10:52:32Z,,1112.44,1112.44,2,NONE,paid
320282,1311,2026-02-28T21:36:57Z,,4565.41,,9,,paid
320283,1312,2026-02-04T14:40:39Z,,1213.95,1213.95,2,NONE,canceled
320284,1312,2026-02-07T09:17:08Z,,1389.27,,4,RAMADAN-BUNDLE,paid
320288,1318,2026-02-09T12:57:28Z,,7054.82,,8,,pending_hold
320289,1318,2026-02-17T11:14:07Z,,5939.85,5939.85,8,NONE,shipped
320295,1328,2026-02-02T11:11:12Z,,904.65,,2,NONE,canceled
320300,1328,2026-02-13T16:12:06Z,,1868.71,1868.71,4,RAMADAN-BUNDLE,paid
320305,1330,2026-02-15T12:09:20Z,,2165.25,2165.25,6,LUX-R6,shipped
320311,1335,2026-02-02T07:01:27Z,,7914.29,,10,NONE,canceled
320312,1335,2026/02/03 10:47,,4675.91,,5,,canceled
320314,1341,2026-02-19T14:34:57Z,,1834.63,1834.63,4,,canceled
320315,1341,2026-02-07T12:57:11Z,,2544.67,2544.67,5,LUX-R6,paid
320322,1347,2026-02-17T13:31:04Z,,3803.56,3803.56,3,WINTER-FLYER,paid
320324,1347,2026/02/10 15:12,,2988.7,2988.70,5,NONE,canceled
320333,1360,2026-02-09T09:28:30Z,,3015.77,,6,NONE,paid
320337,1365,2026-02-18T16:40:46Z,,3272.15,3272.15,5,LUX-R6,paid
320346,1379,2026-02-17T13:35:48Z,,8290.18,,15,RAMADAN-BUNDLE,paid
320347,1381,2026-02-12T11:35:47Z,,5780.8,5780.80,8,,paid
320348,1381,2026-02-23T17:06:43Z,,1388.89,,2,LUX-R6,paid
320350,1382,2026-02-16T11:59:50Z,,2810.75,2810.75,2,,paid
320353,1384,2026-02-22T16:47:53Z,,5098.37,5098.37,5,,shipped
320354,1385,2026-02-18T16:28:00Z,,1450.16,1450.16,5,WINTER-FLYER,canceled
320358,1388,2026/02/27 20:17,,2463.65,2463.65,3,,paid
320366,1394,2026-02-24T21:09:10Z,,1565.61,1565.61,4,WINTER-FLYER,canceled
320373,1399,2026-02-22T18:51:44Z,,1457.76,,5,NONE,canceled
320376,1402,2026-02-25T19:01:38Z,,3446.88,,8,RAMADAN-BUNDLE,paid
320378,1404,2026-02-28T19:18:21Z,,4793.63,4793.63,5,LUX-R6,paid
320379,1405,2026-02-10T08:41:53Z,,2507.31,2507.31,10,NONE,paid
320384,1411,2026-02-18T19:35:57Z,,7580.86,,10,NONE,canceled
320387,1420,2026-02-12T14:07:49Z,,4350.34,,6,NONE,paid
320388,1422,2026-02-04T08:03:30Z,,1595.02,1595.02,5,WINTER-FLYER,paid
320391,1423,2026-02-26T14:52:28Z,,8428.54,8428.54,13,RAMADAN-BUNDLE,paid
320392,1424,2026-02-10T08:55:11Z,,3648.92,,9,,pending_hold
320393,1426,2026-02-26T15:24:30Z,,1430.47,,10,WINTER-FLYER,canceled
320395,1429,2026-02-27T19:20:27Z,,4221.3,,7,NONE,paid
320397,1432,2026-02-05T10:30:26Z,,8427.57,,11,,paid
320400,1441,2026-02-26T17:40:22Z,,2888.72,,8,RAMADAN-BUNDLE,paid
320402,1443,2026-02-10T11:33:57Z,,1694.45,,5,LUX-R6,pending_hold
320410,1448,2026-02-22T12:19:40Z,,3002.45,3002.45,8,LUX-R6,paid
320411,1452,2026-02-12T16:10:01Z,,5497.12,5497.12,7,,paid
320420,1459,2026-02-03T06:38:11Z,,1925.14,,8,NONE,paid
320422,1460,2026-02-04T06:46:11Z,,2431.48,,4,NONE,paid
320425,1467,2026-02-23T21:33:39Z,,376.38,376.38,3,RAMADAN-BUNDLE,canceled
320429,1471,2026-02-21T14:02:37Z,,1466.53,,6,LUX-R6,paid
320433,1476,2026-02-27T16:59:21Z,,1553.3,1553.30,4,NONE,paid
320436,1480,2026-02-19T21:05:16Z,,8947.49,8947.49,15,,canceled
320441,1484,2026-02-25T21:20:07Z,,5962.62,,7,LUX-R6,canceled
320450,1492,2026-02-11T07:52:06Z,,1372.41,1372.41,3,RAMADAN-BUNDLE,paid
320452,1493,2026-02-02T10:20:34Z,,2732.38,,6,NONE,paid
320453,1498,2026-02-17T11:54:30Z,,3581.14,,10,NONE,pending_hold
320454,1500,2026-02-06T10:00:46Z,,1207.99,,5,,paid
320455,1500,2026-02-01T08:13:04Z,,7745.61,,14,NONE,pending_hold
320456,1501,2026-02-28T17:39:48Z,,3976.65,3976.65,8,,paid
320460,1511,2026-02-16T07:11:51Z,,2084.88,,9,,shipped
320462,1514,2026-02-03T08:13:57Z,,3739.57,,5,RAMADAN-BUNDLE,paid
320466,1522,2026-02-20T15:29:45Z,,1752.64,1752.64,4,NONE,paid
320468,1523,2026-02-18T20:03:41Z,,3143.35,,6,,canceled
320473,1537,2026-02-20T21:01:02Z,,940.91,,6,NONE,shipped
320474,1538,2026-02-06T10:13:09Z,,7306.24,7306.24,10,RAMADAN-BUNDLE,paid
320475,1540,2026-02-10T13:02:16Z,,4911.92,,5,,paid
320476,1540,2026-02-12T11:00:28Z,,2353.14,2353.14,6,LUX-R6,paid
320478,1541,2026-02-14T14:21:44Z,,3578.51,3578.51,11,RAMADAN-BUNDLE,paid
320485,1552,2026-02-25T16:22:46Z,,2369.21,,2,,paid
320487,1554,2026-02-04T11:19:05Z,,1912.03,,4,LUX-R6,pending_hold
320489,1555,2026-02-18T21:28:40Z,,2628.07,,3,NONE,shipped
320490,1557,2026-02-28T18:40:29Z,,2852.14,2852.14,8,NONE,paid
320492,1558,2026/02/05 11:59,,4916.74,4916.74,10,LUX-R6,paid
320496,1566,2026/02/03 08:42,,1735.7,,5,NONE,paid
320497,1566,2026-02-25T16:57:16Z,,3153.7,3153.70,10,NONE,paid
320501,1569,2026-02-22T16:45:21Z,,6142.42,,13,RAMADAN-BUNDLE,paid
320503,1570,2026-02-01T16:49:10Z,,3532.93,3532.93,7,NONE,paid
320505,1570,2026-02-10T14:05:49Z,,2766.92,,10,RAMADAN-BUNDLE,paid
320506,1570,2026-02-16T11:44:18Z,,4586.45,4586.45,6,NONE,pending_hold
320508,1574,2026-02-27T17:03:15Z,,7734.76,,7,RAMADAN-BUNDLE,pending_hold
320509,1574,2026-02-16T14:41:07Z,,2208.81,,2,WINTER-FLYER,shipped
320512,1576,2026-02-15T15:58:36Z,,1808.71,1808.71,5,WINTER-FLYER,paid
320528,1589,2026-02-27T15:37:40Z,,3223.6,,5,,canceled
320529,1589,2026-02-27T21:45:13Z,,276.4,,2,LUX-R6,paid
320531,1590,2026-02-26T15:00:39Z,,1338.31,,7,LUX-R6,paid
320535,1591,2026-02-10T11:14:58Z,,7116.09,,15,NONE,paid
320543,1597,2026-02-19T19:36:57Z,,1670.79,1670.79,6,,shipped
320547,1607,2026-02-11T16:41:20Z,,4316.65,4316.65,7,LUX-R6,paid
320555,1612,2026/02/24 22:39,,1322.4,,2,,paid
320556,1612,2026-02-08T08:37:51Z,,2531.07,2531.07,6,RAMADAN-BUNDLE,shipped
320559,1615,2026-02-06T08:16:31Z,,3771.1,3771.10,9,LUX-R6,pending_hold
320561,1616,2026-02-02T10:51:58Z,,1693.76,,3,NONE,pending_hold
320565,1620,2026-02-27T13:28:19Z,,2742.79,2742.79,7,NONE,canceled
320569,1625,2026-02-27T17:30:44Z,,991.8,,4,WINTER-FLYER,paid
320571,1632,2026-02-22T15:57:34Z,,6926.27,6926.27,15,NONE,paid
320578,1637,2026-02-15T08:26:24Z,,3004.03,,5,NONE,paid
320582,1641,2026-02-15T14:37:16Z,,6490.43,6490.43,11,WINTER-FLYER,canceled
320589,1650,2026-02-16T16:02:32Z,,4281.69,,8,RAMADAN-BUNDLE,paid
320592,1652,2026-02-03T09:48:34Z,,1246.92,,3,LUX-R6,pending_hold
320593,1655,2026-02-16T07:10:42Z,,1475.47,,5,NONE,paid
320595,1655,2026-02-03T06:04:54Z,,410.97,,4,WINTER-FLYER,paid
320602,1666,2026-02-03T08:34:16Z,,1016.41,1016.41,2,LUX-R6,pending_hold
320606,1670,2026-02-02T06:08:04Z,,2992.2,,5,NONE,shipped
320607,1671,2026-02-03T08:42:30Z,,2954.87,,4,NONE,canceled
320608,1671,2026-02-22T12:09:30Z,,2103.02,,6,NONE,paid
320618,1686,2026-02-20T17:46:33Z,,5587.43,5587.43,15,NONE,paid
320625,1692,2026-02-05T12:09:28Z,,1431.65,1431.65,5,LUX-R6,paid
320629,1695,2026-02-14T12:24:51Z,,2772.01,2772.01,6,NONE,shipped
320634,1699,2026-02-12T11:57:05Z,,5654.15,,8,LUX-R6,paid
320641,1704,2026-02-02T06:07:49Z,,3395.68,,8,WINTER-FLYER,paid
320648,1709,2026-02-11T06:11:58Z,,3239.53,3239.53,7,WINTER-FLYER,paid
320649,1709,2026-02-17T08:15:41Z,,2285.26,,3,WINTER-FLYER,paid
320650,1710,2026-02-13T18:46:34Z,,294.72,294.72,2,NONE,shipped
320652,1714,2026-02-14T07:22:49Z,,2421.92,2421.92,8,NONE,paid
320653,1714,2026-02-25T15:19:27Z,,3984.08,3984.08,5,RAMADAN-BUNDLE,canceled
320659,1718,2026-02-27T21:33:31Z,,2343.59,,6,LUX-R6,pending_hold
320660,1721,2026/02/01 18:08,,1129.75,,4,NONE,paid
320664,1731,2026-02-25T20:21:26Z,,3181.25,,4,NONE,canceled
320670,1748,2026-02-02T07:48:45Z,,2272.65,,7,RAMADAN-BUNDLE,paid
320672,1750,2026-02-13T06:29:08Z,,4219.97,,6,,paid
320674,1755,2026-02-22T19:13:35Z,,1643.49,1643.49,5,RAMADAN-BUNDLE,shipped
320682,1762,2026-02-04T11:04:45Z,,5053.77,5053.77,5,NONE,pending_hold
320684,1764,2026-02-01T09:42:58Z,,5515.32,,10,RAMADAN-BUNDLE,paid
320688,1767,2026-02-26T13:01:16Z,,4037.48,4037.48,9,RAMADAN-BUNDLE,paid
320691,1770,2026-02-22T20:19:42Z,,8468.44,,15,RAMADAN-BUNDLE,paid
320695,1778,2026-02-22T17:12:23Z,,3669.47,,8,LUX-R6,paid
320702,1791,2026-02-07T09:15:15Z,,3084.0,,6,LUX-R6,paid
320704,1791,2026-02-22T19:00:24Z,,8058.68,,12,NONE,pending_hold
320705,1791,2026-02-28T19:44:40Z,,5764.25,,10,RAMADAN-BUNDLE,canceled
320706,1794,2026/02/10 09:11,,1333.89,1333.89,4,LUX-R6,canceled
320707,1794,2026-02-07T16:08:28Z,,3790.24,,7,LUX-R6,paid
320710,1796,2026-02-24T13:12:23Z,,2094.81,,6,NONE,paid
320714,1799,2026-02-12T06:13:26Z,,4594.72,4594.72,7,NONE,paid
320720,1810,2026-02-01T06:05:40Z,,1991.21,,7,LUX-R6,paid
320721,1811,2026-02-25T19:28:43Z,,1948.14,,5,RAMADAN-BUNDLE,pending_hold
320724,1812,2026-02-15T16:50:54Z,,2256.52,2256.52,9,LUX-R6,canceled
320731,1825,2026-02-08T12:18:27Z,,6947.56,,11,,paid
320746,1841,2026-02-20T13:38:51Z,,1302.63,,3,RAMADAN-BUNDLE,paid
320753,1853,2026/02/20 23:22,,922.93,922.93,6,NONE,shipped
320767,1863,2026-02-18T13:16:54Z,,2801.53,2801.53,10,RAMADAN-BUNDLE,shipped
320771,1865,2026-02-22T14:00:37Z,,8127.55,,13,NONE,paid
320773,1866,2026-02-20T21:49:33Z,,3990.93,,3,NONE,paid
320780,1874,2026-02-13T11:06:18Z,,1938.27,,4,WINTER-FLYER,pending_hold
320781,1874,2026-02-05T06:52:57Z,,2251.16,2251.16,3,NONE,canceled
320783,1880,2026-02-13T11:39:33Z,,4025.65,,6,RAMADAN-BUNDLE,shipped
320784,1880,2026-02-16T07:41:11Z,,3071.98,,8,LUX-R6,paid
320790,1888,2026-02-06T11:31:42Z,,2759.66,,5,NONE,paid
320792,1891,2026-02-19T21:12:10Z,,1341.94,1341.94,6,RAMADAN-BUNDLE,canceled
320793,1893,2026-02-19T15:55:37Z,,1667.47,,7,NONE,pending_hold
320801,1906,2026-02-03T11:50:32Z,,7178.85,7178.85,12,LUX-R6,pending_hold
320803,1906,2026-02-22T18:03:49Z,,3101.03,,9,,paid
320807,1908,2026-02-28T21:07:43Z,,2926.3,2926.30,2,RAMADAN-BUNDLE,paid
320815,1912,2026-02-13T13:12:48Z,,2807.62,,7,RAMADAN-BUNDLE,paid
320816,1912,2026-02-27T21:47:46Z,,1915.85,,5,,paid
320817,1913,2026-02-25T18:12:16Z,,4689.69,,10,NONE,paid
320823,1925,2026-02-21T13:21:07Z,,1854.5,1854.50,8,NONE,pending_hold
320833,1934,2026/02/23 23:00,,1945.11,,7,,paid
320837,1941,2026-02-21T16:18:08Z,,7168.69,7168.69,6,,canceled
320839,1944,2026-02-09T09:01:22Z,,3977.32,,6,RAMADAN-BUNDLE,paid
320849,1955,2026-02-04T08:35:06Z,,8027.23,8027.23,14,LUX-R6,canceled
320857,1959,2026-02-10T10:39:14Z,,1932.06,,9,NONE,paid
320860,1968,2026-02-16T07:57:57Z,,2732.49,,5,WINTER-FLYER,canceled
320867,1981,2026-02-26T19:52:18Z,,2842.13,,9,RAMADAN-BUNDLE,shipped
320869,1985,2026/02/21 23:54,,3060.52,,8,RAMADAN-BUNDLE,paid
320870,1985,2026-02-05T09:26:56Z,,2142.26,,4,NONE,paid
320873,1987,2026-02-21T15:50:53Z,,3653.83,,4,RAMADAN-BUNDLE,paid
320875,1991,2026-02-13T12:37:06Z,,3683.96,,5,RAMADAN-BUNDLE,shipped
320879,1995,2026/02/20 20:03,,2369.89,,5,LUX-R6,shipped
320886,1998,2026-02-04T11:19:39Z,,1321.12,,6,NONE,paid
320887,1998,2026-02-20T21:58:54Z,,6431.06,6431.06,12,LUX-R6,pending_hold
320889,2004,2026-02-21T21:52:56Z,,2760.66,,8,NONE,canceled
320890,2004,2026-02-09T12:22:56Z,,2534.42,,4,WINTER-FLYER,pending_hold
320895,2010,2026-02-18T20:10:13Z,,8632.81,8632.81,9,LUX-R6,canceled
320897,2019,2026-02-14T08:04:45Z,,1117.74,,3,NONE,paid
320900,2021,2026-02-25T16:31:44Z,,5597.98,5597.98,9,NONE,paid
320901,2021,2026/02/23 21:29,,3168.34,3168.34,5,NONE,shipped
320902,2023,2026-02-06T10:39:43Z,,5641.31,5641.31,8,LUX-R6,paid
320905,2028,2026-02-06T11:07:08Z,,2351.79,2351.79,8,WINTER-FLYER,paid
320906,2031,2026/02/23 18:09,,7354.04,7354.04,7,,pending_hold
320908,2032,2026-02-06T10:49:59Z,,4343.83,,9,NONE,paid
320912,2036,2026-02-25T17:25:05Z,,3666.9,,9,NONE,shipped
320913,2036,2026-02-05T13:12:35Z,,3082.67,,3,RAMADAN-BUNDLE,canceled
320914,2036,2026-02-02T14:38:16Z,,2477.2,,6,NONE,pending_hold
320916,2038,2026-02-04T08:40:05Z,,3584.54,3584.54,7,RAMADAN-BUNDLE,shipped
320920,2043,2026-02-05T11:33:22Z,,3330.07,,6,,paid
320921,2043,2026-02-04T07:42:38Z,,7030.88,7030.88,13,,shipped
320923,2051,2026-02-03T14:14:58Z,,961.83,,5,,paid
320924,2053,2026-02-02T09:42:28Z,,4632.16,,7,NONE,paid
320927,2057,2026-02-26T14:45:27Z,,1941.2,,4,NONE,shipped
320929,2058,2026-02-16T11:33:37Z,,4713.78,,10,WINTER-FLYER,pending_hold
320932,2061,2026/02/17 15:30,,3207.21,3207.21,9,WINTER-FLYER,paid
320935,2069,2026-02-01T13:28:18Z,,4356.19,4356.19,10,WINTER-FLYER,pending_hold
320936,2069,2026-02-04T18:45:08Z,,2199.97,,8,NONE,canceled
320939,2075,2026-02-13T07:25:21Z,,6923.74,,11,NONE,paid
320940,2076,2026-02-22T14:02:31Z,,1176.36,,8,RAMADAN-BUNDLE,paid
320946,2087,2026-02-24T19:52:29Z,,9993.93,,12,NONE,canceled
320947,2087,2026-02-14T11:59:14Z,,1845.86,,2,NONE,pending_hold
320948,2087,2026-02-04T11:50:23Z,,1902.71,1902.71,4,LUX-R6,canceled
320949,2087,2026-02-24T13:36:27Z,,4685.72,,6,WINTER-FLYER,canceled
320954,2091,2026-02-28T21:38:46Z,,5605.05,5605.05,10,,canceled
320959,2100,2026-02-13T08:35:57Z,,9162.08,,13,RAMADAN-BUNDLE,paid
320969,2105,2026-02-03T09:44:26Z,,5851.51,5851.51,10,NONE,paid
320971,2109,2026-02-16T14:52:19Z,,1596.9,,5,NONE,shipped
320972,2111,2026-02-18T17:59:35Z,,4256.3,4256.30,5,NONE,paid
320983,2123,2026-02-22T16:24:57Z,,1181.35,1181.35,2,LUX-R6,canceled
320989,2128,2026-02-28T14:27:09Z,,3099.56,3099.56,7,RAMADAN-BUNDLE,pending_hold
320991,2130,2026-02-06T08:19:20Z,,2010.27,2010.27,4,NONE,paid
320994,2130,2026-02-18T21:27:36Z,,893.04,,4,NONE,shipped
320995,2131,2026-02-17T07:00:44Z,,3441.65,3441.65,4,WINTER-FLYER,canceled
320996,2132,2026-02-17T10:45:25Z,,5014.97,,5,LUX-R6,canceled
321006,2143,2026-02-26T20:27:43Z,,2160.03,2160.03,3,NONE,shipped
321007,2143,2026-02-17T11:27:43Z,,4305.6,4305.60,7,WINTER-FLYER,paid
321008,2146,2026-02-20T21:31:36Z,,6193.8,,12,NONE,paid
321010,2149,2026-02-28T20:15:40Z,,8187.05,8187.05,10,WINTER-FLYER,paid
321014,2152,2026-02-09T06:25:58Z,,1519.84,,4,NONE,shipped
321021,2160,2026-02-22T21:20:34Z,,3908.37,,5,RAMADAN-BUNDLE,paid
321023,2162,2026-02-05T09:43:39Z,,4640.27,4640.27,12,NONE,canceled
321026,2163,2026-02-19T19:13:41Z,,9190.44,,13,WINTER-FLYER,paid
321028,2164,2026-02-20T17:00:03Z,,1539.49,,5,,shipped
321030,2165,2026/02/06 11:50,,4692.29,4692.29,5,WINTER-FLYER,paid
321031,2165,2026-02-23T21:14:18Z,,3842.43,,5,,paid
321040,2171,2026-02-25T14:18:29Z,,66.7,66.70,2,WINTER-FLYER,canceled
321043,2173,2026-02-04T12:36:37Z,,2886.87,2886.87,6,,shipped
321046,2174,2026-02-07T10:29:35Z,,3244.36,3244.36,6,NONE,shipped
321050,2175,2026-02-21T21:43:54Z,,2878.0,,5,NONE,pending_hold
321052,2177,2026-02-19T18:02:38Z,,2702.66,2702.66,5,WINTER-FLYER,pending_hold
321053,2178,2026-02-28T18:05:37Z,,7064.45,,9,NONE,pending_hold
321054,2179,2026-02-06T09:31:37Z,,1810.28,1810.28,6,NONE,shipped
321058,2184,2026-02-10T13:00:45Z,,2008.5,,4,WINTER-FLYER,shipped
321064,2196,2026/02/20 22:28,,8135.91,,8,LUX-R6,paid
321066,2200,2026-02-08T08:34:30Z,,1798.04,,2,NONE,paid
321067,2201,2026-02-03T12:06:18Z,,1584.48,1584.48,6,,paid
321068,2201,2026-02-11T07:06:28Z,,2698.86,2698.86,5,RAMADAN-BUNDLE,paid
321070,2202,2026-02-21T21:59:45Z,,4023.15,4023.15,8,LUX-R6,paid
321072,2205,2026-02-05T16:07:07Z,,1997.22,,7,LUX-R6,shipped
321076,2215,2026-02-05T16:59:06Z,,3317.72,3317.72,10,NONE,paid
321089,2230,2026-02-07T15:28:48Z,,3510.0,,8,WINTER-FLYER,canceled
321092,2246,2026-02-27T13:25:37Z,,4257.17,,9,RAMADAN-BUNDLE,pending_hold
321093,2246,2026-02-01T12:55:06Z,,2428.55,,7,LUX-R6,pending_hold
321096,2250,2026-02-02T10:21:53Z,,2821.43,,8,NONE,shipped
321097,2250,2026-02-19T16:53:55Z,,2630.78,,9,NONE,pending_hold
321101,2252,2026-02-15T12:33:42Z,,2873.99,,7,NONE,paid
321104,2255,2026-02-23T18:25:24Z,,2021.58,,5,NONE,paid
321109,2256,2026-02-12T08:17:48Z,,4743.24,,6,RAMADAN-BUNDLE,shipped
321110,2257,2026-02-08T09:37:41Z,,1710.11,,6,WINTER-FLYER,paid
321112,2259,2026-02-13T11:29:34Z,,3815.33,3815.33,6,LUX-R6,shipped
321117,2265,2026-02-02T10:02:29Z,,6535.03,6535.03,7,WINTER-FLYER,shipped
321118,2265,2026-02-18T17:03:45Z,,3040.34,,8,,paid
321120,2269,2026-02-18T16:48:48Z,,2555.86,,5,NONE,pending_hold
321139,2284,2026-02-22T11:36:48Z,,1840.98,1840.98,8,WINTER-FLYER,paid
321141,2286,2026-02-27T17:14:22Z,,5997.67,5997.67,13,RAMADAN-BUNDLE,paid
321150,2291,2026-02-09T11:46:49Z,,4686.68,4686.68,9,RAMADAN-BUNDLE,paid
321157,2304,2026-02-19T21:09:52Z,,4555.45,4555.45,7,,shipped
321159,2311,2026-02-25T18:47:25Z,,2573.36,,3,LUX-R6,paid
321160,2311,2026/02/19 18:16,,1307.39,1307.39,2,NONE,pending_hold
321166,2317,2026-02-21T16:35:20Z,,5295.52,5295.52,14,WINTER-FLYER,paid
321167,2319,2026-02-02T11:14:00Z,,3453.54,,6,NONE,paid
321172,2324,2026-02-26T19:58:22Z,,1506.7,,6,NONE,canceled
321178,2329,2026-02-08T11:59:02Z,,1931.12,1931.12,7,,pending_hold
321183,2334,2026-02-26T21:07:18Z,,1466.46,1466.46,3,WINTER-FLYER,canceled
321186,2336,2026-02-09T15:58:17Z,,5039.96,,7,NONE,shipped
321194,2343,2026-02-22T19:08:09Z,,2490.22,2490.22,3,WINTER-FLYER,paid
321195,2348,2026-02-26T17:34:47Z,,1738.06,1738.06,4,NONE,paid
321198,2351,2026-02-10T14:41:13Z,,2969.59,,6,LUX-R6,pending_hold
321200,2353,2026-02-10T10:53:34Z,,3483.47,3483.47,5,NONE,paid
321201,2353,2026-02-24T21:17:15Z,,3493.39,3493.39,6,,pending_hold
321203,2353,2026-02-07T13:14:43Z,,3940.52,,10,WINTER-FLYER,canceled
321209,2364,2026-02-11T07:18:34Z,,5263.52,5263.52,10,,paid
321219,2372,2026-02-23T17:50:01Z,,4448.78,,6,RAMADAN-BUNDLE,paid
321220,2375,2026-02-19T19:09:22Z,,4505.56,4505.56,8,RAMADAN-BUNDLE,canceled
321222,2375,2026-02-03T13:49:42Z,,3141.64,,6,NONE,paid
321223,2377,2026-02-20T20:44:09Z,,1040.22,1040.22,2,NONE,canceled
321225,2379,2026-02-05T12:37:55Z,,2294.42,,4,RAMADAN-BUNDLE,pending_hold
321227,2383,2026-02-25T21:22:43Z,,1294.29,,7,NONE,shipped
321228,2384,2026-02-15T07:55:07Z,,6017.78,,10,WINTER-FLYER,paid
321229,2385,2026-02-04T10:44:37Z,,1901.66,,4,,canceled
321231,2390,2026-02-12T06:18:28Z,,4836.15,,15,LUX-R6,pending_hold
321232,2390,2026-02-13T11:26:16Z,,2357.04,,4,NONE,canceled
321233,2391,2026-02-21T21:50:23Z,,4386.01,,11,NONE,paid
321235,2392,2026-02-23T18:10:05Z,,2502.81,2502.81,4,LUX-R6,canceled
321238,2395,2026-02-12T10:39:25Z,,928.46,,2,NONE,paid
321240,2396,2026-02-27T17:48:58Z,,7407.63,7407.63,8,LUX-R6,pending_hold
321246,2399,2026-02-16T07:48:15Z,,2514.03,,5,NONE,paid
321251,2402,2026-02-10T08:18:54Z,,5462.54,,13,NONE,canceled
321259,2413,2026-02-21T15:02:43Z,,805.21,805.21,3,NONE,paid
321260,2413,2026-02-18T21:52:47Z,,1929.51,,4,NONE,canceled
321262,2414,2026-02-20T21:30:28Z,,6578.24,6578.24,13,LUX-R6,paid
321272,2425,2026-02-01T08:33:15Z,,2046.69,,6,RAMADAN-BUNDLE,paid
321274,2426,2026-02-22T17:20:13Z,,4935.06,4935.06,10,NONE,paid
321276,2430,2026-02-18T13:19:44Z,,3925.49,,5,,paid
321279,2430,2026-02-21T16:34:33Z,,234.79,,2,WINTER-FLYER,pending_hold
321286,2442,2026/02/25 18:14,,6710.14,,12,NONE,paid
321291,2446,2026-02-27T20:57:27Z,,9184.94,9184.94,15,,paid
321292,2446,2026-02-02T13:06:00Z,,1962.26,,4,NONE,pending_hold
321293,2448,2026-02-22T20:50:32Z,,2625.33,,6,LUX-R6,pending_hold
321298,2454,2026-02-06T07:48:12Z,,2675.89,,4,NONE,pending_hold
321302,2457,2026-02-06T06:42:42Z,,2532.47,,5,,shipped
321304,2458,2026-02-24T21:09:59Z,,3281.99,3281.99,13,WINTER-FLYER,canceled
321306,2460,2026-02-02T09:17:04Z,,8191.56,,13,WINTER-FLYER,canceled
321309,2462,2026-02-04T14:09:32Z,,2230.35,,4,NONE,paid
321311,2462,2026-02-16T08:35:09Z,,5386.92,5386.92,12,WINTER-FLYER,shipped
321313,2465,2026-02-02T06:56:41Z,,932.29,932.29,5,NONE,paid
321317,2475,2026-02-23T17:11:41Z,,2653.89,2653.89,4,RAMADAN-BUNDLE,pending_hold
321318,2476,2026-02-26T18:56:17Z,,5166.91,,9,NONE,canceled
321320,2481,2026/02/18 23:08,,1433.11,,6,WINTER-FLYER,paid
321328,2489,2026-02-14T12:23:13Z,,3428.82,,9,NONE,shipped
321330,2490,2026/02/03 08:04,,5235.97,5235.97,3,NONE,shipped
321332,2496,2026-02-12T12:03:13Z,,2175.21,2175.21,5,NONE,paid
321333,2496,2026-02-24T13:32:53Z,,1361.97,,3,NONE,pending_hold
321340,2506,2026-02-19T19:07:13Z,,2685.56,,4,NONE,paid
321348,2511,2026-02-13T08:13:50Z,,2923.11,2923.11,11,NONE,paid
321351,2513,2026-02-18T16:13:18Z,,2981.44,2981.44,9,RAMADAN-BUNDLE,shipped
321353,2515,2026-02-09T08:53:30Z,,8108.23,,15,NONE,paid
321363,2524,2026-02-22T17:56:10Z,,3464.85,,7,,paid
321366,2527,2026-02-08T09:31:03Z,,221.23,221.23,2,NONE,paid
321367,2528,2026-02-02T08:58:57Z,,2323.21,,6,WINTER-FLYER,pending_hold
321369,2530,2026-02-20T20:30:22Z,,1229.03,,4,LUX-R6,paid
321370,2533,2026-02-03T07:22:50Z,,4733.24,,9,NONE,paid
321372,2535,2026-02-22T19:36:45Z,,2777.02,,7,,pending_hold
321375,2539,2026-02-13T13:21:15Z,,3281.83,,6,NONE,canceled
321377,2540,2026-02-14T07:20:15Z,,1161.58,,3,NONE,pending_hold
321380,2543,2026-02-23T18:25:55Z,,2486.99,,6,,paid
321381,2545,2026-02-27T19:27:52Z,,4144.08,,9,NONE,pending_hold
321384,2552,2026/02/19 23:44,,3668.34,3668.34,5,LUX-R6,shipped
321387,2555,2026-02-10T12:57:31Z,,2064.96,,4,NONE,paid
321388,2560,2026-02-26T20:32:53Z,,4610.87,4610.87,6,,paid
321390,2563,2026-02-02T11:51:34Z,,1382.95,,4,WINTER-FLYER,canceled
321394,2572,2026-02-16T14:40:25Z,,2276.59,2276.59,6,NONE,pending_hold
321398,2577,2026-02-25T16:13:03Z,,2446.21,2446.21,5,NONE,paid
321402,2580,2026-02-16T16:48:13Z,,1714.12,1714.12,7,,shipped
321404,2582,2026-02-18T18:25:14Z,,551.53,,5,WINTER-FLYER,shipped
321405,2582,2026-02-21T19:05:44Z,,6183.85,,14,RAMADAN-BUNDLE,paid
321413,2588,2026-02-08T15:44:23Z,,5663.36,,8,,paid
321416,2589,2026-02-23T20:16:47Z,,2280.98,2280.98,4,NONE,paid
321417,2592,2026-02-10T12:45:42Z,,4139.66,,7,WINTER-FLYER,paid
321421,2601,2026/02/28 19:16,,2089.06,,9,WINTER-FLYER,paid
321433,2610,2026-02-01T11:12:59Z,,7508.91,,15,RAMADAN-BUNDLE,paid
321436,2611,2026-02-03T13:30:00Z,,4391.53,,6,WINTER-FLYER,paid
321437,2611,2026-02-20T13:55:16Z,,8169.72,8169.72,8,NONE,paid
321438,2613,2026-02-03T13:33:53Z,,2859.33,2859.33,7,RAMADAN-BUNDLE,shipped
321446,2622,2026-02-02T09:26:52Z,,4889.96,,10,NONE,paid
321449,2625,2026-02-08T14:26:26Z,,2259.68,,4,NONE,paid
321452,2628,2026-02-22T19:20:11Z,,2731.35,2731.35,4,NONE,canceled
321462,2643,2026/02/12 16:41,,6476.33,,10,LUX-R6,paid
321463,2643,2026/02/14 14:53,,5337.16,5337.16,8,NONE,paid
321465,2645,2026-02-12T14:03:32Z,,2816.65,2816.65,5,,shipped
321470,2654,2026-02-08T08:46:31Z,,6063.35,6063.35,9,,paid
321473,2656,2026-02-26T21:07:40Z,,7279.55,,11,NONE,canceled
321475,2660,2026-02-28T15:35:55Z,,6695.71,6695.71,9,,paid
321476,2660,2026-02-07T14:00:13Z,,2842.46,,2,NONE,paid
321478,2663,2026-02-19T21:46:34Z,,4855.64,,9,NONE,paid
321480,2665,2026-02-23T21:45:24Z,,5143.36,,13,RAMADAN-BUNDLE,pending_hold
321481,2665,2026-02-15T09:14:54Z,,1909.03,1909.03,4,RAMADAN-BUNDLE,pending_hold
321483,2667,2026-02-04T10:04:38Z,,6055.28,6055.28,9,LUX-R6,paid
321488,2671,2026-02-28T16:39:23Z,,7355.28,7355.28,14,NONE,pending_hold
321489,2671,2026-02-10T06:53:36Z,,5672.64,5672.64,15,NONE,canceled
321496,2676,2026-02-14T06:02:31Z,,3924.5,,7,RAMADAN-BUNDLE,pending_hold
321501,2682,2026-02-01T06:38:59Z,,6499.05,,9,NONE,paid
321503,2688,2026-02-13T10:07:54Z,,4313.56,4313.56,12,WINTER-FLYER,shipped
321509,2692,2026-02-16T06:01:44Z,,6560.91,,6,LUX-R6,paid
321514,2699,2026-02-22T19:14:39Z,,2530.12,,6,LUX-R6,paid
321516,2706,2026-02-03T10:00:32Z,,5157.29,,10,LUX-R6,pending_hold
321518,2707,2026-02-28T18:41:13Z,,2343.8,2343.80,5,NONE,paid
321528,2718,2026-02-18T17:01:48Z,,2014.21,,7,NONE,canceled
321529,2719,2026-02-26T18:35:12Z,,3375.96,,4,LUX-R6,paid
321530,2720,2026-02-24T18:29:24Z,,5169.56,,9,LUX-R6,pending_hold
321538,2733,2026-02-21T17:13:36Z,,1769.27,1769.27,5,RAMADAN-BUNDLE,paid
321539,2733,2026-02-21T17:51:22Z,,3663.27,3663.27,9,LUX-R6,canceled
321548,2741,2026-02-28T21:54:37Z,,2460.66,,8,WINTER-FLYER,paid
321549,2741,2026-02-28T19:14:35Z,,920.95,920.95,4,LUX-R6,canceled
321551,2746,2026-02-18T20:36:31Z,,2107.67,,3,RAMADAN-BUNDLE,paid
321560,2768,2026-02-16T10:01:30Z,,2451.72,2451.72,4,NONE,shipped
321561,2769,2026-02-10T10:35:13Z,,2582.94,2582.94,4,WINTER-FLYER,shipped
321565,2777,2026-02-01T11:06:42Z,,3630.47,,9,WINTER-FLYER,paid
321567,2782,2026-02-14T11:41:38Z,,3931.11,,7,,shipped
321568,2782,2026-02-26T18:58:35Z,,114.18,,3,LUX-R6,pending_hold
321571,2786,2026-02-03T06:43:58Z,,5806.08,5806.08,9,WINTER-FLYER,shipped
321576,2790,2026-02-10T10:08:41Z,,3754.48,,9,RAMADAN-BUNDLE,shipped
321577,2790,2026-02-25T20:30:25Z,,849.04,849.04,2,NONE,pending_hold
321578,2792,2026-02-07T06:15:56Z,,5549.63,5549.63,10,,shipped
321580,2795,2026-02-02T07:24:33Z,,3932.35,,4,,paid
321582,2797,2026-02-19T21:04:15Z,,6781.48,6781.48,15,RAMADAN-BUNDLE,pending_hold
321585,2799,2026-02-07T10:46:31Z,,5135.03,,9,LUX-R6,canceled
321586,2799,2026-02-14T07:19:01Z,,5462.82,,7,,canceled
321590,2805,2026-02-05T09:53:20Z,,8137.83,,7,LUX-R6,paid
321592,2807,2026-02-19T12:44:41Z,,3065.24,3065.24,6,LUX-R6,pending_hold
321594,2807,2026-02-13T08:33:28Z,,2076.5,2076.50,5,,shipped
321597,2810,2026-02-13T14:09:46Z,,2733.27,,2,NONE,paid
321598,2810,2026-02-19T18:15:57Z,,4327.51,,8,NONE,paid
321599,2812,2026-02-23T19:49:27Z,,1010.87,,2,LUX-R6,paid
321604,2816,2026-02-15T07:29:07Z,,3585.39,3585.39,5,WINTER-FLYER,shipped
321606,2817,2026-02-23T14:28:18Z,,1853.34,,7,,shipped
321611,2821,2026-02-13T09:19:51Z,,3514.77,,7,WINTER-FLYER,paid
321613,2823,2026-02-04T10:56:08Z,,1581.65,,9,NONE,canceled
321614,2825,2026-02-13T13:25:25Z,,1655.41,,3,NONE,paid
321615,1001,2026-03-08T21:09:30Z,,3341.8,,11,NONE,paid
321619,1004,2026-03-15T21:11:56Z,,2151.99,2151.99,4,NONE,shipped
321624,1008,2026-03-13T18:29:52Z,,3145.82,3145.82,8,RAMADAN-BUNDLE,paid
321635,1020,2026/03/18 16:06,,4772.26,,6,NONE,paid
321636,1021,2026-03-17T16:36:23Z,,2897.66,,4,WINTER-FLYER,paid
321637,1024,2026/03/14 23:33,,3355.17,,11,,canceled
321638,1026,2026-03-20T07:28:15Z,,1397.51,,5,,paid
321641,1031,2026-03-20T11:37:27Z,,7031.3,,11,RAMADAN-BUNDLE,paid
321642,1036,2026-03-18T18:43:27Z,,2705.15,,6,,paid
321646,1047,2026-03-24T09:27:13Z,,2967.11,2967.11,4,LUX-R6,canceled
321650,1052,2026-03-06T17:40:29Z,,8936.38,8936.38,8,LUX-R6,paid
321651,1054,2026-03-28T08:17:52Z,,5920.95,5920.95,14,NONE,shipped
321655,1064,2026-03-23T06:14:29Z,,3076.31,3076.31,7,NONE,paid
321656,1065,2026-03-09T12:20:06Z,,5728.44,5728.44,15,NONE,shipped
321660,1067,2026-03-22T14:03:56Z,,8283.15,,11,NONE,shipped
321671,1088,2026-03-20T06:02:31Z,,6131.9,6131.90,10,NONE,canceled
321672,1091,2026-03-16T16:30:07Z,,5346.6,,6,RAMADAN-BUNDLE,pending_hold
321680,1101,2026-03-27T08:05:03Z,,1720.97,1720.97,2,NONE,shipped
321681,1103,2026-03-22T15:22:34Z,,4863.72,,8,NONE,pending_hold
321683,1109,2026-03-11T20:03:48Z,,2011.08,,9,RAMADAN-BUNDLE,paid
321685,1109,2026-03-20T08:52:57Z,,3351.3,,10,NONE,paid
321686,1110,2026-03-05T20:38:56Z,,2544.93,2544.93,7,,paid
321687,1111,2026-03-18T13:36:50Z,,7923.76,,14,,paid
321688,1111,2026-03-15T13:06:32Z,,3996.71,3996.71,4,,paid
321689,1113,2026-03-08T12:49:36Z,,4496.73,4496.73,9,WINTER-FLYER,paid
321697,1136,2026-03-22T06:47:55Z,,3598.83,,14,LUX-R6,paid
321698,1137,2026-03-18T16:29:58Z,,1255.88,,3,NONE,canceled
321700,1139,2026-03-01T12:34:21Z,,3309.2,3309.20,4,,paid
321704,1141,2026-03-19T17:27:58Z,,3811.69,,9,NONE,canceled
321713,1154,2026-03-09T18:19:58Z,,7287.44,7287.44,6,NONE,paid
321717,1164,2026-03-09T20:34:38Z,,3929.23,3929.23,8,,pending_hold
321723,1169,2026/03/10 23:46,,3960.23,,9,NONE,paid
321726,1173,2026-03-07T20:48:41Z,,5138.64,5138.64,9,RAMADAN-BUNDLE,paid
321731,1179,2026-03-07T18:53:38Z,,5930.19,,8,,canceled
321732,1182,2026-03-02T17:31:16Z,,5360.34,,8,WINTER-FLYER,canceled
321733,1182,2026-03-11T15:37:55Z,,6451.49,,10,NONE,pending_hold
321734,1183,2026-03-03T21:58:05Z,,1487.3,1487.30,7,LUX-R6,pending_hold
321735,1183,2026-03-01T13:17:26Z,,3384.3,,11,NONE,paid
321738,1184,2026-03-19T19:11:55Z,,4025.27,,9,,paid
321739,1185,2026-03-27T06:05:41Z,,5637.34,5637.34,15,LUX-R6,pending_hold
321742,1187,2026-03-17T17:15:32Z,,2271.88,,11,WINTER-FLYER,paid
321743,1188,2026-03-13T15:24:23Z,,6872.09,6872.09,11,NONE,paid
321746,1190,2026-03-08T21:27:30Z,,3914.99,,9,NONE,paid
321756,1226,2026-03-14T12:34:50Z,,6610.57,,15,WINTER-FLYER,paid
321762,1232,2026-03-04T16:19:15Z,,5935.78,,15,RAMADAN-BUNDLE,canceled
321763,1232,2026-03-03T17:15:06Z,,2748.46,,8,RAMADAN-BUNDLE,pending_hold
321765,1237,2026-03-13T18:02:32Z,,3376.62,3376.62,4,RAMADAN-BUNDLE,paid
321767,1239,2026/03/18 19:11,,4022.57,,12,LUX-R6,canceled
321770,1243,2026-03-10T21:23:59Z,,5345.89,5345.89,13,NONE,shipped
321771,1243,2026-03-17T21:31:44Z,,978.39,,3,WINTER-FLYER,paid
321772,1243,2026-03-05T19:40:45Z,,1505.9,,3,NONE,pending_hold
321778,1254,2026-03-03T18:40:48Z,,1605.27,1605.27,2,LUX-R6,paid
321779,1256,2026-03-01T16:43:30Z,,4108.55,,10,LUX-R6,paid
321784,1261,2026-03-13T18:58:00Z,,1589.56,,8,NONE,paid
321790,1276,2026-03-24T08:12:14Z,,4000.66,,9,,shipped
321791,1276,2026-03-27T06:43:00Z,,1169.53,,5,RAMADAN-BUNDLE,shipped
321792,1277,2026-03-13T20:04:45Z,,2776.26,,8,RAMADAN-BUNDLE,pending_hold
321795,1278,2026-03-13T09:03:24Z,,1936.66,1936.66,4,RAMADAN-BUNDLE,paid
321799,1282,2026-03-16T16:04:58Z,,6358.75,6358.75,8,WINTER-FLYER,pending_hold
321805,1294,2026-03-19T21:25:12Z,,4823.82,4823.82,11,NONE,pending_hold
321808,1296,2026-03-05T21:17:29Z,,2242.98,,5,WINTER-FLYER,paid
321819,1309,2026-03-12T19:25:30Z,,7177.8,7177.80,7,NONE,paid
321833,1325,2026-03-02T16:12:13Z,,3907.9,3907.90,11,LUX-R6,canceled
321834,1325,2026-03-11T14:14:33Z,,2240.41,2240.41,5,NONE,shipped
321839,1329,2026/03/27 08:26,,4848.42,4848.42,4,RAMADAN-BUNDLE,paid
321841,1331,2026-03-25T09:45:06Z,,6048.64,,10,,canceled
321842,1332,2026-03-14T13:16:26Z,,6194.64,,10,LUX-R6,pending_hold
321846,1336,2026-03-23T08:15:05Z,,4227.8,,4,,shipped
321847,1337,2026-03-13T18:20:29Z,,5648.81,,6,NONE,pending_hold
321850,1342,2026-03-02T12:22:29Z,,2713.9,,6,RAMADAN-BUNDLE,shipped
321852,1343,2026-03-05T21:41:25Z,,55.49,55.49,2,RAMADAN-BUNDLE,paid
321861,1355,2026-03-06T18:58:47Z,,3267.36,3267.36,7,LUX-R6,pending_hold
321862,1356,2026-03-19T17:04:40Z,,3507.53,3507.53,7,NONE,shipped
321864,1358,2026-03-11T19:21:42Z,,8628.28,,12,WINTER-FLYER,pending_hold
321866,1360,2026-03-10T21:46:04Z,,4251.18,4251.18,7,NONE,paid
321870,1368,2026-03-13T15:21:53Z,,5281.63,5281.63,7,RAMADAN-BUNDLE,canceled
321874,1373,2026-03-10T20:05:12Z,,2614.62,2614.62,6,LUX-R6,pending_hold
321875,1374,2026-03-06T20:40:20Z,,2047.79,,4,LUX-R6,pending_hold
321881,1384,2026-03-27T07:22:33Z,,4509.14,,9,NONE,paid
321884,1386,2026-03-04T15:54:42Z,,2884.02,2884.02,5,NONE,paid
321885,1386,2026-03-26T13:06:04Z,,1406.1,,6,WINTER-FLYER,canceled
321886,1388,2026-03-25T12:50:37Z,,4101.49,4101.49,5,,paid
321893,1392,2026-03-04T14:04:52Z,,2467.74,,4,RAMADAN-BUNDLE,paid
321903,1397,2026-03-08T19:46:10Z,,3312.07,3312.07,9,NONE,paid
321904,1397,2026-03-08T21:47:27Z,,2337.55,2337.55,6,,paid
321905,1398,2026-03-17T17:30:33Z,,9928.78,9928.78,15,,shipped
321907,1402,2026-03-15T18:32:19Z,,2070.18,,3,,paid
321909,1403,2026/03/05 18:26,,4454.07,4454.07,11,NONE,shipped
321923,1419,2026-03-05T14:44:48Z,,2824.45,2824.45,7,RAMADAN-BUNDLE,canceled
321926,1427,2026-03-19T21:41:18Z,,1862.05,,4,NONE,shipped
321928,1428,2026-03-03T16:36:53Z,,8142.22,8142.22,12,LUX-R6,paid
321931,1435,2026/03/14 17:10,,1481.58,1481.58,7,WINTER-FLYER,shipped
321933,1440,2026-03-10T16:10:27Z,,1231.71,1231.71,7,LUX-R6,paid
321934,1440,2026-03-23T08:58:40Z,,125.08,,2,NONE,paid
321942,1455,2026-03-16T15:50:54Z,,2317.64,2317.64,9,,canceled
321944,1456,2026-03-24T08:51:52Z,,3206.72,,9,LUX-R6,paid
321945,1456,2026-03-10T18:35:42Z,,2348.32,,6,WINTER-FLYER,paid
321946,1456,2026-03-20T12:37:13Z,,4553.72,,9,NONE,canceled
321954,1459,2026-03-14T13:57:21Z,,3060.11,3060.11,3,,shipped
321955,1459,2026-03-26T09:58:56Z,,6803.39,,12,NONE,paid
321956,1459,2026-03-15T21:59:16Z,,3795.32,3795.32,8,LUX-R6,paid
321958,1460,2026-03-26T06:39:59Z,,4709.62,4709.62,6,NONE,paid
321959,1463,2026-03-10T17:07:26Z,,1026.15,,3,NONE,shipped
321962,1471,2026-03-08T21:28:08Z,,10123.05,,13,,paid
321966,1472,2026/03/24 17:15,,2299.19,,5,,pending_hold
321967,1474,2026-03-19T21:55:02Z,,2620.28,2620.28,8,NONE,paid
321968,1475,2026-03-04T20:10:04Z,,1901.78,,5,LUX-R6,canceled
321970,1476,2026-03-05T15:12:16Z,,816.03,816.03,2,LUX-R6,pending_hold
321973,1477,2026-03-08T18:09:27Z,,3666.11,,10,LUX-R6,paid
321974,1480,2026-03-08T17:08:23Z,,2704.85,,6,WINTER-FLYER,paid
321976,1484,2026-03-14T16:01:13Z,,3572.38,3572.38,12,RAMADAN-BUNDLE,paid
321984,1494,2026-03-20T11:58:46Z,,2364.8,,5,NONE,pending_hold
321989,1509,2026-03-17T17:19:01Z,,5573.99,5573.99,7,NONE,paid
321990,1509,2026-03-28T09:20:36Z,,4709.44,,9,WINTER-FLYER,paid
321995,1513,2026/03/12 18:06,,3108.41,3108.41,6,NONE,canceled
321998,1516,2026-03-09T18:10:09Z,,4772.0,,10,WINTER-FLYER,shipped
322004,1519,2026-03-27T06:54:43Z,,9888.8,,14,NONE,canceled
322005,1520,2026-03-22T07:14:44Z,,4180.61,4180.61,8,LUX-R6,canceled
322007,1523,2026-03-12T17:43:40Z,,2971.69,,4,,pending_hold
322016,1535,2026-03-07T17:23:45Z,,3326.97,3326.97,7,NONE,paid
322022,1540,2026-03-16T18:36:01Z,,4764.16,4764.16,5,,canceled
322023,1540,2026-03-25T06:19:37Z,,8262.31,8262.31,8,NONE,canceled
322032,1551,2026-03-17T13:57:00Z,,2784.92,,6,LUX-R6,shipped
322041,1557,2026-03-27T10:10:14Z,,1617.91,1617.91,2,WINTER-FLYER,canceled
322046,1558,2026-03-13T20:37:56Z,,2355.89,2355.89,7,WINTER-FLYER,shipped
322048,1563,2026-03-18T21:28:33Z,,1185.17,,4,WINTER-FLYER,paid
322049,1564,2026-03-22T11:21:05Z,,3971.1,,2,NONE,paid
322058,1584,2026-03-22T08:51:08Z,,5547.42,,4,RAMADAN-BUNDLE,paid
322059,1584,2026/03/23 10:01,,3231.98,3231.98,2,RAMADAN-BUNDLE,paid
322066,1590,2026-03-19T20:26:11Z,,4636.22,,13,NONE,paid
322075,1605,2026-03-19T18:29:53Z,,3328.81,3328.81,7,WINTER-FLYER,canceled
322084,1615,2026-03-26T15:31:23Z,,2099.11,2099.11,5,NONE,pending_hold
322089,1624,2026/03/08 22:41,,1913.01,,7,NONE,pending_hold
322090,1624,2026-03-01T16:01:50Z,,3597.14,,5,NONE,pending_hold
322092,1627,2026-03-15T18:46:01Z,,7737.17,,15,NONE,shipped
322094,1630,2026-03-08T17:29:03Z,,5223.25,,8,LUX-R6,paid
322098,1635,2026-03-05T21:27:24Z,,6525.86,,9,,paid
322102,1639,2026-03-16T21:22:49Z,,1780.22,,5,LUX-R6,pending_hold
322106,1643,2026-03-03T20:39:48Z,,1944.41,,4,RAMADAN-BUNDLE,paid
322107,1643,2026-03-08T17:26:48Z,,1295.71,1295.71,2,,paid
322108,1644,2026-03-14T14:53:55Z,,1089.05,,3,,shipped
322114,1662,2026-03-21T07:09:28Z,,5392.75,,10,NONE,canceled
322115,1662,2026-03-02T12:11:43Z,,1608.8,,4,LUX-R6,shipped
322122,1669,2026-03-27T13:52:06Z,,4454.12,4454.12,9,,canceled
322127,1674,2026-03-27T06:25:51Z,,5316.51,5316.51,13,NONE,paid
322128,1676,2026-03-28T11:42:58Z,,4346.69,,8,NONE,pending_hold
322129,1678,2026-03-21T12:56:08Z,,861.74,,4,LUX-R6,shipped
322133,1685,2026-03-08T14:58:05Z,,4691.53,,5,,shipped
322140,1694,2026-03-27T13:56:43Z,,2246.95,,6,NONE,shipped
322141,1697,2026-03-08T18:16:09Z,,1608.65,1608.65,3,WINTER-FLYER,canceled
322142,1697,2026-03-16T14:01:36Z,,4624.07,4624.07,7,WINTER-FLYER,pending_hold
322147,1699,2026-03-09T17:27:40Z,,2648.98,2648.98,10,RAMADAN-BUNDLE,pending_hold
322153,1702,2026-03-25T07:59:36Z,,2287.76,,4,NONE,paid
322155,1704,2026-03-06T18:23:56Z,,5040.17,,5,LUX-R6,paid
322156,1704,2026/03/15 21:12,,1294.23,1294.23,4,RAMADAN-BUNDLE,pending_hold
322164,1716,2026-03-10T21:45:53Z,,1868.03,,5,WINTER-FLYER,pending_hold
322166,1718,2026/03/18 18:42,,4176.83,4176.83,4,NONE,pending_hold
322171,1721,2026-03-12T17:21:35Z,,5511.83,5511.83,8,NONE,paid
322177,1731,2026-03-05T19:29:32Z,,2238.41,,2,NONE,paid
322179,1731,2026-03-22T11:51:49Z,,1766.97,1766.97,6,,canceled
322183,1735,2026-03-05T21:18:42Z,,1709.36,1709.36,5,NONE,paid
322184,1736,2026-03-22T08:26:49Z,,5354.63,5354.63,12,RAMADAN-BUNDLE,shipped
322185,1737,2026-03-19T21:22:23Z,,7200.61,,11,NONE,pending_hold
322188,1746,2026-03-22T12:46:56Z,,6739.43,,7,LUX-R6,paid
322196,1750,2026-03-11T21:11:30Z,,5613.23,,6,NONE,paid
322197,1750,2026-03-10T21:27:47Z,,6131.84,,7,NONE,paid
322198,1750,2026-03-27T14:39:57Z,,3617.65,3617.65,6,,paid
322201,1759,2026-03-20T09:58:36Z,,7652.33,7652.33,12,NONE,paid
322204,1762,2026-03-14T17:05:17Z,,5409.72,,13,,paid
322205,1763,2026-03-11T21:23:48Z,,4407.3,4407.30,11,RAMADAN-BUNDLE,canceled
322210,1767,2026-03-20T08:50:12Z,,1846.71,1846.71,3,RAMADAN-BUNDLE,paid
322218,1779,2026/03/21 12:05,,4050.3,4050.30,5,NONE,pending_hold
322220,1782,2026/03/18 19:42,,5567.43,,6,RAMADAN-BUNDLE,paid
322222,1787,2026-03-10T20:42:48Z,,3752.04,3752.04,9,LUX-R6,canceled
322225,1791,2026/03/12 23:06,,1015.97,,5,NONE,pending_hold
322227,1791,2026-03-12T17:00:29Z,,1666.93,,6,LUX-R6,pending_hold
322233,1795,2026-03-01T21:21:16Z,,5210.87,5210.87,10,NONE,shipped
322238,1800,2026/03/16 20:42,,3834.33,,9,NONE,pending_hold
322239,1800,2026-03-08T17:33:35Z,,3415.81,,8,WINTER-FLYER,paid
322245,1804,2026-03-16T14:28:41Z,,4417.5,4417.50,5,RAMADAN-BUNDLE,paid
322252,1811,2026-03-05T17:39:11Z,,8740.71,,15,NONE,canceled
322253,1814,2026/03/22 16:12,,4956.03,,11,LUX-R6,paid
322254,1817,2026-03-07T17:48:25Z,,2685.67,,10,NONE,canceled
322255,1818,2026-03-26T07:47:02Z,,3961.74,,8,NONE,shipped
322256,1825,2026-03-15T21:49:05Z,,10261.96,,13,NONE,paid
322257,1825,2026-03-07T16:22:33Z,,1584.07,,4,NONE,pending_hold
322260,1829,2026-03-23T14:43:21Z,,2329.58,,6,WINTER-FLYER,paid
322262,1830,2026-03-04T17:47:22Z,,5808.7,5808.70,10,LUX-R6,canceled
322268,1836,2026-03-08T20:19:17Z,,3587.01,3587.01,6,,shipped
322269,1837,2026-03-25T09:21:59Z,,4559.81,4559.81,4,,paid
322272,1841,2026-03-18T18:24:59Z,,1929.6,,5,RAMADAN-BUNDLE,paid
322274,1844,2026-03-13T18:23:33Z,,2724.13,2724.13,7,,paid
322275,1844,2026-03-28T12:42:09Z,,974.19,974.19,3,RAMADAN-BUNDLE,shipped
322281,1853,2026-03-18T15:10:03Z,,2061.38,,4,NONE,paid
322283,1855,2026-03-06T19:18:23Z,,2122.63,,4,,canceled
322285,1856,2026-03-19T16:06:46Z,,11151.79,11151.79,14,NONE,canceled
322291,1864,2026-03-13T15:22:13Z,,4433.43,,14,NONE,paid
322294,1880,2026/03/16 23:18,,3930.67,3930.67,8,LUX-R6,paid
322295,1882,2026-03-03T19:45:30Z,,2629.94,,7,NONE,paid
322297,1882,2026-03-18T16:21:11Z,,932.69,932.69,2,WINTER-FLYER,paid
322298,1882,2026-03-26T10:14:56Z,,8042.96,8042.96,11,LUX-R6,pending_hold
322304,1892,2026-03-24T11:09:59Z,,1690.0,,4,NONE,paid
322308,1900,2026-03-25T12:53:02Z,,483.86,,3,LUX-R6,canceled
322310,1900,2026-03-28T10:29:15Z,,2791.15,,6,LUX-R6,paid
322312,1904,2026-03-08T21:38:53Z,,5247.77,5247.77,9,NONE,paid
322313,1906,2026-03-17T17:52:48Z,,8754.92,,9,LUX-R6,shipped
322325,1914,2026-03-23T17:42:04Z,,3010.38,,5,,paid
322328,1917,2026-03-27T08:22:48Z,,2248.6,2248.60,4,LUX-R6,canceled
322330,1920,2026-03-18T14:13:59Z,,4202.03,,8,NONE,paid
322331,1921,2026-03-12T19:31:02Z,,515.03,,3,NONE,pending_hold
322333,1921,2026/03/02 20:53,,2253.93,2253.93,5,LUX-R6,paid
322336,1925,2026-03-26T08:08:14Z,,4263.18,,8,NONE,canceled
322339,1930,2026-03-05T15:41:15Z,,1933.08,,6,NONE,shipped
322343,1935,2026/03/10 23:46,,1001.96,,5,NONE,paid
322344,1938,2026-03-07T16:10:07Z,,5984.96,,8,NONE,paid
322345,1942,2026-03-02T21:19:50Z,,3604.19,,7,WINTER-FLYER,paid
322349,1944,2026-03-17T17:56:01Z,,3500.83,3500.83,9,WINTER-FLYER,paid
322351,1946,2026-03-04T15:01:44Z,,6582.85,6582.85,14,NONE,pending_hold
322352,1947,2026/03/11 20:18,,2391.06,2391.06,7,RAMADAN-BUNDLE,shipped
322356,1949,2026-03-28T11:51:46Z,,9221.25,,13,NONE,paid
322359,1957,2026-03-05T21:00:34Z,,2352.4,,7,WINTER-FLYER,shipped
322361,1958,2026-03-03T21:24:04Z,,4510.74,4510.74,12,,paid
322365,1966,2026-03-04T21:56:39Z,,6560.9,,15,,canceled
322366,1967,2026-03-25T15:49:04Z,,4931.87,4931.87,9,NONE,canceled
322367,1967,2026-03-12T17:50:33Z,,3440.36,,6,RAMADAN-BUNDLE,paid
322368,1967,2026-03-23T09:28:50Z,,4448.74,,5,LUX-R6,paid
322369,1968,2026-03-19T16:01:04Z,,2138.42,,4,NONE,shipped
322370,1969,2026-03-27T12:21:16Z,,8599.59,8599.59,10,NONE,paid
322375,1976,2026-03-24T12:07:58Z,,4700.29,,7,WINTER-FLYER,paid
322383,1987,2026-03-24T12:26:46Z,,1064.82,1064.82,3,RAMADAN-BUNDLE,shipped
322385,1990,2026/03/02 23:40,,3380.89,3380.89,11,WINTER-FLYER,paid
322386,1991,2026-03-18T17:15:51Z,,1190.32,,4,,paid
322387,1991,2026-03-27T11:47:18Z,,4836.93,,3,NONE,paid
322391,1995,2026-03-01T17:04:05Z,,1043.23,,2,,paid
322396,2002,2026-03-07T19:26:49Z,,5245.09,5245.09,11,NONE,paid
322401,2009,2026-03-16T20:09:37Z,,5359.1,,9,RAMADAN-BUNDLE,canceled
322409,2019,2026-03-24T09:41:15Z,,3293.34,3293.34,7,RAMADAN-BUNDLE,shipped
322411,2022,2026-03-01T19:05:28Z,,2788.03,2788.03,8,NONE,shipped
322412,2022,2026-03-02T21:25:04Z,,3937.8,,9,,paid
322416,2023,2026-03-14T21:52:20Z,,2042.42,2042.42,4,RAMADAN-BUNDLE,paid
322418,2026,2026-03-22T10:58:12Z,,1828.08,1828.08,4,NONE,shipped
322422,2031,2026-03-24T12:43:15Z,,4516.56,,8,RAMADAN-BUNDLE,paid
322425,2033,2026-03-23T10:20:44Z,,7214.84,7214.84,10,,paid
322433,2036,2026-03-13T19:33:56Z,,2930.37,,5,RAMADAN-BUNDLE,paid
322442,2056,2026/03/23 13:09,,3071.72,3071.72,4,NONE,paid
322444,2057,2026-03-10T19:05:41Z,,2671.2,,4,RAMADAN-BUNDLE,shipped
322450,2067,2026-03-10T18:55:37Z,,2711.93,2711.93,4,NONE,paid
322451,2067,2026-03-20T14:25:07Z,,2361.73,2361.73,5,,pending_hold
322452,2071,2026-03-13T19:27:43Z,,3035.67,3035.67,6,NONE,paid
322461,2076,2026-03-20T15:31:56Z,,4126.49,4126.49,9,LUX-R6,paid
322462,2077,2026-03-16T19:35:54Z,,4858.01,4858.01,5,,shipped
322463,2077,2026-03-26T09:56:36Z,,1535.73,1535.73,6,NONE,paid
322467,2082,2026-03-19T16:34:45Z,,6508.69,6508.69,7,RAMADAN-BUNDLE,pending_hold
322469,2085,2026-03-25T12:12:12Z,,2693.8,2693.80,8,LUX-R6,pending_hold
322473,2089,2026/03/15 20:28,,2197.16,2197.16,8,WINTER-FLYER,canceled
322474,2089,2026-03-15T17:03:23Z,,6546.06,,8,LUX-R6,paid
322476,2090,2026-03-14T19:25:09Z,,3263.66,,7,,shipped
322479,2091,2026-03-28T14:36:11Z,,2276.65,,3,,shipped
322481,2094,2026-03-22T09:51:41Z,,2198.69,,6,NONE,canceled
322487,2101,2026-03-06T21:34:51Z,,891.5,,4,,canceled
322490,2103,2026-03-09T21:07:25Z,,4507.37,,8,NONE,paid
322500,2109,2026-03-14T20:16:15Z,,6289.69,6289.69,11,,pending_hold
322504,2117,2026-03-14T20:14:43Z,,5084.75,,4,NONE,canceled
322507,2123,2026-03-18T15:16:49Z,,726.44,726.44,2,NONE,paid
322516,2131,2026-03-21T12:34:49Z,,2444.15,2444.15,13,,paid
322523,2137,2026-03-20T12:26:39Z,,2398.27,,6,,paid
322525,2143,2026-03-02T19:25:04Z,,2061.73,2061.73,2,LUX-R6,paid
322527,2145,2026-03-03T21:38:31Z,,1958.21,,4,WINTER-FLYER,shipped
322534,2155,2026-03-22T11:38:08Z,,3180.89,3180.89,7,LUX-R6,canceled
322535,2155,2026-03-16T21:54:02Z,,1877.41,,3,NONE,paid
322537,2157,2026-03-22T08:23:53Z,,2168.95,2168.95,5,RAMADAN-BUNDLE,canceled
322541,2163,2026/03/12 22:17,,1676.19,1676.19,3,RAMADAN-BUNDLE,paid
322542,2164,2026/03/05 17:44,,5528.81,,7,NONE,pending_hold
322543,2165,2026-03-09T19:31:52Z,,5317.71,5317.71,6,RAMADAN-BUNDLE,pending_hold
322546,2165,2026-03-26T06:17:17Z,,2646.7,,4,,pending_hold
322547,2166,2026-03-12T13:33:33Z,,3166.65,,8,NONE,paid
322548,2166,2026-03-24T14:28:36Z,,2257.92,,3,LUX-R6,paid
322550,2168,2026-03-11T21:45:13Z,,1701.03,1701.03,8,,paid
322552,2169,2026-03-19T13:51:55Z,,2523.57,,9,NONE,paid
322554,2169,2026-03-11T14:27:52Z,,7181.52,,11,NONE,paid
322556,2174,2026-03-19T21:12:40Z,,1725.38,,8,LUX-R6,paid
322562,2183,2026-03-03T15:01:15Z,,526.02,526.02,4,,paid
322564,2184,2026-03-21T11:56:41Z,,4782.83,4782.83,6,RAMADAN-BUNDLE,pending_hold
322568,2185,2026-03-28T12:06:17Z,,2179.16,2179.16,7,LUX-R6,paid
322569,2188,2026-03-18T18:41:46Z,,2190.86,2190.86,3,NONE,paid
322576,2200,2026-03-23T08:58:01Z,,2372.71,2372.71,6,WINTER-FLYER,paid
322579,2203,2026-03-12T18:47:58Z,,3212.01,,6,,paid
322582,2204,2026-03-14T18:18:43Z,,2676.75,2676.75,6,LUX-R6,paid
322584,2206,2026-03-01T20:53:19Z,,5860.45,5860.45,9,NONE,canceled
322587,2212,2026/03/17 23:17,,3331.54,3331.54,10,NONE,pending_hold
322590,2219,2026-03-13T11:12:53Z,,3245.93,,3,,paid
322592,2219,2026-03-24T06:22:35Z,,3156.17,3156.17,9,NONE,pending_hold
322594,2219,2026-03-24T09:59:01Z,,2227.77,,4,,pending_hold
322598,2228,2026-03-09T18:39:41Z,,3011.39,3011.39,11,WINTER-FLYER,paid
322601,2232,2026-03-10T12:14:38Z,,6157.86,,10,WINTER-FLYER,paid
322604,2234,2026/03/15 20:46,,1159.22,1159.22,5,,shipped
322611,2243,2026-03-04T19:29:57Z,,1490.31,,4,NONE,pending_hold
322617,2249,2026-03-06T15:24:25Z,,5472.91,,11,LUX-R6,shipped
322623,2256,2026-03-06T18:07:20Z,,2972.95,,3,NONE,canceled
322624,2259,2026-03-05T18:23:44Z,,681.84,681.84,2,NONE,canceled
322625,2260,2026-03-08T21:53:54Z,,2596.96,,4,NONE,paid
322626,2260,2026-03-28T11:10:30Z,,1857.6,,3,LUX-R6,canceled
322635,2271,2026-03-08T16:13:15Z,,1439.54,1439.54,4,NONE,shipped
322640,2273,2026-03-12T19:52:00Z,,2205.59,2205.59,7,RAMADAN-BUNDLE,pending_hold
322643,2277,2026-03-15T15:16:46Z,,1696.37,,2,NONE,paid
322646,2282,2026-03-26T08:21:53Z,,506.98,,5,NONE,paid
322649,2286,2026-03-13T15:22:03Z,,3450.16,,7,NONE,pending_hold
322654,2287,2026-03-17T19:26:02Z,,6849.71,6849.71,15,WINTER-FLYER,pending_hold
322655,2287,2026-03-10T21:28:06Z,,6079.02,6079.02,9,WINTER-FLYER,paid
322657,2288,2026-03-16T21:33:41Z,,2162.62,2162.62,5,LUX-R6,paid
322658,2290,2026-03-27T06:50:06Z,,2599.19,,5,LUX-R6,shipped
322660,2293,2026-03-25T13:48:42Z,,585.43,,3,RAMADAN-BUNDLE,pending_hold
322665,2296,2026-03-26T10:22:44Z,,4372.57,4372.57,10,LUX-R6,pending_hold
322667,2298,2026-03-27T13:50:47Z,,3032.32,3032.32,6,NONE,paid
322668,2300,2026-03-06T18:52:12Z,,7420.79,,7,RAMADAN-BUNDLE,pending_hold
322672,2311,2026-03-14T19:16:37Z,,2375.42,2375.42,8,RAMADAN-BUNDLE,paid
322673,2311,2026-03-07T15:52:45Z,,4186.41,4186.41,9,LUX-R6,paid
322677,2313,2026-03-05T15:34:48Z,,7307.24,7307.24,7,RAMADAN-BUNDLE,pending_hold
322681,2314,2026-03-27T16:08:12Z,,2901.73,2901.73,5,NONE,paid
322682,2315,2026-03-10T21:36:14Z,,4241.66,,7,LUX-R6,paid
322683,2319,2026-03-28T10:29:31Z,,8522.33,8522.33,13,LUX-R6,pending_hold
322685,2319,2026-03-13T16:15:51Z,,1385.18,,3,NONE,canceled
322694,2334,2026-03-09T17:38:08Z,,4482.21,4482.21,11,NONE,canceled
322697,2336,2026-03-23T14:39:28Z,,2772.68,2772.68,3,WINTER-FLYER,paid
322698,2336,2026-03-08T14:19:58Z,,1660.11,1660.11,3,LUX-R6,shipped
322701,2341,2026-03-28T08:25:31Z,,3956.86,3956.86,8,RAMADAN-BUNDLE,paid
322702,2341,2026-03-07T18:14:48Z,,5459.93,5459.93,7,,canceled
322706,2348,2026-03-28T07:30:21Z,,3727.9,,10,,paid
322711,2351,2026-03-01T19:25:21Z,,1156.97,1156.97,6,WINTER-FLYER,paid
322712,2351,2026-03-28T06:26:43Z,,591.61,,5,,paid
322715,2354,2026-03-17T14:03:05Z,,9112.3,,11,NONE,shipped
322724,2368,2026-03-12T21:43:18Z,,1793.42,1793.42,2,NONE,paid
322725,2374,2026-03-28T13:56:01Z,,1607.52,,4,LUX-R6,paid
322726,2375,2026-03-21T06:40:18Z,,1659.34,1659.34,2,LUX-R6,shipped
322733,2382,2026-03-08T21:38:57Z,,1805.33,,5,WINTER-FLYER,pending_hold
322738,2383,2026-03-26T11:00:29Z,,2676.28,2676.28,5,NONE,pending_hold
322739,2383,2026/03/03 21:28,,5794.02,,13,LUX-R6,canceled
322740,2386,2026-03-22T07:05:08Z,,9989.18,9989.18,10,NONE,paid
322743,2392,2026-03-26T10:24:33Z,,1460.3,,3,,canceled
322744,2392,2026-03-13T21:03:11Z,,1492.21,1492.21,4,NONE,paid
322754,2402,2026-03-18T19:07:28Z,,1342.04,,4,WINTER-FLYER,paid
322756,2404,2026-03-02T16:54:45Z,,4364.07,,10,,shipped
322757,2405,2026-03-03T20:18:59Z,,5265.29,5265.29,8,,paid
322760,2407,2026-03-05T19:59:16Z,,5567.7,5567.70,12,RAMADAN-BUNDLE,paid
322762,2407,2026-03-21T10:52:17Z,,4495.64,,7,NONE,paid
322767,2413,2026-03-05T21:03:26Z,,5368.3,,5,,shipped
322768,2421,2026-03-03T17:01:51Z,,1182.1,,3,LUX-R6,paid
322771,2427,2026-03-15T18:07:16Z,,2449.19,2449.19,5,RAMADAN-BUNDLE,shipped
322775,2430,2026-03-28T10:41:29Z,,1123.57,1123.57,4,LUX-R6,pending_hold
322778,2430,2026-03-15T20:00:06Z,,6366.96,,8,LUX-R6,pending_hold
322786,2437,2026-03-27T06:38:55Z,,6700.04,,12,WINTER-FLYER,paid
322791,2443,2026-03-26T08:47:54Z,,2269.34,,7,WINTER-FLYER,paid
322794,2446,2026-03-21T14:33:40Z,,2604.53,,8,RAMADAN-BUNDLE,paid
322795,2447,2026-03-16T18:08:08Z,,904.15,904.15,2,WINTER-FLYER,paid
322796,2448,2026-03-14T17:22:53Z,,2919.15,,5,RAMADAN-BUNDLE,paid
322802,2458,2026-03-21T06:50:39Z,,2984.89,2984.89,5,NONE,pending_hold
322803,2458,2026-03-07T16:13:54Z,,3748.54,,9,WINTER-FLYER,pending_hold
322804,2458,2026/03/13 21:40,,2797.75,,6,,shipped
322809,2462,2026-03-13T21:09:15Z,,5841.5,,8,NONE,paid
322812,2464,2026-03-11T14:54:57Z,,3341.93,,6,LUX-R6,canceled
322813,2464,2026-03-10T16:39:17Z,,6115.1,,12,NONE,paid
322814,2467,2026-03-20T10:05:21Z,,2223.29,2223.29,6,RAMADAN-BUNDLE,pending_hold
322817,2472,2026-03-03T19:35:32Z,,2909.52,2909.52,6,NONE,shipped
322826,2481,2026-03-24T10:34:38Z,,2813.98,2813.98,8,,paid
322837,2492,2026-03-14T18:28:45Z,,3258.11,3258.11,5,NONE,paid
322839,2495,2026-03-25T08:13:34Z,,2112.35,,5,LUX-R6,paid
322843,2502,2026-03-04T20:35:09Z,,3862.9,,8,WINTER-FLYER,shipped
322857,2515,2026-03-16T21:29:08Z,,3052.4,,6,LUX-R6,shipped
322859,2515,2026-03-21T15:47:31Z,,1734.15,1734.15,5,WINTER-FLYER,paid
322865,2519,2026-03-04T21:15:13Z,,1722.23,,4,NONE,pending_hold
322871,2533,2026-03-26T06:37:07Z,,1567.06,1567.06,4,LUX-R6,paid
322877,2539,2026-03-05T17:05:50Z,,3595.54,,6,,pending_hold
322878,2540,2026-03-25T12:06:14Z,,1828.02,,6,RAMADAN-BUNDLE,canceled
322881,2542,2026-03-07T19:51:40Z,,3752.36,,11,LUX-R6,paid
322882,2547,2026-03-25T11:28:31Z,,1648.55,,6,,shipped
322883,2547,2026/03/15 22:52,,1124.59,1124.59,3,NONE,paid
322884,2548,2026-03-13T21:41:42Z,,2769.42,,6,RAMADAN-BUNDLE,paid
322893,2561,2026-03-20T08:18:18Z,,1748.57,,4,RAMADAN-BUNDLE,paid
322905,2570,2026-03-04T19:19:42Z,,684.21,,3,NONE,shipped
322908,2575,2026-03-07T15:51:09Z,,3253.71,3253.71,5,NONE,paid
322909,2576,2026/03/16 18:11,,2848.71,,7,,shipped
322912,2579,2026-03-26T06:23:20Z,,6305.32,,6,NONE,pending_hold
322913,2580,2026-03-03T19:52:03Z,,2806.72,2806.72,8,NONE,paid
322916,2588,2026/03/10 20:54,,1244.41,,6,RAMADAN-BUNDLE,paid
322917,2589,2026-03-25T12:10:28Z,,3691.9,3691.90,8,NONE,paid
322921,2595,2026-03-24T10:05:17Z,,5775.32,5775.32,10,,canceled
322922,2596,2026-03-04T17:32:23Z,,2207.05,,3,RAMADAN-BUNDLE,pending_hold
322925,2602,2026-03-07T18:23:57Z,,1045.2,1045.20,6,,canceled
322930,2605,2026/03/24 13:27,,2511.56,2511.56,3,,paid
322931,2605,2026-03-23T06:41:21Z,,2638.25,,5,RAMADAN-BUNDLE,pending_hold
322935,2607,2026-03-12T19:51:40Z,,2826.19,2826.19,5,RAMADAN-BUNDLE,paid
322937,2609,2026-03-23T09:06:22Z,,2870.54,2870.54,6,RAMADAN-BUNDLE,paid
322938,2609,2026-03-01T09:10:24Z,,7779.25,,9,,paid
322944,2616,2026-03-20T07:36:39Z,,2681.93,,5,NONE,paid
322945,2616,2026-03-01T21:16:17Z,,8800.61,,6,,pending_hold
322946,2616,2026-03-05T21:19:10Z,,2578.01,,6,RAMADAN-BUNDLE,pending_hold
322948,2619,2026-03-26T08:42:24Z,,2109.08,,7,,pending_hold
322950,2622,2026-03-23T09:44:07Z,,3607.16,3607.16,7,RAMADAN-BUNDLE,paid
322955,2628,2026-03-20T07:46:49Z,,7420.39,,10,NONE,paid
322956,2633,2026-03-19T15:58:24Z,,12094.57,12094.57,7,LUX-R6,paid
322959,2643,2026-03-13T18:21:11Z,,6572.35,,9,RAMADAN-BUNDLE,paid
322964,2646,2026-03-28T06:53:45Z,,3514.12,3514.12,5,WINTER-FLYER,pending_hold
322965,2646,2026-03-14T19:08:37Z,,5319.61,5319.61,10,LUX-R6,shipped
322973,2658,2026-03-22T11:28:10Z,,3966.68,,7,LUX-R6,paid
322978,2663,2026-03-03T21:36:14Z,,8483.63,,6,NONE,paid
322985,2678,2026/03/28 08:53,,2735.9,,4,LUX-R6,pending_hold
322989,2681,2026-03-11T17:16:15Z,,5082.91,,8,NONE,paid
322994,2689,2026-03-05T21:18:20Z,,1547.73,1547.73,5,LUX-R6,canceled
322997,2695,2026-03-15T19:05:58Z,,1498.72,,7,WINTER-FLYER,shipped
322999,2697,2026/03/12 20:44,,2271.04,2271.04,3,NONE,canceled
323003,2703,2026-03-09T18:30:03Z,,4802.82,4802.82,9,RAMADAN-BUNDLE,paid
323004,2703,2026-03-19T19:16:40Z,,3339.83,,5,NONE,canceled
323006,2703,2026-03-11T21:16:26Z,,553.72,,2,RAMADAN-BUNDLE,pending_hold
323007,2706,2026-03-26T06:44:29Z,,4616.7,,7,NONE,paid
323008,2707,2026-03-05T21:43:37Z,,3427.63,,9,LUX-R6,shipped
323012,2709,2026-03-18T21:13:24Z,,5331.87,,15,NONE,paid
323019,2724,2026-03-28T10:44:08Z,,10946.23,10946.23,14,NONE,paid
323020,2725,2026-03-02T20:46:04Z,,1660.33,,5,LUX-R6,pending_hold
323022,2729,2026-03-08T20:08:20Z,,1798.14,,6,WINTER-FLYER,canceled
323028,2737,2026-03-11T18:26:56Z,,4796.89,,11,RAMADAN-BUNDLE,paid
323029,2740,2026/03/19 15:26,,7347.68,,9,WINTER-FLYER,paid
323033,2746,2026-03-13T16:38:28Z,,4654.81,,3,NONE,shipped
323036,2750,2026-03-23T13:55:22Z,,9579.22,,12,,canceled
323038,2753,2026-03-16T21:11:19Z,,5763.46,5763.46,7,NONE,canceled
323046,2761,2026-03-11T21:37:20Z,,2741.37,,6,NONE,canceled
323050,2763,2026-03-23T09:32:14Z,,7423.29,,15,,paid
323052,2769,2026-03-19T15:50:08Z,,2030.1,,3,WINTER-FLYER,shipped
323056,2773,2026-03-04T17:25:58Z,,2865.54,2865.54,7,NONE,canceled
323058,2781,2026-03-05T18:48:16Z,,2519.04,,7,WINTER-FLYER,shipped
323063,2790,2026-03-16T19:11:55Z,,4899.31,,11,NONE,pending_hold
323064,2791,2026-03-13T21:49:06Z,,2960.82,,5,WINTER-FLYER,paid
323067,2795,2026-03-03T21:15:42Z,,2360.75,2360.75,4,,paid
323072,2804,2026-03-10T21:32:03Z,,320.61,,2,NONE,paid
323073,2805,2026-03-24T12:38:40Z,,5902.99,5902.99,9,LUX-R6,paid
323076,2807,2026-03-15T20:58:06Z,,1175.4,,3,NONE,paid
323083,2816,2026-03-08T19:58:41Z,,3239.38,,6,WINTER-FLYER,paid
323089,2819,2026-03-11T10:38:13Z,,4072.62,4072.62,8,,canceled
323093,2824,2026-03-06T20:23:21Z,,1263.05,,4,LUX-R6,paid
323096,1004,2026-04-22T11:04:12Z,,4862.32,4862.32,10,NONE,paid
323099,1007,2026-04-01T06:57:01Z,,1935.56,,6,WINTER-FLYER,pending_hold
323105,1013,2026-04-28T10:31:25Z,,2294.42,2294.42,5,WINTER-FLYER,paid
323108,1017,2026-04-05T06:12:47Z,,6202.12,6202.12,7,,canceled
323111,1019,2026-04-11T12:18:59Z,,4161.68,,10,,paid
323112,1019,2026/04/16 17:35,,1501.24,,5,NONE,paid
323113,1019,2026-04-22T12:33:22Z,,3736.05,,7,NONE,shipped
323117,1021,2026-04-25T12:57:07Z,,2165.52,,6,RAMADAN-BUNDLE,paid
323118,1021,2026-04-13T16:49:08Z,,3437.47,3437.47,8,NONE,paid
323122,1021,2026-04-09T09:55:53Z,,7513.35,,7,WINTER-FLYER,paid
323123,1022,2026-04-04T11:02:25Z,,4729.11,4729.11,11,NONE,paid
323125,1031,2026-04-24T07:24:11Z,,1315.06,1315.06,6,RAMADAN-BUNDLE,paid
323129,1035,2026-04-25T10:01:01Z,,3262.04,3262.04,7,LUX-R6,paid
323131,1043,2026-04-25T06:58:44Z,,1459.72,,4,NONE,paid
323134,1047,2026-04-16T08:00:53Z,,1990.29,1990.29,2,WINTER-FLYER,shipped
323135,1047,2026-04-10T10:55:55Z,,2939.56,2939.56,5,WINTER-FLYER,paid
323136,1048,2026-04-12T15:13:09Z,,6329.29,6329.29,5,,paid
323137,1048,2026-04-28T12:16:49Z,,6757.43,,13,NONE,canceled
323143,1053,2026-04-04T07:52:12Z,,3759.91,,6,,pending_hold
323148,1054,2026-04-12T10:20:09Z,,1386.12,,4,RAMADAN-BUNDLE,paid
323150,1058,2026-04-18T10:31:26Z,,2813.76,2813.76,6,,paid
323153,1064,2026-04-27T10:52:50Z,,6698.94,6698.94,13,WINTER-FLYER,pending_hold
323157,1069,2026-04-25T15:08:47Z,,6635.19,6635.19,11,NONE,paid
323160,1075,2026-04-04T09:48:52Z,,736.59,,4,RAMADAN-BUNDLE,pending_hold
323163,1083,2026-04-21T10:31:08Z,,1276.38,1276.38,3,LUX-R6,paid
323166,1089,2026-04-22T06:28:22Z,,2994.86,2994.86,4,RAMADAN-BUNDLE,canceled
323170,1094,2026-04-25T06:24:54Z,,3145.18,3145.18,6,NONE,paid
323171,1094,2026-04-07T09:18:40Z,,2398.47,2398.47,6,LUX-R6,canceled
323173,1097,2026-04-13T09:43:41Z,,3410.69,,7,WINTER-FLYER,canceled
323176,1099,2026-04-07T07:07:12Z,,5841.71,,12,WINTER-FLYER,paid
323181,1105,2026-04-20T07:07:13Z,,849.24,,2,WINTER-FLYER,paid
323184,1116,2026-04-05T13:58:11Z,,1964.66,,6,RAMADAN-BUNDLE,paid
323186,1118,2026-04-06T12:56:16Z,,2049.79,,6,,shipped
323190,1123,2026-04-12T11:51:35Z,,2365.8,2365.80,8,,paid
323195,1134,2026-04-11T06:01:23Z,,9590.09,,15,RAMADAN-BUNDLE,paid
323198,1135,2026-04-22T14:57:41Z,,2594.01,2594.01,8,WINTER-FLYER,shipped
323200,1137,2026-04-22T12:40:50Z,,5890.65,5890.65,11,WINTER-FLYER,canceled
323201,1139,2026-04-13T11:58:52Z,,2132.74,,7,,paid
323203,1145,2026-04-09T19:46:37Z,,2867.46,,7,NONE,paid
323207,1151,2026-04-25T06:40:37Z,,1695.33,,5,NONE,paid
323210,1154,2026-04-07T11:29:37Z,,2329.84,2329.84,7,LUX-R6,canceled
323213,1159,2026-04-25T10:37:14Z,,4849.53,4849.53,10,NONE,paid
323214,1159,2026-04-17T11:29:34Z,,3989.74,,6,NONE,pending_hold
323222,1169,2026-04-03T12:03:47Z,,2568.12,2568.12,6,LUX-R6,shipped
323225,1178,2026-04-21T13:01:15Z,,7325.03,,9,LUX-R6,paid
323230,1181,2026-04-10T08:22:08Z,,3667.19,3667.19,7,LUX-R6,paid
323234,1184,2026-04-08T08:09:35Z,,6923.32,,8,,pending_hold
323236,1188,2026-04-05T13:00:41Z,,2865.72,,9,,canceled
323239,1194,2026-04-19T10:50:28Z,,1769.51,,4,WINTER-FLYER,shipped
323240,1196,2026-04-24T08:52:44Z,,2316.06,,2,WINTER-FLYER,paid
323244,1199,2026-04-23T07:14:01Z,,1821.07,,6,NONE,shipped
323245,1200,2026-04-28T09:51:33Z,,3046.54,,7,NONE,paid
323246,1201,2026-04-19T06:51:59Z,,4375.43,,8,NONE,paid
323251,1209,2026-04-04T08:14:39Z,,2054.04,,4,RAMADAN-BUNDLE,shipped
323264,1222,2026-04-23T09:22:25Z,,1969.59,1969.59,8,,paid
323265,1223,2026-04-20T14:33:33Z,,2564.32,,8,WINTER-FLYER,shipped
323267,1225,2026-04-24T06:07:35Z,,4379.92,4379.92,9,RAMADAN-BUNDLE,paid
323268,1226,2026-04-26T10:52:16Z,,2250.43,,5,RAMADAN-BUNDLE,canceled
323270,1226,2026-04-04T14:27:31Z,,2975.5,2975.50,9,NONE,paid
323275,1232,2026-04-16T10:09:16Z,,2946.43,,5,,pending_hold
323279,1237,2026-04-15T11:09:13Z,,2303.57,,5,WINTER-FLYER,paid
323282,1237,2026-04-15T10:26:26Z,,2086.18,,7,NONE,pending_hold
323287,1244,2026-04-28T13:57:17Z,,716.67,,3,NONE,canceled
323289,1250,2026-04-18T13:40:51Z,,4308.09,,10,LUX-R6,shipped
323292,1257,2026-04-23T06:32:44Z,,5906.29,5906.29,10,NONE,paid
323294,1258,2026-04-28T10:29:23Z,,3419.01,3419.01,4,RAMADAN-BUNDLE,pending_hold
323297,1261,2026-04-17T12:15:22Z,,4390.38,,5,,paid
323299,1262,2026/04/08 10:12,,4376.42,,9,,paid
323304,1273,2026/04/22 11:46,,2088.96,2088.96,7,WINTER-FLYER,pending_hold
323305,1276,2026-04-26T10:24:28Z,,2265.76,,7,LUX-R6,pending_hold
323307,1285,2026-04-28T09:28:51Z,,2102.0,2102.00,5,NONE,paid
323321,1298,2026-04-12T12:03:35Z,,3921.63,3921.63,6,NONE,paid
323322,1298,2026-04-02T08:10:26Z,,2632.04,2632.04,3,RAMADAN-BUNDLE,paid
323328,1305,2026-04-14T09:45:39Z,,2497.64,2497.64,5,NONE,canceled
323331,1306,2026-04-25T14:44:24Z,,6827.64,6827.64,10,NONE,shipped
323332,1309,2026-04-01T08:17:49Z,,1354.25,1354.25,6,RAMADAN-BUNDLE,shipped
323340,1322,2026-04-27T08:59:47Z,,1859.65,,6,NONE,canceled
323345,1325,2026-04-06T06:56:27Z,,4668.79,,11,LUX-R6,pending_hold
323347,1326,2026-04-27T08:24:34Z,,3260.43,3260.43,7,,paid
323348,1326,2026-04-18T11:44:01Z,,2707.23,2707.23,5,WINTER-FLYER,paid
323359,1334,2026-04-20T10:05:58Z,,4517.19,,11,LUX-R6,paid
323364,1339,2026/04/01 08:31,,1732.42,1732.42,4,,shipped
323365,1341,2026-04-25T11:40:30Z,,6083.75,,13,NONE,canceled
323366,1342,2026-04-20T11:24:28Z,,2102.84,,9,NONE,canceled
323367,1344,2026-04-07T14:33:18Z,,7518.0,,14,WINTER-FLYER,canceled
323374,1347,2026-04-08T10:54:07Z,,1683.21,1683.21,6,RAMADAN-BUNDLE,paid
323377,1352,2026-04-08T09:41:08Z,,2345.31,2345.31,7,RAMADAN-BUNDLE,canceled
323385,1364,2026-04-26T06:54:28Z,,4823.29,4823.29,12,LUX-R6,paid
323386,1365,2026-04-02T09:16:22Z,,5729.14,5729.14,14,WINTER-FLYER,paid
323387,1367,2026-04-18T08:58:07Z,,1825.95,1825.95,6,NONE,pending_hold
323392,1371,2026-04-26T06:54:32Z,,833.57,833.57,4,WINTER-FLYER,pending_hold
323395,1375,2026-04-03T10:10:16Z,,1516.72,,4,LUX-R6,canceled
323397,1379,2026-04-23T06:32:02Z,,2734.3,2734.30,3,WINTER-FLYER,paid
323398,1379,2026-04-04T14:13:17Z,,1596.01,,4,RAMADAN-BUNDLE,shipped
323399,1382,2026-04-03T13:56:07Z,,1271.15,1271.15,3,NONE,shipped
323404,1384,2026-04-07T12:36:02Z,,3377.52,,7,,pending_hold
323406,1388,2026-04-04T06:51:18Z,,3369.66,3369.66,6,RAMADAN-BUNDLE,canceled
323418,1401,2026-04-02T11:12:53Z,,7632.69,,7,NONE,canceled
323419,1403,2026-04-12T11:53:30Z,,7628.91,,9,NONE,paid
323422,1410,2026-04-15T08:04:05Z,,2216.36,,5,LUX-R6,paid
323432,1424,2026-04-16T07:41:28Z,,2498.11,,6,WINTER-FLYER,paid
323433,1427,2026-04-26T06:27:57Z,,2107.76,2107.76,5,WINTER-FLYER,canceled
323434,1427,2026-04-17T10:57:54Z,,1898.46,1898.46,8,NONE,canceled
323443,1435,2026-04-02T14:44:38Z,,11991.37,11991.37,14,,canceled
323444,1435,2026-04-16T11:34:59Z,,3200.65,,11,RAMADAN-BUNDLE,paid
323455,1448,2026-04-04T06:25:12Z,,4993.27,4993.27,8,RAMADAN-BUNDLE,paid
323457,1448,2026-04-08T10:43:09Z,,7299.26,7299.26,8,RAMADAN-BUNDLE,shipped
323463,1454,2026-04-25T13:07:27Z,,1576.8,,5,LUX-R6,paid
323465,1455,2026-04-26T06:22:53Z,,3302.88,,6,,pending_hold
323474,1466,2026-04-23T12:48:50Z,,5918.82,,10,WINTER-FLYER,shipped
323477,1471,2026-04-06T12:39:28Z,,1679.46,,2,,paid
323482,1475,2026/04/13 14:36,,1866.13,,4,RAMADAN-BUNDLE,canceled
323489,1483,2026-04-15T08:12:20Z,,2829.97,2829.97,6,,paid
323490,1483,2026-04-09T10:38:23Z,,3628.62,,5,NONE,paid
323491,1484,2026-04-23T10:43:46Z,,2078.62,,4,LUX-R6,pending_hold
323492,1484,2026-04-21T10:06:10Z,,4201.34,4201.34,12,RAMADAN-BUNDLE,canceled
323494,1488,2026-04-19T15:51:54Z,,3128.73,,5,,canceled
323497,1490,2026-04-09T15:02:05Z,,699.55,,3,RAMADAN-BUNDLE,paid
323498,1491,2026-04-14T10:56:27Z,,1848.88,,3,,paid
323501,1493,2026-04-03T15:08:22Z,,5042.54,5042.54,10,WINTER-FLYER,pending_hold
323510,1506,2026/04/15 10:59,,2980.72,,5,RAMADAN-BUNDLE,pending_hold
323514,1507,2026-04-10T13:30:59Z,,1819.14,1819.14,4,WINTER-FLYER,shipped
323515,1507,2026-04-22T06:28:10Z,,3170.93,,4,NONE,shipped
323521,1507,2026-04-27T06:55:29Z,,9276.72,,8,NONE,canceled
323530,1516,2026-04-19T14:05:35Z,,878.42,,6,,shipped
323531,1516,2026-04-01T06:38:02Z,,4905.47,4905.47,10,WINTER-FLYER,canceled
323534,1519,2026-04-06T11:54:11Z,,1661.15,1661.15,5,WINTER-FLYER,paid
323540,1524,2026-04-05T13:19:01Z,,3406.64,3406.64,6,NONE,paid
323541,1525,2026/04/23 18:17,,3449.1,,11,WINTER-FLYER,paid
323544,1536,2026-04-12T11:53:04Z,,1640.74,1640.74,4,RAMADAN-BUNDLE,paid
323545,1536,2026-04-25T16:09:40Z,,1381.07,,5,NONE,pending_hold
323548,1539,2026-04-20T13:23:05Z,,4384.02,,8,RAMADAN-BUNDLE,shipped
323549,1539,2026-04-21T07:21:16Z,,4309.15,,9,RAMADAN-BUNDLE,paid
323551,1540,2026-04-28T06:10:50Z,,3306.18,3306.18,8,WINTER-FLYER,canceled
323552,1540,2026-04-06T08:39:37Z,,2471.25,2471.25,6,LUX-R6,pending_hold
323555,1541,2026-04-15T10:31:16Z,,1691.53,1691.53,4,,paid
323563,1546,2026-04-25T09:35:57Z,,1859.41,1859.41,3,RAMADAN-BUNDLE,paid
323570,1554,2026-04-14T08:16:15Z,,6767.82,,6,NONE,shipped
323572,1554,2026-04-18T14:11:45Z,,4104.03,,7,RAMADAN-BUNDLE,paid
323581,1558,2026-04-09T11:27:43Z,,4285.1,,10,NONE,shipped
323600,1580,2026-04-06T11:52:34Z,,1895.07,,5,WINTER-FLYER,paid
323602,1581,2026-04-23T06:18:44Z,,267.97,,2,,shipped
323604,1584,2026-04-08T09:24:36Z,,1339.79,,5,NONE,canceled
323621,1601,2026-04-06T11:44:02Z,,2948.6,,8,LUX-R6,canceled
323625,1603,2026-04-18T06:54:52Z,,530.75,530.75,2,,pending_hold
323626,1604,2026-04-21T09:26:42Z,,1911.89,1911.89,4,NONE,canceled
323632,1610,2026-04-08T14:21:52Z,,2065.46,,5,NONE,paid
323635,1618,2026-04-10T09:29:27Z,,6363.56,,11,,paid
323637,1619,2026-04-01T06:19:33Z,,2127.63,2127.63,4,RAMADAN-BUNDLE,canceled
323639,1620,2026-04-14T09:59:53Z,,607.14,607.14,3,WINTER-FLYER,shipped
323642,1625,2026-04-09T06:15:25Z,,2559.48,,3,LUX-R6,pending_hold
323645,1632,2026-04-02T12:55:49Z,,2979.35,2979.35,3,NONE,paid
323646,1633,2026-04-25T08:56:47Z,,1777.76,,5,,paid
323647,1634,2026/04/23 15:09,,3680.59,,10,,shipped
323650,1637,2026-04-10T13:03:35Z,,2120.88,2120.88,7,LUX-R6,canceled
323653,1637,2026-04-13T10:27:30Z,,2302.41,,5,NONE,paid
323655,1641,2026-04-08T16:20:35Z,,1317.42,,6,NONE,paid
323657,1643,2026-04-22T07:00:40Z,,1441.11,,6,RAMADAN-BUNDLE,shipped
323659,1644,2026-04-12T06:53:40Z,,3430.68,,8,WINTER-FLYER,pending_hold
323661,1646,2026/04/18 12:57,,4766.92,4766.92,5,WINTER-FLYER,paid
323664,1650,2026-04-18T12:55:09Z,,280.69,280.69,3,,paid
323665,1655,2026-04-06T13:06:25Z,,3090.12,,5,LUX-R6,canceled
323677,1665,2026-04-08T09:01:00Z,,2137.73,,7,NONE,paid
323684,1669,2026-04-13T15:37:52Z,,5429.84,5429.84,5,NONE,paid
323686,1669,2026-04-06T06:46:11Z,,4617.09,4617.09,5,NONE,paid
323690,1671,2026-04-01T10:27:45Z,,2156.09,,5,RAMADAN-BUNDLE,paid
323695,1682,2026-04-23T13:19:54Z,,4031.76,4031.76,10,,paid
323696,1682,2026-04-13T11:19:14Z,,2643.74,,3,RAMADAN-BUNDLE,paid
323704,1686,2026-04-28T13:09:17Z,,11160.1,,15,,paid
323705,1686,2026-04-06T08:57:15Z,,3605.11,,8,,pending_hold
323706,1687,2026/04/28 08:54,,11352.68,,12,LUX-R6,pending_hold
323707,1689,2026-04-18T08:25:56Z,,2384.47,,4,NONE,pending_hold
323708,1693,2026-04-07T09:46:41Z,,3718.77,,9,LUX-R6,canceled
323711,1697,2026-04-19T12:16:01Z,,4622.18,,6,RAMADAN-BUNDLE,paid
323714,1703,2026-04-15T09:52:16Z,,5930.88,,5,NONE,canceled
323715,1703,2026-04-12T13:31:14Z,,3739.56,,10,LUX-R6,paid
323716,1703,2026-04-28T08:46:48Z,,4623.41,4623.41,11,WINTER-FLYER,paid
323717,1704,2026-04-01T09:40:17Z,,3916.78,,5,,paid
323718,1704,2026-04-02T08:35:45Z,,3084.97,,4,NONE,pending_hold
323729,1713,2026-04-02T06:14:54Z,,2236.07,2236.07,8,,paid
323733,1721,2026-04-28T10:44:17Z,,2685.64,,15,LUX-R6,shipped
323740,1729,2026-04-05T09:56:15Z,,1532.23,,2,NONE,shipped
323741,1729,2026-04-04T12:20:23Z,,8078.87,8078.87,10,LUX-R6,pending_hold
323743,1733,2026-04-16T15:45:01Z,,1704.04,1704.04,6,NONE,pending_hold
323744,1734,2026-04-20T07:30:12Z,,2149.39,2149.39,7,LUX-R6,paid
323746,1734,2026-04-27T13:10:34Z,,2892.04,2892.04,6,,shipped
323758,1754,2026-04-01T11:25:35Z,,4035.94,,8,NONE,shipped
323763,1759,2026-04-27T13:34:23Z,,4863.94,,7,RAMADAN-BUNDLE,shipped
323765,1764,2026-04-02T11:41:06Z,,10632.91,10632.91,10,LUX-R6,pending_hold
323772,1767,2026-04-07T06:02:11Z,,4167.45,4167.45,7,,paid
323774,1769,2026-04-10T10:02:12Z,,4668.07,4668.07,6,NONE,shipped
323778,1776,2026-04-23T13:44:26Z,,2304.54,,6,RAMADAN-BUNDLE,canceled
323784,1783,2026-04-10T08:38:35Z,,2934.03,2934.03,9,,shipped
323787,1785,2026-04-02T09:31:23Z,,3495.25,,7,WINTER-FLYER,paid
323790,1791,2026-04-01T08:25:44Z,,1538.09,1538.09,3,WINTER-FLYER,shipped
323793,1795,2026-04-08T09:43:24Z,,913.25,913.25,2,RAMADAN-BUNDLE,paid
323794,1795,2026-04-16T07:43:29Z,,5620.25,5620.25,12,NONE,pending_hold
323799,1799,2026-04-16T13:19:16Z,,3370.93,,7,LUX-R6,paid
323800,1803,2026-04-18T09:20:59Z,,8365.07,8365.07,13,NONE,shipped
323801,1804,2026-04-27T12:43:26Z,,1541.96,1541.96,7,RAMADAN-BUNDLE,pending_hold
323807,1810,2026-04-27T09:45:50Z,,7754.26,,11,WINTER-FLYER,shipped
323808,1811,2026-04-22T10:20:36Z,,1250.91,,3,LUX-R6,paid
323809,1812,2026-04-16T06:38:47Z,,2735.23,2735.23,7,WINTER-FLYER,paid
323810,1812,2026-04-27T14:48:12Z,,841.97,841.97,4,RAMADAN-BUNDLE,paid
323815,1815,2026-04-12T08:29:00Z,,3341.13,3341.13,5,WINTER-FLYER,pending_hold
323817,1820,2026-04-06T13:30:39Z,,3209.71,,4,NONE,pending_hold
323822,1825,2026-04-26T14:15:34Z,,4591.41,,7,NONE,pending_hold
323823,1825,2026-04-18T09:11:21Z,,2358.56,2358.56,8,WINTER-FLYER,shipped
323827,1825,2026-04-20T06:56:38Z,,2714.85,2714.85,6,NONE,paid
323832,1832,2026-04-13T12:50:30Z,,1238.02,,5,RAMADAN-BUNDLE,paid
323834,1835,2026-04-15T16:13:28Z,,2558.76,,6,WINTER-FLYER,paid
323836,1837,2026-04-04T11:43:38Z,,1938.98,,5,NONE,shipped
323837,1838,2026-04-09T09:24:30Z,,3832.64,,9,RAMADAN-BUNDLE,canceled
323839,1840,2026-04-03T15:31:11Z,,1279.85,,6,NONE,shipped
323840,1840,2026-04-13T10:09:26Z,,4466.29,,11,NONE,paid
323841,1842,2026-04-19T11:33:11Z,,2249.57,,5,RAMADAN-BUNDLE,paid
323843,1847,2026-04-16T07:32:09Z,,3729.04,3729.04,6,LUX-R6,shipped
323847,1847,2026-04-26T09:31:43Z,,7903.9,7903.90,14,NONE,canceled
323849,1851,2026-04-10T17:09:18Z,,5830.12,5830.12,8,RAMADAN-BUNDLE,paid
323855,1855,2026-04-10T16:34:01Z,,1678.87,1678.87,4,LUX-R6,paid
323856,1855,2026-04-17T08:42:33Z,,4742.87,,11,NONE,paid
323858,1859,2026-04-27T11:33:58Z,,3969.06,,5,,canceled
323859,1860,2026-04-11T12:40:25Z,,3415.67,3415.67,9,NONE,paid
323866,1866,2026-04-24T06:41:55Z,,3062.33,3062.33,6,,canceled
323871,1878,2026-04-09T14:44:21Z,,941.06,941.06,2,RAMADAN-BUNDLE,paid
323874,1880,2026-04-05T11:09:27Z,,4787.27,4787.27,9,RAMADAN-BUNDLE,paid
323880,1889,2026-04-07T10:33:13Z,,4145.09,4145.09,7,RAMADAN-BUNDLE,canceled
323882,1893,2026-04-02T08:47:38Z,,5220.13,,9,NONE,paid
323886,1893,2026-04-12T11:33:42Z,,1319.06,,4,,paid
323888,1894,2026-04-17T07:02:48Z,,8278.31,,11,,paid
323891,1897,2026-04-04T16:25:12Z,,7485.06,,14,,paid
323892,1897,2026-04-14T13:59:29Z,,5448.77,5448.77,7,NONE,paid
323894,1904,2026-04-15T09:47:05Z,,5258.24,,9,NONE,shipped
323904,1915,2026-04-05T08:55:31Z,,4928.63,,7,,pending_hold
323908,1921,2026-04-23T09:28:23Z,,4483.53,,11,WINTER-FLYER,paid
323922,1930,2026-04-18T13:35:06Z,,4705.81,4705.81,5,NONE,canceled
323925,1931,2026-04-08T10:10:42Z,,4762.53,4762.53,11,,paid
323926,1931,2026-04-27T11:50:19Z,,444.16,444.16,2,NONE,pending_hold
323933,1944,2026-04-24T10:41:58Z,,2620.76,,11,RAMADAN-BUNDLE,paid
323939,1949,2026-04-15T10:40:51Z,,3013.52,,8,,paid
323940,1950,2026-04-03T08:33:06Z,,3923.01,3923.01,8,LUX-R6,pending_hold
323941,1951,2026-04-21T09:26:50Z,,3031.15,,5,,paid
323950,1957,2026-04-17T06:42:47Z,,5510.34,5510.34,7,,pending_hold
323953,1959,2026-04-26T11:34:02Z,,5193.37,,6,,paid
323957,1962,2026-04-23T12:13:54Z,,3938.74,,10,NONE,pending_hold
323969,1981,2026-04-15T11:53:22Z,,855.44,855.44,5,NONE,pending_hold
323970,1981,2026-04-09T08:59:40Z,,3389.78,3389.78,5,WINTER-FLYER,pending_hold
323972,1989,2026-04-21T13:01:17Z,,6466.06,6466.06,9,NONE,paid
323974,1990,2026-04-06T11:11:15Z,,1168.84,,2,RAMADAN-BUNDLE,paid
323990,2004,2026-04-16T14:27:29Z,,4556.12,,9,LUX-R6,pending_hold
323998,2021,2026-04-23T07:55:18Z,,2403.48,2403.48,6,LUX-R6,canceled
324001,2023,2026-04-06T06:27:22Z,,2141.27,,5,LUX-R6,paid
324009,2026,2026-04-10T11:21:18Z,,5737.62,,6,NONE,paid
324011,2028,2026-04-05T09:52:48Z,,2384.55,,8,NONE,paid
324012,2028,2026-04-28T09:15:18Z,,526.73,526.73,2,NONE,shipped
324013,2028,2026-04-04T08:11:55Z,,3050.5,3050.50,4,RAMADAN-BUNDLE,canceled
324016,2034,2026-04-18T12:12:20Z,,3441.37,,7,WINTER-FLYER,canceled
324017,2037,2026-04-17T12:36:31Z,,1355.97,1355.97,8,RAMADAN-BUNDLE,canceled
324019,2038,2026-04-20T08:18:10Z,,3137.79,3137.79,4,RAMADAN-BUNDLE,shipped
324021,2040,2026-04-20T06:05:51Z,,3222.83,3222.83,7,NONE,shipped
324025,2041,2026-04-26T09:24:14Z,,6355.99,6355.99,6,,pending_hold
324027,2041,2026-04-06T06:15:28Z,,1514.68,,2,NONE,paid
324031,2050,2026-04-27T09:26:25Z,,4295.95,4295.95,10,RAMADAN-BUNDLE,pending_hold
324034,2053,2026-04-03T13:40:32Z,,1125.61,1125.61,3,NONE,paid
324035,2055,2026-04-09T11:08:58Z,,3102.03,3102.03,8,NONE,paid
324036,2057,2026/04/14 11:21,,2214.75,,4,NONE,shipped
324037,2058,2026-04-13T12:49:29Z,,5072.33,5072.33,10,LUX-R6,paid
324040,2062,2026-04-18T12:06:50Z,,1967.87,1967.87,6,NONE,paid
324048,2071,2026-04-24T09:25:33Z,,2353.27,,8,WINTER-FLYER,paid
324049,2072,2026-04-18T06:07:05Z,,1534.19,1534.19,4,NONE,paid
324050,2073,2026-04-11T06:35:23Z,,3476.2,3476.20,8,NONE,paid
324051,2074,2026-04-10T08:47:09Z,,2691.99,,7,RAMADAN-BUNDLE,paid
324054,2076,2026-04-17T09:30:15Z,,5768.74,,12,NONE,shipped
324055,2078,2026-04-04T13:49:19Z,,5083.84,,8,NONE,pending_hold
324063,2089,2026-04-05T11:28:51Z,,591.96,591.96,3,LUX-R6,canceled
324065,2089,2026-04-18T09:59:10Z,,2627.46,,5,NONE,canceled
324066,2089,2026-04-02T14:26:46Z,,9360.31,,12,NONE,paid
324071,2091,2026-04-23T12:07:05Z,,4280.85,4280.85,7,NONE,shipped
324072,2091,2026-04-19T11:53:08Z,,2123.14,2123.14,7,NONE,shipped
324073,2092,2026-04-08T12:13:47Z,,914.71,,4,RAMADAN-BUNDLE,canceled
324087,2106,2026-04-02T08:50:02Z,,1834.01,1834.01,2,NONE,paid
324101,2124,2026-04-21T08:16:25Z,,175.28,,2,NONE,paid
324117,2133,2026-04-15T11:52:56Z,,4160.99,4160.99,14,,pending_hold
324119,2134,2026/04/26 10:36,,1172.9,,5,WINTER-FLYER,canceled
324122,2135,2026-04-15T08:21:45Z,,4000.42,,7,RAMADAN-BUNDLE,paid
324123,2137,2026-04-02T09:46:09Z,,4938.23,4938.23,9,RAMADAN-BUNDLE,paid
324125,2138,2026-04-23T09:59:08Z,,3947.48,,12,,paid
324126,2140,2026-04-07T12:35:00Z,,2525.66,,3,WINTER-FLYER,paid
324128,2142,2026-04-11T11:29:48Z,,2415.35,2415.35,5,NONE,paid
324129,2142,2026-04-27T10:36:34Z,,1286.71,,5,,canceled
324130,2143,2026-04-02T06:05:40Z,,670.35,,5,NONE,pending_hold
324139,2152,2026-04-09T08:32:26Z,,2483.03,,4,LUX-R6,canceled
324140,2155,2026-04-26T07:11:54Z,,2516.55,,7,RAMADAN-BUNDLE,paid
324142,2157,2026-04-14T10:09:59Z,,5168.29,5168.29,10,,paid
324147,2158,2026-04-05T10:14:11Z,,453.67,,3,NONE,pending_hold
324149,2162,2026-04-15T09:54:43Z,,2484.81,2484.81,5,NONE,pending_hold
324150,2163,2026-04-03T08:13:04Z,,2502.56,,7,WINTER-FLYER,paid
324154,2165,2026-04-03T12:17:17Z,,6175.99,6175.99,5,RAMADAN-BUNDLE,pending_hold
324155,2165,2026-04-10T10:47:29Z,,5568.8,5568.80,11,WINTER-FLYER,pending_hold
324158,2166,2026-04-10T07:10:29Z,,1378.33,,2,LUX-R6,canceled
324167,2171,2026-04-09T09:03:53Z,,4121.48,,5,,shipped
324175,2179,2026-04-12T15:53:54Z,,7219.02,7219.02,10,NONE,pending_hold
324177,2182,2026/04/16 15:11,,2425.26,,5,,paid
324182,2184,2026-04-14T08:39:40Z,,2950.79,,4,LUX-R6,paid
324186,2187,2026-04-05T11:13:29Z,,1312.81,1312.81,2,WINTER-FLYER,paid
324187,2191,2026-04-01T14:18:00Z,,2383.43,,7,LUX-R6,paid
324189,2191,2026-04-07T09:40:47Z,,6963.04,,13,NONE,paid
324194,2196,2026-04-18T07:26:48Z,,4815.71,4815.71,11,NONE,pending_hold
324197,2201,2026-04-20T09:26:33Z,,3579.68,3579.68,7,WINTER-FLYER,paid
324199,2202,2026-04-25T14:51:47Z,,7660.76,,9,LUX-R6,paid
324200,2203,2026-04-14T08:56:14Z,,1933.16,1933.16,8,LUX-R6,pending_hold
324201,2205,2026-04-18T08:04:09Z,,3926.96,,15,NONE,shipped
324202,2205,2026-04-05T06:57:26Z,,240.43,240.43,2,NONE,paid
324207,2209,2026-04-14T11:37:00Z,,3800.45,,4,NONE,shipped
324209,2215,2026-04-21T13:39:44Z,,6308.7,6308.70,15,WINTER-FLYER,paid
324210,2217,2026-04-26T16:15:54Z,,3598.67,,7,RAMADAN-BUNDLE,paid
324214,2221,2026-04-11T13:38:36Z,,6213.53,,9,NONE,shipped
324222,2224,2026-04-02T12:01:20Z,,7030.53,7030.53,8,WINTER-FLYER,paid
324223,2224,2026-04-23T14:16:50Z,,2822.09,2822.09,5,,shipped
324237,2247,2026-04-23T07:51:42Z,,817.66,817.66,3,RAMADAN-BUNDLE,paid
324239,2250,2026-04-09T13:36:58Z,,5087.71,,13,,pending_hold
324241,2251,2026-04-25T11:56:07Z,,3280.2,,12,WINTER-FLYER,shipped
324242,2251,2026-04-03T07:18:40Z,,537.94,537.94,2,NONE,paid
324244,2253,2026-04-09T10:32:15Z,,2249.32,,7,WINTER-FLYER,canceled
324245,2253,2026-04-22T11:56:10Z,,3051.57,3051.57,10,NONE,pending_hold
324247,2255,2026/04/11 15:11,,2047.94,,2,WINTER-FLYER,shipped
324252,2256,2026-04-25T09:03:10Z,,5154.41,5154.41,6,NONE,paid
324266,2266,2026-04-16T13:31:35Z,,1296.12,,2,WINTER-FLYER,paid
324277,2275,2026-04-01T13:13:49Z,,5145.81,,8,RAMADAN-BUNDLE,paid
324289,2293,2026-04-23T08:37:59Z,,5155.57,,6,NONE,paid
324290,2295,2026-04-15T07:29:43Z,,2541.93,2541.93,5,WINTER-FLYER,paid
324293,2298,2026-04-04T11:17:49Z,,4540.94,,7,LUX-R6,paid
324299,2305,2026-04-02T07:17:29Z,,1405.69,,5,,canceled
324302,2308,2026-04-18T06:06:14Z,,4770.09,4770.09,9,NONE,canceled
324307,2315,2026-04-03T07:47:18Z,,3307.49,,5,NONE,canceled
324317,2321,2026-04-03T12:43:03Z,,2383.92,,7,,shipped
324318,2323,2026/04/25 10:20,,2571.03,2571.03,5,NONE,canceled
324329,2337,2026-04-06T12:44:21Z,,1946.09,,4,NONE,paid
324336,2352,2026-04-14T07:47:16Z,,2587.32,,4,,paid
324338,2353,2026-04-20T14:09:01Z,,5101.01,,11,RAMADAN-BUNDLE,pending_hold
324339,2354,2026-04-17T15:43:04Z,,3936.62,,10,NONE,shipped
324346,2361,2026/04/23 14:35,,4838.25,,8,LUX-R6,pending_hold
324349,2364,2026-04-24T11:33:31Z,,2354.33,2354.33,6,,canceled
324350,2365,2026-04-02T09:44:06Z,,3119.08,,5,NONE,shipped
324358,2375,2026-04-26T06:38:58Z,,3633.92,3633.92,6,WINTER-FLYER,paid
324364,2389,2026-04-14T07:09:15Z,,2193.85,,6,RAMADAN-BUNDLE,paid
324366,2390,2026-04-20T11:32:45Z,,6812.67,6812.67,6,NONE,paid
324373,2398,2026-04-15T09:47:19Z,,2359.04,,4,NONE,paid
324374,2399,2026-04-07T12:51:24Z,,1439.49,1439.49,7,RAMADAN-BUNDLE,paid
324375,2400,2026-04-03T06:47:54Z,,1825.6,1825.60,4,NONE,shipped
324379,2405,2026-04-11T15:06:30Z,,1329.69,,2,,paid
324382,2407,2026-04-21T07:41:14Z,,2536.0,,8,WINTER-FLYER,paid
324385,2407,2026-04-22T09:03:04Z,,1436.7,1436.70,5,LUX-R6,canceled
324386,2407,2026-04-21T13:16:37Z,,1405.25,1405.25,3,LUX-R6,shipped
324389,2411,2026-04-02T10:34:03Z,,2424.16,2424.16,6,LUX-R6,canceled
324394,2415,2026-04-16T10:35:30Z,,8427.11,,13,NONE,paid
324398,2418,2026-04-16T10:19:32Z,,868.15,868.15,4,WINTER-FLYER,paid
324399,2419,2026-04-05T16:51:06Z,,2863.14,,14,RAMADAN-BUNDLE,shipped
324405,2427,2026-04-16T09:11:20Z,,2413.22,2413.22,2,,shipped
324415,2434,2026-04-13T07:46:03Z,,759.28,759.28,2,RAMADAN-BUNDLE,pending_hold
324419,2439,2026-04-14T12:31:05Z,,2710.75,2710.75,3,LUX-R6,shipped
324424,2444,2026-04-20T10:41:26Z,,5778.37,5778.37,10,NONE,pending_hold
324425,2444,2026-04-03T08:44:40Z,,4918.68,,6,WINTER-FLYER,pending_hold
324426,2445,2026-04-10T09:18:58Z,,2398.15,,10,LUX-R6,paid
324430,2448,2026-04-18T15:42:57Z,,1930.61,,2,WINTER-FLYER,pending_hold
324431,2448,2026-04-13T11:14:43Z,,2518.85,,8,LUX-R6,canceled
324434,2450,2026-04-04T11:42:09Z,,1824.34,1824.34,4,LUX-R6,pending_hold
324445,2459,2026-04-16T11:04:22Z,,3546.65,3546.65,8,LUX-R6,paid
324454,2464,2026-04-05T06:25:20Z,,6242.02,6242.02,13,NONE,shipped
324456,2472,2026-04-12T13:50:24Z,,6816.21,,8,WINTER-FLYER,paid
324457,2475,2026-04-11T11:00:24Z,,2218.36,2218.36,7,,paid
324463,2483,2026-04-10T12:49:39Z,,2402.46,,8,RAMADAN-BUNDLE,shipped
324465,2489,2026-04-23T10:26:17Z,,1701.02,,4,LUX-R6,paid
324470,2492,2026-04-16T07:30:56Z,,3856.81,,5,,shipped
324473,2497,2026-04-26T11:55:04Z,,3360.99,3360.99,5,NONE,paid
324476,2499,2026-04-23T11:47:39Z,,6434.12,,13,WINTER-FLYER,paid
324486,2503,2026-04-26T13:07:32Z,,8888.06,,15,NONE,paid
324494,2507,2026-04-14T09:14:35Z,,1831.89,,4,NONE,paid
324497,2508,2026-04-27T09:20:19Z,,999.28,999.28,6,NONE,paid
324501,2515,2026-04-19T06:45:11Z,,728.0,728.00,4,NONE,paid
324506,2518,2026-04-08T12:02:02Z,,1303.38,,2,RAMADAN-BUNDLE,shipped
324510,2523,2026-04-13T13:58:56Z,,3997.23,3997.23,5,NONE,paid
324512,2525,2026-04-22T06:52:19Z,,1808.97,,5,NONE,pending_hold
324516,2531,2026/04/04 13:41,,2855.78,2855.78,4,,paid
324517,2533,2026-04-26T10:20:38Z,,2911.22,,6,NONE,paid
324524,2542,2026-04-17T09:49:42Z,,4660.83,,9,NONE,canceled
324526,2547,2026-04-25T10:30:54Z,,3195.3,,6,RAMADAN-BUNDLE,pending_hold
324527,2548,2026-04-24T08:39:44Z,,1183.87,1183.87,7,RAMADAN-BUNDLE,pending_hold
324529,2550,2026-04-24T06:46:49Z,,8384.25,,10,,paid
324536,2559,2026-04-23T13:12:25Z,,1764.14,1764.14,2,WINTER-FLYER,paid
324537,2559,2026-04-27T08:17:31Z,,6777.0,,12,LUX-R6,canceled
324539,2562,2026-04-23T09:12:47Z,,1593.32,1593.32,6,NONE,paid
324543,2564,2026-04-14T06:14:04Z,,5032.26,,10,RAMADAN-BUNDLE,paid
324546,2569,2026-04-20T09:04:35Z,,5146.28,,12,LUX-R6,paid
324550,2577,2026-04-21T12:25:09Z,,7120.47,7120.47,9,WINTER-FLYER,shipped
324551,2577,2026-04-28T09:56:39Z,,5328.88,5328.88,5,LUX-R6,shipped
324553,2579,2026-04-20T12:01:14Z,,9212.88,9212.88,12,RAMADAN-BUNDLE,paid
324554,2580,2026-04-16T11:48:28Z,,5291.48,5291.48,7,,pending_hold
324559,2591,2026-04-07T09:34:46Z,,4138.39,4138.39,6,NONE,pending_hold
324560,2594,2026-04-09T09:16:16Z,,1396.23,,5,NONE,canceled
324562,2594,2026-04-12T13:20:58Z,,2364.46,,5,WINTER-FLYER,canceled
324575,2604,2026-04-16T11:34:28Z,,4598.39,,12,NONE,canceled
324576,2605,2026-04-11T06:05:56Z,,703.57,703.57,3,,shipped
324581,2609,2026-04-20T08:29:29Z,,1786.03,,3,WINTER-FLYER,pending_hold
324583,2610,2026-04-03T07:24:10Z,,2101.12,,4,LUX-R6,paid
324589,2616,2026-04-23T10:09:01Z,,5052.0,,8,WINTER-FLYER,paid
324590,2616,2026-04-01T11:00:02Z,,4410.36,4410.36,8,NONE,canceled
324591,2616,2026-04-11T07:55:12Z,,1046.28,,3,LUX-R6,paid
324592,2618,2026-04-08T14:38:05Z,,6610.64,6610.64,8,LUX-R6,paid
324594,2619,2026-04-05T12:30:26Z,,5930.63,5930.63,12,RAMADAN-BUNDLE,paid
324595,2620,2026-04-09T12:57:31Z,,2789.0,,6,,shipped
324598,2620,2026-04-17T09:37:14Z,,1099.31,,2,WINTER-FLYER,paid
324600,2621,2026-04-28T14:14:30Z,,2105.81,,7,,canceled
324601,2621,2026-04-18T09:03:19Z,,3939.9,,15,NONE,canceled
324602,2622,2026-04-26T13:23:44Z,,1732.56,1732.56,4,NONE,shipped
324607,2633,2026-04-25T13:04:45Z,,5500.24,5500.24,9,,paid
324609,2635,2026-04-14T17:26:41Z,,4161.44,4161.44,5,NONE,paid
324611,2639,2026-04-12T11:36:37Z,,8808.85,,9,,shipped
324614,2640,2026-04-14T06:41:20Z,,2828.57,,6,RAMADAN-BUNDLE,paid
324617,2643,2026-04-28T11:47:35Z,,4855.89,,9,WINTER-FLYER,paid
324618,2644,2026/04/07 09:17,,4050.47,,6,NONE,paid
324619,2645,2026-04-25T06:12:46Z,,7934.53,7934.53,15,NONE,shipped
324628,2661,2026-04-15T13:54:24Z,,1565.25,1565.25,7,NONE,shipped
324634,2664,2026-04-13T13:03:59Z,,609.73,,2,NONE,paid
324635,2665,2026-04-07T09:44:10Z,,1554.01,,5,NONE,paid
324637,2667,2026-04-12T11:39:50Z,,4851.1,,10,,paid
324639,2669,2026-04-14T10:59:08Z,,5365.39,,6,NONE,shipped
324640,2669,2026-04-24T08:01:33Z,,1357.05,1357.05,4,NONE,paid
324641,2675,2026-04-24T08:57:18Z,,2047.55,,6,NONE,paid
324643,2676,2026/04/13 09:49,,2726.24,2726.24,5,NONE,paid
324644,2676,2026-04-01T09:29:10Z,,2662.64,2662.64,5,,shipped
324645,2676,2026-04-16T08:20:39Z,,6051.56,6051.56,4,LUX-R6,shipped
324647,2677,2026-04-06T12:42:38Z,,1829.63,,4,NONE,canceled
324649,2686,2026-04-02T10:58:49Z,,655.41,,3,NONE,paid
324653,2688,2026-04-03T07:01:10Z,,1228.48,1228.48,5,,shipped
324654,2689,2026-04-19T10:19:22Z,,2922.18,2922.18,8,RAMADAN-BUNDLE,canceled
324657,2691,2026-04-23T06:14:40Z,,8872.87,,15,NONE,shipped
324658,2694,2026-04-25T12:11:16Z,,2434.51,2434.51,8,LUX-R6,canceled
324659,2695,2026-04-02T11:56:19Z,,3104.06,,4,RAMADAN-BUNDLE,canceled
324666,2701,2026-04-03T08:54:22Z,,1926.84,,4,WINTER-FLYER,paid
324670,2703,2026-04-14T12:23:06Z,,2274.38,,7,LUX-R6,shipped
324677,2716,2026-04-16T12:36:16Z,,1248.92,1248.92,5,,paid
324684,2726,2026-04-16T11:39:58Z,,4761.59,,6,RAMADAN-BUNDLE,pending_hold
324691,2731,2026-04-25T11:56:25Z,,3884.44,,4,RAMADAN-BUNDLE,paid
324700,2740,2026/04/25 10:27,,532.16,,3,RAMADAN-BUNDLE,paid
324701,2743,2026-04-24T11:16:25Z,,3285.66,,4,LUX-R6,shipped
324705,2746,2026-04-27T09:42:54Z,,1438.14,1438.14,4,LUX-R6,shipped
324707,2748,2026-04-23T08:50:12Z,,5961.91,,7,WINTER-FLYER,paid
324709,2750,2026-04-10T07:31:29Z,,3614.68,3614.68,7,,pending_hold
324712,2751,2026-04-15T06:22:57Z,,4694.47,,8,RAMADAN-BUNDLE,pending_hold
324713,2751,2026-04-20T10:23:09Z,,4819.07,,9,NONE,paid
324723,2763,2026/04/21 14:36,,3521.23,,4,WINTER-FLYER,paid
324729,2769,2026-04-20T10:32:18Z,,1222.19,,6,,pending_hold
324730,2772,2026-04-19T10:25:33Z,,6789.29,6789.29,13,WINTER-FLYER,canceled
324732,2774,2026-04-25T07:17:55Z,,6824.66,6824.66,9,NONE,pending_hold
324736,2780,2026-04-16T06:09:31Z,,2646.04,2646.04,7,NONE,shipped
324738,2784,2026-04-09T13:24:26Z,,1006.9,,2,RAMADAN-BUNDLE,paid
324740,2786,2026-04-09T09:49:56Z,,2414.05,,3,,shipped
324741,2786,2026-04-13T07:38:50Z,,2882.23,,8,,paid
324745,2791,2026-04-05T12:53:08Z,,134.0,,2,,paid
324746,2793,2026-04-08T09:54:43Z,,3196.18,,6,RAMADAN-BUNDLE,canceled
324747,2794,2026-04-16T09:46:06Z,,3263.21,,5,NONE,shipped
324752,2806,2026-04-20T11:39:36Z,,6040.74,,11,WINTER-FLYER,paid
324755,2808,2026-04-02T10:46:18Z,,1942.72,,3,NONE,canceled
324756,2809,2026-04-05T06:55:12Z,,2225.37,,9,RAMADAN-BUNDLE,paid
324758,2810,2026/04/17 14:30,,4537.21,,7,NONE,paid
324761,2813,2026-04-07T10:16:48Z,,2603.82,2603.82,8,RAMADAN-BUNDLE,pending_hold
324765,2816,2026-04-02T09:15:35Z,,7115.96,,5,RAMADAN-BUNDLE,paid
324767,2818,2026-04-05T08:10:47Z,,1183.75,,4,,pending_hold
324769,1003,2026-05-03T08:20:10Z,,3881.04,,13,RAMADAN-BUNDLE,shipped
324772,1007,2026-05-06T12:16:20Z,,4394.41,,10,LUX-R6,paid
324775,1011,2026-05-13T09:27:00Z,,3964.66,,7,,paid
324776,1012,2026-05-28T06:46:06Z,,7318.18,,12,RAMADAN-BUNDLE,canceled
324778,1016,2026-05-12T06:18:29Z,,3711.54,,6,NONE,paid
324786,1021,2026-05-08T06:33:53Z,,1218.8,,3,NONE,shipped
324791,1026,2026-05-24T09:04:19Z,,622.92,622.92,2,NONE,paid
324794,1028,2026-05-20T10:55:46Z,,2834.71,,5,RAMADAN-BUNDLE,paid
324796,1031,2026-05-24T12:00:48Z,,2626.99,2626.99,5,WINTER-FLYER,paid
324798,1032,2026/05/18 10:29,,3337.17,3337.17,8,NONE,paid
324803,1036,2026/05/07 13:11,,1150.61,,4,,paid
324805,1047,2026-05-26T17:42:21Z,,6240.53,,11,NONE,paid
324806,1047,2026-05-10T08:30:37Z,,5983.03,5983.03,15,NONE,shipped
324808,1047,2026-05-28T10:11:29Z,,1861.37,,5,WINTER-FLYER,paid
324813,1052,2026-05-10T18:54:35Z,,2034.77,2034.77,4,WINTER-FLYER,paid
324814,1054,2026-05-04T10:01:38Z,,1985.68,1985.68,5,LUX-R6,shipped
324815,1054,2026-05-14T12:22:50Z,,2177.1,,4,WINTER-FLYER,shipped
324828,1081,2026-05-12T14:46:39Z,,2409.13,2409.13,9,,paid
324829,1081,2026-05-28T12:29:21Z,,6638.35,,14,NONE,paid
324840,1094,2026-05-24T13:59:01Z,,4388.98,4388.98,13,NONE,paid
324842,1095,2026-05-01T15:09:09Z,,1370.8,1370.80,2,LUX-R6,pending_hold
324844,1097,2026-05-02T07:38:57Z,,3679.63,3679.63,7,NONE,canceled
324845,1098,2026-05-03T15:07:37Z,,4249.48,4249.48,6,NONE,canceled
324848,1098,2026-05-11T08:17:56Z,,2415.06,,5,RAMADAN-BUNDLE,pending_hold
324849,1100,2026-05-19T10:00:04Z,,4306.69,4306.69,14,WINTER-FLYER,paid
324851,1100,2026-05-03T14:20:37Z,,3059.83,,5,,canceled
324853,1100,2026-05-22T08:39:10Z,,1620.46,1620.46,3,RAMADAN-BUNDLE,paid
324861,1108,2026-05-25T13:42:34Z,,8918.56,8918.56,15,,pending_hold
324862,1109,2026-05-18T07:19:54Z,,5830.81,,7,NONE,paid
324864,1109,2026-05-28T16:37:42Z,,4653.45,,15,,paid
324867,1111,2026-05-05T06:38:34Z,,3567.75,,9,WINTER-FLYER,shipped
324873,1118,2026-05-28T13:19:09Z,,1618.63,1618.63,9,RAMADAN-BUNDLE,paid
324876,1122,2026/05/06 15:42,,13402.62,,15,LUX-R6,shipped
324881,1133,2026-05-14T13:14:28Z,,2807.49,2807.49,6,RAMADAN-BUNDLE,paid
324883,1134,2026-05-12T12:28:39Z,,2749.9,,8,RAMADAN-BUNDLE,shipped
324885,1134,2026-05-05T07:51:33Z,,6337.91,,10,,canceled
324888,1139,2026-05-07T11:33:30Z,,1914.48,,5,,pending_hold
324890,1141,2026-05-02T14:19:32Z,,2120.46,,4,NONE,canceled
324899,1150,2026-05-03T13:35:11Z,,4754.09,,7,WINTER-FLYER,shipped
324901,1156,2026/05/02 13:20,,2859.61,2859.61,5,LUX-R6,shipped
324902,1158,2026-05-27T13:04:38Z,,11271.05,11271.05,9,LUX-R6,paid
324905,1160,2026-05-09T12:14:44Z,,2932.15,,6,RAMADAN-BUNDLE,paid
324908,1168,2026-05-26T08:19:12Z,,2090.08,2090.08,5,NONE,paid
324911,1170,2026-05-24T07:27:53Z,,1268.83,1268.83,4,RAMADAN-BUNDLE,paid
324912,1173,2026-05-23T08:33:21Z,,5589.42,,10,RAMADAN-BUNDLE,canceled
324913,1175,2026-05-19T10:27:23Z,,2990.82,2990.82,5,NONE,canceled
324914,1176,2026-05-06T11:50:13Z,,2961.31,2961.31,4,WINTER-FLYER,canceled
324919,1181,2026-05-23T12:47:22Z,,3886.75,,8,,canceled
324920,1181,2026-05-18T11:59:01Z,,8211.53,,11,NONE,paid
324921,1182,2026-05-17T13:58:01Z,,2582.82,,6,WINTER-FLYER,paid
324923,1182,2026/05/01 12:30,,4450.23,4450.23,7,NONE,pending_hold
324924,1183,2026-05-20T06:48:43Z,,3202.4,3202.40,9,RAMADAN-BUNDLE,pending_hold
324926,1185,2026-05-09T11:35:26Z,,3015.25,,6,NONE,paid
324930,1192,2026-05-11T06:14:23Z,,2279.6,2279.60,3,NONE,shipped
324932,1192,2026-05-17T09:56:34Z,,6633.58,,10,NONE,pending_hold
324933,1192,2026-05-17T12:47:48Z,,4709.95,4709.95,9,NONE,canceled
324934,1193,2026-05-24T09:09:53Z,,4100.05,,3,,shipped
324937,1198,2026-05-28T11:02:16Z,,3490.32,,6,NONE,canceled
324940,1199,2026-05-24T13:38:42Z,,8017.07,8017.07,12,,paid
324945,1201,2026/05/01 08:30,,2140.6,,5,WINTER-FLYER,canceled
324946,1201,2026-05-16T14:41:14Z,,804.15,,4,LUX-R6,canceled
324949,1204,2026-05-16T07:56:34Z,,3586.77,3586.77,4,RAMADAN-BUNDLE,canceled
324950,1206,2026-05-02T12:18:13Z,,3883.51,3883.51,8,NONE,paid
324954,1207,2026-05-04T12:06:56Z,,2702.84,,5,LUX-R6,canceled
324961,1216,2026-05-02T06:38:05Z,,1688.43,,4,LUX-R6,paid
324968,1224,2026-05-27T10:02:23Z,,808.32,808.32,3,NONE,paid
324969,1224,2026-05-07T06:17:57Z,,5433.37,5433.37,15,,pending_hold
324970,1226,2026-05-25T12:04:41Z,,3896.43,,5,NONE,shipped
324973,1232,2026-05-09T11:39:26Z,,2849.34,,8,,paid
324979,1237,2026-05-09T06:39:55Z,,2985.26,,9,RAMADAN-BUNDLE,pending_hold
324981,1239,2026-05-27T14:50:43Z,,7129.55,7129.55,7,LUX-R6,paid
324986,1243,2026-05-19T06:53:35Z,,1572.67,,3,LUX-R6,paid
324994,1261,2026-05-22T09:39:36Z,,1672.9,1672.90,7,WINTER-FLYER,paid
324998,1267,2026-05-23T07:25:04Z,,6451.7,,11,NONE,paid
325003,1276,2026-05-07T07:37:13Z,,2862.62,,6,,canceled
325004,1276,2026-05-24T09:32:45Z,,3816.88,,11,,paid
325005,1276,2026-05-14T10:59:19Z,,4899.57,4899.57,14,WINTER-FLYER,canceled
325012,1284,2026-05-16T13:52:44Z,,5878.03,5878.03,9,LUX-R6,paid
325025,1298,2026-05-16T09:11:20Z,,649.25,,3,,paid
325029,1299,2026-05-04T08:06:45Z,,4038.58,,8,WINTER-FLYER,pending_hold
325032,1303,2026-05-21T12:26:06Z,,5435.28,5435.28,10,NONE,paid
325040,1307,2026-05-14T10:18:34Z,,2921.59,,7,WINTER-FLYER,pending_hold
325045,1312,2026-05-11T09:52:27Z,,1163.06,1163.06,5,,paid
325049,1314,2026-05-26T14:37:06Z,,1885.9,,6,NONE,pending_hold
325050,1319,2026/05/11 13:33,,5258.44,5258.44,9,WINTER-FLYER,paid
325052,1326,2026-05-12T11:34:24Z,,495.45,495.45,4,,shipped
325060,1335,2026-05-20T08:55:22Z,,1465.82,1465.82,3,WINTER-FLYER,pending_hold
325063,1339,2026-05-14T13:45:16Z,,4136.16,,9,LUX-R6,paid
325066,1342,2026-05-05T09:16:21Z,,4486.89,,6,NONE,paid
325073,1347,2026-05-27T09:45:52Z,,3365.48,3365.48,5,NONE,paid
325074,1347,2026-05-18T11:33:49Z,,1262.49,1262.49,6,NONE,pending_hold
325075,1348,2026-05-05T08:20:29Z,,2343.64,,3,,paid
325084,1359,2026-05-22T15:33:05Z,,3044.0,,8,LUX-R6,pending_hold
325086,1363,2026-05-15T10:03:50Z,,4510.23,4510.23,5,,pending_hold
325088,1367,2026-05-17T08:35:29Z,,6423.74,,9,NONE,paid
325094,1373,2026-05-24T15:41:21Z,,5763.42,,12,WINTER-FLYER,paid
325096,1375,2026-05-27T13:37:28Z,,1168.41,,4,RAMADAN-BUNDLE,paid
325097,1379,2026-05-16T11:35:33Z,,1596.88,1596.88,6,NONE,shipped
325099,1380,2026-05-03T10:36:06Z,,2364.31,,7,WINTER-FLYER,canceled
325100,1381,2026-05-01T11:03:49Z,,4074.46,4074.46,8,WINTER-FLYER,paid
325108,1388,2026-05-04T09:06:55Z,,3234.18,,5,NONE,paid
325109,1388,2026/05/28 12:57,,5901.53,5901.53,13,NONE,shipped
325116,1391,2026/05/18 15:50,,1797.44,,4,,canceled
325120,1393,2026-05-10T12:41:25Z,,3224.77,,12,,canceled
325122,1394,2026-05-07T06:53:20Z,,728.66,,6,NONE,shipped
325125,1398,2026-05-15T12:26:32Z,,1550.72,,3,NONE,pending_hold
325126,1399,2026-05-18T09:32:48Z,,2985.5,,10,NONE,canceled
325128,1404,2026-05-14T09:03:41Z,,3111.43,3111.43,6,,paid
325130,1405,2026-05-10T08:42:10Z,,1916.42,1916.42,6,WINTER-FLYER,shipped
325133,1413,2026-05-10T12:18:47Z,,3062.53,3062.53,7,NONE,paid
325134,1413,2026-05-07T09:38:11Z,,2290.83,2290.83,7,LUX-R6,canceled
325135,1413,2026-05-04T13:20:21Z,,5205.41,,8,LUX-R6,paid
325138,1415,2026-05-01T08:40:59Z,,5024.65,,6,,paid
325139,1417,2026-05-02T09:09:45Z,,3610.39,,7,,paid
325140,1418,2026-05-25T13:53:16Z,,6628.68,,10,WINTER-FLYER,paid
325153,1432,2026-05-27T06:28:14Z,,7276.36,7276.36,13,,paid
325155,1433,2026-05-08T10:53:28Z,,4655.68,4655.68,7,WINTER-FLYER,shipped
325156,1434,2026-05-17T09:59:01Z,,2985.03,,9,,paid
325158,1437,2026-05-22T09:33:54Z,,2570.05,,4,WINTER-FLYER,pending_hold
325159,1439,2026-05-02T09:51:36Z,,3608.94,,11,NONE,paid
325164,1444,2026-05-22T13:47:53Z,,3172.77,3172.77,3,NONE,shipped
325165,1444,2026-05-02T10:17:44Z,,6283.76,6283.76,7,NONE,paid
325169,1452,2026-05-07T08:40:36Z,,3158.95,,8,WINTER-FLYER,canceled
325170,1455,2026-05-17T11:30:59Z,,2009.18,2009.18,5,RAMADAN-BUNDLE,shipped
325171,1455,2026-05-06T06:52:50Z,,2257.81,,9,NONE,paid
325173,1456,2026-05-05T11:17:54Z,,2929.01,,5,WINTER-FLYER,shipped
325176,1459,2026-05-05T08:31:20Z,,7087.96,7087.96,11,WINTER-FLYER,paid
325178,1460,2026-05-25T06:22:31Z,,4216.8,4216.80,7,RAMADAN-BUNDLE,paid
325182,1464,2026-05-13T11:14:55Z,,3504.16,,7,NONE,shipped
325183,1464,2026/05/08 11:25,,3781.57,,11,WINTER-FLYER,pending_hold
325185,1467,2026-05-17T13:40:31Z,,5074.5,,15,NONE,paid
325186,1467,2026-05-23T06:04:19Z,,7602.01,7602.01,15,WINTER-FLYER,pending_hold
325188,1471,2026-05-09T12:02:33Z,,4699.18,4699.18,11,NONE,paid
325190,1475,2026-05-22T11:00:27Z,,4954.33,4954.33,7,LUX-R6,paid
325194,1480,2026-05-18T11:39:48Z,,2653.43,2653.43,6,NONE,paid
325195,1482,2026-05-17T06:20:47Z,,8078.62,,10,RAMADAN-BUNDLE,paid
325197,1483,2026-05-27T14:38:32Z,,2531.63,,3,NONE,paid
325198,1483,2026-05-22T09:24:05Z,,1722.89,1722.89,2,LUX-R6,paid
325204,1492,2026-05-13T13:14:25Z,,7781.09,7781.09,5,LUX-R6,paid
325207,1497,2026/05/17 13:29,,2403.12,2403.12,8,WINTER-FLYER,paid
325208,1499,2026-05-20T11:04:00Z,,1180.47,1180.47,4,NONE,paid
325209,1500,2026-05-10T06:43:13Z,,3555.14,3555.14,11,WINTER-FLYER,paid
325216,1503,2026-05-04T06:00:23Z,,4739.24,4739.24,6,RAMADAN-BUNDLE,pending_hold
325217,1505,2026-05-10T06:55:37Z,,2374.5,2374.50,4,RAMADAN-BUNDLE,paid
325220,1509,2026-05-14T09:53:04Z,,2340.48,2340.48,6,NONE,pending_hold
325223,1513,2026-05-24T06:53:13Z,,1140.19,,3,NONE,paid
325224,1516,2026-05-21T10:42:48Z,,5223.32,,7,RAMADAN-BUNDLE,paid
325230,1535,2026/05/15 08:56,,6211.87,,13,NONE,paid
325232,1537,2026-05-27T09:45:40Z,,3271.76,3271.76,5,RAMADAN-BUNDLE,pending_hold
325233,1537,2026-05-22T14:58:22Z,,1517.19,,3,NONE,pending_hold
325234,1538,2026-05-28T06:53:53Z,,3222.8,,7,NONE,shipped
325241,1551,2026-05-04T12:23:17Z,,4130.57,4130.57,5,RAMADAN-BUNDLE,paid
325242,1551,2026-05-06T11:41:53Z,,6045.84,6045.84,13,NONE,paid
325251,1554,2026-05-19T15:18:04Z,,6012.4,,11,,paid
325252,1554,2026-05-11T10:04:30Z,,5554.28,5554.28,9,RAMADAN-BUNDLE,canceled
325254,1558,2026-05-04T11:23:20Z,,5299.74,,10,NONE,pending_hold
325258,1564,2026-05-18T11:18:39Z,,1649.29,,8,WINTER-FLYER,pending_hold
325260,1566,2026-05-14T16:22:36Z,,9182.4,,12,LUX-R6,shipped
325262,1567,2026-05-07T11:58:50Z,,3992.02,,5,LUX-R6,shipped
325268,1569,2026-05-15T17:04:17Z,,2447.69,2447.69,4,RAMADAN-BUNDLE,canceled
325275,1574,2026-05-06T11:59:35Z,,1795.79,1795.79,3,NONE,canceled
325276,1574,2026-05-19T09:59:10Z,,3510.49,,6,NONE,paid
325278,1578,2026-05-08T08:07:59Z,,4687.09,,7,,paid
325279,1581,2026-05-03T06:14:16Z,,4998.82,,6,WINTER-FLYER,pending_hold
325280,1581,2026-05-11T14:38:50Z,,3545.54,3545.54,3,LUX-R6,paid
325281,1586,2026-05-10T11:11:05Z,,3993.35,3993.35,15,NONE,paid
325282,1586,2026-05-15T11:58:54Z,,2360.08,2360.08,6,,paid
325296,1603,2026-05-21T06:32:59Z,,2398.47,,5,,paid
325297,1604,2026-05-10T07:27:15Z,,4961.55,4961.55,7,LUX-R6,canceled
325298,1605,2026-05-25T11:06:50Z,,943.28,943.28,4,,paid
325299,1608,2026-05-13T12:26:27Z,,5288.15,,7,NONE,shipped
325300,1610,2026-05-21T09:44:56Z,,3314.6,,6,NONE,shipped
325303,1615,2026/05/14 15:17,,1243.18,1243.18,2,,pending_hold
325304,1616,2026-05-19T08:34:03Z,,4553.26,4553.26,6,NONE,paid
325311,1627,2026-05-27T13:37:49Z,,3023.9,,6,,pending_hold
325315,1632,2026-05-23T12:44:10Z,,1342.16,,4,NONE,pending_hold
325325,1642,2026-05-12T09:49:31Z,,3601.6,3601.60,8,LUX-R6,shipped
325329,1648,2026-05-11T08:26:02Z,,3569.74,,7,NONE,pending_hold
325331,1648,2026-05-19T07:25:48Z,,8907.48,,15,WINTER-FLYER,paid
325337,1654,2026-05-12T08:10:59Z,,3324.81,,7,NONE,paid
325339,1655,2026-05-12T09:50:00Z,,5137.94,,9,NONE,pending_hold
325340,1655,2026-05-03T09:47:35Z,,2473.79,2473.79,5,WINTER-FLYER,canceled
325341,1656,2026-05-18T13:51:42Z,,2902.57,,6,WINTER-FLYER,pending_hold
325344,1657,2026-05-17T08:30:58Z,,2322.98,,7,LUX-R6,pending_hold
325348,1662,2026-05-01T09:31:26Z,,950.86,,3,WINTER-FLYER,shipped
325351,1670,2026-05-03T06:22:52Z,,2886.61,,4,RAMADAN-BUNDLE,paid
325353,1671,2026-05-22T14:45:24Z,,8727.26,8727.26,13,RAMADAN-BUNDLE,paid
325354,1675,2026-05-15T09:53:07Z,,5474.64,5474.64,11,NONE,paid
325360,1683,2026-05-14T10:30:37Z,,8077.69,8077.69,11,,paid
325367,1687,2026-05-10T09:32:19Z,,4351.09,,5,WINTER-FLYER,canceled
325373,1697,2026-05-22T11:47:44Z,,3304.1,3304.10,7,RAMADAN-BUNDLE,canceled
325381,1702,2026-05-07T10:08:02Z,,5935.05,,9,NONE,paid
325388,1705,2026-05-16T09:38:12Z,,1252.77,1252.77,6,LUX-R6,pending_hold
325392,1710,2026-05-28T13:51:07Z,,401.84,,2,NONE,canceled
325393,1712,2026-05-02T13:31:49Z,,3536.0,3536.00,9,NONE,pending_hold
325395,1713,2026-05-10T08:34:52Z,,3420.74,3420.74,5,RAMADAN-BUNDLE,paid
325396,1717,2026-05-04T12:17:20Z,,3131.4,,6,RAMADAN-BUNDLE,paid
325398,1718,2026-05-18T09:01:51Z,,2534.46,,3,RAMADAN-BUNDLE,pending_hold
325404,1727,2026-05-15T10:36:19Z,,823.55,,5,NONE,shipped
325426,1754,2026-05-08T06:10:25Z,,2214.9,,3,WINTER-FLYER,canceled
325428,1757,2026-05-22T10:56:15Z,,7360.16,,13,LUX-R6,shipped
325432,1765,2026-05-22T06:47:01Z,,7180.03,7180.03,13,NONE,paid
325436,1769,2026-05-23T15:22:19Z,,2179.14,,6,NONE,paid
325438,1772,2026-05-03T09:05:14Z,,1485.87,1485.87,4,WINTER-FLYER,shipped
325440,1774,2026-05-09T11:01:39Z,,3000.92,,9,NONE,shipped
325443,1780,2026/05/26 14:17,,5708.13,,10,LUX-R6,pending_hold
325444,1780,2026-05-23T11:35:02Z,,2707.65,,7,RAMADAN-BUNDLE,shipped
325445,1781,2026-05-11T12:43:48Z,,2467.11,2467.11,9,,canceled
325446,1782,2026/05/09 12:46,,4843.63,,8,WINTER-FLYER,paid
325447,1783,2026-05-26T14:47:47Z,,3094.98,,9,NONE,shipped
325448,1786,2026-05-03T14:25:09Z,,4051.93,,4,,paid
325452,1791,2026-05-26T06:42:35Z,,3789.97,,9,RAMADAN-BUNDLE,shipped
325457,1795,2026-05-22T06:56:30Z,,4099.93,,8,RAMADAN-BUNDLE,shipped
325458,1796,2026-05-23T12:18:11Z,,4100.91,4100.91,6,WINTER-FLYER,canceled
325459,1798,2026-05-08T11:42:41Z,,1655.37,1655.37,6,,shipped
325460,1799,2026-05-11T11:40:51Z,,1067.51,,3,NONE,paid
325463,1801,2026-05-24T07:33:17Z,,3675.35,3675.35,9,WINTER-FLYER,pending_hold
325464,1801,2026-05-04T07:15:11Z,,2122.97,2122.97,4,RAMADAN-BUNDLE,canceled
325466,1806,2026-05-22T09:01:17Z,,1807.36,,4,NONE,pending_hold
325467,1808,2026-05-07T10:56:13Z,,7095.18,,8,RAMADAN-BUNDLE,paid
325468,1808,2026-05-11T06:39:30Z,,2851.98,,4,LUX-R6,pending_hold
325469,1810,2026-05-13T08:09:50Z,,5800.03,5800.03,12,,pending_hold
325471,1810,2026/05/07 10:44,,3183.51,,7,LUX-R6,paid
325472,1810,2026-05-24T13:14:53Z,,3806.7,,9,RAMADAN-BUNDLE,paid
325476,1815,2026-05-28T10:17:43Z,,2643.53,,4,RAMADAN-BUNDLE,paid
325479,1822,2026-05-26T13:50:21Z,,2717.79,,8,WINTER-FLYER,paid
325482,1825,2026-05-19T13:07:22Z,,1199.9,1199.90,4,NONE,paid
325483,1829,2026-05-26T15:38:58Z,,1164.23,,2,RAMADAN-BUNDLE,paid
325485,1833,2026/05/16 15:44,,7926.28,,13,RAMADAN-BUNDLE,shipped
325488,1838,2026-05-08T10:40:39Z,,3279.07,3279.07,5,NONE,paid
325491,1840,2026-05-05T12:09:28Z,,2138.16,,4,WINTER-FLYER,pending_hold
325492,1843,2026-05-16T09:24:41Z,,1073.52,1073.52,4,,shipped
325493,1848,2026-05-14T16:11:07Z,,8340.31,8340.31,11,LUX-R6,pending_hold
325497,1855,2026/05/25 13:28,,3981.2,3981.20,11,RAMADAN-BUNDLE,canceled
325502,1859,2026-05-15T15:19:39Z,,399.83,399.83,3,NONE,shipped
325504,1860,2026-05-09T13:37:54Z,,729.76,729.76,3,LUX-R6,paid
325512,1866,2026-05-27T08:02:36Z,,891.98,,2,NONE,paid
325513,1866,2026-05-11T06:46:34Z,,4141.1,,5,LUX-R6,shipped
325514,1871,2026-05-06T09:11:27Z,,6213.48,,4,NONE,paid
325516,1871,2026-05-04T06:25:57Z,,62.86,,2,NONE,paid
325517,1872,2026-05-19T17:16:49Z,,5528.88,,9,WINTER-FLYER,shipped
325518,1877,2026-05-23T09:01:53Z,,2911.69,,9,NONE,paid
325521,1880,2026-05-26T14:05:50Z,,9188.57,,14,WINTER-FLYER,pending_hold
325526,1882,2026-05-14T11:32:02Z,,1300.95,1300.95,3,WINTER-FLYER,paid
325527,1884,2026-05-06T16:09:57Z,,2625.49,,5,RAMADAN-BUNDLE,shipped
325535,1896,2026-05-27T10:05:39Z,,2509.25,,9,RAMADAN-BUNDLE,pending_hold
325536,1896,2026-05-07T10:03:18Z,,2310.36,,6,LUX-R6,paid
325538,1902,2026-05-21T09:21:17Z,,4427.25,,8,RAMADAN-BUNDLE,pending_hold
325540,1904,2026-05-18T08:47:20Z,,2450.13,2450.13,5,RAMADAN-BUNDLE,paid
325547,1906,2026-05-03T12:23:00Z,,4012.83,4012.83,4,RAMADAN-BUNDLE,paid
325549,1908,2026-05-04T06:11:12Z,,3014.95,,7,,paid
325554,1912,2026-05-17T09:56:09Z,,2051.09,,3,NONE,paid
325555,1912,2026-05-06T11:26:07Z,,1412.43,1412.43,4,WINTER-FLYER,pending_hold
325559,1912,2026-05-06T06:15:55Z,,666.53,666.53,3,RAMADAN-BUNDLE,shipped
325560,1913,2026-05-04T06:55:31Z,,5100.36,,6,,canceled
325563,1914,2026-05-21T08:48:33Z,,3847.53,3847.53,6,RAMADAN-BUNDLE,canceled
325565,1916,2026-05-11T09:57:42Z,,7135.64,7135.64,9,NONE,canceled
325571,1920,2026-05-11T06:25:22Z,,1678.72,,5,RAMADAN-BUNDLE,paid
325572,1920,2026-05-07T07:30:34Z,,1194.17,1194.17,5,LUX-R6,shipped
325578,1922,2026-05-09T07:30:40Z,,6333.95,6333.95,10,NONE,pending_hold
325581,1927,2026-05-25T09:03:39Z,,812.31,812.31,3,WINTER-FLYER,pending_hold
325586,1930,2026-05-26T08:05:06Z,,1735.64,,4,,canceled
325587,1930,2026-05-26T08:38:44Z,,3188.92,3188.92,4,RAMADAN-BUNDLE,canceled
325588,1930,2026-05-20T15:06:48Z,,5183.4,5183.40,13,NONE,pending_hold
325590,1930,2026-05-01T08:54:11Z,,2143.8,2143.80,7,,pending_hold
325597,1936,2026-05-26T06:30:12Z,,2271.04,,11,,shipped
325598,1942,2026-05-09T11:59:17Z,,5012.24,5012.24,12,,shipped
325600,1944,2026-05-09T06:24:41Z,,4723.44,4723.44,11,WINTER-FLYER,shipped
325602,1946,2026-05-08T11:17:36Z,,2682.96,2682.96,6,LUX-R6,paid
325604,1947,2026-05-01T12:56:08Z,,3870.34,,5,RAMADAN-BUNDLE,shipped
325612,1953,2026-05-14T14:54:36Z,,5305.3,5305.30,9,RAMADAN-BUNDLE,paid
325614,1954,2026-05-18T13:43:35Z,,7545.44,,12,NONE,pending_hold
325620,1959,2026-05-02T06:55:31Z,,3294.7,,5,LUX-R6,paid
325629,1967,2026-05-19T07:36:59Z,,4259.11,,8,LUX-R6,paid
325633,1978,2026-05-18T08:42:38Z,,4817.03,4817.03,15,NONE,paid
325635,1981,2026-05-25T13:11:48Z,,3979.48,,6,LUX-R6,canceled
325636,1983,2026-05-21T12:56:35Z,,2871.08,,4,NONE,pending_hold
325639,1985,2026/05/18 12:15,,4226.56,4226.56,6,WINTER-FLYER,paid
325652,2000,2026-05-24T12:18:25Z,,5611.54,,10,LUX-R6,pending_hold
325654,2002,2026-05-04T13:49:20Z,,3810.74,3810.74,7,WINTER-FLYER,paid
325658,2004,2026-05-09T09:33:23Z,,6643.42,6643.42,13,,paid
325660,2008,2026-05-21T15:32:56Z,,2639.27,,9,,pending_hold
325662,2010,2026-05-09T14:20:31Z,,963.58,963.58,2,NONE,paid
325665,2012,2026-05-18T06:41:58Z,,14987.19,,15,NONE,pending_hold
325666,2012,2026-05-18T13:35:14Z,,3750.07,,6,,paid
325668,2021,2026/05/22 08:35,,2514.44,,7,RAMADAN-BUNDLE,paid
325672,2025,2026-05-09T06:31:16Z,,3102.64,,9,NONE,pending_hold
325676,2031,2026-05-19T15:46:16Z,,6678.83,,9,NONE,paid
325679,2036,2026-05-09T09:14:25Z,,5407.03,,7,WINTER-FLYER,paid
325680,2039,2026-05-25T07:12:46Z,,2510.6,2510.60,7,LUX-R6,paid
325682,2041,2026/05/04 12:33,,2820.02,2820.02,4,WINTER-FLYER,paid
325684,2042,2026-05-12T14:02:17Z,,3414.01,,7,NONE,canceled
325686,2045,2026-05-13T06:18:04Z,,5605.6,5605.60,8,LUX-R6,paid
325690,2057,2026-05-07T06:19:51Z,,1243.93,,4,NONE,paid
325693,2058,2026-05-21T19:51:49Z,,4646.84,4646.84,8,LUX-R6,shipped
325695,2061,2026-05-09T10:46:07Z,,4506.91,,8,,paid
325696,2061,2026-05-01T13:50:35Z,,9782.96,9782.96,11,WINTER-FLYER,shipped
325699,2066,2026-05-16T11:06:05Z,,1684.93,,2,NONE,pending_hold
325702,2071,2026-05-19T11:15:44Z,,5472.27,5472.27,11,NONE,canceled
325705,2075,2026-05-26T10:04:30Z,,3612.06,,9,NONE,pending_hold
325709,2078,2026-05-21T11:29:26Z,,2682.6,,4,,paid
325710,2078,2026-05-19T09:27:52Z,,5373.71,5373.71,10,NONE,paid
325714,2087,2026/05/13 11:59,,1629.4,1629.40,3,NONE,shipped
325717,2091,2026-05-20T06:15:02Z,,4666.17,4666.17,8,RAMADAN-BUNDLE,pending_hold
325722,2092,2026-05-25T07:44:58Z,,1015.62,,3,LUX-R6,paid
325723,2092,2026-05-11T12:02:18Z,,3603.25,3603.25,11,WINTER-FLYER,paid
325730,2109,2026-05-03T10:24:59Z,,3651.14,3651.14,9,WINTER-FLYER,paid
325735,2119,2026-05-17T06:04:45Z,,6032.72,6032.72,8,,paid
325736,2119,2026-05-11T09:53:27Z,,3071.48,3071.48,6,NONE,paid
325738,2123,2026-05-22T12:21:28Z,,1613.65,,5,WINTER-FLYER,shipped
325740,2123,2026-05-26T14:56:10Z,,6757.87,,8,RAMADAN-BUNDLE,paid
325747,2132,2026-05-16T12:10:06Z,,2911.75,2911.75,3,NONE,paid
325749,2132,2026-05-03T09:38:03Z,,3211.32,3211.32,5,,paid
325750,2132,2026-05-06T08:38:21Z,,4387.81,4387.81,8,RAMADAN-BUNDLE,paid
325752,2134,2026-05-18T14:21:54Z,,1373.88,1373.88,4,,pending_hold
325755,2135,2026-05-13T07:06:54Z,,1831.1,1831.10,5,RAMADAN-BUNDLE,shipped
325756,2138,2026-05-26T11:47:17Z,,5431.59,5431.59,7,NONE,shipped
325758,2142,2026-05-28T14:36:08Z,,5530.16,5530.16,5,RAMADAN-BUNDLE,pending_hold
325769,2155,2026-05-25T13:23:04Z,,5729.01,,5,NONE,shipped
325772,2156,2026-05-06T14:14:57Z,,3389.24,,6,NONE,canceled
325779,2160,2026-05-28T10:41:55Z,,5462.68,,7,NONE,paid
325781,2164,2026-05-15T16:59:28Z,,3613.77,3613.77,4,LUX-R6,paid
325784,2165,2026-05-27T10:03:45Z,,2037.75,2037.75,7,LUX-R6,canceled
325785,2166,2026-05-06T12:33:35Z,,5175.4,5175.40,5,WINTER-FLYER,paid
325786,2166,2026-05-11T11:25:30Z,,966.44,,5,WINTER-FLYER,paid
325793,2173,2026-05-15T12:03:23Z,,8855.08,,11,NONE,canceled
325797,2176,2026-05-09T06:55:47Z,,1192.51,1192.51,2,LUX-R6,paid
325806,2196,2026-05-15T12:18:07Z,,1804.35,,6,NONE,paid
325807,2199,2026-05-04T09:47:10Z,,5520.38,,9,NONE,pending_hold
325809,2201,2026-05-26T09:20:23Z,,564.93,,3,RAMADAN-BUNDLE,paid
325814,2206,2026-05-11T12:25:12Z,,2472.49,,2,WINTER-FLYER,paid
325817,2209,2026-05-25T09:50:03Z,,2295.97,,3,WINTER-FLYER,canceled
325819,2211,2026-05-08T07:46:12Z,,3481.93,,8,LUX-R6,paid
325822,2214,2026-05-23T16:00:50Z,,6578.56,6578.56,11,RAMADAN-BUNDLE,paid
325826,2220,2026-05-03T16:17:41Z,,4211.42,,6,LUX-R6,shipped
325830,2223,2026-05-08T13:58:38Z,,3899.37,3899.37,15,,paid
325832,2225,2026-05-27T13:59:10Z,,1426.4,1426.40,5,WINTER-FLYER,shipped
325834,2229,2026-05-11T11:45:14Z,,7339.03,7339.03,12,LUX-R6,pending_hold
325836,2232,2026-05-10T12:43:44Z,,2822.5,,4,LUX-R6,paid
325839,2234,2026-05-03T09:39:26Z,,6276.69,6276.69,11,WINTER-FLYER,paid
325840,2236,2026-05-03T07:22:50Z,,2233.77,,7,NONE,canceled
325842,2241,2026-05-21T12:41:18Z,,3802.65,,11,LUX-R6,paid
325848,2247,2026-05-17T08:30:01Z,,4512.46,4512.46,4,WINTER-FLYER,paid
325852,2249,2026-05-24T06:39:24Z,,8227.78,8227.78,14,NONE,paid
325854,2251,2026/05/26 11:13,,1584.15,1584.15,6,,paid
325857,2251,2026-05-17T13:20:31Z,,2981.3,2981.30,7,WINTER-FLYER,paid
325859,2252,2026-05-26T08:16:29Z,,3574.67,,8,RAMADAN-BUNDLE,shipped
325863,2255,2026-05-01T06:02:56Z,,3825.37,,7,NONE,shipped
325865,2257,2026-05-15T09:37:26Z,,3141.33,3141.33,4,NONE,paid
325866,2258,2026-05-04T13:37:13Z,,1366.97,1366.97,2,NONE,shipped
325869,2261,2026/05/06 14:42,,11579.36,,11,LUX-R6,paid
325876,2272,2026-05-16T07:09:55Z,,4644.65,,5,NONE,shipped
325882,2279,2026-05-25T11:04:14Z,,2943.57,,8,NONE,pending_hold
325888,2282,2026-05-26T11:56:39Z,,2415.11,2415.11,4,NONE,paid
325894,2294,2026-05-17T10:51:54Z,,4118.96,4118.96,4,RAMADAN-BUNDLE,paid
325895,2295,2026-05-23T06:28:57Z,,2366.77,,9,NONE,paid
325897,2296,2026-05-01T13:14:15Z,,1897.28,1897.28,7,RAMADAN-BUNDLE,paid
325904,2299,2026-05-09T07:22:52Z,,875.85,875.85,4,WINTER-FLYER,canceled
325908,2306,2026-05-10T12:38:13Z,,3469.83,,5,NONE,canceled
325910,2308,2026-05-16T11:30:28Z,,2905.42,,3,NONE,pending_hold
325916,2313,2026-05-07T07:34:31Z,,2333.89,,6,RAMADAN-BUNDLE,canceled
325918,2317,2026-05-22T06:29:28Z,,3913.27,3913.27,5,NONE,paid
325921,2317,2026/05/10 12:08,,5157.37,5157.37,9,LUX-R6,paid
325924,2319,2026-05-03T08:50:50Z,,3223.68,,8,RAMADAN-BUNDLE,paid
325925,2321,2026-05-24T06:57:43Z,,2120.93,,6,RAMADAN-BUNDLE,canceled
325939,2349,2026-05-22T11:29:03Z,,6331.58,,10,,shipped
325941,2349,2026-05-20T07:05:43Z,,1500.01,1500.01,6,NONE,pending_hold
325952,2356,2026-05-08T07:33:33Z,,2278.78,2278.78,7,,paid
325955,2364,2026-05-26T10:16:49Z,,2727.51,,6,,paid
325959,2365,2026-05-22T09:38:26Z,,1129.47,,4,,canceled
325961,2372,2026-05-21T06:52:50Z,,5823.34,,15,,pending_hold
325963,2375,2026-05-14T12:15:31Z,,10755.38,10755.38,13,,paid
325964,2375,2026-05-03T12:36:59Z,,4243.88,,11,RAMADAN-BUNDLE,paid
325969,2380,2026-05-18T12:59:24Z,,2640.28,,4,NONE,paid
325970,2383,2026-05-03T11:46:49Z,,4105.3,,9,LUX-R6,pending_hold
325975,2390,2026-05-06T09:52:35Z,,2126.12,2126.12,2,NONE,canceled
325978,2392,2026-05-11T12:37:05Z,,1057.51,1057.51,5,,shipped
325981,2394,2026-05-02T12:41:20Z,,2870.36,,5,NONE,paid
325982,2394,2026-05-08T06:41:20Z,,2178.01,2178.01,4,WINTER-FLYER,pending_hold
325983,2394,2026/05/24 13:09,,6074.0,6074.00,8,,paid
325991,2399,2026/05/25 12:58,,5046.07,,6,NONE,canceled
325994,2401,2026-05-23T07:15:33Z,,2256.95,,10,WINTER-FLYER,shipped
325997,2402,2026-05-16T12:29:31Z,,4932.61,4932.61,8,NONE,pending_hold
325998,2403,2026-05-26T08:24:44Z,,6664.5,6664.50,11,LUX-R6,pending_hold
326000,2407,2026-05-08T13:51:18Z,,3294.87,3294.87,8,NONE,paid
326001,2408,2026-05-14T12:07:39Z,,7354.13,7354.13,12,,shipped
326002,2411,2026-05-01T12:44:29Z,,5424.83,,8,LUX-R6,paid
326003,2411,2026-05-26T07:26:45Z,,9556.57,,9,,paid
326004,2413,2026-05-18T07:16:07Z,,3430.92,3430.92,5,WINTER-FLYER,shipped
326006,2415,2026-05-24T11:14:29Z,,3502.02,3502.02,6,LUX-R6,paid
326011,2426,2026-05-25T08:32:29Z,,1357.57,,5,NONE,pending_hold
326014,2428,2026-05-07T11:58:16Z,,2402.09,2402.09,8,NONE,paid
326023,2432,2026-05-24T15:37:33Z,,5706.95,5706.95,7,NONE,paid
326024,2432,2026-05-11T12:53:09Z,,2596.36,,4,NONE,pending_hold
326028,2440,2026-05-10T08:21:29Z,,3797.95,,7,WINTER-FLYER,paid
326031,2443,2026-05-08T11:09:16Z,,2456.37,2456.37,5,NONE,paid
326032,2445,2026-05-06T14:31:55Z,,8896.84,8896.84,7,RAMADAN-BUNDLE,paid
326034,2447,2026-05-11T10:53:01Z,,2257.73,,4,NONE,pending_hold
326036,2448,2026-05-20T07:45:18Z,,2905.9,2905.90,5,NONE,shipped
326039,2458,2026-05-07T13:42:29Z,,2891.24,2891.24,9,RAMADAN-BUNDLE,paid
326043,2462,2026-05-03T11:56:58Z,,3627.54,,5,RAMADAN-BUNDLE,canceled
326044,2463,2026-05-10T12:26:05Z,,2111.87,,6,,shipped
326045,2464,2026-05-21T15:25:51Z,,340.88,340.88,2,,paid
326051,2471,2026-05-19T12:05:31Z,,3440.34,,10,RAMADAN-BUNDLE,paid
326053,2471,2026-05-22T06:50:06Z,,2223.97,2223.97,4,LUX-R6,pending_hold
326054,2471,2026-05-24T08:25:09Z,,2990.85,,8,RAMADAN-BUNDLE,paid
326058,2475,2026-05-08T14:35:58Z,,4075.54,4075.54,9,,canceled
326060,2477,2026-05-04T12:43:57Z,,1471.86,1471.86,7,WINTER-FLYER,paid
326061,2479,2026-05-28T14:31:12Z,,1177.16,,6,RAMADAN-BUNDLE,canceled
326064,2481,2026-05-10T06:21:17Z,,8515.96,,13,,pending_hold
326068,2483,2026-05-05T12:33:35Z,,3629.69,,7,NONE,paid
326070,2483,2026-05-13T08:30:03Z,,2498.28,,5,NONE,pending_hold
326078,2494,2026-05-10T06:00:04Z,,5149.39,,9,NONE,canceled
326088,2503,2026-05-07T11:07:57Z,,1492.64,,6,RAMADAN-BUNDLE,paid
326090,2504,2026-05-01T10:48:32Z,,2328.55,,7,NONE,shipped
326091,2506,2026-05-05T10:55:33Z,,1068.17,1068.17,2,WINTER-FLYER,paid
326092,2508,2026-05-08T12:11:59Z,,1481.29,1481.29,4,LUX-R6,pending_hold
326093,2508,2026-05-16T11:36:57Z,,6796.31,,10,,paid
326100,2513,2026-05-04T15:34:50Z,,8475.35,,15,,shipped
326107,2518,2026-05-17T09:01:03Z,,567.31,567.31,5,NONE,shipped
326115,2539,2026-05-07T07:33:09Z,,5506.57,5506.57,9,WINTER-FLYER,paid
326117,2540,2026-05-06T09:59:19Z,,2222.82,2222.82,4,WINTER-FLYER,shipped
326124,2548,2026-05-22T10:01:55Z,,5285.37,,9,NONE,paid
326126,2554,2026-05-08T14:51:25Z,,5246.73,5246.73,15,NONE,canceled
326131,2556,2026-05-05T06:25:47Z,,3552.09,,7,,pending_hold
326134,2561,2026-05-12T10:49:28Z,,2409.84,,4,,paid
326136,2563,2026-05-22T08:19:58Z,,2969.17,,11,LUX-R6,pending_hold
326137,2563,2026-05-18T09:02:47Z,,2732.51,2732.51,8,LUX-R6,paid
326138,2563,2026-05-09T12:06:09Z,,5073.0,,6,WINTER-FLYER,paid
326141,2564,2026-05-02T09:39:47Z,,2131.22,,4,RAMADAN-BUNDLE,shipped
326145,2570,2026-05-11T12:24:58Z,,6537.42,,11,NONE,shipped
326148,2577,2026-05-14T11:23:02Z,,4523.97,4523.97,6,NONE,paid
326159,2591,2026-05-03T06:36:49Z,,5183.34,,10,RAMADAN-BUNDLE,paid
326163,2596,2026-05-23T10:20:26Z,,718.7,,2,LUX-R6,shipped
326166,2599,2026-05-18T07:03:40Z,,2933.87,,6,NONE,paid
326170,2604,2026-05-10T10:07:55Z,,5999.14,,11,LUX-R6,paid
326174,2605,2026-05-16T10:46:05Z,,3332.07,3332.07,6,NONE,pending_hold
326175,2605,2026-05-08T08:12:52Z,,4298.34,4298.34,12,,shipped
326176,2605,2026-05-13T08:15:23Z,,1403.47,,4,LUX-R6,pending_hold
326177,2607,2026-05-11T08:46:25Z,,3931.58,3931.58,5,RAMADAN-BUNDLE,pending_hold
326182,2611,2026/05/07 14:13,,988.89,,5,RAMADAN-BUNDLE,paid
326183,2612,2026-05-11T09:26:01Z,,5719.83,5719.83,7,NONE,paid
326186,2620,2026-05-13T07:00:10Z,,5272.92,5272.92,6,WINTER-FLYER,paid
326187,2620,2026-05-17T07:17:12Z,,4841.16,4841.16,12,LUX-R6,paid
326190,2622,2026-05-21T07:03:56Z,,2501.9,,11,WINTER-FLYER,canceled
326195,2626,2026-05-12T08:50:46Z,,5334.7,5334.70,8,,paid
326197,2628,2026-05-07T10:42:13Z,,6702.19,,7,RAMADAN-BUNDLE,canceled
326198,2633,2026-05-26T08:28:56Z,,7303.46,7303.46,11,NONE,canceled
326199,2633,2026-05-03T12:42:00Z,,1636.75,,2,,paid
326203,2639,2026-05-08T08:29:10Z,,6913.34,,13,NONE,canceled
326206,2640,2026-05-06T16:05:58Z,,3409.02,,8,NONE,paid
326207,2643,2026-05-06T08:24:28Z,,1228.82,,2,NONE,paid
326210,2645,2026-05-26T09:16:22Z,,2682.74,,5,,paid
326214,2656,2026/05/12 10:34,,10985.1,10985.10,10,NONE,paid
326216,2661,2026-05-05T07:31:46Z,,6088.46,,7,LUX-R6,paid
326217,2661,2026-05-01T06:49:50Z,,3404.52,,4,NONE,paid
326224,2667,2026-05-19T06:11:38Z,,2989.98,,7,RAMADAN-BUNDLE,paid
326232,2675,2026-05-19T06:17:12Z,,4693.55,,5,RAMADAN-BUNDLE,paid
326233,2676,2026-05-24T19:20:09Z,,5973.86,,11,WINTER-FLYER,pending_hold
326238,2678,2026-05-08T10:11:38Z,,5794.8,,8,NONE,paid
326239,2682,2026-05-17T13:57:46Z,,3791.07,,6,NONE,paid
326241,2687,2026-05-08T07:24:38Z,,2522.8,,4,LUX-R6,paid
326242,2688,2026-05-21T11:13:00Z,,3191.24,3191.24,4,,paid
326245,2692,2026-05-26T11:36:27Z,,3655.71,,8,NONE,canceled
326246,2692,2026-05-28T10:06:24Z,,5516.68,5516.68,8,NONE,pending_hold
326250,2696,2026-05-20T12:02:53Z,,4551.27,,7,WINTER-FLYER,paid
326251,2697,2026-05-12T17:53:06Z,,2502.54,2502.54,4,NONE,shipped
326252,2699,2026-05-23T12:00:53Z,,7703.67,7703.67,10,RAMADAN-BUNDLE,paid
326253,2699,2026-05-24T10:55:11Z,,3520.32,3520.32,8,,paid
326257,2702,2026-05-17T14:14:09Z,,1111.22,1111.22,3,WINTER-FLYER,paid
326258,2702,2026-05-18T06:44:05Z,,2333.45,2333.45,5,NONE,paid
326261,2706,2026-05-10T11:36:57Z,,5970.43,,7,RAMADAN-BUNDLE,paid
326266,2709,2026-05-17T07:29:46Z,,9015.47,,12,NONE,pending_hold
326270,2711,2026-05-09T10:23:39Z,,1481.9,,4,WINTER-FLYER,pending_hold
326274,2717,2026-05-03T07:10:51Z,,6200.5,6200.50,6,RAMADAN-BUNDLE,paid
326276,2719,2026-05-22T13:03:03Z,,1936.5,,7,NONE,shipped
326277,2722,2026/05/23 14:51,,2609.22,,8,WINTER-FLYER,paid
326282,2729,2026-05-28T12:30:52Z,,2738.33,2738.33,4,NONE,pending_hold
326284,2731,2026-05-03T09:14:29Z,,3888.08,,8,NONE,pending_hold
326285,2733,2026-05-26T11:33:41Z,,3419.03,3419.03,4,WINTER-FLYER,canceled
326286,2735,2026-05-14T06:52:08Z,,4375.71,4375.71,13,,pending_hold
326289,2741,2026-05-16T06:35:35Z,,5697.84,,6,,paid
326290,2741,2026-05-13T06:21:13Z,,752.74,,2,NONE,paid
326291,2744,2026/05/17 14:45,,2081.86,2081.86,5,WINTER-FLYER,paid
326299,2752,2026-05-17T15:22:51Z,,5919.24,,7,WINTER-FLYER,pending_hold
326307,2758,2026-05-15T10:25:06Z,,2625.49,,7,WINTER-FLYER,canceled
326308,2759,2026-05-20T09:48:11Z,,3414.85,3414.85,7,RAMADAN-BUNDLE,shipped
326310,2763,2026-05-06T08:17:34Z,,3899.06,3899.06,8,,shipped
326313,2773,2026-05-06T11:28:42Z,,2206.1,,7,NONE,paid
326321,2789,2026-05-28T14:58:09Z,,1879.22,1879.22,5,NONE,pending_hold
326322,2790,2026-05-26T06:59:13Z,,4490.21,4490.21,3,NONE,paid
326323,2793,2026-05-09T11:04:46Z,,1500.75,,3,LUX-R6,shipped
326326,2801,2026-05-04T10:37:01Z,,1697.29,,7,,paid
326327,2801,2026-05-21T12:22:21Z,,2399.88,,4,RAMADAN-BUNDLE,pending_hold
326328,2803,2026-05-07T12:23:48Z,,1382.36,1382.36,6,NONE,paid
326333,2810,2026-05-17T09:32:45Z,,3196.12,,5,WINTER-FLYER,paid
326334,2810,2026-05-08T06:29:31Z,,1356.33,1356.33,4,NONE,pending_hold
326337,2812,2026-05-09T06:01:58Z,,1693.25,1693.25,6,RAMADAN-BUNDLE,canceled
326339,2813,2026-05-19T08:35:37Z,,2498.98,2498.98,5,NONE,paid
326344,2816,2026-05-17T10:31:46Z,,4209.8,4209.80,7,NONE,canceled
326348,2819,2026-05-01T06:41:32Z,,2054.76,,5,NONE,shipped
326349,2820,2026-05-12T11:02:45Z,,6581.06,,13,,pending_hold
326351,2823,2026-05-11T10:28:28Z,,885.98,885.98,4,WINTER-FLYER,paid
326357,1003,2026-06-04T11:08:29Z,,2556.62,2556.62,9,RAMADAN-BUNDLE,shipped
326359,1003,2026/06/23 16:48,,6382.64,,6,NONE,paid
326361,1004,2026-06-17T12:32:47Z,,3148.95,,7,RAMADAN-BUNDLE,paid
326364,1004,2026-06-21T15:17:18Z,,6131.43,,9,WINTER-FLYER,shipped
326368,1007,2026-06-07T10:40:15Z,,3827.83,,7,,paid
326374,1017,2026-06-28T14:00:11Z,,2779.23,,3,WINTER-FLYER,paid
326375,1017,2026-06-16T06:30:56Z,,1758.77,1758.77,8,,paid
326380,1019,2026-06-21T09:08:03Z,,1613.26,1613.26,6,,shipped
326385,1026,2026-06-11T10:41:47Z,,4052.14,,7,RAMADAN-BUNDLE,pending_hold
326387,1028,2026/06/22 10:01,,2614.28,2614.28,6,LUX-R6,shipped
326389,1030,2026-06-18T06:54:39Z,,4015.08,4015.08,8,LUX-R6,canceled
326391,1031,2026/06/19 13:44,,3191.95,3191.95,6,LUX-R6,shipped
326392,1031,2026-06-19T13:59:21Z,,4167.03,4167.03,3,RAMADAN-BUNDLE,shipped
326393,1032,2026-06-12T07:35:11Z,,5751.5,,10,NONE,canceled
326395,1043,2026-06-13T09:46:02Z,,7107.26,7107.26,10,RAMADAN-BUNDLE,pending_hold
326401,1046,2026/06/26 11:40,,10003.19,,10,LUX-R6,paid
326404,1047,2026-06-22T13:23:33Z,,4172.51,,10,LUX-R6,pending_hold
326407,1048,2026-06-19T08:03:04Z,,1332.79,1332.79,3,NONE,paid
326408,1048,2026-06-27T10:31:01Z,,2794.08,,5,WINTER-FLYER,paid
326409,1049,2026-06-10T06:00:56Z,,2285.59,,8,,shipped
326410,1049,2026-06-17T11:45:28Z,,7622.23,,6,RAMADAN-BUNDLE,paid
326415,1055,2026-06-07T12:47:56Z,,3255.04,,11,WINTER-FLYER,paid
326420,1058,2026-06-17T11:37:00Z,,4735.62,4735.62,9,WINTER-FLYER,pending_hold
326424,1065,2026-06-24T06:14:43Z,,3125.37,,7,WINTER-FLYER,paid
326425,1067,2026-06-13T06:53:18Z,,6358.28,6358.28,7,RAMADAN-BUNDLE,pending_hold
326430,1073,2026-06-21T09:00:56Z,,4434.29,,9,WINTER-FLYER,paid
326434,1081,2026-06-08T14:49:40Z,,1513.46,1513.46,6,NONE,paid
326436,1082,2026-06-27T12:19:44Z,,6757.53,,11,NONE,pending_hold
326438,1083,2026-06-15T06:32:26Z,,2827.92,2827.92,6,NONE,shipped
326443,1086,2026-06-25T10:07:36Z,,4181.34,4181.34,11,WINTER-FLYER,pending_hold
326444,1086,2026-06-09T07:43:07Z,,3366.87,,10,WINTER-FLYER,paid
326446,1087,2026-06-15T10:24:15Z,,1811.03,1811.03,6,RAMADAN-BUNDLE,shipped
326452,1095,2026-06-12T06:28:51Z,,1052.92,,4,,paid
326461,1106,2026-06-08T10:07:11Z,,3814.35,,4,LUX-R6,paid
326462,1107,2026-06-02T12:52:42Z,,5062.99,,8,LUX-R6,paid
326463,1109,2026-06-20T13:52:24Z,,3114.11,3114.11,8,LUX-R6,shipped
326464,1109,2026-06-04T06:36:12Z,,1193.06,,4,LUX-R6,paid
326465,1109,2026-06-11T12:44:55Z,,4027.27,4027.27,8,WINTER-FLYER,canceled
326472,1114,2026-06-22T07:51:21Z,,4056.22,,9,NONE,paid
326480,1134,2026-06-01T10:25:08Z,,1386.99,,3,NONE,paid
326486,1141,2026-06-15T06:23:47Z,,1741.49,1741.49,4,NONE,paid
326487,1141,2026-06-19T10:01:23Z,,1793.3,1793.30,5,WINTER-FLYER,canceled
326489,1143,2026-06-20T09:04:24Z,,4754.83,4754.83,10,RAMADAN-BUNDLE,pending_hold
326490,1145,2026-06-12T11:58:42Z,,8149.05,8149.05,11,RAMADAN-BUNDLE,shipped
326494,1151,2026/06/18 12:21,,3566.74,,6,RAMADAN-BUNDLE,paid
326495,1152,2026-06-16T07:12:26Z,,1320.85,1320.85,4,RAMADAN-BUNDLE,paid
326497,1154,2026-06-10T16:09:23Z,,1850.73,1850.73,4,LUX-R6,canceled
326500,1158,2026-06-03T12:18:39Z,,1838.3,,3,RAMADAN-BUNDLE,paid
326506,1162,2026-06-11T07:05:15Z,,2432.32,2432.32,9,,canceled
326509,1166,2026-06-13T08:31:59Z,,4518.96,4518.96,4,WINTER-FLYER,shipped
326512,1170,2026-06-27T13:14:15Z,,2472.21,,8,,paid
326513,1174,2026/06/12 08:06,,4284.29,,8,WINTER-FLYER,paid
326514,1175,2026-06-24T11:21:31Z,,1336.84,1336.84,3,LUX-R6,paid
326525,1182,2026-06-23T11:18:39Z,,1460.73,1460.73,5,RAMADAN-BUNDLE,paid
326526,1182,2026-06-08T09:36:53Z,,1519.92,1519.92,5,WINTER-FLYER,canceled
326531,1187,2026-06-20T06:33:34Z,,3350.74,3350.74,15,WINTER-FLYER,pending_hold
326533,1192,2026-06-28T11:36:30Z,,4304.36,,6,NONE,paid
326541,1199,2026-06-09T07:49:49Z,,5937.77,,6,NONE,pending_hold
326542,1199,2026-06-14T07:15:38Z,,8718.07,,10,NONE,pending_hold
326544,1204,2026-06-22T08:25:56Z,,4596.3,,7,NONE,canceled
326547,1207,2026-06-12T10:54:37Z,,2618.99,,5,NONE,pending_hold
326548,1207,2026-06-16T06:53:25Z,,4917.58,,9,LUX-R6,paid
326550,1209,2026-06-26T08:28:45Z,,1601.7,,2,,shipped
326554,1214,2026-06-21T07:43:43Z,,2310.79,,5,WINTER-FLYER,canceled
326556,1216,2026-06-18T08:50:29Z,,3359.64,3359.64,5,,paid
326560,1220,2026/06/18 11:15,,3132.1,,5,NONE,shipped
326564,1222,2026-06-28T08:27:34Z,,6501.77,6501.77,9,,canceled
326571,1232,2026-06-03T07:22:54Z,,3401.99,,7,WINTER-FLYER,paid
326575,1239,2026-06-04T11:04:59Z,,2349.58,2349.58,6,RAMADAN-BUNDLE,paid
326576,1241,2026-06-04T14:15:26Z,,5353.84,,13,NONE,paid
326579,1247,2026-06-25T18:06:31Z,,2112.01,,8,LUX-R6,pending_hold
326582,1250,2026-06-14T07:10:40Z,,2257.24,2257.24,4,,paid
326587,1256,2026-06-14T06:50:28Z,,10265.78,,14,NONE,paid
326591,1262,2026-06-01T06:47:39Z,,3326.45,,11,LUX-R6,paid
326593,1265,2026-06-26T06:30:22Z,,2679.64,,7,NONE,paid
326599,1282,2026-06-28T07:18:51Z,,2207.3,2207.30,4,RAMADAN-BUNDLE,paid
326604,1287,2026-06-05T10:24:02Z,,1753.98,,5,WINTER-FLYER,paid
326609,1292,2026-06-23T10:34:54Z,,2895.85,2895.85,8,WINTER-FLYER,paid
326610,1296,2026-06-27T13:42:45Z,,540.05,,2,NONE,canceled
326611,1296,2026-06-05T06:42:08Z,,2557.99,,6,NONE,shipped
326615,1297,2026-06-10T08:14:44Z,,7148.34,7148.34,9,,pending_hold
326616,1300,2026-06-09T07:15:03Z,,5487.47,,7,,canceled
326623,1305,2026-06-10T10:26:44Z,,3619.09,3619.09,7,RAMADAN-BUNDLE,canceled
326624,1305,2026-06-23T13:24:50Z,,4456.27,4456.27,7,RAMADAN-BUNDLE,paid
326632,1313,2026-06-14T08:08:36Z,,1127.95,,6,,paid
326634,1315,2026-06-28T11:27:15Z,,4280.41,,9,NONE,paid
326636,1319,2026-06-03T11:57:58Z,,2372.33,,4,WINTER-FLYER,paid
326638,1322,2026-06-27T11:32:49Z,,2519.03,2519.03,5,WINTER-FLYER,paid
326639,1324,2026-06-06T06:52:09Z,,5713.6,,6,NONE,paid
326640,1324,2026-06-13T06:28:57Z,,5927.59,5927.59,7,,paid
326644,1327,2026-06-01T07:14:24Z,,3130.22,3130.22,8,,paid
326645,1328,2026-06-20T13:13:12Z,,923.86,,3,,paid
326650,1328,2026-06-24T12:22:12Z,,2357.32,2357.32,5,,canceled
326651,1330,2026-06-14T11:57:25Z,,4805.26,,11,NONE,canceled
326657,1338,2026/06/23 15:56,,3479.68,3479.68,5,WINTER-FLYER,paid
326662,1341,2026-06-26T10:41:35Z,,3151.56,,10,LUX-R6,canceled
326663,1342,2026-06-22T11:26:41Z,,6539.01,6539.01,8,NONE,paid
326668,1344,2026-06-27T11:29:37Z,,3270.55,,6,NONE,paid
326673,1347,2026-06-09T06:48:48Z,,2589.33,,4,RAMADAN-BUNDLE,paid
326674,1347,2026-06-01T09:18:27Z,,691.14,,2,RAMADAN-BUNDLE,shipped
326676,1347,2026-06-28T13:20:39Z,,8899.22,8899.22,14,,shipped
326681,1356,2026-06-06T08:16:39Z,,863.83,863.83,3,LUX-R6,canceled
326687,1361,2026-06-05T09:32:25Z,,6190.95,6190.95,15,RAMADAN-BUNDLE,canceled
326688,1362,2026-06-04T08:07:00Z,,724.72,724.72,2,RAMADAN-BUNDLE,pending_hold
326689,1365,2026-06-02T11:28:48Z,,1427.84,1427.84,3,,shipped
326693,1375,2026-06-08T10:19:25Z,,3026.73,,2,LUX-R6,paid
326700,1383,2026-06-14T12:18:03Z,,463.95,,3,NONE,canceled
326703,1389,2026-06-27T13:54:16Z,,10894.32,,13,LUX-R6,canceled
326704,1389,2026-06-26T08:18:22Z,,3176.53,3176.53,5,NONE,paid
326710,1394,2026-06-25T10:40:10Z,,3296.76,,8,RAMADAN-BUNDLE,pending_hold
326711,1394,2026/06/21 11:26,,3272.6,,6,LUX-R6,canceled
326713,1401,2026-06-14T12:41:21Z,,780.21,,5,RAMADAN-BUNDLE,canceled
326720,1407,2026-06-28T11:47:51Z,,3542.85,,10,NONE,canceled
326725,1415,2026-06-14T12:54:18Z,,2756.28,,6,WINTER-FLYER,pending_hold
326727,1416,2026-06-10T10:24:58Z,,5000.24,5000.24,13,,shipped
326730,1419,2026-06-10T06:30:57Z,,1202.9,,3,NONE,paid
326734,1424,2026-06-19T10:19:09Z,,4299.89,,10,LUX-R6,canceled
326735,1426,2026-06-28T09:28:59Z,,3925.81,,11,NONE,paid
326746,1437,2026-06-01T11:02:20Z,,3801.41,3801.41,6,RAMADAN-BUNDLE,paid
326748,1442,2026-06-27T06:09:47Z,,6375.95,6375.95,11,LUX-R6,shipped
326752,1444,2026-06-06T07:27:17Z,,5478.77,5478.77,10,NONE,paid
326755,1449,2026-06-18T11:38:17Z,,7351.26,,13,LUX-R6,paid
326759,1458,2026-06-21T09:18:42Z,,3694.7,3694.70,4,LUX-R6,paid
326761,1459,2026-06-12T10:02:48Z,,1763.89,1763.89,2,,pending_hold
326762,1461,2026/06/21 13:09,,1825.19,,4,RAMADAN-BUNDLE,paid
326763,1466,2026-06-27T12:03:38Z,,2398.72,2398.72,7,RAMADAN-BUNDLE,paid
326765,1468,2026-06-07T09:58:28Z,,8072.46,8072.46,11,LUX-R6,pending_hold
326766,1468,2026-06-07T09:00:29Z,,6923.31,6923.31,9,WINTER-FLYER,canceled
326768,1471,2026-06-03T08:10:32Z,,297.83,297.83,2,NONE,paid
326771,1476,2026-06-07T10:00:35Z,,5505.0,,15,NONE,pending_hold
326776,1484,2026-06-07T09:04:31Z,,2620.86,,9,LUX-R6,shipped
326777,1484,2026-06-14T07:09:28Z,,4732.06,4732.06,8,NONE,paid
326778,1486,2026-06-06T10:11:37Z,,3883.14,3883.14,7,NONE,paid
326780,1488,2026-06-19T12:17:11Z,,3365.95,3365.95,8,RAMADAN-BUNDLE,paid
326782,1489,2026-06-05T10:58:36Z,,3059.87,3059.87,3,WINTER-FLYER,pending_hold
326783,1489,2026-06-13T08:11:25Z,,1360.42,,2,LUX-R6,paid
326788,1493,2026-06-13T13:07:40Z,,1698.27,1698.27,3,NONE,pending_hold
326797,1505,2026-06-08T11:29:10Z,,2186.51,2186.51,5,NONE,shipped
326809,1510,2026-06-03T14:58:09Z,,847.21,,6,RAMADAN-BUNDLE,canceled
326813,1515,2026-06-28T13:58:45Z,,706.05,,5,NONE,pending_hold
326815,1516,2026-06-22T07:27:53Z,,3030.56,,9,WINTER-FLYER,paid
326816,1516,2026-06-24T08:26:09Z,,2853.46,2853.46,4,NONE,paid
326817,1516,2026/06/05 13:22,,7143.2,,8,,paid
326819,1526,2026/06/04 17:32,,1584.59,1584.59,3,LUX-R6,canceled
326823,1528,2026-06-04T16:41:29Z,,773.83,,2,NONE,paid
326827,1536,2026-06-22T10:38:37Z,,2225.63,2225.63,5,NONE,paid
326834,1541,2026-06-07T17:30:28Z,,6003.82,,8,RAMADAN-BUNDLE,paid
326835,1544,2026-06-02T12:24:11Z,,3803.02,3803.02,4,NONE,canceled
326837,1546,2026-06-02T13:17:14Z,,6545.09,6545.09,11,NONE,paid
326843,1553,2026-06-25T15:20:34Z,,3991.39,,9,,paid
326845,1554,2026-06-25T09:30:21Z,,2027.76,,4,,paid
326846,1554,2026-06-28T07:47:02Z,,2886.13,2886.13,5,NONE,paid
326847,1555,2026-06-17T09:41:21Z,,3615.03,3615.03,7,WINTER-FLYER,paid
326850,1557,2026-06-20T07:56:24Z,,1067.69,,4,RAMADAN-BUNDLE,paid
326856,1570,2026-06-21T08:13:19Z,,6459.63,,12,RAMADAN-BUNDLE,shipped
326861,1575,2026-06-10T12:54:56Z,,2359.96,2359.96,6,RAMADAN-BUNDLE,paid
326864,1575,2026-06-22T10:06:04Z,,2368.45,,7,WINTER-FLYER,paid
326869,1580,2026-06-27T13:59:57Z,,2330.06,2330.06,6,,shipped
326872,1588,2026-06-11T14:01:03Z,,2560.8,,7,NONE,pending_hold
326878,1590,2026-06-06T09:57:30Z,,2218.85,2218.85,5,LUX-R6,shipped
326879,1590,2026-06-18T10:04:41Z,,5130.74,5130.74,3,WINTER-FLYER,paid
326882,1594,2026-06-22T06:28:18Z,,3039.74,,10,LUX-R6,pending_hold
326886,1597,2026/06/01 11:57,,3312.2,3312.20,6,,paid
326889,1605,2026-06-25T06:54:05Z,,6598.12,,11,WINTER-FLYER,shipped
326893,1612,2026-06-06T06:47:57Z,,2191.83,,4,WINTER-FLYER,paid
326895,1616,2026-06-15T12:25:12Z,,2712.93,,4,RAMADAN-BUNDLE,canceled
326902,1620,2026-06-13T07:04:13Z,,1488.82,,4,WINTER-FLYER,paid
326904,1627,2026-06-19T10:12:26Z,,3757.75,,13,RAMADAN-BUNDLE,shipped
326905,1627,2026-06-13T07:48:54Z,,1845.29,,7,,shipped
326906,1629,2026-06-25T08:27:00Z,,2721.9,,4,LUX-R6,paid
326915,1637,2026-06-19T13:25:48Z,,1554.7,1554.70,5,WINTER-FLYER,paid
326916,1637,2026-06-07T10:11:17Z,,2082.6,2082.60,4,WINTER-FLYER,canceled
326917,1639,2026-06-08T12:38:53Z,,3047.25,,3,LUX-R6,paid
326919,1643,2026-06-06T13:46:21Z,,1668.44,1668.44,4,,shipped
326920,1644,2026-06-03T09:27:45Z,,4758.33,4758.33,8,NONE,shipped
326922,1649,2026-06-18T06:45:13Z,,1079.26,1079.26,4,RAMADAN-BUNDLE,paid
326927,1652,2026-06-02T07:00:41Z,,2662.46,,5,NONE,shipped
326935,1667,2026-06-02T06:32:03Z,,1799.81,,5,NONE,canceled
326936,1668,2026-06-26T14:35:36Z,,2346.44,,4,,pending_hold
326939,1671,2026-06-04T08:19:00Z,,743.24,,3,WINTER-FLYER,paid
326940,1672,2026-06-28T10:13:42Z,,5993.5,5993.50,8,RAMADAN-BUNDLE,paid
326942,1677,2026-06-11T10:54:49Z,,2738.58,,8,,shipped
326951,1689,2026-06-20T12:31:58Z,,3302.05,3302.05,4,NONE,canceled
326955,1693,2026-06-16T07:19:39Z,,4975.15,4975.15,11,NONE,pending_hold
326958,1700,2026/06/22 08:23,,2523.15,,6,WINTER-FLYER,pending_hold
326968,1706,2026-06-23T12:10:29Z,,2402.12,,6,NONE,paid
326972,1712,2026-06-04T13:52:04Z,,4365.43,,15,,shipped
326973,1713,2026-06-04T06:53:16Z,,2317.85,2317.85,6,LUX-R6,paid
326978,1718,2026-06-03T15:20:02Z,,6848.81,6848.81,6,,shipped
326983,1721,2026-06-25T06:18:49Z,,1761.29,,7,NONE,paid
326986,1723,2026-06-23T13:05:14Z,,2401.83,,8,LUX-R6,pending_hold
326992,1738,2026-06-12T14:27:14Z,,3106.72,,7,LUX-R6,pending_hold
326993,1740,2026-06-01T10:08:57Z,,6233.48,,8,LUX-R6,shipped
326994,1745,2026-06-17T11:35:26Z,,3881.75,,4,NONE,paid
326995,1746,2026-06-01T07:36:47Z,,6464.12,6464.12,9,LUX-R6,canceled
326999,1748,2026-06-09T11:53:39Z,,3143.52,3143.52,7,NONE,paid
327020,1770,2026-06-27T07:58:36Z,,2945.01,,6,NONE,paid
327021,1771,2026-06-16T07:07:40Z,,5772.2,,7,RAMADAN-BUNDLE,paid
327032,1791,2026-06-23T09:14:11Z,,6646.96,,10,,canceled
327033,1791,2026-06-06T08:18:32Z,,2725.79,2725.79,5,NONE,pending_hold
327040,1795,2026-06-16T10:20:00Z,,6063.95,6063.95,8,RAMADAN-BUNDLE,paid
327045,1799,2026-06-28T06:15:04Z,,566.22,,2,NONE,pending_hold
327047,1800,2026-06-01T10:25:02Z,,7234.24,7234.24,12,RAMADAN-BUNDLE,shipped
327048,1800,2026-06-26T10:02:43Z,,1854.9,,6,,paid
327052,1808,2026-06-06T12:08:04Z,,1040.25,,5,NONE,shipped
327054,1810,2026-06-19T11:59:13Z,,9636.22,,12,LUX-R6,paid
327055,1811,2026-06-04T12:58:06Z,,2513.95,2513.95,4,NONE,pending_hold
327057,1816,2026-06-18T06:07:20Z,,5691.45,,8,WINTER-FLYER,pending_hold
327061,1824,2026-06-12T10:46:03Z,,1435.85,1435.85,4,,paid
327068,1825,2026-06-10T12:14:06Z,,2685.44,2685.44,6,RAMADAN-BUNDLE,pending_hold
327069,1827,2026-06-19T11:26:35Z,,7799.9,,14,NONE,paid
327075,1836,2026-06-14T08:44:12Z,,2667.66,,5,NONE,shipped
327079,1838,2026-06-14T13:06:17Z,,3953.92,,14,LUX-R6,paid
327082,1843,2026-06-19T12:36:07Z,,2314.54,,4,RAMADAN-BUNDLE,paid
327085,1847,2026-06-14T10:11:35Z,,10734.08,10734.08,14,,paid
327088,1848,2026/06/08 09:15,,3693.6,3693.60,8,NONE,pending_hold
327099,1866,2026-06-19T08:00:44Z,,4226.62,,7,NONE,paid
327102,1869,2026-06-03T10:59:00Z,,2137.44,2137.44,4,NONE,shipped
327104,1871,2026-06-24T15:23:00Z,,3549.43,3549.43,7,,paid
327107,1873,2026-06-20T10:05:41Z,,4200.27,,5,NONE,shipped
327110,1882,2026-06-03T08:15:14Z,,341.5,,2,RAMADAN-BUNDLE,paid
327115,1891,2026-06-01T14:43:15Z,,2883.93,,11,RAMADAN-BUNDLE,paid
327117,1893,2026-06-07T06:25:04Z,,4288.7,,7,NONE,canceled
327124,1906,2026-06-15T10:37:32Z,,5753.27,5753.27,9,NONE,pending_hold
327131,1912,2026-06-25T13:04:28Z,,3465.55,,7,NONE,shipped
327135,1921,2026-06-01T06:08:22Z,,2524.88,,6,LUX-R6,paid
327136,1921,2026-06-15T11:53:57Z,,5563.37,,11,WINTER-FLYER,paid
327148,1939,2026-06-10T09:15:09Z,,3730.31,,10,WINTER-FLYER,paid
327154,1945,2026-06-01T14:18:44Z,,8598.03,,11,WINTER-FLYER,paid
327157,1957,2026/06/10 15:19,,2911.38,2911.38,6,NONE,paid
327172,1980,2026-06-08T15:52:20Z,,4282.39,4282.39,8,WINTER-FLYER,pending_hold
327173,1981,2026-06-19T11:18:38Z,,3598.77,,15,NONE,paid
327178,1989,2026-06-10T10:48:54Z,,1944.16,1944.16,5,RAMADAN-BUNDLE,canceled
327181,1990,2026-06-18T13:53:17Z,,700.09,700.09,5,WINTER-FLYER,shipped
327182,1991,2026-06-23T06:49:17Z,,2734.82,2734.82,3,,pending_hold
327190,1996,2026-06-09T06:51:57Z,,4123.71,,7,NONE,canceled
327193,1999,2026-06-02T09:28:58Z,,3731.55,,7,RAMADAN-BUNDLE,paid
327196,2004,2026-06-06T08:11:50Z,,1064.99,,2,WINTER-FLYER,shipped
327197,2006,2026-06-02T12:37:38Z,,5864.22,,8,,canceled
327198,2007,2026-06-01T06:50:08Z,,1742.05,,2,LUX-R6,canceled
327202,2009,2026-06-03T10:34:38Z,,5246.07,,10,LUX-R6,pending_hold
327206,2020,2026/06/20 15:03,,2547.78,2547.78,7,NONE,pending_hold
327207,2021,2026-06-10T06:32:55Z,,3257.65,,8,NONE,pending_hold
327208,2023,2026-06-07T08:12:25Z,,1707.22,,8,WINTER-FLYER,paid
327209,2023,2026-06-07T16:02:01Z,,3858.05,3858.05,6,WINTER-FLYER,paid
327216,2031,2026-06-20T09:24:24Z,,3054.81,,8,NONE,shipped
327223,2034,2026-06-01T13:23:14Z,,2740.84,,7,,paid
327228,2040,2026-06-28T09:27:39Z,,3645.22,,12,NONE,pending_hold
327237,2050,2026-06-12T09:39:02Z,,4885.89,4885.89,9,,canceled
327245,2066,2026-06-12T09:33:48Z,,710.71,,4,WINTER-FLYER,paid
327249,2067,2026-06-22T06:41:29Z,,1956.61,1956.61,9,,shipped
327253,2073,2026-06-20T10:09:50Z,,650.54,650.54,3,LUX-R6,paid
327255,2075,2026-06-01T14:57:05Z,,3480.18,,5,NONE,canceled
327258,2083,2026-06-01T10:20:23Z,,3798.93,,5,LUX-R6,paid
327264,2089,2026-06-10T13:29:32Z,,3120.52,,10,LUX-R6,paid
327265,2091,2026-06-26T11:34:30Z,,4525.8,4525.80,9,WINTER-FLYER,pending_hold
327270,2098,2026-06-19T10:17:18Z,,2493.37,,3,RAMADAN-BUNDLE,pending_hold
327280,2115,2026-06-07T15:58:14Z,,4476.72,,6,RAMADAN-BUNDLE,paid
327281,2115,2026-06-02T13:56:06Z,,1015.73,,2,NONE,paid
327283,2119,2026-06-17T11:19:28Z,,1490.69,1490.69,5,WINTER-FLYER,canceled
327284,2120,2026-06-18T06:51:10Z,,5371.01,5371.01,9,NONE,canceled
327287,2123,2026-06-17T12:17:50Z,,6156.32,6156.32,9,LUX-R6,shipped
327291,2128,2026-06-23T07:16:14Z,,4364.2,4364.20,10,NONE,paid
327292,2128,2026-06-10T10:27:31Z,,10001.42,10001.42,7,LUX-R6,canceled
327293,2128,2026-06-28T06:10:17Z,,3705.84,3705.84,6,RAMADAN-BUNDLE,canceled
327294,2131,2026-06-13T08:39:49Z,,2294.53,,3,LUX-R6,paid
327295,2131,2026-06-13T09:35:32Z,,4956.53,,7,LUX-R6,pending_hold
327299,2134,2026-06-27T16:44:29Z,,4169.24,,6,LUX-R6,canceled
327300,2134,2026-06-08T10:42:38Z,,2857.55,2857.55,6,RAMADAN-BUNDLE,paid
327301,2135,2026/06/01 14:10,,3579.1,3579.10,11,LUX-R6,canceled
327304,2140,2026-06-12T06:58:47Z,,2699.61,,8,,paid
327305,2142,2026-06-18T06:12:47Z,,2954.7,2954.70,11,RAMADAN-BUNDLE,paid
327307,2145,2026-06-04T12:27:05Z,,3559.08,,6,,paid
327308,2147,2026-06-21T11:03:28Z,,3179.9,3179.90,8,NONE,paid
327309,2148,2026-06-08T06:56:50Z,,4004.62,,5,WINTER-FLYER,pending_hold
327311,2152,2026-06-24T06:09:28Z,,2173.01,,7,NONE,paid
327316,2157,2026-06-19T15:59:03Z,,3002.51,3002.51,7,LUX-R6,shipped
327317,2157,2026/06/26 15:13,,6171.68,,14,NONE,shipped
327321,2160,2026-06-06T06:45:58Z,,2306.82,2306.82,4,NONE,paid
327325,2162,2026-06-23T14:28:16Z,,3631.25,,7,RAMADAN-BUNDLE,paid
327329,2165,2026-06-04T07:10:03Z,,6428.5,6428.50,9,,paid
327334,2166,2026-06-18T10:10:39Z,,3335.09,3335.09,8,WINTER-FLYER,paid
327336,2173,2026-06-04T18:49:47Z,,3806.68,3806.68,7,NONE,paid
327337,2175,2026-06-26T06:20:12Z,,4474.21,,5,RAMADAN-BUNDLE,shipped
327338,2177,2026-06-11T13:20:06Z,,2914.88,,15,NONE,paid
327340,2179,2026-06-25T07:20:45Z,,2490.54,,4,RAMADAN-BUNDLE,paid
327345,2186,2026-06-16T14:33:26Z,,7573.4,,12,NONE,shipped
327352,2196,2026-06-28T12:49:51Z,,1533.13,,4,NONE,canceled
327356,2204,2026-06-24T10:40:28Z,,4999.78,4999.78,8,NONE,shipped
327358,2206,2026-06-09T08:31:18Z,,8898.99,8898.99,11,,paid
327361,2207,2026-06-20T08:08:40Z,,1974.25,1974.25,5,NONE,canceled
327362,2211,2026-06-27T12:32:18Z,,2971.87,2971.87,3,NONE,pending_hold
327367,2219,2026-06-15T06:56:05Z,,1235.62,,4,LUX-R6,paid
327373,2221,2026-06-09T12:05:24Z,,2691.6,2691.60,11,,paid
327378,2234,2026-06-08T15:07:00Z,,4635.44,4635.44,12,NONE,pending_hold
327381,2234,2026-06-05T14:02:30Z,,8786.94,,15,WINTER-FLYER,paid
327386,2247,2026-06-20T07:43:54Z,,5327.99,5327.99,5,LUX-R6,pending_hold
327387,2249,2026-06-08T07:22:32Z,,1351.88,,5,NONE,shipped
327388,2249,2026/06/11 14:44,,1827.34,1827.34,7,,paid
327393,2255,2026-06-01T09:39:32Z,,1647.6,,5,NONE,canceled
327396,2260,2026-06-13T06:56:46Z,,6188.96,,6,RAMADAN-BUNDLE,paid
327397,2260,2026-06-25T12:24:20Z,,2112.87,2112.87,6,WINTER-FLYER,canceled
327399,2261,2026-06-23T12:14:03Z,,1028.84,1028.84,2,NONE,paid
327402,2267,2026-06-21T06:13:13Z,,2366.05,2366.05,8,,paid
327404,2272,2026-06-26T11:00:18Z,,3721.38,,6,RAMADAN-BUNDLE,shipped
327407,2272,2026-06-17T07:53:57Z,,3744.24,,14,,paid
327410,2277,2026-06-25T06:43:01Z,,2417.91,2417.91,6,RAMADAN-BUNDLE,pending_hold
327421,2299,2026-06-15T10:24:41Z,,4765.54,4765.54,8,RAMADAN-BUNDLE,paid
327432,2313,2026-06-03T06:11:31Z,,1398.63,1398.63,3,WINTER-FLYER,pending_hold
327435,2316,2026-06-16T13:15:45Z,,2658.36,2658.36,7,NONE,paid
327436,2316,2026-06-19T13:01:58Z,,4134.11,4134.11,5,RAMADAN-BUNDLE,paid
327438,2317,2026-06-18T10:46:59Z,,2375.71,2375.71,4,NONE,paid
327439,2317,2026-06-27T08:45:54Z,,2936.05,2936.05,7,NONE,pending_hold
327440,2318,2026-06-10T11:05:51Z,,1482.44,1482.44,7,LUX-R6,canceled
327441,2319,2026-06-13T08:39:00Z,,4158.15,4158.15,6,LUX-R6,paid
327443,2319,2026-06-02T07:04:24Z,,469.36,469.36,4,LUX-R6,paid
327447,2330,2026-06-17T18:18:07Z,,5004.04,,7,NONE,paid
327448,2333,2026-06-15T07:06:18Z,,5245.66,5245.66,9,,pending_hold
327450,2334,2026-06-11T06:52:37Z,,3072.83,,8,,paid
327451,2336,2026-06-24T10:05:32Z,,8887.07,,15,NONE,pending_hold
327452,2337,2026-06-11T06:47:49Z,,4546.45,4546.45,8,NONE,canceled
327454,2337,2026-06-13T11:02:39Z,,1455.31,,4,NONE,shipped
327456,2348,2026-06-27T07:45:10Z,,2192.87,,4,RAMADAN-BUNDLE,paid
327457,2349,2026-06-15T07:40:28Z,,5770.96,,11,WINTER-FLYER,canceled
327458,2349,2026-06-02T10:24:27Z,,10304.9,10304.90,11,WINTER-FLYER,canceled
327470,2358,2026-06-25T08:17:24Z,,4523.85,4523.85,8,WINTER-FLYER,paid
327472,2360,2026-06-24T12:25:10Z,,2732.1,,6,NONE,paid
327475,2364,2026-06-06T12:50:37Z,,1764.46,1764.46,3,RAMADAN-BUNDLE,paid
327478,2364,2026-06-13T08:02:36Z,,3837.65,,5,WINTER-FLYER,shipped
327479,2365,2026-06-22T14:47:16Z,,2649.85,2649.85,5,WINTER-FLYER,paid
327480,2365,2026-06-21T10:56:23Z,,1813.26,,6,,canceled
327484,2372,2026-06-06T10:28:35Z,,6489.83,,8,NONE,canceled
327489,2378,2026-06-18T10:02:08Z,,421.39,421.39,3,LUX-R6,pending_hold
327494,2383,2026-06-01T10:47:32Z,,2966.47,,8,LUX-R6,paid
327495,2383,2026-06-20T12:10:26Z,,4618.48,4618.48,7,,paid
327499,2383,2026/06/22 10:42,,1227.65,1227.65,2,RAMADAN-BUNDLE,paid
327501,2384,2026-06-23T10:01:40Z,,8259.08,,14,RAMADAN-BUNDLE,canceled
327503,2388,2026-06-02T13:44:42Z,,4238.55,,2,NONE,paid
327508,2390,2026-06-20T11:33:29Z,,2603.32,,5,,paid
327515,2401,2026-06-10T08:04:26Z,,2870.28,2870.28,10,LUX-R6,canceled
327517,2401,2026-06-01T13:29:53Z,,1718.51,1718.51,4,LUX-R6,paid
327519,2403,2026-06-26T06:22:35Z,,4316.24,4316.24,11,NONE,paid
327522,2407,2026-06-12T17:31:55Z,,2589.46,,6,RAMADAN-BUNDLE,canceled
327523,2408,2026-06-08T11:06:03Z,,1026.53,1026.53,3,NONE,pending_hold
327531,2426,2026-06-23T11:51:08Z,,819.18,819.18,6,WINTER-FLYER,canceled
327536,2431,2026-06-09T10:54:58Z,,9623.82,9623.82,6,NONE,canceled
327539,2435,2026-06-24T08:42:21Z,,6244.04,6244.04,11,RAMADAN-BUNDLE,paid
327540,2435,2026-06-11T14:39:51Z,,4193.46,4193.46,3,NONE,canceled
327548,2444,2026-06-12T09:02:32Z,,1494.57,1494.57,2,NONE,paid
327550,2448,2026/06/03 12:21,,3631.73,,9,RAMADAN-BUNDLE,pending_hold
327557,2462,2026-06-28T06:22:11Z,,2491.71,,5,WINTER-FLYER,canceled
327560,2463,2026-06-17T07:39:08Z,,4409.14,4409.14,5,WINTER-FLYER,paid
327568,2473,2026-06-01T10:11:51Z,,4156.13,,6,RAMADAN-BUNDLE,paid
327575,2483,2026-06-19T10:00:52Z,,1958.5,,4,,shipped
327584,2490,2026-06-15T11:18:22Z,,4147.86,4147.86,4,,paid
327585,2490,2026-06-22T07:03:16Z,,1239.61,,7,RAMADAN-BUNDLE,pending_hold
327589,2492,2026-06-16T09:22:42Z,,5404.38,,9,LUX-R6,canceled
327596,2501,2026-06-20T06:36:02Z,,5148.32,,11,LUX-R6,shipped
327600,2511,2026-06-24T07:13:31Z,,4424.08,,8,WINTER-FLYER,paid
327603,2512,2026-06-03T06:18:37Z,,2552.06,2552.06,4,NONE,shipped
327612,2515,2026-06-16T09:51:04Z,,3848.94,,5,WINTER-FLYER,pending_hold
327616,2530,2026-06-21T13:01:49Z,,3834.54,,6,LUX-R6,shipped
327617,2530,2026-06-05T06:59:27Z,,1928.68,1928.68,6,NONE,pending_hold
327627,2544,2026-06-22T12:11:32Z,,4597.89,4597.89,7,LUX-R6,canceled
327629,2547,2026-06-05T06:58:13Z,,827.75,,3,NONE,paid
327630,2548,2026-06-22T10:50:36Z,,2860.47,2860.47,9,WINTER-FLYER,paid
327635,2559,2026-06-04T10:03:45Z,,3528.27,3528.27,6,RAMADAN-BUNDLE,paid
327655,2578,2026-06-26T08:36:00Z,,2648.76,,4,LUX-R6,canceled
327661,2586,2026-06-02T10:06:08Z,,1910.46,1910.46,4,RAMADAN-BUNDLE,paid
327663,2589,2026/06/01 12:20,,3554.57,,10,NONE,shipped
327667,2594,2026-06-24T13:03:03Z,,1411.26,,5,NONE,canceled
327672,2596,2026-06-28T12:50:54Z,,2365.22,2365.22,7,NONE,pending_hold
327674,2598,2026-06-28T12:49:40Z,,2736.57,2736.57,5,WINTER-FLYER,paid
327675,2599,2026/06/24 13:23,,2774.59,,13,,paid
327676,2599,2026-06-10T07:38:39Z,,2839.12,2839.12,6,RAMADAN-BUNDLE,shipped
327677,2600,2026-06-19T10:13:12Z,,3776.45,3776.45,7,NONE,paid
327679,2602,2026-06-05T12:28:26Z,,2157.87,2157.87,4,RAMADAN-BUNDLE,pending_hold
327680,2605,2026-06-11T14:12:11Z,,7252.02,7252.02,7,NONE,pending_hold
327681,2605,2026-06-21T08:25:10Z,,7085.32,7085.32,9,NONE,paid
327686,2609,2026-06-15T07:27:03Z,,5452.83,5452.83,12,NONE,paid
327687,2610,2026-06-19T10:55:36Z,,1696.99,1696.99,4,LUX-R6,paid
327688,2610,2026-06-14T06:26:25Z,,5848.58,5848.58,15,,shipped
327694,2620,2026-06-06T06:20:17Z,,1207.15,,6,WINTER-FLYER,paid
327695,2620,2026-06-20T12:24:11Z,,3598.39,3598.39,9,NONE,paid
327705,2643,2026-06-26T07:58:58Z,,1297.43,,4,NONE,pending_hold
327708,2643,2026-06-01T14:22:45Z,,6316.59,,9,,paid
327711,2643,2026/06/07 09:35,,1258.61,,5,WINTER-FLYER,paid
327720,2657,2026/06/21 10:46,,6189.78,,12,,canceled
327723,2667,2026-06-26T16:02:39Z,,3910.09,3910.09,5,LUX-R6,shipped
327726,2671,2026-06-26T11:32:20Z,,4532.45,,10,NONE,paid
327728,2675,2026-06-08T11:35:22Z,,10222.34,10222.34,12,,shipped
327730,2675,2026/06/10 08:28,,2230.09,,11,RAMADAN-BUNDLE,paid
327731,2675,2026-06-12T11:52:34Z,,2460.26,,6,,pending_hold
327732,2677,2026-06-14T11:44:03Z,,6117.15,,10,LUX-R6,paid
327734,2677,2026-06-25T08:17:33Z,,3828.23,,6,RAMADAN-BUNDLE,paid
327737,2688,2026-06-19T09:26:41Z,,1614.63,1614.63,5,NONE,canceled
327738,2688,2026-06-12T13:40:09Z,,6737.28,6737.28,12,LUX-R6,shipped
327747,2699,2026-06-15T10:46:24Z,,1882.38,,3,NONE,paid
327749,2699,2026-06-13T06:16:11Z,,3498.12,,8,NONE,paid
327752,2703,2026-06-15T12:06:23Z,,2549.31,2549.31,5,NONE,paid
327754,2707,2026-06-16T06:29:41Z,,878.09,,7,LUX-R6,paid
327757,2707,2026-06-12T13:36:14Z,,5748.13,,8,NONE,pending_hold
327760,2709,2026-06-02T13:25:38Z,,205.96,,4,,shipped
327761,2709,2026-06-08T09:33:26Z,,2962.89,2962.89,8,,paid
327770,2721,2026-06-13T10:36:49Z,,6060.57,,11,LUX-R6,canceled
327771,2727,2026-06-08T06:14:37Z,,2970.4,,5,NONE,pending_hold
327772,2727,2026-06-11T09:19:50Z,,4329.81,,8,WINTER-FLYER,pending_hold
327774,2731,2026-06-15T06:57:29Z,,7862.39,7862.39,9,RAMADAN-BUNDLE,paid
327777,2735,2026-06-28T09:49:21Z,,4244.28,4244.28,7,NONE,paid
327779,2739,2026-06-11T06:28:05Z,,1963.03,1963.03,6,NONE,paid
327792,2767,2026-06-13T10:15:29Z,,921.67,,3,WINTER-FLYER,canceled
327794,2772,2026-06-24T13:59:57Z,,4020.15,4020.15,8,NONE,paid
327798,2780,2026-06-18T11:46:00Z,,3930.53,,4,NONE,paid
327803,2781,2026-06-06T09:03:59Z,,4738.51,,10,LUX-R6,canceled
327809,2786,2026-06-09T11:17:02Z,,1610.49,1610.49,6,,pending_hold
327811,2786,2026-06-26T12:50:07Z,,4782.95,,11,NONE,shipped
327815,2788,2026-06-19T09:10:11Z,,4012.28,4012.28,6,NONE,paid
327816,2788,2026-06-04T06:40:16Z,,7047.49,,14,RAMADAN-BUNDLE,paid
327823,2804,2026-06-28T07:48:21Z,,7706.38,7706.38,6,NONE,paid
327828,2806,2026-06-18T14:55:35Z,,3043.85,,5,WINTER-FLYER,pending_hold
327835,2807,2026-06-23T13:17:59Z,,7017.72,7017.72,8,RAMADAN-BUNDLE,shipped
327843,2815,2026-06-11T11:05:14Z,,3056.87,,5,LUX-R6,paid
327845,2816,2026-06-28T08:54:13Z,,4345.9,,5,RAMADAN-BUNDLE,pending_hold
327848,2820,2026-06-02T06:12:00Z,,5189.39,5189.39,12,NONE,canceled
327853,1002,2026-07-13T07:51:05Z,,7045.36,7045.36,11,NONE,paid
327857,1005,2026-07-14T11:55:30Z,,3863.22,,7,NONE,pending_hold
327863,1007,2026-07-19T08:21:47Z,,2362.8,,7,NONE,canceled
327869,1015,2026/07/03 15:42,,5012.87,,8,LUX-R6,paid
327871,1015,2026-07-12T07:20:42Z,,3652.85,,11,WINTER-FLYER,paid
327872,1016,2026-07-19T10:50:00Z,,1648.82,,4,RAMADAN-BUNDLE,shipped
327884,1036,2026-07-14T10:33:38Z,,2752.42,2752.42,3,NONE,paid
327886,1043,2026-07-04T11:54:51Z,,2277.78,,7,RAMADAN-BUNDLE,shipped
327887,1045,2026-07-12T16:29:39Z,,7730.47,7730.47,7,LUX-R6,paid
327891,1049,2026-07-11T11:33:50Z,,1417.68,,5,,pending_hold
327896,1051,2026-07-09T13:59:32Z,,3508.13,,7,NONE,shipped
327902,1066,2026-07-07T11:34:24Z,,1439.72,1439.72,4,,shipped
327903,1070,2026-07-09T14:06:14Z,,326.58,326.58,2,LUX-R6,paid
327904,1071,2026-07-13T15:22:34Z,,6582.02,6582.02,6,NONE,paid
327906,1077,2026-07-05T09:50:04Z,,1536.96,,3,NONE,pending_hold
327913,1091,2026-07-27T09:37:48Z,,2601.97,,9,RAMADAN-BUNDLE,shipped
327915,1092,2026-07-05T11:54:55Z,,3478.49,,5,RAMADAN-BUNDLE,paid
327923,1103,2026-07-06T13:31:13Z,,2032.57,,5,RAMADAN-BUNDLE,shipped
327925,1105,2026-07-06T06:39:49Z,,1050.98,,3,NONE,paid
327926,1105,2026-07-26T07:08:09Z,,2847.8,,9,LUX-R6,canceled
327929,1109,2026-07-22T10:21:52Z,,2424.69,,5,WINTER-FLYER,shipped
327930,1113,2026-07-09T15:56:10Z,,1312.93,,3,RAMADAN-BUNDLE,shipped
327932,1113,2026-07-02T10:53:49Z,,12675.62,12675.62,12,,shipped
327933,1113,2026-07-09T10:36:36Z,,2688.93,2688.93,3,RAMADAN-BUNDLE,shipped
327944,1136,2026-07-18T11:19:14Z,,3293.2,,5,RAMADAN-BUNDLE,paid
327945,1137,2026-07-06T09:02:51Z,,1076.21,,3,NONE,paid
327947,1139,2026-07-25T13:37:39Z,,3287.66,,6,LUX-R6,canceled
327948,1139,2026-07-06T10:35:33Z,,4541.25,4541.25,8,WINTER-FLYER,paid
327956,1147,2026-07-19T06:41:08Z,,4329.92,,7,,pending_hold
327959,1154,2026-07-21T11:13:30Z,,2656.36,2656.36,3,,paid
327962,1158,2026-07-11T12:12:28Z,,2163.52,2163.52,3,WINTER-FLYER,pending_hold
327963,1158,2026-07-03T09:04:06Z,,809.41,,3,RAMADAN-BUNDLE,shipped
327964,1158,2026-07-05T10:23:58Z,,5466.33,,12,RAMADAN-BUNDLE,canceled
327967,1160,2026-07-09T15:08:43Z,,5463.67,,9,LUX-R6,canceled
327971,1163,2026-07-14T12:29:31Z,,1958.44,,6,NONE,shipped
327973,1164,2026-07-27T10:06:50Z,,1868.32,,6,LUX-R6,canceled
327974,1166,2026-07-23T11:49:10Z,,5135.47,,9,WINTER-FLYER,canceled
327975,1167,2026/07/06 08:29,,4039.43,4039.43,12,WINTER-FLYER,shipped
327978,1168,2026-07-15T09:58:04Z,,3908.4,3908.40,7,LUX-R6,pending_hold
327987,1184,2026/07/28 08:32,,2208.07,2208.07,6,NONE,canceled
327993,1192,2026-07-12T10:59:49Z,,3399.87,3399.87,7,NONE,paid
327996,1194,2026-07-05T16:08:26Z,,2442.63,2442.63,4,RAMADAN-BUNDLE,paid
327999,1197,2026-07-06T07:05:49Z,,3266.62,,6,,paid
328001,1198,2026-07-12T09:38:01Z,,4549.97,,10,LUX-R6,paid
328004,1199,2026-07-10T09:31:38Z,,2464.62,2464.62,5,,paid
328007,1201,2026-07-04T15:47:07Z,,3891.81,,4,RAMADAN-BUNDLE,canceled
328009,1204,2026-07-15T09:54:25Z,,2894.53,2894.53,6,,pending_hold
328015,1215,2026-07-05T09:36:43Z,,2274.85,,6,NONE,pending_hold
328016,1215,2026-07-14T10:50:04Z,,1846.22,1846.22,4,LUX-R6,canceled
328023,1230,2026-07-26T10:10:19Z,,1798.11,,4,,shipped
328027,1245,2026-07-01T08:53:21Z,,5064.89,,7,RAMADAN-BUNDLE,shipped
328033,1258,2026-07-13T06:23:47Z,,4242.08,4242.08,5,NONE,paid
328034,1259,2026-07-27T14:07:44Z,,3177.83,3177.83,8,,canceled
328036,1259,2026-07-25T14:18:31Z,,6261.49,,10,WINTER-FLYER,canceled
328039,1261,2026-07-21T10:41:53Z,,988.41,988.41,4,,canceled
328041,1262,2026/07/09 12:08,,3545.16,,4,NONE,paid
328045,1267,2026-07-08T11:16:31Z,,2603.5,,7,NONE,canceled
328051,1277,2026-07-05T13:53:20Z,,3168.5,,6,NONE,paid
328065,1296,2026/07/18 13:59,,2604.25,2604.25,4,WINTER-FLYER,paid
328070,1299,2026-07-19T15:17:00Z,,7282.9,,15,LUX-R6,shipped
328073,1303,2026-07-09T07:45:20Z,,7078.5,7078.50,9,RAMADAN-BUNDLE,paid
328078,1305,2026-07-19T12:30:04Z,,1513.36,,7,LUX-R6,paid
328086,1323,2026-07-25T13:01:14Z,,3485.77,3485.77,6,WINTER-FLYER,shipped
328087,1326,2026-07-26T06:45:08Z,,2234.56,,7,,shipped
328094,1333,2026-07-20T12:52:36Z,,1004.63,,4,NONE,shipped
328095,1333,2026-07-03T10:58:22Z,,2613.9,2613.90,10,RAMADAN-BUNDLE,paid
328108,1347,2026-07-20T09:41:22Z,,1161.39,1161.39,4,NONE,paid
328117,1362,2026-07-05T07:16:55Z,,4113.34,4113.34,4,WINTER-FLYER,paid
328118,1363,2026-07-21T08:02:14Z,,1550.81,1550.81,6,LUX-R6,paid
328122,1370,2026-07-02T08:20:28Z,,6296.24,6296.24,15,WINTER-FLYER,pending_hold
328124,1373,2026-07-08T08:54:06Z,,6309.07,,9,,shipped
328126,1377,2026-07-27T10:58:17Z,,4924.61,,7,,paid
328128,1380,2026-07-15T09:41:47Z,,1196.26,1196.26,3,RAMADAN-BUNDLE,canceled
328130,1382,2026-07-08T10:51:01Z,,1229.89,,5,WINTER-FLYER,pending_hold
328131,1382,2026-07-26T17:51:41Z,,766.6,,2,,shipped
328139,1394,2026-07-27T10:10:42Z,,2571.12,,3,WINTER-FLYER,paid
328140,1394,2026-07-17T10:47:27Z,,6333.23,,11,RAMADAN-BUNDLE,pending_hold
328142,1394,2026-07-09T08:11:26Z,,6697.5,6697.50,15,RAMADAN-BUNDLE,paid
328150,1405,2026-07-15T10:30:48Z,,2519.23,2519.23,4,,shipped
328158,1413,2026-07-10T10:00:50Z,,1471.16,1471.16,3,NONE,shipped
328162,1418,2026-07-23T07:09:20Z,,6744.54,,10,NONE,paid
328166,1419,2026-07-11T07:59:03Z,,628.66,,6,,paid
328182,1436,2026-07-02T13:45:33Z,,3532.2,3532.20,9,,pending_hold
328188,1443,2026-07-20T10:32:00Z,,3580.11,,10,LUX-R6,shipped
328197,1448,2026-07-04T06:03:40Z,,1935.55,1935.55,3,WINTER-FLYER,pending_hold
328200,1452,2026-07-03T08:33:06Z,,4235.65,4235.65,12,NONE,pending_hold
328207,1460,2026-07-05T11:15:52Z,,1787.69,1787.69,4,NONE,paid
328213,1472,2026-07-14T11:39:51Z,,6022.26,6022.26,14,NONE,paid
328214,1474,2026-07-18T07:57:10Z,,1621.63,1621.63,5,NONE,shipped
328217,1476,2026-07-12T16:23:57Z,,6263.71,,10,LUX-R6,paid
328219,1487,2026-07-17T10:32:50Z,,3335.42,3335.42,2,NONE,paid
328221,1490,2026-07-23T12:26:09Z,,225.37,225.37,2,LUX-R6,paid
328222,1491,2026-07-04T10:51:56Z,,1589.75,1589.75,2,WINTER-FLYER,shipped
328223,1492,2026-07-27T06:37:49Z,,5682.06,,5,,paid
328231,1501,2026-07-22T07:27:02Z,,5399.74,,9,NONE,paid
328232,1501,2026-07-11T14:53:17Z,,3918.59,3918.59,5,,paid
328239,1509,2026-07-21T09:02:19Z,,3571.53,,9,WINTER-FLYER,paid
328240,1510,2026-07-17T12:56:36Z,,5201.56,,9,WINTER-FLYER,canceled
328243,1514,2026-07-26T06:33:36Z,,1936.15,,3,NONE,pending_hold
328245,1515,2026/07/08 11:04,,4007.48,,4,NONE,shipped
328252,1523,2026-07-02T09:37:42Z,,1938.78,,7,,pending_hold
328254,1523,2026-07-15T10:55:42Z,,1376.82,,6,LUX-R6,paid
328255,1524,2026-07-19T09:29:12Z,,6935.0,,10,,paid
328259,1526,2026-07-12T11:32:05Z,,2515.29,,8,WINTER-FLYER,pending_hold
328270,1546,2026-07-17T06:37:11Z,,1417.8,,3,NONE,paid
328273,1548,2026-07-20T09:47:57Z,,3182.92,3182.92,4,RAMADAN-BUNDLE,pending_hold
328274,1548,2026-07-28T14:00:58Z,,6014.85,6014.85,12,RAMADAN-BUNDLE,paid
328288,1557,2026-07-25T08:47:04Z,,1057.74,1057.74,3,NONE,shipped
328296,1568,2026-07-18T10:55:11Z,,2714.15,2714.15,7,WINTER-FLYER,paid
328300,1570,2026/07/25 14:51,,699.88,,2,NONE,paid
328303,1576,2026-07-26T10:26:14Z,,1947.04,,4,RAMADAN-BUNDLE,shipped
328309,1580,2026-07-27T06:20:14Z,,3513.06,3513.06,6,LUX-R6,shipped
328312,1584,2026-07-22T10:04:49Z,,1439.33,,3,RAMADAN-BUNDLE,canceled
328317,1589,2026-07-10T09:50:23Z,,5480.25,,8,LUX-R6,paid
328318,1589,2026-07-28T10:11:37Z,,4364.12,,7,NONE,paid
328320,1592,2026-07-09T12:24:09Z,,6413.46,6413.46,8,NONE,pending_hold
328323,1594,2026-07-28T06:16:40Z,,2053.73,2053.73,7,WINTER-FLYER,paid
328325,1597,2026-07-18T09:08:01Z,,4253.85,,10,NONE,pending_hold
328328,1602,2026-07-25T15:21:37Z,,3753.14,3753.14,7,NONE,shipped
328332,1604,2026-07-06T11:08:02Z,,2211.58,,2,NONE,shipped
328334,1604,2026-07-13T13:49:00Z,,5216.38,5216.38,9,WINTER-FLYER,paid
328335,1606,2026/07/17 15:34,,4819.4,,4,LUX-R6,canceled
328336,1606,2026-07-06T08:11:38Z,,3089.8,,8,WINTER-FLYER,paid
328339,1608,2026-07-27T07:53:10Z,,5938.53,,11,LUX-R6,paid
328351,1636,2026-07-17T10:45:01Z,,5692.44,5692.44,11,LUX-R6,paid
328356,1645,2026-07-23T13:57:32Z,,607.05,,2,,paid
328359,1651,2026-07-10T12:01:28Z,,4195.48,4195.48,6,LUX-R6,shipped
328363,1654,2026/07/01 11:29,,6835.7,6835.70,13,NONE,shipped
328374,1673,2026-07-25T06:12:50Z,,2269.23,,9,RAMADAN-BUNDLE,canceled
328376,1678,2026-07-11T09:37:21Z,,4953.9,4953.90,13,RAMADAN-BUNDLE,paid
328380,1687,2026-07-03T08:25:07Z,,2377.04,2377.04,7,NONE,paid
328382,1691,2026-07-13T08:18:56Z,,2510.3,2510.30,6,NONE,shipped
328391,1702,2026-07-23T11:49:09Z,,4932.37,4932.37,8,NONE,paid
328394,1704,2026-07-20T08:35:58Z,,2659.55,2659.55,7,NONE,shipped
328395,1705,2026/07/13 08:07,,4679.23,4679.23,5,WINTER-FLYER,pending_hold
328397,1708,2026-07-10T09:25:24Z,,3431.9,,9,LUX-R6,paid
328399,1709,2026-07-05T11:54:17Z,,7173.89,,15,NONE,paid
328405,1718,2026-07-25T09:53:56Z,,782.24,782.24,2,NONE,paid
328410,1721,2026-07-28T09:27:23Z,,6199.03,6199.03,10,LUX-R6,paid
328413,1731,2026-07-08T06:37:14Z,,3424.33,3424.33,6,NONE,paid
328414,1731,2026-07-15T13:20:05Z,,2198.04,,7,NONE,paid
328415,1734,2026-07-12T11:48:51Z,,3239.89,3239.89,8,,pending_hold
328417,1734,2026-07-13T06:36:27Z,,1430.4,,4,RAMADAN-BUNDLE,paid
328424,1747,2026-07-07T06:02:03Z,,1163.09,1163.09,3,NONE,canceled
328427,1749,2026-07-01T07:31:28Z,,7386.86,,14,,paid
328431,1751,2026-07-08T09:20:31Z,,3773.17,,8,RAMADAN-BUNDLE,paid
328432,1753,2026-07-02T06:23:31Z,,9309.29,,14,WINTER-FLYER,paid
328434,1755,2026-07-16T10:49:14Z,,7514.4,7514.40,12,NONE,pending_hold
328437,1761,2026-07-14T12:07:28Z,,6773.88,,7,LUX-R6,pending_hold
328439,1763,2026-07-13T15:53:54Z,,2876.79,,7,NONE,shipped
328441,1772,2026-07-21T10:34:11Z,,2027.98,2027.98,2,,pending_hold
328445,1778,2026-07-21T10:01:09Z,,2668.01,,7,NONE,pending_hold
328448,1780,2026-07-11T11:03:51Z,,1062.36,,2,NONE,paid
328452,1782,2026-07-13T08:24:03Z,,1550.4,1550.40,3,LUX-R6,paid
328460,1792,2026-07-08T09:08:14Z,,2422.45,2422.45,5,LUX-R6,paid
328461,1793,2026-07-07T07:02:26Z,,1638.64,,5,NONE,shipped
328467,1800,2026-07-06T06:59:41Z,,2740.9,,5,NONE,pending_hold
328481,1825,2026-07-17T09:34:22Z,,1275.32,,5,NONE,canceled
328482,1825,2026-07-27T14:27:01Z,,6802.13,,15,LUX-R6,paid
328485,1829,2026-07-16T16:07:31Z,,7543.83,7543.83,11,,paid
328492,1837,2026-07-20T17:15:49Z,,4452.37,4452.37,7,NONE,paid
328493,1838,2026-07-09T12:47:02Z,,2380.13,,8,NONE,shipped
328497,1847,2026-07-01T06:36:10Z,,1355.2,1355.20,6,WINTER-FLYER,shipped
328504,1859,2026-07-17T11:23:33Z,,2140.05,,6,RAMADAN-BUNDLE,paid
328505,1862,2026-07-24T13:36:32Z,,2791.39,,4,WINTER-FLYER,pending_hold
328506,1863,2026-07-05T14:59:20Z,,3001.32,,9,WINTER-FLYER,canceled
328507,1864,2026-07-20T13:45:54Z,,5505.77,,6,WINTER-FLYER,pending_hold
328509,1865,2026-07-21T12:54:45Z,,1426.63,,7,,canceled
328510,1866,2026-07-12T07:16:41Z,,1723.91,1723.91,4,LUX-R6,paid
328511,1866,2026/07/26 13:35,,7382.0,,8,NONE,canceled
328512,1868,2026-07-19T13:09:22Z,,324.79,,2,NONE,paid
328514,1874,2026-07-24T11:22:38Z,,2049.56,2049.56,4,LUX-R6,shipped
328515,1875,2026-07-27T11:14:10Z,,2674.28,,6,LUX-R6,pending_hold
328519,1887,2026/07/12 12:45,,4935.72,4935.72,5,LUX-R6,paid
328522,1891,2026-07-28T06:00:17Z,,1173.86,,4,RAMADAN-BUNDLE,shipped
328524,1895,2026-07-21T12:30:34Z,,169.4,,2,,paid
328534,1908,2026-07-20T19:47:31Z,,1697.53,1697.53,3,NONE,canceled
328538,1914,2026-07-23T06:57:21Z,,6080.07,6080.07,13,NONE,paid
328541,1917,2026-07-23T11:46:40Z,,2229.44,2229.44,6,NONE,shipped
328543,1919,2026-07-20T06:18:58Z,,2203.72,,5,WINTER-FLYER,paid
328553,1930,2026/07/17 15:11,,5381.33,,9,RAMADAN-BUNDLE,paid
328557,1932,2026-07-08T06:37:25Z,,4379.08,4379.08,6,LUX-R6,paid
328559,1935,2026-07-26T07:06:33Z,,4169.04,,6,NONE,paid
328560,1935,2026-07-23T08:53:35Z,,6571.1,6571.10,8,WINTER-FLYER,paid
328561,1937,2026/07/09 09:25,,3149.23,3149.23,6,LUX-R6,paid
328567,1944,2026-07-06T10:57:15Z,,4024.87,,7,,pending_hold
328582,1972,2026-07-20T16:01:39Z,,6909.12,,14,WINTER-FLYER,canceled
328587,1979,2026-07-11T09:49:27Z,,6792.5,,7,NONE,shipped
328588,1980,2026-07-17T08:13:02Z,,1505.11,,6,NONE,shipped
328591,1981,2026-07-21T06:37:05Z,,3373.94,,5,WINTER-FLYER,canceled
328602,1991,2026/07/11 12:21,,6135.03,6135.03,8,NONE,paid
328607,1997,2026-07-24T10:30:49Z,,3049.25,,5,WINTER-FLYER,paid
328609,1998,2026/07/20 08:20,,1862.16,1862.16,7,NONE,paid
328611,2000,2026-07-09T14:41:19Z,,4423.57,4423.57,4,NONE,paid
328614,2004,2026-07-12T07:51:24Z,,1228.82,,4,NONE,shipped
328615,2004,2026-07-04T11:04:40Z,,2122.44,2122.44,5,RAMADAN-BUNDLE,paid
328617,2008,2026-07-01T11:02:10Z,,6155.42,,11,LUX-R6,shipped
328628,2037,2026-07-24T10:35:35Z,,6577.33,,15,WINTER-FLYER,paid
328634,2042,2026-07-19T06:06:25Z,,5652.78,,15,NONE,canceled
328635,2045,2026-07-12T09:19:18Z,,2767.92,,7,NONE,paid
328641,2057,2026-07-05T12:47:51Z,,749.3,749.30,2,LUX-R6,shipped
328644,2058,2026-07-13T10:23:48Z,,5452.8,5452.80,11,NONE,pending_hold
328645,2058,2026-07-23T14:40:32Z,,5109.28,,5,,canceled
328647,2065,2026-07-15T13:50:35Z,,3078.45,3078.45,5,LUX-R6,pending_hold
328651,2067,2026-07-26T11:21:40Z,,3430.66,,9,NONE,paid
328654,2073,2026-07-13T13:07:31Z,,2796.66,,8,NONE,shipped
328657,2074,2026-07-04T16:21:43Z,,1324.86,,3,NONE,paid
328666,2091,2026-07-28T09:25:18Z,,5975.04,,14,LUX-R6,paid
328668,2092,2026-07-28T10:28:38Z,,2197.54,2197.54,6,RAMADAN-BUNDLE,pending_hold
328673,2094,2026-07-04T13:53:26Z,,3902.5,3902.50,7,RAMADAN-BUNDLE,pending_hold
328675,2100,2026-07-17T14:07:54Z,,3643.8,3643.80,7,NONE,paid
328676,2103,2026-07-02T11:52:13Z,,3723.93,,7,LUX-R6,paid
328677,2104,2026-07-15T12:26:26Z,,4451.82,,15,WINTER-FLYER,paid
328683,2114,2026-07-24T09:12:36Z,,4629.85,4629.85,8,,paid
328686,2119,2026-07-06T11:44:01Z,,1754.71,,3,LUX-R6,paid
328690,2125,2026-07-21T07:40:38Z,,1892.31,,2,WINTER-FLYER,canceled
328692,2128,2026-07-23T17:40:55Z,,4335.64,,6,RAMADAN-BUNDLE,pending_hold
328693,2132,2026-07-01T12:25:45Z,,1155.25,,4,WINTER-FLYER,paid
328711,2157,2026-07-21T10:55:44Z,,855.36,,3,NONE,paid
328712,2158,2026/07/26 12:05,,2401.58,2401.58,8,LUX-R6,canceled
328714,2158,2026-07-06T10:02:41Z,,3747.41,3747.41,9,RAMADAN-BUNDLE,paid
328716,2166,2026/07/16 17:38,,4075.49,4075.49,7,RAMADAN-BUNDLE,paid
328721,2173,2026-07-17T06:46:04Z,,2535.54,,6,WINTER-FLYER,paid
328724,2175,2026-07-04T10:41:54Z,,1623.45,,2,NONE,paid
328725,2175,2026-07-18T17:25:53Z,,5531.46,,12,,paid
328735,2186,2026-07-23T12:23:33Z,,2886.31,,5,RAMADAN-BUNDLE,paid
328737,2190,2026/07/16 16:47,,2423.34,,11,NONE,pending_hold
328738,2190,2026-07-15T09:44:07Z,,2280.61,2280.61,6,NONE,canceled
328739,2191,2026-07-12T12:08:43Z,,6683.16,6683.16,10,,shipped
328740,2194,2026-07-03T11:23:32Z,,1272.82,1272.82,5,WINTER-FLYER,pending_hold
328742,2199,2026/07/27 13:43,,1404.43,1404.43,5,WINTER-FLYER,shipped
328743,2199,2026/07/14 09:40,,1305.69,,4,WINTER-FLYER,paid
328751,2204,2026-07-24T07:44:20Z,,4844.46,,11,NONE,paid
328757,2211,2026-07-25T08:34:18Z,,3145.19,3145.19,8,RAMADAN-BUNDLE,canceled
328759,2211,2026-07-23T10:44:32Z,,4865.01,4865.01,9,WINTER-FLYER,pending_hold
328763,2219,2026-07-05T12:32:07Z,,4299.22,,10,,pending_hold
328765,2220,2026-07-06T07:48:38Z,,2530.08,,8,NONE,pending_hold
328766,2222,2026/07/24 15:15,,2392.61,,10,RAMADAN-BUNDLE,paid
328772,2230,2026-07-19T15:05:15Z,,715.65,,3,NONE,shipped
328775,2230,2026-07-25T15:18:34Z,,3682.59,,6,WINTER-FLYER,pending_hold
328776,2232,2026-07-06T08:21:22Z,,4500.71,4500.71,10,NONE,shipped
328783,2236,2026-07-08T07:43:17Z,,1292.2,,2,RAMADAN-BUNDLE,shipped
328787,2244,2026-07-24T11:30:24Z,,3810.67,,9,NONE,shipped
328790,2246,2026-07-05T10:56:38Z,,6756.99,6756.99,11,NONE,shipped
328793,2247,2026-07-13T15:51:19Z,,3172.99,3172.99,2,NONE,canceled
328794,2249,2026-07-22T08:59:06Z,,3297.86,,5,,canceled
328795,2249,2026-07-18T14:18:31Z,,1974.64,,4,LUX-R6,paid
328800,2253,2026-07-23T06:47:04Z,,4734.28,,7,WINTER-FLYER,paid
328804,2256,2026-07-12T10:43:31Z,,3653.36,3653.36,8,NONE,paid
328810,2265,2026-07-21T11:35:36Z,,1173.96,1173.96,6,,pending_hold
328811,2270,2026-07-15T12:20:17Z,,6499.76,6499.76,13,LUX-R6,canceled
328816,2273,2026-07-19T11:30:15Z,,2272.11,2272.11,4,RAMADAN-BUNDLE,canceled
328817,2275,2026-07-28T15:00:16Z,,2464.0,,6,,canceled
328823,2277,2026-07-13T11:16:24Z,,2088.53,,6,NONE,pending_hold
328826,2282,2026-07-21T12:55:42Z,,5747.15,,8,,paid
328827,2283,2026-07-08T06:54:37Z,,3275.42,3275.42,7,RAMADAN-BUNDLE,canceled
328830,2286,2026-07-28T08:24:45Z,,8222.69,,15,NONE,paid
328836,2294,2026-07-16T08:27:24Z,,2428.82,,9,,shipped
328840,2300,2026-07-22T06:54:14Z,,4045.47,,7,RAMADAN-BUNDLE,canceled
328841,2307,2026-07-07T14:59:21Z,,1692.72,,5,,shipped
328847,2312,2026-07-28T13:22:21Z,,4487.1,,7,WINTER-FLYER,paid
328854,2319,2026-07-07T13:39:23Z,,1449.34,1449.34,4,NONE,paid
328857,2324,2026/07/03 08:27,,1167.36,,3,NONE,canceled
328860,2328,2026-07-15T07:43:44Z,,4534.84,,7,,paid
328861,2328,2026-07-28T09:47:22Z,,5684.51,5684.51,9,RAMADAN-BUNDLE,paid
328863,2329,2026-07-10T10:25:22Z,,2026.32,,5,WINTER-FLYER,paid
328864,2330,2026-07-10T06:47:07Z,,6127.73,,12,NONE,shipped
328866,2330,2026-07-05T07:41:49Z,,2381.81,,7,NONE,pending_hold
328871,2341,2026-07-08T09:16:13Z,,854.05,854.05,5,,paid
328872,2346,2026-07-06T13:53:23Z,,8413.58,8413.58,15,NONE,paid
328879,2360,2026-07-26T08:29:56Z,,2538.16,2538.16,7,,pending_hold
328883,2364,2026/07/17 13:06,,1571.01,1571.01,6,NONE,paid
328884,2364,2026-07-28T06:48:28Z,,1032.66,1032.66,2,LUX-R6,pending_hold
328885,2364,2026-07-27T06:25:33Z,,2043.3,2043.30,6,,canceled
328886,2365,2026-07-02T14:47:39Z,,5134.03,5134.03,7,NONE,canceled
328887,2365,2026-07-21T14:47:03Z,,1358.62,,4,NONE,pending_hold
328888,2365,2026-07-07T06:24:31Z,,1683.84,1683.84,4,WINTER-FLYER,paid
328897,2378,2026-07-04T10:30:08Z,,3615.12,3615.12,7,RAMADAN-BUNDLE,paid
328898,2380,2026-07-15T09:30:02Z,,2850.91,,3,,pending_hold
328900,2383,2026-07-06T06:08:22Z,,2297.02,2297.02,5,,paid
328904,2392,2026-07-23T14:12:06Z,,2094.44,2094.44,6,,paid
328907,2394,2026-07-09T11:16:54Z,,3139.42,,4,LUX-R6,paid
328908,2396,2026-07-01T10:45:06Z,,2639.45,2639.45,9,LUX-R6,paid
328910,2398,2026-07-28T10:32:40Z,,5658.43,,12,NONE,shipped
328920,2405,2026-07-25T10:05:46Z,,3950.47,,7,RAMADAN-BUNDLE,pending_hold
328921,2407,2026-07-09T12:34:14Z,,3260.07,,8,WINTER-FLYER,paid
328928,2413,2026-07-08T06:39:14Z,,2348.2,2348.20,3,WINTER-FLYER,paid
328937,2426,2026-07-25T09:46:24Z,,3939.09,,8,LUX-R6,pending_hold
328939,2426,2026-07-23T06:20:38Z,,4262.0,4262.00,12,,paid
328941,2427,2026-07-02T06:11:51Z,,2897.08,,7,NONE,pending_hold
328942,2428,2026/07/25 08:00,,996.84,,5,NONE,paid
328946,2428,2026/07/26 18:55,,3437.56,,8,RAMADAN-BUNDLE,pending_hold
328947,2430,2026-07-22T15:46:40Z,,2910.01,,5,NONE,paid
328948,2430,2026-07-25T19:54:22Z,,2078.59,,7,WINTER-FLYER,canceled
328950,2430,2026/07/06 17:32,,3885.98,,7,NONE,canceled
328951,2430,2026-07-15T09:17:44Z,,6910.31,6910.31,10,NONE,paid
328957,2439,2026-07-16T11:06:25Z,,4211.38,4211.38,6,NONE,paid
328958,2440,2026-07-13T13:14:28Z,,2632.55,,6,WINTER-FLYER,paid
328960,2442,2026-07-19T06:27:38Z,,1850.49,1850.49,5,RAMADAN-BUNDLE,canceled
328962,2442,2026-07-10T10:05:16Z,,2022.54,,5,NONE,paid
328966,2447,2026-07-26T08:55:04Z,,5638.72,,11,NONE,shipped
328973,2458,2026/07/25 16:24,,2033.34,2033.34,8,NONE,pending_hold
328974,2460,2026-07-21T10:13:55Z,,5167.43,5167.43,8,NONE,paid
328975,2462,2026-07-05T16:55:45Z,,2837.25,,3,RAMADAN-BUNDLE,pending_hold
328979,2464,2026-07-22T13:43:28Z,,5368.13,,6,RAMADAN-BUNDLE,canceled
328981,2465,2026/07/05 08:15,,1427.14,1427.14,5,LUX-R6,pending_hold
328987,2474,2026-07-25T09:42:26Z,,2992.42,,7,RAMADAN-BUNDLE,shipped
328989,2481,2026-07-25T12:11:33Z,,3035.35,,8,RAMADAN-BUNDLE,pending_hold
328991,2482,2026-07-05T07:54:08Z,,3759.76,,4,RAMADAN-BUNDLE,shipped
329002,2510,2026/07/21 17:51,,7752.12,,12,NONE,paid
329003,2512,2026-07-23T11:16:05Z,,4916.31,4916.31,7,LUX-R6,shipped
329004,2512,2026-07-05T07:49:01Z,,1858.75,,7,NONE,paid
329016,2531,2026-07-22T12:48:00Z,,2917.62,2917.62,6,NONE,paid
329024,2539,2026-07-12T06:06:37Z,,2437.91,,7,NONE,paid
329029,2547,2026-07-07T10:45:42Z,,4613.45,4613.45,10,LUX-R6,paid
329031,2550,2026-07-28T13:05:45Z,,3054.89,3054.89,7,LUX-R6,shipped
329032,2550,2026-07-15T07:43:19Z,,5389.88,,8,NONE,pending_hold
329036,2554,2026-07-12T08:41:55Z,,4010.22,4010.22,5,NONE,paid
329039,2558,2026-07-14T10:48:23Z,,1867.17,1867.17,3,,pending_hold
329042,2560,2026-07-01T10:08:19Z,,7900.85,7900.85,13,NONE,paid
329045,2566,2026-07-02T10:40:45Z,,1574.74,1574.74,2,WINTER-FLYER,paid
329046,2569,2026-07-13T09:41:34Z,,671.44,,5,,pending_hold
329047,2572,2026-07-22T10:32:38Z,,1424.36,,3,NONE,pending_hold
329049,2573,2026-07-04T06:55:44Z,,6543.15,,12,NONE,canceled
329050,2575,2026-07-26T06:01:08Z,,4984.7,,8,,paid
329058,2582,2026-07-27T09:28:48Z,,1931.41,,7,RAMADAN-BUNDLE,pending_hold
329060,2584,2026-07-12T09:44:29Z,,3819.97,,8,NONE,paid
329061,2584,2026-07-16T06:08:29Z,,7172.82,7172.82,13,,paid
329067,2593,2026-07-23T10:06:31Z,,3266.88,3266.88,7,,pending_hold
329068,2593,2026-07-19T10:21:23Z,,2169.13,,5,NONE,canceled
329073,2603,2026-07-26T11:06:17Z,,1590.81,,6,NONE,pending_hold
329078,2604,2026-07-17T10:58:28Z,,5424.76,5424.76,7,NONE,paid
329082,2605,2026-07-06T12:38:06Z,,3460.89,3460.89,7,RAMADAN-BUNDLE,shipped
329085,2607,2026-07-02T15:46:57Z,,974.46,,3,RAMADAN-BUNDLE,shipped
329087,2607,2026-07-13T12:33:32Z,,5255.77,5255.77,11,NONE,paid
329090,2609,2026-07-13T10:15:51Z,,4025.83,4025.83,12,NONE,paid
329092,2611,2026-07-24T08:50:17Z,,2191.07,,5,NONE,canceled
329093,2611,2026-07-02T12:59:26Z,,2396.6,,4,WINTER-FLYER,paid
329094,2613,2026-07-18T11:02:15Z,,3594.14,3594.14,4,RAMADAN-BUNDLE,pending_hold
329095,2618,2026-07-19T09:01:13Z,,5441.6,5441.60,4,NONE,paid
329097,2620,2026-07-25T13:38:22Z,,3947.06,3947.06,4,LUX-R6,pending_hold
329101,2627,2026-07-27T12:15:43Z,,2745.82,2745.82,4,,paid
329102,2628,2026-07-24T12:30:38Z,,3378.77,,8,WINTER-FLYER,canceled
329103,2629,2026-07-19T11:40:22Z,,1526.9,,5,NONE,pending_hold
329108,2633,2026-07-01T12:34:15Z,,2475.51,,6,WINTER-FLYER,paid
329111,2639,2026-07-19T09:02:55Z,,3084.34,,10,RAMADAN-BUNDLE,pending_hold
329114,2639,2026-07-21T08:32:45Z,,5613.87,5613.87,8,RAMADAN-BUNDLE,pending_hold
329115,2643,2026-07-24T08:21:57Z,,3097.44,3097.44,7,WINTER-FLYER,shipped
329117,2643,2026-07-26T07:57:53Z,,3407.04,3407.04,2,RAMADAN-BUNDLE,pending_hold
329128,2663,2026-07-19T06:22:09Z,,2197.36,2197.36,5,,shipped
329129,2665,2026-07-04T08:37:46Z,,2083.47,,7,NONE,paid
329130,2665,2026-07-18T10:10:22Z,,4577.64,4577.64,8,RAMADAN-BUNDLE,canceled
329132,2667,2026-07-01T12:28:58Z,,3861.71,,10,NONE,paid
329139,2675,2026-07-26T13:24:17Z,,657.36,,4,NONE,canceled
329144,2677,2026-07-11T10:38:05Z,,4486.39,,5,RAMADAN-BUNDLE,canceled
329148,2680,2026-07-19T16:54:53Z,,513.32,,3,,pending_hold
329151,2689,2026-07-05T08:19:36Z,,850.74,,7,NONE,shipped
329152,2691,2026-07-19T08:43:43Z,,128.46,,2,,shipped
329155,2691,2026-07-28T10:06:11Z,,2679.54,,5,NONE,canceled
329156,2692,2026-07-10T07:36:01Z,,2115.84,2115.84,7,WINTER-FLYER,paid
329166,2699,2026-07-17T13:46:50Z,,1973.46,,7,LUX-R6,shipped
329171,2703,2026-07-12T16:59:07Z,,4494.54,4494.54,11,RAMADAN-BUNDLE,paid
329173,2710,2026-07-17T17:29:04Z,,5974.15,,12,RAMADAN-BUNDLE,paid
329178,2712,2026-07-19T12:41:36Z,,4937.92,,12,NONE,paid
329182,2719,2026-07-23T11:04:12Z,,2093.15,,7,NONE,paid
329183,2719,2026-07-26T11:38:06Z,,3747.01,3747.01,8,NONE,canceled
329185,2726,2026/07/03 14:01,,3145.84,,9,LUX-R6,paid
329189,2731,2026/07/22 12:05,,3413.43,,7,NONE,paid
329190,2733,2026-07-13T10:43:25Z,,2528.49,2528.49,3,RAMADAN-BUNDLE,paid
329192,2733,2026-07-11T14:47:35Z,,2693.89,2693.89,5,RAMADAN-BUNDLE,paid
329194,2736,2026-07-02T09:37:06Z,,2129.01,2129.01,8,RAMADAN-BUNDLE,paid
329195,2737,2026-07-12T06:20:15Z,,2832.12,,8,RAMADAN-BUNDLE,shipped
329199,2741,2026-07-02T12:19:42Z,,4080.22,,5,WINTER-FLYER,canceled
329200,2741,2026-07-19T09:38:57Z,,3299.37,,7,,paid
329201,2748,2026-07-07T09:03:24Z,,2570.64,,4,LUX-R6,paid
329202,2750,2026-07-18T09:15:39Z,,5768.78,5768.78,13,RAMADAN-BUNDLE,paid
329206,2754,2026-07-07T13:27:37Z,,3845.65,,7,NONE,pending_hold
329217,2761,2026-07-12T11:41:32Z,,4047.97,,9,NONE,paid
329220,2764,2026-07-18T17:38:43Z,,243.67,,2,,paid
329222,2765,2026-07-18T14:43:34Z,,4761.2,,8,RAMADAN-BUNDLE,paid
329223,2765,2026-07-27T07:13:52Z,,3588.49,3588.49,7,NONE,shipped
329234,2777,2026-07-28T10:46:10Z,,8178.57,8178.57,14,LUX-R6,shipped
329237,2781,2026-07-02T06:12:53Z,,4351.57,,7,LUX-R6,paid
329250,2804,2026-07-11T10:12:08Z,,4320.96,,11,RAMADAN-BUNDLE,shipped
329251,2805,2026-07-14T14:06:51Z,,2509.38,,2,WINTER-FLYER,pending_hold
329253,2806,2026-07-19T09:27:54Z,,2094.01,2094.01,4,NONE,paid
329258,2809,2026-07-16T11:04:44Z,,5784.06,5784.06,6,RAMADAN-BUNDLE,shipped
329259,2809,2026-07-10T16:22:42Z,,5000.39,5000.39,11,WINTER-FLYER,paid
329260,2810,2026-07-03T10:43:34Z,,3953.66,3953.66,7,NONE,paid
329264,2812,2026-07-24T13:01:37Z,,8730.99,,11,WINTER-FLYER,paid
329266,2814,2026-07-25T15:44:31Z,,5986.57,,10,NONE,shipped
329268,2818,2026-07-24T10:58:19Z,,3584.79,,5,NONE,shipped
329291,1019,2026-08-09T09:01:06Z,,4869.52,,12,WINTER-FLYER,paid
329292,1019,2026-08-24T07:20:22Z,,6943.51,,7,LUX-R6,paid
329295,1022,2026-08-06T06:41:03Z,,7459.54,7459.54,11,NONE,paid
329297,1027,2026-08-26T07:13:31Z,,4313.94,4313.94,12,,pending_hold
329300,1034,2026-08-01T08:37:22Z,,862.49,,2,LUX-R6,shipped
329307,1048,2026-08-15T08:40:30Z,,1649.55,,2,,pending_hold
329309,1049,2026-08-11T12:51:10Z,,4807.15,,11,,paid
329313,1049,2026-08-25T07:30:20Z,,1336.88,,3,NONE,canceled
329319,1066,2026-08-14T08:12:29Z,,5004.61,,7,NONE,paid
329322,1073,2026-08-08T12:12:26Z,,1279.88,1279.88,3,,canceled
329326,1083,2026-08-16T10:19:53Z,,4256.95,,7,LUX-R6,paid
329329,1086,2026-08-12T07:56:14Z,,5985.69,,10,LUX-R6,paid
329350,1109,2026-08-09T14:34:00Z,,3690.34,3690.34,8,LUX-R6,shipped
329352,1109,2026-08-05T06:33:34Z,,5376.87,,5,WINTER-FLYER,paid
329356,1116,2026-08-10T08:27:53Z,,2128.65,2128.65,7,WINTER-FLYER,paid
329363,1131,2026-08-21T06:38:22Z,,3003.47,,9,NONE,canceled
329364,1134,2026-08-09T09:42:54Z,,1384.54,1384.54,6,LUX-R6,canceled
329372,1136,2026-08-02T11:00:09Z,,3447.08,,7,WINTER-FLYER,pending_hold
329373,1137,2026-08-19T06:52:14Z,,1272.63,1272.63,4,WINTER-FLYER,shipped
329376,1141,2026-08-05T06:04:27Z,,1148.07,,3,RAMADAN-BUNDLE,shipped
329377,1142,2026-08-02T09:24:09Z,,1238.71,,6,RAMADAN-BUNDLE,pending_hold
329391,1159,2026-08-28T08:47:33Z,,3307.66,3307.66,5,RAMADAN-BUNDLE,paid
329399,1166,2026-08-09T12:58:29Z,,1743.52,,7,NONE,shipped
329409,1174,2026-08-23T11:32:50Z,,4922.12,4922.12,6,LUX-R6,canceled
329410,1175,2026-08-24T10:27:26Z,,4133.58,,6,NONE,canceled
329411,1175,2026-08-08T09:44:50Z,,7427.59,,12,RAMADAN-BUNDLE,paid
329413,1180,2026-08-10T07:29:31Z,,3594.82,,10,LUX-R6,canceled
329414,1180,2026-08-13T14:20:01Z,,2215.96,,5,NONE,paid
329417,1181,2026-08-16T07:09:19Z,,544.88,544.88,2,RAMADAN-BUNDLE,canceled
329419,1182,2026-08-02T06:20:08Z,,5112.37,,11,LUX-R6,paid
329420,1183,2026-08-28T10:31:28Z,,801.5,801.50,6,RAMADAN-BUNDLE,paid
329421,1183,2026-08-01T10:51:16Z,,2361.77,,3,,paid
329422,1184,2026-08-06T13:14:30Z,,1115.53,,4,,canceled
329423,1190,2026-08-15T07:09:33Z,,3160.92,,5,NONE,paid
329426,1194,2026-08-18T11:34:58Z,,4319.05,,12,RAMADAN-BUNDLE,paid
329428,1198,2026-08-01T09:04:29Z,,4122.25,4122.25,6,LUX-R6,paid
329440,1205,2026-08-11T06:08:39Z,,5516.49,,8,LUX-R6,paid
329449,1215,2026-08-01T14:02:37Z,,3490.1,,6,NONE,pending_hold
329451,1218,2026-08-01T07:46:52Z,,3589.9,3589.90,6,NONE,canceled
329455,1224,2026-08-09T08:04:20Z,,1730.47,1730.47,3,WINTER-FLYER,shipped
329457,1226,2026-08-05T08:21:30Z,,5876.15,5876.15,7,RAMADAN-BUNDLE,paid
329465,1233,2026-08-19T09:15:41Z,,4623.58,,10,NONE,canceled
329467,1239,2026-08-12T09:44:28Z,,5381.06,,7,WINTER-FLYER,paid
329469,1243,2026-08-16T06:07:02Z,,3163.19,3163.19,10,NONE,paid
329471,1245,2026/08/03 12:19,,8821.13,,13,NONE,canceled
329473,1254,2026-08-10T10:30:33Z,,1087.33,1087.33,3,,canceled
329477,1259,2026-08-11T12:53:44Z,,1644.43,,5,NONE,paid
329478,1260,2026-08-20T09:26:07Z,,1975.65,1975.65,7,,shipped
329481,1262,2026-08-08T08:36:20Z,,3053.75,3053.75,8,WINTER-FLYER,paid
329486,1262,2026-08-16T13:31:42Z,,5043.78,,6,NONE,canceled
329493,1278,2026-08-08T12:30:13Z,,1131.83,,6,WINTER-FLYER,paid
329495,1280,2026-08-04T10:43:47Z,,6871.09,,12,LUX-R6,paid
329498,1282,2026-08-19T13:46:32Z,,1889.39,,5,WINTER-FLYER,canceled
329501,1284,2026-08-11T14:41:53Z,,6983.53,,10,LUX-R6,pending_hold
329504,1291,2026-08-21T10:44:18Z,,2976.65,2976.65,7,NONE,canceled
329505,1295,2026-08-18T10:38:42Z,,2246.04,2246.04,5,NONE,pending_hold
329523,1310,2026-08-12T06:11:14Z,,7365.54,7365.54,11,WINTER-FLYER,canceled
329524,1311,2026-08-06T10:02:13Z,,5053.65,5053.65,10,RAMADAN-BUNDLE,paid
329529,1314,2026-08-04T12:02:24Z,,2840.76,2840.76,4,,paid
329531,1315,2026-08-03T07:41:25Z,,2370.75,,6,NONE,canceled
329532,1318,2026-08-10T09:58:09Z,,937.97,937.97,2,,paid
329534,1324,2026-08-11T08:57:16Z,,8624.76,,15,WINTER-FLYER,paid
329538,1327,2026-08-04T10:52:33Z,,2609.06,2609.06,4,WINTER-FLYER,paid
329540,1328,2026-08-08T12:00:20Z,,1648.04,,5,,paid
329546,1330,2026-08-14T11:38:24Z,,1856.32,1856.32,5,RAMADAN-BUNDLE,paid
329548,1333,2026-08-04T13:22:36Z,,601.33,,2,WINTER-FLYER,paid
329552,1339,2026-08-08T15:05:31Z,,5823.87,5823.87,9,WINTER-FLYER,paid
329554,1341,2026-08-07T08:53:00Z,,1794.09,,3,RAMADAN-BUNDLE,canceled
329560,1346,2026-08-28T07:50:38Z,,2739.09,2739.09,6,WINTER-FLYER,paid
329561,1347,2026-08-28T13:02:43Z,,6951.21,6951.21,12,,pending_hold
329562,1347,2026/08/28 16:22,,5347.82,,7,,paid
329565,1354,2026-08-28T13:21:29Z,,2675.06,,8,LUX-R6,pending_hold
329573,1360,2026-08-03T15:54:51Z,,3917.58,,5,,pending_hold
329574,1360,2026-08-15T13:25:01Z,,4273.87,,8,RAMADAN-BUNDLE,paid
329575,1360,2026-08-07T10:18:50Z,,5225.09,,7,NONE,paid
329582,1367,2026-08-21T10:17:48Z,,887.22,887.22,2,,paid
329583,1367,2026-08-26T12:04:36Z,,3191.71,,9,RAMADAN-BUNDLE,shipped
329584,1372,2026-08-22T10:17:44Z,,6059.15,,12,LUX-R6,paid
329591,1382,2026-08-22T12:06:11Z,,7316.44,,10,LUX-R6,shipped
329592,1384,2026-08-07T12:29:28Z,,2859.92,,6,,paid
329596,1390,2026-08-17T12:19:14Z,,10484.71,,8,LUX-R6,canceled
329597,1391,2026-08-03T08:40:39Z,,5886.81,,13,,shipped
329600,1394,2026-08-22T09:31:19Z,,1172.17,1172.17,2,NONE,pending_hold
329602,1394,2026-08-08T12:01:14Z,,3548.2,,11,WINTER-FLYER,pending_hold
329610,1407,2026-08-07T13:26:20Z,,1935.3,,2,NONE,paid
329614,1409,2026-08-17T13:55:00Z,,4656.07,,11,NONE,shipped
329616,1413,2026-08-12T12:44:52Z,,884.46,884.46,3,,paid
329617,1413,2026-08-04T10:15:54Z,,6035.1,6035.10,12,,paid
329621,1418,2026-08-24T06:17:51Z,,4016.91,,6,LUX-R6,shipped
329622,1418,2026-08-23T12:40:29Z,,1544.93,1544.93,6,LUX-R6,paid
329624,1420,2026-08-15T07:30:10Z,,6034.07,,7,NONE,shipped
329626,1421,2026-08-17T08:39:44Z,,1426.99,1426.99,4,NONE,paid
329627,1422,2026-08-08T11:33:08Z,,4912.29,,8,LUX-R6,paid
329639,1441,2026-08-19T06:14:16Z,,1893.32,1893.32,4,WINTER-FLYER,paid
329650,1454,2026-08-09T08:01:24Z,,2698.92,2698.92,4,WINTER-FLYER,shipped
329651,1456,2026-08-17T08:25:40Z,,2469.77,,6,RAMADAN-BUNDLE,paid
329652,1457,2026-08-11T14:06:24Z,,3214.53,3214.53,6,,pending_hold
329655,1459,2026-08-18T12:39:52Z,,2379.12,2379.12,8,,canceled
329667,1471,2026-08-08T08:48:38Z,,3467.28,3467.28,6,RAMADAN-BUNDLE,shipped
329680,1493,2026-08-06T13:39:09Z,,1750.25,,6,WINTER-FLYER,canceled
329682,1493,2026-08-13T14:13:35Z,,2229.62,2229.62,6,RAMADAN-BUNDLE,canceled
329687,1501,2026/08/24 08:54,,2773.08,2773.08,7,RAMADAN-BUNDLE,paid
329688,1501,2026-08-14T13:43:16Z,,3402.68,,12,NONE,pending_hold
329689,1503,2026-08-08T08:18:36Z,,2991.36,2991.36,4,NONE,paid
329691,1505,2026-08-20T10:39:19Z,,2474.7,,4,RAMADAN-BUNDLE,paid
329695,1509,2026-08-10T13:29:21Z,,3102.33,,5,NONE,paid
329702,1514,2026-08-02T11:00:11Z,,451.16,,4,,paid
329709,1522,2026-08-22T06:31:16Z,,5135.25,,8,NONE,paid
329711,1523,2026-08-07T10:15:47Z,,3912.74,3912.74,15,,pending_hold
329712,1523,2026-08-14T07:51:13Z,,2581.42,2581.42,5,LUX-R6,paid
329713,1524,2026-08-01T09:12:29Z,,3031.84,3031.84,7,LUX-R6,paid
329725,1548,2026-08-10T12:30:32Z,,4159.33,,5,RAMADAN-BUNDLE,canceled
329726,1548,2026-08-24T15:18:13Z,,6168.42,,10,LUX-R6,paid
329729,1550,2026-08-27T12:25:17Z,,2522.87,,5,NONE,paid
329742,1572,2026/08/15 13:36,,2204.18,,4,WINTER-FLYER,paid
329746,1573,2026-08-19T09:18:19Z,,436.49,436.49,3,NONE,shipped
329748,1578,2026-08-05T09:48:37Z,,7464.96,,12,NONE,pending_hold
329749,1580,2026-08-21T06:57:57Z,,6915.91,6915.91,9,,paid
329759,1595,2026-08-10T06:38:56Z,,7549.12,7549.12,8,RAMADAN-BUNDLE,paid
329778,1608,2026-08-09T08:45:31Z,,5559.4,,10,,canceled
329783,1612,2026-08-01T13:55:26Z,,4529.51,,11,LUX-R6,paid
329786,1620,2026-08-21T09:25:54Z,,1217.49,,4,NONE,paid
329787,1626,2026-08-02T14:07:51Z,,1044.48,,6,WINTER-FLYER,pending_hold
329790,1629,2026-08-10T14:17:11Z,,671.54,,4,LUX-R6,shipped
329792,1632,2026-08-04T11:36:47Z,,1926.86,1926.86,2,LUX-R6,canceled
329793,1633,2026-08-11T06:56:43Z,,1162.66,1162.66,3,RAMADAN-BUNDLE,paid
329794,1635,2026-08-13T08:53:37Z,,2815.03,2815.03,9,WINTER-FLYER,paid
329799,1639,2026-08-08T12:28:35Z,,566.03,,3,WINTER-FLYER,paid
329803,1647,2026-08-20T11:49:52Z,,1145.11,,3,RAMADAN-BUNDLE,paid
329804,1647,2026-08-27T13:25:12Z,,3209.7,,10,RAMADAN-BUNDLE,paid
329805,1648,2026-08-10T06:24:00Z,,2445.55,,6,LUX-R6,paid
329806,1648,2026-08-02T12:03:03Z,,2708.57,2708.57,6,WINTER-FLYER,shipped
329811,1652,2026-08-13T11:29:33Z,,4800.65,,15,,shipped
329814,1654,2026-08-11T15:41:02Z,,2717.8,,7,WINTER-FLYER,canceled
329816,1662,2026-08-26T09:05:41Z,,3886.32,3886.32,8,NONE,shipped
329817,1669,2026-08-16T08:14:33Z,,4179.75,4179.75,4,NONE,paid
329820,1669,2026-08-02T10:10:24Z,,6306.78,,10,LUX-R6,paid
329829,1675,2026-08-28T12:08:57Z,,1184.24,,3,NONE,paid
329830,1676,2026-08-21T07:13:59Z,,4817.95,4817.95,5,,paid
329831,1676,2026-08-25T09:58:21Z,,1924.09,1924.09,3,,paid
329832,1678,2026-08-12T12:56:06Z,,1954.73,1954.73,6,NONE,paid
329836,1682,2026-08-23T10:12:51Z,,1540.92,,5,,canceled
329839,1685,2026-08-10T09:27:17Z,,1941.96,,4,NONE,paid
329847,1693,2026-08-08T12:56:53Z,,4016.14,,7,LUX-R6,canceled
329849,1697,2026-08-27T15:32:12Z,,2861.25,,6,NONE,paid
329850,1699,2026-08-26T12:32:23Z,,2396.0,2396.00,7,,pending_hold
329851,1700,2026-08-16T14:00:22Z,,3099.66,,6,NONE,paid
329853,1703,2026-08-01T11:04:45Z,,5164.3,,8,WINTER-FLYER,shipped
329856,1706,2026-08-27T13:01:52Z,,1233.0,1233.00,4,WINTER-FLYER,canceled
329857,1706,2026/08/26 08:30,,1301.08,,3,LUX-R6,paid
329868,1728,2026-08-25T11:57:55Z,,10678.39,10678.39,12,NONE,shipped
329871,1729,2026-08-16T18:51:40Z,,665.45,665.45,4,,canceled
329872,1731,2026-08-28T10:15:31Z,,460.08,460.08,3,RAMADAN-BUNDLE,pending_hold
329874,1731,2026-08-03T10:37:30Z,,10245.06,,11,,paid
329877,1737,2026-08-01T10:36:22Z,,2380.03,,6,RAMADAN-BUNDLE,pending_hold
329886,1748,2026-08-13T08:47:38Z,,1255.17,,2,NONE,canceled
329887,1750,2026-08-24T10:14:36Z,,4079.73,4079.73,7,,paid
329892,1757,2026-08-09T08:17:14Z,,977.7,977.70,3,NONE,pending_hold
329893,1759,2026-08-01T15:15:42Z,,3458.39,3458.39,9,NONE,paid
329896,1762,2026-08-20T13:16:18Z,,3837.84,,10,,shipped
329900,1767,2026-08-25T10:13:47Z,,3089.74,,6,LUX-R6,shipped
329902,1770,2026/08/03 13:11,,2322.6,2322.60,4,NONE,pending_hold
329905,1776,2026-08-27T08:16:34Z,,7160.04,,9,,paid
329908,1780,2026-08-26T14:09:24Z,,1894.82,1894.82,5,LUX-R6,pending_hold
329912,1782,2026/08/10 18:07,,2302.66,2302.66,4,,shipped
329913,1784,2026/08/02 13:11,,2679.38,,4,RAMADAN-BUNDLE,pending_hold
329915,1784,2026-08-02T07:20:19Z,,4440.64,4440.64,7,LUX-R6,paid
329921,1794,2026-08-08T11:15:45Z,,4697.96,,8,WINTER-FLYER,shipped
329928,1804,2026-08-18T10:12:08Z,,7678.07,7678.07,10,LUX-R6,shipped
329930,1810,2026-08-21T14:33:03Z,,3737.37,3737.37,10,NONE,paid
329931,1810,2026-08-24T06:23:39Z,,6003.14,,11,RAMADAN-BUNDLE,paid
329932,1811,2026-08-07T10:35:36Z,,3283.19,,8,LUX-R6,shipped
329934,1814,2026-08-07T10:13:16Z,,2132.9,2132.90,3,,pending_hold
329936,1814,2026-08-01T11:39:08Z,,1569.28,1569.28,7,RAMADAN-BUNDLE,pending_hold
329939,1823,2026-08-15T09:23:22Z,,4186.48,4186.48,14,LUX-R6,paid
329940,1825,2026-08-28T13:47:20Z,,1104.27,,3,RAMADAN-BUNDLE,canceled
329951,1847,2026-08-21T06:11:28Z,,7779.68,7779.68,8,NONE,paid
329955,1854,2026-08-14T10:48:59Z,,3745.03,,7,NONE,canceled
329964,1866,2026-08-05T09:13:54Z,,3490.78,,13,RAMADAN-BUNDLE,paid
329969,1868,2026-08-02T09:30:23Z,,2871.6,2871.60,6,WINTER-FLYER,pending_hold
329971,1871,2026-08-16T12:35:45Z,,4348.55,,15,RAMADAN-BUNDLE,paid
329973,1871,2026-08-11T11:09:24Z,,2675.18,,8,LUX-R6,paid
329994,1897,2026-08-16T13:21:12Z,,3050.94,3050.94,11,NONE,paid
329995,1897,2026-08-10T06:12:56Z,,8449.24,8449.24,10,NONE,paid
329996,1904,2026-08-23T09:21:20Z,,6694.72,6694.72,10,RAMADAN-BUNDLE,canceled
329998,1906,2026-08-22T16:32:09Z,,5322.65,5322.65,7,NONE,pending_hold
329999,1908,2026-08-20T10:48:53Z,,1521.16,,3,RAMADAN-BUNDLE,paid
330000,1911,2026/08/22 13:42,,1869.29,,8,NONE,canceled
330002,1912,2026-08-12T09:26:04Z,,3653.71,,7,LUX-R6,paid
330005,1914,2026-08-28T08:19:22Z,,2540.61,,5,NONE,pending_hold
330011,1923,2026-08-09T10:03:08Z,,1269.9,1269.90,6,NONE,canceled
330013,1925,2026/08/07 10:24,,6824.32,6824.32,8,,paid
330014,1925,2026-08-15T06:23:06Z,,5096.84,,11,NONE,pending_hold
330016,1927,2026-08-09T09:41:03Z,,3868.75,,10,WINTER-FLYER,paid
330017,1929,2026/08/23 08:26,,5131.36,5131.36,8,LUX-R6,pending_hold
330018,1929,2026-08-21T10:30:33Z,,4027.02,4027.02,9,,paid
330021,1931,2026-08-22T09:40:47Z,,3774.87,,5,LUX-R6,paid
330025,1934,2026/08/03 13:06,,1352.87,,3,,paid
330029,1940,2026-08-11T11:50:56Z,,4177.88,4177.88,7,NONE,paid
330032,1944,2026-08-08T10:03:48Z,,2234.71,2234.71,3,,canceled
330037,1947,2026-08-17T12:38:51Z,,4197.57,,6,,paid
330039,1947,2026-08-21T10:33:11Z,,1451.3,,7,,shipped
330047,1955,2026-08-01T10:32:38Z,,5207.0,,5,RAMADAN-BUNDLE,canceled
330050,1958,2026-08-01T06:45:16Z,,845.87,845.87,5,LUX-R6,shipped
330056,1966,2026-08-21T10:57:53Z,,1878.52,,5,NONE,paid
330057,1971,2026-08-15T09:51:26Z,,3770.75,,6,LUX-R6,paid
330059,1978,2026-08-23T10:41:35Z,,2378.08,,8,LUX-R6,canceled
330061,1984,2026-08-05T11:34:46Z,,5062.04,5062.04,9,WINTER-FLYER,paid
330063,1987,2026-08-04T09:49:34Z,,3266.81,3266.81,9,,shipped
330066,1989,2026-08-13T06:15:31Z,,3692.54,,10,NONE,canceled
330069,1990,2026-08-15T08:09:26Z,,1153.76,,2,WINTER-FLYER,canceled
330070,1991,2026-08-20T11:20:21Z,,3877.95,3877.95,10,LUX-R6,paid
330076,1996,2026-08-01T10:12:16Z,,3990.83,,6,RAMADAN-BUNDLE,pending_hold
330077,1997,2026-08-27T14:16:37Z,,2486.47,,5,LUX-R6,paid
330078,2001,2026-08-23T14:41:06Z,,2447.14,,3,LUX-R6,pending_hold
330081,2007,2026-08-10T12:40:28Z,,1507.12,,4,LUX-R6,pending_hold
330085,2009,2026-08-09T15:06:22Z,,15293.46,15293.46,15,,paid
330086,2009,2026-08-28T12:41:58Z,,2995.91,2995.91,6,NONE,paid
330090,2012,2026-08-11T12:50:59Z,,1078.24,,5,NONE,paid
330093,2019,2026-08-07T13:21:48Z,,3182.56,,9,LUX-R6,pending_hold
330094,2021,2026-08-25T09:06:58Z,,7232.25,7232.25,9,WINTER-FLYER,pending_hold
330095,2023,2026-08-15T11:43:37Z,,3170.07,3170.07,6,RAMADAN-BUNDLE,paid
330099,2026,2026-08-26T10:04:55Z,,5882.69,,8,NONE,pending_hold
330101,2028,2026-08-03T09:56:18Z,,2163.42,,2,,pending_hold
330105,2036,2026-08-08T06:06:12Z,,2869.05,,6,WINTER-FLYER,paid
330106,2036,2026-08-02T10:07:50Z,,3356.86,3356.86,8,NONE,paid
330107,2037,2026-08-03T08:53:57Z,,3476.26,3476.26,8,NONE,paid
330109,2037,2026-08-01T08:29:58Z,,2272.83,2272.83,7,WINTER-FLYER,paid
330119,2044,2026-08-06T11:58:01Z,,5032.77,,4,WINTER-FLYER,canceled
330120,2044,2026-08-13T13:55:19Z,,4566.53,4566.53,6,,pending_hold
330123,2049,2026-08-26T08:33:24Z,,10101.41,,10,NONE,paid
330124,2050,2026-08-26T07:44:35Z,,782.58,,2,NONE,paid
330127,2057,2026-08-13T14:19:27Z,,1215.83,1215.83,4,NONE,canceled
330129,2058,2026-08-03T16:02:14Z,,2217.71,,8,RAMADAN-BUNDLE,paid
330132,2069,2026-08-06T11:12:34Z,,1250.67,1250.67,2,LUX-R6,paid
330139,2075,2026-08-13T12:55:16Z,,10489.03,10489.03,11,WINTER-FLYER,paid
330140,2075,2026-08-07T14:36:55Z,,2376.49,,8,,paid
330141,2076,2026-08-26T14:29:42Z,,1859.71,1859.71,5,RAMADAN-BUNDLE,canceled
330145,2081,2026-08-25T08:30:57Z,,9010.36,,6,LUX-R6,pending_hold
330146,2083,2026-08-17T09:07:03Z,,4101.82,,7,,paid
330147,2087,2026-08-14T10:51:27Z,,2703.06,,4,RAMADAN-BUNDLE,paid
330163,2102,2026-08-16T10:16:57Z,,1026.54,,4,NONE,shipped
330164,2103,2026-08-10T10:50:50Z,,4867.72,,15,,canceled
330167,2104,2026-08-18T13:11:51Z,,1006.47,1006.47,2,NONE,pending_hold
330170,2104,2026-08-07T11:47:40Z,,1119.99,,5,WINTER-FLYER,canceled
330172,2117,2026-08-12T11:15:40Z,,1773.44,,3,WINTER-FLYER,shipped
330178,2125,2026/08/28 09:09,,4196.27,,7,,paid
330182,2125,2026-08-05T08:49:11Z,,2033.28,,6,NONE,paid
330183,2128,2026-08-15T08:48:02Z,,3526.06,3526.06,8,LUX-R6,pending_hold
330185,2130,2026-08-19T12:23:51Z,,2502.75,2502.75,8,LUX-R6,pending_hold
330186,2130,2026/08/22 09:49,,3151.55,,5,RAMADAN-BUNDLE,pending_hold
330187,2130,2026-08-20T08:47:02Z,,3869.08,,7,,paid
330193,2132,2026-08-28T08:59:16Z,,7293.03,,9,NONE,paid
330200,2135,2026-08-28T14:52:40Z,,2530.02,,8,RAMADAN-BUNDLE,paid
330201,2136,2026-08-09T11:40:45Z,,2234.72,,2,LUX-R6,paid
330207,2147,2026-08-17T10:47:54Z,,3089.62,,6,NONE,canceled
330214,2155,2026-08-18T11:12:57Z,,1738.84,1738.84,5,,shipped
330224,2166,2026-08-27T09:31:09Z,,6382.21,,11,LUX-R6,paid
330225,2166,2026-08-06T12:47:02Z,,1076.55,1076.55,5,,pending_hold
330229,2170,2026-08-06T14:45:20Z,,3388.07,,8,,canceled
330230,2171,2026-08-15T10:10:32Z,,1308.01,,4,LUX-R6,canceled
330236,2177,2026-08-13T14:24:46Z,,2437.99,,2,NONE,canceled
330239,2182,2026-08-24T10:24:10Z,,1069.8,,5,LUX-R6,paid
330242,2184,2026-08-23T08:42:19Z,,1558.47,,3,NONE,paid
330244,2190,2026/08/18 08:32,,3382.23,,7,RAMADAN-BUNDLE,canceled
330246,2191,2026/08/08 11:27,,2493.48,,6,RAMADAN-BUNDLE,shipped
330250,2196,2026-08-20T15:35:17Z,,2275.61,2275.61,5,LUX-R6,paid
330253,2202,2026-08-15T12:23:21Z,,4824.66,,11,,pending_hold
330256,2205,2026-08-20T15:23:33Z,,1930.29,,5,,paid
330258,2206,2026-08-08T07:33:58Z,,11958.8,,12,WINTER-FLYER,paid
330262,2206,2026-08-21T08:57:12Z,,5521.6,5521.60,15,,paid
330265,2207,2026-08-08T14:29:56Z,,5366.16,,12,LUX-R6,paid
330271,2209,2026-08-20T10:19:22Z,,3468.1,3468.10,7,NONE,shipped
330276,2217,2026/08/27 14:55,,10639.08,10639.08,12,WINTER-FLYER,shipped
330279,2219,2026-08-20T09:21:37Z,,3059.98,3059.98,5,NONE,shipped
330280,2219,2026-08-05T08:21:33Z,,1719.09,,4,LUX-R6,pending_hold
330281,2222,2026-08-14T08:09:20Z,,3300.24,3300.24,5,LUX-R6,canceled
330282,2224,2026-08-07T06:02:30Z,,699.6,,4,LUX-R6,paid
330283,2230,2026-08-13T07:31:26Z,,2448.33,,5,,paid
330289,2236,2026-08-15T11:12:54Z,,2470.73,,10,NONE,paid
330290,2236,2026-08-25T13:34:34Z,,4568.13,,8,NONE,paid
330295,2245,2026-08-09T08:58:51Z,,891.84,,3,NONE,paid
330299,2247,2026-08-17T08:09:33Z,,4437.23,4437.23,11,RAMADAN-BUNDLE,paid
330301,2249,2026-08-12T07:51:44Z,,2865.9,,5,NONE,shipped
330303,2251,2026-08-27T06:00:42Z,,1414.66,1414.66,2,,pending_hold
330305,2251,2026-08-10T06:11:41Z,,1095.45,,5,WINTER-FLYER,canceled
330308,2252,2026-08-06T11:13:16Z,,5049.44,,7,NONE,pending_hold
330310,2252,2026-08-07T10:39:18Z,,2376.29,,3,LUX-R6,paid
330311,2255,2026-08-24T11:45:51Z,,3593.71,3593.71,7,NONE,canceled
330317,2261,2026-08-07T08:55:32Z,,5696.15,,7,LUX-R6,shipped
330320,2270,2026/08/13 12:13,,2591.37,2591.37,5,RAMADAN-BUNDLE,shipped
330323,2270,2026-08-26T08:01:25Z,,4591.95,4591.95,7,,paid
330328,2274,2026-08-01T12:58:26Z,,4685.29,4685.29,7,NONE,paid
330333,2282,2026-08-24T09:24:30Z,,2047.6,,4,WINTER-FLYER,shipped
330336,2286,2026-08-10T14:00:46Z,,781.27,,3,RAMADAN-BUNDLE,paid
330338,2287,2026-08-11T07:07:37Z,,1473.89,,7,NONE,paid
330340,2290,2026-08-10T09:35:41Z,,5854.71,,13,,shipped
330341,2296,2026-08-21T19:49:50Z,,6795.84,6795.84,11,RAMADAN-BUNDLE,shipped
330346,2303,2026-08-15T08:40:00Z,,3026.34,,3,WINTER-FLYER,pending_hold
330352,2312,2026-08-09T13:51:24Z,,2100.82,,8,,shipped
330358,2319,2026-08-27T12:41:19Z,,2424.6,,5,NONE,paid
330363,2333,2026-08-20T10:56:37Z,,2824.9,,9,LUX-R6,paid
330371,2341,2026/08/12 16:06,,3521.32,,8,WINTER-FLYER,paid
330376,2348,2026-08-18T15:34:40Z,,3302.14,,4,,paid
330385,2360,2026-08-12T08:42:30Z,,1079.52,,3,,paid
330387,2363,2026-08-27T10:31:02Z,,2690.24,,5,LUX-R6,canceled
330388,2364,2026-08-14T08:10:13Z,,4529.14,4529.14,8,WINTER-FLYER,canceled
330390,2366,2026-08-07T07:46:22Z,,1272.09,,4,WINTER-FLYER,pending_hold
330393,2377,2026/08/03 11:50,,4488.24,4488.24,5,,canceled
330394,2377,2026-08-15T10:52:57Z,,3019.64,,5,RAMADAN-BUNDLE,canceled
330395,2380,2026-08-07T12:09:08Z,,3101.46,,6,,paid
330401,2390,2026-08-17T10:35:37Z,,4297.46,,7,NONE,paid
330402,2390,2026-08-26T09:39:29Z,,2362.62,2362.62,6,NONE,canceled
330403,2391,2026-08-22T10:20:17Z,,5536.41,,13,RAMADAN-BUNDLE,pending_hold
330406,2397,2026-08-05T10:04:34Z,,3485.95,,8,LUX-R6,paid
330407,2399,2026-08-21T06:53:23Z,,1912.12,1912.12,2,,paid
330409,2404,2026-08-13T10:54:01Z,,6095.64,,9,RAMADAN-BUNDLE,paid
330415,2411,2026-08-03T09:34:38Z,,10302.21,,14,RAMADAN-BUNDLE,paid
330421,2414,2026-08-28T11:28:33Z,,2217.15,,4,,canceled
330425,2431,2026-08-13T09:10:04Z,,880.43,880.43,2,NONE,paid
330426,2432,2026-08-09T07:42:12Z,,2682.38,,5,RAMADAN-BUNDLE,shipped
330427,2432,2026-08-01T14:01:29Z,,2081.58,,9,RAMADAN-BUNDLE,shipped
330428,2434,2026-08-10T11:50:38Z,,2766.09,,3,,paid
330429,2435,2026-08-06T09:26:22Z,,3679.26,,5,NONE,canceled
330432,2437,2026-08-18T09:36:21Z,,1384.14,,3,WINTER-FLYER,canceled
330436,2442,2026-08-18T06:40:41Z,,4159.05,,9,,paid
330438,2442,2026-08-15T12:02:10Z,,4242.88,,11,,paid
330439,2443,2026/08/19 08:03,,4209.15,4209.15,5,LUX-R6,paid
330448,2446,2026-08-21T08:22:18Z,,1794.97,1794.97,10,WINTER-FLYER,paid
330450,2446,2026-08-19T11:09:13Z,,1485.33,1485.33,3,RAMADAN-BUNDLE,canceled
330454,2448,2026-08-20T09:03:24Z,,2169.8,2169.80,5,,paid
330456,2453,2026-08-04T11:33:42Z,,2423.74,,6,LUX-R6,paid
330459,2458,2026-08-07T06:37:39Z,,811.5,811.50,3,NONE,paid
330460,2462,2026-08-21T14:13:22Z,,8421.63,8421.63,11,,pending_hold
330463,2466,2026-08-24T11:11:17Z,,9234.59,9234.59,15,RAMADAN-BUNDLE,canceled
330464,2467,2026-08-02T07:13:18Z,,6850.41,6850.41,10,NONE,paid
330465,2471,2026-08-10T14:17:27Z,,2849.66,2849.66,5,WINTER-FLYER,paid
330466,2471,2026-08-08T08:25:31Z,,2311.47,2311.47,11,RAMADAN-BUNDLE,canceled
330468,2476,2026-08-04T11:56:57Z,,1556.76,1556.76,5,,paid
330470,2479,2026-08-20T12:29:39Z,,4380.36,4380.36,10,WINTER-FLYER,canceled
330473,2481,2026-08-18T07:48:50Z,,3625.57,,7,NONE,paid
330474,2481,2026-08-28T16:08:37Z,,2863.33,,6,NONE,shipped
330476,2483,2026-08-26T15:01:45Z,,6433.71,,11,RAMADAN-BUNDLE,canceled
330482,2489,2026-08-15T06:03:23Z,,3455.34,3455.34,6,,paid
330489,2499,2026-08-20T09:23:00Z,,5825.75,5825.75,5,NONE,paid
330491,2501,2026-08-08T13:24:20Z,,3163.23,3163.23,7,NONE,paid
330492,2501,2026-08-26T09:50:18Z,,3746.97,,8,NONE,canceled
330496,2510,2026-08-10T10:15:34Z,,2860.5,2860.50,10,,paid
330497,2511,2026-08-04T09:18:33Z,,2310.1,,3,WINTER-FLYER,paid
330502,2513,2026/08/11 13:08,,5750.32,,11,WINTER-FLYER,paid
330504,2515,2026-08-03T12:29:43Z,,1446.92,,5,LUX-R6,canceled
330506,2515,2026-08-22T08:22:28Z,,6690.57,6690.57,12,,shipped
330507,2515,2026-08-19T10:03:19Z,,1224.0,1224.00,8,NONE,paid
330515,2529,2026-08-25T11:07:57Z,,1500.6,1500.60,3,NONE,shipped
330519,2533,2026-08-21T11:44:51Z,,1353.45,1353.45,8,LUX-R6,pending_hold
330520,2534,2026-08-12T06:33:36Z,,2094.72,,4,NONE,shipped
330523,2536,2026-08-07T06:23:45Z,,2196.36,,2,RAMADAN-BUNDLE,paid
330525,2541,2026-08-02T06:44:38Z,,2171.9,,7,NONE,shipped
330526,2543,2026-08-14T06:23:58Z,,2318.91,,3,RAMADAN-BUNDLE,shipped
330532,2554,2026-08-27T10:04:59Z,,1234.88,1234.88,2,LUX-R6,pending_hold
330535,2563,2026-08-05T14:34:49Z,,5114.55,5114.55,9,,paid
330537,2563,2026-08-11T07:18:12Z,,1054.26,,5,NONE,pending_hold
330541,2569,2026-08-04T10:07:40Z,,9561.21,,14,NONE,paid
330543,2572,2026-08-09T06:44:05Z,,3035.3,3035.30,9,,paid
330550,2578,2026-08-18T11:02:20Z,,1037.29,,4,NONE,paid
330551,2579,2026-08-27T07:15:31Z,,2350.47,2350.47,8,NONE,shipped
330552,2580,2026-08-18T10:57:34Z,,5651.71,,15,LUX-R6,paid
330554,2583,2026-08-10T09:05:07Z,,2204.38,,4,RAMADAN-BUNDLE,shipped
330558,2586,2026-08-22T15:28:19Z,,8044.22,,12,RAMADAN-BUNDLE,shipped
330562,2594,2026-08-03T09:20:18Z,,4740.58,4740.58,11,NONE,pending_hold
330563,2595,2026-08-09T12:47:18Z,,3134.79,3134.79,5,NONE,paid
330568,2599,2026-08-28T06:01:55Z,,3143.59,3143.59,8,NONE,pending_hold
330570,2603,2026-08-06T07:46:09Z,,4195.12,,9,LUX-R6,paid
330573,2609,2026-08-24T06:22:19Z,,2171.91,2171.91,5,NONE,pending_hold
330575,2609,2026/08/17 15:19,,2905.22,2905.22,5,RAMADAN-BUNDLE,paid
330577,2610,2026-08-22T10:40:06Z,,7582.12,7582.12,9,NONE,shipped
330582,2615,2026/08/18 10:44,,4765.78,,7,LUX-R6,paid
330585,2622,2026-08-25T17:24:43Z,,3908.19,,5,WINTER-FLYER,paid
330587,2623,2026-08-15T10:52:18Z,,2442.98,2442.98,8,,paid
330589,2625,2026/08/10 09:48,,6145.3,,7,NONE,canceled
330591,2626,2026-08-08T07:13:49Z,,2788.29,,12,NONE,paid
330595,2637,2026-08-07T09:14:29Z,,563.3,,3,,paid
330598,2641,2026-08-21T10:01:47Z,,894.36,,4,WINTER-FLYER,paid
330599,2641,2026-08-13T11:56:47Z,,4713.33,,8,RAMADAN-BUNDLE,paid
330601,2643,2026-08-27T09:56:43Z,,7385.5,,7,RAMADAN-BUNDLE,paid
330604,2643,2026-08-20T06:21:50Z,,4561.51,4561.51,10,WINTER-FLYER,paid
330607,2648,2026-08-13T11:32:32Z,,4244.61,,8,NONE,canceled
330609,2648,2026-08-14T09:48:59Z,,2339.12,,7,NONE,paid
330612,2656,2026-08-22T12:15:09Z,,1643.67,1643.67,5,NONE,paid
330614,2660,2026-08-18T14:46:33Z,,3611.22,,6,RAMADAN-BUNDLE,canceled
330617,2663,2026-08-10T07:52:16Z,,1697.08,,4,LUX-R6,pending_hold
330621,2669,2026-08-14T13:08:10Z,,1302.56,,2,LUX-R6,pending_hold
330626,2677,2026-08-13T06:34:17Z,,6739.63,,13,LUX-R6,paid
330631,2682,2026-08-15T09:33:29Z,,1074.3,,4,,paid
330634,2686,2026-08-22T13:35:51Z,,6487.1,6487.10,8,NONE,shipped
330635,2688,2026-08-21T13:54:27Z,,3180.78,,3,,pending_hold
330639,2694,2026-08-01T10:01:07Z,,3981.0,3981.00,2,NONE,paid
330642,2695,2026-08-24T09:48:55Z,,4468.77,4468.77,7,RAMADAN-BUNDLE,shipped
330646,2699,2026-08-13T09:44:58Z,,4924.64,,5,LUX-R6,pending_hold
330649,2700,2026-08-24T12:51:39Z,,2931.2,2931.20,8,NONE,shipped
330652,2703,2026/08/09 10:45,,2234.84,,6,NONE,pending_hold
330656,2707,2026-08-13T09:07:46Z,,2490.43,,7,LUX-R6,pending_hold
330661,2718,2026-08-08T11:39:06Z,,590.73,590.73,3,LUX-R6,paid
330662,2718,2026-08-19T09:40:44Z,,8154.44,,14,WINTER-FLYER,paid
330663,2719,2026-08-03T12:15:05Z,,3704.31,3704.31,8,NONE,paid
330671,2729,2026-08-16T16:14:07Z,,4694.62,4694.62,8,NONE,paid
330674,2733,2026-08-27T10:46:08Z,,3903.04,,9,LUX-R6,paid
330675,2735,2026-08-01T06:59:53Z,,3444.53,,6,WINTER-FLYER,pending_hold
330676,2737,2026-08-08T11:43:56Z,,5456.98,5456.98,6,,paid
330683,2746,2026-08-05T11:23:06Z,,2257.69,2257.69,7,NONE,canceled
330690,2751,2026-08-19T12:30:29Z,,1460.02,1460.02,2,RAMADAN-BUNDLE,pending_hold
330693,2754,2026-08-20T13:04:17Z,,3126.07,,3,RAMADAN-BUNDLE,shipped
330698,2763,2026-08-15T09:19:10Z,,3514.85,,8,RAMADAN-BUNDLE,paid
330704,2767,2026-08-08T06:28:14Z,,4552.71,,9,,pending_hold
330706,2769,2026-08-08T10:19:42Z,,4253.15,,7,WINTER-FLYER,pending_hold
330707,2769,2026-08-21T07:14:43Z,,4249.15,,7,NONE,pending_hold
330708,2770,2026-08-27T09:01:31Z,,6276.77,6276.77,12,NONE,canceled
330710,2772,2026-08-17T09:01:24Z,,4755.76,,8,,paid
330713,2775,2026-08-17T13:39:03Z,,1386.68,1386.68,4,NONE,paid
330717,2780,2026-08-22T16:42:54Z,,3009.73,,6,,shipped
330720,2784,2026-08-09T14:48:44Z,,323.29,,3,,shipped
330721,2786,2026-08-20T08:01:30Z,,313.1,313.10,2,WINTER-FLYER,pending_hold
330723,2786,2026-08-01T11:26:59Z,,5389.04,,10,WINTER-FLYER,paid
330728,2790,2026-08-02T08:54:26Z,,1613.15,,4,NONE,canceled
330736,2803,2026-08-12T08:03:15Z,,2234.41,,6,NONE,paid
330738,2804,2026-08-17T06:47:24Z,,2367.63,,6,NONE,canceled
330740,2805,2026-08-14T08:23:55Z,,8741.98,,14,WINTER-FLYER,paid
330741,2806,2026-08-08T12:30:03Z,,5092.29,,7,RAMADAN-BUNDLE,canceled
330749,2810,2026-08-04T11:28:30Z,,605.47,,4,,shipped
330750,2813,2026/08/22 08:40,,3482.61,,10,WINTER-FLYER,paid
330752,2814,2026/08/15 15:49,,3551.06,3551.06,5,,pending_hold
330753,2816,2026-08-08T07:18:49Z,,3957.08,,6,WINTER-FLYER,paid
330756,2818,2026-08-15T09:06:30Z,,4123.87,4123.87,5,NONE,paid
330759,2819,2026/08/28 14:59,,1736.08,,5,NONE,canceled
330760,2819,2026-08-06T12:33:59Z,,658.37,658.37,3,,canceled
330762,2822,2026-08-12T10:31:32Z,,1057.49,,4,NONE,paid
330764,2824,2026-08-26T10:03:13Z,,1808.08,,6,RAMADAN-BUNDLE,paid
330765,2824,2026-08-18T08:38:39Z,,569.5,569.50,2,WINTER-FLYER,paid
