alias_id,account_name,branch_id,supplier_code
A50001,PY/Misr Smouha Mall,739,1
A50002,MISR SMOUHA-A,739,1
A50003,PH Misr Smouha-A,747,1
A50004,EL Misr Smouha Main Road,747,1
A50005,Ph/misr smouha Station St.,772,1
A50006,misr smouha Main Road,772,1
A50007,EL NASR Main Road,749,1
A50008,PH El Nasr 6th Zone,749,1
A50009,El Nasr,766,1
A50010,EL NASR BBranch 2,766,1
A50011,El-El Nasr Branch 2,782,1
A50012,el Silver Care Marg Branch 1,704,1
A50013,Silver Care Marg Branch 2,704,1
A50014,El-silver care marg Station St.,743,1
A50015,SILVER CARE MARG,753,1
A50016,Ph/Silver Care Marg-A,753,1
A50017,Silver Care Marg 6th Zone,754,1
A50018,Ph/silver care marg-A693,767,1
A50019,EL Silver Care Marg 04,767,1
A50020,el SILVER CARE MARG,771,1
A50021,El Nasr Obour br.2,705,1
A50022,el nasr obour Mall,705,1
A50023,PY/El Nasr Obour,720,1
A50024,PY/El Nasr Obour 04,761,1
A50025,El Nasr Obour 6th Zone,772,2
A50026,Nile Care Zayed Station St.218,747,2
A50027,EL nile care zayed 6th Zone,756,1
A50028,P/NILE CARE ZAYED-A,757,1
A50029,Nile Care Zayed Mall,757,1
A50030,EL saalamtek Mall104,726,1
A50031,Salamtek 01165,730,1
A50032,salamtek 04,730,1
A50033,Salamtek Main Road196,739,2
A50034,El-salamtek-A,760,1
A50035,PH Salamtek br.2,760,1
A50036,el SALAMTEK,761,2
A50037,El-Salamtek,768,1
A50038,SALAMTEK br.2,772,3
A50039,Blue WWave,720,2
A50040,P/Blue Wave,720,2
A50041,El-Blue Wave-A915,741,1
A50042,el Blue Wave Branch 1,767,2
A50043,el Alpha Pharma Zayed br.2,701,1
A50044,alpha pharma zayedMall,720,3
A50045,el Alpha Pharma Zayed Branch 2,720,3
A50046,PY/Alpha Pharma Zayed 6th Zone,726,2
A50047,ALPHA PHARMA ZAYED-A,726,2
A50048,el Alpha Pharma Zayed,730,2
A50049,Ph/ALPHA PHARMA ZAYED Branch 1,776,1
A50050,ALLPHA PHARMA ZAYED 04,782,2
A50051,PY/alpha pharma zayed Branch 1,782,2
A50052,METRO 6th Zone,724,1
A50053,PH Metro Station St.,724,1
A50054,El-Metrro 011,729,1
A50055,metro 6th Zone,729,1
A50056,PY/Metro Station St.,740,1
A50057,Metro (2),741,2
A50058,PY/Metro,741,2
A50059,PY/metro Station St.,748,1
A50060,el METRO 04,751,1
A50061,el Metro Branch 2,753,2
A50062,PH Metro br.2293,760,2
A50063,METRO Station St.,760,2
A50064,Ph/Sunrise Agami,701,2
A50065,el Sunrise Agami br.2343,701,2
A50066,EL Sunrise Agami539,703,1
A50067,PY/SUNRISE GAMI,707,1
A50068,EL Sunrise Agami Branch 1,726,3
A50069,Sunrise Agami Branch 2296,726,3
A50070,El-Better Life Obour 011,732,1
A50071,El-Better Life Obour Station St.,732,1
A50072,El-BETTER LIFE OBOUR,735,1
A50073,Ph/BETTER LIFE OBOUR 011,755,1
A50074,Better Life Obour (2),763,1
A50075,BETTER LIFE OBOUR,771,2
A50076,Ph/BETTER LIFE OBOUR Main Road,771,2
A50077,El-BETTER LIFE OBOUR,772,4
A50078,Ph/BETTER LIFE OOUR Main Road,777,1
A50079,el El Zahraa Smouha Main Road,743,2
A50080,El Zaahraa Smouha-A,749,2
A50081,EL ZAHRAA SMOUHA-A,749,2
A50082,PY/El Zahraa Smouha 6th Zone,772,5
A50083,PH El Zahraa Smouha Mall,772,5
A50084,EL GOLDEN CARE SMOUHA Mall,713,1
A50085,golden care smouha 011,713,1
A50086,PH golden care smouha,727,1
A50087,golden care smouha Mall,727,1
A50088,Golden Care Smouha Main Road,740,2
A50089,EL golden care smouha,740,2
A50090,El-golden care smouha-A,755,2
A50091,PY/Golden Care Smouha Mall,755,2
A50092,EL Golden Care Smouha 011,760,3
A50093,el Gloden Care Smouha Mall,760,3
A50094,Ph/golden care smouha Branch 2513,761,3
A50095,El-GOLDEN CARE SMOUHA Mall,762,1
A50096,El-golden care smouha 011,762,1
A50097,METRO SMOUHAA br.2,704,2
A50098,el METRO SMOUHA-A,704,2
A50099,PH Metro Smouha Mall,714,1
A50100,Metro Smouha br.2,727,2
A50101,METRO SMOUHA Mall,727,2
A50102,Ph/Metro Smouha-A,731,1
A50103,Ph/METRO SMOUHA (2),731,1
A50104,el METRO SMOUHA Branch 1,744,1
A50105,PH METR SMOUHA,744,1
A50106,metro smouha,763,2
A50107,metro smouha Main Road,768,2
A50108,E-UNION PHARM REHAB VIEW-A,705,2
A50109,Ph/Union Pharm Rehab View,714,2
A50110,el UNION PHRAM REHAB VIEW Mall,722,1
A50111,UNION PHARM REHAB VIEW br.2,727,3
A50112,EL union pharm rehab vieww 011,727,3
A50113,el Union Pharm Rehab View,732,2
A50114,union pharm rehab view,732,2
A50115,Ph/Union Pharm Rehab View (2),767,3
A50116,Oemga Smouha133,700,1
A50117,PhOmega Smouha 04,762,2
A50118,PY/Omega Smouha Mall,762,2
A50119,Omega Smouha,777,2
A50120,PY/Omega Smouha 04477,780,1
A50121,Ph/omega smouha,780,1
A50122,EL OOmega Smouha Mall,781,1
A50123,PH Al Nozha Smouha Branch 2,733,1
A50124,El-Al Nozha Smouha Branch 1,760,4
A50125,AL NOZHA SMOUHA Main Road242,760,4
A50126,el Al Nozha Smouha 04,768,3
A50127,Al Nozha Smouha br.2,769,1
A50128,PH el zahraa maadi 04,716,1
A50129,El Zahraa Maadi br.2,716,1
A50130,el El ZZahraa Maadi 6th Zone,722,2
A50131,El-EL ZAHRAA MAADI 6th Zone,724,2
A50132,El Zahraa Maadi,724,2
A50133,El-el zahraa maadi (2),742,1
A50134,EL ZAHRAA MAADI 6th one582,742,1
A50135,El-El Zahraa Maadi br.2,743,3
A50136,Ph/El Zahraa Maadi,751,2
A50137,El Zahraa Maadi 011,770,1
A50138,EL METRO AGAMI-A,704,3
A50139,El-Metro Agami br.2939,704,3
A50140,el Metro Agami Branch 1294,723,1
A50141,EL metro agami,725,1
A50142,Metro Agami 6th Zone,727,4
A50143,Ph/METROO AGAMI 6th Zone,727,4
A50144,Ph/METRO AGAMI-A,734,1
A50145,Metro Agami 04,735,2
A50146,Ph/metro agami Main Road,735,2
A50147,METRO AGAMI Branch 2,737,1
A50148,EL METRO AGAMI 6th Zone,737,1
A50149,METRO AGAMI 04,749,3
A50150,PH Care 24 Seven,701,3
A50151,Care 24 Seven,705,3
A50152,PH Care 24 Seven Branch 2,710,1
A50153,CARE2 4 SEVEN 011622,710,1
A50154,care 24 seven Branch 1,713,2
A50155,Ph/CARE 24 SEVEN (2)38,713,2
A50156,Care 24 Seven,720,4
A50157,Care 24 Seven Branch 2,720,4
A50158,Care 24 Seven-A,737,2
A50159,PH care 24 seven 011,781,2
A50160,Ph/Omega Mall,703,2
A50161,OMMEGA Branch 1,703,2
A50162,PY/omega Mani Road,723,2
A50163,El-omega Branh 1,770,2
A50164,PY/Omea Station St.,770,2
A50165,EL EL NASR MARG Main Road,737,3
A50166,el El Nasr Marg Station t.,737,3
A50167,Ph/el nasr marg,767,4
A50168,Ph/El Nasr Marg 6th Zone,770,3
A50169,EL NASR MARG Main Road,770,3
A50170,el El Nasr Marg-A266,771,3
A50171,PY/El Nasr Marg Branch 2,771,3
A50172,el EL ZAHRAA SMOUHA Mall,721,1
A50173,PH El Zahraa Smouha Branch 2,721,1
A50174,PH El Zahraa Smouha br.2,742,2
A50175,PY/El Zarhaa Smouha-A,742,2
A50176,el zahraa smouha 04,748,2
A50177,el zahraa smouha Branch 2,765,1
A50178,El-El Zahraa Smouha Branch 1,775,1
A50179,EL El Zahraa Smouha 6th Zone131,775,1
A50180,EL al amal Mall,704,4
A50181,PH AL AMAL,704,4
A50182,Al Ama Branch 2475,725,2
A50183,El-al amal Branch 2361,740,3
A50184,Al Amal Mall,740,3
A50185,PH al amal Station St.,748,3
A50186,el Al Amal Mall,748,3
A50187,Ph/AlAmal (2),750,1
A50188,El-al amal,750,1
A50189,EL AlA mal 6th Zone,756,2
A50190,el al amal 04,756,2
A50191,Al Amal 6th Zone,772,6
A50192,Al Amal Mall,775,2
A50193,el al amal 011,775,2
A50194,El-care 24 seven,706,1
A50195,PY/care 24 seven 011451,726,4
A50196,el care 24 seven 011,736,1
A50197,el CARE 24 SEVEN,736,1
A50198,Care 2 4Seven Mall,737,4
A50199,Care 24 Seven-A,737,4
A50200,Care 24 Seven 011,744,2
A50201,Care 24 Seven,744,2
A50202,PH CCARE 24 SEVEN (2),749,4
A50203,care 24 seven 011,768,4
A50204,Care 24 Seven br.2,768,4
A50205,Ph/Care 24 Seven 6th Zone,770,4
A50206,ELIET-A,700,2
A50207,El-elite 6th Zone,747,3
A50208,elite (2)115,747,3
A50209,elite Branch 1,765,2
A50210,elite (2),776,2
A50211,PH Hope Smouha br.234,704,5
A50212,PH Hope Smouha,735,3
A50213,Hope Smouha 04,754,2
A50214,Hope Smouha Station St.,754,2
A50215,el HOPE SMOUHA,759,1
A50216,el el tourath (2),717,1
A50217,EL e tourath,717,1
A50218,El Touratth 04,749,5
A50219,El-EL TOURATH Branch 2,755,3
A50220,Ph/el tourath Branch 1,768,5
A50221,el EL TOURATH 011,775,3
A50222,Health Gate 6th Zone,701,4
A50223,el Health Gate,744,3
A50224,El-HEALTH GATE 011,744,3
A50225,Health Gtae,752,1
A50226,health gate Branch 2,765,3
A50227,el Health Gate Branch 1,765,3
A50228,EL Al Nozha Smouha,701,5
A50229,el AL NOZHA SMOUHA Branch 1,702,1
A50230,al nozha smouha Station St.,702,1
A50231,PY/Al Nozha Smouha 04,729,2
A50232,El-Al Nozha Smouha183,729,2
A50233,El-Al Nozha Smouha Main Road,757,2
A50234,AL NOZHA SMOUHA StationSt.,762,3
A50235,EL AL NOZHA SMOUHA 6th Zone289,773,1
A50236,PY/Al Nozha Smouh Main Road,773,1
A50237,PH Al Nozha Smouha Mall,777,3
A50238,Al Nozha Smouha,779,1
A50239,Ph/BLUE WAVE SMOUHA,711,1
A50240,Blue Wave Smouha Branch 2,713,3
A50241,Blue Wave Smouha 04,725,3
A50242,El-Blue Wave Smouha Branch 1,725,3
A50243,el blue wave smouha 6th Zone488,737,5
A50244,Ph/Blue Wave Smouha 6th Zone,737,5
A50245,El-Bleu Wave Smouha Station St.,746,1
A50246,el BLUE WAVE SMOUHA Branch 2,746,1
A50247,blue wave smouha 6th Zone,776,3
A50248,El-Blue Wave Smouha317,777,4
A50249,el blue wave smouha Branch 1,777,4
A50250,omega,730,3
A50251,el Oega,730,3
A50252,omeag Branch 2,744,4
A50253,el Omega Main Road,744,4
A50254,OMEGA (2),753,3
A50255,OMEGA,753,3
A50256,el OOMEGA 6th Zone,757,3
A50257,el omega Branch 2540,757,3
A50258,El-OMEGA Main Road,775,4
A50259,el silver care br.2232,703,3
A50260,PH Silver Care,719,1
A50261,EL Silver Care Mall,721,2
A50262,El-SILVER CARE-A,737,6
A50263,Ph/Silver Care Main Road,750,2
A50264,el silver care 6th Zone442,750,2
A50265,Ph/Silver Care 011,752,2
A50266,PH Silver Care958,752,2
A50267,Ph/Silver Care rBanch 1,755,4
A50268,SilverC are322,755,4
A50269,BLUE WAVE BANHA,723,3
A50270,Ph/Blue Wave Banha Mall,740,4
A50271,El-Blue Wave Banha 011,740,4
A50272,Ph/blue wave banha 04,750,3
A50273,Ph/BLUE WAVE BANHA Mall,750,3
A50274,Blue Wave Banha,754,3
A50275,BLUE WAVE BANHA 04,754,3
A50276,el BLUE WAVE BANHA Station St.,764,1
A50277,Blue Wave Banha,769,2
A50278,El-BLUE WAVE BANHA,769,2
A50279,PY/Blue Wave Banha-A,778,1
A50280,Ph/blue wave banha 6th Zone,778,1
A50281,EL El Faraby Smouha,722,3
A50282,Ph/el faraby smouha 04,738,1
A50283,El Faraby Smouha Branch 1,738,1
A50284,el faraby smouha-A,744,5
A50285,PH EL FARABY SMOUHA Station St.,748,4
A50286,El-EL FARABY SMOUHA 011,748,4
A50287,PY/misr smouha 011,708,1
A50288,PH misr smouha Station SSt.,712,1
A50289,Misr Smouha,712,1
A50290,ElMISR SMOUHA (2),751,3
A50291,MISRR SMOUHA Main Road,751,3
A50292,PY/Misr Smouha968,758,1
A50293,el Misr Smouha 6th Zone,758,1
A50294,MISR SMOUHA,760,5
A50295,Ph/misr smouha (2),770,5
A50296,EL Misr Smouha,770,5
A50297,PH STAR CARE SMOUHA Main Road,703,4
A50298,EL Star Care Smouha br.2,703,4
A50299,EL Star Care Smouha,706,2
A50300,El-Star Care Smouha-A,706,2
A50301,El-STAR CARE SMOUHA487,727,5
A50302,Star Care Smouha 6th Zone,727,5
A50303,STAR CARE SMOUHA br.2,756,3
A50304,Ph/Star Care Smouha 04,756,3
A50305,EL Star Care Smouha 011,763,3
A50306,Ph/Star Care Smouha 011,763,3
A50307,PY/STAR CARE SMOUHA,767,5
A50308,Star Care Smouha Branch 2162,767,5
A50309,EL star care smouha-A,771,4
A50310,El Faraby Smouha Branch 2,700,3
A50311,El Faraby Smouha 04,700,3
A50312,El-El Faraby Smouha br.2,707,2
A50313,EL EL FARABY SMOUHA Main Road,707,2
A50314,PH EL FAARBY SMOUHA,714,3
A50315,el faraby smouha,722,4
A50316,el faraby smouha 011,745,1
A50317,El Farby Smouha,745,1
A50318,El Faraby Smouha 6th Zone,746,2
A50319,Ph/El Faraby Smouha,754,4
A50320,El Faraby Smouha br.2,754,4
A50321,ElF araby Obour br.2,730,4
A50322,el faraby obour Branch 2,730,4
A50323,El-El Faraby Obour Branch 1,756,4
A50324,El-El Faraby Obour Brancch 1457,773,2
A50325,el faraby obour,773,2
A50326,EL life line helwan,735,4
A50327,EL Life Line Helwan 04,741,3
A50328,Lie Line Helwan,753,4
A50329,Ph/life line helwan-A,753,4
A50330,EL Life Line Helwan (2)952,756,5
A50331,Life Line Helwan Mall919,764,2
A50332,Life Linne Helwan Main Road,764,2
A50333,life ine helwan (2),772,7
A50334,PY/LIFE LINE HELWAN Station St.,772,7
A50335,PY/union pharm,708,2
A50336,Ph/UNION PHARM,742,3
A50337,union pharm Branch 2,742,3
A50338,Union Pharm Statioon St.,747,4
A50339,Ph/union pharm Main Road,747,4
A50340,Union Pharm,753,5
A50341,UNON PHARM 04,753,5
A50342,El-union pharm br.2,754,5
A50343,el union pharm,754,5
A50344,PH union pharm (2),768,6
A50345,UNION PHARM-A,768,6
A50346,EL Union Pharm,776,4
A50347,El Nasr Smouha548,710,2
A50348,El Nasr Smouha Mall,739,3
A50349,el nasr mouha,740,5
A50350,PH El Nasr Smouha Station St.,775,5
A50351,Mira Banha Station St.,701,6
A50352,P/Mira Banha-A,701,6
A50353,PY/Mira Banha Staiton St.,712,2
A50354,mira banha br.2,719,2
A50355,El-Mira Banha br.2,719,2
A50356,PY/Mira Banha 04195,734,2
A50357,mira banha232,734,2
A50358,PH mira banha br.2949,757,4
A50359,PY/MIRA BANHA 011,757,4
A50360,PH MIRA BANHA,763,4
A50361,Mira Banha-A,763,4
A50362,EL Mira Banha-A,770,6
A50363,Ph/MIRA BANHA Main Road,770,6
A50364,Mira Banha Mall,780,2
A50365,PY/Mira Banha 04,780,2
A50366,PH Omega Branch 1,709,1
A50367,el OMEGA Station St.,715,1
A50368,PH OOMEGA (2),733,2
A50369,el Omega Main Road,733,2
A50370,Omega Main Road396,773,3
A50371,Omega (2),773,3
A50372,EL SHIFA-A,702,2
A50373,PH EL SHIFA (2),702,2
A50374,EL SHIFA 6th Zone784,712,3
A50375,Ph/EL SHIFA (2),781,3
A50376,union pharm 011,718,1
A50377,PY/Union Pharm Station St.,726,5
A50378,El-Union Pharm Station St.930,726,5
A50379,Union Pharm Main Road,752,3
A50380,PY/UNION PHARM 6th Zone176,752,3
A50381,Union Pharm,770,7
A50382,PHH Union Pharm 04,773,4
A50383,PH UNION PHARM Branch 2,773,4
A50384,EL Union Pharm Branch 2,777,5
A50385,El-Union Pharm,780,3
A50386,Healht Gate Oct City 011,727,6
A50387,EL Health Gate Oct City Branch 2,737,7
A50388,Health Gate Oct City-A,750,4
A50389,PY/Health Gate Oct City 04,760,6
A50390,PY/HEALTHH GATE OCT CITY 04,774,1
A50391,el Health Gate Oct City Main Road,774,1
A50392,el Dr Medhat Smouha br.2,709,2
A50393,el Dr Medhat Smouha 04,709,2
A50394,PY/Dr Medhat Smouha Mall,735,5
A50395,dr medhat smouha-A985,735,5
A50396,PH Dr Medhat Smouha 04,748,5
A50397,PH Dr Medhat Smouha Mall,751,4
A50398,PY/DR MEDHAT SMOUHA-A,752,4
A50399,el dr medhat smouha 6th Zone,752,4
A50400,El-Dr Medhat Smouha (2),767,6
A50401,PH DR MEDHAT SMOUHA,782,3
A50402,Dr Medhat Smouha 04,782,3
A50403,Health Gate Smouha-A,727,7
A50404,EL Health Gate Smoua-A,737,8
A50405,Health Gate Smouha Branch 1225,737,8
A50406,El-Health Gate Smouha 6th Zone,752,5
A50407,El-health gate smouha,775,6
A50408,PY/HEALTH GATE SMOUHA Station St.,775,6
A50409,METRO OCT CITY Main Road,714,4
A50410,Metro Oct City Statio St.686,748,6
A50411,el METRO OCT CITY br.2,750,5
A50412,Al Amal (2),711,2
A50413,EL Al AmalS tation St.113,711,2
A50414,Ph/A AMAL,730,5
A50415,El-al amal (2),730,5
A50416,El-al amal Main Road,761,4
A50417,al amal Station St.,761,4
A50418,PY/El Shifa Smouha Main Road,718,2
A50419,PH el shifa smouha,718,2
A50420,PY/el shifa smouha (2),720,5
A50421,EL El Shifa Smouha br.2,720,5
A50422,EL EL SHIFA SMOUHA 011,730,6
A50423,EL EL SHIFA SMOUHA Main Road,759,2
A50424,El Shifa Smouha,769,3
A50425,PY/GREEN LEAF Branch 1,713,4
A50426,EL Green Leaf br.2,725,4
A50427,el green leaf Branch 2,727,8
A50428,El-Green Leaf br.2787,727,8
A50429,EL GREEN LEAF 6th Zone,731,2
A50430,PY/GREEN LEAF 6th Zone,755,5
A50431,EL green leaf Branch 2237,755,5
A50432,Green Leaf 011410,766,2
A50433,green leaf,766,2
A50434,Green Leaf 011,772,8
A50435,Ph/GREEN LEAF,772,8
A50436,Ph/Mira Smouha Mall,723,4
A50437,el Mira Smouha Mall,744,6
A50438,mira smouha,744,6
A50439,EL Mira Smouha 6th Zone,750,6
A50440,PH silver care obour Branch 1,702,3
A50441,PY/SILVER CARE OBOUR 04,702,3
A50442,silver care obour-A,703,5
A50443,SILLVER CARE OBOUR br.2,703,5
A50444,EL silver care obour,745,2
A50445,El-Silver Care Obou 04,776,5
A50446,Silver Care Obour 04,776,5
A50447,Ph/AL AMAL 04,712,4
A50448,AlAmal 011,719,3
A50449,EL al amal 04,719,3
A50450,PY/al amal,748,7
A50451,al ammal 011,753,6
A50452,EL al aal,753,6
A50453,el AL AMAL (2),766,3
A50454,al amal 011,766,3
A50455,ALPHA PHARMA Branch 2,706,3
A50456,El-ALPHA PHARMA Branch 2,706,3
A50457,Ph/alpha pharma Branch 1,709,3
A50458,El-alpha pharma 011,709,3
A50459,el Alpha Pharma,714,5
A50460,Ph/ALPHA PHARMA 011,714,5
A50461,Ph/Alpha Pharma (2),729,3
A50462,EL ALPHA PHARMA 04,733,3
A50463,El-Alpha Pharma (2)687,733,3
A50464,Alpha Pharma675,738,2
A50465,alpha pharma 04,749,6
A50466,EL SILVER CARE583,707,3
A50467,PH silver care,710,3
A50468,silver care 011,710,3
A50469,el SILVER CARE 011,732,3
A50470,e lsilver care,732,3
A50471,silver care 04,734,3
A50472,El-Silver Care br.2820,735,6
A50473,PY/Silver Care Branch 2,739,4
A50474,PH SILVER CARE Mall,739,4
A50475,Ph/SILVER CARE,766,4
A50476,Silver Care Branch 2,766,4
A50477,EL CITY CARE SMOUHA,714,6
A50478,PH CITY CARE SMOUHA Branch 1,750,7
A50479,Ph/City Care Smouha (2),750,7
A50480,CITY CARRE SMOUHA (2),751,5
A50481,City Care Smouha Branch 1,760,7
A50482,PH Citty Care Smouha,760,7
A50483,el City Care Smouha br.2,767,7
A50484,El-City Care Smouha Branch 2,767,7
A50485,El-Cit Care Smouha-A,779,2
A50486,Ph/Misr Main Road324,706,4
A50487,El-misr tSation St.,710,4
A50488,misr Branch 1,716,2
A50489,Misr Branch 1,716,2
A50490,MISR 011,722,5
A50491,EL Misr Branch 2984,735,7
A50492,EL Misr,778,2
A50493,El-misr br.2517,778,2
A50494,Dr Medhat Smouha (2),702,4
A50495,DR MEDHAT SMOUHA Mall,712,5
A50496,Dr Medhhat Smouha 011,712,5
A50497,DR MEDHAT SMOUHA 101,761,5
A50498,EL Dr Medhat Smouha Branch 2,761,5
A50499,green leaf 6th Zone,716,3
A50500,green leaf 6th Znoe,716,3
A50501,El-GREEN LEAF,742,4
A50502,el GREEN LEAF Station St.,744,7
A50503,El-Green Leaf Branch 2,769,4
A50504,ell Green Leaf 011,769,4
A50505,el zahraa smouha Station St.,706,5
A50506,El-El Zahhraa Smouha,706,5
A50507,Ph/EL ZAHRAA SMOUHA,728,1
A50508,El Zahraa Smouha Mall,728,1
A50509,el El Zahraa Smouha Main Road329,729,4
A50510,El-El Zahraa Smouha Station St.,734,4
A50511,PH El Zahraa Smouha 04,740,6
A50512,El Zahraa Smouha,751,6
A50513,el zahraa smouha Station t.,751,6
A50514,El-el zahraa smouha,762,4
A50515,Ph/El Zahraa Smouha Mall,762,4
A50516,PH Green Leaf Branch 2,706,6
A50517,PH Green Leaf Mall,725,5
A50518,GREEN LEAF,732,4
A50519,el GREEN LEAF br.2,732,4
A50520,PH Green Leaf,770,8
A50521,El-GREEN LEAF (2),781,4
A50522,el GREEN LEAF,781,4
A50523,el Alpha Pharma Smouha Station St.,714,7
A50524,El-Alpha Pharma SSmouha Main Road,714,7
A50525,El-alpha pharma smouha br.2,723,5
A50526,El-ALPHA PHARMA SMOUHA Branch 2508,723,5
A50527,el alpha pharma smouha Branch 2,743,4
A50528,el Alpha Pharma Smouha Branch 2254,743,4
A50529,el Alpha Pharma Smouha Branch 2,749,7
A50530,Alpha Parma Smouha375,764,3
A50531,PH El Hokama Harram,733,4
A50532,EL EL HOKAMA HARAM,745,3
A50533,El Hokama Haram (2),745,3
A50534,el el hokama haram Station St.,781,5
A50535,Ph/SUNRISE NOZHA-A564,705,4
A50536,PY/Sunrise Nozha,714,8
A50537,El-SUNRISE NOZHA Branch 2,757,5
A50538,PY/SUNRISE NOZHA br.2,761,6
A50539,el Sunrise Nozha Main Road,761,6
A50540,Ph/SUNRIES NOZHA-A,772,9
A50541,Salmtek Main Road,706,7
A50542,Ph/Sallamtek,706,7
A50543,PH Salamtek,711,3
A50544,PH Salatek,736,2
A50545,SAAMTEK,736,2
A50546,el Salamtek Main Road,744,8
A50547,salamtek-A,749,8
A50548,El-salamtek Branch 1,749,8
A50549,El-salamtek Mall834,774,2
A50550,Salamtek987,778,3
A50551,Better Life Main Road,710,5
A50552,Better Life (2),710,5
A50553,Ph/better life 6th Zone,725,6
A50554,Better Life-A,725,6
A50555,PY/Better Life104,734,5
A50556,EL BETTER LIFE,741,4
A50557,Ph/Btter Life Branch 1212,752,6
A50558,EL Better Life Station St.,772,10
A50559,Bettre Life 04,772,10
A50560,Ph/Enb Sina Rehab View,714,9
A50561,el EBN SINA REHAB VIEW 04,719,4
A50562,Ebn Sina Rehab View532,719,4
A50563,EBN SINA REHAB VIEW (2),727,9
A50564,El-Ebn Sina ehab View Branch 2,729,5
A50565,PH Ebn Sina Rehab View Mall,729,5
A50566,Ebn Sina Rehab View Branch 2,756,6
A50567,PH EBN SINA REHAB VIEW Branch 2,756,6
A50568,Ph/Ebn Sina Rehab View-A,761,7
A50569,EL EBN SINA REHAB VIEW,766,5
A50570,ebn sina rehab view r.2,771,5
A50571,el star care square 04,719,5
A50572,EL Star Care Square Main Road,719,5
A50573,PY/STAR CARE SQUARE 6th Zone,728,2
A50574,El-Star Care Square 011,728,2
A50575,STAR CARE SQUARE Station St.,766,6
A50576,Star Care Square 6th Zone,766,6
A50577,Star Care Squae Station St.,771,6
A50578,el Star Care Square br.2,778,4
A50579,PH STAR CARE SQUARE Mall,778,4
A50580,el star care square-A,780,4
A50581,better life smouha (2),726,6
A50582,Ph/Better Life Smouha (2),742,5
A50583,PH better life smouha186,744,9
A50584,EL Better Life Smouha 011,746,3
A50585,better life smouha-A,750,8
A50586,Better Life Smouha 04978,777,6
A50587,Ph/better life smouha br.2,777,6
A50588,El-Nile Care Helwan 04,704,6
A50589,el NILE CARE HELWAN Mall,708,3
A50590,El-Nile Care Helwan Mall,775,7
A50591,PY/Nile Caree Helwan Mall,775,7
A50592,Ph/nile care helwa Main Road,778,5
A50593,nile care helwan (2),778,5
A50594,Ph/Hope Obour (2),730,7
A50595,El-Hope Obour 04,754,6
A50596,hope obour (2),758,2
A50597,El-Hope Obour-A409,780,5
A50598,EL Hope Obour 011,780,5
A50599,GOLDEN CARE,701,7
A50600,Ph/Golden Care,701,7
A50601,EL GoldenCare,729,6
A50602,Ph/GOLDEN CARE Branch 1,731,3
A50603,el golden care br.2,731,3
A50604,PY/GOLDEN CARE 04,739,5
A50605,GOLDEN CARE,768,7
A50606,Ph/GOLDEN CARE,768,7
A50607,Angel Dokki Banch 2,726,7
A50608,EL Angel Dokki Station St.,742,6
A50609,EL ANGEL DOKKI Branch 1,742,6
A50610,PH Angel Dokki 6th Zone,763,5
A50611,PH angel dokki Mall,769,5
A50612,el Angel Dokki 011,769,5
A50613,PY/Salamtek b.2,709,4
A50614,Salamtek,730,8
A50615,el SALAMTEK Main Road,730,8
A50616,el salamtek 011,732,5
A50617,El-Salamtek-A,732,5
A50618,El-SALAMTEK,778,6
A50619,el Salamtek Brancch 2,780,6
A50620,PY/Golden Care Haram Branch 1,708,4
A50621,el Golden Care Haram (2),712,6
A50622,PY/Golden Care Haram Main Road,712,6
A50623,el golden care haram br.2,719,6
A50624,EL Golden Care Haram 011,724,3
A50625,EL Golden Care Haarm 6th Zone,757,6
A50626,Ph/Golden Care Haram br.2,757,6
A50627,golden care haram-A,775,8
A50628,el Golden Care Haram 0448,775,8
A50629,el Golden Care Haram Station St.,779,3
A50630,GOLDEN CARE HARAM 6th Zone,780,7
A50631,El-SALAMTEK IMBABA725,707,4
A50632,salamtek imbaba Branch 2,707,4
A50633,SALAMTEK IMBABA Mall,733,5
A50634,SALAMTEK IMBABA br.2,744,10
A50635,El-SALAMTEK IMBABA Station St.849,748,8
A50636,PY/Salamtek Imbaba-A,751,7
A50637,salamtek imbaba br.2,751,7
A50638,el Salamtek Imbaba br.2,763,6
A50639,el SALAMTEK IMBABA 04,764,4
A50640,PH SALAMTEK IMBABA br.2,780,8
A50641,Salamtek Imbaba,780,8
A50642,Blue Wave Rehab View 011,706,8
A50643,EL Blue Wave Rehab View-A,707,5
A50644,blue wave rehab view,734,6
A50645,el Blue Wave Rehab View,756,7
A50646,EL blue wave rehab view-A,756,7
A50647,Blu eWave Rehab View Branch 1,765,4
A50648,Blue Wave Rehab View (2),766,7
A50649,BLUE WAVE REHAB VIEW (2)78,781,6
A50650,el blue wave rehab view Branch 2583,781,6
A50651,PY/nile care br.2,726,8
A50652,PH NILE CAREE Station St.,726,8
A50653,PH Nile Carre Branch 2,730,9
A50654,el nile care 6th Zone,735,8
A50655,nile care Mall,735,8
A50656,PH Dr Medhat Branch 2,737,9
A50657,DR MEDHHAT,766,8
A50658,Dr Medhat Station St.,766,8
A50659,El-Dr Medhat,776,6
A50660,EL Dr Medhat 6th Zone,776,6
A50661,el El Shifa Zayed-A543,729,7
A50662,PH el shifa zayed,731,4
A50663,Ph/el shifa zayed,731,4
A50664,PY/EL SHIFA ZAYED,745,4
A50665,Ph/El Shifa Zayed 6th Zone,748,9
A50666,EL SHIFA ZAYED 6th Zone,749,9
A50667,PY/El Shifa Zayed Main Road,749,9
A50668,PH El Shifa Zayed-A,769,6
A50669,El-EL SHIFA ZAYED,774,3
A50670,El-El Shifa Zayed Main Road387,776,7
A50671,Union Pharm Smouha,739,6
A50672,union pharm smouha Branch 1,741,5
A50673,el Unin Pharm Smouha Branch 2488,741,5
A50674,el Union Pharm Smouha (2),781,7
A50675,PH union pharm smouha424,781,7
A50676,El-care 24 seven Station St.,700,4
A50677,PY/Care 24 Seven,712,7
A50678,El-Care 24 Seven Branch 2,737,10
A50679,PH care 24 seven,737,10
A50680,El-Care 24 Seven Main Road,738,3
A50681,PH Care 24 Seven631,741,6
A50682,EL CARE 24 SEVEN 011,764,5
A50683,EL TOURATH (2),703,6
A50684,El Tourath,703,6
A50685,PH El Tourath,707,6
A50686,EL El oTurath,707,6
A50687,PY/El Tourath (2),720,6
A50688,PH el tourath-A,740,7
A50689,El-El Tourath Station St.,740,7
A50690,PH EL TOURATH br.2,761,8
A50691,PYY/EL TOURATH Main Road,766,9
A50692,El Torath259,766,9
A50693,El Tourath Main Road,776,8
A50694,El-El Tourath 04,776,8
A50695,EL el shifa 6th Zone,702,5
A50696,PH El Shifa Main Road,703,7
A50697,PH el shifa 6th Zone136,703,7
A50698,PH El Shifa,726,9
A50699,Ph/el shifa Branch 1,731,5
A50700,PH EL SHIFA 6th Zone,738,4
A50701,El-EL SHIFA Main Road,760,8
A50702,El-EL SHIFA 6th Zone386,763,7
A50703,El Shifa 04865,763,7
A50704,PY/el shifa (2)461,766,10
A50705,EL Elite Smouha Mall,715,2
A50706,el ELITE SMOUHA 011,721,3
A50707,Ph/Elite Smouha Main Road,721,3
A50708,el ELITE SMOUHA 04,729,8
A50709,PY/elite smouha,729,8
A50710,Elite Smouha Station St.,745,5
A50711,Ph/Elite Smouha (2),745,5
A50712,Elite Smouha 6th Zone,771,7
A50713,PH lite Smouha-A,771,7
A50714,el elite smouha-A,779,4
A50715,PH ELITE SMOUHA 011804,779,4
A50716,Elite Smouha (2),780,9
A50717,Ph/Elite Smouha Mall,780,9
A50718,El-ALPHA PHARMA Main Road,704,7
A50719,Alpha Pharma 04,708,5
A50720,El-ALPHA PHARMA br.2,713,5
A50721,PH ALPHA PHARMA 04,738,5
A50722,EL alpha pharma Branch 2,738,5
A50723,EL alpha pharma Branch 2,744,11
A50724,el Alpha hParma Branch 1,754,7
A50725,Alpha Pharma,760,9
A50726,PH City Care Square 011,714,10
A50727,EL City Care Square 6th Zone,741,7
A50728,City Care Square Branch 2,741,7
A50729,Ph/City Care Square Main Road,752,7
A50730,City Care Square-A,752,7
A50731,el El Faraby Station St.,712,8
A50732,el El Faraby,741,8
A50733,EL FARABY Branch 2,741,8
A50734,PY/El Faraby Mall169,748,10
A50735,EL El Faraby,748,10
A50736,EL El Faraby br.2,754,8
A50737,el METRO SMOUHA 04,725,7
A50738,el Metro Smouha Mall,726,10
A50739,Ph/METRO SMOUHA Station St.,726,10
A50740,El-Metro Smouha Branch 2,739,7
A50741,Metro Smouha Stattion St.,739,7
A50742,EL METRO SMOUHA,761,9
A50743,PY/METRO SMOUHA Mall,761,9
A50744,Ph/Al Amal 6th Zone,710,6
A50745,al amal Branch 2,710,6
A50746,PH AL AMAL Branch 1,738,6
A50747,PY/AL AMAL,743,5
A50748,AL AMAL Branch 2,743,5
A50749,Ph/Al Amal br.2,747,5
A50750,al amal 04,760,10
A50751,Ph/Al Amal (2),760,10
A50752,AL AMAL 6th Zone874,761,10
A50753,el Al Amal 011,761,10
A50754,Al Amal,767,8
A50755,Al Amal 6th Zone,769,7
A50756,El-Silver Care Smouha 6th Zone588,705,5
A50757,SILVER CARE SMOUHA 011,720,7
A50758,PH Silver Care Smouha,751,8
A50759,Ph/silver care smouha Mall,751,8
A50760,silver care smouha Mall,755,6
A50761,el shifa 6th Zone,706,9
A50762,PH EL SHIFA Station St.,776,9
A50763,PY/El Shifa (2),776,9
A50764,el shifa,782,4
A50765,PH El Shifa br.2,782,4
A50766,care 24 seven helwan 011,703,8
A50767,El-care 24 seven helwan Station St.,703,8
A50768,El-care 24 seven helwan 04,714,11
A50769,el Care 24 Seven Helwan-A,716,4
A50770,CARE 24 SEVEN HELWAN 011,716,4
A50771,Care 24 Seven Helwan Branch 1,720,8
A50772,EL CARE 24 SEVEN HELWAN 04,728,3
A50773,EL care 24 seven helwan 04,728,3
A50774,PH Care 24 Seven Helwan,746,4
A50775,EL Care 24 Seven Helwan 6th Zone,782,5
A50776,el Nile Care,725,8
A50777,PH nile care-A,755,7
A50778,NILE CARE Main Road,755,7
A50779,PH Nile Care,775,9
A50780,el Health Gate Branch 1,703,9
A50781,EL Health Gate,707,7
A50782,el Health Gate247,707,7
A50783,El-health gate Branch 2,716,5
A50784,El-Heallth Gate Mall,716,5
A50785,PH Health Gate Branch 1,734,7
A50786,EL Health Gate,757,7
A50787,Health Gate 04,757,7
A50788,PH HEALTH GATE (2),780,10
A50789,EL Health Gate403,780,10
A50790,Health Gate Branch 1,782,6
A50791,PY/HEALH GATE 011,782,6
A50792,EL Alpha Pharma Smmouha (2),717,2
A50793,PY/alpha pharma smouha 011,717,2
A50794,EL alpha pharma smouha Main Road,722,6
A50795,Ph/ALPHA PHARMA SMOUHA-A,743,6
A50796,PH ALPHA PHARMA SMOUHA432,743,6
A50797,Alpha Pharma Smouha 04,747,6
A50798,el Alpha Pharma Smouha-A,752,8
A50799,Alpha hParma Smouha Mall330,752,8
A50800,EL alpha pharma smouha-A,760,11
A50801,alpha pharma smouha (2),760,11
A50802,Alpha Pharma Smouha (2),766,11
A50803,el Alpha Pharma Smouha-A,766,11
A50804,EL alpha pharma smouha Station St.,779,5
A50805,Ph/Alpha Pharma Smouha Branch 1,779,5
A50806,EL Family Dokki Mll,700,5
A50807,el Family Dokki Branch 2,700,5
A50808,FAMILY DOKKI Branch 2498,704,8
A50809,EL fmily dokki (2),706,10
A50810,El-Family Dokki Main Road657,711,4
A50811,Ph/Family Dokki Main Road,711,4
A50812,Ph/FAMILY DOKKI 04,730,10
A50813,Family Dokki 04,731,6
A50814,EL Family Dokki Branch 1,738,7
A50815,family dokki StationS t.,782,7
A50816,El-Family Dokki,782,7
A50817,PHARMA PLUS SMOUHA Mall,706,11
A50818,PHARMA PLUS SMOUHA Branch 1,711,5
A50819,Ph/Pharma Plus Smouha Branch 1,712,9
A50820,Ph/Pharma Plus Smoouha,720,9
A50821,el PHARMA PLUS SMOUHA 011,720,9
A50822,PH pharma plu ssmouha br.2605,723,6
A50823,ELL Pharma Plus Smouha Branch 1,732,6
A50824,Pharma Plus Smouha Branch 2,734,8
A50825,EL pharma plus smouha-A,734,8
A50826,Ph/Pharma Plus Smouha 04,749,10
A50827,el PHARMA PLUS SMOUHA br.226,749,10
A50828,Sunrise Helwan,709,5
A50829,Sunrise Helwan-A,709,5
A50830,Ph/Sunrise Helwan Main Road,713,6
A50831,EL sunrise helwan (2),713,6
A50832,Ph/Sunrise Helwan (2),729,9
A50833,el silver care smouha,746,5
A50834,Silver Care Smouha (2),750,9
A50835,el silver care smouha,750,9
A50836,Silver Care Smouha 6th Zone,777,7
A50837,el Union Pharm Maadi Main Road,723,7
A50838,Union Pharm Maadi Branch 2152,723,7
A50839,el union pharm maadi (2),733,6
A50840,El-Union Pharm Maadi 011,733,6
A50841,UNION PHARM MAADI br.2,759,3
A50842,El-Union Pharm Maadi,759,3
A50843,Union Pharm Maadi169,763,8
A50844,Ph/BETTER LIFE Mall,703,10
A50845,PY/Better Life 011,707,8
A50846,el BEETTER LIFE Branch 2,707,8
A50847,Bettter Life,717,3
A50848,El-Better Life 04,720,10
A50849,el better life Branch 2,739,8
A50850,BETTER LIFE Main Road,762,5
A50851,Better Life Station St.,762,5
A50852,Better Life Main Road,771,8
A50853,EL Better Life Main Road,778,7
A50854,Blue Wave,725,9
A50855,PH Blue Wave Mai nRoad,749,11
A50856,blue wave br.2,749,11
A50857,el Blue Wave Branch 1,767,9
A50858,El-Blue Wave br.2,767,9
A50859,El-BLUE WAVE,775,10
A50860,blue wave (2),775,10
A50861,EL Care 24 Seven 6th Zone,721,4
A50862,PH CARE 24 SEVEN Branch 2,721,4
A50863,PH Car 24 Seven Mall368,722,7
A50864,CARE 24 SEVEN502,722,7
A50865,el Care 24 Seven,732,7
A50866,EL Care 24 Seven Mall,745,6
A50867,el Care 24 Seven br.2106,751,9
A50868,Care 24 Sevn Mall,751,9
A50869,PH El Zahraa Station St.,704,9
A50870,EL El Zahraa,745,7
A50871,el El Zahraa,745,7
A50872,El Zahraa,748,11
A50873,El-dr medhat montaza 011,706,12
A50874,Dr Medhat Montaza Station St.800,706,12
A50875,PH DR MEDHAT MONTAZA Branch 1,726,11
A50876,Dr Medhat Montaza Station St.,726,11
A50877,Dr Medhat Montaza 04,736,3
A50878,el dr medhat montaza Branch 1,736,3
A50879,el Dr Medhat Montaza Station St.304,745,8
A50880,Dr Medhat Montaza 04,764,6
A50881,el Dr Medhaat Montaza 04,769,8
A50882,Ph/DR MEDHAT MONTAZA,779,6
A50883,Ph/dr medhat montaza Branch 2,780,11
A50884,El Shifa,715,3
A50885,El Shifa 04,715,3
A50886,Ph/el shifa Station St.,718,3
A50887,El-l shifa 04,738,8
A50888,E SHIFA (2),738,8
A50889,El-El Shifa br.2,746,6
A50890,PY/EL SHIFA Branch 2,766,12
A50891,EL SHIFA445,776,10
A50892,el shifa,776,10
A50893,SALAMTEK Mall,705,6
A50894,Salatmek822,725,10
A50895,PY/Salamtek 6th Zone,729,10
A50896,el salamtek 04,736,4
A50897,EL Salamtek,752,9
A50898,Ph/LIFE LINE SMOUHA br.2,704,10
A50899,PH LIFE LINE SMOUHA Station St.108,721,5
A50900,Ph/Life Line Smouha (2),733,7
A50901,EL Life Line Smouha (2),765,5
A50902,el Al Amal 011,727,10
A50903,Al Ama l04660,727,10
A50904,AL AMAL Mall,730,11
A50905,AL MAL-A,732,8
A50906,Ph/Blue Wave Monatza 011221,733,8
A50907,Ph/blue wave montaza,733,8
A50908,PH Blue Wave Montaza 011,755,8
A50909,El-BLUE WAVE MONTAZA 011,763,9
A50910,EL blue wave montaza,767,10
A50911,Ph/Blue Waev Montaza Branch 2,767,10
A50912,care 24 seven dokki Mlal,707,9
A50913,Care 24 Seven Dokki (2),707,9
A50914,El-CARE 24 SEVEN DOKKI (2),709,6
A50915,Care 24 Seven Dokki Main Road974,732,9
A50916,PY/Care 24 Seven Dokki 011,740,8
A50917,Ph/Care 24 Seven Dokki 011,748,12
A50918,EL Care 24 Seven Dokki Branch 1,767,11
A50919,EL MIRA Branch 1,702,6
A50920,Ph/mira Station St.,702,6
A50921,Ph/MIRA br.2,706,13
A50922,Mira Mall,706,13
A50923,P/hmira (2),718,4
A50924,Mira,718,4
A50925,Mira Station St.,723,8
A50926,MIRA Mall,733,9
A50927,E-lMira Branch 2295,733,9
A50928,Ph/MIRA Branch 1,754,9
A50929,MIRA,758,3
A50930,Mira 6th Zone,761,11
A50931,E-lMIRA,761,11
A50932,El-El Shifa Dokki,704,11
A50933,Ph/El Shifa Dokki-A,704,11
A50934,el El Shifa Dokki Station St.,711,6
A50935,El Shiffa Dokki 04,711,6
A50936,Ph/El Shifa Dokki br.2,712,10
A50937,PY/EL SHIFA DOKKI Main Road212,712,10
A50938,PY/EL SHIFA DOKKI br.2,717,4
A50939,El-el shifa dokki Mall,723,9
A50940,El-El Shifa Dokki Station St.,723,9
A50941,el El Shifa Dokki br.2665,736,5
A50942,EL SHIFA DOKKI 6th Zone,736,5
A50943,el EL SHIFA ODKKI Mall,755,9
A50944,El Shifa Dokki (2),755,9
A50945,el Life Line Smouha 04,717,5
A50946,Life Line Smouha Station St.,717,5
A50947,PH LIFE LINE SMOUHA Mall,723,10
A50948,LIFE LINE SMOUHA Branch 1880,725,11
A50949,Ph/Life Line Smouha Mall791,725,11
A50950,el LIFE LINE SMOUHA br.2,741,9
A50951,EL life line smouh aBranch 2,741,9
A50952,PY/LIFE LINE SMOUHA Branch 1,762,6
A50953,PY/LIFE LINE SMOUHA Branch 1,762,6
A50954,Life Line Smouha Branch 2,764,7
A50955,EL life line smouha (2),764,7
A50956,LifeL ine Smouha Station St.,772,11
A50957,Ph/life line souha Mall,774,4
A50958,El Zahraa Imbab 04,705,7
A50959,el el zahraa imbaba 011,709,7
A50960,el zahraa imbaba Mall,709,7
A50961,EL EL ZAHRAA IMBABA (2),721,6
A50962,el zahraa imbaab Mall743,721,6
A50963,el zahraa imbaba Branch 1,738,9
A50964,El-EL ZAHRAA IMBABA,738,9
A50965,PY/EL ZAHRAA IMBABA-A,755,10
A50966,Ph/EL ZAHRAA IMBABA Branch 1,780,12
A50967,el el zahraa imbaba,780,12
A50968,PH EL ZAHRAA IMBABA (2),781,8
A50969,PH LIFE LINE SMOUHA,708,6
A50970,PY/Life Lin eSmouha br.2,708,6
A50971,Life Line Smouha Main Road,716,6
A50972,life line smouha 6ht Zone,720,11
A50973,el life line smouha,726,12
A50974,Life Line Smouha-A,767,12
A50975,life line smouha 011,767,12
A50976,el Life Line Smouha Branch 1,776,11
A50977,PH lif line smouha 011,776,11
A50978,PH Union Pharm Rehab View Main Road,722,8
A50979,union pharm rehab view,722,8
A50980,PY/union pharm rehab view-A,726,13
A50981,union pharm rehab view 011,726,13
A50982,Ph/UNION PHARM REHAB VIEW322,756,8
A50983,PH UNION PHARM REHAB VIEW-A,756,8
A50984,PH Blue Wave (2)622,723,11
A50985,BLUE WAVE Main Road,727,11
A50986,PH blue wave (2),769,9
A50987,Blue Wave br.2,769,9
A50988,Ph/Blue Wave 6th Zone,772,12
A50989,PH Blue Wave br.2,772,12
A50990,EL Life Line Rehab View Mall,720,12
A50991,Ph/LIFE LINE REHAB VIEW Branch 1,722,9
A50992,Life Line Rehab View Branch 2,722,9
A50993,Ph/Life Line Rehab View br.2,732,10
A50994,Ph/life line rehab view (2),737,11
A50995,Life Line Rehab View 011,737,11
A50996,PH Alpha Pharma Square 04594,701,8
A50997,alpha pharma square Branch 1,701,8
A50998,Ph/Alpha Pharma Square 6th Zone,731,7
A50999,PH Alpha Pharma Square725,734,9
A51000,ALPHA PHARMA SQURE 04,741,10
A51001,El-Alpha Pharma Square,748,13
A51002,PH ALPHA PHARMA SQUARE (2)320,754,10
A51003,ALPHA PHARMA SQUARE168,754,10
A51004,PY/Alpha hParma Square,756,9
A51005,PH alpha pharma square 011,761,12
A51006,EL EL SHIFA SQUARE Mall,706,14
A51007,El-EL SHIFA SQUARE,706,14
A51008,Ph/El Shifa Square br.2,746,7
A51009,El Shifa Square Branch 1577,746,7
A51010,EL El Shifa Square Mall,751,10
A51011,EL EL SHIFA SQUARE 04,751,10
A51012,PY/EL SHIFA SQUARE,755,11
A51013,PY/El Shifa Square 6th Zone,755,11
A51014,EL El Shifa Square 04,766,13
A51015,El Shifa Square,766,13
A51016,El Shfia Square br.2,775,11
A51017,PY/El hSifa Square (2)786,775,11
A51018,El Faraby Smouha Station St.,732,11
A51019,El Faraby Smouha Branch 1,732,11
A51020,el faraby smoouha 04,749,12
A51021,PH El Faraby Smouha 04,754,11
A51022,EL FARABY SMOUHA,754,11
A51023,el faraby smouha Station St.,757,8
A51024,PY/EL FARABY SMOUHA Mall,777,8
A51025,El Faraby Smouha Mall,781,9
A51026,EL METRO SMOUHA,701,9
A51027,EL Metro Smouha br.2897,708,7
A51028,PY/metro smouha,708,7
A51029,metro smouha br.2111,711,7
A51030,Meto Smouha,711,7
A51031,Metro Smouha Main Road,731,8
A51032,Metro Smouha Staion St.,753,7
A51033,METRO SMOUHA 011,768,8
A51034,PHH El Tourath Branch 1,718,5
A51035,PH El Tourath br.2,718,5
A51036,El Tourath,727,12
A51037,El Tourath Branch 1,727,12
A51038,PH el tourath Main Road,738,10
A51039,EL TOURATH,738,10
A51040,PY/EL TOURATH Main Road,750,10
A51041,El Tourath (2),757,9
A51042,El Tourath-A,757,9
A51043,PY/el tourath Mall,762,7
A51044,El Tourrath-A,762,7
A51045,EL eltourath,772,13
A51046,Al Nozha Helwan 011306,715,4
A51047,EL Al Nozha Helwan 04,716,7
A51048,Ph/AL NOZHA HELWAN (2),716,7
A51049,PH Al Nozha Helwan (2),729,11
A51050,EL AL NOZHA HELWAN 04820,729,11
A51051,PY/Pharma Plus 6th Zone,727,13
A51052,el Phama Plus,727,13
A51053,pharma plus Main Road,735,9
A51054,EL Pharma Plus Branch 2,739,9
A51055,Ph/Pharma Plus Mall19,742,7
A51056,El-Pharma Plus 04,742,7
A51057,PY/Pharma Plus (2),747,7
A51058,el pharma plus 011,756,10
A51059,Ph/el baraka smouha,700,6
A51060,el EL BARAKA SMOUHA 011,712,11
A51061,PH el braka smouha-A,714,12
A51062,el el baraka smouha,715,5
A51063,El Baraka Smouha Branch 2,715,5
A51064,PH E Baraka Smouha,736,6
A51065,El-El Baraka Smouha (2),740,9
A51066,PH EL BARAKA SMOUHA (2)785,773,5
A51067,Ph/al amal br.2729,709,8
A51068,Phh/Al Amal-A,711,8
A51069,Ph/al amal Mall,722,10
A51070,PY/al amal Station St.,722,10
A51071,el al amal-A243,735,10
A51072,AL AMAL,735,10
A51073,PY/Al Amal 04,744,12
A51074,PY/al amal 011,766,14
A51075,EL al amal Main Road,772,14
A51076,el Al Amal 6th Zone644,772,14
A51077,Ph/Al Amal 6th Zone57,780,13
A51078,Ph/AL AML Main Road,780,13
A51079,Star Care 04,705,8
A51080,PY/Sta Care,706,15
A51081,EL STAR ACRE 011,721,7
A51082,Ph/Star Care57,744,13
A51083,el STAR CARE 6th Zone660,757,10
A51084,PH Star Care Branch 2,762,8
A51085,STAR CARE-A,762,8
A51086,EL Star Care (2),767,13
A51087,Star Care (2),767,13
A51088,PH Health Gate Smouha Branch 1,714,13
A51089,PH health gate smouha,734,10
A51090,health gate smouha-A,734,10
A51091,El-health gate smouha Branch 2,742,8
A51092,El-health gate smouha,746,8
A51093,Ph/Health Gate Smouha Main Road,757,11
A51094,El-Health Gate Smouha,757,11
A51095,EL Health Gate Smouha 6th Zone61,764,8
A51096,health gate smouha (2),764,8
A51097,Health Gate Smouha,774,5
A51098,El-HEALTH GATE SMOUHA839,774,5
A51099,PY/health gate smouha Branch 2924,782,8
A51100,el Mira Branch 2248,730,12
A51101,Ph/MIRA Branch 1,730,12
A51102,Mira br.2,745,9
A51103,el Mira,745,9
A51104,mira-A,759,4
A51105,Mira,759,4
A51106,MRA Mall,773,6
A51107,Mira (2)661,773,6
A51108,EL MIRA 011,774,6
A51109,Mir aMall,778,8
A51110,el MIRA Station St.,778,8
A51111,mira 011,782,9
A51112,el MIRA Station St.,782,9
A51113,FAIMLY,710,7
A51114,PH fmily-A,710,7
A51115,EL Family Branch 2,713,7
A51116,EL Family 04,713,7
A51117,PY/family 04,715,6
A51118,El-Famiy br.2,715,6
A51119,FAMILY192,743,7
A51120,Famiily,743,7
A51121,PY/FAMILY Station St.,776,12
A51122,el Family br.2,781,10
A51123,PH Al Nozha 04,726,14
A51124,PH al nozha,726,14
A51125,PY/al nozhaa 011,737,12
A51126,PY/al nozha Station St.,737,12
A51127,PY/Al Nozha 011,739,10
A51128,el Al Nozha Branch 2,739,10
A51129,AL NOZHA,767,14
A51130,Ebn SinaF aisal,702,7
A51131,EL EBN SIN AFAISAL,702,7
A51132,El-ebn sina faisal Branch 1,705,9
A51133,PY/ebn sina faisal-A221,709,9
A51134,PH Ebn Sina Faisal Station St.,709,9
A51135,Ebn Sina FaisalMall491,719,7
A51136,EL ebn sina faisal Branch 1,726,15
A51137,El-Ebn Sina Faisal Mall,726,15
A51138,EBN SINA FAISAL 04,735,11
A51139,el EBN SINA FAISAL,735,11
A51140,PY/ebn sina faisal Mall,742,9
A51141,EBN SINA FAISAL Station St.,768,9
A51142,Health Gate Branch 143,700,7
A51143,el Health Gate,700,7
A51144,health gate,705,10
A51145,PH health gate ((2),724,4
A51146,Ph/Health Gate,739,11
A51147,Health Gate Branch 2,757,12
A51148,el health gate Main Road,757,12
A51149,Heealth Gate br.2,774,7
A51150,Health Gate br.2,774,7
A51151,EL Omega Square 04,708,8
A51152,OMEGA SQUARE-A,719,8
A51153,Omega Square Branch 2,719,8
A51154,PH OMEGA SQUARE 04,722,11
A51155,PY/Omega Square Branch 2,730,13
A51156,Omega Square Station St.,730,13
A51157,el OMEGA SQUARE br.2,762,9
A51158,El-better life smouha Main Road,717,6
A51159,El-Better Life Smouha Branch 1,717,6
A51160,el Better Life Smouha,718,6
A51161,EL Better Life Smouha-A409,718,6
A51162,Ph/BETTER LIFE SMOUHA 04,730,14
A51163,Better Lfie Smouha Branch 1519,739,12
A51164,el better life smouha-A,755,12
A51165,PY/BETTER LIFE SMOHA (2),756,11
A51166,PY/Better Life Smouha 011,756,11
A51167,EL beter life smouha 6th Zone,772,15
A51168,PH Surnise Oct City,701,10
A51169,EL Sunrise Oct City Station St.,731,9
A51170,EL SUNRISE OCT CITY br.2,731,9
A51171,PH SUNRISE OCT CITY Branch 2,736,7
A51172,EL sunrise oct city-A457,738,11
A51173,Ph/sunrisse oct city Branch 2,738,11
A51174,el Blue Wave 6th Zone,711,9
A51175,El-Blue Wavee br.2140,711,9
A51176,Blue Wave Branch 1548,722,12
A51177,Blue Wave903,722,12
A51178,EL blue wave Station St.,726,16
A51179,PY/Blue Wave Main Road,726,16
A51180,blue wave Mall,741,11
A51181,Blue Wave Branch 1814,741,11
A51182,blue wave Branch 1,755,13
A51183,Blue Wave Main Road,755,13
A51184,bluewave,762,10
A51185,El-Misr Montaza 011954,712,12
A51186,MISR MONTAZA,712,12
A51187,Misr Montaza Mall,732,12
A51188,EL misr montaza br.2,745,10
A51189,Ph/Misr Montaza 04,745,10
A51190,El-Misr Montaza,748,14
A51191,El-MISR MMONTAZA br.2,751,11
A51192,Ph/MISR MONTAZA-A,751,11
A51193,Ph/MISR MONTAZA Branch 1,754,12
A51194,EL Misr Montaza 011,754,12
A51195,PH misr montaza,757,13
A51196,BLUE WAVE SMOUHA 6th Zone,705,11
A51197,blue wave smouha Branch 1,705,11
A51198,Ph/Blue Wave Smouha-A,724,5
A51199,EL BLUE WAVE SMOUHA75,737,13
A51200,EL Blue Wave Smouha,737,13
A51201,GREEN LEAF SMOUHA br.2,734,11
A51202,el Green Leaf Smouha br.2,734,11
A51203,Green Leaf Smouha Main Road,750,11
A51204,el Green Leaf Smouha 6th Zone,750,11
A51205,Green eaf Smouha Branch 2,753,8
A51206,El Zahraa Smouha-A,708,9
A51207,el El Zahraa Smouha,708,9
A51208,El Zahraa Somuha br.2,714,14
A51209,El Zahraa Smouha Mall,765,6
A51210,el zahraa smouha Main Road,765,6
A51211,el El Zahaa Smouha 011,766,15
A51212,Ph/EL ZAHRAA SMOUHA Branch 1,770,9
A51213,PY/SEHA FIRST SMOUHA 6th Zone,718,7
A51214,Ph/Seha First SSmouha 6th Zone,718,7
A51215,PY/seha first smouha 6th Zone,735,12
A51216,seha first smouha br.2,739,13
A51217,Seeha First Smouha,739,13
A51218,Seha First Smouha Main Road,741,12
A51219,El-EHA FIRST SMOUHA 011,741,12
A51220,PY/SEHA FIRST SMOUHA Branch 2,744,14
A51221,el seha first smouha br.2,771,9
A51222,Ph/seha first smouha 04,775,12
A51223,Ph/Seha First Smouha Branch 1,777,9
A51224,EL Seha First Smouha,777,9
A51225,El Baraka Helwan-A,713,8
A51226,El Barakka Helwan Branch 2,728,4
A51227,EL BARAKA HELWAN Branch 1508,736,8
A51228,El-el baraka helwan 04,769,10
A51229,El-el baraka helwan Branch 2,770,10
A51230,el Better Life Smouha-A,704,12
A51231,el Better Life Smouha Branch 1763,730,15
A51232,PH Better Life Smouha,730,15
A51233,better life smouha (2),732,13
A51234,El-better lifesmouha-A,759,5
A51235,EL BETTER LIFE SMOUHA,780,14
A51236,PY/Better Life Smouha Branch 2,782,10
A51237,Ph/Better Life Smouha Station St.,782,10
A51238,PH Star Care Branch 2,704,13
A51239,El-STAR CARE Branch 1173,722,13
A51240,EL STAR CARE-A,727,14
A51241,EL Star Care,737,14
A51242,EL Star Care 04,737,14
A51243,Ph/Star Care,739,14
A51244,PH STAR CARE 6th Zone,739,14
A51245,el star care (2),750,12
A51246,EL STAR CARE11,775,13
A51247,El-Star Care 011,779,7
A51248,El-star care 04111,779,7
A51249,PH El Baraka Helwan Sttaion St.,717,7
A51250,Ph/el baraka helwan805,717,7
A51251,EL El Baraka Helwan 04,729,12
A51252,El Baraka Helwan 04,729,12
A51253,El-El Baraka Helwan Main Road221,735,13
A51254,EL El Baraka Helwan Mall,735,13
A51255,Ph/el baraka helwan 6th Zone117,763,10
A51256,EL el baraka helwan,766,16
A51257,El-El Baraka Helwan-A57,766,16
A51258,El Baraka Helwan Branch 1,768,10
A51259,El Baraka Helwan Branch 1,768,10
A51260,Ph/EL BARAKA HELWAN Main Road428,777,10
A51261,EBN SINA SMOUHA,713,9
A51262,PY/EBN SINA SMOUHA,713,9
A51263,Ph/EBN SINA SMOUHA 6th Zone,722,14
A51264,PY/Ebn Sina Smouha,727,15
A51265,EBN SINNA SMOUHA (2),747,8
A51266,EL Ebn Sina Smouha Main Road,747,8
A51267,Ph/ebn sina smouha-A,749,13
A51268,Ebn Sina Smouha 04,752,10
A51269,Ph/Mira Dokki 011682,712,13
A51270,PH MIRA DOKKI (2)212,726,17
A51271,Mira Dokki 011,727,16
A51272,Mira Dokki Station St.,727,16
A51273,Ph/Mira Dokki,728,5
A51274,El-miira dokki Main Road,745,11
A51275,Mira Dokki 6th Zone587,745,11
A51276,EL Mira DDokki,747,9
A51277,Ph/MIRA DOKKI 6th Zone,747,9
A51278,PY/mira dokki 6th Zone,759,6
A51279,El-MIRA DOKKI,760,12
A51280,el pharma plus smouha (2),700,8
A51281,el Pharma Plus Smouha (2),735,14
A51282,Ph/pharm aplus smouha952,779,8
A51283,Pharma Plus Smouha-A,779,8
A51284,EL PHAMRA PLUS Mall,716,8
A51285,El-Pharma Plus,730,16
A51286,pharma plus Staton St.,730,16
A51287,PH pharma plus (2),754,13
A51288,el Pharma Plus Station St.,755,14
A51289,PY/Pharma Plus (2)319,763,11
A51290,PH pharma plus 011,763,11
A51291,Pharma Plus br.2,765,7
A51292,Ph/pharma plus Branch 2,768,11
A51293,El-PHARMA PLUS 04,782,11
A51294,Ph/BETTER LIFEbr.2,708,10
A51295,better lifeS tation St.,744,15
A51296,BETTER LIFE 04,764,9
A51297,PH better life (2),771,10
A51298,BETTER LIEF Branch 2,771,10
A51299,Ph/union pharm Station St.,712,14
A51300,Uniion Pharm,719,9
A51301,el UNION PHARM (2),726,18
A51302,union pharm,726,18
A51303,EL Union Pharm 04,732,14
A51304,Union Pharm,747,10
A51305,el Union Pharmm 6th Zone,753,9
A51306,PY/union pharm Station St.736,779,9
A51307,Union Pharm br.2,782,12
A51308,Ph/El Shifa Zayed 6th Zone,701,11
A51309,Ph/el shifa zayed Main Road,701,11
A51310,El Shifa Zayed 04,705,12
A51311,PH El Shifa Zaye dMall,720,13
A51312,EL El Shifa Zayed801,720,13
A51313,PH El Shif Zayed Main Road,721,8
A51314,Ph/el shifa zayed,733,10
A51315,PH el shifa zayed br.2,733,10
A51316,PYY/El Shifa Zayed368,759,7
A51317,El Shifa Zayed984,781,11
A51318,PH E lShifa Zayed 04359,781,11
A51319,EL HOKAM A04,700,9
A51320,El-el hokama,700,9
A51321,el hokama,708,11
A51322,el El Hokama,727,17
A51323,PY/EL HOKAMA 6th Zone,740,10
A51324,PH el hokamaa (2),741,13
A51325,El Hokama 04,759,8
A51326,El Hokama,759,8
A51327,el El Hokama Smouha Main Road229,731,10
A51328,el EL HOKAMA SMOUHA br.2,746,9
A51329,el el hkoama smouha,746,9
A51330,Ph/el hokama smouha br.2985,777,11
A51331,EL EL TOURATH SMOUHA br.2365,700,10
A51332,PH EL TOURATH SMOUHA( 2),758,4
A51333,El Tourath Smouha Main Road,758,4
A51334,el tourath smouha 04,769,11
A51335,El Tourath Smouha,769,11
A51336,EL blue wae Mall,700,11
A51337,el blue wave Branch 1,715,7
A51338,PH Blue Wave br.2344,715,7
A51339,PH Blue Wave Main Road,718,8
A51340,el Blue Wave br.2,730,17
A51341,bluue wave br.2,730,17
A51342,BLUE WAVE Branch 2,759,9
A51343,Blue Wave-A,759,9
A51344,El-Care 24 Seven,700,12
A51345,CARE 24 SEVEN,709,10
A51346,el Care 24 Seven Branch 2227,709,10
A51347,care 24 seven,767,15
A51348,PY/Omgea Station St.,702,8
A51349,PH omega (2)337,702,8
A51350,EL Omega br.2,738,12
A51351,Omega,738,12
A51352,omega br.2,750,13
A51353,Omega Main Road,750,13
A51354,El--omega-A,771,11
A51355,Omega 011,771,11
A51356,EL MOEGA,778,9
A51357,el Omega,778,9
A51358,PH family,704,14
A51359,PH Family Station St.,730,18
A51360,FAMILY 011,736,9
A51361,PY/Family 6th Zone822,763,12
A51362,ElFamily Mall,763,12
A51363,pharmaplus helwan,706,16
A51364,EL pharma plus helwan,732,15
A51365,Ph/PHHARMA PLUS HELWAN 011,732,15
A51366,el Pharma Plus Helwan Station St.,752,11
A51367,el Pharma Plus Helwan Branh 1,752,11
A51368,Pharma Plus Helwan-A,757,14
A51369,elP harma Plus Helwan-A,757,14
A51370,e PHARMA PLUS HELWAN,760,13
A51371,Pharma Plus Helwan Station St.,760,13
A51372,PY/misrf aisal (2),708,12
A51373,Misr Faisal 04,735,15
A51374,PY/Misr Faisal409,735,15
A51375,Ph/Misr Faisal br.2,741,14
A51376,EL Misr Faisal Station St.,741,14
A51377,Misr Faisal965,745,12
A51378,Misr Faisal,745,12
A51379,Misr Faisal (2)96,781,12
A51380,El-Blue Wave 011132,716,9
A51381,Blue Wvae Station St.,720,14
A51382,EL blu wave,720,14
A51383,Blue Wave 6th Zone,739,15
A51384,blue wave Station St.,747,11
A51385,El-Blue Wave,747,11
A51386,PH El Shifa Montaza,703,11
A51387,PY/El Shifa Montaza572,708,13
A51388,PH El Shifa Montaza Mall,708,13
A51389,PH El Shifa Montaza br.223,724,6
A51390,El SShifa Montaza,724,6
A51391,PH EL HIFA MONTAZA Branch 2,726,19
A51392,Ph/El Shifa Montaza (2),726,19
A51393,PH El Shifa Montaza 6th Zone,731,11
A51394,el shifa montaza Mall,758,5
A51395,EL SHIFA MONTAZA br.2,758,5
A51396,PY/El Shifa Montaza (2)475,759,10
A51397,Ph/EL SHIFA MONTAZA Main Road,759,10
A51398,El Shifa Montaza-A,769,12
A51399,Ph/El Shifa Montaza179,769,12
A51400,El-Al Amal Smouha Branch 2,700,13
A51401,Ph/AL AMAL SMOUHA (2),700,13
A51402,Ph/AL AMAL SMOUHA Branch 2,725,12
A51403,El-Al Amal Smouha 6th Zone,733,11
A51404,EL Al Amal mouha (2),739,16
A51405,Al Amal Smouha 04,757,15
A51406,PY/Al Amal Smouha,757,15
A51407,Ph/life line agami br.2,702,9
A51408,Life Line Agami,720,15
A51409,life line agami Main Road,720,15
A51410,EL life ine agami Mall,726,20
A51411,EL Life Line Agami,726,20
A51412,El-life line agami-A282,743,8
A51413,Life Line Agami 6th Zone645,743,8
A51414,PY/LIFE LINE AGAMI-A,753,10
A51415,El-Life Line Agami 6th Zone471,753,10
A51416,EL LIFE LINE AGAMI,764,10
A51417,PY/Life Line Agami br.2,779,10
A51418,LIFE LINE AGAIM br.2,779,10
A51419,Ph/Life Line Agami b.r2,782,13
A51420,PH Life Line Agami (2),782,13
A51421,Ph/Metro Mall830,718,9
A51422,Metro,718,9
A51423,metro,723,12
A51424,EL Metro Branch 2416,723,12
A51425,EL metro,726,21
A51426,Metro 011,726,21
A51427,metro Mall480,744,16
A51428,PH METRO 6th Zone91,748,15
A51429,PY/metro Mall500,748,15
A51430,El-MEETRO br.2,766,17
A51431,PY/Metro 04,766,17
A51432,PY/meto Station St.,770,11
A51433,PY/metro 04,778,10
A51434,BLUE WAVE MAADI Branch 1,702,10
A51435,Blue Wave Maadi,708,14
A51436,Blue Wave Maadi Branch 1,708,14
A51437,Ph/BLUE WAVE MAADI,718,10
A51438,EL BLUE WAVE MAADI-A,724,7
A51439,PY/Blue Wave Maadi,724,7
A51440,PY/Blue Wave Maadi 6th Zone,726,22
A51441,EL BLUE WAVE MAADI-A,726,22
A51442,PY/blue wave maadi,730,19
A51443,el Blue Wave Madai 011,757,16
A51444,PH Blue Wave Maadi,769,13
A51445,el Golden Care Banha (2),710,8
A51446,El-Golden Care Banha,710,8
A51447,el GOLDEN CARE BANHA (2),720,16
A51448,PY/Golden Care Banha Station St.461,748,16
A51449,PH Golden Care Banha br.2,748,16
A51450,star care smouha aMin Road808,703,12
A51451,PY/Star Care Smouha br.2,712,15
A51452,SATR CARE SMOUHA 04,712,15
A51453,PH star care smouha Mall,755,15
A51454,star care smouha Station St.,778,11
A51455,star care smouh a04,778,11
A51456,Ph/STAR CARE SMOUHA (2),782,14
A51457,PY/CITY CARE SMOUHA Mall,719,10
A51458,El-city care smouha,722,15
A51459,Ph/City Care Smouha Main Road,722,15
A51460,El-City Care Smouha,730,20
A51461,City Care Smouha,730,20
A51462,el city care smouha-A,753,11
A51463,CITY CARE SMOUHA,753,11
A51464,Ph/city care smouha,756,12
A51465,CITY CARE SMOUHA Branch 1,756,12
A51466,PY/city care smouha 6th Zone,769,14
A51467,PY/City Care Smouha Branch 1,769,14
A51468,CITY CARE SMOUHA-A,774,8
A51469,PH CITY CARE SMOUHA,775,14
A51470,CITY CRE SMOUHA 04,775,14
A51471,METRO 011,710,9
A51472,Ph/metro 011,730,21
A51473,el Metro br.2,730,21
A51474,PY/METRO (2),740,11
A51475,METRO 04,752,12
A51476,PH metro,757,17
A51477,el Metro Branch 2,757,17
A51478,El-METRO 6th Zone,770,12
A51479,PHH Metro,778,12
A51480,Ph/el nasr banha Branch 1174,710,10
A51481,EL EL NASR BANHA 6th Zone,710,10
A51482,El-el nasr banha Mall,737,15
A51483,Ph/El Nasr Banha br.2,753,12
A51484,el nasr banha 04,754,14
A51485,EL NASR BANHA756,754,14
A51486,el el nasr banha,756,13
A51487,EL El Nasr BanhaBranch 1,756,13
A51488,el EL NASR BANHA997,769,15
A51489,el EL NASR BANHA Branch 2,781,13
A51490,el El Nasr Banha Station St.,781,13
A51491,EL EL NASR BNHA Branch 1194,782,15
A51492,El Nasr Banha 011,782,15
A51493,ALPHA PHARMA Mall,706,17
A51494,PH Alpha Pharma 6th Zone,706,17
A51495,Ph/ALPHA PHARMA (2),708,15
A51496,EL Alpha Pharma 6th Zone,711,10
A51497,PH Alpha Pharma Branhc 1,711,10
A51498,Alpha PPharma Mall693,755,16
A51499,El-ALPHA PARMA,768,12
A51500,PH ALPHA PHARMA 6th Zone,781,14
A51501,Alpha Pharma (2),781,14
A51502,life line 6th Zone,703,13
A51503,Life Line 6th Zone772,710,11
A51504,El-LifeL ine,710,11
A51505,PH Life Line 6th Zone,715,8
A51506,El-LIFE LINE (2),715,8
A51507,EL Life Line,719,11
A51508,Lfe Line Main Road,733,12
A51509,PH life line-A,733,12
A51510,EL LIFE LINE 011,766,18
A51511,el life line Branch 2,782,16
A51512,Ph/health gate,710,12
A51513,HEALTH GATE StationS t.64,711,11
A51514,health gate 6thZ one516,755,17
A51515,Ph/health gate-A,762,11
A51516,HEALTH GATE 6th Zone,763,13
A51517,EL HEALTH GATE,763,13
A51518,HEALTHG ATE Branch 2,779,11
A51519,PY/Blue Wave,715,9
A51520,EL Bluue Wave,732,16
A51521,blue wave-A,732,16
A51522,Blue Wave Branch 2,763,14
A51523,el blue wave,763,14
A51524,Mira Mag Branch 1289,708,16
A51525,MIRA MARG br.2,719,12
A51526,mira marg Main Road,745,13
A51527,MIRA MARG Branch 2,745,13
A51528,el Mira Marg-A355,773,7
A51529,PH Mira Marg Branch 2,773,7
A51530,PY/Golden Care Shubra Branch 2,700,14
A51531,Golden Care Shubra 011,700,14
A51532,EL GOLDEN CARE SHUBRA (2),705,13
A51533,Ph/Golden Care Shubra Mall,720,17
A51534,EL Golden Care Shubra 04,753,13
A51535,Golden Care Shubra 04,753,13
A51536,el Mira Dokki363,725,13
A51537,MIRA DOKKI 04,725,13
A51538,Ph/MIRA DOKKI,742,10
A51539,mra dokki,742,10
A51540,Ph/mira dokki,773,8
A51541,El-MIRA DOKKI Mall,773,8
A51542,Ph/Mira Dokki 04,778,13
A51543,Mira Dokki,778,13
A51544,PY/STAR CCARE Mall,710,13
A51545,Star Care br.2,710,13
A51546,Star Care,724,8
A51547,EL star care Brranch 2146,742,11
A51548,Star Care 011,766,19
A51549,Star Caer (2),776,13
A51550,Satr Care Main Road,776,13
A51551,Ph/Pharma Plus Nozha Station St.,710,14
A51552,EL Phrma Plus Nozha,710,14
A51553,pharma pplus nozha Mall,719,13
A51554,EL Pharma Plus Nozha,719,13
A51555,EL pharma plus nozha Station St.,729,13
A51556,El-PHARMA PLUS NOZHA-A,729,13
A51557,PHARMA PLUS NOZHA br.2,760,14
A51558,Pharma Plus Nozha,760,14
A51559,el PHARMA PLUS NOZHA (2),761,13
A51560,El-Pharma Plus Nozha b.2,761,13
A51561,EL Pharma Plus Nozha,765,8
A51562,Pharma Plus Nozha Main Road,774,9
A51563,el pharma plus nozha br.2,774,9
A51564,EL PHARMA PLUS NOZHA br.2,779,12
A51565,el PHARMA PLUS NOZHA br.2,779,12
A51566,EL BARAKA,703,14
A51567,EL BARAKA (2),703,14
A51568,El-El Baraka br.2,708,17
A51569,El Baraka,708,17
A51570,Ph/El Baraka Mall,713,10
A51571,el baraka Branch 2,718,11
A51572,PY/EL BARAKA Mall371,718,11
A51573,El Barraka622,735,16
A51574,PH EL BARAKA 04,735,16
A51575,PH EL BARAKA br.2,739,17
A51576,PH Mir Smouha,705,14
A51577,El-MIRA SMOUHA,705,14
A51578,Ph/Mira Smouha 6th Zone,710,15
A51579,MIRA SMOUHA Mall,710,15
A51580,PY/Mira Smouha,756,14
A51581,Mira Smouha,758,6
A51582,El-mira smouha Mall,758,6
A51583,Ph/el shifa 04,705,15
A51584,El-El Shifa,705,15
A51585,PY/El Shifa br.2,728,6
A51586,el shifa Station St.,728,6
A51587,El Shifa Branch 1686,730,22
A51588,El-El Shifa br.2,730,22
A51589,El Shifa Station St.,740,12
A51590,PH El Shifa,740,12
A51591,EL El Shifa Station St.,752,13
A51592,el EL SHIFA-A,752,13
A51593,el Silver Care Mall,740,13
A51594,Silver Care-A,744,17
A51595,silver care,744,17
A51596,PY/SILVER CARE Station St.,767,16
A51597,silver care366,780,15
A51598,PH golden care smouha Mall,704,15
A51599,EL GOLDEN CAE SMOUHA 011,708,18
A51600,PY/Golden Care Smouha Station St.,708,18
A51601,PH golden care smouha Station St.,720,18
A51602,PH Golden Care Smouha Mall,725,14
A51603,EL golden care smouha Branch 1,725,14
A51604,PH golden care smouhaa 011,726,23
A51605,El-Golden Care Smouha Branch 1,726,23
A51606,GOLDEN CARE SMOUHA Branch 1,756,15
A51607,el GLODEN CARE SMOUHA,756,15
A51608,P/hGolden Care Smouha,766,20
A51609,El-GOLDEN CARE SMOUHA (2),774,10
A51610,El Faraby Smouha br.2,710,16
A51611,el El Faraby Smouha br.2,710,16
A51612,el el faraby smouha br.2,717,8
A51613,El-El Faraby Smouha Branch 2,717,8
A51614,El-el faraby smouha 6th Zone542,752,14
A51615,EL FARABY SMOUHA (2),779,13
A51616,EL EL FARABY SMOUHA-A,782,17
A51617,MISR HELWAN,707,10
A51618,el Misr Helwan 011,725,15
A51619,Misr Helwan 04,725,15
A51620,PH Misr Hlewan Mall,739,18
A51621,Misr Helwan br.2,752,15
A51622,Ph/MISR HELWAN 011,772,16
A51623,PY/misr helwan 04,780,16
A51624,el Mir (2),713,11
A51625,El-misr 011,736,10
A51626,el misr Mall,736,10
A51627,el msir 011,751,12
A51628,Ph/Misr Main Road,754,15
A51629,Misr-A754,754,15
A51630,Ph/Misr Main Road,766,21
A51631,El-Misr MMain Road,769,16
A51632,misr,769,16
A51633,el Misr 04,782,18
A51634,El-El Zahraa Agam 011,726,24
A51635,El-EL ZAHRAA AGAMI Main Road,730,23
A51636,EL ZAHAA AGAMI,730,23
A51637,El-El Zahraa Agami,734,12
A51638,EL ZAHRAA AGAMI,734,12
A51639,EL EL ZAHRAA AGAMI 6th Zone,749,14
A51640,PH EL ZAHRAA AGAMI,749,14
A51641,el EL ZAHRAA AGAMI678,751,13
A51642,EL AL AMAL OBOUR br.2768,710,17
A51643,el al amal obour Station St.872,710,17
A51644,Ph/al amal obour br.2629,732,17
A51645,Ph/al amal obour Station St.572,780,17
A51646,PY/AL AMAL OBOUR 011,780,17
A51647,green leaf smouha Main Road,723,13
A51648,green leaf smouha,732,18
A51649,Green Leaf Smouha Branch 1,732,18
A51650,GREEN LEAF SMOUHA 011,754,16
A51651,PH green leaf smouha Main Road120,754,16
A51652,Green LeafSmouha 6th Zone,761,14
A51653,Green Leaf Somuha 6th Zone,761,14
A51654,El-rGeen Leaf Smouha Main Road180,767,17
A51655,Green Leaf Smouha Branch 2,782,19
A51656,PY/green leaf smouha 011579,782,19
A51657,El-El Tourath 04580,708,19
A51658,Ph/El Tourath (2),708,19
A51659,PY/El Tourath,728,7
A51660,Ph/EL TOURATH902,742,12
A51661,EL El Touath br.2,742,12
A51662,EL TOURATH,745,14
A51663,el El Tourath Main Road,745,14
A51664,Ph/el tourath,768,13
A51665,el El Tourath,775,15
A51666,el FAMILY 6th Zone,720,19
A51667,family 011,720,19
A51668,Family (2),732,19
A51669,El-FAMILY Brranch 2,732,19
A51670,El-family Main Road,735,17
A51671,FAMILY 6th Zone,735,17
A51672,el Famil 04,781,15
A51673,PH FAMILY Main Road,781,15
A51674,EL SALAMTEK,701,12
A51675,el salamtek114,705,16
A51676,EL Salamtek (2),738,13
A51677,Ph/Salamtek,738,13
A51678,El-SSalamtek Mall,739,19
A51679,PH salamtek,739,19
A51680,PH Alpha Pharma br.2,721,9
A51681,PY/Alpha Pharma 6th Zone,755,18
A51682,el Alpha Pharma Mall,769,17
A51683,EL Allpha Pharma Mall,769,17
A51684,Alpha Pharma-A263,770,13
A51685,PH ALPHA PHARM-A,770,13
A51686,EL el hokama smouha (2),702,11
A51687,EL EL HOKAMA MOUHA Station St.,717,9
A51688,PY/El Hokama Smouha,717,9
A51689,El Hokama Smouha 6th Zone,726,25
A51690,el el hokama smouha30,752,16
A51691,El Hokama Smouha Branch 2,752,16
A51692,El Hokama Smouha Mall,755,19
A51693,PH El Hokama Smouha 011856,763,15
A51694,PY/el hokama smouha Station St.,774,11
A51695,DR MEDHAT FAISAL 011,716,10
A51696,El-DR MEDHAT FAISAL Station St.,720,20
A51697,Dr Medhat Faisal 011,731,12
A51698,PH DR MEDHAT FAISAL 011,748,17
A51699,DR MEDHAT FAISAL 6th Zone,748,17
A51700,Ph/dr medhat faisal 04,752,17
A51701,EL dr medhat faisal 6th Zone,778,14
A51702,el DR MEDHAT FAISAL 04,782,20
A51703,Union Pharm br.2,719,14
A51704,El-union pharm 6th Zone871,719,14
A51705,el Union Pharm-A,726,26
A51706,PY/Unon Pharm,726,26
A51707,el Union Pharm Main Road595,755,20
A51708,EL Union Pharm Main Road,755,20
A51709,PH UNION PHARM Branch 2,771,12
A51710,El-Union Pharm0 4736,771,12
A51711,El-EL FARABY SMOUHA 011,716,11
A51712,El Faraby Smoua-A,716,11
A51713,EL el farab ysmouha 011942,721,10
A51714,PH El Faraby Smouha,721,10
A51715,El-EL FARABY SMOUHA Mall,724,9
A51716,PY/EL FARABY SMOUHA Mai nRoad,763,16
A51717,EL FARABY SMOUHA (2),763,16
A51718,EL EL FARABY SMOUHA,772,17
A51719,Eb nSina Smouha 04,721,11
A51720,PY/Ebn Sina Smouha Main Road,721,11
A51721,PY/ebn sina smouha Station St.,745,15
A51722,Ebn Sina Smouha 04312,745,15
A51723,el Ebn Sina Smouha-A378,748,18
A51724,el elite Branch 1,700,15
A51725,Eliite,700,15
A51726,PH ELITE Mall,701,13
A51727,el elite 011,701,13
A51728,Elite br.2,702,12
A51729,PY/elite (2)680,702,12
A51730,Elite Stationn St.,723,14
A51731,ELIE 04,723,14
A51732,PH elite-A,726,27
A51733,PHE LITE,738,14
A51734,elite 011722,738,14
A51735,ELITE Man Road,766,22
A51736,Elite-A,778,15
A51737,EL elite br.2,778,15
A51738,El-MISR (2),727,18
A51739,misr Brancch 1248,737,16
A51740,PY/Misr (2)15,745,16
A51741,PY/MISR Branch 2,745,16
A51742,EL misr,766,23
A51743,PH Misr 2(),766,23
A51744,el life lline smouha,713,12
A51745,PY/LIFEL INE SMOUHA 04,714,15
A51746,LIFE LINE SMUHA Branch 2,718,12
A51747,LIFE LINE SMOUHA-A,718,12
A51748,LIFE LINE SMOUHA 6th Zone,719,15
A51749,Ph/Life Line Smouha (2)72,740,14
A51750,El-Life Line Smouha Branch 1,740,14
A51751,Ph/LIF LINE SMOUHA 04,743,9
A51752,El-Life Line Smouha Main Road,775,16
A51753,el Life Line Smouha,775,16
A51754,Golden Care6 th Zone378,733,13
A51755,Golden Care-A,733,13
A51756,PY/GOLDEN CARE (2),738,15
A51757,PY/Golden Care Station St.,741,15
A51758,golden care 6th Zone,741,15
A51759,GOLDEN CARE 6th Zone888,746,10
A51760,golden care,746,10
A51761,PH Golden Care Main Road,777,12
A51762,Ph/Golden Care Branch 2,782,21
A51763,PY/al amal shubra Mall,721,12
A51764,el Al Amal hubra (2),722,16
A51765,PH Al Amal Shubra br.2,748,19
A51766,EL Al Amal Shubra,748,19
A51767,El-al amal shubra 6th Zone,756,16
A51768,A LAMAL SHUBRA br.2,756,16
A51769,Al Aal Shubra 04,782,22
A51770,el al amal shubra,782,22
A51771,Ph/NILE CARE SMOUHA Branch 1,707,11
A51772,nile care smouha-A,712,16
A51773,Nile Care Smouha,720,21
A51774,Nile Care Smouha Branch 2,728,8
A51775,PY/Nile Care Smouha Station St.,728,8
A51776,Ph/Star Care Maadi Branch 2,701,14
A51777,el Star Care Maadi Main Road,748,20
A51778,EL Star Care Maadi 6th Zone,748,20
A51779,STAR CARE MAADI Mall,753,14
A51780,STAR CARE MAADI (2),762,12
A51781,PH STAR CARE MAADI 6th Zone,762,12
A51782,EL STAR CARE MAADI39,764,11
A51783,Ph/Union Pharm Smouha Branch 2943,711,12
A51784,UNION PHARM SMOUHA Main Road,714,16
A51785,PH Union Pharm Smouha Branch 1,714,16
A51786,Union Pharm Smouh abr.2,718,13
A51787,Ph/Union Pharm Smouha,724,10
A51788,El-union pharm smouh aBranch 2,731,13
A51789,union pharm smouha-A178,731,13
A51790,UNION PHARM SMOUHA Branch 1,772,18
A51791,Union Pharm Smouuha Branch 2,772,18
A51792,HOPE856,746,11
A51793,PY/hope-A,746,11
A51794,Ph/Hope Branch 2,749,15
A51795,Hope 011,781,16
A51796,Ph/Hope Main Road,781,16
A51797,el Al Nozha br.2,706,18
A51798,EL Al Nozha (2),706,18
A51799,Al Nozha br.2,764,12
A51800,Al Nozha Brannch 1,764,12
A51801,ALNOZHA br.2,774,12
A51802,PY/GEREN LEAF SHUBRA,738,16
A51803,el green leaf hsubra,742,13
A51804,GREEN EAF SHUBRA Main Road,758,7
A51805,PH green leaf shubra 01116,765,9
A51806,el Green Leaf Shubra 011,765,9
A51807,PY/green leaf shubra 6th Zone,771,13
A51808,PY/Green Leaf Shubra-A,771,13
A51809,PH Green Leaf Shubra (2),776,14
A51810,PY/GGreen Leaf Shubra 04,776,14
A51811,PH Union Pharm Imbaba Branch 1,704,16
A51812,el Union Pharm Imbaba Main RRoad,719,16
A51813,Ph/union pharm imbaba Branch 1,739,20
A51814,Union Pharm Imbab-A,753,15
A51815,PY/EL BARAKA FAISAL 04,716,12
A51816,El Baraka Faisal 04872,716,12
A51817,Ph/El Baraka Faisal 6tth Zone,725,16
A51818,el baraka faisal561,725,16
A51819,el baraka faisal Station St.,738,17
A51820,el baraka faisal (2),738,17
A51821,PY/El Baraka Faisal 6th Zone590,750,14
A51822,el El Baraka FaisalStation St.,759,11
A51823,EL EL BARAKA FAISAL Main Road,762,13
A51824,PY/El Baraka Faisal 04,762,13
A51825,El Baraaka Faisal,781,17
A51826,PY/Misr78,700,16
A51827,MISR Main Road,700,16
A51828,PY/MISR Station St.,705,17
A51829,EL MISR Mai Road,705,17
A51830,PY/misr,725,17
A51831,PH Misr Branch 1,725,17
A51832,el MISR Maall,744,18
A51833,PH Misr,757,18
A51834,el MISR Mall,774,13
A51835,MISR,774,13
A51836,PH MISR Branch 1930,775,17
A51837,Misr 011,775,17
A51838,MISR,779,14
A51839,METRO 011,701,15
A51840,PY/Metro 011,718,14
A51841,PY/Meetro 6th Zone960,721,13
A51842,El-metro Main oad,721,13
A51843,Ph/Metro Branch 2970,729,14
A51844,EL Mettro,730,24
A51845,metro Branch 1176,730,24
A51846,Ph/METR 04,739,21
A51847,PH METRO Main Road263,744,19
A51848,Metro,744,19
A51849,PY//Metro,780,18
A51850,metro 011,780,18
A51851,EL FAARABY OBOUR-A,705,18
A51852,PHEL FARABY OBOUR Mall,719,17
A51853,EL EL FARABY OBOUR br.2,719,17
A51854,El Faraby Obour Branch 2,720,22
A51855,El-el faraby obour Station St.,720,22
A51856,PH e faraby obour,739,22
A51857,El-El Faraby Obour br.2,739,22
A51858,el EL FARABY OBOUR br.2,740,15
A51859,El Faraby Obour 04,740,15
A51860,El Faraby Obour Mall,756,17
A51861,El Faraby Obour Mall,756,17
A51862,el El Faraby Obour br.2159,761,15
A51863,El-Silver Care 6th Zone,704,17
A51864,Silver Care,704,17
A51865,PY/SILVER CARRE 6th Zone841,715,10
A51866,Silver Care (2),719,18
A51867,SILVER CARE Station St.,758,8
A51868,SILVER CAREB ranch 1,758,8
A51869,PY/Silve rCare 011,779,15
A51870,silver care Mall,779,15
A51871,EL DR MEDHAT SMOUHA,724,11
A51872,Ph/Dr Medhat Smouha805,724,11
A51873,El-dr medhat smouha Mall,744,20
A51874,PY/dr medhat smouha Branch 2571,768,14
A51875,green leaf smoouha,700,17
A51876,EL green leaf smouha682,708,20
A51877,El-Green Lefa Smouha,710,18
A51878,green leaf smouha 04,710,18
A51879,el green leaf smouha br.2,728,9
A51880,GREEN LEAFSMOUHA-A,744,21
A51881,PY/Green Leaf Smouha Branchh 1,748,21
A51882,Ph/GREEN LEAF SMOUHA 011,766,24
A51883,Ph/union pharm faisal 011,721,14
A51884,Ph/Union Pharm Faisal 04,721,14
A51885,el Union Pharm Faisal Branch 2,724,12
A51886,PY/Union Pharmm Faisal Branch 1,727,19
A51887,PY/union pharm faisal214,727,19
A51888,el union pharm faisal (2),747,12
A51889,el UNION PHARM FAISAL Main Road907,759,12
A51890,Union Pharm Faisal,760,15
A51891,PH Union Pharm Faisal Main Road814,767,18
A51892,EL Union Pharm Faisal 011,767,18
A51893,El-Union Pharm Faisal (2),781,18
A51894,Ph/union pharm faisal Branch 1,781,18
A51895,El-Ebn Sina Main Road,733,14
A51896,EL ebn sina-A,733,14
A51897,El-Ebn Sina 04,735,18
A51898,Ebn Sina Main Road,738,18
A51899,PH ebn sina Branch 2802,738,18
A51900,ebn sina 011,751,14
A51901,Ph/ebn sina Station St.,751,14
A51902,PH Misr Smouha br.2,721,15
A51903,el misr smouha Branch 1,721,15
A51904,MISR SMOUHA-A,728,10
A51905,PY/Misr Smouha-A911,728,10
A51906,misr smouha (2),771,14
A51907,El-misr smouha br.2,771,14
A51908,EL El Baraka-A,723,15
A51909,EL EL BARAKA br.2,723,15
A51910,EL BARAKA,727,20
A51911,PY/el baraka Branch 2,752,18
A51912,PY/el baraka 04,752,18
A51913,PH El Baraka-A,762,14
A51914,el el baraka br.2,766,25
A51915,El-El Baraka (2),766,25
A51916,Ph/EL BAARKA Branch 2,769,18
A51917,PY/EL BARAKA 011,769,18
A51918,Seha First Smouha-A,701,16
A51919,El-seha first smouha Main Road,717,10
A51920,PH Seha First Smouha-A450,717,10
A51921,seha first smouha 011,744,22
A51922,Seha First Smouha br.2,744,22
A51923,PY/SEHA FIRSST SMOUHA br.2,750,15
A51924,Ph/Seha First Smouha,750,15
A51925,el Seha First Smouha,751,15
A51926,Ph/Seha First Smouha375,756,18
A51927,PH Seha First Smouha Branch 2,774,14
A51928,SEHA FIRST SMOUHA 6th Zone,775,18
A51929,PH Seha First Smouha,775,18
A51930,El-hope,723,16
A51931,El-Hope br.2,723,16
A51932,PH Hope 6th Zone,735,19
A51933,Ph/hope (2),753,16
A51934,Hope br.2,769,19
A51935,Ph/Hope 6th Zone,769,19
A51936,El-hope-A,773,9
A51937,Hope412,779,16
A51938,HOPE 6th Zone,779,16
A51939,PYY/ANGEL,700,18
A51940,PH Angel,700,18
A51941,el Angel 04,707,12
A51942,Angel585,716,13
A51943,EL Angel Branch 2,743,10
A51944,Silver Care Mall,721,16
A51945,Ph/silver care,722,17
A51946,Silver Care-A,722,17
A51947,Ph/Silver Care105,724,13
A51948,Ph/SILVER CARE 011,724,13
A51949,SILVER CARE br.2138,779,17
A51950,PY/SilverCare (2),779,17
A51951,PH salamtek smouha Main Road845,705,19
A51952,SALAMTEK SMOUHA,705,19
A51953,SALAMTEK SMOUHA Mall,709,11
A51954,El-Salamtek Smouha Branch 2,720,23
A51955,SALAMTEK SMOUHA-A,720,23
A51956,EL Salamtek Smouha Main oRad,721,17
A51957,SALAMTEK SMOUHA Branch 2,760,16
A51958,PY/SALAMTEK SMOUHA,760,16
A51959,Ph/SALAMTEK SMOUHA 6th Zone,764,13
A51960,PH salamtek smouha 011,764,13
A51961,PY/Salamtek Smouha150,765,10
A51962,PY/DR MEDHAT Branch 1,729,15
A51963,PH dr medhat 011,729,15
A51964,El-DR MEDHAT,741,16
A51965,PH dr medhat Mall,751,16
A51966,el DrM edhat Mall,751,16
A51967,PY/DR MDHAT (2),772,19
A51968,heealth gate square 04,712,17
A51969,HEALTH GATE SQUARE 6th Zone,723,17
A51970,Ph/health gate square 011692,723,17
A51971,PH HEALTH GATE SQUARE (2),726,28
A51972,Health Gate Square (2)677,726,28
A51973,El Zahraa Mall,702,13
A51974,El Zahraa Branch 1,702,13
A51975,El aZhraa,722,18
A51976,EL ZAHRAA (2),734,13
A51977,PY/El Zarhaa Branch 2,749,16
A51978,PH El Zahraa 04,757,19
A51979,El-EL ZAHRAA Station St.812,757,19
A51980,PHH el zahraa-A,765,11
A51981,Ph/El Zahraa-A,765,11
A51982,PY/El Zahraa 04,771,15
A51983,Ph/el zahraa,771,15
A51984,Ph/el baraka 011463,712,18
A51985,El Baraka br.2,712,18
A51986,Ph/El aBraka (2),770,14
A51987,el baraka 6th Zone,773,10
A51988,PYEl Baraka-A,773,10
A51989,Ph/EL BARAKA-A,782,23
A51990,seha first smouha,717,11
A51991,SEHA FIRST SMOUHA Main Road,733,15
A51992,SEHA FIRST SMOUA 04,733,15
A51993,Seha First Smouha 011,764,14
A51994,el Seha First Smouha Station St.,774,15
A51995,SEHA FIRST SMOUHA Branch 1,774,15
A51996,Ph/alpha pharma helwan Main Road,703,15
A51997,PH Alpha Pharma Helwan-A,703,15
A51998,el alpha pharma helwan Branch 2,722,19
A51999,alpha pharma helwan,722,19
A52000,EL Alpha Pharma Helwan Branch 1,738,19
A52001,Al Amal Smouha 6th Zone,703,16
A52002,al amal smouha,711,13
A52003,PY/AL AMAL SMOUHA Bracnh 1,728,11
A52004,PY/Al Amal Smouha 04,741,17
A52005,El-AL AMAL SMOUHA Station St.157,741,17
A52006,EL AL AMAL SMOUHA-A,746,12
A52007,El-Al Amal Smouha Branch 2,764,15
A52008,AL AMAL SMOUHA 6th Zone,768,15
A52009,AL AMAL SMOUHA 6th Zone,779,18
A52010,el GREEN LEAF-A,749,17
A52011,PH green leaf br.2,749,17
A52012,Green Leaf Branch 2601,758,9
A52013,GREEN LEAF Station St.,765,12
A52014,el green leaf 011,765,12
A52015,Green Leaf 6th Zone,774,16
A52016,Green Leaf Station St.583,774,16
A52017,P dr medhat smouha-A,702,14
A52018,EL DR EDHAT SMOUHA Main Road,702,14
A52019,Dr Medhat Smouha Station St.,706,19
A52020,El-Dr Medhat Smouha Mall,708,21
A52021,DR MEDHAT SMOUHA Branch 1,725,18
A52022,PY/Dr Medhat Smouha (2),725,18
A52023,EL DR MEDHAT SMOUHA br.2,759,13
A52024,DR MEDHAT SMUOHA-A,759,13
A52025,PY/dr medhat smouha Station St.,770,15
A52026,DR MEDHAT SMOUHA Mall,770,15
A52027,Ph/dr medhat smouha Mall,776,15
A52028,better life smouha 011,704,18
A52029,PH Better Life Smouha Branch 1,704,18
A52030,BETTER LIFE SMOUHA,705,20
A52031,Better Life Smouha (2),705,20
A52032,PH BETTER LIFE SMOUHA Main Road305,709,12
A52033,Better Life Smouha Branch 1,734,14
A52034,Ph/Bettter Life Smouha,734,14
A52035,PH BETTER LIFE SMUHA,740,16
A52036,PY/better life smouha Main Road,742,14
A52037,Better Life Smouha,757,20
A52038,PY/BETTER LIFE SMOUHA 011,772,20
A52039,Better Life Smouha 6th Zone384,772,20
A52040,El-GOLDEN CARE ZAYED Branch 1,713,13
A52041,PH Golden Care Zayed Branch 2,720,24
A52042,Ph/golden care zayed Sttation St.,723,18
A52043,PY/GOLDEN CARE ZAYED,731,14
A52044,Ph/Goldden Care Zayed 0496,736,11
A52045,PH Golden Care Zayed 011,742,15
A52046,Ph/Golden Care Zayed 6th Zone154,762,15
A52047,Golden Care Zayed 6th Zone,762,15
A52048,el golden caer zayed-A,768,16
A52049,el Golden Care Zayed-A,768,16
A52050,PY/Union Pharm Oct City,708,22
A52051,UNION PHARM OCT CITY,734,15
A52052,EL union pharm oct city Main Road,762,16
A52053,PH union pharm oct city,762,16
A52054,PH ElFaraby Mall,701,17
A52055,EL el fraaby,701,17
A52056,EL El Faraby393,712,19
A52057,PH El Faraby StationS t.,714,17
A52058,EL FARABY Station St.,721,18
A52059,Ph/el faraby Main Road,743,11
A52060,El-El Faraby,755,21
A52061,El Faraby Main Road,759,14
A52062,PY/El Faraby 6th Zone,759,14
A52063,el Metro Smouha Branch 2,729,16
A52064,METRO SMOUHA-A901,729,16
A52065,Metro Smouha-A,744,23
A52066,Ph/Metro Smouha 04,744,23
A52067,metro smouha (2)699,766,26
A52068,El-metro smouha (2),772,21
A52069,el nar oct city Branch 1208,726,29
A52070,EL El Nasr Oct City,726,29
A52071,El-el nasr oct city,742,16
A52072,El-EL NNASR OCT CITY br.2,760,17
A52073,Ph/el nasr oct city (2),766,27
A52074,EL NASR OCT CITY (2),766,27
A52075,EL NASRO CT CITY,773,11
A52076,E lNasr Oct City br.2,773,11
A52077,EL Elite 04,717,12
A52078,PY/Elite ((2),717,12
A52079,El-elite (2),728,12
A52080,Elite,731,15
A52081,elite-A,742,17
A52082,PH Elite 04,746,13
A52083,Elite 011,746,13
A52084,EL elite br.2,749,18
A52085,Elite 04390,749,18
A52086,El-Elite Branch 1234,752,19
A52087,Elite br.2,771,16
A52088,Elite-A,771,16
A52089,EL salamtek Main Road,732,20
A52090,Ph/salamtek,740,17
A52091,salamtek 011,740,17
A52092,EL salamtek Mall,749,19
A52093,SALAMTEK Branch 1,750,16
A52094,Ph/SALAMTEK br.2,750,16
A52095,salamtek Station St.,753,17
A52096,Salamtek,753,17
A52097,EL salamtek Mall,775,19
A52098,PH SALAMTEK,781,19
A52099,PY/MISR,719,19
A52100,PY/Misr 6th Zone,723,19
A52101,el MISR rBanch 2667,723,19
A52102,El-misr208,727,21
A52103,Misr (2),727,21
A52104,MISR Mall,767,19
A52105,el MISR (2),767,19
A52106,PY/misr Branch 2902,770,16
A52107,el misr Branhc 1,770,16
A52108,PY/Sunrise Smouha Station St.,725,19
A52109,sunrise smouha (2),744,24
A52110,El-Sunrise Smouha,744,24
A52111,el sunrise smouha Branch 1267,773,12
A52112,el Sunrise Smouha Main Road,777,13
A52113,el Sunrise Smouha (2),777,13
A52114,el sunrise smouha,781,20
A52115,El-Sunrise Smouha-A197,781,20
A52116,al nozha agami br.2,715,11
A52117,el Al Nozha Agaami,715,11
A52118,EL al nozha agami Main Road,731,16
A52119,PY/al nozha agami 011407,731,16
A52120,el Al Nozha Agammi-A925,733,16
A52121,el AL NOZHA AGAMI,767,20
A52122,PY/al nozha agmai,767,20
A52123,EL al nozha agami,776,16
A52124,PH angel011,700,19
A52125,ANGEL,700,19
A52126,el ANGEL 6th Zone,703,17
A52127,EL Angel Branch 2,706,20
A52128,PH Angel (2),718,15
A52129,El-angel-A,718,15
A52130,angel 04,721,19
A52131,angel StationS t.,739,23
A52132,PY/Angel 6th Zone,761,16
A52133,el Angel Station St.,779,19
A52134,PY/angel (2),779,19
A52135,Ph/EL BARAKA SMOUHA Station St.,735,20
A52136,el baraka smouha 011,737,17
A52137,PY/EL BARAKA SMOUHA,744,25
A52138,el baraka smouha Station St.,766,28
A52139,EL El Baraka Smouha br.2,766,28
A52140,el baraka smouha (2),775,20
A52141,EL El Baraka Smouha Branch 2,775,20
A52142,EL HOKAMA StationS t.,709,13
A52143,E Hokama Branch 1,709,13
A52144,el hokama Main Road573,718,16
A52145,el el hokama 6th Zone,720,25
A52146,PH el hokama,720,25
A52147,ELel hokama722,747,13
A52148,El-El Hokama 011,752,20
A52149,El-El Hokama Main Road,763,17
A52150,PH el hokama,763,17
A52151,EL HOKAMA 011,773,13
A52152,El-Ebn Sina Smouha,710,19
A52153,EL EBN SINA SMOUHA Main Road,712,20
A52154,Ebn Siina Smouha br.2,712,20
A52155,el EBN SINA SMOUHA-A706,713,14
A52156,Ph/EBN SINA SMOUHA,721,20
A52157,PH Ebn Sina Smouha 6th Zone350,721,20
A52158,el EBN SINA SMOUHA 011,737,18
A52159,el ebn sina smouha-A,737,18
A52160,PH Ebn Sina Smouha (2),741,18
A52161,Ebn Sina Smouha 011,741,18
A52162,PH Ebn Sina Smouha-A,755,22
A52163,PY/EBN ISNA SMOUHA,755,22
A52164,Ph/Ebn Sina Smouha 04,777,14
A52165,Ph/EBN SINA SMOUHA 011,777,14
A52166,alpha pharma smouha 6th Zone,703,18
A52167,PH alha pharma smouha Mall,722,20
A52168,El-alpha pharma smouha Branch 1428,726,30
A52169,EL Alpha Pharma Smouha,727,22
A52170,ALPHA PHARMA SMOUHA Main Road,736,12
A52171,Alpha Pharma Smouha,755,23
A52172,alpha pharma smouha Main Road,755,23
A52173,el ALPHA PHARMA SMOUHA Mall,756,19
A52174,EL Alpha PharmaS mouha Station St.,756,19
A52175,El-LIFE LINE SMOUHA Main Road,702,15
A52176,EL LIFE LINE SMOUHA 011,702,15
A52177,El-Life Line Smouha (2),728,13
A52178,Ph/LIFE LINE SMOUHA 6th Zone,728,13
A52179,El-Life Line Smouha 6th Zone,754,17
A52180,Ph/life line smouha,754,17
A52181,EL life lines mouha,756,20
A52182,Life Line Smouha 011221,756,20
A52183,Elite Agami,707,13
A52184,ELITE AGAMI Mall,728,14
A52185,EL Elite Agami522,728,14
A52186,ELITE AGAMI (2)777,731,17
A52187,EL Elite AAgami 011,731,17
A52188,Elite Agami,771,17
A52189,Ph/ELITE AGAMI (2)478,771,17
A52190,EL elite gami-A,772,22
A52191,Msir Smouha,703,19
A52192,Ph/Misr Smouha br.2,708,23
A52193,PH misr smouha Branch 1,709,14
A52194,el Misr Smouha 04766,734,16
A52195,El-misr smouha,734,16
A52196,PY/misr smouha br.2939,756,21
A52197,el Misr Smouha-A,757,21
A52198,Misr Smouha Station St.,757,21
A52199,Ph/Misr Smouha br.2,769,20
A52200,Ph/Misr Smouha (2)879,769,20
A52201,El Hokamma Shubra,702,16
A52202,El Hokama Shubra Station St.,702,16
A52203,El Hokama Shubra (2),708,24
A52204,El Hokama Shubra Mall,708,24
A52205,PY/El Hkoama Shubra (2),737,19
A52206,El-El Hokama Shubra 04,746,14
A52207,el El Hokama Shubra-A,765,13
A52208,El Hokama Shubra 04,770,17
A52209,El-el hokama shubra50,773,14
A52210,PY/el hokama shubraa-A,773,14
A52211,Ph/El Hokama Shubra 011,777,15
A52212,El Hokama Shubra-A,777,15
A52213,el Health Gate Smuha br.2,705,21
A52214,Ph/Health Gate Smouha Main Road,707,14
A52215,PY/Health Gate Smouha (2),714,18
A52216,PY/HEALTH GATE SMOUHA 6th Zone,735,21
A52217,El-health gate smouha Branch 2,757,22
A52218,Ph/health gate smouha,767,21
A52219,Nile Care,707,15
A52220,Nile CCare 04376,707,15
A52221,El-nile care 6th Zone,718,17
A52222,Ph/Nile Care 04961,718,17
A52223,Ph/nile care 011,723,20
A52224,Nile Care Branch 2,744,26
A52225,el Nile are703,749,20
A52226,Nile Care (2),762,17
A52227,Nile Care Station St.,764,16
A52228,PH Nile Care,777,16
A52229,NILE CARE90,777,16
A52230,PH Metro (2)664,703,20
A52231,EL METRO422,703,20
A52232,El-Metro 04,713,15
A52233,METRO Branch 1,713,15
A52234,METRO 6th Zone,732,21
A52235,EL Metro Branch 1,732,21
A52236,Metro 011,775,21
A52237,Metro Banch 2,775,21
A52238,El-SILEVR CARE ZAYED,715,12
A52239,Ph/Silver Care Zayed br.2,715,12
A52240,PH SILVER CARE ZAYED Branch 2,730,25
A52241,Silver Care Zayed,743,12
A52242,Ph/Silver Care Zayed br.2,743,12
A52243,Ph/SilverC are Zayed 04410,750,17
A52244,PY/Silver Care Zayed Mall,768,17
A52245,el Silver Care Zayed Main Road,768,17
A52246,el Silver Care Zayed,775,22
A52247,PH Silver Care Zayed-A,775,22
A52248,PH SILVER CARE ZAYED 011,778,16
A52249,PH SILVER CARE ZAYED 6th Zone,778,16
A52250,PY/Life Line Smouha-A,707,16
A52251,PH life line smouha Main Road,719,20
A52252,EL Life Line Smouha405,719,20
A52253,EL Life Line Smouha,726,31
A52254,PY/Life Line Smouha Branch 2,732,22
A52255,El-life line smouha (2),752,21
A52256,life line smoua 011,767,22
A52257,LIFE LINE SMOUHA,774,17
A52258,Dr Medhat (2),731,18
A52259,el DR MEDHAT (2)583,731,18
A52260,el Dr Medhat Mall,732,23
A52261,PhD/R MEDHAT,732,23
A52262,dr medhat,740,18
A52263,DR MEDHAT Main Road,760,18
A52264,PH dr medhat Main Road,769,21
A52265,D Medhat,769,21
A52266,el Dr Medhat,770,18
A52267,El-EL HOKAMA Brranch 2,708,25
A52268,El-El Hokama39,710,20
A52269,EL EL HOKAMA Maall,710,20
A52270,el el hokama,711,14
A52271,PY/EL HOKAMA-A,711,14
A52272,PY/El Hokama-A,716,14
A52273,Ph/El Hokama (2)907,739,24
A52274,PH El Hokama br.2,776,17
A52275,Ph/e lhokama (2),776,17
A52276,P/hEl Hokama,779,20
A52277,E El Hokama Mall,779,20
A52278,el Sunrise (2),711,15
A52279,PY/Sunrise 04,711,15
A52280,El-Sunrise-A417,713,16
A52281,PH Sunrise Main Road,716,15
A52282,PH SUNRISE Mall,716,15
A52283,El-SUNRISE 04,725,20
A52284,Sunrise-A,730,26
A52285,Ph/sunrise 04,730,26
A52286,Sunrise,732,24
A52287,Ph/SUNRISE Branch 1521,732,24
A52288,Ph/Sunrise 6th Zone,748,22
A52289,El-Sunrise 011,748,22
A52290,el sunrise Branch 1,755,24
A52291,el Green Leaf tation St.,702,17
A52292,Ph/Green Leaf Mall122,715,13
A52293,greenn leaf 6th Zone,715,13
A52294,GREEN LEAF Branch 2,718,18
A52295,Ph/green leaf Station St.,718,18
A52296,PY/GREEN LEAF Mall,725,21
A52297,PY/GREEN LEAF br.2,765,14
A52298,Ph/Green Leaf-A,705,22
A52299,el GREEN LEAF955,705,22
A52300,EL GREEN LEAF,719,21
A52301,el Green Leaf 04,734,17
A52302,Green Leaf Branch 1,734,17
A52303,Ph/Green Leaf Station St.,760,19
A52304,PH green leaf,760,19
A52305,PH Green Leaf Branch 1,765,15
A52306,Ph/Green Leaf br.2,765,15
A52307,El Baraka,705,23
A52308,EL BARAKA 011,705,23
A52309,PY/El Baraka,720,26
A52310,El Baraka (2),720,26
A52311,PH EL BARAKA 6th Zone,724,14
A52312,EL El Baraka,726,32
A52313,el El Baraka br.2,726,32
A52314,el baraka Branch 2,753,18
A52315,EL BARAKA-A,753,18
A52316,el el baraka br.2,764,17
A52317,Ph/el baraka Mall371,765,16
A52318,E-lEL BARAKA849,765,16
A52319,PH City Care,720,27
A52320,E LCITY CARE 011,736,13
A52321,PH city care Mall,736,13
A52322,PH City Care bbr.2,737,20
A52323,PY/City CCare br.2521,744,27
A52324,CITY CARE 04,753,19
A52325,City Care,754,18
A52326,Ph/CITY CARE Main Road565,754,18
A52327,CITY CARE Mall,757,23
A52328,El-City Care,762,18
A52329,El-SUNRISE 6th Zone,710,21
A52330,EL Sunrise,710,21
A52331,Sunrise,735,22
A52332,Sunrise Main Road352,743,13
A52333,Sunrise Station St.,744,28
A52334,El-Sunrise 04,744,28
A52335,SUNRISE br.2,745,17
A52336,el Hope Smouha 011610,720,28
A52337,hope smouha,748,23
A52338,PHH ope Smouha Station St.,748,23
A52339,PY/Hope Smouha Mall,782,24
A52340,Ph/el shifa br.2,709,15
A52341,El-El Shifa,711,16
A52342,El-EL SSHIFA,711,16
A52343,El Shifa 04,717,13
A52344,PY/el shfa Main Road,762,19
A52345,Ph/eel shifa 6th Zone,762,19
A52346,Ph/el shifa,769,22
A52347,El-El Shifa br.2253,769,22
A52348,El-El Sihfa-A,770,19
A52349,PY/el shifa-A,770,19
A52350,Ph/EL SHIFA 011,775,23
A52351,care 24 seven marg br.2100,703,21
A52352,care 24 seven marg Branch 1,703,21
A52353,PY/Care 24 Seven Marg Branch 1,705,24
A52354,PY/Caare 24 Seven Marg (2),705,24
A52355,Ph//Care 24 Seven Marg (2)839,708,26
A52356,care 24 seven marg 6th Zone,749,21
A52357,PH care 244 seven marg Station St.,755,25
A52358,Ph/Care 24 Seven Marg Branch 1,756,22
A52359,care 24 seven marg Main Road,771,18
A52360,el CARE 2 SEVEN MARG (2),774,18
A52361,PH blue wave smouha 04,702,18
A52362,blue wave smouha-A,702,18
A52363,Blue Wave mSouha,721,21
A52364,BLUE WAVE SMOUHA Branch 2,721,21
A52365,EL Blue Wave Smouha690,736,14
A52366,Blue Wave Smouha Branch 1,736,14
A52367,blue wave smoha Branch 2,748,24
A52368,PH Blue Wave Smouha 6th Zone,750,18
A52369,blue wave smouha 011,750,18
A52370,BLUEWAVE SMOUHA,752,22
A52371,Ph/BLUE WAVESMOUHA (2),752,22
A52372,el bluue wave smouha (2),759,15
A52373,PH BLUE WAVE SMOUHA 011,762,20
A52374,Family Montaza Main Road,701,18
A52375,el aFmily Montaza Station St.,701,18
A52376,el family montaza-A,707,17
A52377,El-Family Montaza 011,707,17
A52378,PY/Family Montaza Branch 2,710,22
A52379,el Family Montaza Branch 1,710,22
A52380,family montaza Station St.,715,14
A52381,family montaza,715,14
A52382,Ph/Family Montaza br.2,728,15
A52383,Ph/Family Montaza 6th Zone,728,15
A52384,family montaza Branch 2,732,25
A52385,Family Montaza Branch 1,770,20
A52386,FAMILY MONTAZA (2),776,18
A52387,el FAMILY MONTAZA Main Road,776,18
A52388,PY/Pharma Plus Oct City 011,706,21
A52389,EL Pharma Plus Oct City,706,21
A52390,PH pharma plus oct city 6th Zone,725,22
A52391,PH PHARMA PLUS OCT CITY Station St.,725,22
A52392,el phrama plus oct city,731,19
A52393,Pharma Plus Occt City Mall,741,19
A52394,Pharma Plus Oct City Main RRoad,741,19
A52395,el pharma plus oct city Main Road137,760,20
A52396,El Faraby Faisal Main Road,720,29
A52397,PH el faraby faisal Mall791,720,29
A52398,El-EL FARABY FAISAL 6th Zone,732,26
A52399,el el faraby faisal,732,26
A52400,El Faraby Faisal Station St.,744,29
A52401,PY/dr medhat br.2,702,19
A52402,DR MEDHAT,702,19
A52403,Dr Medhat Station St.,703,22
A52404,el dr medhat,706,22
A52405,Dr Medhat 011633,712,21
A52406,El-dr medhat 04,754,19
A52407,Ph/Dr Medhat BBranch 1718,758,10
A52408,PY/dr medhat 6th Zone,762,21
A52409,el Dr Medhat Mall,767,23
A52410,el DR MEDHAT br.2778,767,23
A52411,el El Hokama Obour Mall,716,16
A52412,El-EL HOKAMA OBOUR 6th Zone,750,19
A52413,EL HOKAMA OBOUR 0491,761,17
A52414,EL EL HOKAAMA OBOUR (2),761,17
A52415,Ph/MIRA MARG-A,705,25
A52416,EL mira mrg 04,711,17
A52417,Ph/mira marg (2),734,18
A52418,PY/mira marg 011,740,19
A52419,el ira marg,740,19
A52420,EL Mira Marg,748,25
A52421,PH mira marg Station St.,762,22
A52422,MIRA MARG 6th Zone,762,22
A52423,Mira Marg Branch 1,781,21
A52424,MIRA MARG Station St.,781,21
A52425,Nile Care Dokki Branch 1,703,23
A52426,Nile Care Dokki br.2,709,16
A52427,nile care dokki Main Road443,730,27
A52428,NILE CAREE DOKKI-A,730,27
A52429,NILE CRAE DOKKI br.2,765,17
A52430,Nile Care Dokki 011,765,17
A52431,Ph/nile care dokki br.2,767,24
A52432,El-salamtek helwan 011,703,24
A52433,PY/Salamtek Helwan Sttion St.,717,14
A52434,salamtek hhelwan-A23,717,14
A52435,el Salamtek Helwan 011,719,22
A52436,Salamtek Helwan Mall,719,22
A52437,El-Salamtek Helwan br.2,720,30
A52438,PH Salamtek Helwan br.2,754,20
A52439,BLUE WAVE OCT CITY Branch 1,717,15
A52440,Blue Wave Oct City br.2,717,15
A52441,El-Blue Wave Oct City Main Road,727,23
A52442,PH Blue Wave Oct City,730,28
A52443,blue wavve oct city (2),749,22
A52444,BLUE WAVE OCT CITY,749,22
A52445,BLUE WAVE OCT CITY 04,776,19
A52446,El Hokama br.2,729,17
A52447,EL el hokama Main Road,729,17
A52448,El Hoakma Main Road,752,23
A52449,PYE/L HOKAMA 011,771,19
A52450,El Hokama br.2,771,19
A52451,PY/El Hokama615,772,23
A52452,el baraaka imbaba 6th Zone,700,20
A52453,EL El Baraka Imbaba,700,20
A52454,Ph/EL BARAKA IMBABA,730,29
A52455,EL BARAKA IMBABA,745,18
A52456,Ph/EL BARAKA IMBABA,745,18
A52457,EL El Baraka Imbaba Branch 2,751,17
A52458,EL Metro 6th Zone,709,17
A52459,el Metro 04145,718,19
A52460,PH Metro,753,20
A52461,el Metro 04,753,20
A52462,El-metro-A,755,26
A52463,Metro (2),756,23
A52464,PY/metro br.2,758,11
A52465,el metro Branhc 2,758,11
A52466,Metro705,768,18
A52467,PH metroM ain Road,768,18
A52468,sunrise banha Main Road,705,26
A52469,el Sunrise Banha br.2712,705,26
A52470,Sunrise Banha br.2,711,18
A52471,PH Sunrise Banha,726,33
A52472,SUNIRSE BANHA (2),728,16
A52473,El-Metro Zayed Station St.,709,18
A52474,elm etro zayed-A385,717,16
A52475,Ph/Metro Zayed-A,719,23
A52476,el METRO ZAYED Mall,725,23
A52477,el Metroo Zayed,725,23
A52478,el METRO ZYED Mall,744,30
A52479,Ph/METRO ZAYED Branch 2187,744,30
A52480,Metro Zayed,746,15
A52481,metro zayed Station St.,746,15
A52482,PY/Metro Zayed 6th Zone,747,14
A52483,METRO ZAAYED br.2,747,14
A52484,METRO ZAYED Branch 1,754,21
A52485,metro zzayed Branch 1,754,21
A52486,Metro Montaza,712,22
A52487,PY/ETRO MONTAZA Main Road,712,22
A52488,METRO MONTAZA 6th Zone,715,15
A52489,Ph/Metro Montaza Branch 1,715,15
A52490,el Metro Montaza,734,19
A52491,PH metro montaza 6th Zone,738,20
A52492,metro montaza Station St.,763,18
A52493,el Metro Montaza (2),777,17
A52494,METRO MONTAZA Branch 1,777,17
A52495,METRO MONTAZA 6th Zone651,778,17
A52496,Ph/METRO MONTAZA br.2,778,17
A52497,PY/Mira 6th Zone,717,17
A52498,MIRA 04,742,18
A52499,P/hMIRA,742,18
A52500,El-Mira Branch 1,759,16
A52501,PH MIRA Branch 2,759,16
A52502,MIRA Station St.,774,19
A52503,EL Care 24 Seven,704,19
A52504,Ph/Care 4 Seven br.2,704,19
A52505,Care 24 even Mall,721,22
A52506,Ph/CARE 24 SEVEN br.2,774,20
A52507,EL CARE 24 SEVEN Main Road996,782,25
A52508,Ph/CARE 24 SEVEN 011,782,25
A52509,El-Star Care Dokki-A,709,19
A52510,Ph/STAR CARE DOKKI Main Road,712,23
A52511,star care dokki 011,721,23
A52512,Star Care Dokki Main Road947,721,23
A52513,el star car edokki,729,18
A52514,Staar Care Dokki,754,22
A52515,STAR CARE DOKKI 04,754,22
A52516,Star Care Dokki Main Road,771,20
A52517,PH star crae dokki br.2,773,15
A52518,EL STAR CARE DOKKI (2),773,15
A52519,Health Gate Shubra 6th Zone,701,19
A52520,el health gate shubra-A805,722,21
A52521,El-health gate shubra,749,23
A52522,PH HEALTH GAE SHUBRA br.2240,749,23
A52523,Health Gaate Shubra Mall,755,27
A52524,health gate shubra 011,755,27
A52525,Ebn Sina Marg (2),706,23
A52526,EL Ebn Sina Marg Station St.,722,22
A52527,EL Ebn Sina Marg (2),722,22
A52528,EBN SINA MARG-A,752,24
A52529,PHEBN SINA MARG br.2,752,24
A52530,PH ebn sina marg 011,773,16
A52531,Ebn Sina Marg Main Road,781,22
A52532,Misr Faisal Station St.,707,18
A52533,misr faisal (2),721,24
A52534,el MIRS FAISAL,721,24
A52535,EL misr faisal br.2,722,23
A52536,El-Misr Faisal Main Road,735,23
A52537,el MISR FAISAL,735,23
A52538,el misrr faisal,737,21
A52539,Ph/misr faissal608,764,18
A52540,El-Misr Faisal 6th Zone,764,18
A52541,Misr Faisal Main Road,781,23
A52542,El Faraby Smouha,706,24
A52543,Ph/EL FARABY SMOUHA,731,20
A52544,el El Faraby Smouha Branch 1,731,20
A52545,el faraby smouha,759,17
A52546,Ph/EL FARABY SMOUHA,759,17
A52547,el El Faraby Smouha,778,18
A52548,ELITE AGAMI br.2,710,23
A52549,ELITE AGAMI Branch 2,777,18
A52550,el Elite Agami 04,777,18
A52551,ELITE AGAMI 6th Zone899,779,21
A52552,Ph/Elite Agami,779,21
A52553,Ph/AL AMAL MMAADI Main Road,700,21
A52554,El-Al Amal Maadi931,708,27
A52555,PY/AL AMAL MAADI Mall691,708,27
A52556,El-Al Amal Maadi 011,711,19
A52557,Al Amal Maadi-A,711,19
A52558,Al Amal Maadi 011,753,21
A52559,Al Amal Maadi 011115,753,21
A52560,EL Al Amal Maaddi Branch 1274,771,21
A52561,el AL AMAL MAADI (2),771,21
A52562,El-AL AMAL MAADI (2),777,19
A52563,PH Metro Smouha Branch 2,721,25
A52564,Metro Smouha 04,733,17
A52565,metro smouha,761,18
A52566,EL Mtro Smouha Mall,761,18
A52567,el Metro Smouha,762,23
A52568,Metro Smouha Mall,762,23
A52569,EL al amal imbaba Branch 1,725,24
A52570,AL AMAL IMBABA Branch 1,730,30
A52571,Ph/AL AMAL IMBABA 6th Zone,730,30
A52572,PY/AL AMAL IMBABA Main Road,740,20
A52573,EL Al Amal Imbaba Station St.,740,20
A52574,EL Dr Medhta Smouha Branch 2163,700,22
A52575,PH dr medhat smouha Branch 2,724,15
A52576,Dr Medhat Smouha Mall,724,15
A52577,EL dr medhat smouha Mall,737,22
A52578,PY/dr medhat smouha Station St.,739,25
A52579,Dr Medhat Somuha (2),739,25
A52580,PH DR MEDHAT SMOUHA,744,31
A52581,dr medhat smouha th Zone,750,20
A52582,El-dr mmedhat smouha Branch 2,750,20
A52583,dr medhat smouha 04,771,22
A52584,EL DR MEDHAT SMOUHA-A556,771,22
A52585,Ph/GOLDEN CARE 011,701,20
A52586,Golden CareMain Road811,702,20
A52587,el golden care,713,17
A52588,Golden Care 04,713,17
A52589,PH golden care,728,17
A52590,Golden are 011,745,19
A52591,Golden Care Main Road,759,18
A52592,el Golden Care Branch 2,759,18
A52593,El-Golden Care Branch 2501,762,24
A52594,CITY CARE IMBABA br.2599,727,24
A52595,Ph/CITY CARE IMBABA Station St.,727,24
A52596,PH city care imbaba,751,18
A52597,el City Care Imbaba br.2,779,22
A52598,PY/EL NASR (2)557,717,18
A52599,EL El Nasr Branch 2,725,25
A52600,EL NASR 6th Zone,730,31
A52601,PY/el nasr 6th Zone,730,31
A52602,PH El Nasr Branch 1,739,26
A52603,El-EL NASR,756,24
A52604,Ph/El Nasr 011,768,19
A52605,el el nasr Main Road,768,19
A52606,el nile care montaza Mall,740,21
A52607,El-Nile Care Montaza,740,21
A52608,PH nile care montaza (2),741,20
A52609,NILE CARE MONTAZA,761,19
A52610,PY/Nile Care Montaza,761,19
A52611,EL Nile Care Montaza Branch 2,780,19
A52612,EL Seha First,706,25
A52613,PY/Seha First 011,706,25
A52614,seha first,726,34
A52615,EL Seha First br.2,742,19
A52616,PY/SEHA FIRST Station St.176,742,19
A52617,Ph/SEHA FIRST-A,769,23
A52618,El-SEHA FIRST Branch 2,769,23
A52619,SEHA FIRST6th Zone,778,19
A52620,EL Seha First 6th Zone,778,19
A52621,MIRA SMOUHA Main Road,700,23
A52622,PH MIRA SMOUHA 6th Zone,716,17
A52623,Mira Smouha Braanch 2,739,27
A52624,PH Mira Smouha Branch 2,739,27
A52625,PH health gate Station St.,702,21
A52626,HEALTH GATE Mall,702,21
A52627,PY/health gate Branch 1,706,26
A52628,PY/Health Gate-A,708,28
A52629,Ph/HEALTH GATE Branch 1873,735,24
A52630,HEALTH GATE,735,24
A52631,El-health gate (2),736,15
A52632,El-health gate br.2,736,15
A52633,El-Health Gate,744,32
A52634,HEALTH GATE Branch 2,768,20
A52635,el OMEGA SMUOHA Mall,710,24
A52636,PY/Omega Smouh Mall,710,24
A52637,EL OmegaS mouha,732,27
A52638,el Omega Smouha Mall,732,27
A52639,PY/OMEGA SMOUUHA Mall43,744,33
A52640,el OMEGA SMOUHA 011,744,33
A52641,el Omega Smouha,751,19
A52642,omga smouha 6th Zone,779,23
A52643,Alpha Pharma Smouha 6th Zone,720,31
A52644,EL Alpha Pharma Smouha 04,741,21
A52645,PY/ALPHA PHARMA SMOUHA Mall,748,26
A52646,EL Alpha hParma Smouha,748,26
A52647,PY/Alpha Pharma Smouha br.2,749,24
A52648,Ph/Alpha Pharma Smouha 011,749,24
A52649,PH ALPA PHARMA DOKKI,707,19
A52650,PY/Alpha Pharma Dokki Branch 1,723,21
A52651,PY/alpha pharma dokki Main Road,728,18
A52652,El-Alpha Pharma Dokki Mall,728,18
A52653,PH alpha pharma dokki Main Road105,731,21
A52654,PY/alpha pharma dokki Mall,731,21
A52655,El-ALPHA PHARMA DOKKI br.2,732,28
A52656,el ALPHA PHARMA DOKKI,732,28
A52657,ALPHA PHHARMA DOKKI Station St.873,736,16
A52658,Alpha Pharma Dokki,770,21
A52659,El-ALPHA PHARMA DOKKI,780,20
A52660,alpha pharma dokki br.2,780,20
A52661,PH AL NOZHA,707,20
A52662,PY/al nozha Main Rad797,707,20
A52663,El-Al Nozha Mall,710,25
A52664,el Al Nozha592,710,25
A52665,al nozha,718,20
A52666,PH AL NOZHA Mall,732,29
A52667,EL Al Nozha br.2560,732,29
A52668,Al Nozha 04,750,21
A52669,al nozha646,754,23
A52670,PH AL NOZHA 04,754,23
A52671,al nozha,777,20
A52672,Ph/AL NOZHA Branch 190,777,20
A52673,El-Misr Helwan br.2,725,26
A52674,misr helwan Mall,725,26
A52675,MISR HELWAN Main Road,740,22
A52676,El-Misr Helwan-A,761,20
A52677,misr helwan-A542,761,20
A52678,Misr HHelwan-A,770,22
A52679,PH misr ehlwan (2),770,22
A52680,PY/Health Gate Mall,720,32
A52681,health gate-A,720,32
A52682,el Health Gate (2),730,32
A52683,EL Health Gate br.2,749,25
A52684,health gate650,749,25
A52685,El-health gate Branch 1,762,25
A52686,el ALL NOZHA SMOUHA Main Road621,714,19
A52687,El-Al Nozha Smouha 011,718,21
A52688,PY/al nozha smouha 04,718,21
A52689,PY/Al Nozha Smouha,748,27
A52690,Ph//Al Nozha Smouha,748,27
A52691,PY/family smouha 011,709,20
A52692,P/Family Smouha75,709,20
A52693,PY/FAMILY SMOUHA,721,26
A52694,EL Family Somuha,721,26
A52695,El-FAMILY SMOUHA Branch 1116,731,22
A52696,Family Smouha Main Road54,738,21
A52697,EL Family Smouha br.2,738,21
A52698,family smouha Branch 1,741,22
A52699,family smouha,741,22
A52700,P HFamily Smouha Branch 2,771,23
A52701,el Family Smouha,774,21
A52702,EL Family Smouha,774,21
A52703,PYFAMILY SMOUHA 011,782,26
A52704,El-Mira,700,24
A52705,PH Mira 6th Zone,709,21
A52706,PY/Miira857,709,21
A52707,Elm-ira229,730,33
A52708,PH mmira br.2,756,25
A52709,MIRA 011,771,24
A52710,MIRA 011,778,20
A52711,MIRA br.2,778,20
A52712,el el nasrB ranch 2,700,25
A52713,PY/el nas rbr.2,700,25
A52714,El Nasr Mall,711,20
A52715,el El Nasr-A,765,18
A52716,El Nasr Branh 1,770,23
A52717,El-El Nasr 04,772,24
A52718,El Nasr Main Road60,772,24
A52719,PH El Nasr br.2,773,17
A52720,PY/el nasr Stationn St.,773,17
A52721,life line smouha,729,19
A52722,el Life Line Smouha 6th Zone,729,19
A52723,Life Line Smouha Station St.,730,34
A52724,PH Life Line Smouha Branch 2,730,34
A52725,PY/Life Line Smouha Station St.,747,15
A52726,Life Line Smouha 011,758,12
A52727,El--Life Line Smouha 04,758,12
A52728,el Life Line Smouha Branch 1,766,29
A52729,PH Life Line Smouha-A202,766,29
A52730,Seha First Shubra Branch 2,723,22
A52731,Ph/Seha First Shubra 04,723,22
A52732,seeha first shubra 011,729,20
A52733,Seha First Shubra 6th Zone,737,23
A52734,Ph/Seha First Shubra Branch 1,737,23
A52735,EL SEHA FIRST SHUBBRA Station St.,772,25
A52736,PH seha first shubraa (2),781,24
A52737,PY/Seha First Shubra (2),781,24
A52738,El Tourath Helwn br.2,710,26
A52739,e lEL TOURATH HELWAN Mall,710,26
A52740,Ph/EL TOURATH HELWAN Station St.,718,22
A52741,El Tourath Helwan Station St.,725,27
A52742,PH El Tourath Helwan Station St.,725,27
A52743,El-el tourath helwan,737,24
A52744,PH el tourath helwan Station St.,757,24
A52745,El Tourath Helwan (2),761,21
A52746,EL El Tourath Helwan 6th Zone146,765,19
A52747,el EL TOURATH HELWAN,780,21
A52748,El Hokama Smouha,747,16
A52749,Ph/el hokama smouha Branch 2,747,16
A52750,EL ElHokama Smouha Station St.246,765,20
A52751,EL El Hokama Smouha br.2996,765,20
A52752,el hokama smouha Main Road,773,18
A52753,PY/EL HOKAMA SMOUHA Main Road,773,18
A52754,EL HOKAMA SMOUHA (2),777,21
A52755,el hokama smouha Branch 1,777,21
A52756,el EL HOKAMA SMOUHA 6th Zone,779,24
A52757,P/YEl Hokama Smouha-A,779,24
A52758,EL Silvre Care Smouha,708,29
A52759,PH Silver Care Smouha (2)375,719,24
A52760,Ph/SILVER CARE SMOUHA,728,19
A52761,Ph/SILVER CARE SMOUHA-A,731,23
A52762,Silver Care Smouha-A,731,23
A52763,Silver Care Smouha Main Road110,732,30
A52764,Silver Care Smouha Maiin Road,732,30
A52765,SILVER CARE SMOUHA Branch 2,738,22
A52766,PH SILVER CARE SMOUHA 6th Zone,757,25
A52767,El Nasr Smouha Branch 2,706,27
A52768,Ph/ElNasr Smouha 04,706,27
A52769,el EL NASR SMOUHA 04,717,19
A52770,El Nasr Smouha 011,730,35
A52771,Ph/El Nasr Smouha Branch 1,772,26
A52772,EL NARS SMOUHA br.2,772,26
A52773,El-el nasr smouha 6th Zone,777,22
A52774,EL El Nasr Smouha 011,777,22
A52775,el nasr smoouha Mall,780,22
A52776,El-El Nasr Smouha Mall,780,22
A52777,PH Star Care Oct City,700,26
A52778,EL STAR CARE OCT CITY 04,700,26
A52779,STAR CARE OCT CITY br.2,701,21
A52780,PH star care oct city Branch 1,708,30
A52781,Star Care Oct ity386,713,18
A52782,PH Star Care Oct City,713,18
A52783,PH star care oct city Main Road,750,22
A52784,Ph/UNION PHARM OCT CITY 011,709,22
A52785,PY/Union Pharm Oct City,713,19
A52786,UNION PHARM OCT CITY Branch 1,713,19
A52787,el Union Pharm Oct City,726,35
A52788,EL Union Pharm Oct City 6th one,729,21
A52789,PH Union Phar mOct City Mall,729,21
A52790,PY/union pharm oct city 04,730,36
A52791,El-UNION PHARM OCT CITY Station St.,730,36
A52792,Ph/el tourath,726,36
A52793,el El Tourath (2),728,20
A52794,PY/El Tourath-A,728,20
A52795,EL TOURATH Main Road497,730,37
A52796,el el tourath 6th Zone,730,37
A52797,Ell-El Tourath Mall,760,21
A52798,El Tourath828,760,21
A52799,EL EL TOURATH Station St.,763,19
A52800,PY/el tourath Main Road,777,23
A52801,EL El Tourath Station St.,777,23
A52802,El Zahraa Nozha Station St.,700,27
A52803,PY/E lZahraa Nozha,700,27
A52804,PH El Zahraa Nozha br.2,708,31
A52805,el zahraa nozha Mall,708,31
A52806,Ph/el zahraa nozha,709,23
A52807,PY/El Zahraa Noozha-A,709,23
A52808,el El Zahraa Nozha (2),734,20
A52809,EL EL ZAHRAA NOZHA (2),743,14
A52810,ElZ ahraa Nozha br.2,743,14
A52811,El-El Zahraa Nozha Main Road667,748,28
A52812,el El Zahraa Nozha br.2,750,23
A52813,Ph/EL ZAHRAA NOZHA-A,750,23
A52814,PHEL SHIFA,704,20
A52815,El Shifa Main Road,704,20
A52816,el el shifa Mall,720,33
A52817,El Shifa 011,737,25
A52818,el El Shifa Mall,768,21
A52819,PHel shifa (2),768,21
A52820,El-EL SHIFA Statio nSt.,780,23
A52821,el Elite br.2,711,21
A52822,elite MMall734,714,20
A52823,elite 04764,714,20
A52824,Ph/Elite 6th Zone,720,34
A52825,PH Elite Station St.,728,21
A52826,Eltie 04,732,31
A52827,elite,766,30
A52828,Elite,771,25
A52829,ELITE (2),771,25
A52830,Ph/CCity Care,740,23
A52831,el City Care Branch 2,740,23
A52832,CITY CARE 04,761,22
A52833,EL City Care 04,761,22
A52834,PH City Care,776,20
A52835,PY/city care (2),776,20
A52836,EL Better Life Smouha Main Road,710,27
A52837,Better Life Smouha br.2,710,27
A52838,EL Better Life Smouha Main Road520,713,20
A52839,El-Better Life Smouha Station St.81,713,20
A52840,El-Better Life Smouha Branch 1279,732,32
A52841,PH BETTER LIFE SMOUHA Main Road,732,32
A52842,Better Life Smouha br.2559,769,24
A52843,El-better life smouha-A,772,27
A52844,PY/Seha First Smouha 04,704,21
A52845,EL Seha First Smouha br.2,714,21
A52846,Ph/SEHA FIRST SMOUHA Branch 1,736,17
A52847,EL Seha First Smouha Branh 1774,736,17
A52848,Ph/seha first smouha,751,20
A52849,PH seha first msouha,751,20
A52850,EL SEHA FIRST SMOUHA 6th Zone,753,22
A52851,El-Seha First Smouha Branch 1,755,28
A52852,el Seha First Smouha 011,762,26
A52853,seha firts smouha,762,26
A52854,el Seha First Smouha Branch 2,775,24
A52855,PH Omega Smouha-A,725,28
A52856,PH OMEGA SMOUHA827,725,28
A52857,OmegaS mouha br.2,760,22
A52858,OMEGA SMUOHA,760,22
A52859,OMEGA SMOUHA 6th Zone,761,23
A52860,el Omega Smouha 04,777,24
A52861,Ph/Omega Smouha Mall,779,25
A52862,Ph/Omega Smouha Station St.,779,25
A52863,Ph/Nile Care Smouha (2),729,22
A52864,PH Nile Care Smouha-A,731,24
A52865,PY/Nile Care Smouha Branch 2,732,33
A52866,NILE CARE SMOUHA Mall,732,33
A52867,Nile Care Smouha Branch 2,740,24
A52868,nile care smouha 04,768,22
A52869,PY/nile care smouha Station St.,774,22
A52870,Ph/Nile Care Obour br.2,722,24
A52871,PH NILE CARE OBOUR 04,725,29
A52872,el NILE CARE OBOUR 04431,725,29
A52873,NILE CARE OBOUR,734,21
A52874,Ph/nile care obour Branch 2,734,21
A52875,NILEC ARE OBOUR Branch 2792,742,20
A52876,PY/NILE CARE OBOUR,745,20
A52877,NILE CAREOBOUR (2),745,20
A52878,El-Nile Care Obour 011,763,20
A52879,Ph/Nile Care Obour-A,763,20
A52880,PH Nile Care Obour Branch 2,778,21
A52881,El-Nile Care Obour-A,778,21
A52882,NILE CARE OBOUR-A,781,25
A52883,PH NILE CARE OBOUR Branch 1,781,25
A52884,PH ELITE DOKKI,710,28
A52885,Elite Dokik Branch 2,732,34
A52886,el Elite Dokki (2),744,34
A52887,Ph/Elite Dokki 04,744,34
A52888,Ph/ELITE DOKKI Station St.,766,31
A52889,Ph/SUNIRSE,723,23
A52890,Ph/Sunrise Bracnh 1,723,23
A52891,Sunrise Station St.,725,30
A52892,PY/Sunrise,725,30
A52893,Sunrise Station St.,740,25
A52894,PH SUNRISE Main Road831,740,25
A52895,EL sunrise br.2,756,26
A52896,PH sunrise,757,26
A52897,Ph/SUNRISE br.2678,770,24
A52898,Omega Helwan br.2,725,31
A52899,PH omega helwan 04,747,17
A52900,PY/omega helwan,770,25
A52901,Blue Wave Main Road,702,22
A52902,el BLUE WAVE 04539,702,22
A52903,el Blue Wave530,750,24
A52904,Blue Waev 04948,750,24
A52905,Ph/Blue Wavve Station St.,753,23
A52906,PH Blue Wave Branch 1,753,23
A52907,PY/Blue Wave Main Road,773,19
A52908,PH Blue Wave-A649,773,19
A52909,EL Alpha Pharma Square Station St.,705,27
A52910,Alpha Pharma Square br.2,706,28
A52911,el lpha pharma square Mall,706,28
A52912,Alpha Pharma Square Station St.,708,32
A52913,Ph/alpha pharma square,708,32
A52914,PH Alpha Pharma Square Station St.,726,37
A52915,El-ALPHA PHARMA SQURE 6th Zone,726,37
A52916,Ph/ALPHA PHARMA SQUARE br.2,736,18
A52917,el Alpha Pharma Square 011,762,27
A52918,el ALPHA PHARMA SUARE Mall,766,32
A52919,PH alpha pharma square 04,766,32
A52920,El-ALPHA PHARMA SQUARE442,780,24
A52921,ALPHA PHARMA SQUARE Mall,780,24
A52922,PH Star Care Agami133,720,35
A52923,PY/STAR CARE AGAMI738,720,35
A52924,el STAR CARE AGAMI Main Road,728,22
A52925,Ph/Star Care Agami,735,25
A52926,STAR CARE AGAMI 6th Zone,744,35
A52927,Ph/Star Care Agami 6th Zone,764,19
A52928,el Star Care Agami Station St.,779,26
A52929,El-Star Care Agami 6th Zone,779,26
A52930,Family Smouha,727,25
A52931,family smouha 6th Zone,728,23
A52932,EL Family Smouha,728,23
A52933,Family Smouha,770,26
A52934,el Fammily Smouha (2),770,26
A52935,El Nasr Obour 011,702,23
A52936,el El Nasr Obour48,702,23
A52937,el nasr obour 6th Zone,712,24
A52938,EL EL NARS OBOUR 04,712,24
A52939,EL El NasrO bour 04,728,24
A52940,El-El NNasr Obour,738,23
A52941,PH El Nasr Obour br.2,743,15
A52942,El-el nasr obour,743,15
A52943,El Nasr Obour (2),755,29
A52944,El-el nasr obour br.2,755,29
A52945,PY/El Nasr Obour-A,774,23
A52946,SILVER CARE DOKKI,705,28
A52947,PY/silver care dokki,705,28
A52948,el Silvver Care Dokki (2),724,16
A52949,EL Silver Care Dokki Mall421,724,16
A52950,PY/Silver Care Dokki,737,26
A52951,EL SILVER CAE DOKKI-A,749,26
A52952,EL Silver Care Dokki Main Road,749,26
A52953,Silver Care Dokki 6th Zone,756,27
A52954,EL silver care dokki-A,770,27
A52955,el SILVER CARE DOKKI729,770,27
A52956,PY/Sunrise Oct City 011,709,24
A52957,sunrise oct city br.2,724,17
A52958,Ph/Sunrise Oct City Branch 1343,724,17
A52959,El-UNRISE OCT CITY,729,23
A52960,EL Sunrise Oct City,731,25
A52961,El-Sunrise Oct City Mall,736,19
A52962,El-SSunrise Oct City 04,736,19
A52963,EL sunris eoct city-A,749,27
A52964,El-Sunrise Oct City Branch 2,749,27
A52965,EL Sunris Oct City 04,765,21
A52966,PH SUNRISE OCT CITY Branch 2,765,21
A52967,SUNRISE OCT CITY 04,773,20
A52968,PH SUNRISE OCT CITY Mall,773,20
A52969,PY/dr medhat Maall,703,25
A52970,PY/Dr Medhat,708,33
A52971,PH Dr Medhat Mall,721,27
A52972,PH Dr Medhat177,721,27
A52973,DR MEDHAT,751,21
A52974,Ph/Dr Medhat (2),751,21
A52975,el dr medhat,758,13
A52976,El-dr medhat Station St.,758,13
A52977,PH Dr Medhat Branch 1,769,25
A52978,DR MEDHAT (2),769,25
A52979,EL BARAKA OBOUR 011,700,28
A52980,el El Baraka Obour (2)994,705,29
A52981,EL EL BARAKA OBOUR Branch 1527,705,29
A52982,Ph/el baraka obour,710,29
A52983,PH EL BARAKA OBOUR Branch 2,724,18
A52984,el EL BARAKA OBOURR Mall,724,18
A52985,PY/El Baraka Obour-A715,726,38
A52986,PH El Baraka Obour Branch 2,765,22
A52987,PH el baraka obour 04685,765,22
A52988,GOLDEN CARE SMOUHAM all345,731,26
A52989,golden care smouha 011,731,26
A52990,PH Golden Care Smouha,735,26
A52991,Ph/Golden Caer Smouha-A,735,26
A52992,GOLDEN CARE SMOUHA,736,20
A52993,Ph/golden care smouha Branch 2,736,20
A52994,PY/Golden Care Smouha557,760,23
A52995,el Golden Care Smouha Branch 2,760,23
A52996,PH golden care smouha Station St.,772,28
A52997,El-Golden Care Smouha Branch 2,779,27
A52998,PH Alpha Pharma Smouha 6th Zone,740,26
A52999,PY/Alpha Pharma Smouha-A,740,26
A53000,El-ALPHA PHARMA SMOUHA,747,18
A53001,Alpha Pharma Smouha,771,26
A53002,el are 24 Seven Nozha 04,714,22
A53003,PY/care 24 seen nozha 6th Zone949,725,32
A53004,PH Care 24 Sevne Nozha,740,27
A53005,el CARE 24 SEVEN NOZHA Branc 1,740,27
A53006,El-cae 24 seven nozha Branch 1,762,28
A53007,PY/care 24 seven nozha Branch 2,769,26
A53008,PH Star Care Smouha 04,712,25
A53009,Ph/STAR CARE SMOUHA,713,21
A53010,PH tar care smouha Main Road,713,21
A53011,el Star Care Smouha 04,741,23
A53012,Star Care Smouha Station St.,742,21
A53013,star care smouha Branch 2,742,21
A53014,El-star care smouha (2),767,25
A53015,Star Care Smouha,767,25
A53016,el Star Care Smouha,776,21
A53017,PH Star Care Smouha 6th Zone,776,21
A53018,Health Gate Helwan 011,711,22
A53019,El-Health Gate Helwan-A,711,22
A53020,EL health gate helwwan,717,20
A53021,health gate helwan 011,720,36
A53022,EL health gate helwan Main Road,726,39
A53023,EL HEALTH GATE HELWAN,734,22
A53024,El-Health Gate Helwan 6th Zone,736,21
A53025,El-HEALTH GATE HELWAN 011,736,21
A53026,PY/health gate helwan Main Road,742,22
A53027,Ph/health gate helwan Main Road,752,25
A53028,el Metro Smouha222,706,29
A53029,el Metro Smouha Mall,706,29
A53030,Ph/metro smouh Branch 1,729,24
A53031,Ph/mero smouha,734,23
A53032,el METRO SMOUHA Main Road,734,23
A53033,PY/METRO SMOUHA br.2,738,24
A53034,PY/metro smouha 011,738,24
A53035,Meetro Smouha,748,29
A53036,el Metro Smouha,748,29
A53037,METRO SMOUHA Branch 2,768,23
A53038,PY/Metro Smouha br.248,775,25
A53039,El-Mtro Smouha 6th Zone590,775,25
A53040,PH Dr Medhat Montaza Branch 2,700,29
A53041,el dr medhat montaza,703,26
A53042,EL dr medhat montaza Branch 2,703,26
A53043,EL Dr Medhat Montaza Station St.,735,27
A53044,dr medhat montaza Station St.,735,27
A53045,Ph/Dr Medhat Montaza Branch 2,740,28
A53046,El-dr medhat montaza-A,740,28
A53047,Dr Medhat Montaza 04,755,30
A53048,El-dr medhat montaza (2),763,21
A53049,PY/Dr Medhat Montaza 6th Zone,763,21
A53050,PY/DR MEDHAT MONTAZA 011,774,24
A53051,PY/Dr MedhatMontaza br.2,776,22
A53052,El Baraka (2),726,40
A53053,PH EL BARAKA Main Road,726,40
A53054,El Baraka (2),731,27
A53055,PY/El Baraka Station St.,731,27
A53056,El Baraka 6th Zone,745,21
A53057,EL BARAKA Branch 2,748,30
A53058,PH el baraka Brranch 1906,748,30
A53059,el el baraka Main Road,760,24
A53060,EL BARAKA-A,760,24
A53061,el baraka Station St.,768,24
A53062,El Baraka br.2,773,21
A53063,el angel smouha Branch 1,706,30
A53064,PH Angel Smouha Branch 1,706,30
A53065,Ph/Angel Smoha 011,714,23
A53066,PH ANGEL SMOUHA,750,25
A53067,ell angel smouha,779,28
A53068,PH EL SHIFA SMOUHA 011,722,25
A53069,El Shifa Smouha 6th Zone,751,22
A53070,ElS hifa Smouha,759,19
A53071,El Shifa Smouha Mall635,764,20
A53072,el shifa smouha (2),773,22
A53073,el El Shifa Smouha Main Road,775,26
A53074,PH el shifa smouha,775,26
A53075,El Shifa Smouha,779,29
A53076,El-green lef Station St.368,707,21
A53077,Green Lef 6th Zone774,709,25
A53078,Ph/greenleaf br.2,760,25
A53079,Ph/Green Leaf Main Raod,763,22
A53080,PY/Green Leaf (2),768,25
A53081,PH GREEN LEAF460,773,23
A53082,PY/Green Leaf Main Road,773,23
A53083,P/YGREEN LEAF,779,30
A53084,PY/MISR Main Road979,723,24
A53085,PY/MISSR 04,723,24
A53086,PY/misr,729,25
A53087,MIR Mall,729,25
A53088,El-Misr Mall,756,28
A53089,Union Pharm Smouha,714,24
A53090,el Union Pharm Smouha Mall,733,18
A53091,el nion Pharm Smouha Station St.,735,28
A53092,Union Pharm Smouha 6th Zone,735,28
A53093,EL Better Life Smouha-A189,738,25
A53094,PY/better life smouha 04,738,25
A53095,PH Better Life Smouha530,742,23
A53096,better life smouha Station St.,742,23
A53097,PH better life smouha br.2,743,16
A53098,Better Life Smouha Branch 2,753,24
A53099,el better life smouha Station St.841,760,26
A53100,PYBetter Life Smouha 04,760,26
A53101,Better Life Smouha Station St.,769,27
A53102,PH Better Life Smouha Branch 1,769,27
A53103,PH BETTER LIFE SMOUHA 6th Zone,770,28
A53104,Ph/BETTER LIFE SMOUHA Mall,770,28
A53105,Ph/BETTER LIFE SMOUHA,773,24
A53106,better life smouha-A,773,24
A53107,Elite Haram Mall,710,30
A53108,el Elite Haram 011,710,30
A53109,EliteHaram642,722,26
A53110,el Elite Haram Station St.,722,26
A53111,El-Elitte Haram Mall706,727,26
A53112,Elite Haram,727,26
A53113,ELITE HARAM Branch 2,734,24
A53114,PH Elite Haram (2),739,28
A53115,Elite Haram,751,23
A53116,Ph/ELITE HARAM 6th Zone,751,23
A53117,PYY/ELITE HARAM Mall,755,31
A53118,EL ELITE HARAM,768,26
A53119,PY/ELIT EHARAM,768,26
A53120,el AL NOZHA SMOUHA Branch 2385,711,23
A53121,AL NOHZA SMOUHA-A429,711,23
A53122,al nozha smouha 6th Zone,713,22
A53123,AL NOZHA SMOUHA-A,737,27
A53124,El-AL NOZHA SMOUHA Branch 2,737,27
A53125,PH Al Nozha Smouha,776,23
A53126,EL Al Nozha Smouha 011,780,25
A53127,EL Al Nozha Smouha-A,780,25
A53128,el EL ZAHRAA MONTAZA 04204,701,22
A53129,EL ZAAHRAA MONTAZA-A982,701,22
A53130,el El Zahraa Montaza961,715,16
A53131,EL El Zharaa Montaza Main Road,724,19
A53132,EL ZAHRAA MONTAZA,737,28
A53133,el EL ZAHRAA MONTAZA71,737,28
A53134,PY/El Zahraa Montaza Main Road,743,17
A53135,PY/el zahraa montaza Branch 2,767,26
A53136,El Zahraa Montaza 011,767,26
A53137,EL NASR SQUARE (2),703,27
A53138,PH EL NASR SQUARE,703,27
A53139,El-el nasr square Branch 2,727,27
A53140,el EL NASR SQUARE Main Road,730,38
A53141,El NasrSquare,734,25
A53142,PY/EL NASR SQUARE,735,29
A53143,El Nasr Square Mall,747,19
A53144,El Nasr Square 6th Zone,763,23
A53145,PY/El asr Square br.2447,763,23
A53146,el el tourtah,706,31
A53147,El Touarth,709,26
A53148,El Tourath Station St.,709,26
A53149,EL l Tourath Station St.,723,25
A53150,El-El Tourath,723,25
A53151,El Tourat Station St.,734,26
A53152,PY/El Tourath (2),742,24
A53153,PH El Tourath-A,747,20
A53154,el El Tourath Branch 1,782,27
A53155,el tourath Branch 1595,782,27
A53156,Ph/misr Branch 1,713,23
A53157,PY/Misr,718,23
A53158,PH MISR 011,724,20
A53159,EL MISR 04,739,29
A53160,MIS 011,748,31
A53161,Misr br.2,751,24
A53162,el MISR Main Road,759,20
A53163,MISR,774,25
A53164,EL Pharma Plus 6th Zone577,700,30
A53165,ELL Pharma Plus Branch 1,700,30
A53166,Phh/PHARMA PLUS 04,704,22
A53167,Ph/pharma plus,720,37
A53168,Ph/pharma plus,720,37
A53169,Pharma PlusS tation St.,724,21
A53170,EL PHARMA PLU Sbr.2,727,28
A53171,Ph/pharma plus Mall,745,22
A53172,PHARMA PLUS 04,754,24
A53173,Pharma Plus,754,24
A53174,Pharma Plus br.2,760,27
A53175,el EL TOURATH REHAB VIEW-A,727,29
A53176,El Tourath Rehab View 6th Zone,734,27
A53177,El Tourath Rehab View-A,734,27
A53178,EL el touurath rehab view,745,23
A53179,EL TOURATH REHAB VIEW (2),745,23
A53180,Ph/El Tourath Rehab View (2)514,757,27
A53181,EL TOURRATH REHAB VIEW417,757,27
A53182,el shifa smouha Branch 1,711,24
A53183,El Shifa Smouha Mall175,714,25
A53184,El Shifa Smouha,714,25
A53185,el shifa smuha Branch 2,720,38
A53186,EL SHIFA SMOUHA376,720,38
A53187,Ph/el shifa smouha 011,721,28
A53188,Ph/El Shifa Smouha,747,21
A53189,PH el shifa smouha Branch 1,756,29
A53190,EL EL SHIFA SMOUHA 011,756,29
A53191,PH El Shifa Smouha,766,33
A53192,EL El Shifa Smouha 04,766,33
A53193,El-el shifa smouha Station St.,773,25
A53194,El Shifa Smouha 011,773,25
A53195,Ebn Sina Smouha 011648,736,22
A53196,EL Ebn Sina Smouha Mall,746,16
A53197,EL Ebn Sina Smouha678,746,16
A53198,PH ebn sina smouha Branch 2,748,32
A53199,Ebn Sina Smouha br.2,748,32
A53200,EBN SINA SMOUHA Branch 2589,753,25
A53201,PH Ebn Sina Smouha Main Road,762,29
A53202,Blue Wave Smouha (2),701,23
A53203,El-blue wave smouha Mall21,715,17
A53204,BLUE WAVE SMOUHA 011,741,24
A53205,PY/Blue Wave Smouha Main Road,748,33
A53206,BLUE WAVE SMOUHA 04,756,30
A53207,Blue Wave Smouha-A,760,28
A53208,PH blue wave smouha br.2,760,28
A53209,Ph/LUE WAVE SMOUHA Main Road,761,24
A53210,EL Blue Wave Smouha Branch 1,762,30
A53211,EL BLUE WAVE SMOUHA Main Road,762,30
A53212,EL el zahraa smouha Station St.,728,25
A53213,el zahraa smouha,728,25
A53214,PH EL ZAHRAA SMOUHA Branch 1,738,26
A53215,el zahhraa smouha594,775,27
A53216,El-el zharaa smouha Branch 2,775,27
A53217,PH sunrrise smouha Branch 2623,730,39
A53218,Sunrise Smouha Main Road,763,24
A53219,EL Sunrise Smouha 04,780,26
A53220,el Golden Care 04,728,26
A53221,Ph/Golden Care,741,25
A53222,PY/Golden Care Main Road643,741,25
A53223,GOLDEN CARE Branch 1,773,26
A53224,El-golden care Mall,773,26
A53225,Family Oct City Station St.,733,19
A53226,PH FAMILY OCT CITY 04,745,24
A53227,PH Family Oct City Main Road,745,24
A53228,PY/FAMILY OCT CITY,746,17
A53229,El-Family Oct City Mall,746,17
A53230,el family oct city Mall,752,26
A53231,Family Oct City,752,26
A53232,EL Family Oct City Main Road,756,31
A53233,EL family oct city Station St.,756,31
A53234,Ph/family oct city 011,759,21
A53235,EL Family Oct City Station St.,759,21
A53236,EL familyoct city,762,31
A53237,el Family cOt City br.2,762,31
A53238,Hope Smouha 6th Zone,703,28
A53239,el Hope Smouha Branch 2,703,28
A53240,El-HOPE SMOUHA Main Road994,706,32
A53241,el hope smouha br.2,706,32
A53242,El-Hope Smouha Mall,720,39
A53243,HOPE SMOUHA Branch 2286,720,39
A53244,HOPE SMOUHA,725,33
A53245,Hope Smohua (2),754,25
A53246,PH hope smouha br.2133,762,32
A53247,PH HOPE SMOUHA Branch 1,762,32
A53248,Ph/hope smouha Main Road,770,29
A53249,Ph/Hope Smouha br.2,770,29
A53250,health gae smouha 6th Zone,706,33
A53251,Health Gate Smouha Branch 1,722,27
A53252,EL Health Gate Smouha 011,722,27
A53253,Ph/HEALTH GATE SMOUHA (2),749,28
A53254,El-Health Gate Smouha (2),777,25
A53255,El-El oTurath Branch 1,704,23
A53256,EL el tourath,704,23
A53257,el El Tourath br.2,711,25
A53258,PH El Tourath Mall,721,29
A53259,El Tourath 04835,721,29
A53260,Ph/el hokama Branch 2,700,31
A53261,el hokama-A479,700,31
A53262,EL EL HOKAMA Branch 1,706,34
A53263,EL el hokama Branch 2,709,27
A53264,el hkama (2),709,27
A53265,Ph/el hokama Mall,716,18
A53266,EL HOKAMA 011,739,30
A53267,PH EL HOKAMA Station St.,750,26
A53268,Ph/EL HOKAMA Mall967,752,27
A53269,PY/MIISR SMOUHA,717,21
A53270,ELL misr smouha,718,24
A53271,Misr Smouh Mall,718,24
A53272,Misr Smouha Station St.,731,28
A53273,MISR SMOUHA 6th Zone,731,28
A53274,Misr Smouha Branch 2746,746,18
A53275,Misr Smouha Branch 1,746,18
A53276,PY/Misr Smouha 6th Zone,749,29
A53277,PY/MISR SMOUHA (2),749,29
A53278,EL Misr mSouha Branch 2,760,29
A53279,el Misr Smouha97,760,29
A53280,Misr Smouha 011,775,28
A53281,PY/misr smouha SStation St.,775,28
A53282,El Zahraa Maadi (2),703,29
A53283,El Zahraa Maadi Mall,703,29
A53284,Ph/El Zahraa Maadi Main Road,716,19
A53285,El Zahraa Madi 011,730,40
A53286,PH El Zahraa Maadi Branch 1,739,31
A53287,EL el zahraa maadi Branch 1,739,31
A53288,P/hEl Zahraa Maadi Branch 1,748,34
A53289,EL El Zahraa Maadi Mall,756,32
A53290,El-el zahraa maadi Main Road46,759,22
A53291,el zahhraa maadi Station St.,765,23
A53292,El Zahraa Maadi Branch 2,765,23
A53293,PY/El Baraka Marg Main Road,737,29
A53294,PH El Barak aMarg Main Road,740,29
A53295,EL el baraka marg,740,29
A53296,EL EL BARAKA MARG Mall,776,24
A53297,El Baraka Marg-A925,776,24
A53298,PY/EL SHIFA AGAMI516,723,26
A53299,EL SHIFA AGAMI-A,727,30
A53300,El-el shifa agami Branch 1,731,29
A53301,El-EL SHIFA AGAMI Main Road,749,30
A53302,El Shfia Agami-A,759,23
A53303,EL el shifa agami 04,767,27
A53304,PH El Shifa Agami-A,779,31
A53305,PH el shifa agami 011,779,31
A53306,PY/el baraka square Main Road,717,22
A53307,El-El Baraka Square Branch 1,746,19
A53308,El Baraka Square 011,746,19
A53309,EL BARAKA SUARE602,756,33
A53310,El Baraka Square Main Road,756,33
A53311,PH EL BARAKA SQUARE,769,28
A53312,Ph/elite,709,28
A53313,PY/Elite Branch 1,709,28
A53314,el Elite br.2,712,26
A53315,elite Station St.,712,26
A53316,PY/Elite Branch 1493,773,27
A53317,Elite br.2,773,27
A53318,EL ELITE,780,27
A53319,Elite Branch 1,780,27
A53320,PH Blue Wave,701,24
A53321,Blue Wave 04,707,22
A53322,el BLUE WAV EMall,710,31
A53323,blue wave Mall,722,28
A53324,Blue Wave br.2741,733,20
A53325,BLUE WAVE 6th Zone444,733,20
A53326,BLUE WAVE Mall,772,29
A53327,PH Blue Wave-A,773,28
A53328,EL BLUE WAVVE Branch 2,773,28
A53329,PH blue wave 011,776,25
A53330,BLUE WAVE 6thZ one33,776,25
A53331,PH SEHA FIRST Branch 2,708,34
A53332,EL SEHA FIRST 04351,721,30
A53333,EL SEHA FIRST 01171,742,25
A53334,El-Seha FFirst Branch 167,742,25
A53335,el Seha First,750,27
A53336,El-Seha First 011,765,24
A53337,PY/Seha First 011,765,24
A53338,El-CITY CARE OOBOUR Branch 1,716,20
A53339,EL city care obour br.2,729,26
A53340,PY/CITY CARE OBOUR 66th Zone,731,30
A53341,EL CITY CARE OBOUR StationSt.,763,25
A53342,city care obour,766,34
A53343,PH CITY CARE OBOUR Branch 2931,766,34
A53344,Ebn Sina Smouha 04,714,26
A53345,EL ebn sina smouha,714,26
A53346,Ph/Ebn Sina Smouha,747,22
A53347,PY/ebn sina smouha 6th Zone,767,28
A53348,El Tourath Smouha Mall,723,27
A53349,El Tourath Smouha (2),723,27
A53350,EL el tourath smouha-A,727,31
A53351,PH EL TOURATH SMOUHA,727,31
A53352,el El Tourath Smouha Mall,767,29
A53353,El Tourath Smouha Branch 1,767,29
A53354,PY/EL TOURATH SMOUHA,773,29
A53355,EL El Tourathh Smouha 04,773,29
A53356,PH EL TOURATH SMOUHA Branch 2,777,26
A53357,El-El Tourath Smuoha (2),777,26
A53358,EL TOURATH SMOUHA 6th Zone189,782,28
A53359,elite smouha-A,702,24
A53360,EL Elite Smouha,730,41
A53361,PH ELITE SMOUHA 04243,730,41
A53362,elite smouha Main Road,754,26
A53363,Elite Smouha Main Road,769,29
A53364,Elite Smouha 6th Zone,771,27
A53365,Elite Smouha-A602,771,27
A53366,ELITE SMOUHA,780,28
A53367,Ph/Angel Smouha br.2,712,27
A53368,PH angel smouha Branch 2404,712,27
A53369,El-Angel Smouha,731,31
A53370,Ph/Angel Smouha-A,735,30
A53371,Angel Smouha 6th Zone,770,30
A53372,angel smouha Main Road451,770,30
A53373,El-ANGEL SMOUHA Branch 1,777,27
A53374,El-angel smouha 011,777,27
A53375,El-ANGEL SMOUHA 011,781,26
A53376,PY/golden care 6th Zone,729,27
A53377,EL golden care,729,27
A53378,Golden Care Branch 1,731,32
A53379,golden care Mall979,731,32
A53380,GOLDEN ARE Station St.,764,21
A53381,El-Golden Care (2)445,764,21
A53382,Golden Care-A,773,30
A53383,Care 24 Seven 011,713,24
A53384,PH care 24 seven 04,713,24
A53385,EL care 24 seven (2),727,32
A53386,El-CARE 24 SEVEN br.2584,729,28
A53387,PH care 24 seven Station St.,751,25
A53388,Care 24 Seven-A,751,25
A53389,CARE 24 SEVEN Mall,762,33
A53390,care 24 seven Branch 2,762,33
A53391,Ph/Care 24 Seven Mall634,767,30
A53392,El-Care 24 Seven Brranch 2,767,30
A53393,PY/care 24seven (2),770,31
A53394,Ph/CARE 24 SEVEN (2),770,31
A53395,El-Care 24 Seven Station St.,777,28
A53396,el Care 24 Seven br.2,777,28
A53397,el Omega Oct City,701,25
A53398,oemga oct city (2),714,27
A53399,OMEGA OCTCITY,741,26
A53400,Omega Oct Cit y6th Zone,745,25
A53401,PY/OMEGA OCT CITY 011,746,20
A53402,PY/Omega Oct City,746,20
A53403,el Omega Oct City338,760,30
A53404,OmegaOct City,760,30
A53405,OMEGA OCT CITY-A,776,26
A53406,Omega Oct City 04,777,29
A53407,PH OMEA OCT CITY,777,29
A53408,Ph/misr smouha 6t hZone,716,21
A53409,Misr Smouha br.2,716,21
A53410,misr smouha842,725,34
A53411,misr smouha 6th Zone,725,34
A53412,El-misr smouha,750,28
A53413,Misr Smouha,750,28
A53414,El-MISR SMOUHA-A,757,28
A53415,MISR SMOUHA Branch 1,781,27
A53416,PY/misr smouha Branch 1,781,27
A53417,PY/El Hokkama Imbaba 011,702,25
A53418,PH el hokama imbaba403,718,25
A53419,El-EL HOKMAA IMBABA-A601,728,27
A53420,El Hokama Imbaba Mall,728,27
A53421,PH el hokama imbaba,729,29
A53422,PY/El Hokama Imbaba (2),734,28
A53423,el hokama imbaba,734,28
A53424,PY/el hokama imbaba 04,735,31
A53425,PH El Hokama Imbaba Mall,735,31
A53426,el el hokama imbaba 04,749,31
A53427,PH EL HOKAMA IMBABA Main Road,753,26
A53428,GREEN LEAF SMOUHA 6th Zone,756,34
A53429,GREEN LEAF SMOUHA Branch 1,768,27
A53430,Ph/green leaf smouha 011,776,27
A53431,green leaf smouha 011,776,27
A53432,Ph/life line Station St.,715,18
A53433,EL Life Line 04,737,30
A53434,PY/Lfe Line br.2,737,30
A53435,PH LIFE LINE 6th Zone,742,26
A53436,Life Line,742,26
A53437,PH life line 04,745,26
A53438,life line 6th Zone,745,26
A53439,EL life line (2),749,32
A53440,el Life Line Station St.,749,32
A53441,PH Lie Line 04,757,29
A53442,Ph/Life Line (2),757,29
A53443,Ph/Ebn Sina Smouha Mall,706,35
A53444,el ebn sina smouha Main Road,706,35
A53445,El-Ebn Sina Smouha04,724,22
A53446,el Ebn Sina Smouha Mall,727,33
A53447,Ebn Sina Smouha Main RRoad640,734,29
A53448,ebn sina smouha Mall,734,29
A53449,ebn sina smouha 6th Zone,746,21
A53450,PY/ebn sina smouha-A266,748,35
A53451,el Ebn Sina Souha,748,35
A53452,EL EbnS ina Smouha,782,29
A53453,ebn sina smouha,782,29
A53454,Ph/ANGEL 011,714,28
A53455,PY/Angel-A857,714,28
A53456,El-ANGEL Mall,728,28
A53457,Ph/Angel Branch 1,737,31
A53458,ANGEL br.2153,737,31
A53459,el Angel br.2,740,30
A53460,PY/Angel Main Road,754,27
A53461,El-ANGEL Barnch 2,765,25
A53462,PY/angel Branch 2591,773,31
A53463,el Angel 6th Zone,777,30
A53464,Al Nozha Smouha,714,29
A53465,EL al nozha smouha 0011,714,29
A53466,Al Nozha Smoha (2),726,41
A53467,El-Al Nozha Smouha-A,760,31
A53468,EL al nozha smouha 6th Zone,760,31
A53469,Ph/omega smouha,709,29
A53470,El-Omega Smouha,738,27
A53471,omega smouha,738,27
A53472,Ph/omega smouha Mall711,741,27
A53473,Omega Smouha Mall,741,27
A53474,OMEGA SMOUHA Main Road,757,30
A53475,El Zahraa Oct City br.2,722,29
A53476,PH el zahraa oct city 04,735,32
A53477,El Zahraa Oct City Branch 1,735,32
A53478,el el zahraa oct city Station SSt.359,743,18
A53479,El Zahraa Oct City-A939,773,32
A53480,PY/El Zahraa Oct City286,773,32
A53481,Phalpha pharma smouha Mall,717,23
A53482,el Alpha Pharma Smouha 04174,719,25
A53483,PY/alpha phaarma smouha Main Road,719,25
A53484,ell alpha pharma smouha,747,23
A53485,el Alpha Pharma Smouha Station St.,747,23
A53486,El-alpha pharma smouha 04,760,32
A53487,PH Alpha Pharma Smouha Branch 1660,770,32
A53488,Angel Faisal732,718,26
A53489,ANGEL FAISAL 04,729,30
A53490,Angel Faisal 011,754,28
A53491,PY/angel faisal-A,754,28
A53492,PH ANGEL FAISAL Main Road,755,32
A53493,EL angel,709,30
A53494,PY/angel 04,709,30
A53495,PY/ANGEL Mall,716,22
A53496,Angle 04932,716,22
A53497,PY/Angel 6th Zone,733,21
A53498,PY/Angel,733,21
A53499,el angel-A,765,26
A53500,Ph/angel 6th Zone917,765,26
A53501,Angel 011,768,28
A53502,Ph/Angel-A,768,28
A53503,El-Angel 6h Zone,775,29
A53504,Angel,780,29
A53505,PY/Angel Station St.,780,29
A53506,el Alpha Pharma Smouha,744,36
A53507,EL ALPHA PHARMA SMOUHA,776,28
A53508,PH Alpha Pharma Smouha,776,28
A53509,El-alpha pharma smouha Mall,779,32
A53510,alpha pharma smouha,779,32
A53511,PY/Care 24 Seven Mall558,700,32
A53512,el care 24 seven 011,705,30
A53513,Care 24 Seven 011,705,30
A53514,el CARE 24 SEVEN (2)689,710,32
A53515,EL CAE 24 SEVEN Branch 1,710,32
A53516,el CARE 24 SEVEN 011807,712,28
A53517,Care 24 Seven Mall215,712,28
A53518,CARE 24 SEVEN SStation St.,722,30
A53519,EL CARE 24 SEVEN,736,23
A53520,PH care 24 seven-A,736,23
A53521,CARE 24 SEVEN (2),775,30
A53522,Ph/care 24 seven (2),775,30
A53523,ANGEL MARG Station St.,725,35
A53524,angel marg,737,32
A53525,ANGEL MARG,740,31
A53526,El-Angel Marg,740,31
A53527,PH Angel Marg-A,742,27
A53528,ANGEL MARG br.2,742,27
A53529,Angel Marg Main Road,753,27
A53530,Ph/ANGEL MAR G6th Zone,757,31
A53531,Ph//Angel Marg69,757,31
A53532,El-nAgel Marg Station St.699,762,34
A53533,El Shifa,702,26
A53534,EL SHIFA 6th Zone,741,28
A53535,Ph/El Shifa Branch 2,741,28
A53536,El Shifa Mall,748,36
A53537,PH el shifa,767,31
A53538,Ph/EL SHIFA (2),767,31
A53539,PH El Shifa Main Road,768,29
A53540,El Shifa,768,29
A53541,EL SHIFA (2),773,33
A53542,el shif Mall,773,33
A53543,El-EL SHIFA Branch 1,774,26
A53544,el el shifa Branch 2,774,26
A53545,El Shifa Mall,779,33
A53546,El-Ebn Sina909,700,33
A53547,Ebn Sina 04784,700,33
A53548,PH EEbn Sina (2),707,23
A53549,el EBN SINA-A,707,23
A53550,PH ebbn sina 04,715,19
A53551,PH Ebbn Sina (2),724,23
A53552,Ebn Sina,724,23
A53553,El-ebn sina,758,14
A53554,El-Ebn Sina Station St.,758,14
A53555,el Ebn Sina (2),766,35
A53556,el elite,714,30
A53557,Elite 6th Zone,714,30
A53558,elite Branch 1,717,24
A53559,EL ELITE Main Road,717,24
A53560,EL elite Mall,725,36
A53561,Elite,745,27
A53562,EL Elite Station St.618,750,29
A53563,El-Elite 6th Znoe,750,29
A53564,el elite Branch 1,763,26
A53565,elite-A,763,26
A53566,Misr Maadi,705,31
A53567,PH Misr Maadi Mall495,720,40
A53568,MISR MAADI-A,720,40
A53569,misr maadi (2),742,28
A53570,PY/Misr Maadi,747,24
A53571,el MISR MAADI749,747,24
A53572,el MISR MAADI Branh 2,769,30
A53573,El-Misr Maadi-A,770,33
A53574,el MISR MAADI,770,33
A53575,Ph/Misr Maadi Mall,781,28
A53576,Ph/BETTER LIFE SHUBRA Station St.,709,31
A53577,PY/Better Life Shubra br.2556,709,31
A53578,Better Life Shubra,716,23
A53579,better life shubra Branch 1,716,23
A53580,e Better Life Shubra,742,29
A53581,EL Better Life Shubra Main Road,761,25
A53582,EL better life shubra,766,36
A53583,BETTER LIFE SHUBRA 6th Zone,766,36
A53584,el BETTER LIFE SHUBRA 04844,778,22
A53585,PH Better Life Shubra (2),778,22
A53586,CITY CARE SMOUHA 6th Zone,704,24
A53587,city care smouha (2)765,704,24
A53588,CITY CARE SMOUHA,714,31
A53589,PH city care smouha 011,714,31
A53590,City Care Smouha,726,42
A53591,City Care Smouha Station St.,726,42
A53592,Ph/Ciity Care Smouha Station St.,727,34
A53593,PH City Care Smouha Mall,727,34
A53594,PH City Care Smouha Bracnh 2122,758,15
A53595,el City Care Smouha 011,758,15
A53596,EL CITY CARE SMOUHA Main Road,764,22
A53597,El-City Care Smouha br.2,780,30
A53598,PH City Care Smouha (2),780,30
A53599,Ph/CITY CARE SMOUHA Main Road,713,25
A53600,PH City Care Smouha,713,25
A53601,el city care smouha638,718,27
A53602,el City Care Smouha (2),718,27
A53603,el CITY CARE SMOUHA431,751,26
A53604,Ph/City Care Smouha (2),751,26
A53605,city care smouha 6th one,778,23
A53606,CITY CARE SMOUHA Branch 2,781,29
A53607,EL SHIFA-A,700,34
A53608,PH El Shifa 04,700,34
A53609,el lE Shifa,735,33
A53610,PY/EL SHIFA,735,33
A53611,PH El Shifa,738,28
A53612,EL SHIFA,744,37
A53613,PY/El Shifa Main Road,763,27
A53614,el shifa,763,27
A53615,Phel shifa Station St.,766,37
A53616,EL El Shifa Branch 2,766,37
A53617,El Shifa,771,28
A53618,El-El Shifa Mall,771,28
A53619,EL El Shifa 6th Zone,774,27
A53620,el EL SHIFA,774,27
A53621,Ph/Omega519,720,41
A53622,PY/Omega Branch 1,720,41
A53623,Ell-OMEGA-A,724,24
A53624,Ph/OMEGA Station St.106,724,24
A53625,PH OMEGA 6th Zone,729,31
A53626,PY/El Hokama (2),717,25
A53627,PY/el hokama,718,28
A53628,El Hokama Mai nRoad,718,28
A53629,EL el hokama,721,31
A53630,El Hkama-A,721,31
A53631,EL EL HOKAMA Branch 1382,735,34
A53632,PH el hokama131,759,24
A53633,Ph/el hokama,759,24
A53634,El Hokama Branch 1,767,32
A53635,el El Hokama 011433,767,32
A53636,Golden Care Smouha,700,35
A53637,GOLDEN CARE SMOUHA,704,25
A53638,Ph/GOLDEN CARE SMOUHA Station St.,714,32
A53639,GOLDEN CARE SMOUHA,721,32
A53640,EL Golden Care Smohua,721,32
A53641,PY/Golden Care Smouha 04,739,32
A53642,GOLDEN CARE SMOUHA 04480,739,32
A53643,PH Golden Care Smouha Mall,752,28
A53644,PH Golden Care Smouha Mall,754,29
A53645,el Golden Care Smouha 6th Zone,772,30
A53646,el EL FARABY SMOUHA br.2,716,24
A53647,PY/el faraby smouha Branch 2,716,24
A53648,PY/El FarabyS mouha Station St.,719,26
A53649,EL FARABY SMOUHA Station St.,734,30
A53650,PH EL FARABY SMOUHA Main Road,779,34
A53651,El-El Faraby Smouha 011,779,34
A53652,Ph/El Hokama Shubra 6th Zone,700,36
A53653,EL El Hokama Shubra,728,29
A53654,el hokama shubra 6th Zone114,728,29
A53655,EL HOAKMA SHUBRA 011,749,33
A53656,EL HOKAMA SHUBRA Branch 1,749,33
A53657,EL El Hokama Shubra Branch 2341,771,29
A53658,el El Hokama Shubra Main Road,771,29
A53659,el METRO SMOUHA Branch 1,739,33
A53660,Metro Smouha 6th Zone,739,33
A53661,PY/METRO SMOUHA 6th Zone,756,35
A53662,metro smouha br.2,756,35
A53663,EL metro smouha-A,761,26
A53664,PY/Metro Smouha Staiton St.,761,26
A53665,PY/METRO SMOUHA Branch 1,770,34
A53666,Ph/metro smouha (2),770,34
A53667,PH METRO SMOUHA,780,31
A53668,El-METRO SMOUHA Station St.,780,31
A53669,EL Alpha Pharma Main Road367,707,24
A53670,el Alpha Pahrma,710,33
A53671,el ALPHA PHARMA Branch 2,710,33
A53672,el alpha pharma Mall506,719,27
A53673,Alpha Pharma Station St.,726,43
A53674,EL Alpha Pharma br.2,726,43
A53675,Ph/alpha pharma Main Road,727,35
A53676,Ph/Alpha PPharma Main Road,775,31
A53677,PY/Alpha Pharma Main Road,775,31
A53678,Alpha Pharma Branch 1,782,30
A53679,Ph/Alpha Pharma,782,30
A53680,BLUE WWAVE Mall,702,27
A53681,PH Blue Wave,723,28
A53682,P Hblue wave Mall,751,27
A53683,EL lBue Wave (2),755,33
A53684,el Blue Wave978,763,28
A53685,BLUE WAVVE Branch 2,763,28
A53686,EL blue wave 6th Zone,768,30
A53687,El-Blue Wave,768,30
A53688,Ph/Blue Wave Branch 1,770,35
A53689,Blue Wave,770,35
A53690,blue wave agami (2),713,26
A53691,Blue Wave Agami-A,716,25
A53692,PY/Blue Wave Agami (2),716,25
A53693,PH Blue Wave AAgami Branch 2,720,42
A53694,Ph/BLUE WAVE AGAMI Branch 2,720,42
A53695,Ph/Blue Wave Agami 04,735,35
A53696,EL blue wave agami Branch 1,751,28
A53697,EL blue wave agami Main Road,766,38
A53698,Ph/BLUE WAVE AGAMI (2),767,33
A53699,PH blue wave agami 011769,773,34
A53700,El-blue wave agami 011,773,34
A53701,Ph/FAMILY Branch 1,711,26
A53702,PY/family-A,713,27
A53703,Ph/Family 6th Zone,713,27
A53704,Famiyl (2),734,31
A53705,PH Family Branch 1,744,38
A53706,EL FAMILY,748,37
A53707,Family,748,37
A53708,PH family 04,759,25
A53709,Ph/Family 04,768,31
A53710,e lfamily,768,31
A53711,el nile care smouha-A,705,32
A53712,Nile Care Smouha Station St.,705,32
A53713,EL Nile Care Smouha 6th Zone,744,39
A53714,Ph/Nile Care Souha 04,777,31
A53715,PH El Zahraa Faisal br.2,731,33
A53716,PH El Zahraa Faisal Branch 2,748,38
A53717,el El Zahraa Faisal,778,24
A53718,el golden care Main Road,746,22
A53719,Golden Cae 04,746,22
A53720,Ph/golden care 04,747,25
A53721,PH GOLDEN CARE Mall131,747,25
A53722,golden care 6th Zone,763,29
A53723,PH GOLDEN CARE 6th Zone,763,29
A53724,Golden Care,781,30
A53725,Ph/El Nasr 04,713,28
A53726,El Nasr 04,721,33
A53727,PH El Nasr 011392,730,42
A53728,PY/EL NASR br.2,730,42
A53729,EL EL NASR Main Road,732,35
A53730,PH el nasr Main Road,732,35
A53731,PY/El Naasr,746,23
A53732,PY/El Nasrr 6th Zone,746,23
A53733,El Nasr Branch 1990,750,30
A53734,Ph/EL NASR Station St.842,750,30
A53735,PH EL NASR768,768,32
A53736,El Nasr Station St.,768,32
A53737,El Nasr Branch 1,733,22
A53738,El-El Nasr,733,22
A53739,Ph/El Nasr br.2,738,29
A53740,PY/EL NASR 6th Zone,738,29
A53741,El-EL NASR Main Road,743,19
A53742,el EL NASR 04,744,40
A53743,Ph/El Nasr Main Road,744,40
A53744,El Nasr Branch 1,771,30
A53745,El-El Nasr,771,30
A53746,El Nasr 6th Zone,775,32
A53747,PHE l Nasr br.2,775,32
A53748,PH Mira Obour Mall,726,44
A53749,PH Mria Obour br.2,729,32
A53750,Mira Obour,734,32
A53751,El-Mira Obour,757,32
A53752,PY/mira obou Station St.,757,32
A53753,PH Mira Obour,767,34
A53754,Ph/MIRA OBOUR,767,34
A53755,PY/MISR HARAM 04,714,33
A53756,misr haram (2),714,33
A53757,Misr Haram br.2,730,43
A53758,misr haram Mall,736,24
A53759,PH Misr Haram Branch 2,736,24
A53760,PY/MISR HARAM 011,744,41
A53761,Misr Harm Branch 1,744,41
A53762,PH misr haram Mani Road,747,26
A53763,PY/MISR HARAM 6th Zone,759,26
A53764,PH MISR HARAM,759,26
A53765,Misr Haram Branch 1,777,32
A53766,El-Misr Haram (2),777,32
A53767,star care 04,702,28
A53768,PY/Star Care,704,26
A53769,EL STAR CARE br.2,725,37
A53770,PH Mira Square Mall,701,26
A53771,MIRAS QUARE-A,701,26
A53772,PY/mira square,710,34
A53773,PH MIRA SQUARE 04,713,29
A53774,El-Mira Square 6th Zone,739,34
A53775,El-MIRA SQUARE br.2,748,39
A53776,el Mira Station St.813,720,43
A53777,EL MIRA-A,729,33
A53778,PH mira BBranch 1,729,33
A53779,Mira,734,33
A53780,PY/Mira Station St.,734,33
A53781,El-Mira 6th Zone,770,36
A53782,EL Mira Main Road,770,36
A53783,Ph/Mira-A,773,35
A53784,Mira Main Road,773,35
A53785,PH MIRA Main Road,774,28
A53786,PH Better Life 6th ZZone,705,33
A53787,Better Life-A,705,33
A53788,better life Station St.,712,29
A53789,El-Better Life 6th Zone,718,29
A53790,EL BETTER LIFE,730,44
A53791,el Better Life 011,730,44
A53792,Ph/better life Branch 1,749,34
A53793,BETTER LIFE 011,764,23
A53794,El-better life Mall700,764,23
A53795,Ph/Better Life 011804,765,27
A53796,PH Bettter Life-A,765,27
A53797,Ph/El Zahraa br.2,709,32
A53798,EL EL ZAHRAA951,745,28
A53799,El-el zahraa,745,28
A53800,El Zahraa Main oRad,773,36
A53801,el elz ahraa,773,36
A53802,EL ZAHRAA Mall,777,33
A53803,EL El Zahraa,780,32
A53804,PY/Hope Zayed Branch 2,717,26
A53805,PY/Hope Zayed 011,742,30
A53806,EL Hope Zayed 6th Zone,760,33
A53807,el Hope Zayed-A,760,33
A53808,PY/EL BARAKA NASR Branch 2,743,20
A53809,EL BARAKA NASR,749,35
A53810,El Baraka Nasr,749,35
A53811,PH EL BARAKA NASR br.2,781,31
A53812,PH Al Nozha Nasr aMll,710,35
A53813,Ph/al nozha nasr 6th Zone,720,44
A53814,Ph/al nozha nasr Branc h1,742,31
A53815,A NOZHA NASR (2),752,29
A53816,Al Nozha Nasr,752,29
A53817,El-al nozha nasr Branch 1,781,32
A53818,Ph/al nozha nasr Branch 1,781,32
A53819,PH Al Amal Maadi Mall497,726,45
A53820,El-Al Amal Maadi Main Road,729,34
A53821,el Al Amal Maadi (2),745,29
A53822,El-Al Amal Maadi-A,745,29
A53823,El-al amal maadi br.2,780,33
A53824,al amal maadi 011,780,33
A53825,e PHARMA PLUS 04,722,31
A53826,el Pharma Plus (2),722,31
A53827,el Pharma Plus,734,34
A53828,EL pharma plus br.2,734,34
A53829,el hparma plus,773,37
A53830,PY/STAR CARE NASR (2),708,35
A53831,Ph/Star Care Nasr Mall,750,31
A53832,STAR CARE NASR,750,31
A53833,P/star care nasr-A,775,33
A53834,Star Care Nasr Main Road,782,31
A53835,el Star Care Nasr Branch 1,782,31
A53836,El Hokama,725,38
A53837,PH El Hokama Branch 2,726,46
A53838,el EL HOKAMA Main Road,726,46
A53839,Ph/El Hokama-A,731,34
A53840,PY/el hokama (2)630,731,34
A53841,EL El Hokama (2),758,16
A53842,El-El Hokama 011,768,33
A53843,EL El Hokama,769,31
A53844,el El Hokama Branch 1,771,31
A53845,family nozha 6th Zone,709,33
A53846,el amily Nozha (2)951,712,30
A53847,Family Nozha-A,716,26
A53848,PY/Family Nozha Mall,720,45
A53849,el family nozha Main Road,727,36
A53850,FAMILY NOZHA,727,36
A53851,PY/Family Nozha-A,731,35
A53852,Ph/family nozha,731,35
A53853,PH FAMLY NOZHA,748,40
A53854,el Family Nozha Branch 1294,782,32
A53855,El-Pharma Plus Nasr Branch 1,714,34
A53856,Ph/Pharma Plus asr 011,714,34
A53857,PY/Pharma Plus Nasr Main Road,732,36
A53858,pharma plus nasr Branch 2,744,42
A53859,PY/PHARMA PLUS NASR br.2,744,42
A53860,Pharma Plus Nasr,752,30
A53861,Pharma Plus Nasr 6th Zone,781,33
A53862,Pharma Plus Nasr,781,33
A53863,PY/mira,712,31
A53864,PH Mira 04,719,28
A53865,Mira Main RRoad,719,28
A53866,Mira,760,34
A53867,el MIRA Station St.,760,34
A53868,mira (2)249,767,35
A53869,mira Main Road,777,34
A53870,Angel Montaza,750,32
A53871,el Angel Montaza 6th Zone,750,32
A53872,El-Angel Montaza Main Road,756,36
A53873,Angel Montaza 04196,765,28
A53874,el angel montaza (2),773,38
A53875,angel montaza 011,773,38
A53876,PY/ANGEL DOKKI (2),727,37
A53877,Ph/angel dokki Mall,736,25
A53878,Angel Dokki,776,29
A53879,Angel Dokk-A,776,29
A53880,dr medhat nasr Main Road155,705,34
A53881,Ph/Dr Medhat Nasr Branch 2,710,36
A53882,PH Dr Medhat Nasr Main Road,716,27
A53883,EL DR MEDHAT NASR 011830,716,27
A53884,PH Dr Medhat Nasr Station St.,733,23
A53885,Dr MMedhat Nasr 04,733,23
A53886,PH DR MEDHAT NASR Branch 1,735,36
A53887,Ph/Dr Medhat Nasr,735,36
A53888,Ph/DR MEDHAT NASR 04,764,24
A53889,el Dr Medhat Nasr,764,24
A53890,El-Dr Medhat Nasr,772,31
A53891,Dr Medhat Nasr 04,772,31
A53892,el mira nasr Main Road,713,30
A53893,EL Mira Nasr 04,727,38
A53894,PY/mira nasr 04,734,35
A53895,mira nasr,734,35
A53896,EL Mira Nasr,743,21
A53897,el mira nasr Mall223,751,29
A53898,PH mira nasr Branch 1,751,29
A53899,Ph/MIRA NASR Main Road,761,27
A53900,PY/Mira Nsar 6th Zone,779,35
A53901,Mira Nasr br.2468,779,35
A53902,elite imbaba Branch 1,701,27
A53903,elite imbaba 011,709,34
A53904,El-ELITE IMBABA Branch 1,709,34
A53905,Elite Imbba 6th Zone,712,32
A53906,el Elite Imbaba 04,721,34
A53907,Ph/Elite Imbbaba br.2994,733,24
A53908,PY/Elite Imbaba,740,32
A53909,Elite Imbaba 6th Zone354,740,32
A53910,Elite Imbaba850,781,34
A53911,Elite Imbaba,781,34
A53912,PY/Green Leaf 011,701,28
A53913,greenn leaf Branch 1,701,28
A53914,green leaf Branch 2,711,27
A53915,GREEN LEAF 04,711,27
A53916,Green Leaf 011,714,35
A53917,Green Leaf,732,37
A53918,PY/GREEN LEAF,732,37
A53919,EL green leaf,735,37
A53920,PY/Alpha Pharma Nasr,723,29
A53921,EL Alpha Pharma Nasr,723,29
A53922,PH ALPHA PHARMA NASR 011,733,25
A53923,ALLPHA PHARMA NASR 6th Zone,733,25
A53924,ALPHA PHARMA NNASR 04121,753,28
A53925,el Alpha Pharma Nasr 011,753,28
A53926,el alpha pharma nasr 04,759,27
A53927,el Alpha Pharma Nasr,759,27
A53928,Alpha Pharma Nasr 6th Zone,774,29
A53929,ALPHA PHARMA NASR,774,29
A53930,El-Alpha Pharma Nasr,780,34
A53931,PH ALPHA PHARMA NASR (2),780,34
A53932,El-ALPHA PHARMA NASR Mall,781,35
A53933,hope nasr Branch 2,701,29
A53934,El-Hope Nasr (2),701,29
A53935,EL Hope Nasr Main Road,712,33
A53936,Hope Nasr Branch 1,723,30
A53937,PH HOPE NASR Station St.,732,38
A53938,HOPE NSR-A,732,38
A53939,EL HOPE NASR,740,33
A53940,Ph/HOPE NASR (2),740,33
A53941,HOPE NASR926,750,33
A53942,HOPE NASR (2),750,33
A53943,EL Hope Nasr Station St.,762,35
A53944,Hoe Nasr (2),764,25
A53945,Ph/health gtae48,701,30
A53946,PY/HEALTH GATE618,701,30
A53947,PH health gate,706,36
A53948,Ph/Health Gate,706,36
A53949,el Health Gate br.2,707,25
A53950,PH Health Gate Branch 1,710,37
A53951,health gate Branch 2,713,31
A53952,Ph/Health Gate (2),714,36
A53953,Health Gate Branch 2,714,36
A53954,HEALTH GATE Branch 2,755,34
A53955,Health GateMall,763,30
A53956,PH city care-A,701,31
A53957,City Car eMain Road,701,31
A53958,El-CITY CARE,724,25
A53959,City Care 011,727,39
A53960,City Care Mall,727,39
A53961,City Care 6th Zone,759,28
A53962,El-liife line nasr (2),703,30
A53963,el LIFE LIE NASR 04,709,35
A53964,EL life line nasr,709,35
A53965,Ph/Life Line Nasr Branch 1,719,29
A53966,el Life Line Nasr br.2,719,29
A53967,PY/LIFE LINE NASR br.2,724,26
A53968,PH LIFE LINE NAS br.2,727,40
A53969,PY/life line nasr Main Road,727,40
A53970,PHLife Line Nasr,760,35
A53971,PY/life line nasr,760,35
A53972,LIFE LINE NASR (2),770,37
A53973,PY/EL BARAKA NASR (2)518,702,29
A53974,PY/el baraka nasr br.2,704,27
A53975,EL BARAKA NASR-A,719,30
A53976,EL El Baraka Nasr Station St.,780,35
A53977,el EL BARAKA NASR Branch 2,780,35
A53978,nile care dokik Branch 2,701,32
A53979,PY/nile acre dokki 011,701,32
A53980,nile care dokki 011,717,27
A53981,Ph/Nile Care Dokki Station St.862,717,27
A53982,PH nile care dokki 04,741,29
A53983,PY/nile care dokki-A,741,29
A53984,el NILE CARE DOKKI Branch 1349,757,33
A53985,el Nile Care Dokki,763,31
A53986,nile care dokki Branch 1,763,31
A53987,Ph/Nile Care Dokki 011,767,36
A53988,PH Nile Care Dokki-A,767,36
A53989,el Nile Care Dokki Branch 1,769,32
A53990,NILE CAR DOKKI,776,30
A53991,PY/City Care Zayed Mall,702,30
A53992,CITY CARE ZAYED Mall,714,37
A53993,PY/CITY CARE ZAYED,714,37
A53994,City Care Zayed Mall,722,32
A53995,city care zayed Station St.,731,36
A53996,Ph/CITY CARE ZAYED Station St.,733,26
A53997,CIT YCARE ZAYED (2),733,26
A53998,EL City Crae Zayed (2),735,38
A53999,city cre zayed Branch 226,736,26
A54000,el City Care Zayed,737,33
A54001,HOPE IMBABA (2)470,703,31
A54002,Hope Imbaaba,754,30
A54003,hope imbaba,754,30
A54004,HopeImbaba,755,35
A54005,Ph/Hope Imbaba,759,29
A54006,PY/HOPE IMBABA,762,36
A54007,PH hope imbaba (2),770,38
A54008,Hope Imbaba Branch 2,770,38
A54009,EL hope imbaba 6th Zone,779,36
A54010,EL star care,707,26
A54011,EL Star Care,712,34
A54012,PY/Star Care br.2,714,38
A54013,EL STAR CARE 011,726,47
A54014,Star Care Station St.571,746,24
A54015,el Star Care Main Road,754,31
A54016,El-Star Care 04,754,31
A54017,PH Star Care,764,26
A54018,UNIONN PHARM NASR Mall,716,28
A54019,Union Pharm Nasr Main Road,716,28
A54020,Ph/Union Pharm Nasr Mani Road,732,39
A54021,El-UNION PHARM NASR Main Road,732,39
A54022,Union Phrm Nasr,761,28
A54023,UNION PHARMM NASR-A,761,28
A54024,El-Union Pharm Nasr (2),779,37
A54025,Union Pharm Nasr,779,37
A54026,PY/care 24 seven nasr Mall,700,37
A54027,Care 24 Seven Nasr 04,768,34
A54028,el CARE 24 SEVEN NASR Branch 193,768,34
A54029,El-CARE 24 SVEN NASR,772,32
A54030,El-care 24seven nasr795,774,30
A54031,el Care 24S even Nasr,779,38
A54032,Care 24 Seven Nasr,779,38
A54033,El-Care 24 Seven Nasr,782,33
A54034,Al Amal Smouha 6th Zone558,702,31
A54035,EL Al Amal Smouha (2),720,46
A54036,PY/AL AMAL SMOUHA Branch 1,720,46
A54037,Al Amal Smouha-A,726,48
A54038,AL AMAL SMOUHA Main Road,726,48
A54039,Al Amal Smouha,755,36
A54040,el Al Amal Smouha Branch 1,755,36
A54041,El-AL AMAL SMOUHA,767,37
A54042,Bette Life192,712,35
A54043,El-BETTER LIFE br.2,719,31
A54044,el better life (2),719,31
A54045,PH Better Life Mall,726,49
A54046,BETTER LIFE-A,727,41
A54047,BETTER LIFE Station St.,727,41
A54048,better life 04410,749,36
A54049,el Better Life 011,749,36
A54050,PY/Mira Marg902,706,37
A54051,El-mira marg 6th Zone,706,37
A54052,EL Mira Marg,710,38
A54053,Ph/mira marg Station St.,726,50
A54054,Mira Marg,726,50
A54055,Ph/Mira Marg 6th Zone,738,30
A54056,PH MIRA MARG Main Road,744,43
A54057,EL Mira Marg Branch 1,744,43
A54058,mira marg (2),751,30
A54059,Ph/Family Shubra Branch 1,726,51
A54060,Ph/family subra-A,733,27
A54061,PH FAMILY SHUBRA Branch 1,733,27
A54062,PH Family Shubra-A,734,36
A54063,Ph/FAMILY SHUBRA Station St.841,735,39
A54064,PH Family Shubra 011170,742,32
A54065,Ph/Family Shura Main Road264,742,32
A54066,Family Shubra Branch 1,748,41
A54067,Ph/family shubra 011532,779,39
A54068,el MISR NASR Branch 2,731,37
A54069,EL MISR NASR 6th Zone,732,40
A54070,Ph/Misr Nasr Main Road,732,40
A54071,MISR NASR 6th Zone,736,27
A54072,ell MISR NASR-A51,740,34
A54073,PY/MISR NASR br.2,763,32
A54074,Misr Nasr-A,763,32
A54075,EL Misr Nasr br.2,774,31
A54076,e lMisr Nasr Main Road,774,31
A54077,ELITE NASR Branch 2,705,35
A54078,El-elite nasr 6th Zone,705,35
A54079,PY/Elite Nasr Mall,706,38
A54080,EL elite nasr 6th Zone,711,28
A54081,Ph/Elite Nasr (2)554,715,20
A54082,ELITE NASR (2),715,20
A54083,El-Elite Nasr,733,28
A54084,PY/ELITE NASR,746,25
A54085,PH Union Pharm,703,32
A54086,El-UNION PHARM 6th Zoone,716,29
A54087,Unon Pharm (2),723,31
A54088,Union Pharm Mall,732,41
A54089,Ph/El Nasr Nozha,714,39
A54090,E-El Nasr Nozha 04,714,39
A54091,Ph/El Nasr Nozha tSation St.,715,21
A54092,el EL NASR NOZHA br.2,728,30
A54093,El Nasr Nozha,728,30
A54094,PH EL NASR NOZHA Station St.,744,44
A54095,El Nasr Nozha Station St.,746,26
A54096,PH el nasr nozha Mall,751,31
A54097,Ph/ANGEL NASR 011,705,36
A54098,PY/Angel Nasr,714,40
A54099,Angel Nasr 6th Zone,719,32
A54100,PY/Angel Nasr Branch 1,719,32
A54101,Agnel Nasr 6th Zone,722,33
A54102,Ph/angel nasr (2)305,733,29
A54103,EL Angel Nasr Main Road,733,29
A54104,angel nasr Station St.,737,34
A54105,PH Anel Nasr,781,36
A54106,El-FAMILY NASR Mall,700,38
A54107,EL FAMILY NASR 04,700,38
A54108,Ph/FAMILY NASR,709,36
A54109,family nasr Main Road,716,30
A54110,EL Family Nasr-A,716,30
A54111,PH Family Nasr Station St.,731,38
A54112,family nasr,750,34
A54113,el family nasr,750,34
A54114,FAMILY ASR,753,29
A54115,Ph/Family Nasr 6th Zone475,753,29
A54116,EL Family Nsar,759,30
A54117,PH Green Leaf Banha-A,700,39
A54118,EL Green Leaf Banha,700,39
A54119,Green Leaf Banha Station St.,726,52
A54120,El-green leaf banha Station St.,726,52
A54121,El-Green Leaf Banha,737,35
A54122,El-Green Leaf Banha678,739,35
A54123,PY/GREEN LEAF BANHA 04,739,35
A54124,PY/green leaf banha,745,30
A54125,ELg reen leaf banha (2),754,32
A54126,Ph/Green Leaf Banha (2)327,754,32
A54127,el Green Leaf Banha 011,770,39
A54128,PY/GREEN LEAF BANHA,780,36
A54129,Green Leaf Banha Mall527,780,36
A54130,El Nasr Maadi Station St.,712,36
A54131,EL EEl Nasr Maadi Branch 2,712,36
A54132,El Nasr Maadi br.2,720,47
A54133,el EL NASR MAADI (2),727,42
A54134,PY/El Nasr Maadi 04745,731,39
A54135,EL el nasr maadii (2),731,39
A54136,El Nasr Maadi Branch 2,755,37
A54137,El-EEL NASR MAADI 011,755,37
A54138,EL el nasr maadi Branch 2,764,27
A54139,Ph/e lnasr maadi 011,764,27
A54140,PH El Nasr Maadi 6th Zone,780,37
A54141,Ph/dr medhat br.2,705,37
A54142,Dr Medhat Branch 1,712,37
A54143,El-Dr Medhat-A,712,37
A54144,drmedhat Main Road,722,34
A54145,dr medhat Station St.,725,39
A54146,PY/Dr Medhat 04,729,35
A54147,Ph/DR MEDHAT Station St.,729,35
A54148,el Dr Medhat-A,743,22
A54149,dr medhat,743,22
A54150,Ph/dr medhat Branch 2,759,31
A54151,el Dr Medhat 04,759,31
A54152,Dr Medhat-A,770,40
A54153,El-elite Main Road,701,33
A54154,El-ELITE Branch 1,701,33
A54155,EL elite,702,32
A54156,Elite 011869,702,32
A54157,elite-A,721,35
A54158,EL Elite,722,35
A54159,Ph/ELITE,722,35
A54160,Family Nasr Station St.,733,30
A54161,el Family Nasr,733,30
A54162,Family Nasr (2),740,35
A54163,FAMILY NASR,765,29
A54164,PH CITY CARE 04878,704,28
A54165,City Care,709,37
A54166,PH city care (2)32,709,37
A54167,PY/City Care (2),716,31
A54168,Ph/CITY CARE br.2,746,27
A54169,PY/CITY CARE (2),746,27
A54170,City Care Station St.,759,32
A54171,PH City Care 04,772,33
A54172,el CITY CARE (2),772,33
A54173,Ph/CCity Care Station St.,774,32
A54174,Ph/City Care 011,774,32
A54175,Ph/seha first nozha Mall,710,39
A54176,PH Seha First Nozha,710,39
A54177,El-SEHA FIRST NOZHA 6th Zone,739,36
A54178,Seha First Nozha Branh 2,739,36
A54179,el Seha First Nozha,763,33
A54180,PH SEHA FIRST NOZHA Mall,764,28
A54181,Ph/SEHA FIRST NOZHA777,764,28
A54182,EL Seha Firrst Nozha801,775,34
A54183,Ph/Seha First Nozha 011,781,37
A54184,EL Seha First Nozha 011,782,34
A54185,PH seha first nozha 011,782,34
A54186,el silver care marg,700,40
A54187,Silver Care Marg 011,700,40
A54188,Ph/Silver Care Marg,704,29
A54189,Sivler Care Marg (2),704,29
A54190,PH Silver Care Marg Branch 1,725,40
A54191,EL silver care marg 011,738,31
A54192,el Silver Care Marg Branch 1,738,31
A54193,El-SILVER CARE MARG 6th Zone,750,35
A54194,Silver Care aMrg 04,750,35
A54195,SILVER CARE MARG,761,29
A54196,PH silver carre marg Mall,779,40
A54197,SILVER CARE MARG Branch 1,779,40
A54198,el Metro Mall,700,41
A54199,PY/Metro Branch 2,715,22
A54200,El-Mettro br.2,719,33
A54201,Metro Main Road,723,32
A54202,metro 6th Zone72,723,32
A54203,El-metro (2),725,41
A54204,METRO 6th Zone,725,41
A54205,P HMetro,763,34
A54206,Ph/metro Main Road,763,34
A54207,PY/metro-A,773,39
A54208,el zahraa Branch 1,717,28
A54209,EL El Zahraa Station St.,733,31
A54210,PH El Zahraa,735,40
A54211,EL el zahraa Mall727,735,40
A54212,el el zahra abr.2,758,17
A54213,EL ZAHRRAA Main Road,771,32
A54214,EL El Zahara,778,25
A54215,El-EL ZAHRAA NASR,723,33
A54216,Ph/el zahraa nasr 6th Zone,732,42
A54217,PY/EL ZAHRAA NASR br.2,745,31
A54218,el zahraa nasr 011,747,27
A54219,PY/El Zahraa Nasr 04,747,27
A54220,El Zahraa Nasr Main Road,749,37
A54221,el zahraa nasr388,749,37
A54222,Misr MMain Road,704,30
A54223,misr Branch 2,742,33
A54224,EL Misr Main Road,756,37
A54225,MISR Branch 1,756,37
A54226,el Misr215,770,41
A54227,PYM/ISR 04,781,38
A54228,EL Misr,781,38
A54229,EL Salamtek SSmouha (2),702,33
A54230,SALAMTEK SMOUHA Branch 2,702,33
A54231,el Salamtek Smouha Branch 1700,742,34
A54232,EL Salamtek Smouha 011,742,34
A54233,Salamtek Smouha,747,28
A54234,SALAMTEK SMOUHA Station St.,755,38
A54235,Ph/Salamtek Smouha,755,38
A54236,el Salamtek Smouha 011,764,29
A54237,PH Saalamtek Smouha (2),764,29
A54238,Ph/salamtek smouha 011,772,34
A54239,EL SALAMTEK SMOUHA,772,34
A54240,El-SALAMTEK SMOUHA,781,39
A54241,Ph/Salamtek Smouha Branch 1,781,39
A54242,HEALTH GATE 011,705,38
A54243,el Health Gate br.2,707,27
A54244,HEALTH GATE Mall,718,30
A54245,el Health Gate 6th Zone,724,27
A54246,el Health Gate Main Road,724,27
A54247,el Health Gate-A,732,43
A54248,HEALTH GATE,732,43
A54249,el HEALTH GGATE 011758,756,38
A54250,health gate 04,759,33
A54251,HEALTH GATE 6th Zone,759,33
A54252,PH HEALTH GATE br.2,762,37
A54253,PH Pharma Plus Square,700,42
A54254,el Pharma Plus Square,715,23
A54255,Ph/phara plus square44,729,36
A54256,PHARM PLUS SQUARE,729,36
A54257,PHARMA PLUS SQUARE Main Road,748,42
A54258,PY/pharma plus square (2),760,36
A54259,PH PHARMA PLUS SQUARE 6th Zone,763,35
A54260,El-Pharma Plus Sqaure Branch 2,769,33
A54261,pharma plus square 011,781,40
A54262,el Pharm aPlus Square 6th Zone,781,40
A54263,City Care,707,28
A54264,City Care 04,707,28
A54265,Ph/City Care Mall,725,42
A54266,EL Ciity Care (2),746,28
A54267,city care (2),746,28
A54268,City Caer Mall151,754,33
A54269,EL CITY CARE,773,40
A54270,El-MISR br.2,702,34
A54271,EL misr (2),702,34
A54272,PY/Mis rMall,716,32
A54273,Misr-A512,742,35
A54274,MISR 04,742,35
A54275,el Salamtek Nasr666,700,43
A54276,salamtek nasr Branch 2,700,43
A54277,EL SALAMTEK NASR,716,33
A54278,Ph/Salamtek Nasr 011,719,34
A54279,PH Salamtek Nasr 6th Zone,733,32
A54280,salamtek nasr Branch 1,733,32
A54281,Ph/salamtek ansr Branch 1,747,29
A54282,PH salamtek nasr Branch 2,754,34
A54283,Salamtek Nasr (2),780,38
A54284,PH Salamtek Nasr,781,41
A54285,El-Salamtek Nasr,781,41
A54286,health gate nasr,712,38
A54287,EL Health Gate Nasr Main Road,712,38
A54288,Haelth Gate Nasr,724,28
A54289,PH health gate nasr 6th Zone,724,28
A54290,El-heatlh gate nasr 6th Zone,737,36
A54291,HEALTH GATE NASR br.2861,737,36
A54292,Ph/health gate nasr-A,742,36
A54293,El-health gate nasr-A,767,38
A54294,Health Gate Nasr 011,767,38
A54295,PH health gate nasr,770,42
A54296,el seha first br.2,718,31
A54297,PY/Seha First br.2,718,31
A54298,PH SEHA FIRST-A,769,34
A54299,El-SEHA FIRST Branch 2,769,34
A54300,Seha First Main Road490,776,31
A54301,Ph/Union Pharm-A304,730,45
A54302,PH union pharm-A,730,45
A54303,el union pharm,747,30
A54304,Ph/Union Pharm,747,30
A54305,El-union pharm br.2,759,34
A54306,union pharm br.2,768,35
A54307,union pharm Station St.,773,41
A54308,SALAMTEK OCT CITY 04,722,36
A54309,EL SALAMTEK OCT CITY,733,33
A54310,PH Salamtek Oct City Main Road52,766,39
A54311,PY/Salamtek Oct City br.2,766,39
A54312,dr medhat nasr 011,701,34
A54313,dr medhat nasr Mall,712,39
A54314,PY/DR MEDHAT NASR (2)194,726,53
A54315,DR MEHAT NASR Branch 1,728,31
A54316,Ph/DR MEDHAT NASR758,731,40
A54317,dr medhat nasrr Branch 1271,770,43
A54318,PH LIFE LINE,709,38
A54319,el life line 04906,709,38
A54320,Life Line Station St.,711,29
A54321,life line Branch 1,780,39
A54322,PH Life Line Branc h2,780,39
A54323,El-Green Leaf br.2,700,44
A54324,green leaf,735,41
A54325,el Green Leaf Station St.,747,31
A54326,EL Salamtek Nasr 011,705,39
A54327,PY/Salamtek Nasr,745,32
A54328,SALAMTEK ASR 011,782,35
A54329,PY/SALAMTEK NASR,782,35
A54330,Alpha hParma Nasr Branch 2,710,40
A54331,Ph/ALPHA PHARMA NASR Mall,710,40
A54332,el Alpha Pharma Nasr,732,44
A54333,alpha pharma nasr Mall,738,32
A54334,ALPHA PHARMA NASR Main Road,738,32
A54335,El-Alpha Pharma Naasr Branch 1,745,33
A54336,Alpha Pharma Nasr Branch 2,745,33
A54337,el alpha pharma nasr,753,30
A54338,Alpha Pharma Nasr Branch 1485,753,30
A54339,El-Alpha Pharma Nasr,756,39
A54340,el alpha pharma nasr 011,756,39
A54341,PY/Alpha Pharma Nasr,772,35
A54342,EL ALPHA PHARMA NASR Main Road,772,35
A54343,PY/ALPHA PHAMA NASR br.2,775,35
A54344,PH alpha pharma nasr Branch 1,775,35
A54345,Seha First-A,717,29
A54346,Seha First 04,717,29
A54347,PY/seha first,730,46
A54348,PY/seha first 04604,760,37
A54349,PY/SEHA FIRST (2)817,778,26
A54350,Seha First (2),782,36
A54351,pharma plus (2)834,712,40
A54352,PY/Pharma Plus,713,32
A54353,Pharma lus,713,32
A54354,PHARMA PLUS,728,32
A54355,Pharma Plus Branch 2,728,32
A54356,PH Pharma Plus-A472,742,37
A54357,PHARMA PLUS Mall,748,43
A54358,PHARMA PLUS (2),764,30
A54359,El-Pharma Plus,774,33
A54360,El-Blue WaveM arg (2),706,39
A54361,Ph/BLUE WAVE MARG Branch 1,706,39
A54362,El-Blue Wave Marg (2),720,48
A54363,el Blue Wave Marg,720,48
A54364,PY/Blue Wave Marg br.2,726,54
A54365,BLUE WAVE MARG 011,726,54
A54366,Blue Wave Marg,727,43
A54367,el Blue Wave Marg 011,733,34
A54368,EL blue wave marg,733,34
A54369,Bule Wave Marg 011,744,45
A54370,el Blue Wave Marg Main Road894,744,45
A54371,el blue wave marg,746,29
A54372,PH hope Station St.,759,35
A54373,el hope Station St.,759,35
A54374,Hope Branch 1,762,38
A54375,el HOPE aMin Road,762,38
A54376,Hope,778,27
A54377,el STAR CARE NASR,726,55
A54378,Ph/star care nasr Branch 2712,726,55
A54379,PY/Star Care Nasr,737,37
A54380,PH Star Care Nasr br.2,737,37
A54381,El-Star Care Nasr br.2,756,40
A54382,PH STAR CARE NASR,763,36
A54383,Ph/star care nasr Mall,772,36
A54384,EL Star Care Nasr Branch 2,772,36
A54385,EL StarC are Nasr270,774,34
A54386,EL star care nasr-A,774,34
A54387,el El Baraka Faisal393,731,41
A54388,el El Baraka Faisal Mall97,743,23
A54389,El Baraka Faisal,762,39
A54390,ElE-L BARAKA FAISAL (2),775,36
A54391,El Baraka Faisal,775,36
A54392,Mira Marg Mall,721,36
A54393,El-mira marg Bracnh 1,740,36
A54394,Mira Marg Mall,742,38
A54395,MIRA MARG Branch 1,742,38
A54396,Ph/Mira Marg 011,747,32
A54397,MIRA MARG 6th Zone,747,32
A54398,PH Mira Marg (2),766,40
A54399,MIRA MARG th Zone,766,40
A54400,Green Leaf Zayed Main Road,713,33
A54401,Green Leaf Zayedd Mall77,713,33
A54402,PH Green Leaf Zayed Mall,730,47
A54403,Ph/GREEN LEAF ZAYED 6th Zone,730,47
A54404,El-Green Leaaf Zayed 011,741,30
A54405,El-Green Leaf Zayed,741,30
A54406,Ph/green elaf zayed Branch 2,763,37
A54407,PY/seha first helwan,733,35
A54408,Ph/SEHA FIRST HELWAN454,733,35
A54409,seha first helwan,749,38
A54410,PH Seha First Helwan (2)287,761,30
A54411,PH Seha First Helwan Branch 2,761,30
A54412,EL SEHA FIRST HELWAN,768,36
A54413,PY/GREEN LEA F011,702,35
A54414,PH Green Leaf (2),702,35
A54415,EL Green Leaf (2)142,720,49
A54416,PY/Green Leaf Branch 2,734,37
A54417,EL Green Leaf 04,734,37
A54418,Mira Mall,737,38
A54419,MIRA Branch 2,755,39
A54420,EL Mira Station St.,766,41
A54421,mira br.2,768,37
A54422,Mira br.2,770,44
A54423,El-Mira Branch 1,770,44
A54424,Ph/Mira 04,772,37
A54425,EL Mira Mall,772,37
A54426,El Tourat Branch 1,729,37
A54427,el El Tourath Main Road451,759,36
A54428,el tourath (2),759,36
A54429,El-El Tourath Mall,780,40
A54430,el nasr agami br.2,704,31
A54431,PH EL NASR AGAMI301,704,31
A54432,Ph/EL NASR AGAMI (2)819,713,34
A54433,El Nasr Agami753,713,34
A54434,EL NASR AGAMI,755,40
A54435,El Nasr Agami 011,760,38
A54436,El Nasr Agami,760,38
A54437,EL el nasr agami,782,37
A54438,Health Gate Smouha,703,33
A54439,Ph/Health Gate Smouha br.2,703,33
A54440,PH Health Gate Smouha 6th Zone,716,34
A54441,el HEALTH GATE SMOUHA Main Road,719,35
A54442,PY/health gate smouha 04,719,35
A54443,Ph/Health Gate Smouha-A,742,39
A54444,PY/Health Gate Smouha Branch 2920,742,39
A54445,Health Gate Smouha Branch 2,758,18
A54446,EL Halth Gate Smouha (2)81,762,40
A54447,El-HEALTH GATE SMOUHA,762,40
A54448,HEALTH GATE SMOUHA Branch 246,766,42
A54449,el health gate smouha-A,766,42
A54450,Family (2)613,714,41
A54451,el family,745,34
A54452,Family 6th Zone,745,34
A54453,FAMLIY-A,768,38
A54454,Ph/Family Mall,768,38
A54455,el Silver Care Mall,710,41
A54456,SILVER CARE 011,710,41
A54457,Ph/SILVER CARE Branch 2,746,30
A54458,EL silver care,748,44
A54459,PH SILVER CARE 6th Zone,748,44
A54460,silver care Main Road,773,42
A54461,EL SILVER CARE 6th Zone781,773,42
A54462,Misr-A,700,45
A54463,PH Misr (2),708,36
A54464,MISR 6th Zone582,725,43
A54465,ell Misr Branch 2,725,43
A54466,El-Misr Station St.822,735,42
A54467,misr Station St.,735,42
A54468,Misr,737,39
A54469,Misr,737,39
A54470,el misr Branch 2,767,39
A54471,MISR Brancch 2,772,38
A54472,EL Misr,772,38
A54473,P/MISR,779,41
A54474,Care 24Seven Nasr Main Road968,703,34
A54475,CARE 24 SEVEN NASR 04,703,34
A54476,El-Care 24 Seven Nasr 04,708,37
A54477,CARE 24 SEVEN NSAR 011,713,35
A54478,PH care 2 seven nasr,713,35
A54479,PH CARE 24 SEVEN NASR-A,719,36
A54480,El-CARE 24 SEVEN NASR,722,37
A54481,Care 24 Seven Nsar br.2,722,37
A54482,CARE 24 SEVEN NASR,728,33
A54483,PH care 24 seven nasr,738,33
A54484,Ph/Care 24 Seven Nasr,738,33
A54485,Care 24 Seven Nasr (2),764,31
A54486,EL AL AMAL (2),703,35
A54487,Al Amal 6th oZne,703,35
A54488,Ph/Al Amal-A,704,32
A54489,PH Al Amal 011861,704,32
A54490,PY/al amal 04,710,42
A54491,PH Al Amal Branch 2,725,44
A54492,Al Amal ranch 2,725,44
A54493,Ph/HopeBranch 1718,711,30
A54494,PY/hope th Zone,711,30
A54495,el Hope Mall,733,36
A54496,Hope0 11,765,30
A54497,E LHope 6th Zone474,765,30
A54498,STAR CARE NASR 011,734,38
A54499,PH star care nasr Station St.966,742,40
A54500,el STAR CARE NASR Branch 1,742,40
A54501,EL star care nasr 04,748,45
A54502,Ph/AAngel,712,41
A54503,EL Angel (2),712,41
A54504,Phangel-A,744,46
A54505,Ph/nAgel br.2,774,35
A54506,El-star care (2),703,36
A54507,Ph/Star Care 011,729,38
A54508,star care Station St.223,729,38
A54509,Star Care,749,39
A54510,EL star care Branch 2,749,39
A54511,Ph/Star Care (2),766,43
A54512,PH StarCare-A,768,39
A54513,El-star care 04,768,39
A54514,el STAR CARE 04,770,45
A54515,El Hokama Nasr 04777,737,40
A54516,Ph/EL HOKAMA NASR Main Road,737,40
A54517,El-EL HOKAMA NASR Station St.,755,41
A54518,Ph/El Hokama Nasr (2)121,765,31
A54519,EL HOKAMA NASR Mall,765,31
A54520,PY/El Hokama Nasr Branch 2,771,33
A54521,el El Hokama Nasr tSation St.,781,42
A54522,el El Baraka Rehab View829,722,38
A54523,EL BARAKA EHAB VIEW-A,722,38
A54524,Ph/EL BARAKA REHAB VIEW (2),738,34
A54525,el El Baraka Rehab View Main Road,738,34
A54526,PY/EL BARAKA REHAB VIEW Branch 2,739,37
A54527,el baraka rehab view-A,747,33
A54528,Ph/EL BARAKA REHAB VIEW Main Road,747,33
A54529,PH El Baraka Rehab Vie-wA963,751,32
A54530,El Baraka Rehab View Mall,751,32
A54531,El Baraka Rehab View Branch 1948,762,41
A54532,El Baraka Rehab View (2),778,28
A54533,Ph/ALPHA PPHARMA IMBABA (2),702,36
A54534,Alpha Phara Imbaba Mall,712,42
A54535,el ALPHA PHARMA IMBABA 011,739,38
A54536,Ph/Alpha Pharma Imbaba 04,755,42
A54537,PY/Alpha Pharma Imbaba,755,42
A54538,Alpha Pharma Imbaba Station St.26,782,38
A54539,EL BARAKA NASR Mall,744,47
A54540,El Braka Nasr,767,40
A54541,el baraka nasr (2),767,40
A54542,PH EL BARAKA NASR 011,770,46
A54543,EL BARAKA NASR Mall,770,46
A54544,Angel br.2,706,40
A54545,PY/Angel,706,40
A54546,EL angel Main Road,713,36
A54547,el angel 011,742,41
A54548,el Angel Branch 2739,757,34
A54549,PY/ANGEL-A,757,34
A54550,el Angel623,774,36
A54551,Ph/angel,774,36
A54552,Mira,704,33
A54553,PY/Mira Branch 1618,704,33
A54554,EL MIRA Branch 1,712,43
A54555,PY/Mira (2),712,43
A54556,Mira-A571,732,45
A54557,el mia Main Road,732,45
A54558,EL Mira 04,741,31
A54559,Mirra 04,750,36
A54560,el MIRA 6th Zone,750,36
A54561,El-imra 04,751,33
A54562,el MIRA Sttaion St.93,767,41
A54563,Al Amal br.2,706,41
A54564,Al Amal 04219,706,41
A54565,EL al amal-A,712,44
A54566,al amal 011,774,37
A54567,al ama l6th Zone,774,37
A54568,Al Amal Branch 2,776,32
A54569,Al Amal 04534,776,32
A54570,ELITE 04,705,40
A54571,EILTE,705,40
A54572,El-ELITTE Station St.,709,39
A54573,ELElite 04,709,39
A54574,elite Branch 2,766,44
A54575,PY/Elite br.2,781,43
A54576,El-Star Care Dokki Branch 1,701,35
A54577,Star Car eDokki 04,701,35
A54578,El-Star Care Dokki br.2,716,35
A54579,el STAR CARE DOKKI(2),737,41
A54580,El-star care dokki 6th Zone,737,41
A54581,CITY CARE NASR,703,37
A54582,el city care nasr 04619,703,37
A54583,City Care Nasr,706,42
A54584,El-city care nasr,706,42
A54585,el City Care Nasr 04,715,24
A54586,el City Care Nasr Main Road,724,29
A54587,PY/CITYC ARE NASR Branch 1867,746,31
A54588,El-CITY CARE NASR Branch 1,746,31
A54589,City Care Nasr 04,747,34
A54590,city care nsar Main Road,751,34
A54591,Ph/city care nasr 6th Zone254,751,34
A54592,EL CITY CAR NASR (2),771,34
A54593,DR MEDHAT SHUBRA709,714,42
A54594,PY/DR MEDHAT SHUBRA Main Road,714,42
A54595,el DR MEDHAT SHUBRA Branch 2,733,37
A54596,el DR MEDHAT SUHBRA,734,39
A54597,Ph/Dr Medhat Shubra Mai Road,734,39
A54598,PY/Dr Medhat Shubra Station St.,741,32
A54599,EL Dr Medhat Shubra Branch 2218,750,37
A54600,Ph/dr medhat shubra,761,31
A54601,dr medhat shubra (2),761,31
A54602,DR MEDHAT SHUBRA730,769,35
A54603,EL dr medhat shubra Branch 2,773,43
A54604,PH El Hokama Mall,707,29
A54605,Ph/el hokama Main Road200,707,29
A54606,El Hokama (2),719,37
A54607,el hokama 0482,725,45
A54608,El-EL HOKAMA 011,725,45
A54609,PY/EL HOKAMA,759,37
A54610,el hokama-A,775,37
A54611,El Hokama 04,780,41
A54612,Ph/el hokama 04,782,39
A54613,Ph/misr Main Road766,729,39
A54614,Misr Branch 1,729,39
A54615,El-iMsr (2),741,33
A54616,Ph/misr Station St.,744,48
A54617,El-misr471,747,35
A54618,PY/Misr,747,35
A54619,PH misr 6th Zone,769,36
A54620,el el tourath 04,710,43
A54621,Ph/el tourath Main Road,710,43
A54622,El-El Tourath 6th Zone,744,49
A54623,El-El Tourath Branch 2,744,49
A54624,PH El Tourathh-A,774,38
A54625,Dr Medhat 011,700,46
A54626,PY/DR MEDHAT,735,43
A54627,EL DR MEDHAT Branch 1,743,24
A54628,dr medhat Mall354,743,24
A54629,Dr Medhat 6th Zone,748,46
A54630,El-Dr Medhat,748,46
A54631,el Dr Medhat br.2,765,32
A54632,Dr Medhat 011,765,32
A54633,EL SHIFA,703,38
A54634,PY/El Shifa (2),703,38
A54635,el el shifa24,712,45
A54636,El Shifa Branch 2,728,34
A54637,PY/EL SHIFA 011,738,35
A54638,PY/El Shifa Station St.,738,35
A54639,PH El Shifa Branch 1,751,35
A54640,EL EL SHIFA Mall,751,35
A54641,el el shifa Main Road,755,43
A54642,EL SHIFA 6th Zone,755,43
A54643,E-lEl Nasr Nasr 011,701,36
A54644,PY/El Nasr Nasr Branch 1,702,37
A54645,El Nasr Nasr-A,702,37
A54646,el El Nasr NNasr Branch 2,717,30
A54647,el el nasr nasr Branch 2287,717,30
A54648,El Nasr Nasr,742,42
A54649,el El Nasr Nasr 011,744,50
A54650,sunrise nasr br.2,704,34
A54651,Sunrise Nasr,706,43
A54652,sunrise nasr Branch 2,706,43
A54653,El-Sunrise Nasr,722,39
A54654,El-SUNRISE NASR Branch 2,722,39
A54655,SUNRISE NASR 6th Zone,746,32
A54656,SUNRISE NASR Station St.,746,32
A54657,PY/sunrise nasr 011,763,38
A54658,Sunrise Nasr 011,763,38
A54659,Sunrise Nasr 04,770,47
A54660,EL sunrise nasr Mall,773,44
A54661,Sunrise Nasr Branch 1,773,44
A54662,EL Health Gate Station St.,704,35
A54663,PY/health gate Main Road,716,36
A54664,health gae Mall,756,41
A54665,Ph/HEALTH GATE,756,41
A54666,HEALTH GATE 04,764,32
A54667,Salamtek Nasr,719,38
A54668,Salamtek Nasr Main Road,736,28
A54669,Salamtek Nasr Main Road,736,28
A54670,Ph/Salamtek Nasr Station St.,737,42
A54671,salamtek nasr Main Road,737,42
A54672,EL Salamtek Nasr br.2,740,37
A54673,EL salamtek nasr Main Raod260,740,37
A54674,EL Salamtek Nasr 6th Zone,756,42
A54675,EL salamtek nasr Mall,756,42
A54676,Salamtek Nasr,767,42
A54677,El-SALAMTEK NASR Branch 2,767,42
A54678,care 24 seven maadi Branch 1364,724,30
A54679,Care 24 Seven Maadi,724,30
A54680,el care 24 seven maadi Main oRad,736,29
A54681,CARE 24 SEVEN MAADI-A,736,29
A54682,EL Care 24 Seven Maadi 04,750,38
A54683,CARE 24 SEVEN MAADI Station St.,750,38
A54684,PH CARE 24 SEVEN MAADI Station St.690,765,33
A54685,El-care 24 seven maadi 011,779,42
A54686,EL El Faraby 011,709,40
A54687,El Faraby Branch 1,724,31
A54688,Ph/El Faraby Main Road,724,31
A54689,el EL FARABY,725,46
A54690,Ph/El Faraby 04,725,46
A54691,Ph/El Faraby Mall,741,34
A54692,Ph/el faraby Branch 1,741,34
A54693,El-El Faraby br.2,754,35
A54694,El Faraby 6th Zone404,754,35
A54695,EL FARABY 04,757,35
A54696,El-El Faraby (2),757,35
A54697,ElEl Faraby-A,774,39
A54698,EL El Faraby 04,774,39
A54699,PY/city care marg Mall731,718,32
A54700,PY/City Care Marg Branch 2,718,32
A54701,CITY CARE MARG,734,40
A54702,PY/city care marg br.2479,761,32
A54703,EL family shubra-A,721,37
A54704,FAMILY SHUBRA br.2,721,37
A54705,FAMILY SHUBRA Branc h2,724,32
A54706,EL FAMILY SHUBRA,724,32
A54707,Family Shubra Branch 1,743,25
A54708,ElF-amily Shubra-A958,757,36
A54709,E-lFamily Shubra Station St.,765,34
A54710,EL Sunrise Oct City 04,705,41
A54711,Sunrise Oct City-A,705,41
A54712,El-SUNRISE OCT CITY 011221,723,34
A54713,Sunrise Oct City,738,36
A54714,SUNRISE OCT CITY Branch 2,738,36
A54715,EL Sunrise Oct City Brranch 1,747,36
A54716,SUNRISE OCT CITY 6th Zone,782,40
A54717,PY/SUNRISE OCT CITY Branch 2,782,40
A54718,PH Salamtek Square,702,38
A54719,salammtek square br.2,702,38
A54720,PH salamtek square Branch 1,716,37
A54721,El-salamtek square,716,37
A54722,SALAMTEK SQUARE tation St.,725,47
A54723,PH salamtek square 04,725,47
A54724,Salamtek SSquare-A912,730,48
A54725,salamtek ssquare Mall,730,48
A54726,Salamtek Square (2),755,44
A54727,salamtek square Mall,761,33
A54728,Ph/Salatek Square,764,33
A54729,PH Salamtek Square Mall649,764,33
A54730,Salamtek Square Branch 1,782,41
A54731,PH Salamtek Square 011,782,41
A54732,PY/FAMILY BANHA Main Road,703,39
A54733,Ph/family banha 04,703,39
A54734,Family Banha Branch 2,722,40
A54735,PH FAMILY BANHA Brnch 2,724,33
A54736,EL Faamily Banha br.2,737,43
A54737,PH Family Banha 011394,755,45
A54738,family bahna Mall446,755,45
A54739,PH family banha 6th Zone,758,19
A54740,PH Family Banha br.2,758,19
A54741,EL Family Banha Mall,763,39
A54742,family banha (2),780,42
A54743,el PHARMA PLUS REHAB VIEW Branch 1,736,30
A54744,PHARMA PLU SREHAB VIEW br.2,747,37
A54745,PH pahrma plus rehab view Station St.,747,37
A54746,Ph/Pharma Plus Rehab View br.2787,763,40
A54747,PY/pharma plus rehab view Staiton St.,763,40
A54748,Ph/pharma plus rehab view Branch 1,766,45
A54749,Pharma Plus Rehab View Mall,766,45
A54750,Pharma Plus Rehab View 011,779,43
A54751,Ph/Family 04,737,44
A54752,Family Station St.,754,36
A54753,Family Branch 1796,754,36
A54754,el FAMILY 011,774,40
A54755,PH family br.2,778,29
A54756,Famil Mall,778,29
A54757,PH el zahraa nasr 011,705,42
A54758,el zahraa nasr Main Road193,705,42
A54759,PH El Zahraa Nasr,709,41
A54760,PY/EL ZAHRAA NASR Station St.,713,37
A54761,EL ZAHRAA NASR Station St.,713,37
A54762,Ph/EL ZAHRAA NASR,737,45
A54763,el zahraa nasr br.2,737,45
A54764,El-EL ZAHRAA NASR 6th Zone,749,40
A54765,el zahraa nasr-A,751,36
A54766,PH EL ZAHRAA NASR Main Road829,778,30
A54767,el zahraa nasr-A,780,43
A54768,El-union pharm,750,39
A54769,PH Union Pharm,750,39
A54770,Union Pharm Branch 1,771,35
A54771,UNION PHARM,771,35
A54772,El-UNIONPHARM Station St.,781,44
A54773,el Union Pharm,781,44
A54774,El Faraby Nozha,702,39
A54775,EL FARABY NOZHA,704,36
A54776,PH El Faraby Nozha,705,43
A54777,el El Faraby Nozha Main Road,721,38
A54778,PH EL FARABY NOZHA Mall,725,48
A54779,PH El Faraby Nozha Branch 1880,725,48
A54780,PH el faraby nozha Branhc 2,726,56
A54781,Ph/el faraby nozha Branch 1,731,42
A54782,el faraby nozha 6ht Zone,731,42
A54783,Hope,710,44
A54784,E HOPE 04,710,44
A54785,Hope br.2,714,43
A54786,Ph/hoppe br.2,720,50
A54787,hope Main Road,733,38
A54788,PH HOPE-A,733,38
A54789,Ph/hope 04,763,41
A54790,el el baraka oct city Main Road224,702,40
A54791,El Baraka Oct City br.2,702,40
A54792,El-El Baraka Oct City 6th Zone,719,39
A54793,ELB ARAKA OCT CITY (2),719,39
A54794,PY/el baraka oct cit 04,723,35
A54795,Ph/EL BARAKA OCT CITY 6th Zone,723,35
A54796,PY/El Baraka Oct City,760,39
A54797,Ph/El Baraka Oct City,775,38
A54798,ELE l Hokama Agami 6th Zone,708,38
A54799,PY/El Hokama Agami 04473,708,38
A54800,Ph/El Hokama Agami239,714,44
A54801,EL El Hokama Agami 6th Zone568,714,44
A54802,el El Hokama Agami (2),736,31
A54803,EL El Hokama Agami br.2,745,35
A54804,el hokmaa agami 011,745,35
A54805,El Hokama Agami Mall,749,41
A54806,PY/El Hokama Agami 6th Zone,749,41
A54807,Silver Care,717,31
A54808,EL Silver Care 04,753,31
A54809,PY/silver care Branch 1,755,46
A54810,SILVER CARE (2),755,46
A54811,PH silver care Main Road,760,40
A54812,PY/SILVER CARE,760,40
A54813,El-silver care Branch 1,778,31
A54814,PY/Silver Care Branch 2,782,42
A54815,PH Sivler Care-A,782,42
A54816,el al amal nasr Station St.,702,41
A54817,AL AMAL NASR 04,702,41
A54818,Ph/Al Amal Nasr Branch 2848,728,35
A54819,EL al amal nasr Station St.116,728,35
A54820,El-Al Amal Nasr 101,755,47
A54821,PY/lA Amal Nasr,755,47
A54822,el Al Amal Nasrb r.2,775,39
A54823,Al Amal Nasr Station St.,776,33
A54824,Al Aaml Nasr 011,777,35
A54825,PH Al Amal Nasr Main Road,777,35
A54826,Ph/hope rehab view,704,37
A54827,el Hope Rehab View-A,704,37
A54828,el HOPE REHAB VIEW-A,705,44
A54829,Hope Rehab View Mall,763,42
A54830,PH Hope Rehab View (2),763,42
A54831,El-Hope Rehab iVew (2),766,46
A54832,hope rehab view 011,771,36
A54833,El-Hope Rehab View Branch 1,771,36
A54834,EL STAR CARE REHAB VIEW-A,740,38
A54835,Star Care Rehab View Station St.,740,38
A54836,PY/Star Care Rehab View (2),743,26
A54837,Star Care Rehab Vie w04,743,26
A54838,EL Star Cae Rehab View br.2,751,37
A54839,El-STAR CARE REHAB VIEW,780,44
A54840,El-Star Care Rehab View-A,780,44
A54841,PY/El Nasr Nasr 6th Zone,740,39
A54842,el nasr nasr Main Road,752,31
A54843,Ph/El Nasr Nasr 011,756,43
A54844,EL NASR NASR 011178,756,43
A54845,El Nasr Nasr,758,20
A54846,PY/El NasrN asr 011,771,37
A54847,el El Nasr Nasr Main Road,774,41
A54848,EL NASR NASR 6th Zone,778,32
A54849,EL NASR NASR,778,32
A54850,EL better lief Branch 1,705,45
A54851,el Better Life 6th Zone701,705,45
A54852,El-Better Life Branch 1148,713,38
A54853,El-better life 04,713,38
A54854,Ph/Better Life Branc 1,719,40
A54855,EL Better Life Main Road,719,40
A54856,Ph/Better Life 04,778,33
A54857,Ph/union pharm montaza 04,700,47
A54858,El-Union Pharm Motnaza-A426,712,46
A54859,PY/UnionPharm Montaza-A,721,39
A54860,Union Pharm Montaza Mall,721,39
A54861,Ph/UNION PHARM MONTAZA Station St.,734,41
A54862,Union Pharm Montaza Branch 1,760,41
A54863,UNION PHARM MONTAZA,760,41
A54864,Union Pharm Montaza Station St.,778,34
A54865,el Care 24 Seven Smouha Station St.,726,57
A54866,CARE 24 SEVEN SMOUHA br.2612,729,40
A54867,El-Care 24 Seven Smouha br.2,734,42
A54868,PH Care 24 Seven Smouha Main Road,755,48
A54869,CARE 24 SEVEN SMOUHA Branch 1,765,35
A54870,PH EL NASR OCT CITY br.2,736,32
A54871,PY/El Nasr Oct City 04,736,32
A54872,el el nasr oct city 04,768,40
A54873,PH El Nasr Oct City Station St.,771,38
A54874,PH el nasr oct city-A,771,38
A54875,El Nasr Oct City br.2,776,34
A54876,el nasr oct city (2),776,34
A54877,PY/PHARMA PLUS (2)136,710,45
A54878,pharma plus 6th Zone,721,40
A54879,EL PHARMA PLUS Main Road927,721,40
A54880,PY/Pharma Plus 011,758,21
A54881,El-Pharma Plus br.2,758,21
A54882,Ph/Pharma Plus,781,45
A54883,Pharma Plus Branch 1806,781,45
A54884,PY/Golden Care 04,703,40
A54885,El-GOLDEN CARE,703,40
A54886,GOLDEN CARE 011,713,39
A54887,GOLDEN CAARE-A,721,41
A54888,PH Golden Care Main Road,721,41
A54889,El-golden care 6th Zone,744,51
A54890,PH Golden Cre 011,763,43
A54891,dr medhat square 011,704,38
A54892,DR MEDHTA SQUARE Station St.277,704,38
A54893,EL dr medhat square Branch 1,707,30
A54894,Ph/Dr Mdhat Square Branch 1,707,30
A54895,Dr Medhat Square 011354,746,33
A54896,Ph/dr medhat square Branch 1,748,47
A54897,el GREEN LEAF SQUARE-A,728,36
A54898,Green Leaf Square-A,734,43
A54899,PH Green Leaf Square-A943,734,43
A54900,green leaf square (2),747,38
A54901,GREEN LEAF SQUARE-A,747,38
A54902,El-Green Leaf Square,748,48
A54903,El-Geen Leaf Square Mall479,748,48
A54904,PY/green leaf square 011,755,49
A54905,green lleaf square br.2,755,49
A54906,EL el shifa obour-A773,706,44
A54907,els hifa obour,728,37
A54908,El Shifa Obour Station St.,735,44
A54909,Ph/El Shifa Obour Main Road,758,22
A54910,EL al amal nasr Station St.,717,32
A54911,EL Al Amal Nasr,717,32
A54912,EL al amal nasr,738,37
A54913,Ph/AL AMAL NASR 011,748,49
A54914,al amal nasr,748,49
A54915,el AL AMAL NASR,754,37
A54916,El-City Care Nasr,706,45
A54917,City Care Nasr br.2,706,45
A54918,el city care nasr Station St.,721,42
A54919,El-city care nasr-A,721,42
A54920,Ph/CityCare Nasr Station St.,725,49
A54921,El-City Care Nasr (2)589,725,49
A54922,Ph/City Care Nasr Main Road,765,36
A54923,City Care Nas rMall,765,36
A54924,City Care Nasr br.2,772,39
A54925,EL EL TOURATH REHAB VIEW Branch 2,700,48
A54926,El Tourath Rehab View,700,48
A54927,El-EL TOURATH REHAB VIEW Main Road843,738,38
A54928,EL El Tourath Rehab View Branch 1,741,35
A54929,PH el tourath rehab view-A,741,35
A54930,PH El Tourath RRehab View 011,745,36
A54931,el El Touarth Rehab View,768,41
A54932,El Tourath Rehab View,780,45
A54933,PY/Better Life Mall,720,51
A54934,El-BETTER LIFE Branch 2,720,51
A54935,El-better life,724,34
A54936,BETTER LIFE,733,39
A54937,el BETTER LIFE Mall890,737,46
A54938,Better Life 0011,737,46
A54939,PH Better Life Statioon St.14,744,52
A54940,PH Better Life Mall,751,38
A54941,El-Better Life 04881,753,32
A54942,PH BETETR LIFE Station St.,753,32
A54943,PY/BETTER LIFE Mall,754,38
A54944,Nile Care Nasr 04,706,46
A54945,el NILE CARE NASR 011587,706,46
A54946,El-nile care nasr 6th Zone,707,31
A54947,Ph/nile care nasr-A,758,23
A54948,PH Nile Care Nasr 011,781,46
A54949,nile care nasr Main Raod,781,46
A54950,PH El Faraby Nassr 6th Zone,700,49
A54951,Ph/El FarabyNasr-A,700,49
A54952,El Faraby Nasr(2),723,36
A54953,El Faraby Nar (2),731,43
A54954,PY/El Farayb Nasr Branch 2,741,36
A54955,EL El Faraby Nasr (2),753,33
A54956,PH EL FARABY NASR Main Raod,755,50
A54957,E EL FARABY NASR,755,50
A54958,El Faraby Nas rMall,773,45
A54959,El Faraby asr-A,775,40
A54960,el el faraby nasr br.2998,775,40
A54961,Ph/elite marg-A,700,50
A54962,elite marg 011,706,47
A54963,Ph/elite marg Station St.,725,50
A54964,PY/elite marg 04216,731,44
A54965,el Misr Haram,709,42
A54966,PY/misr haram682,709,42
A54967,Ph/Misr Haram Branch 2,725,51
A54968,Ph/Misr Haram Branch 2,728,38
A54969,MISR HARAM Mall,728,38
A54970,el Misr Haram br.2,740,40
A54971,Misr Harma br.2,746,34
A54972,PH Misr Haram Branch 285,746,34
A54973,PH MISR HARAM,758,24
A54974,El-Misr Haram Mall,770,48
A54975,Omega-A,702,42
A54976,Omega Main Road,718,33
A54977,Ph/omega 011,745,37
A54978,El-Omega,759,38
A54979,PH omega Main Road,773,46
A54980,PY/omeg aMain Road81,776,35
A54981,Omega br.2,782,43
A54982,al amal Mall,717,33
A54983,PY/Al Amal Branch 1,717,33
A54984,al amal Main Road,727,44
A54985,PH aal amal 6th Zone,740,41
A54986,El-Al Amal 04,745,38
A54987,EL AL AMAL Station St.,745,38
A54988,AL AMMAL,750,40
A54989,PY/al amal 6th Zone,750,40
A54990,PY/Al Amal 6th Zone,753,34
A54991,El-Al Amal Station St.,769,37
A54992,Ell Hokama Nasr Station St.302,706,48
A54993,EL HOKAMA NASR-A,706,48
A54994,PH el hokam anasr br.2,733,40
A54995,Ph/el hokama nasr Maain Road,736,33
A54996,El Hokama Nasr,737,47
A54997,ElHokama Nasr Mall,737,47
A54998,EL HKOAMA NASR,752,32
A54999,EL HOKAMA NASR Mall,752,32
A55000,EL HOKAMA NASR Mall,756,44
A55001,el EL HOKAMA NASR,756,44
A55002,BETTER LIFE NASR 011868,720,52
A55003,El-Better Life Nasr 04,737,48
A55004,Ph/BETTER LIFE NASR br.2,737,48
A55005,better life nasr br.2,746,35
A55006,PH Better Life Nasr Mall,746,35
A55007,better life nasr Main Road,753,35
A55008,EL Better Life Nasr 04,753,35
A55009,Ph/BETTER LIFE NASR br.2,763,44
A55010,E better life nasr Mall,763,44
A55011,Star Care Shubra br.2,701,37
A55012,EL Star Care Shubra (2),701,37
A55013,el star care shubra608,719,41
A55014,Star Care Shubra Branch 2,719,41
A55015,El-star care hsubra,727,45
A55016,Ph/Star Care Shubra,734,44
A55017,STAR CARE SHUBRA 04,736,34
A55018,SAR CARE SHUBRA 6th Zone,736,34
A55019,El-Sta rCare Shubra,738,39
A55020,STAR CARE SHUBRA (2),745,39
A55021,STAR CARE SHUBRA-A,767,43
A55022,el Star Care Shubra Branch 2467,767,43
A55023,EL El Hokama Nasr Branch 2,705,46
A55024,el el hokama nasr 04,707,32
A55025,El Hokama Nasr Branch 2,707,32
A55026,el hokama nasr (2)111,735,45
A55027,Ph/El Hokama Nasr 6th Zone,735,45
A55028,Ph/EL HOKAMA NASR Mall,752,33
A55029,el El Hokama Nasr635,752,33
A55030,PY/El Hkama Nasr,764,34
A55031,PH El Hokama Nasr Branch 2,779,44
A55032,El Faraby Nasr 011963,743,27
A55033,PY/el faraby nasr,748,50
A55034,PH el faraby nasr Main Road298,769,38
A55035,EL FARABY NASR Branch 2,769,38
A55036,El-El Faraby Nasr,772,40
A55037,Ph/el faraby nasr,772,40
A55038,Sunrise Branch 1,709,43
A55039,sunrise 6th Zone,709,43
A55040,PH Sunrise (2),710,46
A55041,Ph/SUNRISE 011746,710,46
A55042,EL Sunrise (2),722,41
A55043,PH sunrise,722,41
A55044,PY/sunrise Branch 1,723,37
A55045,PH Sunrise,727,46
A55046,PH SUNRISE 04,727,46
A55047,Ph/sunrise-A,743,28
A55048,el SUNRISE Branch 1,743,28
A55049,PH SUNRISE Main Road,760,42
A55050,EL sunrise ranch 2,773,47
A55051,PH CITY CARE MONTAZA Main Road,712,47
A55052,PH CITY CRAE MONTAZA-A,716,38
A55053,EL CITY CARE MONTAZA Branch 2,716,38
A55054,El-City Care Montaaza,721,43
A55055,City Care Montaza Station St.,721,43
A55056,P HCity Care Montaza Mall,744,53
A55057,CITY CARE MONTAZA Main Road,749,42
A55058,el city care montaza Mall135,749,42
A55059,City Care Montaza Station St.,765,37
A55060,El-City Care Montaza 04,768,42
A55061,Ph/City Care ontaza 6th Zone,768,42
A55062,EL Dr Medhat Marg,703,41
A55063,Dr Medhat Marg,716,39
A55064,Dr Medhat Marg,719,42
A55065,Ph/Dr Medhat Mar gMain Road,719,42
A55066,PY/Dr Medhat Marg 6th Zone,753,36
A55067,Dr edhat Marg Main Road,765,38
A55068,Dr Medhat Marg (2),765,38
A55069,Dr Medhat Marg,767,44
A55070,el Dr Medhat Marg-A446,767,44
A55071,EL Dr Medhat Marg,769,39
A55072,EL Dr Medhat Marg,769,39
A55073,Ph/STAR CARE SMOUHA,711,31
A55074,EL STAR CARE SMOUH Station St.,748,51
A55075,El-Star Care Smouha Branch 1586,748,51
A55076,Star Care Smouha Mall,749,43
A55077,Star Care Smouha Branch 2709,749,43
A55078,el Star Care Smouha Branch 1,751,39
A55079,PY/Star Care Smouha Mall,751,39
A55080,El-STAR CARE SMOUHA Branch 1,764,35
A55081,Star Care Smouha 04,768,43
A55082,star care smouha 6th Zone,768,43
A55083,Star Care Smuoha 6th Zone,772,41
A55084,Ph/star care smouha Station St.,772,41
A55085,El-Union Pharm Nasr,702,43
A55086,Union Pharm Nasr,720,53
A55087,EL UINON PHARM NASR 011,724,35
A55088,Ph/Union Pharm Nasr766,724,35
A55089,EL union pharm nasr 04,729,41
A55090,el union pharm nasr Station St.245,735,46
A55091,UNION PHARM NASR br.2,735,46
A55092,Union Pharm Nasr Branch 1,742,43
A55093,ElU-NION PHARM NASR Main Road280,761,34
A55094,Ph/Union Pharm Nasr,777,36
A55095,UNION PHAARM NASR Main Road,777,36
A55096,PY/EL NASR HELWAN374,711,32
A55097,El-EL NASR HELWAN br.2,719,43
A55098,EL NASR HELWAN Main Road,729,42
A55099,PY/el nasr helwan-A,729,42
A55100,el El Nasr elwan Branch 1,744,54
A55101,El-el nasr helwan-A,772,42
A55102,Ebn Sina Nasr Branch 2,714,45
A55103,PH Ebn Sina Nasr 011,716,40
A55104,Ebn Sina Nasr 6th Zone,716,40
A55105,Ph/bEn Sina Nasr,738,40
A55106,PH ebn sina nasr br.2450,738,40
A55107,el Ebn Sina Nasr,748,52
A55108,el ebn sina nasr-A,748,52
A55109,Ebn iSna Nasr-A,756,45
A55110,El-EBN SINA NASR Station St.,756,45
A55111,El-Ebn Sina Nasr 011,763,45
A55112,Ph/El Shifa459,711,33
A55113,El Shiifa-A,724,36
A55114,El-EL SHIFA66,762,42
A55115,Ph/el shifa Mall,763,46
A55116,EL el shifa Branch 1764,772,43
A55117,EL SHIFA 6th Zone,775,41
A55118,EL SHIFA 04,775,41
A55119,el eliite,703,42
A55120,elite-A108,730,49
A55121,EL elite (2),742,44
A55122,PY/Elite Station St.,754,39
A55123,PY/EELITE-A,770,49
A55124,Nile Care Helwan,701,38
A55125,nile care helwan th Zone,701,38
A55126,Nile Care Helwan,707,33
A55127,El-NILE CARE HELWAN-A,719,44
A55128,Nile Care Helwan546,729,43
A55129,NILE CARE HELWAN Mall,733,41
A55130,Nile Care Helwan MMain Road,741,37
A55131,El-Nile Care Helwan-A,749,44
A55132,EL Metro Nasr Branch 2,722,42
A55133,El-Metro Nasr Station St.,732,46
A55134,Ph/METRO NASR br.2,738,41
A55135,Metro Nasr (2),747,39
A55136,Metrro Nasr 011,747,39
A55137,PH METRO NASR 04,753,37
A55138,El-metro nasr Main Rad,753,37
A55139,METRO NASR 6th Zone,762,43
A55140,MEETRO NASR Mall,763,47
A55141,Metro Nasr,781,47
A55142,el Metro Nasr (2)860,781,47
A55143,star care faisal Branch 1,723,38
A55144,el Star Care Faisal 011,724,37
A55145,El-STAR CARE FAISAL Branch 1,724,37
A55146,PY/Star Care Faisal,736,35
A55147,PH STAR CARE FAISAL Mall,737,49
A55148,PH STAR CARE FAISAL br.2,742,45
A55149,El-star care faisal Mall,742,45
A55150,El-star care faisal Main Road,756,46
A55151,STAR CARE FAISALL-A,756,46
A55152,Ph/Star Care Faisal,778,35
A55153,EL al nozha-A,706,49
A55154,AL NZHA 011,739,39
A55155,PY/AL NOZHA 011,739,39
A55156,Al oNzha-A,746,36
A55157,El-Al Nozha Main Road,768,44
A55158,El-Al Nozha Main Road,770,50
A55159,EL FARABY MARG br.2509,722,43
A55160,El-El Faraby Marg,722,43
A55161,el el faraby marg Main Road,757,37
A55162,Ph/EL FARABY MARG,766,47
A55163,PY/Angel 6th Zone885,718,34
A55164,PY/Angel Branch 2,718,34
A55165,PH Angel 04,738,42
A55166,El-Angel 0467,738,42
A55167,ANGEL-A,745,40
A55168,GOLDEN CARE br.2,706,50
A55169,El-Golden Care 011,713,40
A55170,EL golde ncare,724,38
A55171,EL goldden care Branch 1,728,39
A55172,Golden Care Mall,739,40
A55173,E golden care,760,43
A55174,GODLEN CARE Station St.910,761,35
A55175,goldeen care,775,42
A55176,PH Golden Care-A,775,42
A55177,misr Branch 1,717,34
A55178,Mis Branch 2212,728,40
A55179,PH MISR-A,728,40
A55180,Misr Main Road457,737,50
A55181,MISR 6th Zone,737,50
A55182,PH misr,743,29
A55183,EL Miisr Mall,772,44
A55184,el Misr Mall,773,48
A55185,PH LIFE LINE DOKKI178,702,44
A55186,Life Line Dokki 011,702,44
A55187,el Life Line Dokki (2),713,41
A55188,LIFE LINE DOKKI Main Road,713,41
A55189,Ph/Life Line Dokki 011,716,41
A55190,MISR Station St.,741,38
A55191,MISR Station St.,757,38
A55192,misr 6th Zone,757,38
A55193,Misr,760,44
A55194,El-Misr Branch 1,760,44
A55195,EL misr 04,769,40
A55196,EL Misr 6th Zone,769,40
A55197,PY/Misr Mall,778,36
A55198,PH El Faraby Station St.,701,39
A55199,El Faraby (2),710,47
A55200,EL El Faraby br.2795,710,47
A55201,El Faraby-A,726,58
A55202,el ffaraby-A,740,42
A55203,EL El Faraby,740,42
A55204,El Farab Main Road,742,46
A55205,El Faraby Branch 1,778,37
A55206,PY/El Faraby,778,37
A55207,PH El Faraby Branch 2786,779,45
A55208,el el farab yMall,779,45
A55209,PY/Nile Care Nasr-A,716,42
A55210,EL Nile Care Nasr,728,41
A55211,PY/NIE CARE NASR-A,729,44
A55212,PY/nile care nasr Main Road,729,44
A55213,EL Nile Care Nasr (2),738,43
A55214,Ph/Nile Care Nasr 6th Zone,745,41
A55215,PH NILE CARE NASR br.2,757,39
A55216,Golden Care Oct City 011,702,45
A55217,PY/Golden Care Oct City 04,721,44
A55218,EL golden care oct city (2)809,721,44
A55219,golden care oct city-A,725,52
A55220,PY/golden care oct city,728,42
A55221,PH Golden Care Oct City 011,728,42
A55222,golden care oct city 04,732,47
A55223,EL Goldden Care Oct City 04,732,47
A55224,EL Golden Care Oct City Mall,778,38
A55225,el Golden Care Oct City 011,778,38
A55226,EL pharma plus imbaba ((2)651,724,39
A55227,PHARMA PLUS IMBABA,749,45
A55228,PH pharma plus imbaba Main Road,749,45
A55229,PY/Pharma Plus IImbaba-A,751,40
A55230,PH Pharma Plus Imbaba Branch 2,751,40
A55231,Pharma Plus Imbaba,764,36
A55232,Pharma Pllus Imbaba (2),764,36
A55233,PY/Pharma Plus Imbaba 2(),765,39
A55234,El-PHARMA PLUS IMBABA Mall,765,39
A55235,EL Green Leaf Banha Main Road110,704,39
A55236,GREEN LEAF BANHA 04,745,42
A55237,PH GREEN LEAF BANHA Branch 2911,776,36
A55238,green leaf banha-A,776,36
A55239,Ph/GREEN LEAF BANHA br.2740,780,46
A55240,Ph/Elite Nasr (2),724,40
A55241,elite nasr Branch 1,724,40
A55242,el Elite Nasr (2),728,43
A55243,PY/Elite Nasr,728,43
A55244,Elite Nasr Main Road,737,51
A55245,Elite Nasr Mall,747,40
A55246,Elite Nasr Branch 1,747,40
A55247,PY/ELITE NASR 04350,754,40
A55248,ELITE NASR 6th Zone,754,40
A55249,el ELITE NASSR 04,775,43
A55250,Alpha Pharma Nasr,723,39
A55251,ALPHA PHARMA NASR Main Road,725,53
A55252,alpha pharma nasr Branch 1568,725,53
A55253,El-alhpa pharma nasr Station St.,746,37
A55254,PH alpha pharma nasr,746,37
A55255,Ph/Metro Square 011262,756,47
A55256,Ph/METRO SQUARE,756,47
A55257,El-METRO SQUARE-A820,763,48
A55258,metro square,770,51
A55259,metro square,773,49
A55260,Metro Square 6th Zone,778,39
A55261,Metro SSquare,779,46
A55262,El-Metro Squre Main Road,779,46
A55263,PY/Better Life Nasr,704,40
A55264,EL better life nasr Main Road,714,46
A55265,EL better life naasr br.229,714,46
A55266,Ph/Better Life Nasr Station St.,738,44
A55267,Better Life Nasr Main Road,738,44
A55268,EL Better Life Nasr,764,37
A55269,el El Baraka Marg,724,41
A55270,PY/el baraka marg 6th Zone,724,41
A55271,El Baraka Marg Branch 1929,737,52
A55272,PH El Baraka Marg-A,754,41
A55273,El Baraka Marg Branch 1,754,41
A55274,El aBraka Marg br.2,766,48
A55275,PH El Baraka Marg 011,766,48
A55276,EL El Baraka Marg Branch 2,770,52
A55277,El Baraka Marg,770,52
A55278,Omega Zayed Station St.,710,48
A55279,omega zayed 011519,710,48
A55280,omega zayed-A,740,43
A55281,EL Omega Zayed 6th Zone,741,39
A55282,EL Omega Zayed 04,741,39
A55283,Omega Zayed Branch 2,768,45
A55284,PH Omega Zayed88,768,45
A55285,omega square Station St.,713,42
A55286,EL omega square 04,720,54
A55287,El-OOMEGA SQUARE,726,59
A55288,PH Omega Square Main Road,731,45
A55289,Omega Square Mall678,731,45
A55290,PH Omega Square,778,40
A55291,el silver care Main Road240,702,46
A55292,Silver Care Station tS.44,702,46
A55293,PY/Silver Care Main Road,727,47
A55294,Silver Care Station St.,729,45
A55295,PH SILVER CARE Main RRoad,742,47
A55296,PH Silver Cre Branch 2,770,53
A55297,PY/Green Leaf Montaza Branch 1,734,45
A55298,Green Laf Montaza,734,45
A55299,el Green Leaf Montaza,750,41
A55300,PY/GREEN LEAF ONTAZA,750,41
A55301,el green leaf montaza Station St.470,756,48
A55302,PH Green Leaf Montaza br.2898,762,44
A55303,PY/Green Leaf Montaza br.2,766,49
A55304,PYg/reen leaf montaza Main Road,772,45
A55305,green leaf montaza,772,45
A55306,Ph/green leaf montaza Branch 1,774,42
A55307,Green Leaf Montaza 011,774,42
A55308,Ph/Al Amal,701,40
A55309,al amal Branch 1,701,40
A55310,PY/al amal,704,41
A55311,PY/Al Amal,729,46
A55312,Ph/al amal br.2,729,46
A55313,EL Al Amal br.2,778,41
A55314,Hope 011,712,48
A55315,Ph/Hope Station St.,712,48
A55316,hope 011,722,44
A55317,HOPE 04754,722,44
A55318,PH Hope 04,725,54
A55319,PH ope 04,725,54
A55320,Ph/HOPE 6th Zone,778,42
A55321,El-hope (2),778,42
A55322,HOPE br.2,780,47
A55323,Hope Mall,780,47
A55324,hope Branch 2,781,48
A55325,Ph/Hope Station St.,781,48
A55326,PY/STAR CARE NAR (2),701,41
A55327,PH Star Care Nasr Station St.,701,41
A55328,el star care nasr-A,712,49
A55329,star care nasr br.2,751,41
A55330,EL Star Care Nasr Mall,751,41
A55331,golden care shubra Branch 1,714,47
A55332,PY/golden care shubra-A,714,47
A55333,el Golden Care Shubra,726,60
A55334,El-GOLDEN CARE SHUBRA Main Road,726,60
A55335,Ph/golden care shubra Station St.120,727,48
A55336,El-el shifa nasr Mall313,704,42
A55337,El Sifa Nasr,747,41
A55338,PY/El Shifa Nasr,767,45
A55339,Ph/EL SHIFA NASR,767,45
A55340,PY/El Shifa Nasr (2),773,50
A55341,PY/el shifa nasr Main Road,780,48
A55342,Ph/El Shifa Nasr726,780,48
A55343,Ebn Sina Smouha 6th Zone,701,42
A55344,PH Ebn ina Smouha (2),701,42
A55345,PY/EBN SINA SMOUHA 6th Zone,741,40
A55346,PH EBN SINA SMOUHA,768,46
A55347,Ph/Ebn Sina Smouha,768,46
A55348,PH elite rehab view 6th Zone,704,43
A55349,EL Elite Rehab View Station St.,704,43
A55350,elite rehab view Branch 2,707,34
A55351,EL Elite Rehab View 0468,731,46
A55352,PH Elite Rehab View br.2,734,46
A55353,el elite rehabb view Station St.326,734,46
A55354,Ph/Elite Rehab View 6th Zone,755,51
A55355,Elite Rehab View Main Road12,755,51
A55356,EL ELITE REHAB VIEW-A,765,40
A55357,PH elite rehab view Station St.,780,49
A55358,Nile Care Agami 6th Zone,718,35
A55359,El-Nile Care Agami Station St.,726,61
A55360,nile care agami-A349,736,36
A55361,El-nile care agami 011,736,36
A55362,NILE CARE AGAMI 04,741,41
A55363,el nile care agami br.2,741,41
A55364,NILE ARE AGAMI,751,42
A55365,EL Nile Care gAami 04,776,37
A55366,PY/Silver Care Square 6th Zone,705,47
A55367,Ph/Siilver Care Square,751,43
A55368,Silver Care Square 011,768,47
A55369,EL Silver Care Square Mall,777,37
A55370,PY/Alpha Pharma Branch 2,705,48
A55371,Alpha Pharma-A,713,43
A55372,el alpha pharma-A,713,43
A55373,El-Alpha Pharma br.2,742,48
A55374,PH Alpha Pharma Main Road,771,39
A55375,PH mira nasr 04,703,43
A55376,el Mira Nasr Station St.,751,44
A55377,Mira Nasr,763,49
A55378,El-Mira Nasr-A,763,49
A55379,Ph/hope nasr Mall,713,44
A55380,Ph/HOPE NASR Main Road,743,30
A55381,PH Hope Nasr,743,30
A55382,PY/hope nasr,748,53
A55383,el HOPE NASR 04,752,34
A55384,PY/hope nasr (2)248,752,34
A55385,silver care zayd-A,726,62
A55386,Silver Care Zayed (2),726,62
A55387,el SILVER CARE ZAYED 04,768,48
A55388,silver care zayed 04160,768,48
A55389,Ph/Silver Care Zayed 04,781,49
A55390,PH Health Gate Station St.402,742,49
A55391,Ph/health gate 04,742,49
A55392,Health Gate,749,46
A55393,Ph/Health Gate,749,46
A55394,HEALTH GATE Main Road160,751,45
A55395,HEALTH GATE276,764,38
A55396,HEALTH GATE (2),764,38
A55397,PH health gate Station St.,768,49
A55398,Ph/Health Gate 6th Zone,768,49
A55399,PH el tourath (2),719,45
A55400,el tourath 6th Zone,719,45
A55401,El Tourath Mall,727,49
A55402,EL EL TOURATH Main Road,730,50
A55403,el EL TOURATH 6th Zone,736,37
A55404,PH El Tourath Main Road351,736,37
A55405,EL EL TOURATH Mall,739,41
A55406,el touath,753,38
A55407,PH El Tourath,758,25
A55408,angel nasr Branch 1,709,44
A55409,ANGEL NASR Mall,728,44
A55410,PY/Angel Nasr Station St.,729,47
A55411,Angel aNsr-A,752,35
A55412,El-ANGEL NASR Branch 2,762,45
A55413,ANGEL NASR 6th Zone,762,45
A55414,EL Angel Nas-A,763,50
A55415,angel nasr Branch 1,763,50
A55416,Ph/angel nasr 04,766,50
A55417,El-ANGEL NASR ((2),769,41
A55418,PY/nAgel Nasr Branch 2,769,41
A55419,Ph/Life Line Nasr Main Road,721,45
A55420,EL Life Lin Nasr,721,45
A55421,el life line nasr Branch 1,725,55
A55422,el LIFE LINE NASR 011,726,63
A55423,PY/Lif Line Nasr,742,50
A55424,LIFE LINE NASR Station St.,742,50
A55425,el Life Line Nasr Main Rad,746,38
A55426,el Life Line Nasr-A,746,38
A55427,el LIFE LINE NASR br.2,750,42
A55428,PH Life Line Nasr (2),750,42
A55429,PH LIF ELINE NASR,778,43
A55430,El-life line nasr Branch 1,778,43
A55431,El-Life Line Nasr (2),779,47
A55432,LIFE LINE ANSR 6th Zone,779,47
A55433,PY/nil care obour,722,45
A55434,nile care obou-rA,722,45
A55435,PH Nile Care Obour (2),728,45
A55436,NILE CARE OBOUR,747,42
A55437,Phh/Nile Care Obour Branch 2,750,43
A55438,PH better life nasr Branch 1,701,43
A55439,El-Better Life Nasr Station St.,711,34
A55440,Better Life Nasr 011,714,48
A55441,Ph/better life nasr Branch 1,726,64
A55442,el Better Life Nasr br.2,726,64
A55443,PY/Better Life Nasr Branch 1,762,46
A55444,el better life nasr Branch 2,762,46
A55445,Ph/Better Life Nasr Main Road,769,42
A55446,dr mehdat Mall332,701,44
A55447,PH Dr Medhat 6th Zone,701,44
A55448,Dr Medhat br.2,702,47
A55449,el Dr Medhat Branch 1,702,47
A55450,dr medhat 011579,715,25
A55451,Dr Meedhat-A,757,40
A55452,Ph/dr medhat 6th Zone,757,40
A55453,el DR MEDHAT 6th Zone,781,50
A55454,Dr Medhat,781,50
A55455,el DR MEDHAT NOZHA br.2,708,39
A55456,El-DR MEDHAT NOZHA 101,708,39
A55457,El-DR MEDHAT NOZHA-A,752,36
A55458,EL Dr Medhat Nozha Mall,754,42
A55459,El-dr medhat nozha130,754,42
A55460,El-dr medhat ozha,765,41
A55461,El-DR MEDHAT NOZHA 04,765,41
A55462,El-Dr Medhat Nozha-A,768,50
A55463,drmedhat nozha-A,768,50
A55464,DR MEDHAT NOZHA Man Road,770,54
A55465,Dr Medhat Nozha Branch 2,775,44
A55466,PH DR MEDHAT NOZHA br.2,779,48
A55467,el Silver Care Nozha,722,46
A55468,PH Silver Care Nozha110,722,46
A55469,EL silver care nozha 6th Zone,724,42
A55470,Ph/silver care nozha 04,724,42
A55471,PH Silver Care Nozha 6th Zone,730,51
A55472,PY/silver care nozha br.2,730,51
A55473,PH SILVER CARE NOZHA br.2,747,43
A55474,Silver Care Nozha Station St.,760,45
A55475,silver care nozha475,771,40
A55476,El-Silver Care Nozha,771,40
A55477,El-El Shifa Nozha (2),732,48
A55478,PY/EL SHIFA NOZHA br.2,735,47
A55479,el shifa nozha Main Road,735,47
A55480,El-El Shifa Nozha Branch 1,766,51
A55481,PH El Shifa Nozha Branch 1,766,51
A55482,Ph/El Shifa Nozha,778,44
A55483,EL El Shifa Nozha (2),778,44
A55484,El Shifa Nozha Branch 2,779,49
A55485,El-green leaf nasr Station St.,710,49
A55486,el Green Leaf Nasr 011598,710,49
A55487,EL Green Leaf Nasr-A,717,35
A55488,Green Leaf Nasr Mall,717,35
A55489,el Green Leaf Nasr-A,726,65
A55490,el green leaf nasr Branch 1,726,65
A55491,Ph/GREEN LEAF NASR-A,778,45
A55492,EL SILVER CARE SQUARE 011,706,51
A55493,silver care square Station St.,739,42
A55494,silver care square 011,739,42
A55495,Silver Care Square Main Road,743,31
A55496,SILVER CARE SQUARE-A,751,46
A55497,PY/Elite Agami Station St.,717,36
A55498,PY/ELITE AGAMI 04,717,36
A55499,El-Elite Agami 6th Zone,729,48
A55500,elite agami,729,48
A55501,el Elite Agami,765,42
A55502,elite agami 6th Zone,765,42
A55503,EL dr medhat banha (2)698,727,50
A55504,EL Dr Medhat Banha MainRoad,751,47
A55505,PH dr medhat banha,751,47
A55506,Ph/dr medhat banha (2),760,46
A55507,EL dr medhat banha 04,769,43
A55508,El-DR MEDHAT BANHA,769,43
A55509,UNION PHARM OBOUR 6th Zone,720,55
A55510,El-union pharm obour Branch 1,720,55
A55511,Union Pharm Obour Mall,744,55
A55512,Ph/Union Pharm Obour 6th Zone,744,55
A55513,PH UNION PHARM OBOUR011,757,41
A55514,el union pharm obbour 011,757,41
A55515,Ph/union pharm obour-A643,778,46
A55516,El-UNION PHARM OBOUR Branch 1,778,46
A55517,Family Obour Branch 1584,711,35
A55518,Family Obour Branch 2,712,50
A55519,PY/FAMILY OBOUR Main Road,752,37
A55520,FAMILY OBOUR 01185,759,39
A55521,Family Obour Mall,768,51
A55522,PH Family Obour 6th Zone,768,51
A55523,PH family obour Branch 2,774,43
A55524,FAMILY OBOUR 011,774,43
A55525,EL family obour,775,45
A55526,EL Family Obour-A,777,38
A55527,CITY CARE178,702,48
A55528,city care,702,48
A55529,CITY CCARE Mall,748,54
A55530,Ph/CITY CARE (2),757,42
A55531,EL City Care Main Road,778,47
A55532,El-City Careb r.2,778,47
A55533,Ph/SALAMTEK Branch 1732,705,49
A55534,PY/SALAMTEK 011541,710,50
A55535,El-Salamtek-A,712,51
A55536,Ph/SALATMEK 011,712,51
A55537,Ph/salamtek 6th Zone,736,38
A55538,El-SALAMTEK (2),736,38
A55539,El-Salamtek,755,52
A55540,Hope Agami Station St.,701,45
A55541,Hope Agami Mall,701,45
A55542,PH Hope Agami Branch 1,712,52
A55543,elH ope Agami,712,52
A55544,el Hope Agami 04,714,49
A55545,El-HOPE GAAMI,714,49
A55546,El-hope agami (2),715,26
A55547,PH HOPE AGAMI,741,42
A55548,El-Hope Agami649,741,42
A55549,HOPE AGAMI Station St.233,754,43
A55550,HOPE AGAMI Mall,754,43
A55551,PY/Hope Agami 04,772,46
A55552,EL Salamtek Branch 1,724,43
A55553,EL SALAMTEK715,724,43
A55554,ElSALAMTEK-A,727,51
A55555,PH salamtek,750,44
A55556,el Salamtek 04,750,44
A55557,salamtek (2),776,38
A55558,PH Al Amal Shubra Station St.,713,45
A55559,EL AL AMAL SHUBRA 6th Zone,713,45
A55560,Ph/al amal shubra 011,722,47
A55561,El-Al Amal Shubra (2),743,32
A55562,PY/al amal shubra,743,32
A55563,Al Amal Shubra br.2,747,44
A55564,Ph/AL AAML SHUBRA 6th Zone,747,44
A55565,AL AMAL SHUBRA Mainn Road,751,48
A55566,Ph/al amal shubra 04,751,48
A55567,el Al Amal Shubra Mall777,767,46
A55568,PH Al Amal Shubra Brannch 1,782,44
A55569,El-Al Amal Shubra,782,44
A55570,PY/city care nasr 011984,737,53
A55571,city care nasr 011,755,53
A55572,CITY CARE ASR,755,53
A55573,Ph/city care nasr-A,764,39
A55574,EL City Care Nasr Main Rad,764,39
A55575,PH City Care Nasr 011,766,52
A55576,El-Misr Square Branch 2,723,40
A55577,El-Misr Square Branch 2,726,66
A55578,Ph/Misr Square br.2,729,49
A55579,PYY/Misr Square 04,729,49
A55580,Ph/Misr Square 6th Zone,733,42
A55581,Misr Square Statio St.,733,42
A55582,Misr Square (2),736,39
A55583,el Misr Square (2)407,747,45
A55584,el misr squar-eA,747,45
A55585,EL MISR SQUARE,765,43
A55586,misr square ranch 2,782,45
A55587,Misr Square Branch 1,782,45
A55588,Health Gate Nasr,703,44
A55589,PH Health Gate Nasr,703,44
A55590,PY/HEALTH GATE NASRR Main Road,723,41
A55591,el Health Gate Nasr Main Road,781,51
A55592,PY/Elite Shubra Brnach 1880,708,40
A55593,Ph/Elite Shubra Main Road297,740,44
A55594,el ELITESHUBRA,740,44
A55595,El-elite shubra br.2,741,43
A55596,Elite Shubra,741,43
A55597,El-elite shubra 6th Zone,770,55
A55598,El-elite shubra 04247,770,55
A55599,El-elite shubra Main Road,774,44
A55600,El Shifa Nasr Branch 2,709,45
A55601,PY/ELS HIFA NASR Main Road,709,45
A55602,EL El Shifa Nasr,716,43
A55603,EL EL SHIFA NASR,716,43
A55604,PH El Shifa Nasr Station St.,717,37
A55605,El Shifa Nasr Station St.199,718,36
A55606,Ph/El Shifa Nasr Main Road,746,39
A55607,el shifa nasr Mall,746,39
A55608,Ph/Ell Shifa Nasr (2),755,54
A55609,EL el shifa nasr 6th Zone,778,48
A55610,el shifa nasr 011,778,48
A55611,el El Shifa Nasr Mall,782,46
A55612,PY/EL SHIFA NASR 011830,782,46
A55613,El-El Hokama 04,727,52
A55614,El-el hoama Mall,727,52
A55615,EL el hokama-A,740,45
A55616,Ph/El Hokama Main Road,740,45
A55617,PH EL HOKAMA Main Road,757,43
A55618,Nile Care Marg Branchh 2,738,45
A55619,Nile Care Marg-A,753,39
A55620,Nile Care Marg 011,753,39
A55621,El-nile care marg-A,763,51
A55622,El-Silver Care Branch 2,700,51
A55623,EL Silver Care 04,707,35
A55624,Silver Care (2),707,35
A55625,SILVER CARE Mall,737,54
A55626,silver care Branch 1,737,54
A55627,Ph/Silver Care Station St.,744,56
A55628,PY/Silver Care Branh 2,755,55
A55629,EL silver care Branch 1,757,44
A55630,El-Silvver Care 011,757,44
A55631,SILVER CARE (2),758,26
A55632,El-SILVER CARE-A,758,26
A55633,Silver Care Station St.810,760,47
A55634,Alpha Pharma Rehab View 04,737,55
A55635,Alpha Pharma Rheab View Mall,737,55
A55636,EL ALPHA PHARMA REHAB VIEW br.2,741,44
A55637,Alpha Pharma Rehab View (2),741,44
A55638,PY/Alpha Pharma Rehab View 6th Zone,760,48
A55639,PH alpha pharma rehab view 6th Zone,760,48
A55640,Ebn Sina 011,702,49
A55641,El-EBN SINA Mall,711,36
A55642,EL EBN SINA Branch 2,714,50
A55643,EBN SINA Branch 1,714,50
A55644,El-BEN SINA 04,722,48
A55645,EBN SINA,732,49
A55646,EL Ebn Sina Mall,764,40
A55647,El-EBN SINA (2),769,44
A55648,El-Ebn Sina 04,782,47
A55649,Ph/Ebn Sina Braanch 2,782,47
A55650,Al Nozha Nasr 6th Zone,714,51
A55651,Al Nozha Nasr (2)409,733,43
A55652,PY/AL NOZHA NASR 011,757,45
A55653,el Al Nozha Nasr Station St.,757,45
A55654,Mira Station St.,731,47
A55655,Mira Station St.,756,49
A55656,MIRA Station St.,766,53
A55657,Ph/Mira Branch 1449,766,53
A55658,Elite Oct City 011,701,46
A55659,el Elite Oct City 6th Zone,701,46
A55660,EL Elite Oct City (2),717,38
A55661,elite oct ccity Branch 1455,717,38
A55662,elite oct city,719,46
A55663,PH EILTE OCT CITY 011,719,46
A55664,Ph/Elite Oct City 6th Zone,725,56
A55665,PY/Elite Oct City Main Road,725,56
A55666,El-Elite Oct City br.2,745,43
A55667,Ph/elite oct city 04,749,47
A55668,Elite Oct City 04,754,44
A55669,elite oct city Main Road,777,39
A55670,Ph/Elite Oct City Main Road,777,39
A55671,el Oemga 04,746,40
A55672,Omeega 011,768,52
A55673,PH omega Mall,768,52
A55674,el omega br.2,774,45
A55675,PH Omega Main Road231,774,45
A55676,El-Omega (2),782,48
A55677,OMEGA (2),782,48
A55678,PH dr medhat helwan-A,708,41
A55679,Dr Medhat Helwan (2),762,47
A55680,dr medhat hhelwan-A,762,47
A55681,el DR MEDHAT HELWAN Mall,772,47
A55682,EL Dr Medhat Helwan 6th Zone,772,47
A55683,EL Care 24 Seven Obour Station St.,703,45
A55684,Ph/Care 24 Seven Obour 04404,727,53
A55685,EL Care 24 Seven Obour-A,731,48
A55686,Care 24 Seven Obour,739,43
A55687,El Hokama Station St.,711,37
A55688,El-El Hoama Mall,711,37
A55689,PH EL HOKAMA Main Road458,726,67
A55690,El-EL HOKAMA Branch 1,732,50
A55691,PH el hkoama Branch 2,773,51
A55692,el hokama 011,773,51
A55693,PY/UNION PHARM NASR-A,715,27
A55694,El-UINON PHARM NASR 011,715,27
A55695,el Union Pharm Nasr Branch 1,745,44
A55696,El-UNION PHARM NASR Branch 1,745,44
A55697,Union Pharm Nasr Mall774,770,56
A55698,El-Union Pharm Nasr,770,56
A55699,Ph/Union Pharm Nasr 04,776,39
A55700,PY/union pharm nasr Branch 2,776,39
A55701,Care 24 Seven916,706,52
A55702,Care 24 Seven (2)894,723,42
A55703,EL care 24 seven Branch 2864,723,42
A55704,EL Care 24 Seven Station St.479,736,40
A55705,Care 24 Seve n011,747,46
A55706,PY/care 24 seven br.2844,749,48
A55707,Care 24 Seven Branch 1,760,49
A55708,Ph/Care 24 Seven br.2,760,49
A55709,Dr Medhat Rehab View Main Road,715,28
A55710,PY/DR MEDHAT REHAB VIEW Station St.,715,28
A55711,Dr Medhat Rehab View 6th Zone,738,46
A55712,Ph/dr medhat rehab view,738,46
A55713,El-dr medhatrehab view Branch 2,741,45
A55714,Ph/Dr Medhat Rehab View Branch 1,750,45
A55715,DR MEDHAAT REHAB VIEW,750,45
A55716,EL dr meddhat rehab view (2)897,759,40
A55717,EL dr medhat rehab view-A,759,40
A55718,EL Dr Medhat Rehab View-A,765,44
A55719,PH Dr Medhat Rehab View 011,766,54
A55720,Ph/Dr Medhat Rehab View 04,781,52
A55721,drr medhat rehab view br.2,781,52
A55722,MISRR 04,700,52
A55723,El-MIRS 011,717,39
A55724,PH Misr (2),723,43
A55725,EL Misr 011,723,43
A55726,misr Main Road,728,46
A55727,EL Misr Branch 2,744,57
A55728,el Misr-A311,744,57
A55729,El-Misr Station St.,755,56
A55730,El-mirs (2),755,56
A55731,misr br.2,777,40
A55732,Misr Station St.,777,40
A55733,PY/El Hokama Station St.,757,46
A55734,el El Hokama (2)127,757,46
A55735,el hokama Mall,759,41
A55736,el EL HOKAMA Station St.,759,41
A55737,EL HOKAMA 6th Zone,767,47
A55738,El-EL HOKMA Main Road866,767,47
A55739,Ph/El Tourath Nasr-A,745,45
A55740,PH El Touratth Nasr,745,45
A55741,el el tourath nsar Branch 2,747,47
A55742,EL El Tourath Nasr 6th Zone,763,52
A55743,El Tourath Nsr-A,763,52
A55744,Al Nozha Nasr04,700,53
A55745,el Al Nozha Nasr (2),722,49
A55746,Ph/al nozha nasr 011,722,49
A55747,PY/AL NZHA NASR Branch 1271,727,54
A55748,elA L NOZHA NASR br.2,736,41
A55749,El-AL NOZHA NASR,736,41
A55750,al nozha nasr,747,48
A55751,AL NOZHA NARS Main Road,747,48
A55752,PY/Al Nozha Nasr Branch 2,762,48
A55753,El-Al Nozha Nasr 011850,762,48
A55754,EL EL ZAHRAA NAR Main Road163,734,47
A55755,El-EL ZAHRAA NASR (2),734,47
A55756,el el zahraa nasr-A,737,56
A55757,PY/el zahraa nasr Main Road,751,49
A55758,PY/el zahraa nasr 6th Zone,751,49
A55759,El-el zahraa nasr Mall,760,50
A55760,Ph/El Zahraa Nasr br.2,782,49
A55761,PH El Zahraa Nasr (2)632,782,49
A55762,El-Pharma Plus Obour br.2,718,37
A55763,pharma plus obour Main Road,718,37
A55764,PY/PHARMA PLS OBOUR Branch 1,728,47
A55765,PH PHARMA PLUS OBOUR 6th Zone,728,47
A55766,PY/Pharma Plus Obour 6th Zone,746,41
A55767,Pharma Plus Obour 0448,778,49
A55768,Pharma Plus Obour Branch 2,778,49
A55769,Pharma Plus Obour,782,50
A55770,el Misr Nasr 011,705,50
A55771,PY/misr nasr Branch 2,705,50
A55772,Ph/Misr Nasr Branch 2,747,49
A55773,misr nasr Station St.,747,49
A55774,misr nasr Branch 1,761,36
A55775,MISR NASR Main Road,766,55
A55776,el Misr Nasr Branch 2,766,55
A55777,PY/MISR NASR br.2463,767,48
A55778,EL Misr Nasr 04,774,46
A55779,Ph/misr nasr,779,50
A55780,PH misr nasr br.2,779,50
A55781,PH Hope Station St.,713,46
A55782,PY/Hope Main Road,713,46
A55783,El-hope br.2,725,57
A55784,Ph/Hope,732,51
A55785,el hope Station St.707,732,51
A55786,EL hope,756,50
A55787,Hope Station St.,764,41
A55788,Hope Branch 1,775,46
A55789,MIRA (2),715,29
A55790,mira 2),715,29
A55791,MIRA,723,44
A55792,PY/Mira 011,723,44
A55793,Ph/Mira 6th Zone,751,50
A55794,EL Mira Branch 1,751,50
A55795,PY/mira 6th Zone,765,45
A55796,el Mra Branch 2,765,45
A55797,PH Misr Nozzha Main Road,722,50
A55798,PH MISR NOZHA (2),722,50
A55799,PY/MISR NOZHA 04773,723,45
A55800,MISR NOZHA,723,45
A55801,El-misr nozha,740,46
A55802,Ph/misr nozhha 011,740,46
A55803,PY/Misr Nozha Braanch 2,758,27
A55804,el Misr Nozha,758,27
A55805,Life Line Nasr Mall,709,46
A55806,PY/LIFE LINE NASR,709,46
A55807,PH Life Line Nasr Main Road,733,44
A55808,el Life Line Nasr Main Road,747,50
A55809,life line ansr (2),747,50
A55810,Life Line Nasr,766,56
A55811,El-Omega Station St.,727,55
A55812,El-Omega Station St.,745,46
A55813,el omega Branch 2,745,46
A55814,PH OMEGA (2),750,46
A55815,P/hOmega 011,761,37
A55816,el Omega 04,761,37
A55817,EL Omega 04,779,51
A55818,EL Omega-A,779,51
A55819,Ph/Omega Station St.,782,51
A55820,Omega 6th Zone,782,51
A55821,el SALAMTEK OBOUR 04,711,38
A55822,Salamtek Obour,724,44
A55823,Salamtek Obour Mall,758,28
A55824,EL Salamtek Obour Branch 1,762,49
A55825,El-salamtek obour-A481,762,49
A55826,PH Salamtek Obour (2),769,45
A55827,SALAMTEK OBOUR Branch 2,769,45
A55828,PH SILVER CARE NASSR-A606,701,47
A55829,el Silver Care Nasr,715,30
A55830,PH SILVRE CARE NASR Branch 2,768,53
A55831,Silver aCre Nasr-A,768,53
A55832,EL silver care nasr Branch 2,770,57
A55833,EL SilverC are Nasr-A,770,57
A55834,PH METRO-A,704,44
A55835,Metro br.2,744,58
A55836,merto-A,744,58
A55837,Ph//metro Main Road,747,51
A55838,METRO 04,747,51
A55839,metro,748,55
A55840,metro0 11989,748,55
A55841,Metro Main Road,755,57
A55842,Ph/SUNRISE NASR (2),722,51
A55843,PH Sunrise Nasr (2)68,726,68
A55844,sunrise nasr 011,738,47
A55845,PY/Sunrise Nasr Mall,764,42
A55846,el Sunrise Nasr 04,764,42
A55847,el Sunrise Nasr Station St.,769,46
A55848,SUNRISE NASR Branch 1,769,46
A55849,EL HEALTH GATE AGAMI Mall,706,53
A55850,Ph/Health Gate Agami 6th Zone,706,53
A55851,Health Gate Agami Branch 1,722,52
A55852,Health Gate Agami Main Road,737,57
A55853,PH Health Gate Agami 6th Zone,744,59
A55854,Ph/Health Gate Agami-A,744,59
A55855,el HEALTH GATE AGAMI Station St.,756,51
A55856,el HEALTH GATE AGAMI Branch 2,756,51
A55857,el health gate agami Branch 1,763,53
A55858,PY/Health Gate Agami Branch 1,766,57
A55859,Ph/STAR CAR-A,703,46
A55860,PY/Star Care 011695,715,31
A55861,PY/Star Care,715,31
A55862,Ph/Star Care 04,735,48
A55863,EL Star Care 011473,735,48
A55864,Star Care 011,738,48
A55865,Star Care Main Road,749,49
A55866,PY/Star Care Main Road780,751,51
A55867,PH Star Care br.2729,757,47
A55868,El-star care (2),776,40
A55869,El-STAR CAREbr.2,776,40
A55870,PH el hokama nasr Main Road,701,48
A55871,e EL HOKAMA NASR 04,701,48
A55872,el El Hokama Nasr 011,702,50
A55873,El Hokama Nasr Branch 1,714,52
A55874,El Hokama Nasr br.2,742,51
A55875,Ph/El Hokama asr br.2,751,52
A55876,PH El Hokama Nasr br.2,751,52
A55877,PY/El Hokama Nasr 6th Zone,754,45
A55878,EL el hokamanasr-A,764,43
A55879,EL El Hokama Nasr,764,43
A55880,PH El Hokama Nasr,765,46
A55881,PH El Hokamaa Nasr 04,765,46
A55882,PY/Family,718,38
A55883,Family 6th Zone,718,38
A55884,Ph/FAMILY (2)387,729,50
A55885,P HFamily 011,763,54
A55886,Ell-Family 6th Zone884,763,54
A55887,El-family Mall413,773,52
A55888,EL FAMILY (2),773,52
A55889,PY/Sunrise 04,712,53
A55890,el sunrise Station St.,712,53
A55891,PYS/UNRISE br.2,730,52
A55892,Sunrise Branch 2277,730,52
A55893,EL sunris eBranch 2968,756,52
A55894,PY/SUNRISE Branch 2,769,47
A55895,PY/sunrise (2),769,47
A55896,PY/Family Nasr Branch 2,708,42
A55897,PH Family Nasr 04,716,44
A55898,PY/Family Nasr Main Road,724,45
A55899,Famiily Nasr,724,45
A55900,PH Family Nasr388,729,51
A55901,FMAILY NASR,748,56
A55902,family nasr Station St.,748,56
A55903,Ph/family nasr-A,766,58
A55904,family nasr Main Road,766,58
A55905,el Metro 011,705,51
A55906,El-Metro 11,705,51
A55907,Metro Station St.,712,54
A55908,Ph/METRO 6th Zone,779,52
A55909,PH Metro,779,52
A55910,EL El Zahra Faisal-A,713,47
A55911,El Zahraa Faisla 011,742,52
A55912,el El Zahraa Faisal85,742,52
A55913,PY/El Zahraa Faisal Station St.,753,40
A55914,el El Zahraa Faisal,753,40
A55915,PY/El Nasr Nozha 011,737,58
A55916,EL El Nasr Nozha Branch 2,737,58
A55917,El-El Nasr Nozha Branch 1,747,52
A55918,el nasr nozha,747,52
A55919,el El Nasr Nozha735,752,38
A55920,Ell-EL NASR NOZHA,752,38
A55921,PH EL NASR NOHA Station St.,759,42
A55922,El-El Nasr Nozha 011,775,47
A55923,PY/El Nasr ozha Branch 1,775,47
A55924,PY/Mira Baha-A,724,46
A55925,PY/MIRA BANHA (2),726,69
A55926,MIRA BANHA Branch 1,734,48
A55927,PH Mira Banha Branch 1556,748,57
A55928,PY/MIR BANHA br.2330,748,57
A55929,EL MIRA BANHA 04,751,53
A55930,E-Mira Banha Mall,751,53
A55931,PH Mira Banha br.2,760,51
A55932,EL Mira Banha br.2,778,50
A55933,MIRA BANHA (2)29,778,50
A55934,care 24 seven nasr Mall,719,47
A55935,PY/CARE 24 SEVEN NASR br.2,719,47
A55936,PH Care 24 Seven Nasr br.2,731,49
A55937,Ph/care 24 seven nasr,734,49
A55938,EL Care 24 Seven Nasr 04,734,49
A55939,el care 24 seven nasr 6th Zone,764,44
A55940,Ph/care 24 seven nasr 011825,764,44
A55941,CARE 24 SEVEN NASR Main Road,771,41
A55942,El Nasr Imbaba Branch 2,708,43
A55943,El Nasr Ibaba-A,761,38
A55944,PH El Nasr Imbaba,771,42
A55945,ELITE NASR 011,706,54
A55946,Elite Nasr (2),711,39
A55947,PH ELITE NASR Branch 2,715,32
A55948,PH Elite Nasr Branch 1,755,58
A55949,PH Elite Nasr Branch 2,755,58
A55950,EL ELITE NASR Station St.40,777,41
A55951,el elite nasr 011763,777,41
A55952,EL lEite Nasr br.2,781,53
A55953,Elite Nasr br.2,781,53
A55954,Blue Wave Banha 6th Zone,724,47
A55955,PH Blue Wave Banha,730,53
A55956,Ph/blue wave banha-A,730,53
A55957,BLUE WAVE BANHA 011,758,29
A55958,EL Blue Wave Banha Mall214,758,29
A55959,Elite Zayed Mall,708,44
A55960,elite zayed 6th Zone778,709,47
A55961,Ph/Elite Zayed,723,46
A55962,Ph/Elite Zayed-A550,723,46
A55963,EL Elite Zayed Mall,743,33
A55964,El-elite zayeed 04,755,59
A55965,ELITE ZAYED Main Road,761,39
A55966,EL Elite Zayed 04,761,39
A55967,EL ELITE ZAYED brr.2,777,42
A55968,elite zayed 04,777,42
A55969,ELIT EZAYED,780,50
A55970,el salamtek nasr,744,60
A55971,EL Salamtek Nasr Station St.,744,60
A55972,el Salamtek Nasr,756,53
A55973,SALAMTEK NASR Branch 2,756,53
A55974,Ph/Sallamtek Nasr 6th Zone,778,51
A55975,PY/Salamtek Nasr Station St.,778,51
A55976,OEMGA REHAB VIEW Branch 2,712,55
A55977,PY/Omega Rehab View Mall,712,55
A55978,el Omega Rehab View Mall,729,52
A55979,el omega rehab view-A,750,47
A55980,OMEGA REHAB VIEW 011,750,47
A55981,el OMEGA REHAB VIEW Branch 2,758,30
A55982,PH omega rehab view Branch 2,758,30
A55983,Ph/OMEGA REHAB VIEW br.2,777,43
A55984,omega rehab view-A,777,43
A55985,Ph/BLUE WAVE-A,704,45
A55986,Ph/Blue Wave Main Road,704,45
A55987,EL Blue Wave,715,33
A55988,EL blue ave (2),715,33
A55989,el Blue Wave Branch 1,737,59
A55990,el blue wave 6th Zone,742,53
A55991,PH BLUE WAVE,763,55
A55992,el Blue Wave,764,45
A55993,PY/blue wave 6th Zone,770,58
A55994,Blue Wave Branch 2,772,48
A55995,PY/Star Care Moontaza,707,36
A55996,El-star care montaza,707,36
A55997,Ph/Star Care Montaza Station St.,722,53
A55998,el star care montaza-A,722,53
A55999,El-Star Care Montaa Branch 2,768,54
A56000,star care montaa Main Road,768,54
A56001,Better Life Nasr 04,713,48
A56002,Better Life Nasr br.2103,763,56
A56003,El-Better Life Nasr Branch 2,776,41
A56004,Ph/BETTER LIFE NASR 6th Zone,776,41
A56005,el Al Amal Branch 2,703,47
A56006,EL al amal,720,56
A56007,Al Amal 011,735,49
A56008,Al Amal Station St.,739,44
A56009,Al Amal 011,739,44
A56010,PY/Al Amal Mall,755,60
A56011,Al Amal 04,755,60
A56012,EL al amal Branch 1,765,47
A56013,el MMetro Nozha (2),732,52
A56014,el METRO OZHA 011,734,50
A56015,el Metro Nozha Main Road,745,47
A56016,El-METRO NOZHA Branch 2,745,47
A56017,PY/Metro Nozha,749,50
A56018,Metro Nozha Branch 2,749,50
A56019,METRO NOHA Station St.,757,48
A56020,EL METR NOZHA 011,757,48
A56021,el Metro Nozha Mall,758,31
A56022,EL eMtro Nozha157,759,43
A56023,el METRO NOZHA,759,43
A56024,Ph/Metro Nozha Branch 1,765,48
A56025,Metro Nozha,765,48
A56026,el Godlen Care br.2656,711,40
A56027,Golden Care 011,711,40
A56028,Ph/Golden Care Station St.,729,53
A56029,El-GOLDEN CARE 011,729,53
A56030,Ph/Golden Care (2),753,41
A56031,golden care,758,32
A56032,golden care,762,50
A56033,Golden Care680,762,50
A56034,golden care 04,767,49
A56035,El-Golden Care-A,767,49
A56036,Golden Care Main Road866,777,44
A56037,PH glden care Station St.,778,52
A56038,PY/golden care Branch 2,778,52
A56039,Ph/ALPHA PHARMA SHUBRA 6th Zone768,722,54
A56040,EL alpha pharma shubra Branch 2937,722,54
A56041,el alpha pharma shubra 011,739,45
A56042,Alpha Pharma Shubra,744,61
A56043,Alpha Pharma Shubar 6th Zone,744,61
A56044,el Alpha Pharma Shubra Mall,759,44
A56045,El-alpha pharma shubra-A,759,44
A56046,PY/Alpha Pharma Shubra Branch 1,774,47
A56047,el ALPHA PHARMA SHUBRA Branch 1,774,47
A56048,PH ALPHA PHARMA SHUBRA Mall,775,48
A56049,El-Alpha Pharma Shubra Mall,775,48
A56050,El-ALPHA PHARMA SHURBA,782,52
A56051,Ph/Alpha Pharma Shubra 011,782,52
A56052,El-GOLDEN CARE MONTAZA Branch 1,706,55
A56053,PH Golden Caare Montaza 011728,714,53
A56054,Ph/Golden Care Montaza SStation St.,714,53
A56055,El-Godlen Care Montaza 6th Zone895,724,48
A56056,el Golden Care Montaza 04,724,48
A56057,e Golden Care Montaza Branch 2308,727,56
A56058,EL GOLDEN CARE MONTAZA Mall443,739,46
A56059,el Golden Care Montaza 011,748,58
A56060,Golden Care Montaza Mall,762,51
A56061,EL ZAHRAA SQUARE,712,56
A56062,el zahraa square,719,48
A56063,EL El Zahraa Square Branch 1,748,59
A56064,El-El Zahraa Squarebr.2,748,59
A56065,PH El Zahraa Square Main Road,774,48
A56066,Ph/El Zahraa Square,774,48
A56067,el Al Amal Station St.,713,49
A56068,Al Amal Mall,718,39
A56069,AL AMAL Branch 2,718,39
A56070,El-Al Amal Main Road,740,47
A56071,EL Al Amal-A,759,45
A56072,El-al amal Main Road,759,45
A56073,El-AL AMAL Branch 1623,770,59
A56074,el al amal,778,53
A56075,El-misr Branch 1,700,54
A56076,Misr-A,703,48
A56077,PY/MMisr Mall,703,48
A56078,missr Station St.,704,46
A56079,Ph/Misr Station St.,704,46
A56080,Misr,709,48
A56081,Misr,712,57
A56082,PY/Misr,723,47
A56083,Misr Branch 2,723,47
A56084,Misr Station St.327,729,54
A56085,PH MSIR,740,48
A56086,El-better life Mall,712,58
A56087,el BETTER IFE Branch 1,713,50
A56088,BETTER LIFE Mall,723,48
A56089,Ph/BETTER LIFE-A,724,49
A56090,EL Better Life br.2,739,47
A56091,PY/better lifee-A,739,47
A56092,el Beter Life 04,777,45
A56093,Union Pharm Branch 2,701,49
A56094,El-Union Pharm,706,56
A56095,PH Union Pharm,752,39
A56096,Union Pharm-A661,773,53
A56097,EL union pharm br.2,780,51
A56098,UNION PHARM 04,705,52
A56099,El-UNIO NPHARM,707,37
A56100,PH union pharm 6th Zone,707,37
A56101,PH Union Pharm,718,40
A56102,UNION PHARM-A,762,52
A56103,PY/Union Pharm Branch 1,762,52
A56104,PH UNION PHARM 6th Zone,770,60
A56105,PH Union Phaarm Mall,770,60
A56106,PH union pharm Mall,782,53
A56107,el Pharma Plus 04,739,48
A56108,EL Pharma Plus 011,740,49
A56109,Pharma lPus,750,48
A56110,El-Pharma Plus Branch 2,750,48
A56111,Pharma Plus,752,40
A56112,el Pharma Plus 04,753,42
A56113,Ph/Pharma Plus Mall323,753,42
A56114,PY/Pharma Plus 011,767,50
A56115,pharma plus Main Road,767,50
A56116,Pharma Plus-A,770,61
A56117,PH PHARMA PLUSS br.2,770,61
A56118,PH El Faraby Nasr 04,708,45
A56119,el El Faraby Nasr 6th Zone,708,45
A56120,El Faraby Nasr Main Road,714,54
A56121,EL el faraby nasr 04,715,34
A56122,El-El Faraby Nasr 011,731,50
A56123,Ph/El Faraby asr Main Road,732,53
A56124,EL El Faraby Nasr-A,732,53
A56125,el el faraby nasr 011,758,33
A56126,PY/EL FARABY NASR Station St.,758,33
A56127,Ph/El Faraby Nasr 04,760,52
A56128,el shifa nasr Branch 2,705,53
A56129,el El Shifa Nasr Main Road724,706,57
A56130,EL El Shifa Nasr Mall,706,57
A56131,El Shifa Nasr,708,46
A56132,EL EL SHIFA NASR,708,46
A56133,PH El Shifa Nasr,718,41
A56134,el shifa nasr 04,718,41
A56135,EL SHIFA NASR Station St.,749,51
A56136,PY/el shifa nasr 04,766,59
A56137,El Shifa Nasr347,766,59
A56138,El Shfa Nasr br.2,771,43
A56139,El-El Shifa Nasr Main Road24,780,52
A56140,EL SHIFA NASR,780,52
A56141,better life-A,717,40
A56142,Better Life,729,55
A56143,Better Life,740,50
A56144,PH Better Life Mall,740,50
A56145,PY/Better Life Station St.,748,60
A56146,el better life Main Road,751,54
A56147,Ph/Better Life Branch 1,751,54
A56148,Better Life Station St.,761,40
A56149,better life (2)34,765,49
A56150,El-betterr life br.2,777,46
A56151,El Shifa Oct ity Branch 2101,701,50
A56152,Ph/el shifa oct city 6th Zone,707,38
A56153,el El Shifa Oct City Main Road,707,38
A56154,PH el shifa oct city 6th Zone,723,49
A56155,el EL SHIFA OCT CITY Mall,723,49
A56156,el shifa oct city,724,50
A56157,EL EL SHIFA OCT CITY Mall,727,57
A56158,El-EL SHIFA OCT CITY 6th Zone,738,49
A56159,El-EL SHIFA OCT CITY Branch 2,738,49
A56160,PY/el shifa cot city,769,48
A56161,el shifa oct city,769,48
A56162,e lBetter Life (2),707,39
A56163,EL Better Life,707,39
A56164,Bette Life,715,35
A56165,PH BEETTER LIFE,725,58
A56166,Better Life Branch 1,725,58
A56167,el Better Life br.2,735,50
A56168,Ph/BETTER LIFE Station St.,774,49
A56169,PY/better life 0436,774,49
A56170,el Hope 6th Zone,710,51
A56171,PhHOPE Branch 2,725,59
A56172,HOPE Branch 2,782,54
A56173,el Hope Main Road434,782,54
A56174,EL mero dokki,710,52
A56175,el metro dokki 04363,743,34
A56176,METRO DOKKI Main Road822,757,49
A56177,El-Metro Dokki 011,757,49
A56178,Metro Dokki Branch 2,765,50
A56179,el METRO DOKKI Branch 2559,765,50
A56180,PH Metro Dokki 04,766,60
A56181,Ph/Metro Dokki 6th Zone409,773,54
A56182,Metro Dokki 04,779,53
A56183,Ell-Star Care Smouha (2),707,40
A56184,el STAR CARE SMOUH A(2),710,53
A56185,El-Star Care Smouha (2),710,53
A56186,El-Star Care Smouha Mall,734,51
A56187,PH Star Care Smouha 011,734,51
A56188,star care smouha Branch 1,750,49
A56189,PY/Star Care Smouha br.2,779,54
A56190,El-el zahraa (2),757,50
A56191,EL ZAHRAA Main Road,757,50
A56192,EL el zahraa,767,51
A56193,PhEL ZAHRAA-A,767,51
A56194,El Zahraa Station St.,769,49
A56195,PH EL ZAHRAA br.2,776,42
A56196,EL ZAHRAA 04894,776,42
A56197,EL HOKAMA NASR 04,718,42
A56198,EL El Hokama Naasr 04,718,42
A56199,El Hokama Nasr Mall,723,50
A56200,EL HOKAMA NASR,738,50
A56201,el hokama nasr Station St.,759,46
A56202,PY/EL HOKAMA NASR Branch 1,759,46
A56203,el EL HOKAMA NASR Station St.,763,57
A56204,el El oHkama Nasr br.2,763,57
A56205,el el hokama nasr Branch 1,780,53
A56206,EL HOKAMA NSR br.2,781,54
A56207,El-el hokama nasr br.2,781,54
A56208,HOPE NOZHA Main Road,702,51
A56209,EL Hope Nozha-A,702,51
A56210,EL hope nozha br.2,706,58
A56211,el hope nozha br.2,706,58
A56212,EL Hop eNozha 04,728,48
A56213,el SUNRISE Branch 2,707,41
A56214,Ph/sunrise Main Road,719,49
A56215,sunrise-A,738,51
A56216,Sunrise,738,51
A56217,SUNRISE br.2699,763,58
A56218,PH SUNRISE Mall,772,49
A56219,PY/Dr Medhat Montaza Branch 1,705,54
A56220,el DR MEDHAT MONTAZA Branch 2,705,54
A56221,ELL Dr Medhat Montaza br.2,719,50
A56222,PY/DR MEDHAT MOONTAZA,731,51
A56223,Ph/Dr Medha Montaza-A,741,46
A56224,PY/Dr Medhat Montaza,754,46
A56225,EL Dr Medhat Montaza br.2,760,53
A56226,PH Dr Medhat Montaza tation St.,760,53
A56227,PY/Care 24 Seven br.2,704,47
A56228,care 24 seen Main Road,704,47
A56229,el Care 24 Seven,710,54
A56230,PY/care 24 seven-A,710,54
A56231,Ph/care 24 seven-A,726,70
A56232,care 24 seven Brannch 1,729,56
A56233,el crae 24 seven,729,56
A56234,Care 24 Seven165,752,41
A56235,angel Station St.81,753,43
A56236,Angel Branch 1,762,53
A56237,PH ANEGL Station St.,778,54
A56238,PY/Al Nohza Nozha,718,43
A56239,AL NOZHA NOZHA,740,51
A56240,AL NOZHA NOZHA50,740,51
A56241,Al Nozha Nozha (2),752,42
A56242,al nozha nozha (2)960,759,47
A56243,PH Al Nozha Nozha (2),760,54
A56244,PY/al nozha nozha 011,760,54
A56245,El-AL NOZHA NOZHA Branch 1,764,46
A56246,Al Nozha Nozha Main Road,771,44
A56247,Al Nozha Nozha,771,44
A56248,el LIFE LINE DOKKI 6th Zone,739,49
A56249,EL Life Line Dokki Branch 1,739,49
A56250,LIFE LINE DOKKI353,744,62
A56251,El-Life Line Dokki412,744,62
A56252,PH LIFE LINE DOKKI 04,767,52
A56253,EL Life Line Dokki Branch 2,781,55
A56254,El-El Zahraa Nozha 6th Zone,711,41
A56255,PY/el zahraa nozha Mall,711,41
A56256,El Zahraa Nozha Mall,712,59
A56257,El Zahraa Nozha,712,59
A56258,El Zahraa Nozha,716,45
A56259,EL ZZAHRAA NOZHA 011,746,42
A56260,el Care 24 Seven Mall,700,55
A56261,El-CARE 24 SEVEN Mall,733,45
A56262,EL care 24 seven 04,761,41
A56263,Care 24 Seven Mall,768,55
A56264,Care 24 Seven 6thZ one750,768,55
A56265,Angel br.2140,720,57
A56266,Angel Branch 2994,728,49
A56267,EL Angel Branch 2,728,49
A56268,Ph/Angel Branch 1,754,47
A56269,EL Angel-A,769,50
A56270,Ph/angel br.2,776,43
A56271,Angell Mall,776,43
A56272,BETTER LIFE 04,726,71
A56273,BETTE LIFE Main Road,748,61
A56274,PY/better life Branch 1,757,51
A56275,better life,757,51
A56276,EL BETTER LIFE Branch 2,759,48
A56277,El-better life-A,771,45
A56278,el better life 6th Zone,771,45
A56279,PH better life,776,44
A56280,PH better life Station St.,776,44
A56281,El-EL ZAHRAA br.2,727,58
A56282,Ph/el zzahraa,731,52
A56283,Ph/El Zahraa-A,731,52
A56284,el EL ZAHRRAA,752,43
A56285,PY/El Zahraa 6th Zone,752,43
A56286,PY/EL ZAHRAA Mall,779,55
A56287,el family nasr Branch 2,717,41
A56288,PH Family Nasr Branch 2721,722,55
A56289,El-Family Nasr Station St.,722,55
A56290,FAMILY NASR Main Road,743,35
A56291,family nasr Main Road,743,35
A56292,Family Nasr613,744,63
A56293,PH Family Nasr 011,752,44
A56294,PY/FAMILY NASR (2),755,61
A56295,FAMILY NASR Mall,777,47
A56296,Ph/EL BARAKA NASR br.2,707,42
A56297,El Baraka Nasr Main Road,707,42
A56298,El-el baraka nasr Main Road,710,55
A56299,EL El Baraka Nasr Branch 1,712,60
A56300,PY/el baraka nasr 011949,713,51
A56301,el EL BARAKA NASR,713,51
A56302,EL BARAKA NASR Mall,724,51
A56303,EL BARAKA NASR-A,725,60
A56304,El-el baraka nasr 6th Zone,725,60
A56305,El Baraka Nasr 6th Zone,758,34
A56306,El-El Baraka Nasr 6th Zone,758,34
A56307,el el baraka nasr,772,50
A56308,PH Ebn Sina Branch 1,710,56
A56309,el Ebn Sina-A271,710,56
A56310,el EBN SINA-A689,718,44
A56311,PY/Ebn Sina Mall,718,44
A56312,PH Ebn Sina 04927,733,46
A56313,El-EBN SINA Branch 2,762,54
A56314,EBN SINA 04,762,54
A56315,EBN SINA,765,51
A56316,EL Ebn Sina 011,767,53
A56317,PH ebn sina (2)701,767,53
A56318,ebn sina Station St.932,770,62
A56319,El-EBN SINA,770,62
A56320,P ALPHA PHARMA (2),710,57
A56321,Ph/Alphha Pharma,710,57
A56322,el Alpha Pharma Branch 1,727,59
A56323,Alpha Pharma,727,59
A56324,Ph/Alpha Pharma501,760,55
A56325,Ph/Alpha Pharma,760,55
A56326,APHA PHARMA693,770,63
A56327,ALPHA PHARMA Branch 1148,770,63
A56328,Alpha Pharma Mall,774,50
A56329,PY/Alpha Pharma Branch 1,774,50
A56330,ALPHA PHARMA,775,49
A56331,EL ALPHA PHARMA,777,48
A56332,EL Alpha Pharma Mall,777,48
A56333,Ph/OMEGA NASR Main Road,703,49
A56334,El-omega nasr Branch 1,703,49
A56335,Omega Nasr 011,712,61
A56336,Omega Nasr Mall,732,54
A56337,PY/Omega Nasr (2)673,754,48
A56338,EL OMEGA NASR-A,757,52
A56339,PY/Omega Nasr Station St.,757,52
A56340,Omega Nasr Mall,762,55
A56341,EL Omega Nasr,762,55
A56342,Ph/OMEGA NASR,767,54
A56343,el Golden Care Nasr Mall,703,50
A56344,Godlen Care Nasr br.2145,742,54
A56345,El-Golden Care Nasr,764,47
A56346,Golden Care Nasrb r.2,764,47
A56347,el Golden Care Nasr-A,770,64
A56348,Glden Care Nasr Branch 2,770,64
A56349,Golden Care Nasr Mall,775,50
A56350,El-GOLDEN CARE,703,51
A56351,PY/GOLDEN CARE-A,712,62
A56352,El-Golden Care,712,62
A56353,golden care-A,735,51
A56354,Gollden Care (2)791,742,55
A56355,el GOLDEN CARE Mall254,770,65
A56356,GOLDEN CARE 011,770,65
A56357,GOLDENCARE,777,49
A56358,PH el zahraa Branch 1,719,51
A56359,El Zahraa Branch 2,739,50
A56360,EL ZAHRAA Branch 1,745,48
A56361,El Zahraa 6th Zone679,757,53
A56362,ElZ ahraa 04824,760,56
A56363,PH AL AMAL NASR 011,718,45
A56364,El-l Amal Nasr 6th Zone,724,52
A56365,EL Al Amal Nasr-A,724,52
A56366,Al Amal Nasr 6th Zone,736,42
A56367,PY/Al Amal Nasr 6th Zone,736,42
A56368,al amal nasr,737,60
A56369,PY/al amal nasr Mall,737,60
A56370,al amal nasr (2),744,64
A56371,Ph/Al Amal Nasr,757,54
A56372,Al Amal Nasr Branch 2,776,45
A56373,EL Al Amal Nasr Branch 2,776,45
A56374,PY/Al Amal Haram (2),706,59
A56375,Al Amal Haram Branch 1786,706,59
A56376,al amal haram,731,53
A56377,EL AL AMAL HARAM br.2,731,53
A56378,El-Al Amal Haram 04,737,61
A56379,PH Al Amal Haram,737,61
A56380,el al amal haram 011,753,44
A56381,El-al amal haram (2),753,44
A56382,EL Al Amal Haram Branch 2,755,62
A56383,El-Al Amal Haram 04,758,35
A56384,El-Al Amal Haram 6th Zone,781,56
A56385,Al Amal Haram 011438,781,56
A56386,El-omega nasr 04,715,36
A56387,Omega Nasr,715,36
A56388,El-Omega Nasr (2),725,61
A56389,PY/OMEGA NASR Main Road797,772,51
A56390,PY/Hope Nasr Branch 1,704,48
A56391,Ph/hope nasr Station St.,704,48
A56392,PY/hope nasr 6th Zone,709,49
A56393,hope nasr (2),709,49
A56394,Hope NasrMall,740,52
A56395,PH Hope Nasr Station St.223,740,52
A56396,PY/HOPE NASR Mall,742,56
A56397,EL Hope Nasr 6th Zone,759,49
A56398,El--HOPE NASR br.212,759,49
A56399,hpoe nasr,771,46
A56400,PY/El Toourath Nasr-A,711,42
A56401,PY/El Tourath Nasr br.2,711,42
A56402,Ph/el tourath nasr Main Road830,726,72
A56403,El-El Tourathh Nasr br.2,734,52
A56404,El Tourath Nasr Brnch 1,734,52
A56405,Ph/El Tourath Nasr,739,51
A56406,el tourath nasr,739,51
A56407,PY/EL TOURATH NASR Branch 1,750,50
A56408,El-el tourath nasr,773,55
A56409,el El Tourath Nasr Station St.,774,51
A56410,EL El Tourath Nasr 01158,774,51
A56411,El-EL TOURATH NASR Station St.,777,50
A56412,el tourath nasr,777,50
A56413,sunrise,738,52
A56414,PY/sunrise Main Road,738,52
A56415,Ph/Sunrise Mall,757,55
A56416,SUNRISE Mall,771,47
A56417,Sunrise (2),771,47
A56418,el EBN SINA (2),709,50
A56419,Ph/Ebn Sina-A,709,50
A56420,Ebn Sina-A,726,73
A56421,EL ebn sina 04,726,73
A56422,El-EBN SINA,731,54
A56423,EBN SINA 6th Zoone384,731,54
A56424,PY/EBN SINA 011303,765,52
A56425,el Ebn Sina,765,52
A56426,EL El Hokama Nasr 6th Zone,706,60
A56427,PH EL HOKAMA NASR-A,731,55
A56428,El Hokama Nasr,737,62
A56429,EL El Hokama Nasr 04,739,52
A56430,EL El Hokama Nasr 011279,739,52
A56431,el El Hokama Nasr Main Road,743,36
A56432,El Hokama Nasr,743,36
A56433,PH El Hokama Nasr,764,48
A56434,el El Hokama Nasr-A,764,48
A56435,EL el hokama nasr 011,770,66
A56436,PY/el hokama nasr,770,66
A56437,EL El Hokama Nasr Branch 1,777,51
A56438,El-El Hokama Nasr285,777,51
A56439,Ph/Metro Nasr br.2,700,56
A56440,Metro Nasr 6th Zone,700,56
A56441,Ph/Metro Nasr,749,52
A56442,Ph/Metro Nasr br.2,777,52
A56443,Metro Nasr br.2,777,52
A56444,EL Ebn Sina300,700,57
A56445,El-ebn sina Branch 1,700,57
A56446,El-EBN SINA 6th Zone,724,53
A56447,PH Ebn Sina (2)69,724,53
A56448,El-ebn sian 011,750,51
A56449,Ebn Sina 6th Zone,750,51
A56450,El-Ebn Sina Branch 2,758,36
A56451,Ph/ebn sina286,774,52
A56452,ebn sina Main Road,774,52
A56453,ebn sina br.2,777,53
A56454,PY/EBN SINA,777,53
A56455,Blue Wave Dokki br.2,702,52
A56456,Ph/blue wave dookki Mall,702,52
A56457,Ph/blue wave dokki 04,721,46
A56458,Blue Wave Dokki 011,732,55
A56459,EL Blue Wave Dokki 04,732,55
A56460,EL BLUE WAVE DOKKI-A,733,47
A56461,El-BLUE WAVE DOKKI 011754,735,52
A56462,Ph/Blue Wave Dokki-A,746,43
A56463,Ph/BLUE WVE DOKKI,749,53
A56464,BLUE WAVE DOKKI (2)126,749,53
A56465,El-blue wave dokki Branch 1,760,57
A56466,PH BLUE WAVE DOKKI-A,760,57
A56467,El-Union Pharm Imbaba Branch 2,720,58
A56468,PH Union Phaarm Imbaba,720,58
A56469,El-union pharm imbaba,734,53
A56470,Union Pharm Imbaba,739,53
A56471,union pharm imbaba,751,55
A56472,Union Pharm Imbaba-A,775,51
A56473,El-blue wave nasr Branch 2790,713,52
A56474,El-Blue Wave asr,728,50
A56475,BLUE WAVE NASR,728,50
A56476,Blue Wave Nasr,755,63
A56477,el bule wave nasr (2)119,758,37
A56478,Blue Wave Nasr Main Road,769,51
A56479,PH Blue Wave Nasr,769,51
A56480,PY/blue wave nasr 6th Zone,770,67
A56481,PY/Blue Wave Nasr 6th Zone,775,52
A56482,el BLUE WAVE NASR,775,52
A56483,Blue Wave Nasr Main Road,776,46
A56484,El-Blue Wave Nasr Mall,776,46
A56485,PY/Star Care Faisal Main Road,725,62
A56486,STAR CARE FFAISAL Branch 1,727,60
A56487,Ph/STAR CARE FAISAL 6th Zone,742,57
A56488,PH Star Care Faisal Branch 1,742,57
A56489,el star care faisal,759,50
A56490,El-Star Care Faisal Station St.,759,50
A56491,star care faisal 04,768,56
A56492,Star Care Faisal Branch 1,775,53
A56493,PH star care faisal br.2,775,53
A56494,PH star care faisal Main Road,781,57
A56495,EL star care faisal 04,781,57
A56496,STAR CARE NASR,710,58
A56497,el Star Care Nasr 04,710,58
A56498,EL Star Care Nasr Branch 1575,715,37
A56499,star care nasr br.2,720,59
A56500,EL STAR CARE NASR Station St.,720,59
A56501,Star Care Nasr 011,739,54
A56502,Star Care Nasr 011,744,65
A56503,El-star care nasr br.2938,770,68
A56504,PH Star Care Nasr br.283,770,68
A56505,el Golden Care Mall,733,48
A56506,Golden Crae Station St.,753,45
A56507,PY/Gloden Care-A742,772,52
A56508,Golden Care (2),780,54
A56509,PH Golden Care (2),780,54
A56510,EL Blue Wave Station St.,727,61
A56511,Ph/BLUE WAVE br.2,740,53
A56512,El-Blue Wave 04,740,53
A56513,PY/Blue Wave 011,746,44
A56514,Bleu Wave,748,62
A56515,Blue Wave Main Road,766,61
A56516,PH Blue Wave,766,61
A56517,el MIRA SQUARE Mall,724,54
A56518,Mira Square Branch 1,734,54
A56519,Mira Square,776,47
A56520,Mira Square,776,47
A56521,EL dr medhat zaed br.2,703,52
A56522,Dr Medhat Zayed,732,56
A56523,dr medhat zayed,742,58
A56524,el Dr Medhat Zayed 04,749,54
A56525,el Dr Medhat Zayed,755,64
A56526,EL el nasr shubra 04,720,60
A56527,Ph/EL NASR SHUBRA 04890,721,47
A56528,PH EL NASR SHUBRA br.2480,732,57
A56529,Ph/el nasr shubra Mall,752,45
A56530,ELE l Nasr Shubra br.2,752,45
A56531,el nasr shubra 04126,757,56
A56532,misr nasr Sttaion St.,718,46
A56533,EL MISR NASR Branch 2731,726,74
A56534,misr nasr,726,74
A56535,Misr Nasr,739,55
A56536,El-Misr Nasr Branch 2,739,55
A56537,EL MISR NASR 6th Zone887,753,46
A56538,Misr Nasr Station St.,755,65
A56539,PH Misr Nasr (2)463,755,65
A56540,el Misr Nasr,777,54
A56541,El-Green Leaf 04,729,57
A56542,EL green leaf Mall,730,54
A56543,El-green laf214,730,54
A56544,el Green Leaf 6th Zone,746,45
A56545,el blue wave nasr-A,710,59
A56546,blue wav enasr 6th Zone,753,47
A56547,BLUE WAVE NASR Mall,755,66
A56548,Blue Wave Nasr 04,755,66
A56549,el BLUE WAVE NASR,782,55
A56550,PY/Blue Wav Nasr,782,55
A56551,el Family Haram-A,703,53
A56552,PH family haram,711,43
A56553,El-FAMILY HARAM br.2128,711,43
A56554,Ph/Family Haram Branch 2,713,53
A56555,el Family Haram,717,42
A56556,Ph/Family Haram 6th Zone320,717,42
A56557,PY/Family Haram (2),758,38
A56558,el Family Haram Branch 2,758,38
A56559,PH family haram,773,56
A56560,El-ANGEL NASR Branch 2,724,55
A56561,PY/Angel Nasr,768,57
A56562,Ph/Angel Nasr br.2,768,57
A56563,el angeel nasr,777,55
A56564,EL ANGEL NASR,778,55
A56565,El-SEHA FIRST IMBABA (2),703,54
A56566,Ph/Seha First Imbaba (2),725,63
A56567,Ph/Seha First Imbaba106,727,62
A56568,seha first imbaba (2)127,727,62
A56569,PY/Seha First Imbaba-A,741,47
A56570,el Seha First Imbaba 6th Zone923,741,47
A56571,Seha First Imbab Station St.919,747,53
A56572,PY/seha first imbaba br.2,747,53
A56573,el SEHA FIRST IMBABA Branch 1,756,54
A56574,seha first imbaba Main Road,778,56
A56575,El-seha first imbaba Main Road,782,56
A56576,Al Nozha Nasr Station St.,709,51
A56577,El-AL NOZHA NASR 6th Zone,709,51
A56578,el Al Nozha Nasr,715,38
A56579,al nozha nasr (2),715,38
A56580,P/hAl Nozha Nasr Branch 1,729,58
A56581,El-al nozha nars Mall59,738,53
A56582,Ph/Al Nozha Nasr,738,53
A56583,el AL NOZHA NASR Mall,746,46
A56584,el al nozha nasr 6th Zone,759,51
A56585,Al Nozha Nasr Main Road114,770,69
A56586,El-AL NOZHA NASR Branch 1,709,52
A56587,El-A Nozha Nasr-A,732,58
A56588,Al Nozha Nas rMall,732,58
A56589,al nozha nasr Main Road,748,63
A56590,PH al noza nasr Branch 1,748,63
A56591,PY/Al Nozha Nasr 11,782,57
A56592,AL NOZHA NASR 6th Zone,782,57
A56593,EL MIRA SMOUHA Main Road,764,49
A56594,Mira Smouha Mall,765,53
A56595,PY/IRA SMOUHA,765,53
A56596,PY/Mira Smouha rBanch 2,768,58
A56597,El-mira smoua (2),768,58
A56598,EL omega nasr (2),712,63
A56599,omega nars 6th Zone,712,63
A56600,EL Omega Nasr Branch 2,716,46
A56601,Omega Nasr,716,46
A56602,PY/Omega Nasr Main Road,736,43
A56603,P/Omega Nasr 04,751,56
A56604,Ph/OMEGA NASR653,751,56
A56605,omega nasr Station St.,761,42
A56606,El-Omega Nasr-A,761,42
A56607,PH Omega Nasr,767,55
A56608,el Seha First Marg-A,727,63
A56609,Ph/SEHA FIRST MARG Statoin St.,727,63
A56610,EL SEHA FIRST MARG Branch 2,752,46
A56611,El-Seha First Marg 6th Zone,777,56
A56612,Seha First Marg Branch 1,781,58
A56613,el Seha First Marg (2),781,58
A56614,EL Alpha Pharma Branch 2,704,49
A56615,el ALHPA PHARMA,704,49
A56616,EL alpha pharma Station St.,706,61
A56617,Alpha Pharma Mall,706,61
A56618,PH alpha pharma 011,742,59
A56619,PY/ALPHA PHARM 011,742,59
A56620,PH Misr Zaye d6th Zone,712,64
A56621,Misr Zayed,714,55
A56622,PYMISR ZAYED 011,714,55
A56623,el misr zayed Station St.,730,55
A56624,el MISR ZAYED Mall69,730,55
A56625,Misr Zayed (2),731,56
A56626,PH MISR ZAYED,738,54
A56627,PY/Misr Zayed Station St.131,738,54
A56628,Misr Zayed Branch 1,778,57
A56629,Better Life Faisal Branch 1,704,50
A56630,EL Better Life Faisal-A,704,50
A56631,PH Better Life Faisal Mall,717,43
A56632,PH Better Life Faisal Mall,740,54
A56633,Better Life Faisal 04,740,54
A56634,EL Dr Medhat Nasr Branch 1773,719,52
A56635,PH DR MEDHAT NASR 6th Zone,719,52
A56636,EL dr medhat nasr Station St.,728,51
A56637,PY/DR MEDHAT NASR Branch 1487,728,51
A56638,Ph/Dr Medhat Nasr Branch 1,736,44
A56639,DR MEDHAT NASR 6th Zone,736,44
A56640,Ph/Life Line Nasr (2)194,713,54
A56641,Ph/LIFE LINE NASR Branch 1,717,44
A56642,life line nasr 04,772,53
A56643,El-LIFE LINE NASR (2),772,53
A56644,El-El Faraby,700,58
A56645,Ph/El Faraby Station St.,704,51
A56646,PY/EL FARABY Branch 1,704,51
A56647,El Faraby Main Road,706,62
A56648,El Faraby,727,64
A56649,PY/El Faraby Branch 2,734,55
A56650,el faraby Mall,734,55
A56651,El-El Farayb (2),749,55
A56652,El-el faraby-A,768,59
A56653,EL EL FARABY br.2,768,59
A56654,El Faraby,775,54
A56655,Al Amal br.2,710,60
A56656,PH Al Amal Mall,710,60
A56657,el Al Amal Branch 2,750,52
A56658,PH AL AMAL Mall,750,52
A56659,el AL AMAL-A,759,52
A56660,PY/Al Amal Main Road,763,59
A56661,EL ALL AMAL Main Road,763,59
A56662,PY/AL AMAL 0011,780,55
A56663,Green Leaf Square,724,56
A56664,Green Leaf Square597,724,56
A56665,Green Leaf Square-A,727,65
A56666,el GREEN LEAF SQUARE (2),727,65
A56667,Green Leaf Square Branch 1,729,59
A56668,PY/green leaf square Station St.,740,55
A56669,Ph/GREEN LEAF SQUARE Mall,752,47
A56670,GREEN LEAF SQUARE Branch 1,752,47
A56671,GREEN LEAF SQUARE (2),782,58
A56672,PH UNIOON PHARM SMOUHA Branch 1,704,52
A56673,union pharm smouha 6th Zone,704,52
A56674,union pharm smouha848,713,55
A56675,UION PHARM SMOUHA,713,55
A56676,UNION PHARM SMOHA 011,733,49
A56677,PY/UNION PHARMSMOUHA 04,733,49
A56678,Ph/union pharm smouha Branch 1144,747,54
A56679,ELITE BANHA 04,729,60
A56680,Elite Banha Station St.,758,39
A56681,EL Elite Banha,763,60
A56682,EL Elite Banha,763,60
A56683,El-ELITE BANHA Branch 1,776,48
A56684,elite banha,776,48
A56685,EL Elite Banha,779,56
A56686,PH health gate,714,56
A56687,Ph/HEALTH GATE (2)992,714,56
A56688,HEALTH GATE 04,720,61
A56689,el health gate 011,720,61
A56690,PY/Health Gate Station St.,723,51
A56691,el Health Gate Main Road,723,51
A56692,PH EHALTH GATE 04,742,60
A56693,Halth Gate,746,47
A56694,PY/Health Gate Station St.,746,47
A56695,health gate 011,762,56
A56696,health gaet (2)145,762,56
A56697,PH Health Gate br.2,772,54
A56698,el EL BARAKA,710,61
A56699,el baraka (2),710,61
A56700,PH el baraka 011,718,47
A56701,El-El Baraka 011,719,53
A56702,PH EL BARAKA 6th Zone,726,75
A56703,El-el baraka Mall549,726,75
A56704,el baraka Station St.,741,48
A56705,el baraka 6th Zone,756,55
A56706,El-El Baraka Branch 1,761,43
A56707,El Baraka Main Road,768,60
A56708,salamtek nasr Branch 1169,725,64
A56709,Salamtek Nasr Main Road,734,56
A56710,el salamtek nassr Station St.,734,56
A56711,salamtek asr,737,63
A56712,EL Salamtek Nasr (2)660,754,49
A56713,EL Salamtek Nasr Branch 1768,754,49
A56714,Ph/salamtek nasr900,760,58
A56715,Ph/salamtek nasr,761,44
A56716,Ph/Salamtek Nasr 04,761,44
A56717,EL Al Amal Maadi Branch 2,740,56
A56718,el AL AMAL MAADI,740,56
A56719,Ph/A lAmal Maadi,747,55
A56720,El-al amal maadi Branch 1,753,48
A56721,El-al amal maadi 011208,753,48
A56722,al amalmaadi-A,754,50
A56723,AL AMAL MAADI 011,754,50
A56724,AL AMAL MAADI 011,766,62
A56725,el AL AMAL MAADI,766,62
A56726,PY/al amal maadi (2),775,55
A56727,PH Al Amal Maadi Station St.,775,55
A56728,Ph/PHARMA PLUS 04,701,51
A56729,PY/pharma plus 04,716,47
A56730,Ph/Pharma Plus Mall,716,47
A56731,PHRAMA PLUS 6th Zone188,717,45
A56732,PY/Pharma Plus,717,45
A56733,Pharma Plus Main Road,724,57
A56734,El-Pharma Plus,744,66
A56735,Pharma Plus,757,57
A56736,Pharma Plus Station St.812,762,57
A56737,Ph/PHARMA PLUS Station St.,762,57
A56738,El Shifa Square 6th Zone,748,64
A56739,El Shifa Square894,750,53
A56740,PH El Shifa Square-A,750,53
A56741,PY/El Shifa Square 011,753,49
A56742,PH el shia square Mall,753,49
A56743,PY/Al Nozha Nasr 011,705,55
A56744,PY/AL NOZHA NAR Branch 2,705,55
A56745,Al Nozha Nasr 011,713,56
A56746,El-Al Nozha Nasr (2),718,48
A56747,Al Nozha Nasr Station St.,731,57
A56748,PH Al Nozha Nasr Mlal,731,57
A56749,al nozha nasr-A,736,45
A56750,El-AL NOZHA NASR br.2,736,45
A56751,PY/Al Nozha Nasr Mall,767,56
A56752,EL al nozha nasr-A,767,56
A56753,El-Al Nozha Nasr Station St.107,770,70
A56754,Ph/Al Nozha Nsar Branch 2,770,70
A56755,El-EBN SINA NASR Main Road,717,46
A56756,Ph/Ebn Sina Nasr Station St.,745,49
A56757,EL Ebn Sina Nasr 011821,760,59
A56758,Ph/Ebn Sina Nasr Station St.,773,57
A56759,EBN SINA NASR Station St.,773,57
A56760,Angel Nasr949,701,52
A56761,ANGEL NASR 04,701,52
A56762,PH angel nasr Branch 2986,728,52
A56763,PY/ANGEL NASR,728,52
A56764,el angel nasr,735,53
A56765,Angel Nasr 011368,735,53
A56766,Angel Nasr986,738,55
A56767,angel nasr 6th Zone,754,51
A56768,angel nasr-A,754,51
A56769,PY/ANGEL NASR575,766,63
A56770,EL ANGEL NASR Mall,780,56
A56771,Angel Nasr 6th Zone,780,56
A56772,EL omega nasr Branch 1,707,43
A56773,Omega Nasr br.2,715,39
A56774,El-Omega Nasr br.2,715,39
A56775,El-OMEGA NASR684,729,61
A56776,El-Omega Nasr Branch 2,732,59
A56777,Omega Naasr,744,67
A56778,PH Omega Nasr-A,744,67
A56779,Omega Nasr 011,756,56
A56780,El-OMEGA NASR Branch 2,756,56
A56781,PY/omega nasr,760,60
A56782,omega nasr 04,760,60
A56783,PY/OMEGA NASR Branch 2,762,58
A56784,El-OMEGA NASR,762,58
A56785,Merto Obour,703,55
A56786,El-metro obour,703,55
A56787,PH METROO BOUR 011,708,47
A56788,Metro Obour-A,756,57
A56789,el metro obour,762,59
A56790,Metro Obour 04,762,59
A56791,El-metro obour Station St.,775,56
A56792,Metro Obour Mall,775,56
A56793,PH Dr Medhat 011,705,56
A56794,El-Dr Medhat Main Road,705,56
A56795,EL DR MEDHAT,726,76
A56796,el dr medhat Branch 2,726,76
A56797,El-Dr Medhat-A,730,56
A56798,dr medhat 011,730,56
A56799,Dr Medhat br.2633,734,57
A56800,PH DR MEDHAT,734,57
A56801,PY/Dr Medhat-A,741,49
A56802,PH Dr Medhat 04332,754,52
A56803,el DR MEDHAT br.2,754,52
A56804,PY/DR MEDHAT Branch 2,765,54
A56805,Ph/DR MEDHAT 04,765,54
A56806,dr medhat,776,49
A56807,el faraby nasr,701,53
A56808,EL FARABY NASR Station St.671,731,58
A56809,PY/LE FARABY NASR Main Road,739,56
A56810,El Faraby Nasr Branch 2,739,56
A56811,el MIRA DOKKI Station St.,711,44
A56812,EL Mira Dokki,711,44
A56813,PY/Mira Dokki Station St.72,758,40
A56814,El-Mira Dokki,758,40
A56815,EL Mira Dokki145,782,59
A56816,SALAMTEK NASR,704,53
A56817,salamtek nasr 6th Zone,717,47
A56818,Salamtek Nasr,717,47
A56819,Salamtek Nasr-A238,733,50
A56820,SALAMTEK NASR 04,736,46
A56821,salamtek nasr Branch 1,748,65
A56822,PH Salamtek Nasr Branch 2,748,65
A56823,PY/salamtek nasr-A,752,48
A56824,El-Salamtek Nasr Main Road,758,41
A56825,EL Salamtek Nasr Branch 1,781,59
A56826,SUNRISE MONTAZA Branch 199,704,54
A56827,El-Sunrise Montaza Main Road,706,63
A56828,PH SUNRISE MONTAZA Branch 2,706,63
A56829,Ph/SUNRISE MONTAZA 011,727,66
A56830,el Sunrise Montaza 011,746,48
A56831,PH sunrise montaza,746,48
A56832,Sunrise Montaza 011,756,58
A56833,EL Sunrise Montaza Station St.,757,58
A56834,Sunris Montaza 04972,757,58
A56835,SUNRISE MONTAZA br.2,766,64
A56836,sunrise montaza (2),766,64
A56837,PH sunries montaza,769,52
A56838,EL sunrise montaza 6th Zone,769,52
A56839,Better Life Maadi Main Road,704,55
A56840,PH BETTER LIFE MAADI (2),705,57
A56841,EL Better Life Maadi0 4,705,57
A56842,Better Life Maadi Main Road,708,48
A56843,BETTER LIFE MAADI,712,65
A56844,EL Better Life Maadi br.2501,712,65
A56845,BETTER LIFE MAADI Mall,721,48
A56846,Ph/BETTER LIFE MAADI Station St.,736,47
A56847,Better Life Maadi br.2,737,64
A56848,Better Life Maadi,762,60
A56849,Elite Nasr Mall,714,57
A56850,Elite Nasr Branch 2,714,57
A56851,Elite Nsr br.2,739,57
A56852,Elite Nasr,752,49
A56853,Ph/elite nasr,752,49
A56854,El-Elite Nasr Main Road,757,59
A56855,Elite Nasr Mall,757,59
A56856,el Elite Nasr Main Road,767,57
A56857,ELITE NASR 04,767,57
A56858,PH ELITE NASR 6th Zone400,771,48
A56859,Elite Nasr (2),771,48
A56860,Ph/ELITE NASR,772,55
A56861,PH elite nasr Main Road,772,55
A56862,Ph/Green Leaf,705,58
A56863,EL GREEN LEAF,708,49
A56864,EL green leaf (2),708,49
A56865,Ph/GREEN LEAF Branch 2,712,66
A56866,Ph/green leaf Branch 2,719,54
A56867,e Green Leaf,733,51
A56868,Green Leaf Branch 1,733,51
A56869,el Green Leaf 011,747,56
A56870,el Green Leaf Main Road,747,56
A56871,GREEN LEAF br.2,781,60
A56872,seha first nasr-A,706,64
A56873,PH seha first nasr Branch 2,706,64
A56874,EL Seha First Nasr Branch 1898,714,58
A56875,EL Seha First Nasr,714,58
A56876,Seha First Naasr,719,55
A56877,Ph/Seha First Nasr Mall,738,56
A56878,PH Seha First Nasr 04,742,61
A56879,PY/seha firs nasr,742,61
A56880,el SEHA FIRST NASR 011,760,61
A56881,el Seha First Nasr 6th Zone,760,61
A56882,Ph/Silver Care Nasr 011,704,56
A56883,PY/Silver Care Nasr 6thZ one,719,56
A56884,SILVER CARE NASR Branch 1,719,56
A56885,Ph/Silver Caer Nasr (2),731,59
A56886,SILVER CARE NASR Station St.,731,59
A56887,Ph/silver care nasr-A,734,58
A56888,SILVER CARE NASR Mall,734,58
A56889,Silver Care NNasr 011,755,67
A56890,PH Silver Care Nasr (2),755,67
A56891,El-silver care nasr brr.2,781,61
A56892,UNION PHARM NASR481,701,54
A56893,El-Union Pharm Nasr,719,57
A56894,Union Pharm Nasr Branch 2773,721,49
A56895,Union Pharm Nasr 04,721,49
A56896,union pharm nasr,761,45
A56897,UNION PHAM NASR Branch 2,761,45
A56898,PY/UNION PHARM NASR,778,58
A56899,El-Union Phrm Nasr903,778,58
A56900,EL El Faraby Nasr Mall279,731,60
A56901,PH El Faraby Nasr 011265,731,60
A56902,Ph/El Faraby Nsr Branch 2,734,59
A56903,PH el faraby nasr Station St.,734,59
A56904,EL EL FARABY NASR 6th Zone,738,57
A56905,El Faraby Nasr-A,739,58
A56906,El Faraby Nasr Station St.,748,66
A56907,EL El Faraby Nasr (2),770,71
A56908,Ph/el faraby nasr-A,771,49
A56909,PY/Sunrise Smouha Station St.,707,44
A56910,Sunrise Smouha Branch 1,707,44
A56911,Ph/SUNRISE SMOUUHA,710,62
A56912,el sunrise smouha,719,58
A56913,PY/Sunrise Smouha MainRoad,730,57
A56914,EL Sunrise Smouha322,736,48
A56915,El-sunrise smoouha 011,736,48
A56916,PY/Sunrise Smouha Main Road,781,62
A56917,Sunrise Smouh aBranch 2,781,62
A56918,PH El Tourath,710,63
A56919,El Touraath br.2,710,63
A56920,EL El Tourath Branch 2,749,56
A56921,El Tourath (2),764,50
A56922,el EL TOURATH 6th Zone,764,50
A56923,El Tourath,773,58
A56924,El Tourath,773,58
A56925,El-blue wave nassr br.2,711,45
A56926,El-blue wavenasr 6th Zone,712,67
A56927,Ph/Blue Wave Nasr (2),712,67
A56928,BLUE WAVE NASR (2),732,60
A56929,Blue Wave Nasr 04,732,60
A56930,BLUE WAVE NASR br.2,747,57
A56931,PY/Blue Wave Nasr Branch 2,752,50
A56932,Blue Wave Nasr Mall,752,50
A56933,EL Blue Wave Nasr Mall,773,59
A56934,El-Blue Wave Nasr 011,773,59
A56935,Blue Wave Nasr Branch 2,780,57
A56936,EL BlueW ave Nasr,780,57
A56937,El-CITYC ARE,743,37
A56938,CITY ACRE br.2112,743,37
A56939,PY/city acre,751,57
A56940,CITY CARE Station St.,751,57
A56941,City Care Main Road,753,50
A56942,ciy care br.2,753,50
A56943,ELITEE NASR br.2,712,68
A56944,Elite Nasr-A,712,68
A56945,Elite Nasr 6thZ one,733,52
A56946,el Elite Nasr 04,751,58
A56947,Elite Nasr Branch 1,752,51
A56948,El-Elite Nasr 04,752,51
A56949,EL elite nasr 6th Zone,762,61
A56950,el Elite Nasr,766,65
A56951,el ELITE NASR Brach 1,766,65
A56952,Ph/AL AMAL NASR Branch 2140,701,55
A56953,al amal nasr459,701,55
A56954,Al Amal Nasr,715,40
A56955,al amal nasr Branch 2,724,58
A56956,PY/al amal nasr,742,62
A56957,PH sunrise marg Branch 1,702,53
A56958,Ph/Sunrise Marg 011,740,57
A56959,Ph/Sunrise Marg 011622,740,57
A56960,el Sunrise Marg Station St.,746,49
A56961,Sunrise Marg-A,748,67
A56962,PH Al Amal Nasr Branch 1,715,41
A56963,Al Amal Nasr 6th Zone,715,41
A56964,AL AMALL NASR 011,738,58
A56965,al amal nasr 6thh Zone,738,58
A56966,el AL AMAL NASR,739,59
A56967,El-Al Amal Nasr-A,750,54
A56968,al amal nasr728,768,61
A56969,al amal nasr,768,61
A56970,el al amal nars Mall,773,60
A56971,PH Al Amal Nasr Main Road,774,53
A56972,Ph/All Amal Nasr,777,57
A56973,Al Amal Nasr Branch 1,777,57
A56974,BetterL ife Helwan (2),701,56
A56975,PY/BETTER LIFE HELWAN Main Road,701,56
A56976,better life helwan,703,56
A56977,PH Better Lief Helwan,703,56
A56978,Ph/Better Life Helwa nMall,726,77
A56979,EL better life helwan 011,728,53
A56980,Ph/better life helwan-A,728,53
A56981,Better Life Helwan Main Road,769,53
A56982,better life helwan-A,769,53
A56983,El-better life helwan 6th Zone,772,56
A56984,Better Life Hlwan 011,772,56
A56985,Better Life Helwan,777,58
A56986,BETTER LIFE HELWAN,777,58
A56987,PY/better life Main Road327,706,65
A56988,Ph/BETTER LIFE,708,50
A56989,El-Better Life 04,708,50
A56990,PY/BETTER LIFE Branch 1703,716,48
A56991,PY/better life726,716,48
A56992,El-BETTER LIFE Main Road,729,62
A56993,el Better Life,729,62
A56994,el Better Life,773,61
A56995,PHARMA PLUS NASR 011,716,49
A56996,PY/PPHARMA PLUS NASR Station St.,716,49
A56997,PY/Pharma Plus Nasr-A827,730,58
A56998,PY/Pharma Plus Nasr Branch 1,730,58
A56999,Pharma Plus Nasr 04,749,57
A57000,El Faraby Nasr,724,59
A57001,El-el faraby nasr Branch 1,724,59
A57002,El Faraby Nasr (2),730,59
A57003,PY//El Faraby Nasr-A,730,59
A57004,el EL FARABY NASR,756,59
A57005,el faraby nasr,756,59
A57006,EL FARABY NASR 011864,757,60
A57007,Ph/EL FARABY NASR,770,72
A57008,El-Mira Imbaba br.2,741,50
A57009,MIRA IMBBA-A183,741,50
A57010,MIRA IMBABA 011,744,68
A57011,MIRA IMBABA (2),744,68
A57012,Mira Imbaba 6th Zone,772,57
A57013,Ph/mira imbababr.2,772,57
A57014,Ph/helth gate rehab view969,731,61
A57015,health gate rehab view 6th Zone,731,61
A57016,health gate rehabv iew Mall,732,61
A57017,PY/health gate rehab view670,732,61
A57018,EL Health Gate Rehab View (2),743,38
A57019,Nile Care Nasr Mall,705,59
A57020,EL NILE CARE NASR Main Road,705,59
A57021,el NILE CARE NASR (2)175,716,50
A57022,EL Nile Care Nasr 04,716,50
A57023,PY/nile care nasr Station St.,729,63
A57024,nile care nnasr Mall,729,63
A57025,EL nile care nasr Station St.,740,58
A57026,El-nile caren asr-A,740,58
A57027,EL alpha pharma rehab view Branch 1,713,57
A57028,EL Alpha Pharma Rehab View Station St.,713,57
A57029,alpha pharma rehab view 04,715,42
A57030,PH ALPHA PHARMA REHAB VIEW Main Road,728,54
A57031,Alpha Pharma Rehab View Branch 1,772,58
A57032,PH el faraby,721,50
A57033,EL FARABY Branch 2,727,67
A57034,el El Faraby br.2947,743,39
A57035,El Fraaby 011,743,39
A57036,El-EL FARABY,748,68
A57037,PY/EL FARABY Mall,763,61
A57038,EL FARABY Mall,763,61
A57039,Ph/El Faraby,776,50
A57040,PY/Alpha Pharma Nasr,708,51
A57041,PH Alpha Pharma Nasr 04,708,51
A57042,ALPHA PHARMA NASR 6th Zone,720,62
A57043,Ph/Alpha Pharma Nasr (2),720,62
A57044,PH LAPHA PHARMA NASR Mall,741,51
A57045,ALPHA PHARMA NASR Main Road,742,63
A57046,PH Alpha Pharma Nasr,742,63
A57047,alpha pharma nasr Main Road,746,50
A57048,PY/El Baraka 04,709,53
A57049,PH EL BARAKA-A159,716,51
A57050,PH el baraka Station St.,716,51
A57051,PY/El Baraka,753,51
A57052,El-El Baraka 6th Zone125,759,53
A57053,EL BARAKAM all,759,53
A57054,El-al nozha montaza Main Road,701,57
A57055,Al Nozha Montaza Station St.659,701,57
A57056,Ph/AAL NOZHA MONTAZA Mall,757,61
A57057,AL NOZHA MONTAZA Mall,765,55
A57058,Ph/al nozha montaza-A573,765,55
A57059,Ph/SUNRISE MARG,710,64
A57060,Sunrise Marg Station St.,731,62
A57061,PH Sunrise Marg (2),769,54
A57062,el Sunris Marg 011,772,59
A57063,sunrise marg Branch 2,772,59
A57064,Ph/Sunrise Marg Mall,779,57
A57065,sunrise marg,782,60
A57066,Ph/EL HOKAMA NASR br.2,744,69
A57067,PH EL HHOKAMA NASR,746,51
A57068,PY/El Hokama Nasr,753,52
A57069,el Misr Nasr Main Road,727,68
A57070,PY/Misr Nasr,727,68
A57071,el Misr Nasr 04,764,51
A57072,PH misr nasr (2),764,51
A57073,PY/Misr Nasr rb.2482,766,66
A57074,EL Misr Nasr,766,66
A57075,El-Misr Nasr Branch 2,780,58
A57076,el Union Pharm Montaza 04,712,69
A57077,EL Union Pharm Montaza Branch 2,712,69
A57078,el Union Pharm Montaza 04,714,59
A57079,union pharm montaza,714,59
A57080,EL Union Pharm Montaza Station St.470,722,56
A57081,Ph/UNION PHARM MONTAZA 6th Zone,734,60
A57082,El-Union Pharm Montaza Branch 2124,739,60
A57083,EL Union Pharm Montaza Branch 2,739,60
A57084,Union Pharm Montaza Mall631,760,62
A57085,PY/UNION PHARM MONTAZA-A871,760,62
A57086,UNION PHARM MONTAZA Branch 2,761,46
A57087,El-union pharm montaza671,761,46
A57088,EL union pharm montaz aBranch 2,772,60
A57089,PY/SUNRISE NASR,701,58
A57090,PH SUNRISE NASR,721,51
A57091,Sunrise Nasr 0428,721,51
A57092,EL SUNRISE NASR 011,722,57
A57093,el SUNRISE NASRR 6th Zone,759,54
A57094,PY/MISR NASR,756,60
A57095,Ph/misrr nasr br.2,756,60
A57096,PH Misr Nasr Branch 1,764,52
A57097,misr nasr,774,54
A57098,El-EBN SINA NASR Branch 2,741,52
A57099,ebn sina nasr 11,741,52
A57100,El-ebn sina nasr Mai nRoad,749,58
A57101,EBN SINA NASR Mall,768,62
A57102,EL EBN SINA NASR 04,778,59
A57103,El-ebn sina nasr 04,778,59
A57104,star care square 011,705,60
A57105,STAR CARE SQUARE Branch 1,705,60
A57106,Star Care Square Mall,708,52
A57107,El-star care square,708,52
A57108,PY/Star Care Square (2)139,713,58
A57109,Ph/Star Care Square 04,728,55
A57110,EL STAR CARE SQUARE-A859,728,55
A57111,PH star care square (2),740,59
A57112,PY/STAR CARE SQUARE Branch 2,740,59
A57113,PY/Star Care Square Station St.,754,53
A57114,El-Star Care Square 04,774,55
A57115,STAR CARE SQUARE Station St.,774,55
A57116,PH better life nasr-A,704,57
A57117,PH better life nasr Station St.,704,57
A57118,EL BETTER LIFE NASR StationS t.,719,59
A57119,BETTER LFE NASR,719,59
A57120,El-Better Life Nasr br.2,720,63
A57121,El-better life nasr,720,63
A57122,better life nasr Branch 1,760,63
A57123,PH Salamtek Nasr 6th Zone721,757,62
A57124,PY/Salammtek Nasr Main Road,757,62
A57125,Salamtek Nasr,768,63
A57126,El-Salamtek Nasr,776,51
A57127,Salamtek Nasr Main Road,776,51
A57128,HOPE ZAYED Station t.,709,54
A57129,EL Hope Zayed,717,48
A57130,PH hope zayed (2),738,59
A57131,PY/HOPE ZAYED Branch 1,756,61
A57132,el hope zayyed,758,42
A57133,hope zayed Branch 2,758,42
A57134,el HOPE ZAYED-A,768,64
A57135,PH hope zayed Station St.,768,64
A57136,PH HOPE ZAYED br.2,782,61
A57137,HOPE ZAYED Station St.,782,61
A57138,PHARMA PLUS OCT CITY-A330,710,65
A57139,el PHARMA PLUS OCT CITY (2),737,65
A57140,pharma plus oct city,745,50
A57141,PHARMA PLUSO CT CITY,745,50
A57142,el Pharma Plus Oct City,749,59
A57143,pharma plus oct city Mall,758,43
A57144,PH OMEGA Mall557,754,54
A57145,Omega 011,756,62
A57146,El-omega Station St.427,765,56
A57147,OMEGA 04,770,73
A57148,Omega-A,770,73
A57149,EL Golde nCare Montaza600,716,52
A57150,Ph/GOLDEN CARE MONTAZA,720,64
A57151,GOLDEN CARE MONTAZA,720,64
A57152,golden care montaza 04623,729,64
A57153,golden acre montaza,753,53
A57154,PH Golden Care Mntaza,757,63
A57155,el Golden Care Montaza (2),757,63
A57156,Golden Care Montaza,764,53
A57157,golden care montaza Branch 2,764,53
A57158,Elite 011,718,49
A57159,PH Elite Mall,732,62
A57160,El-eilte Mall,751,59
A57161,PY/Elite Station St.,751,59
A57162,elite 04,780,59
A57163,PY/seha first br.2,707,45
A57164,PY/Seha First,713,59
A57165,PY/seha first678,716,53
A57166,Seha First756,741,53
A57167,EL Seha First Branch 2,774,56
A57168,Ph/El Hokama Shubra,713,60
A57169,Ph/EL HOKAMA SHUBRA 04,713,60
A57170,El Hokama Shubra,722,58
A57171,PH e lhokama shubra br.2,722,58
A57172,EL HOKAMA SHUBRA 2(),753,54
A57173,Ph/El Hokama Shuubra-A,753,54
A57174,Ph/El Hokama Shubra 04,757,64
A57175,Ph/El Hokama Shubra Station St.,766,67
A57176,El Hokama Shubra,766,67
A57177,EL HOKAMA SHUBR A(2)620,782,62
A57178,city care faisal br.2,713,61
A57179,CITY CARE FAISAL Branch 1,731,63
A57180,Ph/City Care Faisal Main Road,780,60
A57181,EL omega nasr-A,701,59
A57182,PHOmega Nasr Station St.,702,54
A57183,P/omega nasr,715,43
A57184,El-Omega Nas r(2),732,63
A57185,omega nasr 6th Zne,732,63
A57186,Omega Nasr 04,747,58
A57187,El-omega nasr Station St.,747,58
A57188,PY/Omega Nasr Branch 2,748,69
A57189,PY/Omega Nasr 04,748,69
A57190,Ph/OMEGA NASR 6th Zone506,768,65
A57191,Ph/Omega Nasr Main Road,768,65
A57192,Star Care Square 04,705,61
A57193,Star Care Square Main Road,705,61
A57194,PY/Star Care SSquare Main Road,723,52
A57195,PH star care square 6th Zone,740,60
A57196,PY/AL NOZHA Branch 2,701,60
A57197,al nozha Main Road,701,60
A57198,Al Nozha Branch 1,703,57
A57199,EL AL NOZHA 011,703,57
A57200,el AL NOZHA,730,60
A57201,PY/Al Nozha br.2,730,60
A57202,AL NOZHA 04,754,55
A57203,al nozha Branch 2,754,55
A57204,al nozha 6th Zone,763,62
A57205,star care,707,46
A57206,PY/STAR CARE,716,54
A57207,PY/star care Main Road,716,54
A57208,PY/star care,723,53
A57209,PH STTAR CARE Branch 2,723,53
A57210,Sar Care Main Road,746,52
A57211,PH star care Mall480,754,56
A57212,Star Care,754,56
A57213,El-Star Care-A,756,63
A57214,el Star Care-A,756,63
A57215,EL Star Care Branch 1,782,63
A57216,el Star Care Station St.,782,63
A57217,Metro Nasr 011,705,62
A57218,Ph/Metro Nasr Main Road,705,62
A57219,PY/METRO NASR-A,707,47
A57220,el metro nasr Branch 2,707,47
A57221,PY/METRO NASR Mall,725,65
A57222,metronasr,725,65
A57223,Metro Nasr Main Road,729,65
A57224,metro nasr Mall544,729,65
A57225,el METRO NASR Branch 2383,733,53
A57226,El-Metro Nasr Branch 1,733,53
A57227,Metro Nasr Station t.,741,54
A57228,PH metro nasr-A,741,54
A57229,PY/Metro Nasr aMll,750,55
A57230,PY/Metro Nasr805,755,68
A57231,Metro Nasr Mall,755,68
A57232,PH EL BARAKA OBOUR 04,712,70
A57233,el El Baraka Obour,712,70
A57234,El Baraka Obour Station St.,723,54
A57235,El Baraka Obour br.2,731,64
A57236,el baraka obour 011,749,60
A57237,EL BARAKA OBOUR Mall,749,60
A57238,El-el baraka obour Main Road199,771,50
A57239,EL el baraka obour Branch 2,771,50
A57240,El-El Baraka Obour Main Road55,773,62
A57241,el baraka obour Mall,773,62
A57242,PH El Baraka Obour-A,778,60
A57243,Ph/EL BARAKA OBOUR Branch 2,778,60
A57244,PH El Baraka 04,741,55
A57245,el baraaka Branch 2159,747,59
A57246,el baraka 04,772,61
A57247,El-El Baraka427,772,61
A57248,DR MEDHAT-A,708,53
A57249,PH Dr Medhat 6th Zone,708,53
A57250,Dr Medhat Mall,740,61
A57251,Ph/Dr Medhat (2),768,66
A57252,dr medhat Station St.,768,66
A57253,El-Elite Maadi (2),700,59
A57254,El-elite maadi,700,59
A57255,EL Elite Maadi 04,705,63
A57256,EL Elite Maadi Branch 2457,726,78
A57257,PY/elite maadi Main Road,755,69
A57258,PY/Elite Maadi 6th Zone,755,69
A57259,Ph/elite maadi 04,763,63
A57260,el Life Line Faisal Station St.,735,54
A57261,PY/LIFE LINE FAISAL Branch 1,738,60
A57262,PH Life Line Faisal Station St.,758,44
A57263,PH LIFE LINE FAISAL (2),770,74
A57264,EL LIFE LINE FAISAL-A,770,74
A57265,Ph/health gate nasr,741,56
A57266,PH health gate nasr-A,741,56
A57267,PY/health gate nasr Branch 1890,763,64
A57268,Ph/Healtth Gate Nasr Branch 1,773,63
A57269,El-health gate nasr 011,773,63
A57270,Ph/El Nasr Nasr Branch 2,719,60
A57271,EL El Nasr Nasr 6th Zone,721,52
A57272,El Nasr Nasr Main Road,721,52
A57273,Ph/el nasr nasr-A,753,55
A57274,el EL NASR NASR Mall,772,62
A57275,el Nile Care Banha,700,60
A57276,nile care banha Branch 2,701,61
A57277,PY/Nile Care Banha 04,701,61
A57278,nile care banha,735,55
A57279,el Nile Care Banha501,735,55
A57280,PH nile care banha br.2,751,60
A57281,Nile Car Banha br.2,756,64
A57282,nile care banha Main Road,756,64
A57283,nile care banha,769,55
A57284,Nile Care Banha Branch 2,773,64
A57285,el NILE ARE BANHA-A,773,64
A57286,PY/salamtek br.2,703,58
A57287,El-salamtek Branch 2,742,64
A57288,SALAMTEK-A,764,54
A57289,EL MISR HARAM (2)732,754,57
A57290,misr haram,754,57
A57291,EL MISR HARAM-A,759,55
A57292,Misr Haam 04887,764,55
A57293,Ph/Misr Haram-A,773,65
A57294,PYY/Misr Haram 011,773,65
A57295,PH LIFE LINE Mall,706,66
A57296,El-life line (2),743,40
A57297,EL Life Line Main Road,743,40
A57298,el life line484,750,56
A57299,Ph/life line 011416,750,56
A57300,Life ine br.2636,761,47
A57301,PH life line Main Road,764,56
A57302,EL Life Line 6th oZne,764,56
A57303,PH Life Line Branch 2,765,57
A57304,Life Line Branch 2,765,57
A57305,Ph/Life Line Branch 2955,774,57
A57306,life line Mall390,774,57
A57307,Ph/El Tourath Maadi,728,56
A57308,PH El Tourath Maadi Branch 1,728,56
A57309,El-El Tourath Maadi 04473,756,65
A57310,el El Tourath Maadi,764,57
A57311,el tourath maadi-A,764,57
A57312,EL El Touath Maadi Mall,767,58
A57313,El Tourath Maadi Main Road,782,64
A57314,El-El Hokama,701,62
A57315,El-EL HOKAMA Branch 1,725,66
A57316,EL El Hokama Station St.,725,66
A57317,EL El Hokama Main Road,726,79
A57318,El Hokaama,731,65
A57319,El Hokama,760,64
A57320,ELHOKAMA-A,781,63
A57321,PY/CITY CARE Mall,710,66
A57322,City Care-A,727,69
A57323,City Care Branch 2,727,69
A57324,el City Care Branc 1,756,66
A57325,El-mira,720,65
A57326,el MIRA,758,45
A57327,el MIRA,764,58
A57328,PY/Mira 6th Zone,778,61
A57329,Ph/metro,707,48
A57330,PY/Metro-A279,707,48
A57331,EL Metro br.2,721,53
A57332,Ph/metro Main Road,721,53
A57333,Mettro Mall,730,61
A57334,El-Metro Station St.,741,57
A57335,PY/metro 011,748,70
A57336,Metro 011,748,70
A57337,El-green leaf faisal (2),712,71
A57338,PY/GREEN LEAF FAISAL Branch 2,712,71
A57339,green leaf fisal326,727,70
A57340,PH Green Leaf Faisal,737,66
A57341,PY/Green Leaf Faisal 04,738,61
A57342,el Green Leaf Faisal Main Road,738,61
A57343,Green Laef Faisal 01181,740,62
A57344,GREEN LEAF FAISAL,747,60
A57345,PH Green Leaf Faisal 04,762,62
A57346,el Green Leaf Faisal,762,62
A57347,EL Green Leaf Faisal Mall,774,58
A57348,PH NILE CARE FAISAL 04,721,54
A57349,nile care faisal br.2,721,54
A57350,PH Nile Care FFaisal,723,55
A57351,NILE CARE FAISAL 011,723,55
A57352,El-Nile Care Faisal 04361,743,41
A57353,el NILE CARE FAISAL Branch 1,743,41
A57354,EL nile care faisal Main Road,782,65
A57355,El-nile care faisal Main Road191,782,65
A57356,El-Family Faisal 6th Zone,709,55
A57357,Ph/ffamily faisal,709,55
A57358,Ph/FAMILYF AISAL 011,721,55
A57359,Ph/Family Faisal 6th Zone,741,58
A57360,el Faamily Faisal Main Road,741,58
A57361,EL family faisal Branch 2,747,61
A57362,Family Faisal 04,762,63
A57363,EL El Naasr Mall,715,44
A57364,el nasr 04,725,67
A57365,El Nasr-A446,725,67
A57366,El Nasr Main Road,738,62
A57367,PHE l Nasr,738,62
A57368,PY/el nasr Branch 2,739,61
A57369,El asr 011,756,67
A57370,ELel nasr-A,764,59
A57371,El-El Nasr 6th Zone921,764,59
A57372,El Nasr Mall,769,56
A57373,El-care 24 seven square Station St.,722,59
A57374,el care 24 seven square Branch 1,722,59
A57375,care 24 seven square 011,734,61
A57376,El-care 24 seven square 04,734,61
A57377,PH care 24 seven square 04,739,62
A57378,CARE 24 SEVEN SQUARE,741,59
A57379,Care 24 Seven Square,751,61
A57380,El-Care 24 Seven Square Station St.,751,61
A57381,PH care 24 seven square 04,768,67
A57382,care 24 seven square Station St.,768,67
A57383,care 24 seven square Main Road,775,57
A57384,PH el zahraa Brannch 1977,706,67
A57385,Ph/El Zahraa Mall,714,60
A57386,El-EL ZAHRAA Branch 2,714,60
A57387,PY/El Zahraa br.2,722,60
A57388,El Zahraa,729,66
A57389,PH EL ZAHRAA,729,66
A57390,el zahraa Branch 1,758,46
A57391,Ph/El Zahraa Branch 2,758,46
A57392,el Al Amal Branch 1,703,59
A57393,PYAl Amal-A,703,59
A57394,EL Al Amal,729,67
A57395,Al Amal Station St.,729,67
A57396,EL Al Amal Mall,743,42
A57397,Ph/al mal,746,53
A57398,EL ala mal-A,754,58
A57399,Ph/Al Amal930,755,70
A57400,PH Al Amal Mall,755,70
A57401,el Al Amal Mall,756,68
A57402,PH AL AMAL-A,756,68
A57403,PH AL AMAL 6th ZZone,768,68
A57404,PY/al amal Main Road,768,68
A57405,Ph/mira maadi Branch 2,707,49
A57406,el Miira Maadi 6th Zone,713,62
A57407,mira maadi Branch 1,758,47
A57408,EL ZAHRAA FAISAL Branch 2,705,64
A57409,El-El Zahraa Faisal Branch 2,748,71
A57410,EL ZAHRAA FAISAL Station St.,748,71
A57411,Ph/El Zahraa Faisal 011,757,65
A57412,El Zahraa Faisal,764,60
A57413,EL elzahraa faisal Branch 1,776,52
A57414,Golden Care Fasial785,711,46
A57415,GOLDEN CARE FAISAL Branch 1,723,56
A57416,PH GOLDEN CARE FAISAL br.2,723,56
A57417,Ph/Golden Care Faisal Station St.,736,49
A57418,PY/Golden Care Faisaal 011,740,63
A57419,El-golden care faisal,740,63
A57420,El-Golden Care Faisal Branch 1,757,66
A57421,golden care faisal247,759,56
A57422,el GOLDEN CARE FAISAL Branch 2,763,65
A57423,Hope (2),712,72
A57424,ElH-OPE 011,755,71
A57425,PY/HOPE932,755,71
A57426,Ph/HOPE-A,766,68
A57427,hope Branch 1,766,68
A57428,PY/Hope,782,66
A57429,e EL ZAHRAA HELWAN Branch 1,704,58
A57430,El-el zahraa helwan Main Road,704,58
A57431,EL ZAHRAA HELWAN,731,66
A57432,PH EL ZAHHRAA HELWAN Station St.191,738,63
A57433,El-EL ZAHRAA HELWAN (2),738,63
A57434,Ph/el zahraa helwan Station St.138,758,48
A57435,PH green leaf Branch 1,726,80
A57436,PH Green Leaf 6th Zone,743,43
A57437,GREEN LEAF Main Road,760,65
A57438,PH GREEN LEAF Station St.,764,61
A57439,green leaf,774,59
A57440,el golden care760,719,61
A57441,el golden care 011,721,56
A57442,el GOLDEN CARE Main Road,721,56
A57443,el GOLLDEN CARE,728,57
A57444,el GOLDEN CARE,732,64
A57445,El-Golden Care 6th Zone,738,64
A57446,Golden Care-A348,746,54
A57447,golden care Main Road,746,54
A57448,GOLDEN CARE,779,58
A57449,el SUNRISE FAISAL (2),708,54
A57450,sunrise faisa 04,708,54
A57451,el Sunrise Faisal Main Raod,712,73
A57452,Sunrise Fasal Branch 1,736,50
A57453,sunrise faisal 04197,739,63
A57454,El-Sunrise Faisal 6th Zone,742,65
A57455,Sunrise Faisal 011,742,65
A57456,Sunrisse Faisal Mall,746,55
A57457,EL Sunrise Faissal (2),747,62
A57458,EL SUNRISE FAISAL 011,747,62
A57459,PH SUNRISE FAISAL,754,59
A57460,PY/sunrise faisal (2),754,59
A57461,Salamtek Faisal (2),736,51
A57462,PH Salamtek Faisal 04,736,51
A57463,PY/salamtek faisal Main Road,757,67
A57464,EL Salamtek Faisal (2)706,757,67
A57465,el Salamtek Faisal,759,57
A57466,EL angel faisal Branch 1,710,67
A57467,Angel Faisal649,751,62
A57468,PY/angel faisal 011,751,62
A57469,EL angel faisal 6th Zone,752,52
A57470,EL Angel Faisal,778,62
A57471,PY/FAMILY FISAL (2),702,55
A57472,PY/Family Faisa-A,714,61
A57473,FAMILY AISAL Branch 1,733,54
A57474,Family Faisal273,733,54
A57475,metro zayed Mall567,704,59
A57476,el Metro Zayed Main Road,704,59
A57477,PHH metro zayed,733,55
A57478,PYM/etro Zayed-A,754,60
A57479,Metro Zayed Mall,754,60
A57480,METRO ZAYED,757,68
A57481,EL METRO ZAYED 011,761,48
A57482,EL Metro Zaye d04,761,48
A57483,PY/EL BARAKA SQUARE Main Road613,709,56
A57484,PY/El Baraka Square 011,711,47
A57485,El Baraka Square-A,713,63
A57486,el barak square,713,63
A57487,PY/el baraka square 04,721,57
A57488,PH EL BARAKA SQUARE Main Road483,727,71
A57489,Ph/El Baraka Square,741,60
A57490,el el baraka square 04,746,56
A57491,El Baraka Square30,746,56
A57492,EL BARAKA SQUARE Branch 1,777,59
A57493,el EL BARAKA SQUARE Branch 2183,777,59
A57494,EL Pharma Plus Maadi,707,50
A57495,PH pharma plus maadi (2),707,50
A57496,PHARMA PLUS MAADI Branch 2,723,57
A57497,el Pharma Plus Maadi 04,723,57
A57498,El-PHARMA PLUS MAADI Station St.,731,67
A57499,el Pharma Plus Maadi-A,731,67
A57500,EL Pharma Plus Maadi Mall,754,61
A57501,Ph/Pharma Plus Maadi Main Road,762,64
A57502,Pharma Plus Maadi 011,764,62
A57503,El-pharma plus maadi,772,63
A57504,PY/alpha pharma faisal,702,56
A57505,PH Alpha Pharma Faisal (2),712,74
A57506,el ALPHA PHARMA FAISAL (2),713,64
A57507,Alpha Pharma Faisal,730,62
A57508,PY/Alpha Pharma Faisal-A,730,62
A57509,EL ALPHA PHARMA FAISAL,751,63
A57510,PH ALPHA PHARMA FAISAL,752,53
A57511,El-Alpha Pharma Faisal,752,53
A57512,PY/Alpha Pharma Faisal,763,66
A57513,PY/Alpha Phharma Faisal,765,58
A57514,ElA-lpha Pharma Faisal Branch 2,765,58
A57515,MIRA,717,49
A57516,el Mira,717,49
A57517,mira,756,69
A57518,EL MIRA (2)820,765,59
A57519,PH mira137,777,60
A57520,PY/Hope Obour,713,65
A57521,Hope Obour,713,65
A57522,PH Hope Oboour,736,52
A57523,El-Hope Obour-A,764,63
A57524,El-HOPE OBOUR,772,64
A57525,Better Life Maadi Branch 1,713,66
A57526,el Better Lif eMaadi Mall,713,66
A57527,PH Better Life Maadi 04,721,58
A57528,El-Better Life Maadi 011,729,68
A57529,PH Better Life Maadi 6th Zone,729,68
A57530,PY/better life maadi Station St.,732,65
A57531,Ph/Better Life Maadi br.2,744,70
A57532,better life maadi br.2,745,51
A57533,el better ilfe maadi 04,745,51
A57534,Ph/Better Life Maadi Main Road,778,63
A57535,BETTER LIFE MAADI,778,63
A57536,PY/el baraka rehab view,734,62
A57537,EL BARAKA REHAB VIEW-A,749,61
A57538,El-el baraka rehb view 011,749,61
A57539,el El Baraka Rehab View-A,770,75
A57540,Health Gate 011,721,59
A57541,PY/HEALTH GTE 04,721,59
A57542,PH Health Gate 011,732,66
A57543,Health Gate 011,735,56
A57544,PH Health Gate Main Road,735,56
A57545,El-HEALTH GATE,745,52
A57546,Health Gate (2),775,58
A57547,PH health gate 011,775,58
A57548,HEALTH GATE,782,67
A57549,HEALTH GATE br.2398,782,67
A57550,Gollden Care,733,56
A57551,el GOLDEN CARE,766,69
A57552,el Golden Care 6th Zone,766,69
A57553,el Golden Care899,778,64
A57554,PH Mira Agami 011,711,48
A57555,El-Mira Agami-A,715,45
A57556,el Mira Agami Mainn Road,725,68
A57557,PH MIRA AGAMI,735,57
A57558,Ph/Mira Agami Branch 2,735,57
A57559,Ph/Mira Agami,750,57
A57560,EL Silver Care Main Road,702,57
A57561,Ph/silver care,702,57
A57562,EL sliver care-A204,715,46
A57563,el Silver Care 011,715,46
A57564,silver care Branch 1,721,60
A57565,SILVER CARE br.2,754,62
A57566,Ph/Silver Care Branch 2,754,62
A57567,el silver care Station St.827,775,59
A57568,PY/Silver Car br.2964,775,59
A57569,el silver care Main Road,777,61
A57570,PH Silver Care Branch 2,777,61
A57571,Life Line Faisal (2),708,55
A57572,EL LIFE LINE FAISAL br.2,708,55
A57573,Ph/life line faisal 011,713,67
A57574,Life Line Faisal Main Road,713,67
A57575,Ph/Life Line Faisal rb.2,742,66
A57576,Life Line Faisal Branch 1,742,66
A57577,EL Life Line Faisal Branch 2,755,72
A57578,life line faisal Main Road607,759,58
A57579,PY/life line faisal Branch 1486,759,58
A57580,el Life Line Faisal 04,767,59
A57581,PY/LIFE LINE AFISAL (2),775,60
A57582,EL Life Line Faisal br.2,775,60
A57583,EL el faraby oct city,731,68
A57584,EL FARABY OCT CITY (2),731,68
A57585,El Faraby Oct City 011,750,58
A57586,El Faraby Oct City 011,750,58
A57587,el faraby oct icty,767,60
A57588,El-El Faraby Oct City br.2,767,60
A57589,PH mira faisal,714,62
A57590,mira faisal Main Road,714,62
A57591,Mira Fasial br.2,727,72
A57592,Mira Fiasal 04,738,65
A57593,PH Mira Faisal Branch 1,745,53
A57594,Mira Faisal Main Road,745,53
A57595,El--Mira Faisal,752,54
A57596,Miar Faisal Branch 1748,754,63
A57597,MIRA FAISAL 6th Zone,759,59
A57598,El-Mira Faisal (2),775,61
A57599,el Mira Faisal,775,61
A57600,EL BARAKA Branch 136,733,57
A57601,el EL BARAKA,733,57
A57602,el El Baraka (2),734,63
A57603,EL BARAKA br.2,734,63
A57604,El-EL BARAKA Branch 2,737,67
A57605,el El Baraka Mall,737,67
A57606,El Baraka br.2,771,51
A57607,EL BARAKA br.2,773,66
A57608,el el baraka Main Road,781,64
A57609,PH EL BARAKA,781,64
A57610,El-El Baraka Main Rad,782,68
A57611,PY/El Baraka,782,68
A57612,Family Main Road,703,60
A57613,FAMILY rb.2,703,60
A57614,PY/Family838,709,57
A57615,Ph/Family Mall,709,57
A57616,Family Station St.,722,61
A57617,el family Main Road,722,61
A57618,EL Family-A,743,44
A57619,El-family Main Road,743,44
A57620,Family 6th Zone,747,63
A57621,EL FAMILY Main Road,747,63
A57622,El-FAMILY 6th Zone,763,67
A57623,PH FAMILY Mlal,763,67
A57624,PY/Family544,770,76
A57625,Family Mall,770,76
A57626,PH Al Amal Haram Main Road,703,61
A57627,EL AL AMAL HARAM,737,68
A57628,Al Amal Haram 011291,737,68
A57629,EL Al Amal Haram Mall,767,61
A57630,Ph/phaarma plus Main Road750,723,58
A57631,EL Pharma Plus Main Road,733,58
A57632,Pharma Plus Main Road,733,58
A57633,PHARMA PLUS Mall,734,64
A57634,Pharma Plus 04208,739,64
A57635,PY/pharma plus-A,744,71
A57636,EL PHARMA PLUS Main Road,744,71
A57637,pharma plus Branch 2,753,56
A57638,Pharma Plus452,755,73
A57639,El-pharma pplus,769,57
A57640,EL pharma plus,769,57
A57641,el Seha First Aami 04,718,50
A57642,EL Seha First Agami Station St.,718,50
A57643,PH Seha First Agami Branch 2,735,58
A57644,PY/Seha First Agami br.2,744,72
A57645,Ph/SEHA FIRST AGAMI Branch 2,753,57
A57646,seha first agami Branch 2,778,65
A57647,STAR CARE IMBABA,717,50
A57648,star care imbaba,726,81
A57649,Ph/STAR CARE IMBABA Branch 1135,726,81
A57650,STAR CRE IMBABA,741,61
A57651,Star Crae Imbaba,741,61
A57652,EL Stra Care Imbaba,743,45
A57653,P/YSTAR CARE IMBABA929,752,55
A57654,Ph/Star Care Imbaba Mall,752,55
A57655,StarC are Imbaba 011,781,65
A57656,Ph/sttar care imbaba 6th Zone,781,65
A57657,EL sunrise faisal,711,49
A57658,Ph/Sunrise Faaisal,721,61
A57659,PH SUNRISE FAISAL,721,61
A57660,el Sunrise Faisal,731,69
A57661,Sunrise Faisal 04,734,65
A57662,SUNRISE FAIISAL 04,746,57
A57663,SUNRISE FAISAL (2),750,59
A57664,PH sunrise faisal,750,59
A57665,EL sunrise faisal Branch 2,763,68
A57666,Sunrise Faisal 011,769,58
A57667,SILVER CARE HELWAN (2),702,58
A57668,Ph/SILVVER CARE HELWAN 04,703,62
A57669,PY/SILVER CARE HELWAN 011,727,73
A57670,PY/Silver Care Helwan 011,737,69
A57671,Silver Care Helwan970,737,69
A57672,Silver Care Helwa Main Road,739,65
A57673,SILVE RCARE HELWAN,771,52
A57674,EL Silver Care Helwan br.288,779,59
A57675,EL metro-A,705,65
A57676,EL METRO Station St.,714,63
A57677,PY/Metro,714,63
A57678,el metro 011,725,69
A57679,PH Metro-A969,731,70
A57680,METRO Branch 1,742,67
A57681,Metro Mall,742,67
A57682,Ph/METRO br.2,743,46
A57683,Ph/Metro 6th Zone,768,69
A57684,El-METRO Branch 1,780,61
A57685,PH Metro 04,780,61
A57686,PH Ebn Sina Haram,756,70
A57687,El-EbnSina Haram,756,70
A57688,PY/EBN SINA HARAM-A,767,62
A57689,EL EBN SINA HARAM585,767,62
A57690,El-Ebn Sina Haram Branch 2,777,62
A57691,Ebn Sina Haram Branch 2,777,62
A57692,El-dr medhat faisal Branch 2,708,56
A57693,DR MEDHAT FASIAL Mall,715,47
A57694,PH Dr Medhat Faisal Main Road,726,82
A57695,Ebn Sina Faisal Station St.,708,57
A57696,PY/Ebn Sina Faisal Branch 1,721,62
A57697,el Ebn Sina Faisal Main Road,721,62
A57698,PH ebn sina faisal Branch 1,727,74
A57699,ebn sina faisal Main Road,730,63
A57700,PY/ebn sina faisal Station St.,730,63
A57701,PY/EBN SINA FAISAL (2),744,73
A57702,EL Ebn Sina Faisal492,744,73
A57703,PY/EBN SINA FAISAL Mall,752,56
A57704,EL EL FARABY FAISAL Branch 1808,703,63
A57705,PH EL FARABY FAISAL Branch 2,703,63
A57706,PH El Faraby Faisal 04,760,66
A57707,El Faraby Faisal (2),760,66
A57708,PH El Faraby Faisal Branh 1,763,69
A57709,El-el faraby faisal Branch 1,763,69
A57710,El Faraby Faisal Main Road,766,70
A57711,PH MISR IMBAABA 011,702,59
A57712,el MISR IMBABA Branch 1,717,51
A57713,EL Misr Imbaba Branch 2,733,59
A57714,PH misr imbaba Branch 1,756,71
A57715,MISR IMBABA-A,769,59
A57716,Misr Imbaba 011,769,59
A57717,el life line faiasl Main Road,716,55
A57718,PH LIFE LINE FAISAL (2),716,55
A57719,Life Line Faisal 04,725,70
A57720,Ph/Life Line Fasial,726,83
A57721,LIFE LINE FAISAL Mall,726,83
A57722,life line faisal,727,75
A57723,Ph/Life Line Faisal Station St.,727,75
A57724,Ph/Lif Line Faisal (2),732,67
A57725,Life Line Faisal Branch 2,743,47
A57726,EL LIFE LINE FAISAL-A,780,62
A57727,Sunrise Mll,701,63
A57728,EL sunrise Mall938,714,64
A57729,Sunrise 011,720,66
A57730,el sunrise 04,756,72
A57731,Ph/Sunrise Branch 2,768,70
A57732,Sunrise 6th Zone,768,70
A57733,PH surise (2),775,62
A57734,EL Sunrise,778,66
A57735,sunrise (2),778,66
A57736,El-El Nsr (2),726,84
A57737,EL El Nasr,734,66
A57738,El-el nasr 011,746,58
A57739,El Nasr179,749,62
A57740,el nasr-A,749,62
A57741,El Nasr Station St.974,756,73
A57742,El Nasr br.2,756,73
A57743,PY/El Nasr921,772,65
A57744,PY/dr medhat faisal,748,72
A57745,PH Dr Medhat Fasal-A,748,72
A57746,dr medhat faisal 04,761,49
A57747,Ph/Dr Medhat Faisal 011875,782,69
A57748,El-DR MEDHAT FAISAL Branch 2,782,69
A57749,EL el hokama smouha Branch 2,717,52
A57750,El Hokama Smouha (2),717,52
A57751,el hokama smouha,741,62
A57752,El-El Hokama Smouha Branch 1,755,74
A57753,El-El Hokama Smouha,755,74
A57754,PH El Hokama Smouha 04797,767,63
A57755,PY/El Hokama Smouha br.2,767,63
A57756,Omega 6th Zone,705,66
A57757,el Omega160,705,66
A57758,PY/Omeg (2),716,56
A57759,El-OMEEGA 6th Zone,716,56
A57760,Ph/OMEGA (2),720,67
A57761,Omega 6th Zone,733,60
A57762,omega Station St.,737,70
A57763,OMEGA,743,48
A57764,Ph/Omega,743,48
A57765,Ph/Omega Station St.,759,60
A57766,El-omega 04,759,60
A57767,omega,778,67
A57768,El-Omega Branch 2,778,67
A57769,El Hokama Banha Branch 163,700,61
A57770,el hokama banha 04665,714,65
A57771,el hokama banha 04454,724,60
A57772,El-El Hokama Banha,724,60
A57773,PY/el hokama banha br.2,777,63
A57774,PH El Hokama Banha,777,63
A57775,EL SEHA FIRST 6th Zone122,709,58
A57776,Seha First 6th Zone,718,51
A57777,PY/Seha First 6th Zone311,721,63
A57778,el Seha First 04,721,63
A57779,e SEHA FIRST (2),726,85
A57780,Seha First-A,737,71
A57781,el Seha First Branch 1,756,74
A57782,El-SEHA FIRST 04,759,61
A57783,el Seha First Mall,759,61
A57784,PH SEHA FIRST Braanch 1,780,63
A57785,PY/Seha First (2)637,780,63
A57786,al nozha faisal Branch 1,712,75
A57787,el al nozha faisal br.241,712,75
A57788,el AL NOZHA FAISAL 6th Zone,716,57
A57789,PY/al nozzha faisal Station St.,716,57
A57790,Al Nozha Faisal,718,52
A57791,AL NOZHA FAISAL Branch 2,736,53
A57792,el Al Nozha Faisal,739,66
A57793,PY/Al Nozha Faisal Main Road,739,66
A57794,Ph/AL NOZHA FAISAL011,763,70
A57795,El-al nozha faisaal-A,766,71
A57796,Ph/A LNOZHA FAISAL-A,766,71
A57797,Al Nozha Faisal Station St.,776,53
A57798,El-Al Nozha Faisal Branch 2,776,53
A57799,ANGEL FAISSAL 6th Zone,705,67
A57800,angel faisal Branch 1,710,68
A57801,el agnel faisal,726,86
A57802,El-Angel Faisal,726,86
A57803,Ph/Angel Faisal 011,727,76
A57804,Angel Faisal,727,76
A57805,Ph/Angel Faisal-A,756,75
A57806,Ph/Angel Fiasal Main Road,756,75
A57807,El-Angel Faisal,759,62
A57808,El-Angel Faisaal-A,766,72
A57809,Ela-ngel faisal Branch 2,777,64
A57810,Pharma Plus Zayed 011,716,58
A57811,Pharma Plus Zayed Station St.,729,69
A57812,PY/pharma plus zayed 6th Zone,729,69
A57813,Pharma Plus Zayed 011380,732,68
A57814,Ph/pharma plus zayed br.2769,732,68
A57815,Phh/Pharma Plus Zayed 6th Zone,743,49
A57816,PY/pharma plus zayedd-A,753,58
A57817,PY/Pharma Plus Zayed Mall155,753,58
A57818,pharma plus zayed 011,770,77
A57819,PY/pharma plus zayed Mall,770,77
A57820,Pharma Plus Zayed Mall,778,68
A57821,PHARMA PLUS ZAYED 04,782,70
A57822,Ph//Health Gate br.2,703,64
A57823,health gate br.2,718,53
A57824,EL HEALTH GATE 011,726,87
A57825,El-health gate,726,87
A57826,el Health Gate 04,728,58
A57827,el Health Gate,728,58
A57828,Health Gate,736,54
A57829,el HEALTH GATE 0474,738,66
A57830,Health Gate 04404,738,66
A57831,HEALTH GATE 6th Zone774,762,65
A57832,health gate 6ht Zone,763,71
A57833,El-EL ZAHRAA DOKKI br.2,703,65
A57834,el El Zahraa Dokki Branch 2,704,60
A57835,el El Zahraa Dokki br.2,714,66
A57836,el El Zahraa Dokki Main Road,720,68
A57837,EL el zahraa dokki 011,727,77
A57838,EL El Zahraa Dokki br.2,727,77
A57839,El Zahraa Dokki br.2,730,64
A57840,El Zahraa Dokki Mall,754,64
A57841,el zahraa dokki Mall,754,64
A57842,EL ZAHRAA DOKKI-A,774,60
A57843,el el zahraa dokki Station St.,774,60
A57844,EL MIRA Mall,706,68
A57845,El-mira,714,67
A57846,Ph//MIRA (2)213,714,67
A57847,Ph/MIRA,736,55
A57848,PY/Mira Station St.,739,67
A57849,Ph/Mira 04,740,64
A57850,El Hokama Faisal,719,62
A57851,El Hokama Faisal Mall,719,62
A57852,El Hokama Faisal,758,49
A57853,EL el hokama faisal Branch 1,758,49
A57854,Ph/el ohkama faisal,780,64
A57855,PY/DR MEDHAT NOZAH 04,708,58
A57856,PH Dr Medhat Nozha Branch 2,708,58
A57857,El-Dr Medhat Nozha,732,69
A57858,El-dr medhat nozha Mall,779,60
A57859,Dr Medhat Nozha Mall,779,60
A57860,el FAMILY MAADI (2),701,64
A57861,Ph/family maadi br.2,701,64
A57862,Ph/FAMILY MAADI Branch 2,703,66
A57863,Ph/FAMILY MAADI 6th Zone509,706,69
A57864,PY/FAMILY MAADI br.2160,706,69
A57865,Ph/FAMILY MAADI (2),707,51
A57866,family maadi Branch 1,720,69
A57867,FAMILY AADI 6th Zone,720,69
A57868,EL FAMILY MAAADI,753,59
A57869,Ph/family maadi br.2185,758,50
A57870,FAMILY MAADI br.2,765,60
A57871,PH Pharma Plus Faisal Branch 1,712,76
A57872,pharma plus faisal 6th Zone,712,76
A57873,Pharma Plus Faisal,714,68
A57874,pharma plus faisal Branch 1,714,68
A57875,PH Pharma PlusF aisal Branch 1,757,69
A57876,Ph/PHARMA PLUS FAISAL Main Road,757,69
A57877,pharma plus faisal,761,50
A57878,El-Pharma Plus Faisal Main Road,761,50
A57879,EL Star Care Faisal,719,63
A57880,Star Care Faisal br.2,771,53
A57881,PY/star care faisal Branch 2,776,54
A57882,Ph/mira,708,59
A57883,Mira-A,708,59
A57884,El-Mira 011,744,74
A57885,mira 04,744,74
A57886,EL MIRA,753,60
A57887,Ph/mira28,753,60
A57888,el Mira 04,758,51
A57889,El-Mira Main Road,764,64
A57890,Mira0 11,774,61
A57891,PH mira,774,61
A57892,mira,776,55
A57893,el Mira (2),779,61
A57894,PY/NILE CARE,708,60
A57895,El-nile care Station St.258,708,60
A57896,EL Nile Care br.2,710,69
A57897,PH Nile Care,728,59
A57898,El-NILE CARE 04,728,59
A57899,PH Nile Care (2),735,59
A57900,Nile Care612,735,59
A57901,PH el tourath 04,707,52
A57902,EL El Tourath Mall,707,52
A57903,EL EL TOURATH,712,77
A57904,el el tourat Mall,752,57
A57905,El Tourath Mall,752,57
A57906,El-el tourath br.2,779,62
A57907,EL EL TOURATH695,779,62
A57908,El-MISR 04,706,70
A57909,El-MMisr-A,721,64
A57910,misr 6th Zone,730,65
A57911,Misr 04680,770,78
A57912,el Family Agami Station St.,705,68
A57913,Ph/FAMILY AGAMI,710,70
A57914,EL FAMILY AGAMI 04,710,70
A57915,PY/family agami Mall206,713,68
A57916,PY/Family Agami Min Road,714,69
A57917,Ph/FAMILY AGAMI (2)629,714,69
A57918,FAMILY AGAMI760,716,59
A57919,el Family Agami Station St.36,716,59
A57920,El-family agami 011,771,54
A57921,Misr Faisal Station St.,724,61
A57922,Ph/misr faisal (2),735,60
A57923,EL MISR FAISAL Branch 1,755,75
A57924,el Misr Faisal-A75,781,66
A57925,PH El Faraby Madi Branch 2,700,62
A57926,Ph/El Faraby Maadi452,700,62
A57927,El Faraby Madai Branch 2684,727,78
A57928,EL FARAB YMAADI 04,727,78
A57929,el EL FARABY MAADI,733,61
A57930,el faraby maadi (2),733,61
A57931,Ph/El Farab yMaadi 04,736,56
A57932,Ph/El Faraby Maadi,745,54
A57933,El-el faraby maadi br.2,750,60
A57934,ell faraby maadi (2),757,70
A57935,EL FARABY MAADI-A,757,70
A57936,Ph/better life faisal 6th Zone,717,53
A57937,Better Life Faisal Main Road,726,88
A57938,PY/BETTER LIFE FAISAL Branch 1,752,58
A57939,PH Better Life Faisal (2)285,759,63
A57940,El-Better Life Faisal br.2,759,63
A57941,el Better Life Faisal Branch 2,765,61
A57942,PH Better Life Faisal (2)881,769,60
A57943,PH AL AMAL SMOUHA (2),704,61
A57944,El-Al Amal Smouha (2),704,61
A57945,al amal smouha104,706,71
A57946,Al Amal Smouha 04,706,71
A57947,EL al amal smouha-A,720,70
A57948,al amal smouha br.2,735,61
A57949,PH Al Amal Smouha (2)247,735,61
A57950,Ph/al amal smouha Station St.,741,63
A57951,Al Amal Smouha,741,63
A57952,PH life line agami,719,64
A57953,Ph/LIFE LINE AGAMI br.2197,719,64
A57954,EL Life Line Agami 6th Zone,738,67
A57955,Life ine Agami Mall892,738,67
A57956,Life Line Agami br.2,743,50
A57957,liife line agami259,747,64
A57958,life line agami Branch 2,757,71
A57959,LIFE LINE AGAMI 6th Zone,757,71
A57960,ELLife Line Agami br.2,764,65
A57961,PH life line agami Station St.769,764,65
A57962,EL GOLDEN CARE FAISAL472,717,54
A57963,GOLDEN CARE FAISAL 011,718,54
A57964,Golden Cae Faisal Station St.,718,54
A57965,golden care faisal Branch 2,746,59
A57966,GOLDENCARE FAISAL-A,760,67
A57967,Ph/GOLDEN CARE FAISAL 6th Zone,760,67
A57968,El-Golden Care Faisal Branch 1,768,71
A57969,El-GOLDEN CARE FAISAL,773,67
A57970,el GOLDEN CARE FAISAL Branch 1,778,69
A57971,Salamtek Obour bbr.2,701,65
A57972,Salamtek Obour Branch 1,722,62
A57973,el salamteek obour,722,62
A57974,SALAMTEK OBOUR837,751,64
A57975,EL SALAMTEK OBOUR-A,751,64
A57976,Ph/salamtek obour 011,762,66
A57977,El-salamtek obour Branch 2,779,63
A57978,el MIRA ZAYED Main Road694,711,50
A57979,PY/Mira Zayed847,720,71
A57980,el MIRA ZAYED Mall762,720,71
A57981,PY/mira zayed-A512,736,57
A57982,PY/MMira Zayed Station St.,736,57
A57983,El-Mira Zaye 011,756,76
A57984,EL Mira Zayed,771,55
A57985,PH Mira Zayed-A,771,55
A57986,PH BETTRE LIFE FAISAL Station St.,711,51
A57987,EL Better Life Faisall 6th Zone,744,75
A57988,Ph/Better Life Faisal (2),744,75
A57989,BETTER LIFE FAISAL Main Road,755,76
A57990,PH BETTER LIFE FAISAL Branch 2,764,66
A57991,better life faisal Station St.,764,66
A57992,Ph/El Faraaby Branch 253,726,89
A57993,PY/EEl Faraby (2),771,56
A57994,Ph/EL FARABY Main Road972,771,56
A57995,EL FARABY 6th Zone,773,68
A57996,PH el faraby Branch 2,773,68
A57997,PH Ebn Sina Faisal,704,62
A57998,EBN SINA FAISAL Branch 1,722,63
A57999,Ebn Sina Faisal,731,71
A58000,PH Ebn Sina Faiasl,731,71
A58001,EL EBN SINA FAISAL (2),753,61
A58002,ENB SINA FAISAL,753,61
A58003,PY/EBN SINA FAISAL,764,67
A58004,EL Ebn Sina Faisal Mall,770,79
A58005,PhEBN SINA FAISAL 04,770,79
A58006,El-Metro Haram 04,714,70
A58007,El-Mtro Haram br.2,715,48
A58008,METR OHARAM 6th Zone,733,62
A58009,golden care dokki Mall570,715,49
A58010,Golden Care Dokki,735,62
A58011,EL golden care dokki Mall,735,62
A58012,el Golden Care Dokki 6th Zone,738,68
A58013,GOLDEN CARE DOKKI-A,738,68
A58014,EL Golden Care okki Station St.,760,68
A58015,PY/golden care dokki 2),760,68
A58016,Golden Care Dokki (2)979,782,71
A58017,GOLDEN CARE DOKK Mall,782,71
A58018,PH EL ZAHRAA Branch 2,728,60
A58019,PY/EL ZAHRAA Branch 2,728,60
A58020,EL ZAHRAA Mall,744,76
A58021,PH EL ZAHRAA-A,744,76
A58022,PY/e zahraa (2),746,60
A58023,el El Zahraa (2),746,60
A58024,el EL ZAHRAA 6th Zone,750,61
A58025,PY/EL ZAHRAA Branch 1,750,61
A58026,PY/El Zahraa 011,755,77
A58027,PY/El Zahraa Mall,755,77
A58028,EL ZAHRAA 04,776,56
A58029,EL ZAHRAA Main Road,776,56
A58030,Ph/EL ZAHRAA,782,72
A58031,PY/El Zahraa Mian Road,782,72
A58032,EL GOLDEN CARE SQUARE Mall,704,63
A58033,Golden are Square Branch 1,708,61
A58034,EL golden care square Mall,709,59
A58035,goldenc are square,727,79
A58036,Golden Care Square (2),727,79
A58037,PY/golden care square,732,70
A58038,El-GOLDEN CARE SQUARE (2),732,70
A58039,el GOLDEN CARE SQUARE Branch 2,734,67
A58040,El-GOLDEN CARE SQUARE 011,744,77
A58041,el Golden Care Square 04,744,77
A58042,Ph/GOLDEN CARE SQUARE 011609,766,73
A58043,Green Leaf Square Main Road,719,65
A58044,PH GREEN LEAF SQUARRE 011,720,72
A58045,GREEN LEAF SQUARE Station St.,720,72
A58046,PH Green Leaf Square 6th Zone,721,65
A58047,Green Leaf Squaree Main Road,721,65
A58048,El-Green Leaf Square,723,59
A58049,el GREEN LEAF SQUARE 04,723,59
A58050,el GREEN LEAF SQUARE Mall,739,68
A58051,GREEN LEAF SQUARE 011,739,68
A58052,GREE NLEAF SQUARE,755,78
A58053,Ph/green leaf square Branch 1472,755,78
A58054,GREEN LEAF SQUARE br.2,756,77
A58055,el Green Leaf Square Brannch 1,758,52
A58056,Green Leaf Square-A,758,52
A58057,Al Amal 04,700,63
A58058,PH Al Amal,700,63
A58059,El-al amal Branch 2,741,64
A58060,el al amal Station St.,741,64
A58061,AL AMAL (2),745,55
A58062,all amal,745,55
A58063,PY/Al Amal 011,759,64
A58064,P/al amal909,759,64
A58065,El-Al Amal Mall,768,72
A58066,PH al nozha faisal,722,64
A58067,Ph/AL NOZHA FAISAL 011,736,58
A58068,el al nozha faisal,736,58
A58069,al nozha faisal (2),737,72
A58070,AL NOZHA FAISAL 011,737,72
A58071,Al Nozha Faisal,743,51
A58072,al nozha faisal Main Road,743,51
A58073,al nozha ffaisal,772,66
A58074,el Star Care Branch 2403,732,71
A58075,El-STAR CARE 6th Zone,732,71
A58076,el Star Care,754,65
A58077,STAR CARE 04,754,65
A58078,STAR CARE 6th Zone,762,67
A58079,CARE 24 SEVEN FAISAL Station St.,700,64
A58080,Care 24 Seven Faisal Station St.,701,66
A58081,el Care 24 Seven Faisal 011,701,66
A58082,care 24 seven faisal 04,721,66
A58083,el CARE 24 SEVEN FAISAL-A,721,66
A58084,Ph/Care 24 Seven Faisal Station St.,723,60
A58085,CARE 24 SEVEN FAISAL 6th Zone,723,60
A58086,Ph/Care 24 Seven Faisal Station St.,742,68
A58087,PY/Care 24 Seven Faisal587,746,61
A58088,el CARE 24 SEVEN FAISAL 011,746,61
A58089,care 24 seven faisal Brnch 2,774,62
A58090,PY/Care 24 Seven Faisal Main Road,775,63
A58091,PY/Seha First Haram Mall,711,52
A58092,Ph/seha first haram Station St.,711,52
A58093,PY/Seha First Haram Mall,731,72
A58094,PY/SEHA FIRST HARAM,731,72
A58095,Seha First Haram br.2,755,79
A58096,SEHA FIRST HARAM-A,758,53
A58097,Seha First Haram 011,758,53
A58098,PY/SEHA FIRST HARAM 04682,774,63
A58099,PY/seha first haram Mall,774,63
A58100,EL seha first haram Branch 1,775,64
A58101,El Zahraa Agami (2),702,60
A58102,EL el zahraa agami Station St.,713,69
A58103,PY/EL ZAHRAA AGAMI Branch 1,741,65
A58104,EL ZAHRAA AGAMI Mall,741,65
A58105,El Zahraa Agami Branch 1,765,62
A58106,el EL ZAHRAA AGAMI Branch 1,777,65
A58107,El-El Nasr Main Road71,707,53
A58108,El Naasr,723,61
A58109,PH el nasr (2),735,63
A58110,el nasr Branc 1,735,63
A58111,El-El Nasr 04,736,59
A58112,PY/EL NASR (2),753,62
A58113,El Nasr Main Road,756,78
A58114,el EL NASR Branch 1774,762,68
A58115,Ph/El Nasr Branch 2,778,70
A58116,PY/el hokama 04,704,64
A58117,el hokama Branch 2976,704,64
A58118,El Hokama-A,706,72
A58119,el EL HOKAMA (2),711,53
A58120,el El Hokama 04,714,71
A58121,el EL HOKAMA (2),720,73
A58122,El-EL HOKAMA,720,73
A58123,PYEL HOKAMA,723,62
A58124,EL HOKAMAA 6th Zone,723,62
A58125,el hokama 04878,743,52
A58126,EL El Hokama 6th Zone,743,52
A58127,EL El Hokama Banch 2,752,59
A58128,Family,711,54
A58129,el family 04,711,54
A58130,El-family,720,74
A58131,Famil yBranch 2,720,74
A58132,el FAMILY Main Road,723,63
A58133,Family Main Road,730,66
A58134,Ph/family,730,66
A58135,family-A,766,74
A58136,PH Family br.2,766,74
A58137,Ph/family 011,781,67
A58138,el Faily br.2,781,67
A58139,Nile Care Branch 1823,705,69
A58140,Ph/Nile Care 6th Zone,705,69
A58141,nile care Main Road,722,65
A58142,Ph/NILE CARE 6th Zone,723,64
A58143,EL Nile Care-A,735,64
A58144,EL nile care Main Road,735,64
A58145,Ph/Nie Care Mall,738,69
A58146,El-Nile Care-A,738,69
A58147,El-nile care6 th Zone,769,61
A58148,PH Life Line Montaza Branch 2,738,70
A58149,PY/Life Line Montaza 04,738,70
A58150,Life Line Montaza 6th Zone,758,54
A58151,PH lie line montaza br.2,761,51
A58152,PH LIFE LINE MONTAZA 6th Zone,773,69
A58153,el life line montaza,773,69
A58154,Ph/Life Line Montaza Branch 1,780,65
A58155,PH Metro Faisal (2),726,90
A58156,PH MetroF aisal 6th Zone,743,53
A58157,Ph/Metro aisal,771,57
A58158,el faraby,709,60
A58159,Ph/El Faraby 6th Zone,709,60
A58160,El-El Faraby (2),713,70
A58161,PY/El Faraby (2),713,70
A58162,Ph/El Faaraby 011,715,50
A58163,El-El Faraby,715,50
A58164,El-EL FARABY (2),732,72
A58165,el faraby 04,732,72
A58166,PH El Faraby,733,63
A58167,El Faraby343,735,65
A58168,el El Faraby br.2,735,65
A58169,PH El Faraby (2),742,69
A58170,el EL FARABY Branch 1,768,73
A58171,El-El Faraby Station St.,768,73
A58172,El Baraka 6th Zone,743,54
A58173,El-el baraka Branch 2,758,55
A58174,El Baraka Station St.,765,63
A58175,Ph/el baraka Main Road,771,58
A58176,EL BARAKA,771,58
A58177,el LIFE LINE FAISAL (2),716,60
A58178,el life line faiisal Mall,737,73
A58179,el Life Line Faisal 04,750,62
A58180,el LIFE LINE FAISAL,750,62
A58181,el Life Line Faisal (2),751,65
A58182,Ph/Life Line Faisal BBranch 1,751,65
A58183,el Life Line Faisal br.2,763,72
A58184,PY/El Hokama Station St.,712,78
A58185,Ph/el hokamab r.2,712,78
A58186,EL El Hokama-A,714,72
A58187,EL El Hokama Branch 2,714,72
A58188,Ph/EL HOKAMA 04,729,70
A58189,El-ell hokama Main Road,729,70
A58190,el hokama Mall,763,73
A58191,el hhokama Mall,763,73
A58192,El Zahraa (2),725,71
A58193,EL ZAHRAA Mall,750,63
A58194,El Zahraa-A682,750,63
A58195,El-El Zahraa all,754,66
A58196,PH El Zahraa (2),761,52
A58197,el zahraa br.2543,761,52
A58198,el lE Zahraa Branch 2578,765,64
A58199,El Zahraa,765,64
A58200,PH EL ZAHRAA 6th Zone,774,64
A58201,el EL ZAHRAA Main Road,774,64
A58202,Ph/El Zahraa-A,778,71
A58203,el el zahraa Mall,778,71
A58204,El Zahraa Haram,711,55
A58205,El-El Zahraa Haram Branch 1,711,55
A58206,El Zahraa Haram Mall,736,60
A58207,EL el zahraa haram (2),736,60
A58208,Ph/l Zahraa Haram-A,765,65
A58209,EL EL ZAHRAA HARAM854,777,66
A58210,Seha First Faisal-A,728,61
A58211,Seha First Faisal Station St.,728,61
A58212,Ph/SEHAF IRST FAISAL (2),739,69
A58213,el Seha First Faisal 6th Zone,747,65
A58214,Ph/SEHA FIRST FAISAL Mall,747,65
A58215,Ph/Seha First Faisal Branch 1,761,53
A58216,Seha First Faisal,763,74
A58217,el SEHA FIRST FAISAL,777,67
A58218,Ph/seha first faisal 6th Zone,777,67
A58219,Pharma Plus 011,738,71
A58220,PH PHARMA PLUS,756,79
A58221,EL pharma plus Station St.,756,79
A58222,PY/Pharma Plus 6th Zone,774,65
A58223,el Pharma Plus,778,72
A58224,PY/PHARMA PLUS br.2,779,64
A58225,al nozha smouha,700,65
A58226,EL Al Nozha Smouha,711,56
A58227,PY/Al Nozha Smouha,711,56
A58228,PY/Al Nozha Smouha (2),712,79
A58229,El-AL NOZHA SMOUHA 011,712,79
A58230,PH Al Nozha Smouha-A836,748,73
A58231,Al Nozha Smouha br.2883,748,73
A58232,Ph/al nozha somuha Mall640,779,65
A58233,El-Al Nozha Smouha 04,781,68
A58234,Seha First Faisal Main Road,718,55
A58235,PY/seha first faisal,718,55
A58236,PH Seha First Faisal br.2,768,74
A58237,El-SEHA FIRST FAISAL Mall,771,59
A58238,Seha First Faisal,774,66
A58239,el HEALTH GGATE BANHA 04,731,73
A58240,Ph/Health Gate Banha-A,740,65
A58241,El-Health Gate Banha932,740,65
A58242,El-Health Gate Banha 6th Zone,772,67
A58243,PY/Health Gate Baanha Mall,772,67
A58244,HEALTH GATE BANHA br.2,773,70
A58245,El-Health Gate Banha 04,773,70
A58246,EL City Care Main Road,730,67
A58247,PY/city care 011,751,66
A58248,El-City Care Main Road,761,54
A58249,el ebn sina nozha,702,61
A58250,EL EBN SINA NOZHA,724,62
A58251,EL Ebn Sina Nozha,724,62
A58252,EL EBN SINA NOZHA0 4,733,64
A58253,El-ebn sina nozha361,742,70
A58254,PY/bn Sina Nozha,760,69
A58255,EBN SINA NOZHA Mall413,760,69
A58256,PY/Pharma Plus Zayed Mall,704,65
A58257,pharma plus zayed Station St.,749,63
A58258,El-PHARMA PLUS ZAYED Main Road938,749,63
A58259,EL pharma plus zayed (2),751,67
A58260,el Pharma Plus Zayed,765,66
A58261,Ph/Pharma Plus Zayed Branch 2,782,73
A58262,PY/Pharma Plus Zyaed Station St.961,782,73
A58263,dr medhat,712,80
A58264,El-dr medhat 04,762,69
A58265,el dr medhat Mall,767,64
A58266,PH DR MEDHAT (2),767,64
A58267,Ph/family faisal Station St.,721,67
A58268,El-Famiyl Faisal Branch 2,738,72
A58269,PY//family faisal Mall,738,72
A58270,Ell-Family Faisal 6th Zone839,765,67
A58271,Ph/family faisal Branch 1,765,67
A58272,FAMILY FAISAL Maain Road,767,65
A58273,PH famiy faisal Mall,778,73
A58274,EL misr,710,71
A58275,El-ISR-A,727,80
A58276,el MISRb r.2,729,71
A58277,PH imsr Mall,738,73
A58278,EL Misr Main Road,739,70
A58279,PY/MISR Sttion St.,752,60
A58280,PY/Misr 011,771,60
A58281,EL Misr 6th Zone,781,69
A58282,EL Al Nozha Faisal Station St.,722,66
A58283,El-Al Nozha Faisal,733,65
A58284,Ph/Al Nozha Fisal br.2,740,66
A58285,el AL NOZHA FAISAL 011,740,66
A58286,EL AL NOZHA FAISAL Branch 2246,774,67
A58287,elAl Nozha Faisal Branch 2762,774,67
A58288,al nozha faisal Main Road,775,65
A58289,PY/Al Nozha Faisal,775,65
A58290,Ph/EL NASR FAISAL 011,701,67
A58291,PH El Nasr Fasial 04,706,73
A58292,el el nasr faisal 011,731,74
A58293,el El Nasr Faisal (2),731,74
A58294,El Nasr Faisal Mall655,736,61
A58295,PY/el nasr faisal 04994,736,61
A58296,el EL NASR FAISAL 6th Zone,755,80
A58297,PH El Nasr Faisal Branch 2203,755,80
A58298,El Nasr Faisal 04,763,75
A58299,PH El Nasr Faisal 011,775,66
A58300,El-el nasr faisal,775,66
A58301,Misr 04596,700,66
A58302,Ph/misr Main Road,702,62
A58303,el Misr Branch 1,702,62
A58304,El-isr,713,71
A58305,El-misr Branch 1,713,71
A58306,PH misr Main Road,737,74
A58307,misr (2),745,56
A58308,EL MISR Branch 1,745,56
A58309,PH seha first faisal (2),702,63
A58310,PH Seha First Faisal 6th Zone,702,63
A58311,PH SEHA FIRST FAISAL 04,721,68
A58312,EL Seha First Faisal 04,721,68
A58313,Seha FirstFaisal (2),722,67
A58314,Ph/Seha First Faisal Mall,733,66
A58315,Ph/Seha First Faisal,748,74
A58316,seha first faisal-A,763,76
A58317,el SEHA FIRST FAISAL820,763,76
A58318,Seha First Faisal Branch 2275,778,74
A58319,SEEHA FIRST FAISAL,778,74
A58320,PH SEHA FIRST FAISAL Branch 1303,781,70
A58321,CITY CARE HARAM Main Road,702,64
A58322,elcity care haram 6th Zone,702,64
A58323,EL city care haram-A,703,67
A58324,PH city care hara mStation St.,709,61
A58325,CITY CARE HARAM,709,61
A58326,city cre haram,716,61
A58327,city care haram Branch 2,718,56
A58328,PY/CITY CARE HARAM-A,718,56
A58329,El-City Care Haram br.2,726,91
A58330,CITY CARE HARAM Branch 2,735,66
A58331,Ph/CITY CARE HARAM Branch 2,773,71
A58332,EL City Care Haram Branch 1,773,71
A58333,PH Eite Main Road,712,81
A58334,El-Elite Branch 2,712,81
A58335,elite,716,62
A58336,Elite Main Road,716,62
A58337,PH ELITE Station St.,748,75
A58338,PH ELITE br.2,748,75
A58339,El-LITE 011,763,77
A58340,EL eelite (2),773,72
A58341,Elite Branch 2,775,67
A58342,El-ELITE,775,67
A58343,PH elite 011,780,66
A58344,elite 011,780,66
A58345,EL elite,782,74
A58346,PY/Elite,782,74
A58347,Ph/El Hokama Branch 1,702,65
A58348,El Hokama757,702,65
A58349,el El Hokama,727,81
A58350,el El Hokama,728,62
A58351,PH El Hokama Main Road395,728,62
A58352,El Hokama Branch 2,742,71
A58353,EL El Hokama Main oad,742,71
A58354,el el hokama br.2,747,66
A58355,PH CARE 24 SEVEN FAISAL Branch 2,704,66
A58356,Ph/care 24 seven faisal,704,66
A58357,care 24 seven faisal Mall,712,82
A58358,Ph/Care 24 Seven Faisal 04,712,82
A58359,El-care 24 seven faisal 011,740,67
A58360,PH care 24 seven faisal 011195,740,67
A58361,El-Care 24 Seven Faisal 04,747,67
A58362,Care 24 Seven Faisal br.2,747,67
A58363,EL CARE 24 SEVEN FAISAL Branch 1,755,81
A58364,EL Care2 4 Seven Faisal,762,70
A58365,Care 24 Seven Faisal 04,762,70
A58366,care 24 seven faisal br.2,771,61
A58367,Care 24 Seven Faisal0 4,771,61
A58368,PY/Care 24 Seven Faisal-A,773,73
A58369,anegl386,717,55
A58370,EL Angel (2),717,55
A58371,El-Angel Mall,736,62
A58372,ELA ngel Main Road,736,62
A58373,Ph//ANGEL 04778,749,64
A58374,EL Angel Branch 2,749,64
A58375,angel 6th Zone,772,68
A58376,El-ANGEL418,772,68
A58377,El Baraka Faisal540,703,68
A58378,El Baraka Faisal,703,68
A58379,EL BARAKA FAISAL br.2,729,72
A58380,PHH El Baraka Faisal-A,735,67
A58381,El Shifa Branch 1,706,74
A58382,El Shifa Station St.,735,68
A58383,EL El Shifa Branch 2,735,68
A58384,El Shifa Mall,739,71
A58385,PH EL SHIFA br.2,739,71
A58386,PY/Ell Shifa 6th Zone440,759,65
A58387,el shifa-A852,759,65
A58388,El Shifa Station St.,772,69
A58389,el EL SHIFA 04,777,68
A58390,MIRA,712,83
A58391,el Mira 6th Zone,712,83
A58392,Mira 6th Zone,722,68
A58393,PY/Mira Branch 2,744,78
A58394,PY/MIRA 6thh Zone,752,61
A58395,Mira Main Road,763,78
A58396,PY/el faraby marg Mall,707,54
A58397,El-El Faraby Marg Station St.,707,54
A58398,EL El Faraby Marg,771,62
A58399,El Faraby Marg 04,771,62
A58400,PY/El Faraby Marg 011,772,70
A58401,el el faraby mrag427,772,70
A58402,El-El Faraby Marg,774,68
A58403,Ph/El Faraby MMarg,774,68
A58404,EL FARABY MARG Mall,775,68
A58405,PY/El Faraby Marg,775,68
A58406,El-Alpha Pharma Square 011,709,62
A58407,PH alpha pharma square357,712,84
A58408,El-Alpha Pharma Square (2)859,712,84
A58409,EL ALPHA PHARMA SQUARE,724,63
A58410,PY/alpha pharma square Branch 257,724,63
A58411,PH ALPHA PHARMA SQUARE Branch 2,735,69
A58412,El-ALPHA PHARMA SQUARE-A,735,69
A58413,PH Alpha Pharma Square-A,768,75
A58414,el hope dokki Main Road,730,68
A58415,hoope dokki,730,68
A58416,El-Hope Dokki 011,752,62
A58417,Hope Dokki (2),753,63
A58418,el hope dokki 04,756,80
A58419,Ph/hope dokki br.2,756,80
A58420,PH Hope Dokki br.2,762,71
A58421,HOPE DOKKI Branch 1,762,71
A58422,PH Hope Dokki MMain Road,775,69
A58423,el Life Line 011,708,62
A58424,PY/Life Line Main Road,709,63
A58425,PH LIFE LINE 6th Zone,709,63
A58426,Ph/life line 011,711,57
A58427,ell Life Line 011,711,57
A58428,PY/Life Line 6th Zone205,720,75
A58429,Life Line (2),720,75
A58430,el Life Line,726,92
A58431,el Life Line Branch 1,726,92
A58432,El-Life Line,732,73
A58433,el life lin (2)193,732,73
A58434,EL ZAHRAA Station St.,735,70
A58435,PY/El Zahaa,735,70
A58436,EL El Zahraa Branch 2,736,63
A58437,el el zahraa-A,736,63
A58438,PH E lZahraa 011698,749,65
A58439,el El Zahraa (2),757,72
A58440,Ph/el zahraa-A,757,72
A58441,EL ZAHRAA,758,56
A58442,El Zahraa 011,758,56
A58443,el zahraa Main Road,763,79
A58444,EL ZAHRAA-A,763,79
A58445,EL EL ZAHRAA,764,68
A58446,El-union pharm rehab view,704,67
A58447,El-union pharm rehab view6 th Zone,704,67
A58448,PY/union pharm rehab view Branch 2,722,69
A58449,El-Union Pharm Rehba View,722,69
A58450,El-union pharm rehab view 6th Zone,726,93
A58451,union pharm rehab vie wBranch 2,726,93
A58452,Ph/Pharma Plus,705,70
A58453,pharma plus,705,70
A58454,Ph/pharma plus-A,718,57
A58455,El-Pharma Plus,723,65
A58456,PY/Pharma Plus,724,64
A58457,Pharma lus 011,724,64
A58458,el pharma plus,748,76
A58459,Pharma Plus 011,777,69
A58460,PY/BETTER LIFE FAISAL,712,85
A58461,Better Life Faisal Branch 1,712,85
A58462,better life faisal br.2,739,72
A58463,Better Life Faisal 011,776,57
A58464,Ph/BETTER LIFE FAISAL Statio nSt.,776,57
A58465,el BETTER LIFE FAISAL,777,70
A58466,Blue Wave Shubra Branch 2913,704,68
A58467,BLUE WAVE SHUBRA Branch 2,704,68
A58468,PH BLUE WAVE SHUBRA Station St.,745,57
A58469,El-Blue Wave Shubra Station St.,748,77
A58470,Ph/Blue Wave Shubra Mall,750,64
A58471,El-Blue Wave Shubra Branch 1,766,75
A58472,BLUE WAVE SHUBRA Branch 2,781,71
A58473,el BLUE WAVE SHUBRA,782,75
A58474,EL blue wave shubra Station St.,782,75
A58475,Silver Care Haram (2),733,67
A58476,PY/Silver Care Haram,733,67
A58477,Ph/SILVER CARE HARAM Main Road,744,79
A58478,PY/silver care haram Station St.,744,79
A58479,PH silver care haram 6th Zone,761,55
A58480,PY/Silver Care Haram Branch 2,761,55
A58481,Silver Care Haram Branch 1539,771,63
A58482,Ph/Silver Care Harm Mall,772,71
A58483,Ph/Silver Care Haram (2),772,71
A58484,EL SilverCare Haram (2),776,58
A58485,EL AHRAA IMBABA,709,64
A58486,El Zahraa Imbaba 6th Zone,723,66
A58487,EL El Zahraa Imbaba 011,752,63
A58488,Ph/EL ZAHRAA IMBABA Mall,754,67
A58489,el El Zahraa Imbaba,770,80
A58490,EL El Zhraa Imbaba (2),777,71
A58491,el El Zahraa Imbaba Branch 1,777,71
A58492,PY/EL SHIFA ZAYED Mall,701,68
A58493,El Shifa Zayed,701,68
A58494,el shifa zaye 011,733,68
A58495,PY/EL SHIFA ZAYED,733,68
A58496,PH EL SHIFA ZAYED 6th Zone962,746,62
A58497,El-El Shifa Zayed 04,771,64
A58498,PH El Shifa Zayed Branch 1,771,64
A58499,Phh/EL SHIFA ZAYED-A,772,72
A58500,EL SHIFA ZAYED-A,781,72
A58501,El-BLUE WAVE Main Road,723,67
A58502,EL blue wave 04,738,74
A58503,el blue wave br.2,741,66
A58504,PH Blue Wave (2),781,73
A58505,Nile Care 04,705,71
A58506,Nile are 04,740,68
A58507,EL Nile Care-A,740,68
A58508,Nile Care-A,741,67
A58509,nile care Main Road,744,80
A58510,Nile Care Mall,773,74
A58511,BLUE WAVE FAISAL (2),723,68
A58512,El-blue wave fasial,723,68
A58513,PH Blue Wave Faisal Branch 2,733,69
A58514,PY/Blue Wave Faisal br.2,733,69
A58515,el Blue Wave Faisal-A,739,73
A58516,PY/BLUE WAVE FAISAL 04,745,58
A58517,EL BLUE WAVE FAISAL 04,746,63
A58518,Blue Wave Faisal Branch 1,750,65
A58519,BLUE WAVE FAISAL,750,65
A58520,PY/BLUE WAVE FAISAL,762,72
A58521,BLUE WAVE FAISAL br.2,776,59
A58522,PH FAMILY NOZHA Mall,705,72
A58523,Family Nozha,705,72
A58524,Ph/family nozha 6th ZZone,714,73
A58525,PY/Family Nozha-A,728,63
A58526,family nozha,728,63
A58527,family nozha Branch 1223,734,68
A58528,FAMILY NOZHA Main Road,734,68
A58529,EL FAMILY NOZHA Station St.,772,73
A58530,Family Nozha-A,772,73
A58531,Better Life Branch 1,713,72
A58532,EL BETTER LIFE-A,727,82
A58533,Better Life Mall29,739,74
A58534,El-BetterLife br.2,739,74
A58535,PY/Better Life (2),740,69
A58536,EL Better Life Mall,740,69
A58537,PY/better life 6th Zone,750,66
A58538,EL BETTER LIFE b.r2439,750,66
A58539,el Better Life,771,65
A58540,better life,771,65
A58541,PY/Better Life,778,75
A58542,Better Life,778,75
A58543,el City Care Obour Branch 1,718,58
A58544,PY/City Care Obour 6th Zone,730,69
A58545,City Care Obour Mall,730,69
A58546,CITY CARE OBOUR Branch 2,732,74
A58547,el City Care Obour (2),732,74
A58548,City Care Obour 04,750,67
A58549,City Care Obour-A922,752,64
A58550,PY/CITY CARE OBOUR,755,82
A58551,City Care Obour,755,82
A58552,city care obour,778,76
A58553,Blue Wave Maadi 04,725,72
A58554,el Blue Wavee Maadi br.2,725,72
A58555,blue wave maadi (2),767,66
A58556,Ph/BLUE WAVE MAADI Branch 2,767,66
A58557,blue wave maadi Mall,769,62
A58558,PH Blue Wave Maadi,770,81
A58559,PY/blue wave maadi Branch 1,770,81
A58560,El-blue wave maadi Branch 1,782,76
A58561,PY/Sunrise Imbaba (2),713,73
A58562,PH Sunrise Imbaba br.2,713,73
A58563,Sunrise Imbaba (2),742,72
A58564,Ph/Sunrise Imbaba-A97,751,68
A58565,SUNRISE IMBABA-A,751,68
A58566,PY/sunrise imbaba 6th Zone,758,57
A58567,sunrise imbaba Mall,758,57
A58568,Sunrise Imbaba br.2,775,70
A58569,el Sunrise Imbaba Main Road549,775,70
A58570,PY/EL TOURATH FAISAL br.2,710,72
A58571,el EL TOURATH FAISAL (2),712,86
A58572,El-EL TOURATH FAISAL br.2,717,56
A58573,EL TOURATH FAISAL (2)560,717,56
A58574,El Tourath Faisal-A,728,64
A58575,El-El Tourath Faisal,728,64
A58576,el el tourath faisal (2),772,74
A58577,E lTourath Faisal,772,74
A58578,Ph/El Baraka Faisal 04,712,87
A58579,EL BARAKA FAISAL,719,66
A58580,El Baraka Faisal (2),729,73
A58581,Ph/el baraka faisal 6th Zone,729,73
A58582,PY/EL BARAKA FAISAL 011,746,64
A58583,PH el baraka faisal 6th Zone,746,64
A58584,el baraka faisal Branch 2,761,56
A58585,EL BARAKA FAISAL Station St.,778,77
A58586,EL Silver Care Branch 2155,704,69
A58587,SLIVER CARE br.2,704,69
A58588,EL SILVER CARE (2),732,75
A58589,PH silver care Mall,733,70
A58590,EL Silver Care 04,762,73
A58591,PH Silver Care168,762,73
A58592,PY/silver crae,763,80
A58593,Silver Care 011,779,66
A58594,union pharm faisal Main Road,719,67
A58595,PH Union Pharm Faisal 011749,719,67
A58596,Union Pharm Faissal Branch 1145,734,69
A58597,PY/Union Pharm Faisal Mall,749,66
A58598,Union Pharm Faisal 6th Znoe,749,66
A58599,El Shifa Branch 2,704,70
A58600,El Shifa,740,70
A58601,el EL SHIFA br.2,776,60
A58602,PH El Shifa,776,60
A58603,EL care 24 seven,700,67
A58604,care 24 seven Main Road,705,73
A58605,EL CARE 24 SEVEN (2),706,75
A58606,el care 24 seven-A,706,75
A58607,El-Care 24 Seven 011,719,68
A58608,el Care 24 Seven Branch 2,724,65
A58609,El-Care 24 Seven-A,724,65
A58610,EL CARE 24 SEVEN 6th Zone,727,83
A58611,Care 24 Seven 04438,744,81
A58612,EL Care 24 Seven 04,744,81
A58613,El-NILE CARE Branch 1,701,69
A58614,EL Nile Care,701,69
A58615,PY/Nile Caer br.2,708,63
A58616,Ph/NILE CARE 011,715,51
A58617,Nile Care Mall152,715,51
A58618,PH NILE CARE 04,718,59
A58619,Ph/Nile Care 04,718,59
A58620,NILE CARE-A,751,69
A58621,el Nile Care (2),764,69
A58622,Ph/nile care 011,765,68
A58623,Nile Care167,765,68
A58624,EBN SINA FAISAL Branch 2835,721,69
A58625,PH Ebn Sina Faisal,738,75
A58626,Ebn Sina Faisal Branch 2,739,75
A58627,el EBN SINA FAISAL471,739,75
A58628,PH Ebn Sina Faisal-A,743,55
A58629,EBN SINA FAISAL Branch 1,765,69
A58630,Ebn Sina Faisal,775,71
A58631,Ebn Sina Faisal br.2,775,71
A58632,ebn sina faisal,781,74
A58633,Ph/NILE CARE Branch 1,730,70
A58634,PY/NILE CARE 04,748,78
A58635,Ph/NILE CARE-A,779,67
A58636,el GOLDNE CARE,717,57
A58637,Golden Care Branch 260,754,68
A58638,PH golden care (2),754,68
A58639,el GOLDEN CARE 04,761,57
A58640,Ph/NILE CARE311,731,75
A58641,Nile Care Station St.,731,75
A58642,PY/NILLE CARE 04,760,70
A58643,Ph/Nile Care (2),760,70
A58644,nile care-A,772,75
A58645,el nile care 04,772,75
A58646,PH omega oct city 6th Zone,703,69
A58647,EL OMEGA OCT CTIY 011,704,71
A58648,PH omega oct city br.2,708,64
A58649,Omega Oct City 6th Zone,708,64
A58650,El-Omega Oct City-A,712,88
A58651,PH OMEGA OCT CITY 011,712,88
A58652,Omega Oct City,743,56
A58653,Ph/Omega Oct City,743,56
A58654,el Omega Oct City Branch 1457,761,58
A58655,el omega oct ciity,761,58
A58656,OMEGA OCT CITY (2),774,69
A58657,PY/Care 24 Seven Main Road,700,68
A58658,PY/Care 24 Seven 6th Zone,743,57
A58659,El-Care 24 Seven Branch 2118,752,65
A58660,PY/care 24 seven 6th Zone,766,76
A58661,PH care 24 seven-A,769,63
A58662,PY/better life fasial,735,71
A58663,Ph/Better Life Faisal,735,71
A58664,el Better Life Faisal,736,64
A58665,Ph/better life faisal 6th Zone911,777,72
A58666,Dr Medhat Imbaba 04,703,70
A58667,Ph/DR MEDHAT IMBABA 04,714,74
A58668,dr medhaat imbaba Branch 2,721,70
A58669,Dr Medhat Imbaba Main Road,721,70
A58670,El-DR MEDHAT IMBABA 6thZ one,780,67
A58671,DR MEDHAT IMBABA Branch 1,780,67
A58672,el Silver Care 2),715,52
A58673,el Silver Care Mall,715,52
A58674,Ph/silver care Station St.,717,58
A58675,Ph/silver caree (2),722,70
A58676,el SILVER CARE,722,70
A58677,Ph/Silver Care 6th Zone,736,65
A58678,SILVER CARE 011,736,65
A58679,El-silver care 6th Zone,740,71
A58680,Silver Care,740,71
A58681,PY/silver care-A,748,79
A58682,Silver Care 04,770,82
A58683,Ph/Silver Care 04,778,78
A58684,el silver care 011,778,78
A58685,angel,700,69
A58686,Ph/Angel-A,740,72
A58687,Ph/angel,769,64
A58688,PH Angel Branch 2,769,64
A58689,el ANGE LBranch 2,773,75
A58690,salamtekk (2),703,71
A58691,SLAMTEK-A,708,65
A58692,el salamtek 6th Zone,708,65
A58693,SALAMTEK Station St.,716,63
A58694,ElS-ALAMTEK,716,63
A58695,el Salamtek 04,728,65
A58696,Ph/salamtek Branch 1,728,65
A58697,PH salamtek 6th Zone331,737,75
A58698,Ph/SALAMTEK 011,737,75
A58699,PH Salamtek Mall,759,66
A58700,Ph/salamtek Branch 1,762,74
A58701,PH aSlamtek Main Road,762,74
A58702,El-eel baraka marg 011,701,70
A58703,EL el baraka marg,741,68
A58704,PH El Baraka Marg (2),743,58
A58705,El Baraka Marg br.2,751,70
A58706,PY/E lBaraka Marg Mall,751,70
A58707,EL El Baraka Marg 04,753,64
A58708,Ph/Elite Haram838,701,71
A58709,El-ELITE HARAM Main Road,701,71
A58710,ELITE HARAM Branch 1,710,73
A58711,el ELITE HARAM Mall,731,76
A58712,el Elite Haram Main Road,753,65
A58713,el El Zahraa Obour (2),728,66
A58714,Ph/El Zahraa Obour Branch 2,730,71
A58715,PH El Zahraa Obour 6th Zone,730,71
A58716,El Zahraa Obour 6th Zone,736,66
A58717,El Zahraa Obour Main Raod,745,59
A58718,EL ZHARAA OBOUR Mall,753,66
A58719,el El Zahraa Obour Station St.,768,76
A58720,El-El Zahraa Obour,773,76
A58721,EL el zahraa obour Main Road,773,76
A58722,Ph/Omega Faisal Station St.,714,75
A58723,El-OMEGA FAISAL 6th Zone,720,76
A58724,El-Omega Faisal Branch 1876,720,76
A58725,EL Omega aisal 04,723,69
A58726,PH omega faisal-A754,723,69
A58727,el Omega Faisal Station St.210,735,72
A58728,OMEGA FAISAL,740,73
A58729,El-Omega Faisal758,740,73
A58730,Omega Faisal388,745,60
A58731,Omega Faisal 6th Zone,745,60
A58732,Omega Faisal 04,769,65
A58733,EL Omega aFisal576,772,76
A58734,EL Alpha Pharma br.2,717,59
A58735,alpha pharma Mall,727,84
A58736,el ALPHA PHARMA 04,727,84
A58737,Ph/Alpha Pharma-A,735,73
A58738,alpha pharma,744,82
A58739,Ph/Alpha Pharma,744,82
A58740,El-Alpha Pharma Station St.,756,81
A58741,EL el naasr Mall,717,60
A58742,EL NASR,733,71
A58743,el el nsr 011,733,71
A58744,el el nasr,758,58
A58745,EL NASR,773,77
A58746,El Nasr br.2,778,79
A58747,PY/EL NASR 6th Zone,778,79
A58748,el Omega Agami br.2,704,72
A58749,OMMEGA AGAMI Mall,724,66
A58750,PH Omega Agami 011,734,70
A58751,EL Omega Agami 011906,734,70
A58752,Omega Agami,767,67
A58753,Omega Agami Main Road,779,68
A58754,Ph/omega agami Barnch 2,779,68
A58755,Ph/angel nozhaB ranch 1,702,66
A58756,angel nohza 6th Zone829,749,67
A58757,Angle Nozha br.2,749,67
A58758,el angell nozha-A,754,69
A58759,El-Angel Nozha,754,69
A58760,Ph/ANGEL NOZHA,757,73
A58761,PY/Angel Nozha (2),757,73
A58762,El-ngel Nozha Main Road,767,68
A58763,ANGEL NOZHA,770,83
A58764,ANGEL NOZHA br.2,770,83
A58765,PY/Union Phrm Zayed,712,89
A58766,PY/union phar mzayed,718,60
A58767,Ph/union pharm zayed br.2,727,85
A58768,PY/Union Pharm Zayed Branch 2,753,67
A58769,el union pharm zayed-A,754,70
A58770,UNION PHARM ZAYE DMall,758,59
A58771,PH UNION PHARM ZAYED-A,760,71
A58772,UNION PHARM ZAYED (2),760,71
A58773,PY/Union Pharm Zayed br.2,769,66
A58774,PH Better Life Nozha,705,74
A58775,EL better life nozha Branch 2,705,74
A58776,PY/Better Life Nozha,743,59
A58777,BETTER LIFE NOZHA Branch 2736,743,59
A58778,Phh/better life nozha Main Road,768,77
A58779,MIRA,737,76
A58780,Ph/Mira rBanch 2,742,73
A58781,El-Mira br.2976,742,73
A58782,Mira (2),744,83
A58783,El-Mira Mall,756,82
A58784,PY/Mira (2)300,779,69
A58785,Mira 6th Zone,779,69
A58786,El-el zahraa faisal Main Road,702,67
A58787,EL ZAHRAA FAISAL Mall,716,64
A58788,EL ZAHRAA FAISAL 04586,754,71
A58789,el El Zahraa Faisal159,754,71
A58790,PH EL ZAHRAA FAISAL (2),767,69
A58791,Ph/el zahraa faisal Station St.,767,69
A58792,PY/El Zahraa Faisal Branch 2,769,67
A58793,El Zahraa Faisal 011309,769,67
A58794,el zahraa faisal Branch 1,770,84
A58795,El Zahraa Faisal,770,84
A58796,EL ZAHRAA FAISAL (2)307,780,68
A58797,el zahraaa faisal Branch 1551,780,68
A58798,El-Health Gate Zayed Station St.,707,55
A58799,PH Health Gate Zayed (2),707,55
A58800,PY/Health Gate Zayd Main Road,721,71
A58801,el Health Gate Zayed Main Road,721,71
A58802,PY/health gate zayed (2),746,65
A58803,Health Gate Zayed Mall,746,65
A58804,Health Gate Zayed br.2,773,78
A58805,Ell-Health Gate Zayed,773,78
A58806,Nile Care Faisal br.2,701,72
A58807,EL Nile Care Faisal 011192,703,72
A58808,PY/Nile Care Faisal,713,74
A58809,El-NILE CARE FAISAL,721,72
A58810,Nile Care Faisal Station St.,721,72
A58811,Ph/Nile Care Faisal 04850,741,69
A58812,el Nile Care Faisal Mall,741,69
A58813,Nile Care Fiasal,765,70
A58814,Elite Faisal br.2,706,76
A58815,Ph/Elite Faisal 04,722,71
A58816,PY/elite faisal Branch 2,722,71
A58817,El-elite faisal Branch 1,734,71
A58818,el nasr square br.2,700,70
A58819,EL NAS RSQUARE (2)17,700,70
A58820,EL El Nasr Square,708,66
A58821,PH el nasr square Main Road,708,66
A58822,El Nasr Square Main Road,717,61
A58823,el El Nasr Square Branch 2,717,61
A58824,EL NASR SQUARE Mall,718,61
A58825,Ph/el nasr square Branch 1826,718,61
A58826,PH El Nasr Square-A798,726,94
A58827,El-el nasr square 04,726,94
A58828,El-El Nasr Square 6th Zone,758,60
A58829,El Nasr Square Branch 1,768,78
A58830,pharma plus,700,71
A58831,PY/Pharma Plus 011,700,71
A58832,PH pharma plus 6th Zone,701,73
A58833,El-PHARMA PLUS Mall,704,73
A58834,PH pharma pluus-A,750,68
A58835,Ph/PHARMA PLUS Main Road,759,67
A58836,El-Pharma Plus Main Road,761,59
A58837,EL PHARMA PLUS (2)616,761,59
A58838,PY/pharma plus 04,768,79
A58839,PY/pharma plus (2),768,79
A58840,PH Pharma Plus br.2173,771,66
A58841,El-union pharm faiisal 6th Zone,757,74
A58842,PH union pharm faisal Branch 1,764,70
A58843,Ph/UNION PHARM FAISAL br.2329,769,68
A58844,PH Union Pharm Faaisal 04171,772,77
A58845,El-union pharm faisal-A,772,77
A58846,UNION PHARM FAISAL br.2,782,77
A58847,el Salatek Faisal,728,67
A58848,El-Salmtek Faisal Station St.,728,67
A58849,Salamtek Faisal,741,70
A58850,PY//salamtek faisal,741,70
A58851,SALAMTEK FAISAL Branch 2,742,74
A58852,PH Salamtek Faisal Main Road,742,74
A58853,Sallamtek Faisal 04,743,60
A58854,Salamtek Faisal Mall,743,60
A58855,EL Salamtek Faisal,746,66
A58856,el SALAMTEK FAISAL 011973,746,66
A58857,el salamtek faisal,750,69
A58858,PH Salamtek Faisal92,750,69
A58859,El-salamtek faisal,777,73
A58860,PH mira,716,65
A58861,Ph/mira-A,716,65
A58862,PH Mira,722,72
A58863,El-Mira,722,72
A58864,MIRA 6th Zone,745,61
A58865,PH Mira,745,61
A58866,Miar 011,750,70
A58867,El-Mira brr.263,750,70
A58868,mira Branch 2,772,78
A58869,el NIL CARE,708,67
A58870,El-Nile Care-A,708,67
A58871,PH NILE CARE 04,735,74
A58872,El-NILE ACRE,735,74
A58873,EL NILE CARE 04,742,75
A58874,El-Nile Care Main Road,760,72
A58875,El-Nile Care,773,79
A58876,el shifa agami976,728,68
A58877,PY/EL SHIFA AGAM 04,728,68
A58878,EL El Shfa Agami,729,74
A58879,El Shifa Agami Branch 1,729,74
A58880,PH EL SHIF AAGAMI Branch 1,744,84
A58881,PH El Shifa Agami Station St.,758,61
A58882,El-El Shifa Agami Main Road,758,61
A58883,Famil Faisal (2),704,74
A58884,Family Faisal Main Road,717,62
A58885,El-Family Faisal 04,719,69
A58886,EL FAMILY FAISAL,719,69
A58887,EL Family Faisal 04,735,75
A58888,PH FAMILY FAISAL137,735,75
A58889,Ph/Hope Mll,708,68
A58890,el Hope 011241,710,74
A58891,Hope br.2,710,74
A58892,El-Hope,724,67
A58893,PH hoep-A844,724,67
A58894,hope Branch 2,781,75
A58895,PH hope,781,75
A58896,El-Sunrise Montaza 011,732,76
A58897,PY/sunriise montaza br.2,732,76
A58898,PY/sunrise montaza br.2,762,75
A58899,EL Sunrise Montaza (2),777,74
A58900,sunrise montaza 011,777,74
A58901,PH SUNRISE MONTAZA Branch 1,778,80
A58902,PH Sunrise Montaza br.2807,778,80
A58903,PY/OMEA 011,704,75
A58904,OMEGA 011,704,75
A58905,el Omega 6th Zone460,715,53
A58906,omega,715,53
A58907,PY/omega (2),766,77
A58908,Ph/AL AMAL FAISL-A,708,69
A58909,el Al Amal Faisal (2),708,69
A58910,PH AL AMAL FAISAL Mall,719,70
A58911,PH al amal faisal Station St.,719,70
A58912,AL AMAL FAISAL,750,71
A58913,Al Amal Faisal Station St.,750,71
A58914,PY/ebn sina faisal br.2,715,54
A58915,PY/ebn sina faisal,723,70
A58916,Ebn Sina Faisal 6th Zone482,742,76
A58917,El-Ebn Sina Faisal Mall,750,72
A58918,PH Green Leaf Faisal (2),700,72
A58919,Ph/green leaf faisal (2),700,72
A58920,green laf faisal-A175,714,76
A58921,ell Green Leaf Faisal Branch 2,714,76
A58922,PH Green Leaf Faisal 6th Zone,719,71
A58923,Ph/green leaf faisal br.2,719,71
A58924,el green leaf faisal 011,735,76
A58925,Ph/greenn leaf faisal Main Road843,743,61
A58926,GREEN LEAF FAISAL854,743,61
A58927,PY/GREEN LEAF FAISAL Branch 1,768,80
A58928,El-GREEN LEAFF AISAL Main Road,773,80
A58929,PY/GREEN LEAF FAISAL Mall,778,81
A58930,PY/Green Leaf Faisal Main Road,778,81
A58931,El-Salamtek Faisal Branch 2,719,72
A58932,El-Salamtek Faisal 6th Zone,721,73
A58933,El-SALAMTEK FAISAL br.2,721,73
A58934,EL Salamtek Faisal Mall,730,72
A58935,Ph/salamtek faisal Mall,730,72
A58936,SALAMTEK FAISAL Mall,777,75
A58937,Salamtek Faisal 04,778,82
A58938,El Shifa Helwan Mall,717,63
A58939,PY/El Shifa Helwan 6th Zone,719,73
A58940,Ph/el shifa helwan 04,724,68
A58941,Ph/El Shifa Helwan-A,728,69
A58942,el shifa helwan br.2,729,75
A58943,PH El Shifa Helwan 04,729,75
A58944,EL El Shifa Helwan-A,738,76
A58945,el shifa helwan,738,76
A58946,el EEl Shifa Helwan115,754,72
A58947,Ph/METRO OBOUR 011,701,74
A58948,Ph/Metro Obour 6th Zone,701,74
A58949,METRO BOUR Station St.,702,68
A58950,metro obour,708,70
A58951,metro obour,726,95
A58952,metro obour,759,68
A58953,El-Metro Oobur,762,76
A58954,PH METRO OBOUR,768,81
A58955,PH METRO OOBUR (2)252,768,81
A58956,Ph/ile care faisal Mall809,717,64
A58957,Ph/NILE CARE FAISAL,753,68
A58958,EL nile care faisal,753,68
A58959,Nile Care Faisal 04,756,83
A58960,GREEN LEAF,707,56
A58961,PH green lef 0496,707,56
A58962,Ph/Green Leaf Branch 1,711,58
A58963,Green Leaf 011,711,58
A58964,green elaf 04,719,74
A58965,EL Green Leaf Main Road,719,74
A58966,Green Leaf (2),744,85
A58967,PY/GREEN LEAF Station St.,759,69
A58968,PH green leaf br.2,759,69
A58969,el Green Leaf Mall,763,81
A58970,PH Green Leaf,763,81
A58971,PY/Green Leaf Branch 2,764,71
A58972,EL green leaf 04,764,71
A58973,Ph/Green Leaf,771,67
A58974,el Green Leaf Branch 1,702,69
A58975,green leaf,724,69
A58976,GREEN LEAF br.2,728,70
A58977,EL Green Leaf Branch 2,774,70
A58978,Ph/Star Care Faisal Branch 1,703,73
A58979,PH Sar Care Faisal 011,703,73
A58980,EL Star Care Faisal,721,74
A58981,PY/star care fasial,750,73
A58982,star care faisal Main Road,750,73
A58983,El-GREEN LEAF-A,730,73
A58984,EL green leaf Main Road,773,81
A58985,El-Green Leaf 6th Zone,774,71
A58986,green leaf Branch 1,774,71
A58987,P HSilver Care Dokki,704,76
A58988,SILVER CARE DOKKI Station St.,747,68
A58989,el Silver Care Dokki-A531,762,77
A58990,PHG reen Leaf Maadi,706,77
A58991,el Green Leaf Maadi,706,77
A58992,Ph/Green eLaf Maadi Branch 1,730,74
A58993,El-GREEN LEAF MAADI (2),730,74
A58994,el GreenL eaf Maadi,734,72
A58995,Ph/green leaf maadi Station St.,734,72
A58996,PH Green Lefa Maadi (2),736,67
A58997,El-green leaf maadi 04,736,67
A58998,PY/Green Leaf Maadi 04,746,67
A58999,PY/GREEN LEAF MAADI 6th Zone,746,67
A59000,EL Green Leaf Maadi Branch 1,782,78
A59001,METRO Main Road,701,75
A59002,el metro 6th Zone,701,75
A59003,Phh/METRO,702,70
A59004,Meetro,746,68
A59005,el City Care Rehab View Mall,700,73
A59006,City Care Rehab View Branch 2,711,59
A59007,city care rehab view,714,77
A59008,PY/CITY CARE REHAB VIEW (2),722,73
A59009,CITY CARE REHAB VIEW (2),752,66
A59010,City Care Rehab View (2)848,752,66
A59011,EL City Care Rehab View-A,756,84
A59012,City Care Rehab View,771,68
A59013,EL City Care Rehab View,771,68
A59014,El-alpha pharma rehab view 011,741,71
A59015,PH ALPHA PHARMA REHAB VIEW Mall83,741,71
A59016,PY/Alpha Pharma Rehab View (2),751,71
A59017,El-alpha pharma rehab view-A,754,73
A59018,ALPHA PHARMA REHAB VIEW Mall,761,60
A59019,el Alpha Pharma Rehab View (2),772,79
A59020,PY/silver care marg416,707,57
A59021,PY/Silver Care Marg Mall,727,86
A59022,Silver Care Marg880,727,86
A59023,PH Sivler Care Marg 6th Zone,777,76
A59024,EL silver care marg,777,76
A59025,Al Amal (2)204,706,78
A59026,Ph/al amal br.2,706,78
A59027,el Al Amal br.2,711,60
A59028,Ph/al amal 04,734,73
A59029,PH Al Amal 011,734,73
A59030,Al Amal Mall20,741,72
A59031,EL al amal Branch 2,741,72
A59032,al amal,743,62
A59033,PY/Al Amal 011,744,86
A59034,pharma plus dokki 011,724,70
A59035,Pharma Plus Dokki-A,726,96
A59036,pharma lus dokki 04,730,75
A59037,El-pharma plus dokki,730,75
A59038,el pharma plus dokki Branch 2828,734,74
A59039,PY/pharma plus dokki Station St.,734,74
A59040,PH Pharma Plus Dokki-A,744,87
A59041,pharma plus dokki Station St.102,752,67
A59042,Pharma Plus Dokki (2),752,67
A59043,PY/Pharma Plus Dokki 2),768,82
A59044,el pharma plus dokki 011,771,69
A59045,golden care imbaba Mall924,703,74
A59046,GOLDEN CARE IMBABA 6th Zone,703,74
A59047,PY/Golden Care Imbaba Station St.,721,75
A59048,EL Golden Care Imbaba-A,721,75
A59049,Golden Care Imbaba,739,76
A59050,GOLDEN CARE IMBABA Branch 2,739,76
A59051,golden care imbaba 011,740,74
A59052,el golden care imbaba 6th Zone,757,75
A59053,el golden care imbaba Main Road,777,77
A59054,el EL HOKAMA FAISAL Main Road905,701,76
A59055,El Hokma Faisal,727,87
A59056,PY/el hokama faisal,771,70
A59057,PH El Hokama Faisal,771,70
A59058,EL NILE CARE FAISAL Mall,750,74
A59059,Ph/Nile Care Faisal-A,750,74
A59060,Nile Care Faisal-A667,763,82
A59061,Nile Care Faisal 011685,763,82
A59062,El-NILE CARE FAISA-LA,765,71
A59063,EL Nile Care Faisal,765,71
A59064,Ph/Nile Care aFisal-A,781,76
A59065,EL AlN ozha Main Road,725,73
A59066,PY/AL NOZHA,725,73
A59067,EL Al Nozha 04,726,97
A59068,AL NOZHA,726,97
A59069,AL NOZHA,768,83
A59070,Ph/Seha First Mall,704,77
A59071,el Seha First Branch 1,710,75
A59072,SEHA FIRST 04,710,75
A59073,el SEHA FIRST 6th Zone,715,55
A59074,PH SEHA IRST,736,68
A59075,Ph/Seha First,736,68
A59076,SEHA FIRST 011,768,84
A59077,e Star Care Branch 1,705,75
A59078,PY/Star are Mall,745,62
A59079,EL Star Care,745,62
A59080,el STAR CARE Branch 2568,753,69
A59081,el Star Care ranch 1,767,70
A59082,PY/Star Care-A183,767,70
A59083,El-BETTER LIFE IMBABA 04559,700,74
A59084,el better life imbaba Branch 1,700,74
A59085,BETTER LIFE IMBABA Branc 2236,706,79
A59086,el Better Life Imbaba,706,79
A59087,EL Better Life Imbaba,716,66
A59088,Better Life Imbaba 011,716,66
A59089,Ph/BETTER LIFE IMBABA 04,737,77
A59090,BETTER LIFE IMBABA,746,69
A59091,better life imbaba 04,764,72
A59092,El-Better Life Imbaba-A83,765,72
A59093,BETTER LIFE IMBABA Branch 2269,765,72
A59094,PH BETTER LIFE IMBABA MainR oad82,772,80
A59095,metro faisal-A,703,75
A59096,PY/Metro Faisal (2),760,73
A59097,el Metro Faisal (2),760,73
A59098,Metro aFisal Mall,772,81
A59099,el El Zahraa Faisal 6th Zone,706,80
A59100,el El Zahraa Faisal Station St.,706,80
A59101,EL EL ZAHRAA FAISAL Branch 1,711,61
A59102,El Zaraa Faisal Mall,717,65
A59103,El Zahraa Faisal Branch 2,721,76
A59104,el EL ZAHRAA FAISAL (2),721,76
A59105,EL EL ZAHRAA FAISAL Station St.,735,77
A59106,El-EL ZAHRAA FAISAL br.2,736,69
A59107,el zahraa faisal39,763,83
A59108,Nile aCre891,705,76
A59109,nile care Branch 2,705,76
A59110,PH NILE CARE Banch 1,708,71
A59111,PH NILE CARE Main Road,710,76
A59112,el Nile Care Branch 1,710,76
A59113,Nil eCare br.2,711,62
A59114,el Nile Carre br.2,711,62
A59115,Ph/Nile Care,742,77
A59116,EL Nile Care Branch 1,781,77
A59117,El-Nile Care 6t Zone,781,77
A59118,el EL NASR FAISAL 04,709,65
A59119,el nasr fiasal br.2,717,66
A59120,Ph/el nasr faisal Branch 2,742,78
A59121,PH el nasr faisal 6th Zone,742,78
A59122,El Nasr Faisal (2),755,83
A59123,el nas rfaisal-A979,755,83
A59124,El-Hope Imbaba 04,705,77
A59125,Hope Imbaba br.2,705,77
A59126,Ph/hope imbaba 04,706,81
A59127,Hope Imbaba Branch 1,717,67
A59128,Hope Imbaba Main Road,720,77
A59129,Ph/ope Imbaba753,722,74
A59130,EL Hope Imbaba-A,762,78
A59131,El-HOPE IMBABA Mall,769,69
A59132,Hope Imbaba br.2,769,69
A59133,El Baraka Oct City Station St.,706,82
A59134,PY/EL BARAKA OCT CITY (2),706,82
A59135,El Baraka Oct City Station St.,739,77
A59136,El-El Baraka ct City,761,61
A59137,better life faisal Branch 2,737,78
A59138,el BETTER LIFE FAISAL Branch 1,744,88
A59139,BETTER LIFE FAISAL Branch 2,771,71
A59140,BETTER LIFE FAISAL Station St.,771,71
A59141,el Mira Square,746,70
A59142,el MIRA SUQARE-A,746,70
A59143,PY/Mria Square 011,762,79
A59144,EL mira square 6th Zone,762,79
A59145,el Mira Square 011,773,82
A59146,EL MIRA SQQUARE Station St.385,773,82
A59147,Mira Square 6th Zone,782,79
A59148,EBN SINA NOZHA Station St.,715,56
A59149,PY/Ebn Sina Nozha Main Road,727,88
A59150,Ebn Sina Nozha 011,730,76
A59151,PH ebn sina nozha Branch 2,743,63
A59152,PY/ebn sina nzha-A,774,72
A59153,El-Ebn Sina Nozha222,774,72
A59154,El-LFIE LINE Main Road363,700,75
A59155,Lif eLine-A,700,75
A59156,life line 011,726,98
A59157,PH llife line Mall,732,77
A59158,PH LIFE LINE,746,71
A59159,El-life line-A,746,71
A59160,PH Life Line 011,755,84
A59161,el Life Line (2)109,755,84
A59162,LIFE LINE Main Road,758,62
A59163,PY/LIFE LINE-A,759,70
A59164,life line-A992,759,70
A59165,PY/El Shifa 011,714,78
A59166,EL SHIFA Main Road,714,78
A59167,PH El Shifa,720,78
A59168,el shfia 04,720,78
A59169,EL El Shifa-A,747,69
A59170,EL El Shifa 6th Zone,747,69
A59171,El Shifa 04,749,68
A59172,El Shifa 011,749,68
A59173,EL El Shifa-A,755,85
A59174,el El Shifa Branch 2,761,62
A59175,Ell Shifa Branch 1,761,62
A59176,El Shifa 04,781,78
A59177,SILVER CARE,705,78
A59178,El-silver care,727,89
A59179,PY/Silver Care Main Road,727,89
A59180,el ssilver care 011740,729,76
A59181,PY/Silver Care (2),744,89
A59182,Ph/silver acre,744,89
A59183,el Silver Care Branch 1,750,75
A59184,Ph/silver care Mall,750,75
A59185,SILVER CARE (2)818,757,76
A59186,El-Silver Care Main Road194,757,76
A59187,EL Silver Care,769,70
A59188,Silver Care,769,70
A59189,star care nozha Station St.,709,66
A59190,el star care nozha,716,67
A59191,El-Star Care Nozha 04,716,67
A59192,star care nozha Station St.,719,75
A59193,PH Star Care Nozha-A,719,75
A59194,PH Star Care Nozha Station St.,728,71
A59195,Star Care Nozha Branch 2,728,71
A59196,star care noozha-A,732,78
A59197,el star care ozha-A,732,78
A59198,star carenozha (2),766,78
A59199,Star Care Nozha Mall,766,78
A59200,star care nozha Main Road,767,71
A59201,STAR CARE NOZHA-A,767,71
A59202,Star Care Nozha 011,771,72
A59203,El-Star Care Nozha Station St.690,771,72
A59204,EL city care smouha 04,724,71
A59205,El-City Care Smouha Main Road,726,99
A59206,Ph/city care smouha,726,99
A59207,PH City Care Smouha (2),729,77
A59208,el City Care Smouuha br.2,729,77
A59209,PY/CITY CARE SMOUHA Branch 2,745,63
A59210,El-City Care Smouha,775,72
A59211,el City Care Smouha 6th Zone,776,61
A59212,City Care Smouha Mall,776,61
A59213,PY/City Care Smouha Main Road,779,70
A59214,EL el nasr imbaba 6th Zone,758,63
A59215,PY/el nasr imbaba,767,72
A59216,PY/el nasr imbaba-A,767,72
A59217,Ph/El Nasr Imbaba Branch 2,769,71
A59218,PH el nasr imbaba,775,73
A59219,PH EL NASR IMBABA Station St.45,782,80
A59220,Ph/ANGEL IMBABA 04373,705,79
A59221,e ANGEL IMBABA,705,79
A59222,el ANGEL IMBABBA Mall542,719,76
A59223,el Angel Imbaba,734,75
A59224,Angel Imbaba,734,75
A59225,Angel Imbaba Main Road,736,70
A59226,Ph/Angel Imaba210,745,64
A59227,Angel Imbaba 011,779,71
A59228,EL Angel Imbaba br.2,779,71
A59229,PHANGEL IMBABA-A702,780,69
A59230,salamtek square-A423,702,71
A59231,Salamtek Square Main Road,717,68
A59232,Ph/salamtek square br.2,717,68
A59233,SALAMTEK SQUARE-A372,752,68
A59234,Salamtek Square 04,768,85
A59235,PY/EL ZAHRAA FAISAL-A968,717,69
A59236,EL ZAHRAA FAISAL Station St.521,717,69
A59237,El Zahraa Faisl-A,719,77
A59238,El Zahraa Faisal Station St.,719,77
A59239,PH el zahraa faisal Station St.,732,79
A59240,EL ZAHRAA FAISAL br.2,732,79
A59241,el el zahraa faisal Station St.,733,72
A59242,Ph/EL ZAHRAA FAISAL br.2,733,72
A59243,El Zahraa Faisal br.2374,736,71
A59244,EL El Zahraa Faisal,761,63
A59245,EL El Zahraa Faisal Branch 1,761,63
A59246,el el zahraa faisal Main Road212,782,81
A59247,El-El Zahraa Faisal (2),782,81
A59248,Ph/Blue Wave br.2,701,77
A59249,PY/blue wave Branch 1,711,63
A59250,el BLUE WAVE Station St.,723,71
A59251,el Blue Wave 011,726,100
A59252,BLUE WAVE Branch 2,727,90
A59253,Blue Wave Station St.,728,72
A59254,El-Blue Wave br.2,728,72
A59255,El-CITY CARE FAISAL Station St.,708,72
A59256,EL City Care Faiasl 011,708,72
A59257,City Care Faisal Mall,710,77
A59258,el city care faisal Branch 2,716,68
A59259,el city care faisal Mall,716,68
A59260,PY/CITY CARE FAISAL (2),724,72
A59261,Ph/City Care Faisal,780,70
A59262,el City Care Faisal (2),781,79
A59263,PH CITY CARE FAISAL407,781,79
A59264,Ph/El Hokama 6th Zone,704,78
A59265,El Hokama 011,704,78
A59266,PY/El Hokama Station St.,710,78
A59267,el hokama 04,710,78
A59268,El Hokaa (2),745,65
A59269,El HokamaM all,746,72
A59270,El Hokama (2),746,72
A59271,PY/E HOKAMA 011,751,72
A59272,el EL HOKAMA 04786,751,72
A59273,Ph/El Hokama Station St.,759,71
A59274,El Hokama Main Road,762,80
A59275,el El Hokama br.2,769,72
A59276,Ph/El Hokama-A,769,72
A59277,el Sunrise263,709,67
A59278,EL Sunrise-A326,709,67
A59279,Ph/SUNRISE Main Road,714,79
A59280,El-SUNRISE Station St.,714,79
A59281,PY/sunrise 011,716,69
A59282,Sunrise Station St.,723,72
A59283,sunrise (2),729,78
A59284,PY/sunrsie (2),731,77
A59285,EL Sunrise,731,77
A59286,PYs/unrise Branch 1,734,76
A59287,PH Sunrise,734,76
A59288,El-Sunrie Station St.,737,79
A59289,Elite Oct City br.2,717,70
A59290,El--Elite Oct City (2),741,73
A59291,ELITE OCT CITY Main Road,741,73
A59292,EL elite oct city,754,74
A59293,Elite Oct City 0011511,754,74
A59294,PH elite oct city 011,767,73
A59295,Elite Oct City br.2,767,73
A59296,Ph/sunrise agami (2),701,78
A59297,Sunise Agami Mall,701,78
A59298,Sunrise Agami 011,702,72
A59299,Sunrise Agami Branch 1,702,72
A59300,El-Sunrise Agami Station St.,717,71
A59301,sunrise agami,723,73
A59302,El-SUNRISE AGAMI Mall,751,73
A59303,EL Sunrise Agami,755,86
A59304,Ph/Sunrise Agami br.2,755,86
A59305,PY/Sunrise Agami Main Road,777,78
A59306,el City Care Branch 1,709,68
A59307,city care (2)675,759,72
A59308,el City Care,759,72
A59309,el CITY CARE,763,84
A59310,seha first faisal br.2,718,62
A59311,PY/Seha First Faisal Mall,733,73
A59312,Ph/seha first faisal,751,74
A59313,PY/Seha First Faisal 011,751,74
A59314,Ph/angel,719,78
A59315,el angel Branch 2,719,78
A59316,Angel 04,720,79
A59317,PH angel-A835,725,74
A59318,Ph/Angel Branch 1,740,75
A59319,El-ANGEL Branch 2,740,75
A59320,PYAngel,781,80
A59321,el Misr br.2953,741,74
A59322,Ph/Misr 011,741,74
A59323,Ph/misr 6th Zone,748,80
A59324,PY/Misr-A,759,73
A59325,PH Misr-A,770,85
A59326,Misr317,770,85
A59327,MISR,773,83
A59328,Ph/misr Mlal,773,83
A59329,El-Misr 04,782,82
A59330,Misr (2),782,82
A59331,PH Elite 011,700,76
A59332,PY/ELITE Station St.,700,76
A59333,el Elite Station St.,703,76
A59334,Elite,709,69
A59335,elite (2),757,77
A59336,EL Elite Main Road,771,73
A59337,El-Elite Branch 1,771,73
A59338,el Elite,782,83
A59339,Union Pharm Faisal br.2,711,64
A59340,Ph/union pharm faisal,717,72
A59341,El-Union Pharm Faisal Branch 2369,760,74
A59342,PY/UNION PHARM FAISAL 04,760,74
A59343,EL union pharm faisal 6th Zone,762,81
A59344,el UNION PHARM FAISAL MainRoad14,770,86
A59345,PH UNION PHARM FAISAL br.2,770,86
A59346,Salamtek Smouha 6th Zone,771,74
A59347,Salamtek Smouha,775,74
A59348,El-Salamtek Smouha 011919,775,74
A59349,SALAMTEK SMOUHA Branch 2,778,83
A59350,Salamtek Smouha Station St.670,781,81
A59351,el El Faraby Faisal 6th Zone940,703,77
A59352,el El Faraby Faisal Main Road,703,77
A59353,EL El Faraby Faisal Branch 1,709,70
A59354,PH El Faraby Faisal 04,736,72
A59355,El-El Faraby Faisal br.2,736,72
A59356,PH El Faraby Faisal Mall,752,69
A59357,Ph/El Faraby Faisal Station St.45,756,85
A59358,EL EL FARABY FASAL,756,85
A59359,el el faraby faisal Station St.,773,84
A59360,El-pharma plus rehab view Main Road,746,73
A59361,EL PHARMA PLSU REHAB VIEW Main Road,746,73
A59362,el pharma plus rehab view 6th Zone772,761,64
A59363,El-pharma plus reahb view (2),777,79
A59364,EL Blue Wave Main Road,724,73
A59365,Blue Wave Station St.,724,73
A59366,PH bluewave-A,751,75
A59367,PY/BLUE WAVE Branch 1,751,75
A59368,El-BLUE WAVE Main Road,766,79
A59369,blue wave Main Rad,766,79
A59370,EL SHIFA Station St.,702,73
A59371,PH el shifa 04,720,80
A59372,EL El Shifa 04,726,101
A59373,EL El hifa 6th Zone,726,101
A59374,el shifa,728,73
A59375,EL SHIFA,731,78
A59376,EL E Shifa,731,78
A59377,El-el shifa 011,754,75
A59378,PY/El Shhifa br.2,754,75
A59379,EL SHIFA Station St.,756,86
A59380,El-Golden Care Mall,719,79
A59381,GOLDEN CARE Mall,719,79
A59382,EL goldne care-A,732,80
A59383,Ph/Golden Care Branch 1,732,80
A59384,El-Golden Care Branch 2,757,78
A59385,Ph/GOLDEN CARE 6th Zone,768,86
A59386,PH Golden Care Main Road,768,86
A59387,Golden Care br.2,782,84
A59388,PH Life Lien Rehab View,702,74
A59389,EL Life Line Rehab View 04,712,90
A59390,Ph/Life Line Rehab View-A,712,90
A59391,LIFE LINE EHAB VIEW,718,63
A59392,life line rehab view-A,734,77
A59393,EL LIFE LINE REHAB VIEW Main Road,734,77
A59394,PH Life Line Rehab View,742,79
A59395,life line rehabv iew Branch 2763,770,87
A59396,PH Life Line Rehab View Mall,775,75
A59397,life line rehab view Station St.,775,75
A59398,Ph/health gate maadi 011,702,75
A59399,PY/health gate maadi 011449,733,74
A59400,el Health Gate Maadi-A10,733,74
A59401,health gate maadi Main Road,746,74
A59402,el HEALTH GATE MAADI 011,759,74
A59403,Health Gate Maadi,762,82
A59404,Ph/Health Gate Maadi Main Road,777,80
A59405,EL HEALTH GATE MAADI Main Road,777,80
A59406,PY/MISR Branch 2,724,74
A59407,El-MISSR (2),728,74
A59408,Misr Mall,732,81
A59409,el Misr Mall,732,81
A59410,Misr-A,740,76
A59411,PY/Mirs Station St.,755,87
A59412,el misr Branch 1,755,87
A59413,misr Mall,763,85
A59414,MISR,763,85
A59415,El-Misr 6th Zone,779,72
A59416,Misr (2),779,72
A59417,betterr life-A,713,75
A59418,PY/Better Life-A,713,75
A59419,Better Life 04,728,75
A59420,BETTER LIFE-A399,738,77
A59421,Better Life Station St.,743,64
A59422,el betetr life br.2,743,64
A59423,PH Better iLfe 04634,750,76
A59424,el Better Life,750,76
A59425,Better Life756,752,70
A59426,Better Life 011,752,70
A59427,Ph/Better Life Branch 2,756,87
A59428,Better Life (2),776,62
A59429,PHHARMA PLUS FAISAL,707,58
A59430,PH PHARMA PLUS FAIISAL 04,715,57
A59431,Pharma Plus Faisal Branch 2,715,57
A59432,el Pharma Plus Faisal br.2261,726,102
A59433,Pharma Plus Faisal 101,726,102
A59434,Ph/pharma plus faisal,738,78
A59435,PH Pharma Plus Faisal Mall,738,78
A59436,EL Pharma Plus Faisal Branch 1,741,75
A59437,pharma plus faisal Main Road,741,75
A59438,PY/Pharma Plus Faisal-A,747,70
A59439,el Pharma Plus Faisal Mall609,763,86
A59440,El-Pharma Plus Faisal Mall,763,86
A59441,PHARMA PLUS FAISAL,779,73
A59442,PH Pharma Plus Faisal 04,779,73
A59443,Agel,712,91
A59444,el Angel 04,712,91
A59445,El-Angel (2),715,58
A59446,EL ANGEL Sttation St.,717,73
A59447,El-Angel br.2,717,73
A59448,PY/ANGL Branch 1,720,81
A59449,PY/Angel Branch 2,720,81
A59450,Ph/ANGEL Branch 1,727,91
A59451,Angel Main Road,727,91
A59452,P ANGEL Station St.,730,77
A59453,e angel,730,77
A59454,angeel-A,749,69
A59455,SILVER CARE FAISAL 011397,702,76
A59456,Silver Care Faisal Statio nSt.,702,76
A59457,Silver Care Faisal,710,79
A59458,El-Silver Care Faisal br.2,711,65
A59459,PY/silver care faisal 011,762,83
A59460,PY/Silver Care Faisal Station St.,771,75
A59461,PH Misr 011,702,77
A59462,Ph/imsr Main Road,702,77
A59463,el Misr Main Road,711,66
A59464,El-MISR Mall,726,103
A59465,EL MSIR (2)112,726,103
A59466,el Misr,731,79
A59467,MISR,731,79
A59468,misr,763,87
A59469,MISR,763,87
A59470,EL misr Station St.,771,76
A59471,PY/MISR Branch 2,771,76
A59472,PH Misr 011,777,81
A59473,PH al nozha faisal,703,78
A59474,Ph/Al Nozha Faisal Main Road,728,76
A59475,AL NOOZHA FAISAL Main Road,747,71
A59476,el EL TOURATH FAISAL 011,700,77
A59477,EL El Tourath Faisal br.2,700,77
A59478,el El Tourath Faisal-A,711,67
A59479,PH EL TOURATH FAISAL Main Road,711,67
A59480,el tourath faisal (2),730,78
A59481,el tourath faisal 6th Zone,730,78
A59482,EL TOURATH FAISAL 04678,748,81
A59483,el EL TOURATH FAISAL Branch 1,765,73
A59484,El-El Tourath Faisal (2),767,74
A59485,El Tourath Faisal,767,74
A59486,Ph/El Tourath Faisal Branch 2,781,82
A59487,PY/el tourath faisal Main Road,781,82
A59488,metro (2),708,73
A59489,el Merto br.2,708,73
A59490,Ph/eMtro 04,720,82
A59491,PY/METRO,722,75
A59492,Metro 6thh Zone,722,75
A59493,PY/METRO 011477,727,92
A59494,PH metro Branch 2,728,77
A59495,Metro Branch 2,728,77
A59496,el METTRO br.2,742,80
A59497,Ph/Metro,742,80
A59498,EL mtro,757,79
A59499,EL Metro 04,760,75
A59500,PH family-A,725,75
A59501,PH Family Main Road,734,78
A59502,PH family,737,80
A59503,FAMILY,737,80
A59504,Ph/Family Branch 1552,746,75
A59505,el fammily650,748,82
A59506,Ph/Family,752,71
A59507,El-Family-A,752,71
A59508,Ph/FAMILY,765,74
A59509,PY/FAMILY,765,74
A59510,Ph/SEHA FIRST983,706,83
A59511,PY/SEHA FIRST Main Road,706,83
A59512,Seha First 04,714,80
A59513,Seha First Branch 2,715,59
A59514,Seha First rb.2,718,64
A59515,SEHA FIRRST Branch 2,718,64
A59516,Seha First Branch 2,732,82
A59517,PY/SEHA FIRST 011,732,82
A59518,Seha First-A,739,78
A59519,SEHA FIRST 04,764,73
A59520,SEHA FIRST,771,77
A59521,el Hope Maadi Branch 2,702,78
A59522,el Hope Maadi 04,702,78
A59523,El-Hope Madi,707,59
A59524,PH HOPE MAADI Mall758,707,59
A59525,HOPEM AADI (2),728,78
A59526,El-hope maadi,728,78
A59527,El-Hope Maadi Branch 2,732,83
A59528,el HOPE MAADI-A,732,83
A59529,hope maadi 6th Zone,739,79
A59530,HOPE MAADI Mall,739,79
A59531,HOPE MAADI262,766,80
A59532,el Hope Maadi,766,80
A59533,EL Hope Maadi,767,75
A59534,EL El Faraby Faisal Mall,708,74
A59535,el El Faraby Faisal 011,708,74
A59536,El Farab yFaisal,710,80
A59537,EL FARABY FAISAL 04,711,68
A59538,El Faraby Faisal Mall,711,68
A59539,El Faraby Faisalbr.2888,742,81
A59540,PH EL FARABY FAISAL 011,742,81
A59541,Ph/El Faraby Faisal-A,758,64
A59542,El Baraka Faisal Station St.,700,78
A59543,el El Baaraka Faisal,700,78
A59544,Ph/EL BARAKA FAISAL,727,93
A59545,el el bbaraka faisal,727,93
A59546,PY/El Baraka Faisal br.2,770,88
A59547,Ph/El Baraka Faisal 011,776,63
A59548,El-GREEN LEAF IMBABA Stationn St.,712,92
A59549,PH GREEN LEAF IMBABA Mll,729,79
A59550,GREEN LEAF IMBABA,756,88
A59551,PH El Tourath Rehab View,714,81
A59552,EL TOURATH REAHB VIEW 04,719,80
A59553,El Tourath Rehab View,719,80
A59554,el tourath rehab view 6th Zone628,764,74
A59555,Ph/El Tourath Rehab View Mall,764,74
A59556,PH el tourath rehab view 04,777,82
A59557,el El Tourath Rehab View 04,779,74
A59558,El-El Tourath Rehab View Mall,779,74
A59559,silver care faisal Station St.,701,79
A59560,EL SILVER CARE FAISAL,709,71
A59561,El-Silver Care Faisal,709,71
A59562,EL Silver Care Faisal-A,714,82
A59563,PY/silver care faisal,732,84
A59564,el Silver Care Faisal Mall,732,84
A59565,el SILVER CARE FAISAL,740,77
A59566,EL silver care faisal (2)659,778,84
A59567,Ph/Silver Care Faisal 04644,778,84
A59568,el angel dokki,702,79
A59569,EL Angel Dokki-A,702,79
A59570,PH ANGEL DOKKI Station St.,704,79
A59571,angel dokki-A825,704,79
A59572,Angel Dokki 6th Zone324,712,93
A59573,angel dokki Branch 1,768,87
A59574,Ph/NILE CARE BANHA,702,80
A59575,El-Nile Care Banha190,702,80
A59576,el Nile Care Banha,710,81
A59577,NILE CARE BANHA Mall,710,81
A59578,El-nile care banha 6thZone550,713,76
A59579,PH nile care banha Station St.459,728,79
A59580,EL nile care banha,728,79
A59581,nile care banha-A,741,76
A59582,nile care banha Mall,741,76
A59583,SALAMTEK Main RRoad,704,80
A59584,EL salamtek Branch 1,711,69
A59585,EL salamtek,727,94
A59586,el SALAMTEK Branch 1,727,94
A59587,EL Salamtek Branch 1,734,79
A59588,PH Salamtek Branch 2,734,79
A59589,PY/EL TOURATH 04,734,80
A59590,El-el turath Branch 1,734,80
A59591,el tourath (2),750,77
A59592,PH El Tourath 6th Zone,750,77
A59593,E-EL TOURATH,763,88
A59594,Health Gate Faial Branch 2,702,81
A59595,El-Health Gate Faisal 011770,702,81
A59596,EL Health Gate Faisal Mall,711,70
A59597,health gate faisal-A,711,70
A59598,PY/Health Gate Faisal (2)446,725,76
A59599,PY/Health Gate Faisal-A,736,73
A59600,el Health Gate Faisal,743,65
A59601,PY/HEALTH GATE FAISAL,743,65
A59602,PY/HEALTH GATE FAISAL-A,745,66
A59603,HEALTH GATE FAISAL Mall,745,66
A59604,Ph/health gate faisal Station St.,751,76
A59605,el HEALTH GAE FAISAL491,751,76
A59606,health gate faiasl Main Road,770,89
A59607,SEHA FIRSST OBOUR,714,83
A59608,Seha First Obour Main Road,714,83
A59609,Ph/Seha First Obour Branch 115,717,74
A59610,EL SEHA FIRST OBOUR Branch 2,717,74
A59611,seha first obour-A,720,83
A59612,PH Seha First Obour,720,83
A59613,PH Seha First Obour (2),746,76
A59614,Seha First bOour Mall881,781,83
A59615,el seha first obour-A,781,83
A59616,mira 6th Zone989,714,84
A59617,El-Mira (2),714,84
A59618,Mira-A,722,76
A59619,el MMira-A,722,76
A59620,mira 011,756,89
A59621,Mira Station St.,756,89
A59622,Ph/Mira Main Road,770,90
A59623,Ph/Mira (2),770,90
A59624,METRO FAIASL (2),719,81
A59625,PH metro faisal Station St.,719,81
A59626,METRO FAISAL,721,77
A59627,el Metro Faisal Main Road,721,77
A59628,EL METRO FAISAL-A,734,81
A59629,PY/metro faisal Station St.,734,81
A59630,EL Metro Faisal-A,741,77
A59631,metro faisal MainRoad,782,85
A59632,El-Seha First Faisaal 04,709,72
A59633,El-Seha First Faisal,709,72
A59634,Seha First Faisal (2),735,78
A59635,EL Seha First Faisal (2),758,65
A59636,PH Seha First Faisal br.2,758,65
A59637,Ph/SEHA FIRST FAISAL,767,76
A59638,seha first faisal Main Road,778,85
A59639,Ph/seha first faisal Mall,778,85
A59640,LIE LINE,702,82
A59641,Life Line br.2,712,94
A59642,EL LIFE LINE 6th Zone,712,94
A59643,el LIFE ILNE 011,727,95
A59644,LIFE LINE Mall,727,95
A59645,Life Line Main Road,730,79
A59646,Ph/ife line Mall,746,77
A59647,Life Line-A629,746,77
A59648,Life Line br.2,753,70
A59649,Life Line (2),753,70
A59650,PY/life line,763,89
A59651,Life Line (2),772,82
A59652,Ph/Life Line Branch 1,772,82
A59653,PY/Ebn Sina 04,714,85
A59654,Ebn Sina 04,731,80
A59655,ebn sina-A734,745,67
A59656,PY/EBN SINA 6th Zone,745,67
A59657,EL Ebn Sina Branch 1,757,80
A59658,Ebn Sina 011,767,77
A59659,Ebnn Sina,771,78
A59660,Ebn Sina 011411,771,78
A59661,EL el hokama dokki,704,81
A59662,EL HHOKAMA DOKKI 6th Zone,704,81
A59663,PH e lhokama dokki (2),714,86
A59664,Ph/el hokama dokki842,724,75
A59665,PY/el hokama dokki-A,725,77
A59666,el hokama dokki (2),741,78
A59667,el EL HOKAMA DOKKI 6th Zone,741,78
A59668,El-el hokaam dokki (2),756,90
A59669,El Hokama Dokki 6th Zone,756,90
A59670,El Hokama Dokki (2),782,86
A59671,MISR SMOUHA011,711,71
A59672,MISR SMOUHA Mall,761,65
A59673,Ph/misr smouha Branch 2,761,65
A59674,MISR SMOUHA br.2,768,88
A59675,City Care br.2,714,87
A59676,El-city care br.2,714,87
A59677,PH City Care Mall,760,76
A59678,city cre,760,76
A59679,CTY CARE 04,765,75
A59680,PH City Care-A,781,84
A59681,Ph/City Care Brach 1782,781,84
A59682,el El Nasr Haram br.2,710,82
A59683,EL NASR HARAM Branch 1,710,82
A59684,PH ell nasr haram (2),721,78
A59685,EL NASR HARAM 01157,778,86
A59686,PH LIFE LINE br.2,708,75
A59687,PH Life Line Mall,708,75
A59688,PY/LIFE LINE,744,90
A59689,El-LIFE LINE,744,90
A59690,Life Line,751,77
A59691,LIFE LINE 6th Zone,751,77
A59692,el llife line,753,71
A59693,EL Life Line br.2,753,71
A59694,Ph/Life Line 011,757,81
A59695,el life line,770,91
A59696,life line Station St.,777,83
A59697,Life Line-A,777,83
A59698,EL care 24 seven haram-A,715,60
A59699,PH Care 24 Seven Haram,739,80
A59700,EL care 4 seven haram br.2733,739,80
A59701,PH Care 42 Seven Haram148,772,83
A59702,PY/Metro Fasal 6th Zone,701,80
A59703,Ph/Metro Faisal (2),701,80
A59704,PY/Metro Faisal Branch 1,726,104
A59705,el METRO FAISAL Branch 1,740,78
A59706,El-METRO FAISAL 04301,740,78
A59707,El-Metro Faisal 04,766,81
A59708,PY/METRO FAISAL Mall,773,85
A59709,Green Leaf 011684,706,84
A59710,Green Leaf 04,706,84
A59711,EL Green Leaf Branch 2,728,80
A59712,Ph/Green Leaf (2)466,739,81
A59713,Green Leaf 04,739,81
A59714,AL NOZHA br.2,707,60
A59715,AL NOZHA br.2,707,60
A59716,PH Al Nozha 6th Zone,711,72
A59717,AL NOZHA Main Road,711,72
A59718,ALL NOZHA (2),725,78
A59719,Ph/Al Nozha (2),749,70
A59720,EL AL NOZHA Station St.,758,66
A59721,PH Al Nozha807,758,66
A59722,PhA/l Nozha Main Road,765,76
A59723,Ph/Al Nozha br.2126,765,76
A59724,Al Nozha Mani Road,782,87
A59725,Al Nozha Mall,782,87
A59726,el life line Branch 2,706,85
A59727,El-Life Lie-A,731,81
A59728,PY/LIFE LINE,735,79
A59729,liife line Mall,750,78
A59730,Life Line-A,750,78
A59731,life line 04,753,72
A59732,el LIFE LINE (2),769,73
A59733,Ph/AL NOZHA FAISAL Branch 2,729,80
A59734,el Al Nozha Faisal,735,80
A59735,Ph/AL NOZHA FAISAL Branch 2,735,80
A59736,AL NOZHA FAISAL 6th Zone,744,91
A59737,PH Al Nozha Faisal br.2754,776,64
A59738,PH Al Nozha Faisal Mall,776,64
A59739,PH Metro,729,81
A59740,PH Metro Mall182,729,81
A59741,metro,753,73
A59742,metro515,753,73
A59743,EL METRO,767,78
A59744,golden care faisal br.2,723,74
A59745,el Golden Care Faisal Mall,723,74
A59746,Golden Care Faisal Station St.,728,81
A59747,PY/GOLDEN CARE FAISAL Brranch 1,751,78
A59748,Ph/Golden Care Faisal,751,78
A59749,PH omega,706,86
A59750,omega Mall676,711,73
A59751,Omega 011422,711,73
A59752,OMEGA-A,712,95
A59753,OMEGA,724,76
A59754,PY/OMEGA MMain Road,732,85
A59755,PH omega Branch 2,742,82
A59756,Ph/Omega,742,82
A59757,El-OMEGA Branch 1206,743,66
A59758,EL OMEGA Station St.,743,66
A59759,ommega-A,751,79
A59760,Omega Main Road919,751,79
A59761,Angel Branch 2,722,77
A59762,ELAngel,767,79
A59763,Angel 6th Zone,767,79
A59764,PH ANGEL Main Road,775,76
A59765,PH care 24 seven br.2,713,77
A59766,el CARE 2 SEVEN,713,77
A59767,care 24 seven 6th Zone,715,61
A59768,Care 24 Seven Station St.60,724,77
A59769,el Care 24 Seven,724,77
A59770,Care 24 Seven 011,742,83
A59771,EL care 24 sevne (2)699,748,83
A59772,Care 24 Seven,748,83
A59773,MIRA REHAB VVIEW Station St.,707,61
A59774,MIRA REHAB VIEW 6th Zone,710,83
A59775,Mira Rehab View,734,82
A59776,El-Mira Rehab View 04,750,79
A59777,Ph/mira rehab view Mall,758,67
A59778,El-Union Pharm486,743,67
A59779,union pharm 6th Zone,762,84
A59780,Union Pharm,762,84
A59781,EL union pharm 04,765,77
A59782,el Union Pharm (2),765,77
A59783,Ph/Union Pharm Main Road,778,87
A59784,Ph/Union Pharm (2),778,87
A59785,Ph/BETTER LIFE MONTAZA Mall,718,65
A59786,Better Life Montaza Main Road,718,65
A59787,PH BETTER LIFE MONTAZA,722,78
A59788,BETTER LIFE MONTAZA,722,78
A59789,better life montaza,753,74
A59790,BETTER LIFE MONTAZA 6th Zone,767,80
A59791,El-BETTER ILFE MONTAZA 011,777,84
A59792,Ph/better lifem ontaza (2),777,84
A59793,el omega shubra (2),721,79
A59794,El-Omega Shubra,721,79
A59795,omega shubra,748,84
A59796,Omega Shubra Main Road,748,84
A59797,PY/omega shubra 04,750,80
A59798,Omega Shubra 6th Zone,750,80
A59799,OMEGA SHUBRA,772,84
A59800,Omega Shubra 6th Zone,773,86
A59801,PY/ALPHA PHARMA AGAMI Branch 2,724,78
A59802,EL Alpha Pharma Agami Main Road772,732,86
A59803,Ph/ALPHA PHARMA AGAMI (2),732,86
A59804,Alpha Pharma Agami 011,773,87
A59805,El-alpha pharma agami 04,773,87
A59806,El Zahraa Nozha Branch 2,709,73
A59807,el EL ZAHRAA NOZHA Main Road,709,73
A59808,Ph/el zahraa nozha Mall,736,74
A59809,EL ZAHRAA NOZHA Station St.,736,74
A59810,PH EL ZAHRAA NOZHA Branch 2,751,80
A59811,Ph/El Zahraa Nozha 011,770,92
A59812,el El Zahraa Nozha br.2,770,92
A59813,El-silver care nozha 011,706,87
A59814,PY/SSilver Care Nozha Station St.,711,74
A59815,Silver Care Nozha (2)71,711,74
A59816,el SILVER CARE NOZHA Station St.,715,62
A59817,el Silver Care Nozha Branch 1,729,82
A59818,Silver Care Nozha Branch 1,749,71
A59819,Silver Care Nozha 011,766,82
A59820,SILVER CARE NOZHA (2),767,81
A59821,Ph/silvercare nozha Station St.,767,81
A59822,El-NILE CARE Main Road,712,96
A59823,nile care 011,712,96
A59824,El-Nile Care Mall,713,78
A59825,NILE CARE 04,713,78
A59826,Ph/INLE CARE,737,81
A59827,Nile Care Branch 2997,737,81
A59828,Ph/NILE CARE,740,79
A59829,Ph/Nille Care Main Road,740,79
A59830,Ph/Nile Care 6tth Zone,750,81
A59831,Nile Care 6th Zoone,752,72
A59832,Ph/iNle Care-A,752,72
A59833,Nile Caare Branch 1,769,74
A59834,PH Nile Care 011,769,74
A59835,el HHEALTH GATE 04,706,88
A59836,el HEALTH GATE 6th Zone,706,88
A59837,Health Gate br.2,707,62
A59838,El-health gate 04,707,62
A59839,el health gate-A,727,96
A59840,Health Gate-A,730,80
A59841,Ph/Health Gate 04,730,80
A59842,el Heealth Gate,755,88
A59843,Health GGate,755,88
A59844,PH Health Gate 6th Zone,773,88
A59845,PY/Health Gate (2),773,88
A59846,el health gatee Main Road,778,88
A59847,PY/Dr Medhat597,704,82
A59848,PY/DR MEDHAT Mall,704,82
A59849,Dr Medhatt Main Road,714,88
A59850,El-Dr Medhat Branch 2,726,105
A59851,PH Dr Medhat-A,730,81
A59852,dr medhat,730,81
A59853,PH Dr Medhat Station St.,732,87
A59854,dr medhat (2),733,75
A59855,PH Dr Medhhat,737,82
A59856,PH dr medhat 6th Zone242,737,82
A59857,EL El Nasr Helwa n6th Zone,709,74
A59858,PH El Nasr Helwan Branch 1,767,82
A59859,El Nasr Helwan (2),775,77
A59860,El Nasr Helwan(2),775,77
A59861,El-El Nasr Helwan 011,779,75
A59862,Health Gate Faisal-A,712,97
A59863,health gate faisal55,712,97
A59864,Health Gate Faisal,719,82
A59865,el health gate faisal,719,82
A59866,PH health gate faisal Branch 1,722,79
A59867,Health Gate Faisal 011,722,79
A59868,Ph/health gate faisal Main Road,734,83
A59869,el Health Gate Faisal br.2869,740,80
A59870,health gate faisal (2),742,84
A59871,PY/health gae faisal Branch 2,764,75
A59872,el Health Gate Faisal Mall,764,75
A59873,PY/HEALTH GATE FAISAL451,771,79
A59874,nile care br.2,711,75
A59875,el Nile Care 011,750,82
A59876,el Nile Care (2),750,82
A59877,El-NILE CARE Branch 2,753,75
A59878,NILE CARE t6h Zone642,763,90
A59879,Nile Care,763,90
A59880,PY/Nile Care,765,78
A59881,nile care (2)657,765,78
A59882,GOLDEN CARE Mall,715,63
A59883,PH Golden Care br.228,715,63
A59884,PY/GOOLDEN CARE (2),726,106
A59885,golden care 6th Zone,726,106
A59886,PH godlen care Branch 2,735,81
A59887,EL golden care Branch 2,760,77
A59888,El-GOLDEN CARE,763,91
A59889,Ph/Golden Care 04,763,91
A59890,GOLDEN CARE554,766,83
A59891,ELL Golden Care,766,83
A59892,Golden Care,774,73
A59893,El-GoldenC are,780,71
A59894,el golde care,780,71
A59895,ANGEL FAISAL 04,708,76
A59896,Ph/angel faisal 04,715,64
A59897,ANGEL FAISAL 6th Zone,740,81
A59898,El-ANGEL FAISAL Mall,743,68
A59899,PY/Angel Faiisal 011,779,76
A59900,Gollden Care Obour378,709,75
A59901,el GoldenC are Obour Mall,730,82
A59902,GOLDEN CARE OBOUR,730,82
A59903,El-Goldeen Care Obour,748,85
A59904,el Golden Care Obour Mall,758,68
A59905,golden care obour,759,75
A59906,PH GOLDEN CARE OBOUR 6th Zone,759,75
A59907,Phh/Golden Care Obour,769,75
A59908,El-city care faisal,708,77
A59909,City Care Faisal Mall353,708,77
A59910,Ph/City Care Faisal 011,727,97
A59911,Ph/City Caer Faisal,727,97
A59912,Ph/CIYT CARE FAISAL,755,89
A59913,city care faisal Branch 1,777,85
A59914,PY/city care faisal Station St.843,777,85
A59915,star care Mall,702,83
A59916,Star Care,702,83
A59917,el Star Care,705,80
A59918,EL STAR CARE 011112,705,80
A59919,Star Care (2),719,83
A59920,PY/Star Care Main Road,770,93
A59921,EL Star Care12,770,93
A59922,Ph/Star Care-A,773,89
A59923,ANGEL MONTAZA-A,709,76
A59924,angel montaza-A,752,73
A59925,Ph/Angel Montaza Branch 2,752,73
A59926,El-ANGEL MOTNAZA,772,85
A59927,PH Angel Montaza Mall,772,85
A59928,PY/Angel Montaza,780,72
A59929,PY/Blue Wave Faisal (2),707,63
A59930,PH Blue Wave Faisal 6th Zone,737,83
A59931,PH blue wave faisal Mall761,737,83
A59932,PH BLUE WAVE FAISAL Mall,753,76
A59933,PY/blue wave faisal Branch 1,753,76
A59934,blue wave faisal Branch 1,766,84
A59935,el blue wave faisal,766,84
A59936,FAMILY FAISAL Branch 2,704,83
A59937,FAMILY AISAL,721,80
A59938,PH Family Faisal Mall,729,83
A59939,el family faisal br.2,729,83
A59940,family faisal Branch 1,758,69
A59941,Ph/family faisal 6th Zone,762,85
A59942,El-FAMILY FAISAL 04,780,73
A59943,EL El Farbay Faisal,708,78
A59944,el faraby faisal Main Road,773,90
A59945,El Faraby Faial,773,90
A59946,EL FARABY FAISAL,776,65
A59947,El Faraby Faisal 04,776,65
A59948,el Dr Medhat Marg br.2,701,81
A59949,PHH Dr Medhat Marg870,701,81
A59950,dr medhat marg Branch 2,767,83
A59951,DR MEDHAT MARG Banch 1,767,83
A59952,PY/dr medhat marg Main Road,773,91
A59953,El-unrise-A,707,64
A59954,El-Sunrise Branch 1,718,66
A59955,SUNRISE Mall,731,82
A59956,Ph/SUNRISE 6th Zone,731,82
A59957,El-SUNRISE br.2,732,88
A59958,el sunrise br.2927,734,84
A59959,el Sunrise Branch 2,734,84
A59960,PH Sunrise714,747,72
A59961,SUNRISE-A,768,89
A59962,PH sunrise Mall,777,86
A59963,sunrise (2),777,86
A59964,El-Alpha Pharma Dokki (2),706,89
A59965,PY/LAPHA PHARMA DOKKI-A,706,89
A59966,Alpha Pharma Dokki br.2,717,75
A59967,EL Alpha Pharma Dokki-A,727,98
A59968,ALPHA PHARMA DOKKI,727,98
A59969,Ph/al amal faisal,701,82
A59970,PY/al amal faisal,701,82
A59971,El-Al Amal Faisal Station St.,730,83
A59972,El-Al Amal Faisal Branch 2408,743,69
A59973,PH Al Amal Faisal (2),762,86
A59974,El-Al Amal Faisal Main Road,762,86
A59975,Ph/LA NOZHA,741,79
A59976,el AL NOZHA Main Road,774,74
A59977,El-AL NOZHA Main RRoad,774,74
A59978,el AL NOZHA Branch 2,780,74
A59979,Star Care Faisal Branch 1,705,81
A59980,Ph/Star Care Faisal,705,81
A59981,PH Star Care Faisal Main Road,708,79
A59982,El-Star CCare Faisal Branch 1,709,77
A59983,El-Star Care Faisal Branch 1,709,77
A59984,PH STAR CARE FAISAL 6th Zone,717,76
A59985,PH star care faisal-A,726,107
A59986,EL star care faisal 011,728,82
A59987,PY/Star Care Faisal Main Road,728,82
A59988,el HOPE FAISAL Branch 2,711,76
A59989,hope faisal Station St.256,721,81
A59990,el HOPE FAISAL,728,83
A59991,El-hope faisal 6th Zone,728,83
A59992,hope faisal (2),743,70
A59993,Ph/hope faisal 011,743,70
A59994,EL Hope Faisal br.2,751,81
A59995,hope faisal,751,81
A59996,EL Hope Faisal,760,78
A59997,EL Hope Faisal 04,768,90
A59998,el hope faisal Main Road,768,90
A59999,El-HOPE FAISAL,772,86
A60000,EL Hopee Faisal47,772,86
A60001,Ph/al nozha maadi 04,702,84
A60002,EL AL NOZHA MAADI 04436,710,84
A60003,PY/Al Nozha Maadi 011,733,76
A60004,Ph/al nozha maadi-A,733,76
A60005,Al Nozha Maadi Main Road941,738,79
A60006,Al Nozha Maadi Mall,743,71
A60007,EL AL NOZHA MAADI Mall,762,87
A60008,Al Nozha Maadi-A,767,84
A60009,ELITE (2),738,80
A60010,El-elite Mall,749,72
A60011,PY/Elite-A448,774,75
A60012,PH Elite,774,75
A60013,PY/elite faisal Mall,712,98
A60014,PY/elite faisal br.2,712,98
A60015,Ph/ELITE FAISA L011,714,89
A60016,ELITE FIASAL 04,714,89
A60017,EL Elite Faisal br.2,724,79
A60018,El Zahraa br.2,700,79
A60019,El Zahraa 04,700,79
A60020,El-El Zahraa Branch 1,705,82
A60021,PH El Zahraa 011,705,82
A60022,PH El Zahraa Station St.,716,70
A60023,el zahraa Main Road,734,85
A60024,EL el zahraa Mall648,734,85
A60025,PY/El Zahraa Branch 2,760,79
A60026,PYY/angel haram 04,717,77
A60027,Angel Haram Branch 2,726,108
A60028,PH angel hram 04950,726,108
A60029,PH Angel Haram,737,84
A60030,Ph/angel haram Branch 1,740,82
A60031,EL Angel Haram,741,80
A60032,ANGEL HARAM Main Road,741,80
A60033,Angel Faisal 04,700,80
A60034,PY/ANGEL FAISAL 04,723,75
A60035,PY/angel faisal Station St.,723,75
A60036,El-Angel Faisal br.2,726,109
A60037,angel faisal Mall,726,109
A60038,PY/Angel Faisal,760,80
A60039,EL ANGEL FAISAL,760,80
A60040,anggel faisal-A,766,85
A60041,Ph/Angel Faisal Branch 2435,766,85
A60042,Hope Dokki BBranch 2,700,81
A60043,el HOPE DOKKI184,761,66
A60044,HOPE DOKKI 04,767,85
A60045,PH Hope Dokki 6th Zone,769,76
A60046,El-Hope Dokki Main Road,769,76
A60047,EL hope dokki Station St.,770,94
A60048,Hope Dokki 04,770,94
A60049,Ph/Hope Dokki Station St.,776,66
A60050,PH HOPE DOKKI,776,66
A60051,Union Pharm Faisal (2),744,92
A60052,UNION PHARM FAISAL Mall,755,90
A60053,union phar mfaisal 6th Zone,755,90
A60054,Union Pharm Faisal 04,761,67
A60055,PY/sunrise Mall802,709,78
A60056,el Sunrise BBranch 2553,709,78
A60057,el Snurise,714,90
A60058,PH SUNRISE,714,90
A60059,SUNRISEb r.2,715,65
A60060,EL Sunrise Branch 1,715,65
A60061,Ph/Sunrise,746,78
A60062,EL sunrise-A,746,78
A60063,EL sunrise-A,758,70
A60064,PY/sunris eBranch 2,758,70
A60065,Ph/SUNRISE-A,770,95
A60066,PH FAMILY OCT CITY 6th Zone,716,71
A60067,family oct city 04,756,91
A60068,EL Family Oct City Main Road,758,71
A60069,PH Family Oct City Branch 2,758,71
A60070,PH Family Oct City 04,760,81
A60071,PY/FAMILY OCT CITY Mall,760,81
A60072,Family Oct City,772,87
A60073,PY/FAMILY OCT CITY 6th Zone,780,75
A60074,Family Oct City 6th Zone,780,75
A60075,family oct city br.2,781,85
A60076,PY/STAR CARE Brannch 2,710,85
A60077,STAR CARE-A,710,85
A60078,EL Star Care,718,67
A60079,el Star CCare Station St.,733,77
A60080,Star Care,733,77
A60081,PY/STAR CARE (2),741,81
A60082,Ph/star care Branch 1,778,89
A60083,STAR CARE,782,88
A60084,El-Star Care-A,782,88
A60085,PY/metro faisal Branch 1,713,79
A60086,metro faisal 04,713,79
A60087,EL Meto Faisal (2)424,728,84
A60088,PY/Metrro Faisal 04,731,83
A60089,metro faisalStation St.,740,83
A60090,Angel Maadi Main Road,702,85
A60091,angelm aadi-A,702,85
A60092,angel amadi Branch 1,708,80
A60093,PY/angel maadi404,741,82
A60094,Angel Maadi 011159,756,92
A60095,Ph/Mira Agami,728,85
A60096,El-MIRA AGGAMI (2),728,85
A60097,Mira Agami,730,84
A60098,PY/Mira Agami aMll622,737,85
A60099,EL mira agami Branch 1,737,85
A60100,PH MIRA AGAMI,757,82
A60101,Mira Agami948,774,76
A60102,el Mira Agami Main Road,780,76
A60103,FAMILY FAISAL Main Road,739,82
A60104,El-Family Faisal Branch 1,768,91
A60105,Ph/family faisal Station St.,768,91
A60106,family faisal Station St.,778,90
A60107,EL family faisal Main Road,778,90
A60108,PH Misr Faisal br.2,707,65
A60109,el misr faisal (2),707,65
A60110,PH Misr Faisal,714,91
A60111,Misr Faisal190,714,91
A60112,MISR FAISAL,729,84
A60113,Ph/misr faisal,729,84
A60114,El-Misr Faisal Branch 2,740,84
A60115,misr faisal Main Road,740,84
A60116,MISR FAISAL735,741,83
A60117,PY/misr faisal Branch 1441,741,83
A60118,Misr Faisal,751,82
A60119,El-MISR FAISAL Branch 2665,751,82
A60120,El-el nasr Station St.,706,90
A60121,EL NASR Station St.,706,90
A60122,Ph/EL NASR 011,725,79
A60123,El-El Nars 6th Zone,753,77
A60124,El Nasr 6th Zone,756,93
A60125,PH El Nasr Branch 2642,772,88
A60126,El Nasr,772,88
A60127,hope,701,83
A60128,PH HOPE-A,707,66
A60129,Ph/hope-A,708,81
A60130,El-Hope Branch 1,708,81
A60131,El-oHpe75,730,85
A60132,el HOPE Mall,744,93
A60133,e lHOPE 04,746,79
A60134,P/Hope,748,86
A60135,Ph/HOPE 011257,749,73
A60136,Hope 11,749,73
A60137,hope faisal Main Road,701,84
A60138,EL Hope Faisal 011,701,84
A60139,El-hope faisal Mall,705,83
A60140,Hope Faiisal br.2,705,83
A60141,Hope Faisal Branch 2,719,84
A60142,Hope Faisal Mall,720,84
A60143,PH Hope Faisal Branch 2,724,80
A60144,Ph/Hope Faisal br.2,724,80
A60145,el hope faisal br.2,746,80
A60146,El-Hope Faisal,746,80
A60147,El-ope Faisal Branch 1,761,68
A60148,EL oHpe Faisal Branch 2,768,92
A60149,Ph/Hope Faisal,768,92
A60150,el Mira-A664,707,67
A60151,PY/MIRA Sttion St.,718,68
A60152,EL Mira (2),743,72
A60153,PY/Mira,750,83
A60154,EL Alpha Pharma Montaza 6th Zone12,752,74
A60155,alpha pharma montaza 011,752,74
A60156,EL Alpha Pharma Montaza Mall,753,78
A60157,EL ALPHA PHARMA MONTAZA br.2,762,88
A60158,el ALPHA PHARMA MONTAZA (2),770,96
A60159,Alpha Pharma Montaza Main Road,771,80
A60160,Ph/Alpha Pharma Montaza 011,771,80
A60161,SEHA FIRST REHAB VIEW 6th Zone,706,91
A60162,PH SEHA FIRST REHAB VIEW 04,720,85
A60163,SEHA FIRST REHAB VIEW (2)842,720,85
A60164,Ph/seha first rehab view Main Road,738,81
A60165,SEHA FIRST REHAB VIEW Branch 1143,743,73
A60166,EL seha first rehab view Branch 2,743,73
A60167,el Seha First Rehab View br.2,752,75
A60168,Ph/SEHA FIRST REHAB VIEW,752,75
A60169,PY/Seha First Rehab View,755,91
A60170,Seha First Rehab View,780,77
A60171,SEHA FIRST BANHA Main Road,721,82
A60172,el seha first banha Station St.,735,82
A60173,Seha First Banha-A,738,82
A60174,el Seha First Banha 011,739,83
A60175,PY/Seha First Banha Main Road58,739,83
A60176,Ph/seha first bannha 6th Zone,740,85
A60177,Seha First Banha Station St.,751,83
A60178,seha first banha (2),751,83
A60179,PYSEHA FIRST BANHA Station St.,767,86
A60180,Ph/seha first banh a6th Zone,767,86
A60181,el Golden Care Faisal Mall,706,92
A60182,Golden Care Faisal 6th Zone,711,77
A60183,PY/Golden Care Faisal Branch 1704,716,72
A60184,EL golden care faisal 6th Zone480,716,72
A60185,PH Golden Care Faisal 011,727,99
A60186,Golden Care Faisal 011352,727,99
A60187,PH Golden Care Fasal Mall,735,83
A60188,Golden Care Faisal,755,92
A60189,Golden Care Faisal,755,92
A60190,EL Golden Care Faisal (2),769,77
A60191,Golden Care Faisal 04437,775,78
A60192,EL Golden Care Faisal Mall,775,78
A60193,PY/Seha First Dokki Station St.266,704,84
A60194,e seha first dokki br.2,708,82
A60195,PH Seha First Dokki Main Road,713,80
A60196,EL Seeha First Dokki (2),713,80
A60197,PH SEHA FIST DOKKI (2),757,83
A60198,PH Seha First Dokki br.2,757,83
A60199,EBN SINA FAISAL Main Road64,728,86
A60200,El-ebn sina faisal 6th Zone,728,86
A60201,Ph/Ebn Sina Faisal Branch 2,738,83
A60202,el ebn sina faisal,738,83
A60203,el EBN SINA FAISAL (2),741,84
A60204,EBN SINA FAISAL,762,89
A60205,el Ebn Sina Faisal622,772,89
A60206,Ebn Sina Faisal,772,89
A60207,PY/ebn sin faisal Main Road,780,78
A60208,El-Ebn Sina Faisal-A,780,78
A60209,EL SHIIFA Branch 1,725,80
A60210,PY/el shifa (2),725,80
A60211,el l shifa Main Road,733,78
A60212,Ph/El Shifa 6th Zone,737,86
A60213,El Shifa,737,86
A60214,el shhifa 011,738,84
A60215,el shifa Mall201,738,84
A60216,Ph/El Shifa (2)710,744,94
A60217,El-EL SHIFA Station St.,761,69
A60218,el shifa Branch 2,761,69
A60219,el el shifa,769,78
A60220,e lshifa811,779,77
A60221,EL AL NOZHA,708,83
A60222,AL NOZHA955,708,83
A60223,PH al nozha Main Road,747,73
A60224,AL NOZHA (2),748,87
A60225,EL al nozha br.2,748,87
A60226,PH AL NOZZHA Main Road,758,72
A60227,EL al nozha Station St.,758,72
A60228,PY/AL NOZHA 04,769,79
A60229,PY/Al Nozha-A,769,79
A60230,el AL NOZHA,777,87
A60231,Ph/Al Nozha 6th Zone,777,87
A60232,PH AL NOZHA-A,781,86
A60233,el Pharma Plus Rehab View Station St.,703,79
A60234,Ph/pharma plus rehab view 04,709,79
A60235,el Pharma Plus Rehab View Branch 1,749,74
A60236,El-pharma plus rehab vew 04,749,74
A60237,el Pharma Plus Rehab View-A,754,76
A60238,PY/Pharma Plus Rehab View,754,76
A60239,El-Pharma Pluss Rehab View-A,776,67
A60240,PY/Union Pharm Obour,700,82
A60241,PH Union Pharm Obour Main Road,726,110
A60242,Ph/UNION PHARM OBOUR577,726,110
A60243,EL Union Pharm Obour br.2,738,85
A60244,PY/Union Pharm Obour Station St.,738,85
A60245,el union pharm obour (2),741,85
A60246,el Union Pharm Obour-A886,741,85
A60247,PY/UNION PHARM OBOUR,773,92
A60248,PH Union Pharm Obour 6th Zone,781,87
A60249,PH ELITE Branch 2,721,83
A60250,elite,741,86
A60251,PH ELITE 6th Zone,755,93
A60252,PY/ELITE,761,70
A60253,PH elite 011,763,92
A60254,Elite Station St.,763,92
A60255,PH Elite 6th Zone,774,77
A60256,PH bEn Sina-A,724,81
A60257,ebn sina (2),745,68
A60258,ENB SINA Mall,757,84
A60259,El-Ebn Sina,768,93
A60260,EL EBN SINA Main Rooad,782,89
A60261,Ph/ebn sina Main Road,782,89
A60262,EL El Nasr Maadi-A,703,80
A60263,El Nasr Maadi 011,750,84
A60264,El Nasr Maadi (2),775,79
A60265,El-El Nasr Maadi Main Road,775,79
A60266,El Nasr Maadi Mall,779,78
A60267,El-EL NASR MAADI,779,78
A60268,El-el nasr maadi 011,780,79
A60269,PH El Nasr Maadi Station St.554,780,79
A60270,EL el tourath faisal,708,84
A60271,el EL TOURATH FAISAL 011,708,84
A60272,EL El Tourath Faisal 04,716,73
A60273,EL El Tourath Faisal,744,95
A60274,el tourath faisal Main Road,744,95
A60275,el el tourath faisal879,778,91
A60276,PY/El Tourath Faisal Main Road,778,91
A60277,PH HOPE Main Road,705,84
A60278,Ph/hope Main Road,705,84
A60279,hope Brannch 2,716,74
A60280,el Hope Branch 1430,747,74
A60281,EL Hope 6th Zone,773,93
A60282,el HOPE (2),780,80
A60283,El-Hope,780,80
A60284,PH Dr Medhat Faial 011,702,86
A60285,dr medhat faisal Mall,719,85
A60286,DR MEDHAT FAISAL Branch 1,732,89
A60287,Dr Medhat Faisal,749,75
A60288,Dr Medhat Faisal-A,750,85
A60289,el Dr Medhat Faisal 011491,757,85
A60290,DR MEDHAT FAISAL,759,76
A60291,El-Dr Medhat Faisal Mall,759,76
A60292,Dr Medhat Faiisal (2),772,90
A60293,PH DR MEDHAT FAISAL Branch 1,772,90
A60294,PY/EL BARAKA DOKKI Mall,722,80
A60295,El-El Baraka Dokki Main Road,722,80
A60296,El Baraka Dokki Station St.,727,100
A60297,el baraka dokki Station St.780,727,100
A60298,el el baraka dokki-A,729,85
A60299,Ph/EL BARAKA DOKKI Station St.,729,85
A60300,el baraka dokki Branch 1,738,86
A60301,EL BARAKA DOKKI Main Road,738,86
A60302,PH El Baraka Dokki,751,84
A60303,El Baraka Dokki (2),753,79
A60304,Ph/El Baraka Dokki-A,753,79
A60305,el El Baraka Dokki Branch 2,754,77
A60306,el El Baraka Dokki 011,758,73
A60307,el El Baraka Dokki (2),758,73
A60308,PY/green leaf br.2,768,94
A60309,PH Green Leaf 011,768,94
A60310,PH GREEN LEAF 04,770,97
A60311,el GREEN LEAF Branch 2,770,97
A60312,Ph/Green Leaf Branch 2,771,81
A60313,green leaf 6th Zone,771,81
A60314,City Care Faisal br.2,701,85
A60315,City Care Faisal 6th Zone,701,85
A60316,EL city care faisal 011,722,81
A60317,PY/City Care Faisal Branch 2,722,81
A60318,City Care Faisal Branch 2,734,86
A60319,el City Care Faisal (2)471,734,86
A60320,El-City Care Faisal Branch 2,757,86
A60321,city care faisal 011,757,86
A60322,Blue Wave Smouha Main Road,714,92
A60323,Ph/BLUE WAVE SMOUHA 6th Zone,714,92
A60324,BLUE WAVE SMOUHA Branch 1,747,75
A60325,Blue Wave Smouha,756,94
A60326,el BLUE WAVE SMOUHA Branch 2,761,71
A60327,Blue Wave Smouha (2),761,71
A60328,EL BARAKA HELWAN 6th Zone,705,85
A60329,el baraka helwan806,705,85
A60330,El Baraka Helwan 6th Zone,727,101
A60331,EL BARAKA HELWAN 6th Zone,727,101
A60332,El-El Baraka Helwan Branch 1,729,86
A60333,PH El Baraka Helwan,729,86
A60334,PH El Baraka Helwan 011353,737,87
A60335,El Baraka Helwan 011,737,87
A60336,El Baraka Helwan Station St.,749,76
A60337,Ph/El Baraka Helwan-A,758,74
A60338,EL BARAKA HELWAN Mall,758,74
A60339,Ph/Alpha Pharma Station St.,717,78
A60340,ALPHA PHARMA507,717,78
A60341,alpha pharma Main Road,719,86
A60342,PH Alpha Pharma,740,86
A60343,ALHA PHARMA Main Road,756,95
A60344,PY/ALPHA PHARMA-A,777,88
A60345,el el tourath (2),748,88
A60346,P/El Tourath Mall,751,85
A60347,EL EL TOURATH,752,76
A60348,EL TOURATH (2),752,76
A60349,EL TOURATH Branch 2,754,78
A60350,EL el tourath,754,78
A60351,el EL TOURATH,757,87
A60352,el tourath,761,72
A60353,Ph/el tuorath Branch 2,771,82
A60354,El-el tourath Station St.,771,82
A60355,El Tourath,782,90
A60356,el LIFE LINE 04,715,66
A60357,EL life line Station St.,735,84
A60358,PH life line Mall,738,87
A60359,Ph/Life Line-A,738,87
A60360,Ph/LIIFE LINE 011,757,88
A60361,AL NOZHA-A957,709,80
A60362,EL lA Nozha,734,87
A60363,A Nozha,735,85
A60364,El-Al Nozha Main Road534,738,88
A60365,PY/al nozha Branch 2,738,88
A60366,PY/Al Nozha,759,77
A60367,Al Nozha Branch 1,759,77
A60368,Al Noza br.2,763,93
A60369,PY/Al Nozha Main oRad409,763,93
A60370,EL AL NOZHA (2),771,83
A60371,al nozha Mall,771,83
A60372,el AL NOZHA Mall,782,91
A60373,Hope Montaza-A,718,69
A60374,Ph/hope monatza-A,718,69
A60375,Hope Montaza,729,87
A60376,PH hop emontaza Mall,729,87
A60377,Ph/HOPE MONTAZA,730,86
A60378,PY/Hope Montaza Station St.,730,86
A60379,El-Hope Montaza,732,90
A60380,PY/HOPE MONTAZA,759,78
A60381,PY/Hope Montaza 011179,759,78
A60382,el HOPE MONTAZA,763,94
A60383,Hope Montaza Branch 1685,777,89
A60384,PY/hope montaza 011,777,89
A60385,HOPE MONTAZA Branch 1,778,92
A60386,PY/el hokama faisal-A,714,93
A60387,EL HOKAMA FAISAL 011,715,67
A60388,Ph/EL HOKAM AFAISAL,721,84
A60389,EL El Hokama Faisal Branch 2,721,84
A60390,PY/el hokama faisal Main Road,741,87
A60391,el hokama faisal,741,87
A60392,El Hokama Faisal Brannch 2,755,94
A60393,el el nasr-A,707,68
A60394,El Nasr Mall,707,68
A60395,EL El Nasr Branch 1,729,88
A60396,EL NASR 6th Zone,729,88
A60397,PY/el nasr Brnch 1742,738,89
A60398,El-El Nasr,738,89
A60399,el EL NASR,753,80
A60400,EL El Nasr br.2,759,79
A60401,el El Nasr 04,764,76
A60402,el Alpha Pharma Faisal 6th Zone75,764,77
A60403,Ph/Alpha Pharma Faisal Station St.,767,87
A60404,el Alpha Pharma Faisal 6th Zone,780,81
A60405,El-ALPHA PHARMA FAISAL,780,81
A60406,EL Health Gate Station St.615,723,76
A60407,PY/Health Gate 6th Zone,737,88
A60408,PY/health gate-A349,779,79
A60409,Health Gate (2),781,88
A60410,EL Health Gate br.2117,781,88
A60411,PH Nile Care,708,85
A60412,el Nile Care-A,720,86
A60413,EL Nile Care31,720,86
A60414,Nile Care-A,766,86
A60415,NILE CARE Main Road,780,82
A60416,Ph/nile care Station St.,721,85
A60417,El-nile care Braanch 2,721,85
A60418,PH ile Care,724,82
A60419,EL Niel Care Mall,724,82
A60420,Ph/NILE CARE Branch 2,746,81
A60421,PY/NILE CARE335,752,77
A60422,Ph/nile crae Branch 1,752,77
A60423,PY/nile care Main Road,758,75
A60424,nile care Branch 1182,766,87
A60425,Ph/NILE CARE,766,87
A60426,EL nile care-A,767,88
A60427,Nile Care Main Road,768,95
A60428,Angel Faisal br.2,706,93
A60429,el ANGEL FAISAL,720,87
A60430,PY/AngelFaisal Main Road,744,96
A60431,ANGEL FAISAL-A,744,96
A60432,El-ANEL FAISAL Main Road,782,92
A60433,El-angel faisal-A,782,92
A60434,el Dr Medhat Imbaba br.2,722,82
A60435,PY/dr medhati mbaba br.2241,722,82
A60436,el Dr Medhat Imbaba Branch 2356,725,81
A60437,el Dr Medhat Imbaba-A,742,85
A60438,Ph/Dr Medhat Imbaba,748,89
A60439,PY/Dr Medhat Imbaba,748,89
A60440,EL Dr Medhat Imbaba 04,751,86
A60441,EL dr medhat imbaba-A,751,86
A60442,Ph/Dr Medhat Imbaba Branch 1,758,76
A60443,EL DR MEDHAT IIMBABA221,758,76
A60444,PH Dr Medhat Imbaba,771,84
A60445,EL dr medhat imbaba 6th Zone,779,80
A60446,Dr Medhat Imbaba 6th Zone,779,80
A60447,Misr Square Mall,703,81
A60448,El-Misr Square 011,704,85
A60449,Ph/Misr Square-A,704,85
A60450,Misr Squre,706,94
A60451,el MISR SQUARE580,706,94
A60452,PH MISRSQUARE,758,77
A60453,Misr Square 011937,758,77
A60454,Phh/misr square Branch 2,769,80
A60455,Misr Square br.2,774,78
A60456,misr square Station St.,781,89
A60457,angel nozha 04,741,88
A60458,PH angel nozha,741,88
A60459,EL angel nozha Mall,744,97
A60460,Angel Nozha,774,79
A60461,Anel Nozha br.2,774,79
A60462,E-Angel Nozha Station St.,781,90
A60463,angel nozha 011,781,90
A60464,PH Green Leaf Faisal,744,98
A60465,El-Green Leaf Faisal,744,98
A60466,PY/GREEN LEAF FAISAL Main Road,771,85
A60467,Ph/rgeen leaf faisal (2),771,85
A60468,PH green leaf faisal,775,80
A60469,EL green leaf faisal749,775,80
A60470,PH HOPE Branch 2,749,77
A60471,El-Hope 04,767,89
A60472,Ph/Hoope,767,89
A60473,PH hope 6th Zone,775,81
A60474,PH Hope 011,775,81
A60475,EL FAMILY FAISAL br.2,706,95
A60476,Family aisal,706,95
A60477,El-FAMILY FAISAL,727,102
A60478,Ph/Family Faisal Main Road,727,102
A60479,Ph/FAMILY FAISAL br.2273,747,76
A60480,P HFamily Faisal528,751,87
A60481,el Family Faisal br.2,754,79
A60482,PH FAMILY FAISAL 04,754,79
A60483,EL family faisal Main Road,757,89
A60484,EL family faisal,757,89
A60485,El-Family Faisal (2),762,90
A60486,el family faisal Main Road,763,95
A60487,Family Faisal Branch 1914,763,95
A60488,PY/PHARMA LUS-A,710,86
A60489,El-Pharma Plus Branch 1,710,86
A60490,el PHARMAPLUS 011,723,77
A60491,EL Pharma Plus 6th Zone,723,77
A60492,Ph/pharma plus,729,89
A60493,Pharma Plus Branch 1,738,90
A60494,Pharma Plus Mall,743,74
A60495,PHARMA PLUS Braanch 2,765,79
A60496,PH Pharma Plus br.2,776,68
A60497,El-pharma plus,777,90
A60498,PY/Elite Haram Mall,704,86
A60499,PH ELITE HARAM 0474,732,91
A60500,PYelite haram,732,91
A60501,el elite haram (2),760,82
A60502,El-elite haram Main Road,776,69
A60503,Elite Haram Mall,776,69
A60504,ELITE HARAM 04,782,93
A60505,Angel Obour 011,716,75
A60506,ANGEL OBOUUR Mall,716,75
A60507,EL Angel Obour Branch 1,723,78
A60508,angel obour800,723,78
A60509,Angel Obour 6th Zone,751,88
A60510,Ph/angel obour Branch 1183,751,88
A60511,Ph/Angel Obour Main Road416,754,80
A60512,PH angel obour,773,94
A60513,PY/ANGEL OBOUR Branch 2,773,94
A60514,Angel Obbour Branch 1,775,82
A60515,angel obour Branch 2,778,93
A60516,DR MEDHAT MONTAZA-A,707,69
A60517,DR MEDHAT MONTAZA Station St.,729,90
A60518,EL Dr Medhat Montaza-A,729,90
A60519,PH DR MEDHAT MONTAZA Mall729,751,89
A60520,EL dr medhat montaza 6th Zone779,765,80
A60521,Dr Medhatt Montaza 6th Zone120,771,86
A60522,el Dr Medhat Montaza217,771,86
A60523,PY/Union Pharm Faisal,718,70
A60524,UNION PHARM FAAISAL,718,70
A60525,Union Pharm Faisal Station St.,725,82
A60526,UNION PHARM FAISAL Mall,725,82
A60527,PH unin pharm faisal,727,103
A60528,Union Pharm Faisal-A,731,84
A60529,PY/Union Pharm Faisal 04,731,84
A60530,PY/Union Pharm Faisal Station St.,741,89
A60531,PY/Union Pharm Faisal Branch 2,743,75
A60532,Ph/Union Phamr Faisal-A538,743,75
A60533,el union pharm faisal Mall,746,82
A60534,Union Pharm Faisal666,762,91
A60535,EL EL HOKAMA6 th Zone,716,76
A60536,El-EL HOKAMA Branch 2,723,79
A60537,PY/El Hokama Mall,723,79
A60538,Ph//EL HOKAMA (2)228,725,83
A60539,Ph/El Hokama Main Road,725,83
A60540,El-EL HOKAMA 6th Zone,730,87
A60541,el El Hokama,730,87
A60542,El Hokama 04,741,90
A60543,E LEl Hokama Mall,748,90
A60544,El-EL HOKAMA 6th Zone,748,90
A60545,el hokama 04258,776,70
A60546,EL EL HOKAMA (2),776,70
A60547,El-El Nasr Faisal br.2,730,88
A60548,EL NASR FAISAL-A,730,88
A60549,el el nasr faisal br.2,741,91
A60550,El Nasr Faisal 01185,762,92
A60551,EL El Nasr Faisal Main Road,767,90
A60552,El-El Nasr Faisal 04,767,90
A60553,PH el nasr faisal Branch 2,779,81
A60554,PH El Nasr Faisal,779,81
A60555,El-EL NASR FAISAL (2),782,94
A60556,el nasr faisal,782,94
A60557,Ph/GREEN LEAF SQUARE Main Road,715,68
A60558,GREEN LEAF SQURE 011,715,68
A60559,PH Greeen Leaf Square-A,722,83
A60560,PH Green Leaf Square,722,83
A60561,EL GREEN LEAF SQUARE Main Road,732,92
A60562,EL GreenLeaf Square,732,92
A60563,PY/El Zahraa Faisal 6th Zone,715,69
A60564,El Zahraa Faisal,742,86
A60565,PY/EL ZAHRAA FAISAL Banch 2,750,86
A60566,PH El Zahraa Faisal 6th Zone,758,78
A60567,family shubra,732,93
A60568,El-Family Shubra (2),732,93
A60569,El-FAMILY SHUBRA Mall,746,83
A60570,Ph/Family Shubra Branch 1,746,83
A60571,El-family shubra Branch 1,772,91
A60572,EL family shubra br.2,779,82
A60573,FAMILY SHUBRA 6th Zone,779,82
A60574,PY/Sunrise br.2,708,86
A60575,Ph/SUNRISE Main Road,718,71
A60576,PH Sunrise Mall,741,92
A60577,PH Sunrise-A,741,92
A60578,Sunrise,756,96
A60579,PH Sunrise Branch 2,756,96
A60580,P Sunrise (2)766,766,88
A60581,El-SUNRISE br.2,766,88
A60582,Sunrise Station St.,775,83
A60583,Ph/Sunrise 04185,775,83
A60584,el Sunrise 04,780,83
A60585,EL Sunrise 011,780,83
A60586,Ph/El Hokama Faisal,761,73
A60587,El Hokama Faisal br.284,761,73
A60588,El-el hokama faisal 011,767,91
A60589,El Hokama Faisal Main Road,767,91
A60590,El Hokama Faisal Branch 2,768,96
A60591,el hokama faisal Branch 2,768,96
A60592,EL EL HOKAMA FAISA LMall,781,91
A60593,Ph/El Hokama Faisal Main Road,781,91
A60594,PY/EL HOAMA FAISAL-A,711,78
A60595,PH El Hokama Faisal Mai nRoad,711,78
A60596,El Hokama Faisal Branch 2,714,94
A60597,EL HOKAMA FAISAL-A,719,87
A60598,el hokama faisal 6th Zone469,719,87
A60599,El Hokama Faaisal (2),720,88
A60600,PY/El Hkama Faisal 6th Zone,720,88
A60601,el hokama faisal Station St.,732,94
A60602,PY/El Hokama Faisal br.2,745,69
A60603,El-El Hokama Faisal (2),747,77
A60604,EL El Hokama Faisal br.2,747,77
A60605,el hokama faisal (2),753,81
A60606,GOLDEN CARE FAISAL Branch 1,728,87
A60607,Ph/Golden Care Faisal Station St.,736,75
A60608,Ph/Golden Care Faisal,750,87
A60609,Ph/Golden Cae Faisal Branch 2,780,84
A60610,golden crae faisal-A,780,84
A60611,Ph/Silver Care Montaza(2),705,86
A60612,silver care mnotaza Mall,719,88
A60613,Silver Care Montaza Station St.,719,88
A60614,Ph/SILVER CARE MONTAZA Main Road,722,84
A60615,PY/SILVVER CARE MONTAZA Mall,737,89
A60616,PH Silver Care Montaza Branch 1,737,89
A60617,Silver Care Moontaza Main Road,743,76
A60618,Silver Care Montaza br.2,748,91
A60619,EL silver carem ontaza 011858,780,85
A60620,el al amal faisal,729,91
A60621,el al amal faisal Main Road420,738,91
A60622,El-Al Amal Faisal 04,745,70
A60623,el Hope Faisal,709,81
A60624,Hope Faisa 011,718,72
A60625,el hope faisal 011,718,72
A60626,EL Hope Faisal Main Road,736,76
A60627,Hope Faisal-A,736,76
A60628,EL Hope Faisal360,757,90
A60629,el HOPE FAISAL,757,90
A60630,Ph/Hope Faisal Brannch 1,769,81
A60631,el El Nasr Station St.238,712,99
A60632,el El Nasr 6th Zone195,712,99
A60633,El-el nasr,771,87
A60634,EL NASR Station St.,776,71
A60635,Ph/El Nasr,776,71
A60636,MIRA BANHA Main Road,712,100
A60637,El-Mira Banha 6thZone,726,111
A60638,PY/Mria Banha 011,726,111
A60639,PH Mira Banha (2)137,739,84
A60640,El-mira banha,739,84
A60641,mira banha Branch 1,746,84
A60642,El-mira banha Station St.,746,84
A60643,Mira Banha 011,748,92
A60644,El-FAMILY FAIAL Main Road,703,82
A60645,Ph/FAMILY FAISAL667,705,87
A60646,Ph/Family Faisal Main Road,718,73
A60647,EL FAMILY FAISAL Branch 2,718,73
A60648,Faily Faisal-A,725,84
A60649,FAMILY FAISAL 0425,725,84
A60650,familyf aisal,740,87
A60651,PY/Family Faisal Station St.,744,99
A60652,EL family faisal Station St.,774,80
A60653,El-Golden Care Faisa Station St.,724,83
A60654,El-Golden Care Faisal 04,724,83
A60655,Golden Care Faisal (2),743,77
A60656,PH GOLDEN CARE FAISAL,743,77
A60657,Golden Care Faisal Branc h1,746,85
A60658,Golden Care Faisal Sattion St.,746,85
A60659,Golden Care Faisal,781,92
A60660,golden care faisal 011,781,92
A60661,PY/al nozha faisal br.2341,718,74
A60662,PY/AL NOZHA FAISAL Branch 1,723,80
A60663,PY/Al Nozha Faisal Mall,723,80
A60664,PY/Al Nozha Faisal 011,739,85
A60665,Ph/al nozha faisal Station St.,739,85
A60666,el Al Nozha Faisal Station St.,750,88
A60667,Al Nozha Faisal,781,93
A60668,Sunrsie 6th Zone,713,81
A60669,Sunrise br.2,713,81
A60670,El-Sunrise 011373,727,104
A60671,PH Sunrise,727,104
A60672,PY/Sunrise Branch 1,736,77
A60673,PH sunrise273,739,86
A60674,SUNRISE Branch 1,750,89
A60675,El-Elite Shubra,730,89
A60676,PH Elite Shubra 6th Zone,730,89
A60677,PY/elite shubra tSation St.,734,88
A60678,PY/ELITTE SHUBRA,768,97
A60679,el elite shubra br.2,768,97
A60680,hope faisal,706,96
A60681,El-hope faiasl Station St.,718,75
A60682,Hope Faisal Main Road73,723,81
A60683,el hope faisal Brranch 1,723,81
A60684,EL Hope Faisal br.2371,724,84
A60685,hope faisal-A,724,84
A60686,el HOPE FAISAL Branch 1111,742,87
A60687,EL Hope Faisal Branch 2,742,87
A60688,PH Hope Faisal389,752,78
A60689,Hope Faisal,752,78
A60690,EL Hope Faisal,757,91
A60691,hope faisal Mall,757,91
A60692,Hope Faial-A,768,98
A60693,Silver Care 011,706,97
A60694,SILVER CARE (2)628,733,79
A60695,El-Silver Care,733,79
A60696,el Silver Care,742,88
A60697,Silver Care Mall,745,71
A60698,EL SILVER CARE (2),752,79
A60699,SILVER CARE Branch 2,758,79
A60700,El-silver care Main Road554,758,79
A60701,EL Silver Care Main Road,772,92
A60702,EL Mira Faisal 04,704,87
A60703,PY/Mira Faisal Branch 2,718,76
A60704,PH Mira Faisal 6th Zone,718,76
A60705,El-Mira Faisal,767,92
A60706,Mira Faisal,767,92
A60707,EL ZAHRAA FASAL,709,82
A60708,El Zahraa Faisal,709,82
A60709,el El Zahraa Faisal,713,82
A60710,EL El Zhraa Faisal br.2,731,85
A60711,PH el zahraa faisal Branch 2172,731,85
A60712,Ph/El Zahraa Faisal Branch 1,742,89
A60713,Ph/El Zahraa Faisal,742,89
A60714,PY/el zahraa faisal,745,72
A60715,el El Zahraa Faisal Branch 2,745,72
A60716,el El Zahraa Faisal Main Road,746,86
A60717,el El Zahraa Faisal 04,748,93
A60718,Ph/El Zahraa Faisal Branch 1,751,90
A60719,Anel Nozha 01197,717,79
A60720,EL Angel Nozha Branch 2,733,80
A60721,PH angel nozha Branch 1,753,82
A60722,Angel Nozha Branch 1,753,82
A60723,Ph/Angel Nozha-A623,761,74
A60724,PY/Angl Nozha,770,98
A60725,el Angel Nozha (2),770,98
A60726,Ph/CARE 24 ESVEN FAISAL Station St.76,712,101
A60727,CARE 24 SEVEN FAISAL,712,101
A60728,Ph/Care 24 Seven Faiisal br.2,715,70
A60729,Care2 4 Seven Faisal 011,715,70
A60730,PH care 24 seven faiasl 011,717,80
A60731,el care 24 seven faisal aMll,717,80
A60732,Care 24 Seven Faisal Branch 1832,726,112
A60733,PH Care 24 Seven Faisal Mall,726,112
A60734,PY/CARE 24 SEVEN FAISAL-A,758,80
A60735,PH Care 24 Seven Faisal Station St.,758,80
A60736,PH Care 24 Seven Faisal Branch 1,773,95
A60737,care2 4 seven faisal,773,95
A60738,ELGreen Leaf Faisal,709,83
A60739,Ph/Green Leaf Faisal Branch 1,720,89
A60740,EL green leaf faisal 6th Zone,720,89
A60741,EL Green Leaf Faisal (2),727,105
A60742,EL green leaf faisal,727,105
A60743,PH green leaf faisal-A,735,86
A60744,green leaf faisal,735,86
A60745,el GREEN LEAF FAISAL Branch 2,743,78
A60746,PH Green Leaf Faisal 04,743,78
A60747,PY/green leaf faisal-A251,744,100
A60748,Green Leaf Faisal (2),744,100
A60749,el Green Leaf Faisal,773,96
A60750,EL union pharm 011,713,83
A60751,unionp harm,713,83
A60752,PYunion pharm,767,93
A60753,El-UNION PHARM Mall,767,93
A60754,Ph/union phaarm 04414,779,83
A60755,PY/Dr Medhat Faisal 011,703,83
A60756,dr medhat faisal Brnach 1,718,77
A60757,EL Dr Medhat Faisal (2),718,77
A60758,Dr Medhat Faisal-A,761,75
A60759,EL elite Mall211,710,87
A60760,el Elite Branch 1,733,81
A60761,PY/ELITE 6th Zone,736,78
A60762,El-Elite Station St.,736,78
A60763,El-ELITE Station t.,739,87
A60764,El-ELITE Station St.,758,81
A60765,el elite 04622,758,81
A60766,PY/SEHA FIRST,705,88
A60767,EL seha firsst 011301,705,88
A60768,Seha First 04,715,71
A60769,el Seha First (2),746,87
A60770,Seha First 011,746,87
A60771,seha first Branch 1,749,78
A60772,PH Seha First Branch 2,755,95
A60773,PY/Seha First-A,771,88
A60774,el Seha iFrst,771,88
A60775,Seha First (2),780,86
A60776,PH Union Pharm,710,88
A60777,PY/union pharm Branch 1,727,106
A60778,Union Pharm br.2,741,93
A60779,Ph/UNION PHARM-A116,744,101
A60780,el UNION PHARM Mall382,744,101
A60781,el UNION PHARM 04,756,97
A60782,PY/union phharm-A,766,89
A60783,Union Pharm 6th Zone,780,87
A60784,PY/Union Pharm 011232,780,87
A60785,PH El Baraka-A,728,88
A60786,PH El Baraka,728,88
A60787,El Baraka,760,83
A60788,PHE L BARAKA-A,760,83
A60789,El Baraka Station St.,767,94
A60790,PY/SUNRISE Mall,701,86
A60791,SUNRISE Mall,710,89
A60792,Surise-A,710,89
A60793,el Sunrise,722,85
A60794,El-snurise 011,733,82
A60795,EL Sunrise-A948,733,82
A60796,Sunrise,735,87
A60797,el Sunrise br.2,735,87
A60798,el SUNRISE br.2,744,102
A60799,Sunrise Mall,780,88
A60800,Sunrsie,780,88
A60801,El-OMEGA OBOUR 6th Zone388,706,98
A60802,omega oour-A372,730,90
A60803,Ph/omega obour Station St.,730,90
A60804,El-OMEGA OBOUR Mall675,765,81
A60805,El-Omega Obour br.2183,765,81
A60806,PHH Omega Obour Station St.,767,95
A60807,el OMEGA OBOUR br.2,767,95
A60808,OMEGA OBOUR 6th Zone,775,84
A60809,El-Omega Obour-A164,775,84
A60810,PY/Star Care Faisal Branch 1,700,83
A60811,El-Star Care Faisal,708,87
A60812,STAR CARE FAISAL881,708,87
A60813,PY/Star Care Faisal 04,714,95
A60814,STAR CARE FAISAL,769,82
A60815,Seha First Smouha 6th Zone,715,72
A60816,el SEHA FIRST SMOUHA Branch 2,715,72
A60817,Ph/Seha First Smouha,730,91
A60818,Seha First Smouha,730,91
A60819,el seha first smouha 04,752,80
A60820,SEHA FIRST SMOUHA,752,80
A60821,SEHA FIRST SMOUHA Main Road,762,93
A60822,Ph/SEHA FIRST SMOUHA,762,93
A60823,El-SEHA FIRST SMOUHA Branch 2372,773,97
A60824,Seha First Smouha666,778,94
A60825,Seha First Smouha Branch 2,778,94
A60826,el el shifa,703,84
A60827,el El Shifa,707,70
A60828,El-El Shhifa 011,707,70
A60829,El Shifa Main Road,718,78
A60830,Ph/l shifa 011,718,78
A60831,El-EL SHIFA br.2,719,89
A60832,El-El Shifa (2),719,89
A60833,El Shifa-A,729,92
A60834,El Shifa,733,83
A60835,PY/El Shifa 6th Zone,733,83
A60836,salamtek faisal br.2286,703,85
A60837,SALAMTEK FAISAL Branch 2,703,85
A60838,PY/salamtek faisal 011232,722,86
A60839,el Salamtek Faisal Mall,743,79
A60840,El-SALAMTEK FAISAL15,743,79
A60841,El-Salamtek Faisal 011,744,103
A60842,EL Salamtek Faisal br.2,744,103
A60843,PY/salamtek faisal,764,78
A60844,PH Salamtek Faisal79,773,98
A60845,el salamtek faisal Station St.,780,89
A60846,EL Ell Faraby-A,704,88
A60847,El Faraby Mall,704,88
A60848,El Faraby br.2,708,88
A60849,El Faraby 011,724,85
A60850,Ph/El Faraby Main Road,737,90
A60851,El Faraby (2),737,90
A60852,ebn sina445,701,87
A60853,PY/Eb Sina,701,87
A60854,el Ebn Sina,729,93
A60855,EL EBN SINA Mall,742,90
A60856,PY/Ebn Sina br.2,749,79
A60857,el en sina,749,79
A60858,PH Ebn Sin a011,752,81
A60859,El-Ebn Sina br.2,770,99
A60860,Ph/EL TOURATH ZAYED br.2,704,89
A60861,el EL TOURATH ZAYED 04,704,89
A60862,el tourath zayed,720,90
A60863,El TourathZ ayed 011,720,90
A60864,PH El Tourath Zayed,766,90
A60865,EL El Tourath Zayed,766,90
A60866,hope montaza Branch 1722,713,84
A60867,El-Hope Montaza Branch 2,713,84
A60868,Hoppe Montaza (2),730,92
A60869,HOPE MONTAZA br.2,740,88
A60870,PY/HOPE MONATZA Branch 1,762,94
A60871,Ph/HOPE MONTAZA 011835,776,72
A60872,El-hope montaza Main Road,776,72
A60873,EL HOPE MONTAZA Station St.,778,95
A60874,Ph/El Nasr br.2,704,90
A60875,el EL NASR Branch 1,704,90
A60876,el nasr,715,73
A60877,el EL NASR Branch 1,761,76
A60878,PY/El Nasr 6th oZne,771,89
A60879,el el nasr Main Road950,779,84
A60880,El-El Nasr br.2,779,84
A60881,Ph/alpha pharma 6th Zone,711,79
A60882,Ph/ALPHA PHARMA Mall,711,79
A60883,Ph/alpha pharma,726,113
A60884,Ph/Alpha Pharma Branch 2,726,113
A60885,el Alpha Pharma Staion St.,733,84
A60886,Alpha Pharma (2)576,733,84
A60887,El-Alpha Pharma 011,754,81
A60888,Ph/ALPHA PHARMA 011,765,82
A60889,Ph/Angel Haram Branch 1,711,80
A60890,Angel Haram br.2,751,91
A60891,PY/angel haram Branch 1,751,91
A60892,Ph/ANGEL HARAM,753,83
A60893,ElA-ngel Haram,753,83
A60894,Ph/Angel Haram Mall,754,82
A60895,El-Angel Haram br.2,754,82
A60896,EL Angel Haram Mall,774,81
A60897,PY/METRO NOZHA 011,713,85
A60898,metro nozha 011,713,85
A60899,Metro Nozha Branch 2,720,91
A60900,E LMetro Nozha br.2339,720,91
A60901,METRO NOZHA,725,85
A60902,Metro Nozha MMall789,741,94
A60903,Metro Nozha Mall,741,94
A60904,Ph/El Shifa Montaaz br.2,701,88
A60905,PH El Shifa Montaza Mall,701,88
A60906,PY/El Shifa Montaza Main Road,702,87
A60907,El Shifa Montaza Station St.,702,87
A60908,EL El Shifa Montaza Main Road,704,91
A60909,EL SHIFA MONTAZA 04,704,91
A60910,EL SHIFA MONTAZA,747,78
A60911,El-EL SHIFA MONTAZA 04971,757,92
A60912,el shifa montaza 04695,757,92
A60913,El Shifa Montaza 6th Zone,759,80
A60914,PH el shifa montaza-A,782,95
A60915,PY/EL SHIFA MONTAZA,782,95
A60916,PY/Union Pharm 6th Zone,710,90
A60917,El-Union Pharm Main Road,710,90
A60918,El-Union Pharm,724,86
A60919,Union Pharm 6th Zone44,724,86
A60920,Union Pharm,730,93
A60921,PY/Union Pharm 04,730,93
A60922,Ph/Union Pharm,733,85
A60923,EL Union Pharm Main Road,752,82
A60924,Union Pharm278,765,83
A60925,PY/Union Pharm 011,765,83
A60926,PH UNION PHARM (2)925,773,99
A60927,EL union pharm 011,773,99
A60928,Ph/union pharm br.2,775,85
A60929,city care faisal br.2,706,99
A60930,PY/ity Care Faisal 011,709,84
A60931,City Care Faisal,728,89
A60932,Ebn Sina Faisal 04,705,89
A60933,EBN SINA FAISAL-A212,706,100
A60934,Ebn Sina Faisal,706,100
A60935,EL Ebn Sina Faisal Station St.58,722,87
A60936,EBN SINA FAISAL br.2,724,87
A60937,EL EBN SINA FAISAL Branch 2,724,87
A60938,PY/Ebn Sina Faisal 6th Zone,739,88
A60939,PY/Ebn Sinaa Faisal br.2,740,89
A60940,Ph/Ebn Sina Faisal 011,752,83
A60941,Ebn Sina Faisal Branch 1,767,96
A60942,Ebn Sina Faisal Branch 2,767,96
A60943,Greenn Leaf 04,704,92
A60944,green leaf 04,704,92
A60945,el Green Leaf Main Road,724,88
A60946,el Green Leaf,724,88
A60947,Ph/GGreen Leaf 04,727,107
A60948,PY/Green Leaf 04,727,107
A60949,GREEN LEAF Mall,751,92
A60950,Green Leaf Station St.,751,92
A60951,Ph/NILE CARE HELWAN,705,90
A60952,EL nile care helwan Station St.,705,90
A60953,Nile Care Helwan,732,95
A60954,EL NILE CARE HELWAN Mall,740,90
A60955,el NILE CARE HELWAN Station St.,740,90
A60956,El-metro faisal 04,711,81
A60957,Ph/Metro Faisal 6tth Zone701,711,81
A60958,El-METRO FAISAL (2),713,86
A60959,PY/metro faisal 011,732,96
A60960,metro faisal Mall,732,96
A60961,Metro Faaisal 04,746,88
A60962,PH METRO FAISAL 04948,760,84
A60963,PH metro faisal,770,100
A60964,Metro Faisal Branch 2,770,100
A60965,EL life line helwan 011,700,84
A60966,Ph/Life Line Helwan,704,93
A60967,el LIFE LINE HELWAN (2),704,93
A60968,PH Life iLne Helwan Main Road,722,88
A60969,el Life Line Helwan Branch 1,732,97
A60970,El-Life Line Helwan br.2,732,97
A60971,Ph/Life Line Helwan 6th Zone,735,88
A60972,EL LIFE LINE HELWAN 011,735,88
A60973,PH LIFE LINE HELWAN 011,782,96
A60974,Ph/Heallth Gate Faisal773,741,95
A60975,El-Health Gate Faisal (2),741,95
A60976,Ph/Health Gate Faisal Branch 1,765,84
A60977,HEALTH GATE FAISAL-A,777,91
A60978,PH HEALTH GATE FAISAL br.2,777,91
A60979,el Health Gate Faisal Station St.,780,90
A60980,PH Health Gate Faisal,780,90
A60981,PY/UNION PHARM,712,102
A60982,Ph/UNION PHARM Branch 1,718,79
A60983,union pharm 011,720,92
A60984,PY/UNION PHARM br.2,753,84
A60985,EL Union Pharm,754,83
A60986,Union PharmB ranch 2,764,79
A60987,EL union pharm Station St.,764,79
A60988,El-UNION PHARM,766,91
A60989,Ph/El Tourath Oct City,703,86
A60990,El Tourath Oct City-A,703,86
A60991,PY/El Tourath Oct City,739,89
A60992,EL TOURATH OOCT CITY br.2,739,89
A60993,El-el tourath oct city 6th Zone,745,73
A60994,El Tourath Oct City 011,745,73
A60995,Ph/EL TOURATH OCT CITY MainR oad,770,101
A60996,PH El Tourath Oct City,770,101
A60997,EL el shifa obour,714,96
A60998,el shifa obour (2)153,737,91
A60999,PY/EL SHIFA OBOUR,761,77
A61000,el EL SHIFA OBOU-A,761,77
A61001,El-El Shifa Obour,772,93
A61002,PH El SShifa Obour br.2,772,93
A61003,El Shifa Obour br.2,773,100
A61004,Ph/el shifa obur Mall,775,86
A61005,Ph/Green Leaf Mohandessin Mall,704,94
A61006,green leaf mohandessin107,726,114
A61007,El-green leaf mohandessin Station St.,726,114
A61008,Green Leaf Mohandessin Mall,731,86
A61009,El-Green Leaf Mohandessin,731,86
A61010,Ph/GREEN LEAF MOHANDESSIN 011,762,95
A61011,PH Seha First Mohandesssin Station St.,708,89
A61012,PH Seha First Mohandessin (2),723,82
A61013,EL seha first mohandessin Branch 2,723,82
A61014,Seha First Mohandessin 011,746,89
A61015,seha first mohandessin Mall901,747,79
A61016,Seha First Mohandessin,774,82
A61017,El-Seha First Mohandessin br.2,774,82
A61018,Ph/Golden Care Marg 04285,722,89
A61019,EL Golden Care Marg,723,83
A61020,GOLDEN CAER MARG,723,83
A61021,el golden care marg br.2,733,86
A61022,el Golden Care Magr (2),733,86
A61023,PH Golden Care Marg Mall,745,74
A61024,PY/Golden Care Marg Main Road,745,74
A61025,PY/Golden Care Marg Mall,748,94
A61026,el Golden Care Marg788,748,94
A61027,El-Goolden Care Marg 04,771,90
A61028,P/YGOLDEN CARE MARG Mall,771,90
A61029,PH Ebn Sina Station St.,702,88
A61030,Ph/Ebn Sina br.2,702,88
A61031,Ebn Sina 6th Zone,712,103
A61032,EBN SINA,723,84
A61033,EL Ebn Sina,725,86
A61034,Ph/Ebn Sina Branch 2,746,90
A61035,PY/EBN SINA Branch 1,749,80
A61036,el Ebn Sina-A,749,80
A61037,EL Ebn Sina Branch 2,755,96
A61038,ebn sina 6th Zone,755,96
A61039,PY/Ebn Sina br.2,777,92
A61040,El-GOLDEN CARE 04,715,74
A61041,El-golen care,715,74
A61042,PH Golden Care-A,728,90
A61043,EL golden care Mall,733,87
A61044,golden are-A,733,87
A61045,golden care Branch 2,746,91
A61046,golden care Branch 1,746,91
A61047,El-Golden Care802,762,96
A61048,PH Golden Care Main Road,762,96
A61049,EL goldenn care Branch 2,773,101
A61050,golden care 04,773,101
A61051,el city care mohandessin Station St.,730,94
A61052,PH CITY CARE MOHANDESSIN373,730,94
A61053,PH CITY CAREM OHANDESSIN 04,734,89
A61054,CITY CARE MOHANDESSIN,744,104
A61055,City Care Mohandessin Branch 1,744,104
A61056,CITY CARE MOHANDESSIN Main Road,749,81
A61057,Ph/city care mohanessin Mall,753,85
A61058,Ph/MIRA MOHANDESSINb r.2,739,90
A61059,PY/MIRA MOHANDESSIN 6th Zone,772,94
A61060,Mira Mohandessin 04,772,94
A61061,el Mira Mohandessin Station St.224,778,96
A61062,SILVER CARE HARAM Branch 2352,703,87
A61063,SILVER CARE HARA (2),727,108
A61064,Siver Care Haram Branch 1,741,96
A61065,el Siler Care Haram Branch 2,765,85
A61066,Alpha Phaarma Mall,753,86
A61067,alpha pharma,754,84
A61068,alpha pharma Mall,754,84
A61069,el Alpha Pharma (2),763,96
A61070,Ph/Alpha Pharma Branch 2,763,96
A61071,el alpha hparma,709,85
A61072,PY/Alpha Pharma 6th Zone,718,80
A61073,alpha pharma Station St.,718,80
A61074,Ph/ALPHA PHARMA br.2350,720,93
A61075,PY/ALPHA PHARMA-A,720,93
A61076,alpha pharma (2),745,75
A61077,Ph/Alpha Pharma 6th Zone,750,90
A61078,alphapharma 04,751,93
A61079,PY/Alpha Pharma428,751,93
A61080,ALPHA PHARMA 6th Zone926,754,85
A61081,ANGEL MOHANDESSIN Branch 2,703,88
A61082,PY/Angel Mohandessin-A278,708,90
A61083,El-angel mohandessin,708,90
A61084,El-Angel Mohandessin 011307,718,81
A61085,el Angel Mohandessin Branch 2,718,81
A61086,Angel Mohandessin Station St.,732,98
A61087,El-Angel Mohandessin (2),732,98
A61088,Ph/Angel Mohandessin br.2,735,89
A61089,ANGEL MOHANDESSIN br.2,735,89
A61090,Ph/Angel Mohandessin Station St.,747,80
A61091,EL Angel Mohandessin 04,747,80
A61092,el Angel Mohandessin Station St.,756,98
A61093,angel mohandessin 6th Zone,756,98
A61094,El-Angel Mohandessin Station St.,772,95
A61095,El-ANGEL MOHANDESSIN,772,95
A61096,El-Green Leaf Agami-A,714,97
A61097,green leaf agami (2),714,97
A61098,PH green leaf agami 6th Zone741,719,90
A61099,Ph/green leaf agami br.2,719,90
A61100,Green Leaf Agami 04,734,90
A61101,EL Green Leaf Agami Branch 1,734,90
A61102,GREEN LEAF AGAMI Branch 2,739,91
A61103,Green Leaf Agami504,739,91
A61104,green leaf agami Branch 1,745,76
A61105,el Green Leaf Agami-A,745,76
A61106,El-Green Leaf Agami Mall,781,94
A61107,el green leaf agami Station St.,781,94
A61108,PY/Family Mohandessin Station St.,715,75
A61109,Ph/Family Mohandessin Branch 2571,745,77
A61110,El-Family Mohandessin,757,93
A61111,PH Family Mohandessin Station St.828,757,93
A61112,PH family mohandessin,762,97
A61113,El-FAMILY MOHANDESSIN Mall,762,97
A61114,el Family Mohandessin Mall,768,99
A61115,EL fmaily mohandessin255,775,87
A61116,Family Mohandessin Main Road,779,85
A61117,El-Union Pharm Mohandessin Station St.,730,95
A61118,union pharm mohandessin,733,88
A61119,El-Union Pharm Mohandessin 011,737,92
A61120,El-UNION PHARM MOHANDESSIN Branch 1,753,87
A61121,el union pharm mohandessin Mall27,753,87
A61122,UNION PHARM MOHANDESSIN Branch 1,764,80
A61123,PY/Star Care Helwan Mall,721,86
A61124,El-STAR CARE HELWAN Branch 1,722,90
A61125,PY/star care helwn Mall,722,90
A61126,STAR CARE HLEWAN-A,728,91
A61127,El-star care helwan50,728,91
A61128,el STAR CARE HELWAN 011133,733,89
A61129,EL star care helwan,740,91
A61130,El-Star Care Helwan 04,740,91
A61131,El-Star Care Helwan 04,741,97
A61132,Star Care Helwaan-A,741,97
A61133,el STAR CARE HELWAN 04,766,92
A61134,Ph/Star Care Hlwan Branch 2,766,92
A61135,Ph/Star Care Helwan Branch 1,771,91
A61136,EL Star Care Helwan Mall,771,91
A61137,hope maadi-A,703,89
A61138,EL Hope Maadi Station tS.,703,89
A61139,EL hope maadi 6th Zone,733,90
A61140,PY/Hope Maadi 6th Zoone,733,90
A61141,HOPE MAADI Main Road,734,91
A61142,Ph/Hope Maadi Main Road684,748,95
A61143,Hope Maadi-A583,761,78
A61144,hope maadi br.2,761,78
A61145,el Hope Maadii (2),765,86
A61146,EL hope maadi,765,86
A61147,HOPE MAADI Mall,776,73
A61148,EL HOPE MAADI Main Road,776,73
A61149,El-hope maadi 011,781,95
A61150,PYhope maadi 04,781,95
A61151,el Elite,720,94
A61152,el Elite Branch 2,750,91
A61153,el elite 6th Zone,751,94
A61154,El-ELITE Branch 2265,754,86
A61155,PY/elite,754,86
A61156,El-Life Line Mohandessin,720,95
A61157,el life line mohandessin 011,720,95
A61158,el life line mohandessin Main Road145,745,78
A61159,LIFE LINE MOHANDESSIN-A484,745,78
A61160,lif eline mohandessin-A,747,81
A61161,el life line mohandessin br.2,747,81
A61162,life line mohandessin Mlal844,774,83
A61163,El-life line mohandessin 011,774,83
A61164,EL LIFE LNE FAISAL25,707,71
A61165,Life Line Faisal Mall,707,71
A61166,LIFE LINE FAISAL Station St.,736,79
A61167,EL LIFE LINE FAISAL 04,736,79
A61168,Ph/LIFE LINE FAISAL 011,744,105
A61169,Life Line Faisal Station St.457,749,82
A61170,PhMISR SMOUHA 011485,709,86
A61171,Misr Smouha,741,98
A61172,El-MISR SMOUHA Branch 2,775,88
A61173,Misr Smouha,781,96
A61174,PH Misr Smouha Station St.,781,96
A61175,Ph/Nile Care Mohandessin,714,98
A61176,El-Nile Care Mohandessin,714,98
A61177,el NILE CARE MOHANDESSIN 6th Zone467,749,83
A61178,El-nile care mohandessin Branch 1,779,86
A61179,el Nile Care Mohandessin Mall643,779,86
A61180,Ph/Health Gate Branch 1,722,91
A61181,PH HEALTH GATE 6th Zone,722,91
A61182,El-Health Gate 04,729,94
A61183,PY/HAELTH GATE 04,782,97
A61184,health gate 04,782,97
A61185,AL OZHA IMBABA 011,722,92
A61186,el AL NOZHA IMBABA Branch 1,722,92
A61187,el Al Nozha Imbaba Brannch 2,728,92
A61188,PY/al nozha imbaba Branch 2760,728,92
A61189,el All Nozha Imbaba 04,738,92
A61190,El-Al Nozha Imbaba-A,739,92
A61191,alnozha imbaba Station St.637,771,92
A61192,El-Al Nozha Imbaba 011,771,92
A61193,Al Nozha Imbaba 6th Zone,773,102
A61194,MISR MOANDESSIN br.2,713,87
A61195,MISR MOHANDESSIN Branch 1,713,87
A61196,el Misr Mohandessin Station St.579,745,79
A61197,PY/Misr Mohandessin 011,745,79
A61198,PY/Misr Mohandessin br.2,746,92
A61199,misr mohandeessin br.2,758,82
A61200,El-Misr Mohandessin br.2,774,84
A61201,PH misr mohandessin 6th Zone,774,84
A61202,El-Misr Mohandessin Station St.,780,91
A61203,Misr Mohandessin (2),781,97
A61204,PY/pharma plus,700,85
A61205,PY/Pharma Plus,719,91
A61206,El-Pharma Plus br.2831,719,91
A61207,Ph/Pharma Plus,721,87
A61208,el Pharma Plus Mall800,729,95
A61209,el PHARMA PLUS,729,95
A61210,Ph/Pharma Plus (2)693,732,99
A61211,el Pharma Plus 04287,732,99
A61212,pharma plus 2(),734,92
A61213,Ph/Pharma Plus Branch 227,775,89
A61214,El-pharma plus 011358,775,89
A61215,pharma plus,779,87
A61216,Ph/PPharma Plus Mall,779,87
A61217,El-al ama l6th Zone,703,90
A61218,al amal br.2,703,90
A61219,al amal Station St.,706,101
A61220,PY/Al Amal 011,722,93
A61221,PY/a amal 04430,722,93
A61222,Al Amal,741,99
A61223,EL Al Amal 011,746,93
A61224,El-AL AMAL,746,93
A61225,Ph/al amal 6thZone,757,94
A61226,El-Al Amal 04752,768,100
A61227,AL AMA-A,775,90
A61228,EL Seha First Dokki Branch 2,706,102
A61229,seha first dokki (2),721,88
A61230,PY/Seha First Dokki453,765,87
A61231,Seha First Dokki (2),766,93
A61232,seha first dokki Station St.,771,93
A61233,Ph/Seha First Maadi Branch 2,718,82
A61234,P/YSEHA FIRST MAADI Main Road,720,96
A61235,el Seha First Maadi br.2286,720,96
A61236,PY/Seha First Maadi-A,738,93
A61237,el seha first maadi 011,738,93
A61238,El-Seha First Maadi (2),753,88
A61239,el seha first maadi Branch 1,753,88
A61240,Ph/seha first maadi Branch 1,782,98
A61241,El-A LNOZHA br.2,718,83
A61242,el Al Nozha,718,83
A61243,al nozha,727,109
A61244,EL AL NOZHA Main Road,735,90
A61245,AL NOZHA Branch 1749,746,94
A61246,Ph/al nzha 011618,749,84
A61247,PY/Al Nozha Mall,772,96
A61248,PH Pharma Plus 04160,703,91
A61249,El-Phama Plus Branch 1860,732,100
A61250,EL pharma plus 04,733,91
A61251,el Pharma Plus,733,91
A61252,Ph/Pharma Plus-A,740,92
A61253,pharma plus 04,758,83
A61254,EL Pharma Plus Mall,760,85
A61255,el Pharma Plus 011,770,102
A61256,PY/PHARMA PLUS Main Road,770,102
A61257,Better Life Imbaba-A,705,91
A61258,El-better life imbaba-A,725,87
A61259,Ph/better life imbaba-A,735,91
A61260,EL BETTER LIFE IMBABA br.2,735,91
A61261,PH better life imbaba br.2,744,106
A61262,better life imbaba Branch 2,744,106
A61263,el Better Life Imbaba Branch 2,753,89
A61264,Better Life Imbaba Branch 2285,753,89
A61265,EL Better Life Imbaba Main Road,761,79
A61266,BETTER LIFE IMBABA Station St.,761,79
A61267,Ph/misr Mall717,711,82
A61268,misr-A,727,110
A61269,el Misr Branch 2,728,93
A61270,el MIRS Branch 2,728,93
A61271,Misr Bracnh 2,740,93
A61272,el MISR br.2,742,91
A61273,Misr Branch 2,742,91
A61274,misr011,744,107
A61275,MISR Main Road328,744,107
A61276,PY/misr br.2,750,92
A61277,PY/Misr,781,98
A61278,EL BARAKA 6th Zone,703,92
A61279,EL BARAKA-A,703,92
A61280,PY/EL BARAKA56,711,83
A61281,El Baraka 6th Zone,723,85
A61282,EL el baraka 6th Zone,723,85
A61283,elE L BARAKA Main Road,730,96
A61284,el El Baraka 011347,730,96
A61285,El-EEL BARAKA Branch 2,735,92
A61286,PY/El Baraka,735,92
A61287,el el baraka Branch 2,777,93
A61288,PH METRO 6th Zone,703,93
A61289,el METRO 6th Zone,703,93
A61290,el Metro,715,76
A61291,Metro (2),715,76
A61292,el metro Braanch 1,721,89
A61293,PH Metro Station St.,736,80
A61294,El-El Shifa Montaz br.2,705,92
A61295,el shifa montaza Branch 1,705,92
A61296,PH l Shifa Montaza 04,715,77
A61297,El Shifa Montaza-A,715,77
A61298,el EL SHIFA MONTAZA Branch 1311,717,81
A61299,PY/El Shifa Mnotaza Mall,717,81
A61300,EL El Shifa Montaza Main Road,721,90
A61301,EL SHIFA MONTAZA 6th Zone,751,95
A61302,PY/El Shifa Montaza Main Road,751,95
A61303,el EL SHIFA MONTAZA Branch 2,767,97
A61304,Ph/EL SHIFA MONTAZA Branch 2,773,103
A61305,El Shifa Montaza Branch 2,780,92
A61306,El Shifa Montaza,780,92
A61307,Omega Nozha 6th Zone,704,95
A61308,Omega Nozha Branch 2,704,95
A61309,el Omega Nozha 011557,709,87
A61310,Omega Nozha,709,87
A61311,Ph/omega nozha 6th Zone,721,91
A61312,Omega Nozha Branch 1,721,91
A61313,Omega Nozha Branch 1,730,97
A61314,Omega Nozha Main Road,730,97
A61315,omega nozha-A,742,92
A61316,Omea Nozha,746,95
A61317,PY/Omega Nozh-aA571,746,95
A61318,PH Angel Helwan Staton St.,704,96
A61319,ANGEL HELWAN,730,98
A61320,Angel Helwan,748,96
A61321,Ph/angel helwan Main Road,771,94
A61322,ANGEL HELWAN 011,771,94
A61323,El-ngel Helwan,773,104
A61324,el angel helwan (2)194,773,104
A61325,Angel Helwan Station St.293,777,94
A61326,el Angel Helwan Main Road,777,94
A61327,Ph/Angel Helwn br.2,781,99
A61328,Angel Helwan Main Road,781,99
A61329,Ph/el tourath imbaba br.2,737,93
A61330,El-El Tourath Imbaba Mall,737,93
A61331,PH EL TOURATH IMBABA 04,751,96
A61332,el l Tourath Imbaba-A,751,96
A61333,PY/EL TOURAHT IMBABA,758,84
A61334,El Tourath Imbaba 6th Zone,776,74
A61335,Ph/BETTER LIFE BANHA Mall,711,84
A61336,El-BETTER LIFE BANHA 04,712,104
A61337,EL Better Life Banha Main Road,725,88
A61338,Ph/Better Life Banha Branch 2,725,88
A61339,PY/BETTER LIFE BBANHA Mall,748,97
A61340,Better Life Banha Branch 1,748,97
A61341,Betteer Life Banha Branch 2,757,95
A61342,BETTER LIFE BANHA 011330,757,95
A61343,PY/Better Life Banha,777,95
A61344,PH omega rehab view (2)556,704,97
A61345,PY/omega rehab view Station St.760,706,103
A61346,omega rehab view 04,706,103
A61347,PH omega rehab view 011,738,94
A61348,Omega Rehab Viw-A484,738,94
A61349,omega rehab view Branch 2,740,94
A61350,El-omega rehab view (2),740,94
A61351,Hope Mohandessin,703,94
A61352,EL HOPE MOHANDESSIN Main Road,726,115
A61353,el hope mohandesin Mall,726,115
A61354,EL hope mohandessin 04719,749,85
A61355,El-Hope Mohndessin,749,85
A61356,el Hope Mohandessin,759,81
A61357,el Hope Mohandessin-A13,777,96
A61358,hope mohandessin 04804,777,96
A61359,el Hope Mohandessin 6th Zone398,781,100
A61360,EL Hope Mohandessin Station St.,781,100
A61361,PH green leaf mohandessin (2),705,93
A61362,El-Green Leaf Mohandessin Branch 2995,705,93
A61363,El-GREEN LEAF MOHANDESSIN-A,708,91
A61364,PY/Green Leaf Mohandessin,708,91
A61365,Ph/Green Leaf Mohandessin Mall669,730,99
A61366,Ph/nile care mohandessn Branch 1,724,89
A61367,Nile Care Mohandessin,724,89
A61368,PH NILE CARE MOHANDESSIN Station St.,740,95
A61369,EL NILE CARE OHANDESSIN 04258,740,95
A61370,Ph/NILE CARE MOHANDESSIN Station St.,746,96
A61371,Nile Care Mohandessin Station St.,746,96
A61372,EL Nile Care Mohandessin Station St.,747,82
A61373,PH Nile Care Mohandessin Branch 1,747,82
A61374,NILE CARE MOHANDESSI N04,748,98
A61375,El-NILE CARE MOHANDESSIN-A,757,96
A61376,Nile Care Mohandessin-A,757,96
A61377,el CITY CARE BANHA Branch 1,719,92
A61378,El-City Care Banha Branch 1,719,92
A61379,El-CITY CARE BANHA (2)739,738,95
A61380,PY/ity care banha,744,108
A61381,CITY CARE BANHA 6th Zone,744,108
A61382,City Care Banha 011,752,84
A61383,City Care Banha Main Road,754,87
A61384,PH city care banha 04833,754,87
A61385,EL City Care Banha (2),758,85
A61386,el City Care Banha Mall,765,88
A61387,PY/Siver Care,707,72
A61388,PY/SILVER CARE 6th Zone,712,105
A61389,Ph/SILVER CAER 04649,712,105
A61390,silver care,727,111
A61391,Silver Care Mall,733,92
A61392,PY/SILVER CARE (2),733,92
A61393,Silver Care Branch 1,745,80
A61394,Ph/SILVER CARE 04,756,99
A61395,PH silver care br.2,756,99
A61396,EL Silver Care br.2,758,86
A61397,union pharm dokki 6th Zone,735,93
A61398,El-Union Pharm Dokki (2),763,97
A61399,union pharm dokk i6th Zone,773,105
A61400,Union Pharm Dokki br.2,773,105
A61401,Care 24 Seven Mohandessin 04,711,85
A61402,EL CARE 24 SEVEN MOHANDESSIN,725,89
A61403,el care 24 seven mohandessin (2),732,101
A61404,el care 24 seven mohandessin Mall721,732,101
A61405,el Care 24 Seven Mohandessin,744,109
A61406,PH Care 24 Seven Mohandessin-A,754,88
A61407,CARE 24 SEVEN MOHANDESSIN Main Road587,754,88
A61408,PH care 24 seven mohandessin Main Road,770,103
A61409,Al Nozha,711,86
A61410,El-al nozha Mall,723,86
A61411,Al Nozha-A,723,86
A61412,el al nozha Branch 2,732,102
A61413,el AL NOZHA-A,732,102
A61414,AL NOZHA br.2,760,86
A61415,Al Nozha 011,760,86
A61416,EL Angel Mohandessin Main Road,711,87
A61417,PH Angel Mohandessin,716,77
A61418,Angel Mohandessin Mall,720,97
A61419,PY/ANNGEL MOHANDESSIN br.2170,743,80
A61420,Angel Mohandessin,743,80
A61421,Angel Mohandessin 011,764,81
A61422,EL Angel Mohandessin Branch 2,764,81
A61423,Ph/ANGEL MOHANDESSIN-A,771,95
A61424,Ph/angel mohandessin Station St.,771,95
A61425,Ph/Angel Mohandessin 6th Zone38,775,91
A61426,ANGEL MOHANDESSIN-A520,775,91
A61427,angel mohandessin br.2230,776,75
A61428,Angel Mohandessin Mall,776,75
A61429,PH el tourath br.2,700,86
A61430,EL el tourath Station St.,700,86
A61431,El Tourath (2),707,73
A61432,el EL TOURATH Station St.,715,78
A61433,EL el tourath 04,719,93
A61434,El-el tourath,735,94
A61435,El Tourath 6th Zone176,765,89
A61436,el El Tourath Branch 1,771,96
A61437,PY/el tourath,771,96
A61438,EL TOURATH 04336,773,106
A61439,Ph/El Tourath (2),773,106
A61440,EL Star Care Rehab View Branch 2179,706,104
A61441,PY/Star Care Rehab View Branch 2,706,104
A61442,Star Care Rehab View MainRoad,743,81
A61443,Ph/Star Care Rehab View Main Road,743,81
A61444,EL Star Care Rehab View,766,94
A61445,PY/Star Care Rehab View Branch 2,766,94
A61446,PH star care rehab view Main Road,781,101
A61447,El-star care rehab view-A,781,101
A61448,Salamtek Mohandessin 6th Zone23,704,98
A61449,Salamtek Mohandessin Station St.,728,94
A61450,EL Salamtek Mohandessin 6th Zone,732,103
A61451,SALAMMTEK MOHANDESSIN br.2,732,103
A61452,Salamtek Mohandessin960,736,81
A61453,El-SALAMTEK MOHANDESSIN Station St.,736,81
A61454,El-Salamtek Mohandessin-A,749,86
A61455,PHSALAMTEK MOHANDESSIN 6th Zone,749,86
A61456,Salamtek Mohandessin 011,756,100
A61457,Salamtek Mohandessin Branch 1,756,100
A61458,El-Salamtek oMhandessin-A,772,97
A61459,Salamtek Mohandessin br.2,782,99
A61460,el salamtek moahndessin-A,782,99
A61461,el eliet 0458,711,88
A61462,EL Elite,711,88
A61463,PH Elite Branch 2,723,87
A61464,El-elite Station St.,723,87
A61465,PY/elite (2),750,93
A61466,El-elite 04,750,93
A61467,el Elite Branch 1,753,90
A61468,elite Branch 1,780,93
A61469,Better Life Helwan br.2,701,89
A61470,EL BETTER LIFE HELWAN,701,89
A61471,PY/Better Life Helwan Station St.835,706,105
A61472,BETTER LIFE HELWAN 011,715,79
A61473,El-Better Life Helwan 011,715,79
A61474,Beter Life Helwan br.2,716,78
A61475,PH better life helwan,743,82
A61476,Ph/BETTER LIFE HELWAN,743,82
A61477,el Better Life Helwan Branch 1,747,83
A61478,el Better Life Helwan-A,747,83
A61479,El-better life helwan Branch 1,752,85
A61480,better life helwan Branch 1,752,85
A61481,Better Life Helwan br.2,775,92
A61482,EL Better Life Helwan br.2,775,92
A61483,Ph/Better Life,718,84
A61484,el Better Life Mall,718,84
A61485,Better Life br.2,738,96
A61486,EL BETTER LIFE,738,96
A61487,Ph/BETTER LIFE (2)986,760,87
A61488,EL AL NOZHA MOHANDESSIN 04,727,112
A61489,EL al nozha mohandessin,729,96
A61490,al nozha mohandessin,738,97
A61491,EL al nozha mohandessin Main Road47,751,97
A61492,El-Al Nozha Mohandessin (2),771,97
A61493,El-Ebn Sina Mohandessin br.2,713,88
A61494,Ph/Ebn Sina Mohandessin (2),740,96
A61495,EL EBN SINA MOHANDESSIN ((2),749,87
A61496,Ebn Sina Mohandessin Branch 1,771,98
A61497,ebn sina mohandessin th Zone,771,98
A61498,el Pharma Plus Mall,705,94
A61499,pharma plus,705,94
A61500,el Pharma Plus 6th Zone986,710,91
A61501,El-Pharma Plus,710,91
A61502,Pharma Plus Statioon St.,746,97
A61503,EL PHARMA PLUS Mall442,752,86
A61504,EL Pharma Plus,767,98
A61505,EL Pharma Plus (2),781,102
A61506,Pharma Plus,781,102
A61507,AL AMAL MOHANDESSIN (2),720,98
A61508,Al Amal Mohandessin,720,98
A61509,PH Al Amal Mohandessin Branch 2,732,104
A61510,PH Al Amal Mohandessin 6th Zone308,732,104
A61511,PH al amal mohandessin 011,755,97
A61512,PY/Al Amal Mohandessin,755,97
A61513,El-al amal mohandessin Mall,771,99
A61514,EL ebn sina Brnach 1,706,106
A61515,Ebn Sina 04,706,106
A61516,el bEn Sina Branch 2,715,80
A61517,el Ebn Sina-A,740,97
A61518,ebn sina,740,97
A61519,Ph/Ebn Sina585,742,93
A61520,PH ebnn sina Mall,742,93
A61521,PH Ebn Sna,751,98
A61522,EL ebn sina Mall,761,80
A61523,el ebn sina Branch 2,761,80
A61524,EBBN SINA br.2,764,82
A61525,PY/Ebn Sina,777,97
A61526,EL ebn sina,777,97
A61527,El-HEALTH GATE SMOUHA Station St.,752,87
A61528,El-Health Gate Smouah-A,752,87
A61529,EL Health Gae Smouha 011625,755,98
A61530,Ph/Health Gate Smouha,755,98
A61531,Health Gate Smouha Branch 2,758,87
A61532,Ph/health gate smouha br.2,758,87
A61533,health gate smouha,769,83
A61534,El-health gate smouha 6th Zone,769,83
A61535,el Health Gate Smouha,777,98
A61536,El-Health Gate Smouha 6th Zone,777,98
A61537,HEALTH GATE SMOUHA 6th Zone609,781,103
A61538,HEALTH GATE SMOUHA br.2,781,103
A61539,PH Health Gat Smouha 04,782,100
A61540,El-Health Gate Smouha 011,782,100
A61541,PH CARE 24 SEVEN,748,99
A61542,el Care 24 Seven Branch 2,748,99
A61543,care 24 seven,750,94
A61544,EL CARE 24 SEVEN-A212,755,99
A61545,EL Care 24 Seven 6t Zone,762,98
A61546,PY/Care 24 Seven,762,98
A61547,Care 24 Seven Min Road,776,76
A61548,CARE 24 SEEVN MOHANDESSIN Mall,712,106
A61549,El-CARE 24 SEVEN MOHANDESSIN-A427,712,106
A61550,CARE 24 SEVEN MOHANDESSIN,736,82
A61551,el CARE 24 SEVEN MOHANDESSIN (2),736,82
A61552,PH Care 24 Seven Mohandessin 04,750,95
A61553,Care 24 Seven Mohandessin,755,100
A61554,Ph/CARE 24 SEVEN MOHANDESSIN 6th Zone,756,101
A61555,Care 24 Seven Mohandessin Branch 2704,758,88
A61556,el Salamtek Mohandessin Branch 2618,716,79
A61557,Ph/salamtek mohandessin,740,98
A61558,Salamtek Mohandessin,740,98
A61559,El-SALAMTEK MOHANDESSIN (2),756,102
A61560,PH Salamtek Mohandessin Mall,756,102
A61561,el SALAMTEK MOHANDESSIN,773,107
A61562,EL TOURATH FAISAL,722,94
A61563,El-El Tourath Faisal 011,732,105
A61564,EL TORATH FAISAL (2),741,100
A61565,PY/El Touraath Faisal 011,752,88
A61566,PY/EL TOURATH FAISAL Station St.,752,88
A61567,EL el tourath faisal Branch 2,771,100
A61568,Ph/EL TOURATH FAISAL,771,100
A61569,EL el tourath faisal 04372,782,101
A61570,Elite Helwan Branch 2,716,80
A61571,el Elite Helwan,716,80
A61572,el Elite Helwan Mall,720,99
A61573,Elite Helwan Main Road,720,99
A61574,el elite helwan,746,98
A61575,elite helwan Branc 1,748,100
A61576,ELITE HELWAN Branch 2,755,101
A61577,Ph/elite helwan 04586,775,93
A61578,Golden Care Mohandessin-A,758,89
A61579,GOLDEN CARE MOHANDESSI N011,761,81
A61580,el golden care mohandessin (2)771,761,81
A61581,el GOLDEN CARE MOHANDESSI NStation St.,763,98
A61582,golden care mohandessin,763,98
A61583,EL Union Pharm 6th Zone,700,87
A61584,PY/union pharm,707,74
A61585,El-Union Pharm,707,74
A61586,EL Union Pharm BBranch 1,715,81
A61587,El-union pharm 6th Zone,738,98
A61588,Ph/union pharm,758,90
A61589,EL EL TOURATH MOHANDESSIN,701,90
A61590,Ph/el tourath mohandessin 011879,701,90
A61591,el EL TOURATH MOHANDESSIN Mall346,709,88
A61592,El Tourath Mohandessin,754,89
A61593,el el tourath mohandessin br.2,754,89
A61594,Ph/El Faraby Mohandessin,730,100
A61595,el faraby mohandessin Mall,730,100
A61596,el faraby mohandessin,756,103
A61597,el El Faraby Mohandessin Station St.,756,103
A61598,PY/el faraby mohandessin Main Road,759,82
A61599,EL FARABY MOHANDESSIN Station St.,773,108
A61600,El Faraby Mohandessin Branch 1,773,108
A61601,El-METRO FAISAL 6th Zone66,706,107
A61602,PY/Metro Faisal 011,706,107
A61603,PH Metro Faisal 04,715,82
A61604,METRO FAISAL 011,715,82
A61605,Ph/Metro Faisal 011,726,116
A61606,el Metro Faisal Branch 2,727,113
A61607,Mtero Faisal Mall,727,113
A61608,Metro Faisal Main Road,743,83
A61609,Metro Faisal Main Road,743,83
A61610,el Metro Faisal791,755,102
A61611,el metro faisal Branch 1,755,102
A61612,el Metro Faisal Main Road,758,91
A61613,PH EMTRO FAISAL,770,104
A61614,ELITE 011,723,88
A61615,P/Elite,724,90
A61616,Elite 6th Zone,724,90
A61617,El-Elite 04,728,95
A61618,el elite Mall,729,97
A61619,PY/elite,729,97
A61620,ELITE 6th Zone,743,84
A61621,Ph/Elite Branch 2,743,84
A61622,EL Elite 011,747,84
A61623,El-ELITE Branch 2538,756,104
A61624,Ph/ELITE Branch 1199,782,102
A61625,PH nile care Branch 2,708,92
A61626,EL nil care329,737,94
A61627,Nile Care (2),737,94
A61628,PY/NILE CARRE Branch 1,776,77
A61629,NILE CARE,776,77
A61630,PY/El Tourath Branch 2,705,95
A61631,PH el tourath,738,99
A61632,PY/El Tourath (2),738,99
A61633,el el tourath 011,749,88
A61634,el tourath Branch 2,749,88
A61635,PH el tourath tSation St.,757,97
A61636,El-El Tourath,757,97
A61637,el tourath,777,99
A61638,EL el tourath 04307,777,99
A61639,EL TOURATH620,780,94
A61640,EL TOURTH,780,94
A61641,PY/El Tourath (2),782,103
A61642,el Lief Line 04,723,89
A61643,LIFE LIEN 011,738,100
A61644,Ph/Life Line (2),748,101
A61645,Ph/Life Line-A,748,101
A61646,EL life line Main Road,750,96
A61647,life lie 04,750,96
A61648,LIFE LINE Station St.,751,99
A61649,EL Mira Banha Station St.,704,99
A61650,PH Mira Banha Branch 1,704,99
A61651,MIRA BANHA Mall,721,92
A61652,MIRA BANHA br.2,721,92
A61653,El-MIRA BANHA Mall173,725,90
A61654,MIRA BANHA (2),727,114
A61655,mira banha Branch 2879,734,93
A61656,Ph/mira banha Branch 2,734,93
A61657,PY/mira banha br.2,769,84
A61658,Ph/Alpha Pharma Station St.,726,117
A61659,El--Alpha Pharma 6th Zone,726,117
A61660,Alpha Pharma Branch 1,744,110
A61661,PH Alpha Pharma 04,744,110
A61662,Ph/Alpha Pharma 04,748,102
A61663,EL Alpha Pharma Mall,781,104
A61664,El Nasr-A,725,91
A61665,el El Nasr Statoin St.850,740,99
A61666,Ph/El Nasr Branch 2,740,99
A61667,PY/El Nasr Branch 2,769,85
A61668,ELe l nasr Mall,769,85
A61669,Ph/Elite 011,721,93
A61670,Elite Branch 1,730,101
A61671,ELITE 04,730,101
A61672,Elite 6th Zone,740,100
A61673,Elite898,740,100
A61674,Ph/Elite,763,99
A61675,Ph/Elite 6th Zone,763,99
A61676,PH El Baraka Haram br.2,707,75
A61677,El-EL BARAKA HARAM 011,707,75
A61678,El Baraka Haram,729,98
A61679,El Baraka Haram,729,98
A61680,El Baraka Haram 04,768,101
A61681,PH El Baraka Haram-A,768,101
A61682,PY/Better Life-A,725,92
A61683,EL Better Lif br.2,725,92
A61684,better life Branch 2,730,102
A61685,el Better Life-A,730,102
A61686,Ph/Better Life 04259,744,111
A61687,Ph/Better Life,751,100
A61688,Bettter Life Station St.,758,92
A61689,BETTR LIFE (2),758,92
A61690,EL Better Life-A,778,97
A61691,el Silver Care Haram 6th Zone,738,101
A61692,PH Silver Care Haram br.2,744,112
A61693,EL SILVER CARE HARAM Branch 1,744,112
A61694,PY/Silver Care Haram br.2,751,101
A61695,SILVER CARE HARAM 6th Zone,765,90
A61696,PH Al Nozha,729,99
A61697,EL AL NOZHA,754,90
A61698,al nozha,759,83
A61699,AL NOZHA,773,109
A61700,PY/Al Nozha Branch 2,773,109
A61701,el silver care Main Road599,718,85
A61702,Ph/SILVER CARE,728,96
A61703,El-Silver Care br.2,728,96
A61704,Silver Care-A,757,98
A61705,el silver care-A,757,98
A61706,PY/silver care Mll,779,88
A61707,PH green leaf mohandessin 04,704,100
A61708,Green Leaf Mohandessin Station St.49,721,94
A61709,PY/Green Leaf Mohandessin,721,94
A61710,el green leaf mohandessin-A,732,106
A61711,El-GREEN LEAF MOHANDESSIN 6th Zone,749,89
A61712,PH GREEN LEAF MOHNADESSIN,755,103
A61713,El-Green Leaf Mohandessin (2)351,755,103
A61714,GREEN LEAF MOHNDESSIN br.2,764,83
A61715,el green leaf mohandessin-A,764,83
A61716,EL Green Leaf Mohandessin,776,78
A61717,Ph/GREEN LEAF MOHANEDSSIN 04,776,78
A61718,MISR BANHA 04,702,89
A61719,Misr Banha,725,93
A61720,MIISR BANHA Mall,730,103
A61721,PY/ISR BANHA 011,738,102
A61722,Ph/misr banha,738,102
A61723,Ph/Misr Bnha 011215,750,97
A61724,Ph/Misr Banha 6th Zone,750,97
A61725,PH misr banha br.2,767,99
A61726,el misr banha Branch 2,767,99
A61727,El-misr banha 04,780,95
A61728,ANGEL-A,700,88
A61729,Ph/angel Station St.743,734,94
A61730,El-angell (2),734,94
A61731,EL angel Branch 2,748,103
A61732,EL angel Branch 1,748,103
A61733,el Angel Main Road,782,104
A61734,GREEN LEAF MOHANDESSIN Mall,731,87
A61735,Green Laef Mohandessin,731,87
A61736,PH Green Leaf Mohandessin Mall,738,103
A61737,el Green Leaf Mohandessin-A,740,101
A61738,EL Green Leaf Mohandessin 011,761,82
A61739,el Health Gate Mohandessin 6th Zone79,708,93
A61740,PY/health gtae mohandessin Main Road177,708,93
A61741,health gate mohandessin Mall105,711,89
A61742,El-HEALTH GATE MOHANDESSIN189,729,100
A61743,el HEALTH GATE MOHANDESSIN624,729,100
A61744,PY/Health Gate Mohandessin,746,99
A61745,el health gate mohandessin Branch 1,746,99
A61746,health gate mohandessin Mall,754,91
A61747,Health Gate Mohandessin br.2958,754,91
A61748,Health Gate Mohandessin Main Road,758,93
A61749,Health Gate Mohandessin,758,93
A61750,EL health gate mohandessin (2),780,96
A61751,Elite Obour 6th Zone,701,91
A61752,EL Elitee Obour,702,90
A61753,Elite Obour Branch 2,704,101
A61754,PH ELITE OBOUR Main Road,712,107
A61755,E-lelite obour br.2,720,100
A61756,El-ELITE OBOUR Station St.,720,100
A61757,Elite Obour 011,723,90
A61758,PH Elite Obour,723,90
A61759,ELE LITE OBOUR,752,89
A61760,PY/ELITE OBOUR,752,89
A61761,PH elite obour 04,780,97
A61762,PH Elite Obour (2)747,780,97
A61763,el ANGEL MONTAZA,719,94
A61764,PH ANGEL MNTAZA-A,719,94
A61765,Angel Montaza br.2,725,94
A61766,Agnel Montaza br.2,746,100
A61767,Ph/ANGEL MONTAZA,746,100
A61768,PH ANGEL MONTAZA Main Road,749,90
A61769,PH ANGEL MONTAZA,749,90
A61770,Ph/Angel Montaza 6th Zone118,763,100
A61771,EL angel montaza,763,100
A61772,PY/Angel Montaza br.2,777,100
A61773,EL Unoin Pharm Maadi,750,98
A61774,PY/UNION PHARM MAADI br.2894,750,98
A61775,PY/UNION PHARM MAADI Mall186,769,86
A61776,UNION PHARM MAADI 6th Zone227,776,79
A61777,Ph/Metro Mohandessin 04,707,76
A61778,el METRO MOHANDESSIN Station St.,721,95
A61779,PY/METRO MOHANDESSIN Branch 2,721,95
A61780,El-mmetro mohandessin,754,92
A61781,el METRO MOHANDESSIN 011,768,102
A61782,Phh/Sunrise br.2,710,92
A61783,SUNRISE Mall404,721,96
A61784,Sunise 04,729,101
A61785,el Elite Mohandessin,701,92
A61786,Ph/Elite Mohandessin Main Road,701,92
A61787,Elite Mohandessin Station St.,710,93
A61788,el ELITE MOHANDESSIN 6th Zone,718,86
A61789,EL Elite Mohandessin Mall,737,95
A61790,ELITE MOHANDESSIN Branch 1,737,95
A61791,PY/elite mohandessin78,761,83
A61792,P/elite mohandessin Main Road,770,105
A61793,Elite Mohandessiin Main Road,780,98
A61794,Elite Mohandessin Branch 2,780,98
A61795,Elite Mohandessin,782,105
A61796,PH ELITE MOHANDESSIN 011,782,105
A61797,El-life line 011212,703,95
A61798,PY/Life Line Mall,703,95
A61799,El-life line Station St.,708,94
A61800,life line Station St.,708,94
A61801,Life Line Station St.,730,104
A61802,life line,730,104
A61803,El-Life Line Branch 1321,733,93
A61804,el life line,746,101
A61805,el LIFE LINE Branch 2,752,90
A61806,PH Alpha Pharma 6th Zone,750,99
A61807,ALPHA PHARMA Main Road,751,102
A61808,Alpha Pharma Branch 1310,752,91
A61809,EL alpha pharma Station St.,752,91
A61810,EL Alpha Pharma,760,88
A61811,Alpha Pharma (2)468,760,88
A61812,Alpha Pharma Branch 2,762,99
A61813,Alpha Pharma (2),762,99
A61814,Alpha Pharma Branch 2,767,100
A61815,PY/Alpha Pharma60,767,100
A61816,Alpha Pharma-A,768,103
A61817,EL Alpha Phaarma-A,768,103
A61818,EL MIRA MOHANDESSIN Station St.,704,102
A61819,mira mohandessin,704,102
A61820,PY/MiraMohandessin,709,89
A61821,PY/mira mohandessin Branch 1,709,89
A61822,PYm/ira mohandessin Mall,712,108
A61823,El-Mira Mohandessin 011,712,108
A61824,Ph/Mira Mohandessin Branch 1,732,107
A61825,MIRA MOHANDESSIN Station St.,732,107
A61826,Mira Mohandessin Station St.,739,93
A61827,PH Mira Mohandessin,760,89
A61828,EL Bettter Life Main Road,701,93
A61829,PH Better Life,701,93
A61830,PH Better Life Mall,718,87
A61831,PY/better life,718,87
A61832,el better life Station St.559,735,95
A61833,Ph/better life 011,735,95
A61834,El-Better Life br.2340,738,104
A61835,PY/Better Life Mall,738,104
A61836,PH BETTER LIFE Branch 2,752,92
A61837,EL Better Life aMll,752,92
A61838,better llife,757,99
A61839,Better Life Main Road,761,84
A61840,Ph/alpha pharma mohandessin Mall,710,94
A61841,Alpha Pharma Mohandessin,713,89
A61842,el Alpha Pharma Mohandessin 6th Zone,744,113
A61843,EL Alpha Pharma Mohandessin 6th Zone,744,113
A61844,Alpha Pharma Mohandessin Branch 1,779,89
A61845,Ph/el hokama Main Road,726,118
A61846,EL el okama 011,726,118
A61847,EL el hokama Mall,727,115
A61848,EL HOKAMA,729,102
A61849,el el hokama br.2,729,102
A61850,PH el hokama-A,733,94
A61851,PH El Hokama,733,94
A61852,EL El Hokama,739,94
A61853,PH El Hokama 011,745,81
A61854,HOPE Station St.,725,95
A61855,Hope Branch 2,725,95
A61856,el Hope-A,726,119
A61857,hope 011,742,94
A61858,Hope Branch 2,743,85
A61859,Hope,743,85
A61860,Hope br.2,747,85
A61861,Hope525,766,95
A61862,El-hope,766,95
A61863,EL Hope BBranch 1714,780,99
A61864,PH Hope-A349,780,99
A61865,city care br.2,716,81
A61866,PH City Care Branch 1610,725,96
A61867,PH City Care Branch 2,725,96
A61868,el City Caare Main Road,729,103
A61869,el City Care Branch 1,764,84
A61870,City Caer (2),764,84
A61871,city care Branch 1,772,98
A61872,City Care Branch 1,774,85
A61873,Ph/City Care,774,85
A61874,CITY CARE 6th Zone605,780,100
A61875,PH City Care456,781,105
A61876,PY/City Care Branch 2,781,105
A61877,PY/misr Branch 1369,711,90
A61878,PH Misr 6th Zone,727,116
A61879,misr 6th Zone,749,91
A61880,misr 011,749,91
A61881,PH MISR 011,768,104
A61882,PH seha first Branch 2988,715,83
A61883,Seha First Branch 1,715,83
A61884,seha firt-A,739,95
A61885,seha first,739,95
A61886,PY/Seha First Mall,760,90
A61887,Seeha First 011,762,100
A61888,SEHA FIRST 6th Zone,762,100
A61889,el SEHA FIRST,774,86
A61890,sehha first Main Road127,782,106
A61891,ALPHA PHAARMA674,745,82
A61892,alpha pharma Station St.,777,101
A61893,el alpha pharma-A,782,107
A61894,alpha pharma,782,107
A61895,EL ElNasr,700,89
A61896,PH el nas Station St.,709,90
A61897,e lnasr 04,711,91
A61898,Ph/el nasr Branch 2,711,91
A61899,Ph/el nasr 011236,754,93
A61900,NILE CARE Barnch 2,701,94
A61901,el NILE CARE 6th Zone824,701,94
A61902,PH Nile Care 04,728,97
A61903,El-nile care,728,97
A61904,Nile Care Branch 1,729,104
A61905,PY/NILE CARE-A44,745,83
A61906,Nile Care-A,746,102
A61907,Ph/NILE CARE Branch 1,756,105
A61908,NILE ACRE 04,756,105
A61909,Nile Care 011,758,94
A61910,El-NILE CARE 011,758,94
A61911,EL Nile Care 6th Zone,767,101
A61912,PY/inle care-A,767,101
A61913,Nile Care Mohandessin,705,96
A61914,EL Nile Care Mohandessin 011,705,96
A61915,EL Nile Care Mohandessin,717,82
A61916,EL Nile Care Mohandessin Station St.,717,82
A61917,EL NILE CARE MOHANDESSIN Branch 2,728,98
A61918,Ph/Nile Care Mohhandessin402,766,96
A61919,PH Nile Care Mohandessin 04,766,96
A61920,star care,719,95
A61921,STAR CARE 6th Zone,719,95
A61922,STAR CRAE 01161,723,91
A61923,El-Star Care Barnch 2,728,99
A61924,STAR CARE 6th Zone,775,94
A61925,el Star Care,779,90
A61926,EL Star Care Smouha Branch 1,700,90
A61927,star care smouha,700,90
A61928,EL Star Care Smouha br.2,719,96
A61929,EL Star Care Smouha Branch 2,719,96
A61930,el Star Care Smoua Mall,721,97
A61931,STAR CARE SMOUHA,721,97
A61932,Star Care Smouha 04,725,97
A61933,star care smouha Station tS.,731,88
A61934,Star Care Smouha-A,755,104
A61935,el Star Care Smouha,757,100
A61936,PY/Star Care Smouha Branch 2,757,100
A61937,EL star care smouha br.2,777,102
A61938,Star Care Smouha Station St.,777,102
A61939,star care oct city,701,95
A61940,El-Staar Care Oct City-A,724,91
A61941,PY/Star Care Oct City 011,724,91
A61942,EL STAR CARE OCT CITY,732,108
A61943,PH Star Care Oct City,732,108
A61944,Ph/Star Care Oct City Branc h2,782,108
A61945,Star Care Oct City 6th Zone,782,108
A61946,Ph/nile care mohandessin,725,98
A61947,el NILE CARE MOHANDESSIN 04,725,98
A61948,PY/Nile Care Mohandessin br.2,746,103
A61949,Ph/Nile Care Mohandessin Main Road551,746,103
A61950,El-Nlie Care Mohandessin Mall,766,97
A61951,Nile Care MohandessinBranch 1,771,101
A61952,EL Nile Care Mohandessin Mall,771,101
A61953,el Nile Care Mohandessin-A,779,91
A61954,El-GREEN LEAF-A,714,99
A61955,EL GREEN LEAF,721,98
A61956,Green Leaf Station St.,721,98
A61957,Ph/GREEN LEAF br.2688,732,109
A61958,Green Leaf 6th Zone,732,109
A61959,PY/reen Leaf Main Road,745,84
A61960,El Faraby Mohandessin 011511,706,108
A61961,El Faraby Mohandessin Branch 2,706,108
A61962,el el faraby mohandessin 011234,713,90
A61963,el EL FARABY MOHANDESSIN 6th Zone,713,90
A61964,Ph/El Faraby Mohandessin 04,740,102
A61965,EL FARABY OMHANDESSIN br.2,745,85
A61966,El-metro mohandessin Station St.,705,97
A61967,el metro mohandesin Mall,717,83
A61968,Metro Mohandessin 011,717,83
A61969,El-Metro Moahndessin Station St.,738,105
A61970,Metro Mohandessin Station St.,738,105
A61971,El-metro mohandessin,746,104
A61972,EL metro mohandessin-A,746,104
A61973,Metro Mohandessin Station St.,748,104
A61974,Metro Mohandessni Branch 1,748,104
A61975,EL Metro Mohandessin Main Road,750,100
A61976,El-metro mohadnessin 04,750,100
A61977,El-metro mohandessin,752,93
A61978,el Metro Mohandessin Mall,752,93
A61979,Ph/nile care maadi Station St.,731,89
A61980,El-Nile Care Maadi 6th Zone,731,89
A61981,PH Nile Care Maadi (2),735,96
A61982,El-Nile Care Maadi,735,96
A61983,Nile Care Maadi Main Road141,741,101
A61984,El-NILE CARE MAADI 011,741,101
A61985,PY/Nile Crae Maadi744,742,95
A61986,el NILE CARE MAADI,752,94
A61987,NILE CARE MAADI (2),753,91
A61988,PY/nile care maadi Branch 2,757,101
A61989,Ph/NILE CARE MAADI Branch 2,757,101
A61990,Nile Care Maadi Branch 1,772,99
A61991,Famiy Mohandessin 6th Zone608,717,84
A61992,Ph/Family Mohandessin 011,726,120
A61993,Family Mohandessin Station St.,726,120
A61994,PY/family mohandessin (2)233,732,110
A61995,PH Family Mohandessin,732,110
A61996,FAMILY MOHANDESSIN Station St.,733,95
A61997,FAMILY MOHANDESSIN 04,733,95
A61998,PH Family Mohandessin 011,735,97
A61999,Family Mohandessin Mall,735,97
A62000,Ph/FAMILY MOHANDESSIN Station St.,744,114
A62001,PY/Family Mohandessin (2),744,114
A62002,PH FAMILY MOHANDESSIN889,751,103
A62003,PY/FAMILY MOHANDESSIN Mall,760,91
A62004,El-Better Life Mohandessin,700,91
A62005,El-better life mohandessin,700,91
A62006,PY/Better Life Mohandessin 011,724,92
A62007,Better Life Mohandessin br.2,724,92
A62008,PY/Better Life Mohandessin Mall,726,121
A62009,PH Better Life Mohandessin 6th Zone,726,121
A62010,PH Better Life Mohandessin Mall,736,83
A62011,El-Better Life Mohandessin,751,104
A62012,Better Life Mohandessin,770,106
A62013,Ph/Better Life Mohandessin 011,772,100
A62014,EL better life mohandessin (2),772,100
A62015,better life mohandessin Main Road,775,95
A62016,El-Better Life Mohandessin Mall,775,95
A62017,El-SILVER CARE MOHANDESSIN-A,707,77
A62018,Ph/Silver Care Mohandessin 04,716,82
A62019,Ph/Silver Care Mohandessin Branch 2,716,82
A62020,PH Silver Care Mohandessin Main Road,735,98
A62021,Silver Care Mohandessin 6th Zone,743,86
A62022,Silver Care Mohandessin Branch 2,743,86
A62023,el Siver Care Mohandessin,751,105
A62024,el silver care mohandessin Station St.,776,80
A62025,EL Dr Medhat,737,96
A62026,Dr Medhat (2),743,87
A62027,el DR MMEDHAT Main Road,762,101
A62028,El-Dr Medhat307,765,91
A62029,EL drmedhat,780,101
A62030,EL dr medhat Main Road,780,101
A62031,al amal 04,717,85
A62032,Ph/Al Amal Main Road,740,103
A62033,Al Amal 6th Zone,756,106
A62034,Al Amal (2),756,106
A62035,PY/al amal,759,84
A62036,Ph/AL AMAL-A,763,101
A62037,el Al Amal 011,763,101
A62038,al amal 6th Zone,770,107
A62039,El-Al Amal 01192,770,107
A62040,Ph/Al Amal,775,96
A62041,Al Ammal 011,775,96
A62042,Ph/METRO FAISAL Main Road775,727,117
A62043,METRO FAISAL,733,96
A62044,PY/Metro Faisal br.2,733,96
A62045,Ph/Metro Faisal,749,92
A62046,el metro faisal bbr.2,749,92
A62047,PH Metro Faisal,762,102
A62048,PY/Metro Faisal0 4,775,97
A62049,El-Metro Faisal Mlal,777,103
A62050,Ph/METRO FAIASL Branch 278,777,103
A62051,Sunrise Obour Staation St.,720,101
A62052,PH sunrise obour Station St.,724,93
A62053,Sunrise Obur Mall,732,111
A62054,EL Sunrise Obour (2),732,111
A62055,EL SUNRISE OBOUR 6th Zone,782,109
A62056,PH SunriseHaram (2),714,100
A62057,EL Sunrise Haram,714,100
A62058,El-SUNRISE HARAM Station St.139,721,99
A62059,sunrise haram-A,769,87
A62060,PH SUNRISE HARAMM 6th Zone,769,87
A62061,Union Pharm br.2,706,109
A62062,Ph/Union Pharm,714,101
A62063,Unin Pharm 04,715,84
A62064,EL union pharm970,725,99
A62065,PH Unio nPharm,725,99
A62066,EL Union Pharm Branch 1,737,97
A62067,Unon Pharm316,749,93
A62068,Ph/Union Pharm (2)819,749,93
A62069,PY/Union Pharm Main Road,780,102
A62070,el UNION PHARM 6th Zone,780,102
A62071,Ph/Ebn Sina Haram Mall,701,96
A62072,EBN SINA HARAM,701,96
A62073,Ph/EBN SINA HARAM br.2,720,102
A62074,ebn sina haram207,721,100
A62075,Ebn Sina Haram-A,722,95
A62076,El-EBN SINA HARAM,749,94
A62077,PY/ebn sina haram Branch 1,757,102
A62078,el Ebn Sina Haram (2),770,108
A62079,Ebn Sina Mohandessin br.2,706,110
A62080,el EBN SINA MOHANDESSIN 011,723,92
A62081,Ph/EBN SINA MOHANDESSIN,726,122
A62082,El-Ebn Sina Mhandessin 011,726,122
A62083,el Ebn Sina Mohandessin Station St.,731,90
A62084,PY/ebn sina mohandessin 6th Zone,738,106
A62085,EBN SINA MOHANDESSIN Mall,744,115
A62086,Ph/ebn sina mohandessni Mall,744,115
A62087,el Ebn Sina Mohandessin,773,110
A62088,PH Alpha Phamra,701,97
A62089,el alpha pharma,701,97
A62090,Alpha Pharma Main Road,713,91
A62091,El-Alpha Pharma Branch 1,745,86
A62092,Ph/Alpha Pharma Station St.681,745,86
A62093,Ph/alpha pharma Mall,771,102
A62094,PY/ALPHA PHARMA Branch 1,773,111
A62095,Alpha Pharma,773,111
A62096,PH Alpha Pharma br.2937,782,110
A62097,el Alpha Pharma500,782,110
A62098,EL NASR (2),718,88
A62099,PH El Nas-rA,718,88
A62100,el El Nasr 6th Zone,720,103
A62101,EL el nasr Main Road,757,103
A62102,el nasr br.2,757,103
A62103,EL el nasr,759,85
A62104,el nasrM ain Road,764,85
A62105,PH el nasr 011,764,85
A62106,el El Nasr Mall,765,92
A62107,Ph/El Nasr Branch 1188,777,104
A62108,PH EL NASR br.2786,778,98
A62109,EL family oct city 6th Zone,701,98
A62110,Family Oct City-A,709,91
A62111,EL family oct ciy Station St.,740,104
A62112,El-family octc ity,740,104
A62113,El-Family Oct City Station St.,746,105
A62114,Family Oct City Branch 1,746,105
A62115,Family Oct City-A,750,101
A62116,PH Famiily Oct City (2),753,92
A62117,FAMILY OCT CITY 6th Zone,758,95
A62118,PH family oct city 011,776,81
A62119,Ph/HOPE HARAM Branch 179,714,102
A62120,EL hope haram Branch 2,717,86
A62121,HOPEH ARAM (2),717,86
A62122,HOPE HARAM,753,93
A62123,Ph/HOE HARAM 011,754,94
A62124,hope haram Mall,754,94
A62125,El-Hop eHaram 6th Zone,762,103
A62126,hope haram 011,762,103
A62127,EL Hope Haram279,773,112
A62128,el Hope Haram (2),773,112
A62129,EL Hope Haramm 011675,780,103
A62130,Hope aHram284,780,103
A62131,SUNRISE IMBABA,716,83
A62132,PH SUNRISE IMBABA Main Road,716,83
A62133,Phh/sunrise imbaba,732,112
A62134,SUNRISE IMBABA 6th Zone,742,96
A62135,sunrise immbaba 6th Zone,742,96
A62136,sunrise imbaba Station St.,755,105
A62137,PY/sunrise imbaba-A,760,92
A62138,sunrise imbba-A,760,92
A62139,PH Sunrise Imbaba 6th Zone,762,104
A62140,SUNRISE IMBABA 011,777,105
A62141,PY/NILE CARE 04,732,113
A62142,Nile Care 011,732,113
A62143,Nile Care 011,743,88
A62144,PH nile care 04,745,87
A62145,EL green leaf mohandessin (2)763,701,99
A62146,Green Leaf Mohandessin 04,701,99
A62147,EL Green Leaf Mohandessin Station St.,720,104
A62148,Green Leaf Mohandessin br.2,720,104
A62149,el GREEN LEAF MOHANDESSIN br.2,724,94
A62150,PY/Green Leaf Mohandessin 011,724,94
A62151,EL Golden Care Mohandessin (2),704,103
A62152,el GOLDEN CARE MOHANDESSIN 04,740,105
A62153,PH Golden Care Mohandessin Branch 1,740,105
A62154,Golden Care Mohandessin,759,86
A62155,el hhokama square 6th Zone952,717,87
A62156,El Hokama Square Main Road,717,87
A62157,El Hokama Square,720,105
A62158,PH El Hokama Square 04828,737,98
A62159,El-El Hokama Square,740,106
A62160,El Hokama Square,740,106
A62161,El-el hokama square 04,748,105
A62162,El Hokama Square-A,748,105
A62163,El-el hokama square br.2,751,106
A62164,El Hokama Square Branch 1,751,106
A62165,EL El Hokama Squre 011,769,88
A62166,el hokama square Branch 1,781,106
A62167,EL Family Nozha Branch 1,742,97
A62168,Family Nozha,758,96
A62169,PY/family nozha Main Road,758,96
A62170,FAMILY NOZHA 04,762,105
A62171,Ph/family nozha,762,105
A62172,PY/family nozha-A,776,82
A62173,FAMILY NOZHA,776,82
A62174,Ph/PHARMA PLUS MARG 04,753,94
A62175,pharma plus marg Mall,761,85
A62176,PY/pharma plus marg br.2,761,85
A62177,PH PHARMA PLUS MARG 011,773,113
A62178,Ph/Pharma Plus Marg 0468,773,113
A62179,PY/El Baraka 011,714,103
A62180,el el baraka,718,89
A62181,El Baraka 011,749,95
A62182,EL BARAKA 6th Zone,752,95
A62183,el baraka Station St.619,755,106
A62184,El Baraa Branch 1,755,106
A62185,El-El Baraka 6th Zone,774,87
A62186,mira,702,91
A62187,mira br.2,705,98
A62188,Mira br.2,705,98
A62189,PY/MIRA446,750,102
A62190,Omega Smouha br.2,725,100
A62191,OMEGA SMOUAH (2),726,123
A62192,omega smouha,726,123
A62193,PH OMEGA SMOUHAA 04,774,88
A62194,Omega Smouha-A,774,88
A62195,Ph/El Tourath Mohandessin-A,730,105
A62196,Ph/el tourath mohandessin,741,102
A62197,El-el tourath mohandessin 04244,749,96
A62198,EL TOURATH MOHANDESSIN744,749,96
A62199,Ph/El Tourath Mohanedssin-A,764,86
A62200,PY/el tourath mohandessin Main Road231,764,86
A62201,PH El Tourath Mohandessin Branch 1,779,92
A62202,el El Tourath Mohandessin6th Zone,779,92
A62203,Ph/HOPE MOHANDESSIN 6th Zone,707,78
A62204,Hope Mohhandessin Mall,707,78
A62205,Hope Mohandessin (2),732,114
A62206,HOPE MOHANDESSIN b.2,736,84
A62207,Hope Mohandessin 011,736,84
A62208,PYY/Hope Mohandessin Branch 2,740,107
A62209,Ph/HOPE MOHANDESSIN (2),745,88
A62210,Ph/Hope Mohandessn Main Road429,745,88
A62211,hope mohandessin (2),781,107
A62212,Hope Mohandessin Mani Road,781,107
A62213,Pharma Plus Mall504,723,93
A62214,PY/PHARMA PULS,723,93
A62215,Ph/phharma plus br.2,742,98
A62216,PHARMA PLUS,742,98
A62217,pharma plus Station St.,757,104
A62218,PY/Pharma Plus Station St.,757,104
A62219,Ph/CITY CARE Branch 1,703,96
A62220,El-city care Branch 1,709,92
A62221,el city carre Station St.,729,105
A62222,City Caare,753,95
A62223,City Care 011,756,107
A62224,City Care 011,756,107
A62225,city care-A,776,83
A62226,Ph/City Care,776,83
A62227,city care (2),779,93
A62228,PH City Care Main Road584,779,93
A62229,bettter life Branch 1,715,85
A62230,Better Life br.2527,715,85
A62231,EL Better Life,718,90
A62232,Better Life,718,90
A62233,BETTER LIFE Branch 2,724,95
A62234,Better Life Branch 2489,724,95
A62235,PY/BETTER LIFE232,751,107
A62236,PH BETTER LIFE Main Road,779,94
A62237,better life,779,94
A62238,PY/Better Life 04,782,111
A62239,Pharma Plus Branch 2,707,79
A62240,pharma pplus Branch 2260,708,95
A62241,EL Pharma Plus br.2,708,95
A62242,pharma plus 011,752,96
A62243,EL Pharma Plus,758,97
A62244,Pharma Plus Branchh 2,758,97
A62245,Pharma Plus 6th Zone,768,105
A62246,Pharma Plus,768,105
A62247,pharma plus,777,106
A62248,pharam plus,777,106
A62249,PY/Care 24 Seven Obour,709,93
A62250,CARE 24 SEVEN OBOUR Main Road,724,96
A62251,EL care 24 seven obour781,724,96
A62252,PH care 24 seven obour Main Road,737,99
A62253,Care 24 Seven Obour Mall,737,99
A62254,HEALTH GATE Station St.,724,97
A62255,Ph//Health Gate,724,97
A62256,Health Gate Station St.,733,97
A62257,health gate-A,733,97
A62258,PH Health Gate br.2,736,85
A62259,health gate Main Road,736,85
A62260,Health Gate 6th Zone,744,116
A62261,Ph/health gate Main Road,744,116
A62262,PY/Care 24 Sevenn 6th Zone,702,92
A62263,El-CARE 24 SEVEN br.2,721,101
A62264,EL care 24 seven,758,98
A62265,Ph/care 24 seven 04,758,98
A62266,care 24 seven,779,95
A62267,Care 24 Seven 011,779,95
A62268,PY/l zahraa br.2,716,84
A62269,el El Zahraa br.2,717,88
A62270,El Zahraa Station St.,717,88
A62271,EL El Zaraa Branch 1,721,102
A62272,el EL ZAHRAA-A,721,102
A62273,EL El Zahraa 6th Zone,756,108
A62274,EL El Zahraa,759,87
A62275,El Zahraa,768,106
A62276,EL ZAHRAA,768,106
A62277,EL EL ZAHRAA Bracnh 2994,769,89
A62278,Ph/El Zahraa 04,769,89
A62279,El Baraka Branch 2,719,97
A62280,Ph/El Baraka,726,124
A62281,PH El Baraka 6th Zone,730,106
A62282,El Baraka 011,730,106
A62283,el El Baraka 04,754,95
A62284,EL El Baraka,754,95
A62285,ell baraka-A,765,93
A62286,el baraka Statioon St.,774,89
A62287,EL El Baraka 6th Zone,774,89
A62288,Ph/Hope Branch 1,714,104
A62289,EL hope Statio nSt.,714,104
A62290,PH Hope 6th Zone,743,89
A62291,Ph/HOPE121,746,106
A62292,el hope,746,106
A62293,EL El Faraby 04,719,98
A62294,EL El Faraby Mall,747,86
A62295,Ph/El Faraby 04,747,86
A62296,el El Faraby Mall,772,101
A62297,PY/El Faraby 011,772,101
A62298,el City Care Mohandessin-A892,700,92
A62299,PH CITY CARE MOHANDESSIN280,700,92
A62300,PH City Care Mohandessin 011962,736,86
A62301,City Crae Mohandessin (2),737,100
A62302,PH City Care Mohandessin 6th Zone,782,112
A62303,misr-A,700,93
A62304,PY/iMsr,700,93
A62305,EL Misr (2),702,93
A62306,PY/MISR 04,702,93
A62307,MISR Branch 1,706,111
A62308,el Misr Mall,728,100
A62309,Misr 6th Zone,728,100
A62310,misr Main Road,751,108
A62311,Misr 011,751,108
A62312,Ph/Mis Mohandessin Branch 2,702,94
A62313,el Misr Mohandessin Mall,702,94
A62314,Misr Mohandessin341,742,99
A62315,Misr Mohandessin 04,742,99
A62316,MISR MOHANDESSIN br.2,769,90
A62317,Ph/al nozha Station St.,729,106
A62318,El-al nohza Station St.,729,106
A62319,PY/al ozha Station St.216,730,107
A62320,Ph/Al Nozhaa 6th Zone,753,96
A62321,EL Al Nozha (2),762,106
A62322,al nozha 04,767,102
A62323,Ph/Al Nozha Branch 1,775,98
A62324,AL NOZHA Branch 2,775,98
A62325,el Al Nozha Mall,781,108
A62326,el Alpha Pharma Banh 011,705,99
A62327,Ph/ALPHA HPARMA BANHA br.289,719,99
A62328,el ALPHA PHARMA BANHA Branch 2,719,99
A62329,PH ALPHA PHARRMA BANHA (2),723,94
A62330,Ph/alpha pharma banha-A350,723,94
A62331,alpha pharma banha br.2,726,125
A62332,El-lpha Pharma Banha 011577,732,115
A62333,alpha pharma banha br.2,732,115
A62334,Ph/alpha pharma banha Branch 1847,763,102
A62335,PH mira,723,95
A62336,PH Mira,723,95
A62337,el MIRA,729,107
A62338,el Mira Main Road,729,107
A62339,Ph/Mira Branch 2,749,97
A62340,mra-A,749,97
A62341,mira,776,84
A62342,EL Mira br.2850,776,84
A62343,PH El Nasr Branch 1,720,106
A62344,PY/El Nasr768,720,106
A62345,El-EL NASR Station St.,765,94
A62346,Ph/EL NASR Mall,775,99
A62347,EL el nasr (2),775,99
A62348,EL HOPE br.2881,734,95
A62349,hope 6th Zone,759,88
A62350,Hope Main oRad,778,99
A62351,PY/ALPHA PHARMA MOHANDESSIN Branch 2,708,96
A62352,EL Alpha Phara Mohandessin,717,89
A62353,EL Alpha Pharma Mohandessin Branch 1,717,89
A62354,el ALPHA PHARMA MOHANDESSIN br.2170,727,118
A62355,PH ALPHA PHARMA MOHANDESSIN 6th Zone,727,118
A62356,El-Alpha Pharma Mohandessin Branch 2,731,91
A62357,ALPHA PHARA MOHANDESSIN 04,751,109
A62358,El-Alpha Pharma MMohandessin Station St.223,758,99
A62359,PY/ALPHA PHARMA MOHANDESSIN,758,99
A62360,metro (2),707,80
A62361,metro 011,719,100
A62362,el metro (2),724,98
A62363,METRO bbr.2,729,108
A62364,Metro Mall488,743,90
A62365,PY/Metro 04,743,90
A62366,el metro (2),746,107
A62367,El-Metro 04,746,107
A62368,el metro br.2,777,107
A62369,El-ANGEL Main Rad,717,90
A62370,Angel Branch 2,720,107
A62371,El-Angel 04,720,107
A62372,PH Angel 6th Zone,737,101
A62373,METRO MOHANDESSIN-A,706,112
A62374,PY/METRO MOHANDESSIN-A,706,112
A62375,metro mohandssin,709,94
A62376,metro mohandessinn 04224,728,101
A62377,PH metro mohandessin,765,95
A62378,Metro Mohandessin Branch 2,765,95
A62379,metro omhandessin,767,103
A62380,EL SHIFA HELWAN,700,94
A62381,EL El Shifa Helwan (2),715,86
A62382,EL El Shifa Helwan br.2,715,86
A62383,El-El Shifa Helwan,737,102
A62384,EL SHIFA HELWAN (2),737,102
A62385,PH El Shfa Helwan-A,761,86
A62386,EL TOURATH 6th Zone,701,100
A62387,el tourtah Mall,705,100
A62388,El-el tourath-A,705,100
A62389,El-E LTOURATH Branch 1,709,95
A62390,El-EL TOURATH 011,718,91
A62391,PY/El Tourath 01197,718,91
A62392,PH ell tourath br.2531,722,96
A62393,el tourath Station St.,722,96
A62394,PH el tourath 011,738,107
A62395,el tourath Banch 2,740,108
A62396,EL El Tourath880,740,108
A62397,PY/salamtek,705,101
A62398,El-SALAMTEK 04,709,96
A62399,Ph/SALAMTEK br.2,709,96
A62400,ell SALAMTEK (2)898,720,108
A62401,EL SALAMTEK 04,720,108
A62402,Ph/ASLAMTEK 011,728,102
A62403,Ph/Salamtek Sattion St.,728,102
A62404,salamtek Mall,730,108
A62405,PH SALLAMTEK (2),732,116
A62406,Salamtekk Mall,744,117
A62407,PH salamtek Branch 125,744,117
A62408,Salamtek 04,763,103
A62409,Al Amal Mohandessin 6th Zone80,727,119
A62410,el Al Amal Mohandessin 011,759,89
A62411,PH a amal mohandessin Branch 1123,759,89
A62412,el al amal mohandessin,772,102
A62413,PH star care Mall,711,92
A62414,Star Care Branch 1,711,92
A62415,El-Star Care Main Road,712,109
A62416,Ph/Star Care 6th Zone,712,109
A62417,Star Care (2),737,103
A62418,star care 04,739,96
A62419,El-star care br.2,739,96
A62420,Ph/Star Care,755,107
A62421,Star Care Mall,757,105
A62422,EL star care,761,87
A62423,EL GGreen Leaf,708,97
A62424,green leaf,708,97
A62425,PY/GREEN LEAF Main Road,733,98
A62426,Ph/Green Leaf 6th Zone,733,98
A62427,el Green Leaf 04,745,89
A62428,PH Green Leaf242,753,97
A62429,green leaf 04,758,100
A62430,Green Leaf 04,766,98
A62431,e GREEN LEAF 6th Zone,778,100
A62432,el GREEN LEAF Main Road,779,96
A62433,PH Green Leaf Mall405,779,96
A62434,el nile care oct city,704,104
A62435,el Nile Care Oct City 6th Zone,737,104
A62436,el nile carre oct city Branch 1825,745,90
A62437,El-NILE CARE OCT CITY 6th Znoe,745,90
A62438,Ph/Nile Care Oct City,753,98
A62439,EL NILE CARE OCT CITY Main Road,772,103
A62440,nile care oct city,772,103
A62441,EL nile care oct city-A,776,85
A62442,METRO 6th Zone,705,102
A62443,PH metro (2),705,102
A62444,Mettro,712,110
A62445,EL metro Mall,712,110
A62446,Ph/Metro (2),723,96
A62447,El-metro131,723,96
A62448,Ph/METRO Station SSt.,729,109
A62449,EL Metro Main Road121,741,103
A62450,PY/metro br.2697,744,118
A62451,Metro-A,744,118
A62452,PY/Metro Mall,750,103
A62453,metro 011,754,96
A62454,PH METRO,754,96
A62455,EL EL HOKAMA MOHANDESSIN 6th Zone,732,117
A62456,EL El Hokama Mohandessin Branch 1,732,117
A62457,Ph/El Hokama Mohandessin Branch 2,735,99
A62458,PY/El Hokama Mohandessin 6th Zone,763,104
A62459,PH El Hokama Mohandessin Staiton St.,763,104
A62460,EL el hokama mohandessin,766,99
A62461,El Hokama Mohandessin 04,766,99
A62462,Union Pharm Branch 1,729,110
A62463,Union Pharm 6tth Zone,729,110
A62464,EL UNION PHARM-A601,740,109
A62465,union pharm-A,744,119
A62466,Ph/union pharm 6th Zone,744,119
A62467,Union Pahrm br.2,772,104
A62468,EL Union Pharm (2),781,109
A62469,el SUNRISE MOHANDESSIN Main Road437,706,113
A62470,SUNRISE MOHANDESSIN 6th Zone507,706,113
A62471,el Sunrise Mohandessin 04,734,96
A62472,Ph/Sunrise Mohandessin 6th Zone,768,107
A62473,PY/Sunrise Mohandessin 04,768,107
A62474,Sunris eMohandessin 04245,782,113
A62475,EL HOKAMA MOHANDESSIN,708,98
A62476,PH El Hokama ohandessin br.2800,709,97
A62477,Ph/el hokama mohanedssin 011,709,97
A62478,Ph/EL HOKAMA MOHANDESSIN 6th Zone,720,109
A62479,el EL HOKAMA MOHANDESSIN,723,97
A62480,El-el hokama mohandessin Branch 1,723,97
A62481,EL El Hokama Mohandessin Branch 1,745,91
A62482,el El Hokama Mohandessin,749,98
A62483,EL HOKAM MOHANDESSIN,762,107
A62484,Ph/Dr Medhat Haram704,705,103
A62485,el r Medhat Haram,705,103
A62486,Ph/Dr Medhat Haram,716,85
A62487,Dr Medhat Haram,716,85
A62488,PY/DR MEDAHT HARAM Main Road,728,103
A62489,PY/DR MEDHAT HARAM,734,97
A62490,el Dr Medhat Harram,735,100
A62491,D rMedhat Haram (2),735,100
A62492,Ph/DR MEDHAT HARAM 04,737,105
A62493,EL Silver Care Rehab View,703,97
A62494,Silver Care Rehab ViewS tation St.,716,86
A62495,PY/silver care rehab view 04,716,86
A62496,Ph//silver care rehab view Branch 2,725,101
A62497,PH Silver Care Rehab View,725,101
A62498,PY/SILVER CARE REHAB VIEW,758,101
A62499,El-SILVER CARE REHBA VIEW (2),758,101
A62500,EL Silver Care Rehab View Main Road214,767,104
A62501,el SILVER CARE REHAB VIEW br.2727,767,104
A62502,SILVER CARE REHAB VIEW-A,780,104
A62503,PH El Nasr Agami 04,707,81
A62504,EL el nasr agami br.2185,745,92
A62505,PY/EL NASR AGAMI (2),745,92
A62506,El-el nasr agami ranch 2,763,105
A62507,EL el nasr agami Branch 2807,765,96
A62508,El-el nassr agami 011,776,86
A62509,el faraby mohandessin 6th Zone600,705,104
A62510,Ph/EL FARABY MOHANDESSIN975,705,104
A62511,el EL FARABY MOHANDESSIN,735,101
A62512,El-EL FARABY MOHANDESSIN-A677,735,101
A62513,PY/el faraby mohandessin 6th Zone,738,108
A62514,PY/El Faraby Mohandessin Branch 1,750,104
A62515,Ph/El Faraby Mohandessin,750,104
A62516,EL el faraby mohandessin 04,752,97
A62517,el el faraby mohandessin439,752,97
A62518,El Faraby Mohandessin Main Road,764,87
A62519,el faraby mohandessin br.2,764,87
A62520,el faraby mohandessin 04,781,110
A62521,PH EL FARABY MOHANDESSIN 011106,781,110
A62522,El-Pharma Plus Mohandessin Main Road,720,110
A62523,PY/Pharma Plus Mohandessin 6th Zone,720,110
A62524,PHARRMA PLUS MOHANDESSIN,731,92
A62525,Pharma Plus Mohandessin Branch 2,757,106
A62526,PHARMA PLUS MOHANDESSIN,757,106
A62527,Ph/Pharma Plus Mohandessin 6th Zone,778,101
A62528,Ph/pharma plus mohandessin,778,101
A62529,PH Pharma Plus Mohandessin br.2,780,105
A62530,el tourath sshubra 011,701,101
A62531,PH E Tourath Shubra,710,95
A62532,El-el tourath shubra 04,734,98
A62533,El Tourath Shubra Branch 1605,740,110
A62534,el tourath shubra Branch 2,774,90
A62535,EL El Tuorath Shubra105,774,90
A62536,PY/el tourath shubra 6th Zone,782,114
A62537,EL el tourath shubra 011,782,114
A62538,el Ebn Sina Station St.,738,109
A62539,PY/EBN SINA Main Road262,738,109
A62540,EL Ebn Sina 6th Zone861,748,106
A62541,PY/Ebn Sina,764,88
A62542,Ph/ebn sina Branch 1,764,88
A62543,Salatmek,703,98
A62544,SALAMTEK,703,98
A62545,PY/Salamtek Station St.,709,98
A62546,PY/Salamtek,709,98
A62547,salamtek 011,726,126
A62548,el ASLAMTEK (2),726,126
A62549,EL Salamtek Main Road,743,91
A62550,SALAMTEK Stattion St.,766,100
A62551,El-Salmatek 6th Zone230,768,108
A62552,PH Salamtek 011,768,108
A62553,el SALAMTEK Station St.,769,91
A62554,Salamtek,769,91
A62555,EL SALAMTEK Branch 1,779,97
A62556,el Salamtek Station St.,779,97
A62557,Ph/EL SHIFA MOHANDESSIN br.2,742,100
A62558,EL SHIFA MOHANDESSIN 6th Zone,742,100
A62559,el el shifa mohandessin (2)996,745,93
A62560,EL El Shifa Mohandessin,762,108
A62561,el EL SHIFA MOHANDESSIN 6th Zone,762,108
A62562,Hope Imbaba 011,720,111
A62563,Ph/Hope Imbaba (2)570,730,109
A62564,Ph/Hope Imbaba (2),730,109
A62565,Ph/Hope Imbaba Station St.,734,99
A62566,PH Hope Imbaba 6th Zone,734,99
A62567,hope imbaba,777,108
A62568,HOPE IMBABA 6th Zone,777,108
A62569,El-Hope Imbaba Main Road,780,106
A62570,Hope Imbaba (2),780,106
A62571,el faraby Branch 1,736,87
A62572,El-El Faraby Branhc 2,736,87
A62573,El Faraby-A,756,109
A62574,el faraby Main Road,756,109
A62575,PH El Faraby Branch 2,760,93
A62576,PY/El Faraby Branch 2,763,106
A62577,El Faraby Main Road,763,106
A62578,El Faraby Branch 1,776,87
A62579,el El Faraby 011,776,87
A62580,el El Faaraby,779,98
A62581,el faraby (2),779,98
A62582,alphapharma mohandessin 011571,707,82
A62583,Ph/ALPHAA PHARMA MOHANDESSIN 6th Zone,730,110
A62584,Alpha Pharma Mohandessin 04,737,106
A62585,Alpha Pharma Mohandessin Branch 2,746,108
A62586,alpha pharma mohandessin br.2,750,105
A62587,Ph/alpha pharma mohandessin Main Road,750,105
A62588,el Alpha Pharma Mohandessin (2),759,90
A62589,PH El Baraka Faisal 11,713,92
A62590,El-el baraka faisal,734,100
A62591,Ph/EL BARAKA FAISAL 04,734,100
A62592,el baraka faisal Mall,736,88
A62593,el El Baraka Faisal-A,736,88
A62594,PH El Baraka Faisal Branch 2,751,110
A62595,PY/El Baraka Faisal 6th Zone,753,99
A62596,el El Baraka Faisal-A,753,99
A62597,el baraka faisal Branch 2,775,100
A62598,El Baraka Faisal Main Road,775,100
A62599,PH El Baraka Faisal Mall,776,88
A62600,El-ANGEL IMBABA Mall592,723,98
A62601,Ph/Angel Imbaba 6th Zone,752,98
A62602,Angel Imbaba 011,753,100
A62603,El-Angel Imaba-A,753,100
A62604,el Angel Imbaba666,766,101
A62605,Angel Imbaba Branch 1,766,101
A62606,EL angelimbaba,776,89
A62607,EL angel imbaba br.2,776,89
A62608,ebn sina Branch 1508,708,99
A62609,El-Ebn Sina,708,99
A62610,EBN SINA Station St.,718,92
A62611,EBN SINA-A,727,120
A62612,El-en sina,737,107
A62613,Ph/Ebn Sina,749,99
A62614,ebn sina obour-A,718,93
A62615,ebn sina obour Main Road,726,127
A62616,Ebn Sina Obour MMall,726,127
A62617,EL EBN SINA OBOUR Main Road,728,104
A62618,EL Ebn Sina Obour 6th Zone,742,101
A62619,EL Ebn Sina Obour 04,742,101
A62620,el Ebn Sina Obour Main Road,744,120
A62621,EBN SIN AOBOUR-A,752,99
A62622,ebn sina obourM all,752,99
A62623,Ebn Sina Obour (2),761,88
A62624,EL Ebn Sina Obour Station St.,768,109
A62625,Ph/el nasr shubra,706,114
A62626,Ph/El Nasr Shubra br.2,706,114
A62627,EL NASR SHUBRA 6th Zone,748,107
A62628,El Nasr Shubra Branch 1,748,107
A62629,EL El Nasr Shubra 6th Zone,755,108
A62630,EL NASR SHUBRA Main Road,755,108
A62631,PY/EL NASR SHUBRA-A359,775,101
A62632,EL El Nasr Shubra 04,775,101
A62633,Union Pharm Mohandessin,736,89
A62634,El-UUnion Pharm Mohandessin (2),767,105
A62635,El-union pharm mohandessin,767,105
A62636,UNION PHARM MOHANDESSIN Station St.,768,110
A62637,El-Union Pharm Mohandessin (2),768,110
A62638,EL UNION PHARM MOHANDESSIN 04,773,114
A62639,PYY/Life Line Branch 2,703,99
A62640,PY/life line Brnch 2,703,99
A62641,Life Line 04,715,87
A62642,PH LIFE LINE Station St.,717,91
A62643,life line-A,739,97
A62644,LIFE LINE 011,739,97
A62645,Ph/Life Line,744,121
A62646,Life Line-A,744,121
A62647,Ph/Life Line,751,111
A62648,PY/LIFE LINE 011,756,110
A62649,Life Line (2),756,110
A62650,blue wave-A784,707,83
A62651,Ph/BLUE WAVE Branch 1,708,100
A62652,EL Blue Wave Station St.139,708,100
A62653,blue wave (2),712,111
A62654,blue wave,714,105
A62655,EL blue wave 011,753,101
A62656,Blue Wave 6th Zone,753,101
A62657,el blue wave Mall,754,97
A62658,Blue Wave Station St.,754,97
A62659,El-Blue Wave 04,772,105
A62660,EL better life mohandessin-A57,706,115
A62661,el BETTER LIFE MOHANDESSIN Branch 2,708,101
A62662,PH Better Life Mohandessin Main Road,708,101
A62663,Better Lif Mohandessin Mall,751,112
A62664,EL Beter Life Mohandessin Mall,751,112
A62665,Better LifeMohandessin 04,771,103
A62666,Better Life Mohandesssin Mall,771,103
A62667,Ph/El Hokama Shubra Main Road,714,106
A62668,El-El HokamaS hubra (2)754,719,101
A62669,El-el hokama shubra 04,719,101
A62670,El-El Hokama Shubra Main Road,726,128
A62671,PY/El Hokama Shubra722,746,109
A62672,el el hokama shubra Station St.,757,107
A62673,EL HOKAMA SHUBRA br.2,757,107
A62674,El-silver care agami Branch 1,731,93
A62675,PY/silver care agami 01145,731,93
A62676,el silver care agami Station St.,732,118
A62677,PH Silver Care Agami,735,102
A62678,SILVER CARE AGAMI,743,92
A62679,Silver Care Agami 04,749,100
A62680,el SILVR CARE AGAMI (2),763,107
A62681,el silver cre agami 011,763,107
A62682,PY/Silver Care Agami Branch 1,774,91
A62683,el Misr Mohadessin-A,718,94
A62684,Ph/MISR MOHANDESSIN 6th Zone,718,94
A62685,Misr Mohandessin Mall,736,90
A62686,El-misr mohandessin Mall,781,111
A62687,PY/MISR MOHANDESSIN Main Road,781,111
A62688,PH Seha First 011,706,116
A62689,Seha First (2)346,706,116
A62690,Seha First 6th Zone,711,93
A62691,seha first (2),711,93
A62692,el seha first,754,98
A62693,PY/SEHA FIRST Main Road,767,106
A62694,Seha First (2),767,106
A62695,el PHARMA PLUS MOHANDESSIN Mall269,731,94
A62696,PH Pharma Plus Mohandessin,731,94
A62697,PY/Pharma Plus Mohandessin Mall,765,97
A62698,pharrma plus mohandessin Branch 2,765,97
A62699,PY/PHARMA PLUS MOHNADESSIN 6th Zone,780,107
A62700,El-Pharma Plus Mohandessin,780,107
A62701,El-El Tourath MohandessinM all,726,129
A62702,El Tourath Mohandessin Branch 1,759,91
A62703,El Touratth Mohandessin,775,102
A62704,EL EL TOURATH MOHANDESSIN (2),775,102
A62705,el DR MEDHAT MOHANDESSIN 011,702,95
A62706,el Dr Medhat Mohandessin Mall,727,121
A62707,Ph/Dr Medhat Mohandessn Branch 1,730,111
A62708,EL Dr Medhat Mohandessin 04,735,103
A62709,El-Dr Mehat Mohandessin Branch 2270,735,103
A62710,DR MEDHAT MOHANDESSIN (2),749,101
A62711,PH dr medhatm ohandessin 04,749,101
A62712,Ph/Dr Medhat Mohandessin br.2,752,100
A62713,El-Dr Medhat Mohandessin Branch 2,752,100
A62714,Dr Medhat Moahndessin (2),756,111
A62715,Ph/Dr Medhat Mohandessin 04,756,111
A62716,DR MEDHAT MOHANDESSIN,780,108
A62717,el silver care maadi Mall,710,96
A62718,el Silver Care Maadi-A,711,94
A62719,PY/SILVER CARE MAADI br.2221,715,88
A62720,El-Silver Care Maadi 011,738,110
A62721,el Silver Care Maadi 2(),738,110
A62722,PY/Silver Care Maadi Mall,744,122
A62723,Sivler Care Maadi,744,122
A62724,EL Silver Care Maadi br.2,757,108
A62725,Ell-SILVER CARE MAADI 04,773,115
A62726,PY/Silver Care Maadi-A,773,115
A62727,el El Tourath Haram 6th Zone,715,89
A62728,EL TOURATH HARAM Branch 2,715,89
A62729,PH EL TOURATH HARAM Station St.,716,87
A62730,el lE Tourath Haram,728,105
A62731,elt ourath haram,728,105
A62732,EL el tourath haram Branch 1,736,91
A62733,PH el tourath haram Main Road,736,91
A62734,El-El Tourath Haram 011,755,109
A62735,PH el baraka nozha 04,705,105
A62736,PY/el baraka nozha-A,728,106
A62737,EL BARAKA NOZHA,728,106
A62738,EL BARAKA NOZHA Mall,759,92
A62739,El-EL BARAKA NOZHA Main Road,769,92
A62740,EL Blue Wave Helwan Mall,700,95
A62741,EL BLUE WAVE HELWAN,700,95
A62742,Blue Wave Helwan,733,99
A62743,PH blue wave helwan-A,733,99
A62744,Ph/BLUE WAVE HELWAN,747,87
A62745,Blue Wave Helwan,762,109
A62746,blue wave helwan Mall,762,109
A62747,El-Blue Wave Helwan,764,89
A62748,PY/Blue Wave Helwan 011258,764,89
A62749,PY/BLUE WAVE HELWAN34,771,104
A62750,El Baraka Faisal 04,703,100
A62751,el El Baraka Faisal-A,708,102
A62752,EL BARAKA FAISAL br.2,708,102
A62753,el El Baraka Faisal,746,110
A62754,EL EL BARAKA FAISAL (2),748,108
A62755,El Baraka Faisal (2),748,108
A62756,El Baraka Faisal br.2,774,92
A62757,EL El BarakaF aisal,774,92
A62758,Sunrise 011,710,97
A62759,PH sunrise,710,97
A62760,EL SUNRISE 04,712,112
A62761,Ph/Sunrise316,740,111
A62762,Sunrise229,740,111
A62763,Sunrise Station St.770,742,102
A62764,Sunrise Branch 1,742,102
A62765,Ph/Sunrise Branch 2,753,102
A62766,ELs unrise Main Road174,763,108
A62767,Sunrise 011,763,108
A62768,sunrise-A,764,90
A62769,PYS/unrise 011,772,106
A62770,El-Sunrise (2),772,106
A62771,El-STAR CARE MOHANDESSIN-A,711,95
A62772,Star Care Mohandessin (2),711,95
A62773,el Star Care Mohandessin Main Road,722,97
A62774,Ph/STAR CARE MOHANDESSIN Station St.,740,112
A62775,NILE CARE MOHANDESSIN 04,708,103
A62776,nile care mohandessin Mall,710,98
A62777,EL NNile Care Mohandessin 011,710,98
A62778,Ph/NILE CARE MOHANDESIN158,716,88
A62779,Ph/nile care mohandessin04,723,99
A62780,el Nile Care Mohandessin 011,724,99
A62781,Ph/Nile Care Mohandessin-A,724,99
A62782,el nile care mohandessin,732,119
A62783,Ph/Nile Care Mohandessi 04,751,113
A62784,El-nile care mohandessin Branch 2,756,112
A62785,PH mira Branch 2,720,112
A62786,Ph/mira br.2,720,112
A62787,El-mira Branch 1,733,100
A62788,Mira,733,100
A62789,mir 6th Zone,773,116
A62790,Ph/El Zahraa Montaza,724,100
A62791,El Zahraa Montaza Branch 2,739,98
A62792,PH el zahraa montaza Mall,757,109
A62793,EL ZAHRAA MONTAZA Branch 1,757,109
A62794,El-El Zahraa Montaza br.2,776,90
A62795,El-Star Care Mohandessin br.2,723,100
A62796,Star Care Mohandessin (2),723,100
A62797,PH Star Care Mohandessin 6th Zone,731,95
A62798,PY/STR CARE MOHANDESSIN (2)897,731,95
A62799,PY/star care mohandessin 04,761,89
A62800,star care mohandessin 04,761,89
A62801,El-STAR CARE MOHANDESSIIN 6th Zone,763,109
A62802,EL star care mohandessin,769,93
A62803,PH Star Care Mohandessin (2),769,93
A62804,sunrise maadi-A,722,98
A62805,El-sunrise maadi br.2,722,98
A62806,PH Sunrise Maadi 011,735,104
A62807,EL SUNRISE MAADI 6th Zone,746,111
A62808,Care 24 Seven Mohandessin Branch 2,711,96
A62809,El-Care 24 Seven Mohandessin 04,712,113
A62810,Care 24 Seven Mohandessin Branch 2354,721,103
A62811,PH care 24 seven mohandessin Mall,721,103
A62812,el Care 24 Seven Mohandessin Main Road,740,113
A62813,EL care 24 seven mohandessin 04,741,104
A62814,Care 24 Seve Mohandessin,753,103
A62815,CARE 24 SEVEN MOHANDESSIN Branch 1,753,103
A62816,care 24 seven mohandessin Branch 2,757,110
A62817,Care 24 Seven Mohandessin Station St.750,763,110
A62818,PH CARE 24 SEVEN MOHANDESSIN975,763,110
A62819,PY/Golden Care Smouha 011,700,96
A62820,ElGOLDEN CARE SMOUHA,708,104
A62821,ell golden care smouha-A,708,104
A62822,GOLDEN CARE SMOUHA (2),719,102
A62823,Goldn Care Smouha,722,99
A62824,PY/GOLDEN CARE SMOUHA Branch 2,726,130
A62825,PH Golden Care Smohua 011,736,92
A62826,EL Hope Mohandessin 6th Zone,702,96
A62827,El--Hope Mohandessin br.2,702,96
A62828,PY/Hope Mohandessin Station St.531,723,101
A62829,e Hope Mohandessin 011,723,101
A62830,El-Hope Mohandessin Station St.,770,109
A62831,EL Hope MMohandessin 6th Zone545,770,109
A62832,el Hope Zayed Main Road,723,102
A62833,el Hope Zayed br.2,723,102
A62834,Hope Zayed-A,746,112
A62835,EL HOPE ZAYED 6th Zone,749,102
A62836,Ph/HOPE ZAYED 04,755,110
A62837,EL HOPE ZAYED Mall,758,102
A62838,Hoep Zayed Branch 1308,758,102
A62839,hope zayed 6th Zone,762,110
A62840,EL green leaf helwan,735,105
A62841,Green Laf Helwan Station St.,735,105
A62842,GREEN LEAF HELWAN Branch 1,743,93
A62843,GREN LEAF HELWAN Branch 1,743,93
A62844,PY/Green Leaf Helwan 6th Zone,744,123
A62845,Green Leaf Helwan br.2,744,123
A62846,Ph/Green Leaf Helwwan (2),746,113
A62847,PY/Green Leaf Helwan 04,746,113
A62848,EL Green Leaf Helwan Main Road,747,88
A62849,PY/Green Leaf Helwan Branch 1,747,88
A62850,EL GREEN LEAF HELWAN (2),756,113
A62851,el GREEN LEAF HELWAN Branch 1,756,113
A62852,Green Leaf Helwan,773,117
A62853,PY/Better Life Mohandessin,701,102
A62854,Better Life Mohandessin Mall,743,94
A62855,el Better Life Mohandessin Main Road,767,107
A62856,Ph/Better Life Mohandessin,767,107
A62857,Ph/Better Life Mohandessin 011,768,111
A62858,PY/Bettr Life Mohandessin 011,770,110
A62859,EL EBN SINA,703,101
A62860,Ph/Ebn Sina 011,703,101
A62861,PY/ebn sina Main Road,704,105
A62862,Ebn Sina Branch 2,704,105
A62863,el ebn sina 011194,723,103
A62864,el ebn sina,743,95
A62865,Ph/Ebn Sina,746,114
A62866,PH ebn sina,768,112
A62867,el Ebn Sina 6th Zone,768,112
A62868,EBN SINA,773,118
A62869,el NILE CARE REHAB VIEW Station St.,704,106
A62870,El-Nile Care Rehab View,705,106
A62871,Nile Care Rehab View Branch 1,705,106
A62872,Nile Care Rehab View 011,717,92
A62873,EL nile care rehab view Station St.,732,120
A62874,PY/nile care rehab view 011555,760,94
A62875,el Nile Care Rehab View Main Road,760,94
A62876,nile care rehab view (2),775,103
A62877,Ph/Al Amal Mohandessin Branch 2,714,107
A62878,al amal mohandessin,752,101
A62879,Al Amal Moohandessin,773,119
A62880,el nasr mohandessin 011,720,113
A62881,El Nasr Mohandessin,740,114
A62882,EL el nasr mohandessin 04,753,104
A62883,EL el nasr mohandessin Station St.,761,90
A62884,El Nasr Moandessin Main Road,761,90
A62885,EL NASR MOHANDESSIN Mall,764,91
A62886,el El Nasr Mohandessin (2)473,775,104
A62887,Ph/El Nasr Mohandessin Station St.,781,112
A62888,el El Nasr Mohandessin 6th Zone853,781,112
A62889,PY/al amaal br.2,709,99
A62890,EL al amal Main Road,754,99
A62891,El-AL AMAL Station St.,763,111
A62892,EL Al Amal,763,111
A62893,AL AMAL 6th Zone,781,113
A62894,EL union pharm mohandessin 6th Zone,731,96
A62895,UNION PHARM MOHANDESSIN 011,731,96
A62896,EL Union Pharm Mohandessin Branch 2,769,94
A62897,Ph/Union Pharm Mohandessin Branch 2,769,94
A62898,PY/union pharm mohandessin 6th Zone,771,105
A62899,El-union pharm mohandessin Main Road,771,105
A62900,El-Dr Medhat Oct City br.2,707,84
A62901,EL DR MEDHAT OCT CITY Mall,707,84
A62902,EL r medhat oct city Main Road,719,103
A62903,PY/Dr Medhat Oct City Mall55,722,100
A62904,PH Dr Medhat Oct City-A,740,115
A62905,PH DR MMEDHAT OCT CITY br.2,740,115
A62906,El-dr medhat oct ciyt Mall,749,103
A62907,PY/dr medhat oct city-A,749,103
A62908,PY/dr medhat oct city (2),756,114
A62909,Dr Medhat Oct City,756,114
A62910,el Dr Medhat Oct City 011,757,111
A62911,el dr medhat oct city 6th Zone,759,93
A62912,El Tourath (2),707,85
A62913,Ph/el tourath (2),707,85
A62914,El Tourath-A,710,99
A62915,EL TOURATH,710,99
A62916,PY/el ourath330,714,108
A62917,el EL TOURATH 04,714,108
A62918,Ph/El Tourath,717,93
A62919,EL TOURTAH,723,104
A62920,El Touurath,723,104
A62921,PY/El Tourath,734,101
A62922,Ph/El Tourath Branch 1228,766,102
A62923,EL El Tourath (2),766,102
A62924,El-Pharma Plus Dokki,700,97
A62925,PY/pharma plus dokki Mall,700,97
A62926,PH Pharma Plus Dokki Branch 1158,706,117
A62927,El-pharma plus dokki br.2,706,117
A62928,PH PHARMMA PLUS DOKKI Station St.,721,104
A62929,PY/pharma plus dokki Branch 1,721,104
A62930,PH pharma plus dokki Branch 2,737,108
A62931,Pharma Plus Dokki Branch 2,737,108
A62932,PY/PHARMA PLUUS DOKKI Mall,738,111
A62933,pharma plus dokki Branch 2,767,108
A62934,Pharma Plus Dokki ((2),767,108
A62935,Bettre Life Mohandessin br.2,700,98
A62936,Ph/better life mohandessin Mall92,708,105
A62937,el BETTER LIFE MOHANDESSIN Mall,712,114
A62938,Ph/better life mohndessin Branch 1,713,93
A62939,Better Life Mohandessin Branch 2,713,93
A62940,better life mohandessin Branch 2,729,111
A62941,Ph/BETTER LIFE MOHANDESSIN Branch 2,729,111
A62942,Ph/Better Life Mohandessin br.2,739,99
A62943,PY/liffe line rehab view 04620,702,97
A62944,life line rehab view 6th Zone,703,102
A62945,PY/life line rehab view Branch 2546,703,102
A62946,Ph/LIFE LINE REHAB VIEW Main Road,715,90
A62947,PH Life Line Rehab View Branch 1,718,95
A62948,El-life line rehab view 04,730,112
A62949,PH LIFE LINE REHAB VIEW 6th Zone,756,115
A62950,EL Life Line Rehab View 011,756,115
A62951,PH liife line rehab view 04,759,94
A62952,El--Life Line Rehab View Branch 2,759,94
A62953,PH Life Line Rehab View 011,760,95
A62954,angel mohadessin 04,711,97
A62955,angel mohandessin br.2,719,104
A62956,Angel Mohandessin 011152,732,121
A62957,Ph/Angel Mohandessin (2)945,732,121
A62958,anel mohandessin 6th Zone,734,102
A62959,El-ANGEL MMOHANDESSIN,734,102
A62960,ANGEL MOHANDESSIN br.2,768,113
A62961,ANGEL MOHANDESSIN Mall,768,113
A62962,Ph/Angel Mohandessin Branch 1,779,99
A62963,el Angel Mohandessin Mall,782,115
A62964,Ph/Pharma Plus Branch 2,702,98
A62965,PHARMA PLUS103,702,98
A62966,PY/Pharma Plus,706,118
A62967,Pharma Plus Station St.,741,105
A62968,El-Pharma Plus 011,758,103
A62969,PHARMA PLUS Branch 2883,760,96
A62970,EL Pharma Plus Braanch 1,760,96
A62971,El-Pharma Plus ((2),766,103
A62972,PH Pharma Plus 6th Zone,766,103
A62973,EL Pharma Plus 6ht Zone,771,106
A62974,el pharma lpus,777,109
A62975,PY/Pharma Plus (2),777,109
A62976,Ph/Salamtek Haram br.2,702,99
A62977,EL Salamtek Haram Branch 2,702,99
A62978,EL salamtek haram Main Road948,710,100
A62979,PY/Salamtek Haram Station St.,726,131
A62980,PH Salamtek Haram 6th Zone,769,95
A62981,PY/Salamtek Haram 6th Zone,780,109
A62982,salamtek haram 6th Zone,780,109
A62983,PH MISR NOZHA,719,105
A62984,misr nozha 04,728,107
A62985,el MISR NOZHA 6th Zone,728,107
A62986,Misr Nozha579,735,106
A62987,PY/MISR NOZHA Branch 2,751,114
A62988,Misr Nozha 011,751,114
A62989,EL El Baraka Shubra Station St.598,704,107
A62990,PY/El Baraka Shubra 04,716,89
A62991,el baraka shubra Mall,716,89
A62992,El Baraka Shubra Main Road,753,105
A62993,PH el baraka shubra Branch 2,756,116
A62994,El Braka Shubra,756,116
A62995,el SILVER CARE MOHANDESSIN br.2,704,108
A62996,El-Silver Care Mohandessin,704,108
A62997,Silver Care Mohandessin Min Road950,724,101
A62998,PH SSILVER CARE MOHANDESSIN-A,748,109
A62999,El-SILVER CARE MOHANDESSIN 6th Zoone,748,109
A63000,Ph/silver care mohandessin Main Road,767,109
A63001,el Silver Caer Mohandessin-A,776,91
A63002,PY/Al Nozha Montaza br.2,703,103
A63003,PY/al nozha montaz aMain Road,705,107
A63004,EL al nozha montaza Branch 2429,705,107
A63005,EL Al Nozha Montaza 04,722,101
A63006,Ph/AL NOZHA MONTAZA,722,101
A63007,al nozha montaza Branch 2,728,108
A63008,AL NOZHA MONTAZA Station St.,753,106
A63009,PY/Al Nozha Montaza Main Road,755,111
A63010,PY/AL NOZHA MONTAZA,755,111
A63011,EL AL NOZHA MONTAZA (2),771,107
A63012,el A Nozha Montaza 011,778,102
A63013,Health Gate Mohandessin (2),711,98
A63014,el health gate mohandessin,712,115
A63015,PH HEALTH GATE MOHANDESSIN Main Road,712,115
A63016,Health Gate Mohandessin,728,109
A63017,El-Health Gate Mohandessin Main Road,776,92
A63018,Health Gat Mohandessin (2),776,92
A63019,el Health Gate Mohandessin Branch 1835,777,110
A63020,PY/El Baraka Mall,711,99
A63021,PY/EEL BARAKA,718,96
A63022,Ph/El Baarka 04,718,96
A63023,El Baraka Station St.,772,107
A63024,EL El Baraka Mall,777,111
A63025,EL Nile Care Mohandessin Main Road,711,100
A63026,el nile care mohandessin Main Road,711,100
A63027,NILE CARE MOHANDESSIN 011,721,105
A63028,El-NILE CARE MOHANDESSIN br.2385,724,102
A63029,PH NILE CARE MOHANDESSIN,724,102
A63030,El-Nile Care Mohandessin,727,122
A63031,Nile Care Mohandesssin 04,730,113
A63032,Nile Care Mohandessin Mall,738,112
A63033,Nile Care Mohandessin Branch 2714,744,124
A63034,NILE CARE MOHANDESSIN-A,751,115
A63035,PH Nile Care Mohandessin (2),751,115
A63036,Ph/GREEN LEAF MOHANDESSIN 011235,706,119
A63037,Ph/GREEN LEAF MOHANDESSIN-A471,716,90
A63038,green leaf mohandessin 011,717,94
A63039,Green Leaf Mohandessin Branch 1,717,94
A63040,Ph/green leaf mohandessin 0469,719,106
A63041,PH green leaf mmohandessin 011,719,106
A63042,Ph/green leaaf mohandessin Main Road,753,107
A63043,Green Leaf Mhandessin,753,107
A63044,Ph/Green Leaf Mohandessin Mall,754,100
A63045,Ph/Green Leaf Mohandessin Mall,759,95
A63046,elite shubra 6th Zone,706,120
A63047,Ph/elite shurba 011,747,89
A63048,Ellite Shubra (2),749,104
A63049,elitee shubra,749,104
A63050,Ph/Elite Shubra38,768,114
A63051,El-Elite Shubra,770,111
A63052,PY/ELITE SHUBRA Station St.,770,111
A63053,El-ELITE SHUBRA Branch 1,774,93
A63054,EL elite shubra Main Road,774,93
A63055,Ph/ELITE SHUBRA Branch 1,781,114
A63056,OMEGA SMOUHA-A,716,91
A63057,el OMEGA SMOUHA Mall,734,103
A63058,omega smouha (2)63,743,96
A63059,EL Omega Smouha 04,743,96
A63060,Omega Smouha Station St.,766,104
A63061,PY/golden care mohandessin 011,715,91
A63062,Ph/GOLDEN CARE MOHANDESSIN (2),715,91
A63063,PY/Golden Care Mohandessin,726,132
A63064,GOLDEN CARE MOHANDESSIN 04,726,132
A63065,PY/Golden Care Mohandessin 6th Zone,732,122
A63066,PY/golden care mohandessin (2),732,122
A63067,Ph/GOLDEN CARE MOHANDESSIN,747,90
A63068,golden care mohandessin Branch 1,747,90
A63069,El-golden care mohandessin br.2,768,115
A63070,PY/golden care mohandessin Main Road,769,96
A63071,nile care 6th Zone57,701,103
A63072,PH Nile Care-A,704,109
A63073,PH Nile Care,713,94
A63074,Nilee Care,723,105
A63075,nile care Station tS.904,732,123
A63076,PY/nile care (2),732,123
A63077,Nile Care,741,106
A63078,nile care,741,106
A63079,EL Nile Care 04,743,97
A63080,EL Golden Care Banha 04,706,121
A63081,PY/GOLDEN CARE BANHA 011,713,95
A63082,GOLDEN CARE BANHA-A,717,95
A63083,ell golden care banha Main Road,747,91
A63084,Ph/Goldne Care Banha br.2,761,91
A63085,Ph/golden care banha 011,766,105
A63086,GOLDEN CARE BANHA Branch 2233,766,105
A63087,golden care banha (2),771,108
A63088,el golden car banha br.2,782,116
A63089,PY/Elite-A,703,104
A63090,El-ELITE Branch 2418,703,104
A63091,PY/elite 011,711,101
A63092,PY/Elite Branch 1,732,124
A63093,PH Elite 04,772,108
A63094,EL ELITE,772,108
A63095,Ph/ellite,777,112
A63096,PY/Elite184,777,112
A63097,El-Elite (2),781,115
A63098,Ph//Elite Branch 2,781,115
A63099,PY/Elite Main Road,782,117
A63100,PY/Elite,782,117
A63101,EL Misr Maadi Mall,714,109
A63102,Ph/Misr Maadi Station St.,714,109
A63103,EL misr maadi MMain Road,743,98
A63104,MISR MAADI br.2,743,98
A63105,Misr Maadi 04,749,105
A63106,PY/misr maadi Mall,767,110
A63107,PH Misr Maadi222,767,110
A63108,el Misr Maadi (2),776,93
A63109,el Misr Maadi 04,776,93
A63110,el Care 24 Seven Maadi,711,102
A63111,EL Care 24 Seven Maadi Station St.,711,102
A63112,Care 24 Seven Maadi br.2640,716,92
A63113,El-Care 24 Seven Maadi Branch 1,716,92
A63114,care 24 seven maadi Main Road,735,107
A63115,Care 24 Seven Maadi,746,115
A63116,EL Care 24 Seven Maadi Station St.,772,109
A63117,PH Care 24 Seven Maadi 101,773,120
A63118,PH Green Leaf br.2,717,96
A63119,PH GREEEN LEAF 011,720,114
A63120,PY/green laf Branch 1,720,114
A63121,Green Leaf 6th Zone760,749,106
A63122,Green Leaf,756,117
A63123,Green Leaf 011576,756,117
A63124,EL reen leaf br.2,758,104
A63125,El-GREEN LEAF (2)195,758,104
A63126,EL Green Leaf Main Road,780,110
A63127,PY/green leaf 011405,780,110
A63128,Life Line (2),700,99
A63129,Life Line Station St.,704,110
A63130,Ph/Life Line,770,112
A63131,PY/seha first 04756,702,100
A63132,PY/Seha First 6th Zone,721,106
A63133,Seha First Mall,721,106
A63134,El-seha first Main Road,738,113
A63135,PY/Seha First Mall,747,92
A63136,seha first Station St.919,747,92
A63137,El-Seha First Branch 1289,759,96
A63138,Seha First Branch 1,759,96
A63139,PH SEHA FIRST-A,761,92
A63140,Seha First br.2,765,98
A63141,El-Seha First br.2,777,113
A63142,Ph/Union Pharm Haram Mall,709,100
A63143,PY/union pharm haram 011522,716,93
A63144,UNION PHARM HARAM Branch 2,717,97
A63145,PY/union pharm haram Main Road,717,97
A63146,Ph/HEALTH GATE 6th Zone,736,93
A63147,PH health gate br.2,736,93
A63148,Health Gate 011,760,97
A63149,Ph/Health Gate,760,97
A63150,PH Health Gate Station St.,761,93
A63151,Ph/HEALTH GATE-A,761,93
A63152,health gate br.2,767,111
A63153,El-Health Gate Braanch 1956,767,111
A63154,EL Care24 Seven Shubra-A,707,86
A63155,care 24 seven shubra,707,86
A63156,PY/Care 24 Seven Shubra Branch 2,727,123
A63157,PY/Care 24 Seven Shubra Branch 1,727,123
A63158,El-Care 24 Seven Shubra Mall,755,112
A63159,Ph/care 24 seven shubra-A,761,94
A63160,Care 42 Seven Shubra Branch 2,761,94
A63161,EL care 24 seven shubra (2),782,118
A63162,Care 24 Seven Shubra Station St.,782,118
A63163,EL alpha pharma mohandessin Branch 2,728,110
A63164,El-Alpha Pharma Mohandessin,734,104
A63165,PH Alpha Pharma Mohandessin,769,97
A63166,PY/Alpha Pharma Mohandessin 011348,769,97
A63167,EL Al Amal Mohandessin br.2,703,105
A63168,PH AL AMAL MOHANDESSIN 04,729,112
A63169,al amal mohandessin (2),782,119
A63170,misr marg-A,703,106
A63171,PH MISR MARG rb.2,703,106
A63172,El-Misr Mrg,705,108
A63173,El-misr marg (2),731,97
A63174,EL missr marg 6th Zone,731,97
A63175,MISR MARG 6th Zone339,743,99
A63176,el misr marg br.2,743,99
A63177,PY/Misr Marg (2)405,773,121
A63178,PH MISR MARG Branch 2,776,94
A63179,Misr Marg 6th Zone,782,120
A63180,EL Misr Marg Branch 2,782,120
A63181,PY/UNION PHARM 011767,701,104
A63182,Ph/Union Pharm 04396,701,104
A63183,PY/Union Pharm (2),707,87
A63184,PY/Union Pharm Main Road,715,92
A63185,EL Union Pharm (2),724,103
A63186,Union Pharm 6th Zone,743,100
A63187,E-Union Pharm-A,746,116
A63188,PH Union Pharm-A,746,116
A63189,PY/UNION PHARM br.2,749,107
A63190,PH Union Pharm 6th Zone,766,106
A63191,Ph/Union Pharm (2),766,106
A63192,PH ANGEL 6th Zone,711,103
A63193,EL Angel (2),728,111
A63194,angel,752,102
A63195,angel br.2,771,109
A63196,El-angel 011,771,109
A63197,EL HOPE MOHANDESSIN Station St.,716,94
A63198,PH Hope Mohandessin Station St.,716,94
A63199,EL Hope Mohandessin (2),726,133
A63200,Ph/HOPE MOHANDESSIN424,735,108
A63201,El-Hope Mohandessin-A,735,108
A63202,PY/hope mohandessin (2),747,93
A63203,el Hope Mohandessin98,757,112
A63204,EL hope mohandessin br.2,758,105
A63205,Ph/hope mohandessin Mall,758,105
A63206,Ph/Hope Mohandessin 011,759,97
A63207,el hope mohandessin br.2,774,94
A63208,Ph/hope mohandessin 6th Zone,774,94
A63209,SALAMTEK MOHANDESSIN04,740,116
A63210,el Salamte kMohandessin Branch 2,745,94
A63211,PH SALAMTEK MOHANDSESIN 04,745,94
A63212,PH SALAMTEK MOHANDESSIN 6th Zone433,747,94
A63213,Health Gate Marg br.2,706,122
A63214,PY/Health Gate Marg Branch 2,709,101
A63215,PH health gate marg 04,733,101
A63216,EL Health Gate Marg-A,733,101
A63217,EL Health Gate Marg,737,109
A63218,PH HEALTH GATE ARG,737,109
A63219,el HEALTH GATE MARG 6th Zone,776,95
A63220,health gate marg Branch 2,776,95
A63221,El-Health Gate Marg (2),781,116
A63222,EL Health Gate Marg Main Road363,781,116
A63223,PY/Sunrise 6th Zone,712,116
A63224,Ph/Sunrise Mall245,712,116
A63225,Ph/Sunrise Main Road,728,112
A63226,Sunrise671,728,112
A63227,sunrsie,732,125
A63228,El-sunrise 011,732,125
A63229,PH unrise 011,739,100
A63230,SUNISE br.2,739,100
A63231,El-Sunrise Branch 1,743,101
A63232,Sunrise,743,101
A63233,Sunrise,748,110
A63234,Ph/Sunrise 011,765,99
A63235,El-Sunrise Branch 1955,775,105
A63236,El-Sunrise Station St.,775,105
A63237,El-Union Pharm Mohandessin,704,111
A63238,EL Union Pharm Mohandesin Branch 2,716,95
A63239,el union phaarm mohandessin,742,103
A63240,union phrm mohandessin 011,742,103
A63241,union pharm mohandessin 6th Zone,747,95
A63242,Union Pharm Mohandessin br.2418,763,112
A63243,Union Pharm Mohandessin Mall,763,112
A63244,Union Pharm Mohandessin Branch 2,767,112
A63245,el union pharm mohandessin-A,773,122
A63246,PH Union Pharm Mohandessin 04,773,122
A63247,Hope Station St.,715,93
A63248,HOPPE br.2,715,93
A63249,Hope Sattion St.,720,115
A63250,hope Mall264,752,103
A63251,PH Seha First Shubra,707,88
A63252,Seha FFirst Shubra,719,107
A63253,seha first shubra 011,719,107
A63254,PH seha first shubra b.r2911,734,105
A63255,PH Seha First Shubra,734,105
A63256,PY/SEHA FIRST SHUBRA 6th Zone,748,111
A63257,Ph/seha first shubra Branch 2959,748,111
A63258,Ph/SEHA FIRST SHUBRA Mall,749,108
A63259,seha first shubra Branch 1,750,106
A63260,El-Seha First Shubra,750,106
A63261,PY/Seha First Shubra,755,113
A63262,Sehha First Shubra Branch 2833,755,113
A63263,Ph/SEHA FIRST SHUBRA Station St.,764,92
A63264,Ph/seha first zayed Station St.242,708,106
A63265,seha first zayed-A,708,106
A63266,el seha first zayed 04,739,101
A63267,Ph/seha first zayed449,739,101
A63268,El-Seha First Zayed,765,100
A63269,SEHA FIRST ZAYED Mall,765,100
A63270,SEHA FIRST ZAYED Mall,767,113
A63271,PH Seha First Zayed Mall,776,96
A63272,Seha First Zayed Mall,776,96
A63273,Golden Care Branch 2,730,114
A63274,PY/golden care br.2,757,113
A63275,PY/Golden Care Mall,757,113
A63276,El-Golden Care Branch 1,766,107
A63277,Golden Care Mall,766,107
A63278,GOLDEN CARE 011,781,117
A63279,PH El Baraka Mall,705,109
A63280,El Baraka Main Road721,705,109
A63281,PH El Baraka-A,722,102
A63282,Ph/el baraka 011,738,114
A63283,El-el baraka-A574,752,104
A63284,EL El Baraka 6th Zone,752,104
A63285,El Baraka 6th Zone355,760,98
A63286,Ph/EL BARAKA Branch 2950,760,98
A63287,El Barak 6th Zone,773,123
A63288,EL El Hokama Montaza br.2,718,97
A63289,Ph/El Hokama Montaza Mall,727,124
A63290,Ph/El Hokama Montaza 04742,727,124
A63291,Ph/EL HOKAMA MONTAZA Branch 1,735,109
A63292,El Hokama Montaza 011402,735,109
A63293,EL El Hokama Montaza Main Road,748,112
A63294,El-el hokama montaza Mall,751,116
A63295,EL El Hokama Montaza Staation St.81,751,116
A63296,el El Hokama Montaza,772,110
A63297,EL HOKAMA MONTAZA Mall189,773,124
A63298,EL HOKAMA MONTAZA564,778,103
A63299,Ph/Seha First br.2,700,100
A63300,Seha First Branch 1,700,100
A63301,Seha First 6th Zone,707,89
A63302,PH seha first (2),741,107
A63303,EL Seha First (2)852,742,104
A63304,seha first Mall,762,111
A63305,PH better life mohandessin 011,707,90
A63306,El-BETTER LIFE MOHANDESSIN 6th Zone,725,102
A63307,BETTER LIFE MOHANDESSIN 011,734,106
A63308,PH BETTER LIFE MOHANDESSIN Main Road,734,106
A63309,EL better life mohandessin 011357,760,99
A63310,better life mohandessin Branch 2,762,112
A63311,BETTER LIFE MOHANDESSIN 6th Zone,762,112
A63312,Better Life Mohandessin 04,774,95
A63313,EL Better Life Mohandessin Mall,780,111
A63314,El-better life 6th Zone,712,117
A63315,Better Life984,716,96
A63316,better life br.2,716,96
A63317,EL Better Life-A,763,113
A63318,Ph/better life Main Road193,763,113
A63319,metro Branch 2,701,105
A63320,P/metro Station St.411,701,105
A63321,Metro 011976,704,112
A63322,METRO Station St.,710,101
A63323,El-METRO,710,101
A63324,PY/Metro Mall,734,107
A63325,PH METRO 6th Zone,736,94
A63326,mtero,736,94
A63327,METRO 6ht Zone,748,113
A63328,El-METRO,748,113
A63329,el metro,768,116
A63330,metro Mall,768,116
A63331,el union pharm nozha Min Road,713,96
A63332,PY/Union Pharm Nozha,713,96
A63333,unioon pharm nozha 011,752,105
A63334,Union Pharm Nozha,752,105
A63335,PY/Union Pharm Nozha,756,118
A63336,Union Pharm Nozha 011,756,118
A63337,UNION PHARM NOZHA,772,111
A63338,Union Pharm Nozha 04,772,111
A63339,PH union pharm nozha Station St.,773,125
A63340,El-union pharm nozha Main Road,773,125
A63341,UNION PHAR NOZHA Branch 1,778,104
A63342,PH nuion pharm nozha Branch 2,778,104
A63343,UNION PHARM NOZHA (2),782,121
A63344,Ph/UNION PHARM NOHA 011,782,121
A63345,El Tourath Mohandessin Branch 1,714,110
A63346,el EL TOURATH MOHANDESSIN,714,110
A63347,PY/EL TOURATH MOHANDESSIN (2),730,115
A63348,El Tourath Mohandessin br.2,733,102
A63349,EL el tourath mohandessin,733,102
A63350,EL sunrise (2),707,91
A63351,Sunrise (2),725,103
A63352,Sunrise Branch 1,734,108
A63353,Ell-Sunrise Mall,741,108
A63354,PH Sunrise-A,741,108
A63355,EL hope Branch 2,727,125
A63356,PY/hope,733,103
A63357,Ph/Hope 6th Zone,747,96
A63358,Silver Care Smouha,701,106
A63359,PH Silver Care Smouha Branch 2,709,102
A63360,silver care smouuha Station St.,709,102
A63361,Ph/SILVER CARE SMOUHA,721,107
A63362,EL silver care ssmouha Mall934,736,95
A63363,Ph/silver care smouha 04306,754,101
A63364,el Silver Care Smouha,754,101
A63365,Ph/silver care smouha (2),771,110
A63366,PH Silver Care Smouha,771,110
A63367,Sunrise Faisal,728,113
A63368,Ph/uSnrise Faisal br.2,768,117
A63369,SUNRISE FAISAL 011,777,114
A63370,Ph/El Hokama Mohandessin Station St.,707,92
A63371,PH El Hokama Mohandessin Mall,713,97
A63372,El-El Hokama Mohandessin (2),716,97
A63373,E Lel hokama mohandessin 011,724,104
A63374,el hokama mohandessin Branch 1903,727,126
A63375,PY/El Hokama Mohandessin Mall981,740,117
A63376,El Hokama Mohandessin Branch 1582,752,106
A63377,PYel hokama mohandessin 04,752,106
A63378,ELL El Hokama Mohandessin Branch 1,760,100
A63379,PH Ebn Sina 011,708,107
A63380,elE bn Sina,708,107
A63381,El-Ebn Sina Main Road,715,94
A63382,El-EBN SINA-A,749,109
A63383,Ph/ebn sina br.2,771,111
A63384,Ebn Sina Station St.,781,118
A63385,Ebn Sina 6th Zone,781,118
A63386,PY/el hhokama,701,107
A63387,El Hokama Station St.,709,103
A63388,EL HOKAMA Branch 2,730,116
A63389,el hokama,730,116
A63390,PY/EL HOKAMA br.2,743,102
A63391,el hokama,743,102
A63392,el El Hokama Main Road,759,98
A63393,el hokama,772,112
A63394,El-BETTER LIFE br.2575,707,93
A63395,el better life 04,707,93
A63396,Better Life Branch 2,716,98
A63397,Better Life Mall,728,114
A63398,Ph/BETTER LIFE 6th Zone,753,108
A63399,Better Life 011,753,108
A63400,better life Branch 2,757,114
A63401,Better Life Branch 1,757,114
A63402,PY/Bettre Life-A990,762,113
A63403,Al Amal Station St.,714,111
A63404,PHH al amal Main Road,719,108
A63405,Al mAal445,719,108
A63406,El-Al Amal (2),728,115
A63407,PY/L AMAL-A,728,115
A63408,PH AL AMAL 04,739,102
A63409,PH AL AMAL br.2,739,102
A63410,EL Al Amla-A826,763,114
A63411,ELa l amal (2),763,114
A63412,Ph/AL AMMAL,767,114
A63413,Ph/Al Amal Mall,770,113
A63414,PY/Pharma Plus Mohandessin Mall,701,108
A63415,pharma plus mohandessin 04,707,94
A63416,PHARMA PLUS MOHANDESSIN 04,714,112
A63417,Ph/pharma plus mohandessin (2),714,112
A63418,Pharma Plus Mohandessin Mall,720,116
A63419,PHARMA PLUS MOHANDESSIN br.2,724,105
A63420,pharma plus mohandessin ranch 1137,724,105
A63421,PY/Pharma Plu sMohandessin Main Road449,732,126
A63422,el Pharma Plus Mohandessin (2),743,103
A63423,PH pharma plus mohandessin Mall576,748,114
A63424,El-Pharma Plus Mohandessin 011,748,114
A63425,El-El Zahraa Helwan-A,709,104
A63426,El Zahraa Helwan 04,709,104
A63427,el El Zahraa Helwn Mall210,713,98
A63428,EL el zahraa helwan (2),743,104
A63429,EL El Zahraa Helwan,743,104
A63430,el EL ZAHRAA HELWAN br.2,747,97
A63431,City Care,703,107
A63432,EL CITY CARE 011,703,107
A63433,CITY CARE,707,95
A63434,PH city care,707,95
A63435,PY/City Care Main Road,723,106
A63436,CITY CARE Main Road,758,106
A63437,PH CityC are br.2,758,106
A63438,PY/city ccare Main Road,768,118
A63439,PH Ebn Sina Dokki Branch 2,715,95
A63440,EBN SINA DOKKI,721,108
A63441,El-EBN SINA DOKKI Main Road,721,108
A63442,el Ebn Sina Dokki Station St.,736,96
A63443,Ebn Sina Dokki Mall,768,119
A63444,Ebn Sina Dokki-A,775,106
A63445,El-EBN SINA DOKKI br.2,778,105
A63446,PH SUNRISE Mall,743,105
A63447,Ph/Sunrise 04,744,125
A63448,Sunris br.2,751,117
A63449,EL Sunrise (2),751,117
A63450,El-seha first br.2,708,108
A63451,Seha First (2),708,108
A63452,EL Seha First,723,107
A63453,Ph/seha first 04,723,107
A63454,PH seha first Branch 2,730,117
A63455,Seha First Station St.,730,117
A63456,seha first 04,752,107
A63457,SEHA FIRST Mall,771,112
A63458,El-SEHA FIRST Main Road,771,112
A63459,Seha First,778,106
A63460,PH Better Life Mohandessin,719,109
A63461,EL better life mohandessin Branch 1,721,109
A63462,Ph/BETTER LIFE MOHANDESSIN 011,731,98
A63463,el Better Life Mohandesisn br.276,731,98
A63464,EL Better Life Mohandessin (2),735,110
A63465,Better Life Mohandessin 011,755,114
A63466,PY/BETTER LIFE MOANDESSIN (2),759,99
A63467,BETTER LIFE MOHANDESSIN br.2239,773,126
A63468,PY/BETTER LIFE MOHANDESSIN,773,126
A63469,el better life mohandessin Mall99,778,107
A63470,HOPE MAADI,703,108
A63471,PH Hope Maadi Station St.,703,108
A63472,PY/hope maadi Branch 1,727,127
A63473,Ph/HOPE MAADI 6th Zoone,727,127
A63474,PY/HOOPE MAADI,747,98
A63475,EL hope maadi (2),759,100
A63476,Ph/HOPE MAADI (2)453,759,100
A63477,PHH hope maadi Station St.,765,101
A63478,EL pharma plus mohandessin,722,103
A63479,Pharma Plus Mohandessin 011,722,103
A63480,el Pharma Plus Mohandessin Main Road,729,113
A63481,Pharma Plus Mohandsesin Main Road,738,115
A63482,Pharma Plus Mohandessi nMall220,755,115
A63483,Ph/Pharma Plus Mohandessin,760,101
A63484,el Pharma Plus Mohandessin Branch 2,760,101
A63485,Ph/NILE CARE MOHANDESSIN Mall,701,109
A63486,PY/nile care mohandessin 011,701,109
A63487,nile care mohandessin Station St.,724,106
A63488,PH Nile Care oMhandessin (2),724,106
A63489,PH Nile Care Mohandessin (2),730,118
A63490,Ph/nile cae mohandessin-A133,739,103
A63491,Ph/NILE CARE MOHNDESSIN (2),739,103
A63492,Nile Care Mohandessin,746,117
A63493,nile care mohandessin 011656,772,113
A63494,PY/NILE CARE MOHANDESSIN Main Road,773,127
A63495,el Nile Care Mohandessin,781,119
A63496,MISR,704,113
A63497,misr,704,113
A63498,MISR Main Road,731,99
A63499,el MISR (2),732,127
A63500,Misr 011,752,108
A63501,PY/misr 6th Zone,752,108
A63502,EL MISR Branch 1,759,101
A63503,Ph/Misr (2),777,115
A63504,MISR,777,115
A63505,el union pharm banha Bracnh 2,728,116
A63506,Union Pharm Banha 04,728,116
A63507,UNION PHARM BANHA Branch 1,751,118
A63508,UNION PHARM BANHA br.2,756,119
A63509,PY/Union Pharm Banha 6th Zone,757,115
A63510,El-union pharm banha 011,757,115
A63511,Ph/Union Pharm Banha 6th Zone,765,102
A63512,el Union Pharm Banha Branch 2,777,116
A63513,Union Pharm Banha0 4,777,116
A63514,EL UNION PHARM BANHA br.2,780,112
A63515,Ph/star care mohandessin Station St.,701,110
A63516,Star Care Mohandessin,701,110
A63517,el star care mohandessin,702,101
A63518,PH star care mohhandessin (2)40,702,101
A63519,el STAR CARE MOHANDESSIN Main Road447,706,123
A63520,Star Care Mohandessin,714,113
A63521,El-Star Care Mohandessin Branch 2,714,113
A63522,el Star Care Mohandessin-A,719,110
A63523,Ph/Star Care Mohandessin-A,756,120
A63524,Ph/star crae mohandessin,756,120
A63525,PH STAR CARE MOHANDESSIN108,757,116
A63526,Star Care Mohandessin Mall177,760,102
A63527,EL STAR CARE MOHANDESSIN br.2654,760,102
A63528,Ph/HOPE MOHANDESSIN 011,707,96
A63529,HOPE MOHANDESSIN,707,96
A63530,PH hope mohandessin,712,118
A63531,HOPE MOHANDESSIN Main Road,764,93
A63532,Dr Medhat Oct City,730,119
A63533,Dr Medhat Oct City-A,730,119
A63534,dr medhat oct city Branhc 2,771,113
A63535,ELL DR MEDHAT OCT CITY br.2,771,113
A63536,EL dr medhat oct city Station St.,774,96
A63537,Ph/health gate haram Station St.394,708,109
A63538,El-HEALTH GATE HARAM Main Road359,710,102
A63539,Ph/Health Gate Haram Mall,712,119
A63540,el health gate haram,712,119
A63541,Health Gate Haram,715,96
A63542,Health Gate Haram Station St.,720,117
A63543,EL Health Gate Haram,732,128
A63544,HEALTH GATE HARAM br.2,775,107
A63545,EL CITY CARE ZYED Station St.,704,114
A63546,city care zayed Branch 2,704,114
A63547,CITY CARE ZAYED br.2,718,98
A63548,PY/CITY CARE ZAYED 6th Zone,718,98
A63549,City Care Zayed,722,104
A63550,El-City Care Zayed Branch 2,722,104
A63551,CITY CARE ZAYED 011,734,109
A63552,City Care Zayed Branch 1,734,109
A63553,El-CITY CARE ZAYED 0441,753,109
A63554,PY/city care zayed Branch 1,753,109
A63555,pharma plus mohandessin,718,99
A63556,Ph/pharma plus mohandsesin Branch 1,723,108
A63557,PHARMA PLUS MOAHNDESSIN 6th Zone,723,108
A63558,EL pharma plus mmohandessin Branch 1,735,111
A63559,PH Al Nozha Oct City,700,101
A63560,Al NozhaOct City Mall,700,101
A63561,EL Al Nozha Oct City,704,115
A63562,EL Al Nozha Oct City 011,714,114
A63563,PH AAl Nozha Oct City-A,714,114
A63564,Al Nohza Oct City771,721,110
A63565,Ph/AL NOZHA OCT CITY 04,758,107
A63566,Al Nozha Oct City Station St.588,758,107
A63567,PY/Al Nozha Oct Ciity Branch 2,776,97
A63568,sha first mohandessin 011,727,128
A63569,PY/SEHA FIRST MOHANDESSIN-A,760,103
A63570,seha first mohandessin Mall,760,103
A63571,Ph/Seha First Mohandessin,778,108
A63572,el union pharm zayed,710,103
A63573,UNION PHARM ZAYED-A,710,103
A63574,Ph/UNION PHARM ZAYED 6th Zone,733,104
A63575,El-Union Pharm Zayed Station St.,733,104
A63576,El-union pharm zayed 01136,735,112
A63577,UNION PHARM ZAYED,735,112
A63578,EL nile care imbaba Branch 1686,733,105
A63579,Nile Care Imbaba Branch 1771,743,106
A63580,El-Nilee Care Imbaba,747,99
A63581,El-nile care imbaba,768,120
A63582,El-Nile Care Imbaba (2),768,120
A63583,NILE CARE IMBABA Branch 1,776,98
A63584,Nile Care Imbaba Branch 1796,776,98
A63585,El Zahhraa Station St.,729,114
A63586,El-EL ZAHRAA-A,729,114
A63587,el El Zahraa974,731,100
A63588,El-El Zahraa 6th Zone,731,100
A63589,El-El Zahraa 6th Zone,739,104
A63590,Ph/HEALTH GATTE MAADI Mall288,707,97
A63591,Ph/HealthG ate Maadi br.2,729,115
A63592,el EALTH GATE MAADI br.2,737,110
A63593,el Health Gate Maadi (2)295,737,110
A63594,el health gtae maadi,753,110
A63595,HEALTH GATE MAADI Branch 2,757,117
A63596,PH Health Gate Maadi Branch 2,763,115
A63597,Ph/Health Gate Maadi-A,770,114
A63598,PY/Health Gate Maadi,770,114
A63599,PY/Seha Firts Zayed 6th Zone190,706,124
A63600,EL Seha First Zayed,712,120
A63601,seha first zayed 011,712,120
A63602,PY/seha first zayed Branch 142,718,100
A63603,PY/Seha First Zayed Main Road,718,100
A63604,Seha First Zayed Main Road,740,118
A63605,Ph/Seha First Zayed Branch 2,740,118
A63606,PY/seha first zayed br.278,750,107
A63607,Ph/seha first zayed Branch 1,772,114
A63608,Ph/Seha First Zayed (2),772,114
A63609,el Better Life Faisal 011,716,99
A63610,Better Life Faisal,716,99
A63611,Ph/Better Life Faisal,736,97
A63612,EL better life faisal 04,736,97
A63613,EL Better Life Faisal Branch 2,745,95
A63614,beter life faisal 04,755,116
A63615,El-Bette Life Faisal Branch 2,755,116
A63616,better liife faisal519,779,100
A63617,BETTER LIFE FAISAL 6th Zone,779,100
A63618,el EL TOURATH HARAM (2),710,104
A63619,ELel tourath haram br.2784,710,104
A63620,el El Tourath Harm Branch 1,732,129
A63621,El Tourath Haram Main Road,736,98
A63622,El Tourath Haram 011668,736,98
A63623,PH El Tourath Haram,743,107
A63624,EL El Tourath Haram Branch 2,743,107
A63625,El-El Tourath Haram 6th Zone,752,109
A63626,EL TOURATH HARAM Mall,762,114
A63627,EL ELT OURATH HARAM 011,772,115
A63628,PH El Tourath Hara 011,775,108
A63629,PH el hokama,710,105
A63630,PY/El Hokama Main Road,717,98
A63631,EL HOKAMA Statio St.,717,98
A63632,EL HOKAMA (2),741,109
A63633,EL El Hokama Station St.,754,102
A63634,el el hokaam-A,754,102
A63635,El-El Hokama-A,782,122
A63636,Ph/Care 24 SevenZ ayed,725,104
A63637,El-Care 24 Seven Zayed Mall,725,104
A63638,PH Care 24 Seven Zayed Station St.,727,129
A63639,Ph/Care 244 Seven Zayed Branch 1,732,130
A63640,EL CARE 24 SEVEN ZAYED Mall,733,106
A63641,Ph/Care 24 SevenZayed Main Road,735,113
A63642,el CARE 24 SEVEN ZAYED Branch 2617,739,105
A63643,PY/Care 24 Seven Zayed832,739,105
A63644,Care 24 Seven Zayed Station St.,748,115
A63645,PH CARE 24 SEVEN ZAYED,776,99
A63646,El-Care 24 Seven,753,111
A63647,PH care 24 seven Branch 1,753,111
A63648,el Care 24 Seven,770,115
A63649,PY/Care 24 Seven 6th Zone,779,101
A63650,Ph/care 24 seven Branch 1,779,101
A63651,PH CARE 24 SEVEN 011657,782,123
A63652,El-care 24 seven 6th Zone,782,123
A63653,dr medhat222,703,109
A63654,PY/dr medhat Branch 2,703,109
A63655,Dr Medhat Station St.23,733,107
A63656,dr medhat br.2,764,94
A63657,PH dr medhat Station St.,764,94
A63658,Ph/DR MEDHAT Branch 1,770,116
A63659,dr medhat Branch 2,770,116
A63660,PY/dr medhat Mall,774,97
A63661,El-Dr Medhat 04970,781,120
A63662,PH Salamtek 011,706,125
A63663,Salamtke 011,738,116
A63664,El-Salamtek br.2743,743,108
A63665,PY/Salamtek Station St.,743,108
A63666,el Saalamtek br.2,759,102
A63667,PY/SALAMTEK b.2,761,95
A63668,PY/Salamtek340,761,95
A63669,el Salamtek Main Road,764,95
A63670,Ph/Salamtek br.2,766,108
A63671,El Shifa Smouha 04217,701,111
A63672,Ph/El Shifa Smouha,701,111
A63673,PY/El Shifa Smouha Station St.,708,110
A63674,El Shifa Smouha Station St.,721,111
A63675,Ph/el shifa smouha,728,117
A63676,El-El Shifa Smouha Main Road771,728,117
A63677,PH El Shifa Smouha 6th Zone,743,109
A63678,Ph/El Shifa Smouuha 04,755,117
A63679,PY/Health Gate620,703,110
A63680,PY/HEALTH GATE br.2,703,110
A63681,health gate-A,714,115
A63682,Ph/health gate 04,714,115
A63683,HEALTH GATE Main Road473,718,101
A63684,PY/HEALTH GATE,726,134
A63685,elhealth gate,741,110
A63686,health gate,748,116
A63687,health gate Branch 2,777,117
A63688,EL health gate (2),777,117
A63689,Health Gaate,780,113
A63690,PH union pharm smouha Branch 1,728,118
A63691,EL Union Pharm Smouha (2),728,118
A63692,union pharm smouha,754,103
A63693,union pharm smouha 6th Zone,781,121
A63694,EL Metro Montaza (2),705,110
A63695,PY/Metro Montaza Branch 1632,707,98
A63696,El-METRO MONATZA 6th Zone,707,98
A63697,Metro Montaza Mall,716,100
A63698,Ph/Metor Montaza-A,716,100
A63699,Metro Montaza 04,750,108
A63700,PY/METRO MONTAZA,756,121
A63701,el metro montaza Main Road,762,115
A63702,el metro montaza Branch 2,762,115
A63703,el METRO MONTAZA Main Road,781,122
A63704,PH STAR CARE 6th Zone,705,111
A63705,Star Care Main Road,705,111
A63706,STAR CARE Mall,706,126
A63707,STAR CARE (2),706,126
A63708,starr care,726,135
A63709,STAR CARE Branch 1875,726,135
A63710,el Star Care (2),727,130
A63711,Star Care890,727,130
A63712,star care br.2,748,117
A63713,Star Caer Mall,775,109
A63714,PY/Staar Care715,775,109
A63715,EL Nile Care Mohandessin 011764,713,99
A63716,El-NILE CARE MOHANDESSIN Station St.,713,99
A63717,Nile Care Mohandessin 04,755,118
A63718,PH Nile Care Mohandessin br.2,755,118
A63719,NILE CARE MOHANDESSIN Main Road,766,109
A63720,Nile Care Mohandessin-A,766,109
A63721,PH Nlie Care Mohandessin 6th Zone,771,114
A63722,Ph/Nile Care Mohandessin,774,98
A63723,nile care mohandessin 04,774,98
A63724,Agnel Nozha 6th Zone,728,119
A63725,el Angel Nozh Main Road,732,131
A63726,El-angel nozha 6tth Zone,737,111
A63727,el angel nozha Station St.,737,111
A63728,Angel Nozha 011,752,110
A63729,PH angel nnozha Mall,752,110
A63730,EL Angel Nozha Main Road,770,117
A63731,PY/angel nozha (2),770,117
A63732,EL Angeel Nozha 6th Zone,772,116
A63733,Angel Nozha Brnach 2,772,116
A63734,Family Helwan614,703,111
A63735,EL famly helwan,703,111
A63736,Family Heelwan Mall,722,105
A63737,FAMILY HELWAN 6th Zone,722,105
A63738,PY/Family Helwan Station St.,730,120
A63739,el Family Helwan 01182,730,120
A63740,EL family helwan Main Road,736,99
A63741,el Family Helwan,736,99
A63742,Ph/family helwan 011,750,109
A63743,Family Helwan Mall,757,118
A63744,Family Helwan 011891,757,118
A63745,PY/Family Helwan 6th Zone,760,104
A63746,EL Family Helwan aMll,776,100
A63747,EL health gate,702,102
A63748,Health Gate Main Road105,715,97
A63749,el Health Gate (2),715,97
A63750,PH HEALTH GATE Mall,718,102
A63751,Ph/health gate Branch 2,739,106
A63752,El-HEALTH GATE-A,741,111
A63753,Ph/Health Gate,744,126
A63754,PH Health Gate Station St.,744,126
A63755,PH HEALTH GATE br.2,746,118
A63756,Health Gate Station St.,746,118
A63757,PY/Omega (2)659,714,116
A63758,El-Omega Branch 1665,770,118
A63759,el Omega 04,773,128
A63760,el Omega63,773,128
A63761,El-Omega (2)411,781,123
A63762,El-omega Branch 1813,781,123
A63763,El-better life haram-A,714,117
A63764,Ph/BETTER LIFE HARAM Mall,715,98
A63765,El-BETTER LIFE HARAM Branch 2,715,98
A63766,EL better life haram Station St.381,724,107
A63767,el better life haram Station St.,724,107
A63768,better life haram Mall,727,131
A63769,better life haram,727,131
A63770,Ph/better life haram Mall,730,121
A63771,better life haram,733,108
A63772,PH better life haram Branch 2,736,100
A63773,BETTER LIFE HARAM br.2,752,111
A63774,PH Better Life aHram 04738,752,111
A63775,El-El Baraka Rehab View,716,101
A63776,PY/El Baraka Rehab View6th Zone672,716,101
A63777,El Baraka Rehab View Branch 1,776,101
A63778,el El Baraka Rehab View Branch 1,776,101
A63779,el el baraka rehab view Mll,781,124
A63780,El-EL BARAKA REHAB VIEW 6th Zone47,781,124
A63781,El Faraby Mohandessin425,713,100
A63782,Ph/EL FARABY MOHANDESSIN br.2,724,108
A63783,PH el faraby mohandessin Branch 2159,724,108
A63784,El Faraby Mohandessin Mall,744,127
A63785,El Faraby Mohandessin0 4,744,127
A63786,EL El Faraby Mohandessin,748,118
A63787,PH EL FARABY MOHANDESSIN Branch 1,766,110
A63788,EL El Faraby Mohandessin,766,110
A63789,Ph/EL FARABY MOHANDESSIN,776,102
A63790,El-omega,723,109
A63791,PH mega Station St.,749,110
A63792,el MOEGA,749,110
A63793,Omega 04,766,111
A63794,Omega,766,111
A63795,PY/Omega Branch 2,767,115
A63796,Omega Branch 1138,780,114
A63797,PH star cre zayed Branch 1,716,102
A63798,el Star Care Zayed 011,729,116
A63799,Star Care Zayed br.2,747,100
A63800,star care zayed Main Road,765,103
A63801,elite Branch 2,710,106
A63802,el Elite Mall,710,106
A63803,PH Elite Station tS.,712,121
A63804,el elite Station St.640,724,109
A63805,el Elite Man Road,724,109
A63806,El-ELITE Station St.531,730,122
A63807,el elite br.2,757,119
A63808,El Shifa Mohandessin,713,101
A63809,PH El Shifa Mohandessin 011682,715,99
A63810,Ph/El Shifa Mohandessin Branch 1,715,99
A63811,Ph/el shifa mohandsesin 011,721,112
A63812,PY/el shifa mohandessin-A748,721,112
A63813,EL EL SHIFA MOHANDESSIN Branch 1,723,110
A63814,EL SHIFA MOHANDESSIN br.2,723,110
A63815,PY/El Shifa Mhandessin Station St.,752,112
A63816,El Shifa Mohandessin Branch 2,754,104
A63817,PY/EL SHIFA MOHANDESSIN br.2,754,104
A63818,el El Shifa Mohandessin br.2,757,120
A63819,PH El Shifa Mohandessin Main Road312,772,117
A63820,el El Shifa Mohandessin,772,117
A63821,PH elite shubra Main Road,710,107
A63822,el elite shubra 011,726,136
A63823,elite shubra (2),728,120
A63824,Elite Shubra Branch 1,728,120
A63825,PY/FAMILY REHAB VIEW,708,111
A63826,PY/Family Rehab View 04,708,111
A63827,Family Rehab View,735,114
A63828,FAMILY REHAB VIEW Branch 2,749,111
A63829,PH Family Rehab View (2),761,96
A63830,family rehab view br.2,761,96
A63831,Ph/Nile Care Mohandessin 04,701,112
A63832,El-Nile Care Mohandessin (2),701,112
A63833,El-NILE CARE MOHANDESSIN-A,717,99
A63834,PY/nile care mohandessin,717,99
A63835,el nile care mohandessin br.2,745,96
A63836,EL NILE CARE MOHANDESSIN br.2,748,119
A63837,nile care mohandessin,750,110
A63838,El-nile care mohandessin,751,119
A63839,Nile CareM ohandessin,751,119
A63840,el Nile Care Mohandessin 011,752,113
A63841,Nile Care Mohandessin,752,113
A63842,el Nile Care Mohandessin Mall,767,116
A63843,PH Angel Mohandessin Main Road,706,127
A63844,el Angel Mohandessin (2),706,127
A63845,angel mohandessin (2),709,105
A63846,PY/Angel Mohandessin (2),709,105
A63847,El-Angel Mohandessin 04924,716,103
A63848,angel mohndessin Branch 2,717,100
A63849,el ANGEL MOHANDESSIN Mainn Road,717,100
A63850,El-Angel Mohandessin Branch 2,726,137
A63851,el Angel Mohadnessin 011,731,101
A63852,El-ANGEL MOHANDESSIN Station St.,744,128
A63853,Ph/Metro Haram-A,703,112
A63854,el METRO HARAM,703,112
A63855,Metro Haram,712,122
A63856,Ph/Metro Haram473,715,100
A63857,PY/Metro Haram Station St.,716,104
A63858,PH Metro Haram Main Road44,716,104
A63859,Metor Haram br.2,718,103
A63860,METRO HARAM Brancch 2,718,103
A63861,METRO HARAM Main Road,730,123
A63862,El-METRO HARAM 011493,731,102
A63863,el MERO HARAM,771,115
A63864,PH health gate helwan br.2379,717,101
A63865,PY/Health Gaet Helwan 6th Zone,720,118
A63866,El-Health Gate Helwan Brranch 1,722,106
A63867,PH health gatte helwan Branch 2,736,101
A63868,health gate helwan 011743,738,117
A63869,El-heatlh gate helwan Mall,744,129
A63870,PH health gate helwan br.2,770,119
A63871,PY/Mira Mohandessin-A,703,113
A63872,PH Mira Mohandessin,703,113
A63873,Ph/Mira Mohandessin Main Road225,704,116
A63874,mira mohandesisn Branch 1,704,116
A63875,Mira Mohandessin (2),706,128
A63876,El-Mira Mohandessin Station St.,745,97
A63877,EL Mira Mohandessin,745,97
A63878,El Zahraa Zayed-A,710,108
A63879,el zahraa zayed (2),710,108
A63880,el EL ZAHRAA ZAYED Main Road,717,102
A63881,PH El Zahraa Zayed Main Road,742,105
A63882,El-el zahraa zayed Branch 2,744,130
A63883,EL El Zahraa Zayed 6th Zone,744,130
A63884,EL El Zahraa Zayed 04,750,111
A63885,EL El Zaraa Zayed,750,111
A63886,El-El Zahraa Zayed,766,112
A63887,P/El Zahraa Zayed,766,112
A63888,ELE l Zahraa Zayed 6th Zone,776,103
A63889,Ph/DR MEDHAT MOHANDESSIN (2),715,101
A63890,Dr Medhat Mohndessin Mall,740,119
A63891,el DR MEDHAT MOHANDESSIN br.2,746,119
A63892,el dr medhat mohandessin Main Road,746,119
A63893,EL DR MEDHAT MOHANDESSIN,756,122
A63894,El-dr medhat mohandessin-A921,756,122
A63895,DR MEDHA MOHANDESSIN 04,771,116
A63896,PY/dr medhat mohandessin 04865,778,109
A63897,EL Dr Medhat Mohandessin 6ht Zone,781,125
A63898,Elite,704,117
A63899,PY/elit Branch 1,704,117
A63900,ELITEE Mall540,706,129
A63901,PY/elite 011388,719,111
A63902,ELITE Mall,719,111
A63903,el ELITE 04168,763,116
A63904,Eltie,775,110
A63905,EL Elite Branch 1,779,102
A63906,El-Care 24 Seven (2),728,121
A63907,El-Care 24 Seven,729,117
A63908,Care 24 Seven Station St.,743,110
A63909,Ph/Care 24 Seven Branch 1,743,110
A63910,Ph/care 24 seven Branch 1,745,98
A63911,CARE 24 SEVEN 6th Zone,772,118
A63912,care 24 seven 011,772,118
A63913,PY/elite shubra0 4,704,118
A63914,ELITEE SHUBRA Main Road,704,118
A63915,Elite Shubra Station St.,723,111
A63916,EL ELITTE SHUBRA Branch 2,723,111
A63917,Ph/Elite Shubra (2),724,110
A63918,el Nile Care (2),705,112
A63919,nilecare 011,738,118
A63920,El-nile care Main Road678,743,111
A63921,El-nile care,745,99
A63922,el NILE CARE Branch 2,745,99
A63923,PY/NILE CARE Branch 2,759,103
A63924,EL Alppha Pharma Mohandessin Mall,721,113
A63925,el Alpha Pharma Mohandessin,726,138
A63926,PH Alpha Pharma Mohandessin br.2,726,138
A63927,Alpha Pharma Mohandessin Bracnh 2,772,119
A63928,El-ALPHA PHARMA MOHANDESSIN-A,773,129
A63929,PH Alpha Pharma Mohandessin 6th Zone,781,126
A63930,Mira Mohandessin 6th Zone,714,118
A63931,Mira Mohandessin 04,714,118
A63932,EL mira mohanndessin Branch 2886,722,107
A63933,el Mira Mohandessin Branch 1,742,106
A63934,EL MIRA MOHANDESSIN br.2,742,106
A63935,el zahhraa,705,113
A63936,El Zahraa Station St.372,705,113
A63937,EL ZAHRAA Main Road,726,139
A63938,E lZahraa 011937,726,139
A63939,El ZahraaM all,738,119
A63940,EL El Zahraa Mall,754,105
A63941,PY/El Zahraa Main Road197,764,96
A63942,PH e zahraa 6th Zone,778,110
A63943,el El Zahraa (2)707,778,110
A63944,el el nasr zayed-A762,713,102
A63945,el nasr zayed Branch 1,713,102
A63946,PY/el nasr zayed-A,715,102
A63947,El Nasr Zayed Station St.,717,103
A63948,EL El Nasr Zayed,733,109
A63949,Ph/EL NASR ZAYED,733,109
A63950,EL EL NASR ZAYED br.2,736,102
A63951,el El Nasr Zayed-A,750,112
A63952,EL EL NASR ZAYED Mall,780,115
A63953,el Life Line Obour 04,707,99
A63954,PY/life line obour br.2,734,110
A63955,El-LIFE LINE OBOUR Mall,756,123
A63956,life line obour Main Road,773,130
A63957,HOPE MOHANDESSIN 04,725,105
A63958,PY/Hope Mohhandessin-A,725,105
A63959,PH HOPE MOHANDESSIN Station St.,728,122
A63960,Ph/hope mohandessin Mall,728,122
A63961,el Hope Mohandessin,743,112
A63962,El-Hope Mohandessin (2),743,112
A63963,PY/Care 24 Seven Mohandessin-A,713,103
A63964,Ph/care 24 seven mohandessin,713,103
A63965,Care 24 Seven Mohandessin 011,719,112
A63966,El-CARE 24 SEVEN MOHANDESSIN (2),719,112
A63967,Ph/Care 24 Seven Mohandessin,723,112
A63968,care 24 seven mohandessin Mall,758,108
A63969,EL care 24 seven mohandessin Main Road,774,99
A63970,care 24 seven mohandessin Branch 1,774,99
A63971,sunrse mohandessin Branch 2,728,123
A63972,Sunrise Mohandessin (2),728,123
A63973,Ph/sunrise mohandessin Main Road,756,124
A63974,Ph/sunrise mohandessin br.2,780,116
A63975,PY/SUNRIES MOHANDESSIN 6th Zone,780,116
A63976,el shifa mohandessin Main Road,729,118
A63977,El-El Shifa Mohandessin 6th Zone532,729,118
A63978,Ph/El Shifa Mohandessin,733,110
A63979,El-El Shifa Mohandessin Station St.,753,112
A63980,el El Shiifa Mohandessin Branch 1,754,106
A63981,PH el shifa mohandessin 04929,754,106
A63982,PH drr medhat mohandessin (2),700,102
A63983,DR MEDHAT MOHNDESSIN,715,103
A63984,Dr Medhat Mohandessin Main Road,715,103
A63985,PH dr medhat mohandeessin Station St.,746,120
A63986,Dr Medhat Mohandessin 011,751,120
A63987,Ph/DR MEDHAT MOHANDESSIN br.2,757,121
A63988,dr medhat mohandessin Mall562,759,104
A63989,PH DRM EDHAT MOHANDESSIN,771,117
A63990,EL Dr Medhat Mohandessin-A,771,117
A63991,Dr Mdhat 011,721,114
A63992,EL DR MEDHAT Branch 2,736,103
A63993,PH dr medhat,745,100
A63994,PH Dr Medhat-A,747,101
A63995,PY/Dr Medhat395,751,121
A63996,EL Dr Medhat Mall892,751,121
A63997,EL dr medhat Branch 2,770,120
A63998,EL star care helwan,712,123
A63999,PH star are helwan-A,719,113
A64000,PY/Star Care Helwan Branch 2,719,113
A64001,el Star Care Helwan br.2,746,121
A64002,STAR CARE HELWAN,750,113
A64003,star care helwan178,750,113
A64004,Ph/Star Care Helwan Branch 2,753,113
A64005,star care helwan Branch 2,753,113
A64006,PY/STARC ARE HELWAN Branch 2,762,116
A64007,Star Care Helwan-A,762,116
A64008,el Star Care Helwan Main Road,772,120
A64009,Ph/STAR CAREH ELWAN Mall,772,120
A64010,PY/star care helwan Mall,775,111
A64011,PY/Star Care Helwan Branch 1,775,111
A64012,El-angel montaza-A,706,130
A64013,el Angel Monttaza 011,706,130
A64014,PH ANGEL MONTAZA-A,728,124
A64015,angel montaza br.2,728,124
A64016,Angel Montaza 04,747,102
A64017,E LAngel Montaza59,747,102
A64018,PY/Angel Montaza 6th Zone,772,121
A64019,PH Blue Wave Dokki Mall,708,112
A64020,PH Blue aWve Dokki,712,124
A64021,El-blue wave dokki Mall,712,124
A64022,Blue Wave Dokki Branch 1,731,103
A64023,El-BLUE WAVE DOKKI 6th Zone,756,125
A64024,Al Amal Banha,729,119
A64025,EL ALL AMAL BANHA,729,119
A64026,PH al amal banha Branch 1,742,107
A64027,Ph/AL AMAL BANHA 011,742,107
A64028,Al Amal Banhha 04,751,122
A64029,Ph/AL AMAL BANHA 6th Zone,782,124
A64030,El Faraby Branch 1,713,104
A64031,El Faraby (2),714,119
A64032,EL El Faraby br.2252,714,119
A64033,EL el faraby (2),749,112
A64034,el El Faraby Main Road,749,112
A64035,El Faraby 011,782,125
A64036,Ph/EBNS INA 6th Zone,700,103
A64037,Ph/Ebn Sina,703,114
A64038,PH Ebn Sina br.2,733,111
A64039,Ebn Sina br.2,735,115
A64040,Ph/ebn sina (2),735,115
A64041,ell ebn sina Station St.,753,114
A64042,PY/ebn sina Branch 2,753,114
A64043,el Ebn Sina,778,111
A64044,PH Better Life Mall,700,104
A64045,BETTER LIFE-A,700,104
A64046,Bette rLife 011,701,113
A64047,EL Better Life 6th Zone,701,113
A64048,El-Better Life,740,120
A64049,Better Life 2),762,117
A64050,Better Liffe Station St.,762,117
A64051,PH Better Life Station St.,763,117
A64052,el BETTER LIFE 011,770,121
A64053,PH bbetter life (2),770,121
A64054,Bettter Life (2),771,118
A64055,better life 011100,771,118
A64056,Ph/PHARMA PLUS HAAM Main Road,730,124
A64057,PY/Pharma Plus Haram 04,731,104
A64058,Pharma Plus Haram,731,104
A64059,El-PHARMA PLUS HARAM Mall,750,114
A64060,Pharma Plus Haram,750,114
A64061,PY/El Shifa Mohandessin-A,724,111
A64062,Ph/El Shifa Mohandessin 04178,724,111
A64063,El-EL SHIFA MOHANDESSIN,748,120
A64064,EL EL SHIFA MOHANDESSIN,748,120
A64065,El Shifa Mohandessin 04686,778,112
A64066,EL SHIFA MOHANDESSIN-A,778,112
A64067,El-Elitte 6th Zone,735,116
A64068,PH Elite,735,116
A64069,el ELITE,763,118
A64070,PY/ELITE 011,776,104
A64071,PH Elite Mall,776,104
A64072,Angel 011,704,119
A64073,PH angel Main Road,704,119
A64074,Angel Branch 232,706,131
A64075,P/YANGEL94,706,131
A64076,El-Angl (2),711,104
A64077,El-Angel 04,711,104
A64078,PY/Angel,734,111
A64079,angel0 11,748,121
A64080,Ph/angel Branch 145,748,121
A64081,El-Angel 6th Zone,765,104
A64082,angell Branch 2,775,112
A64083,EL El Nasr BBranch 1,731,105
A64084,P HEl Nasr Branch 2,731,105
A64085,el EL NASR,744,131
A64086,El asr99,744,131
A64087,PY/el nasr Branch 1,760,105
A64088,PY/El Nasr-A,774,100
A64089,EL NASR 04,774,100
A64090,el EL SHIFA MOHANDESISN 04,720,119
A64091,el El hifa Mohandessin Station St.,732,132
A64092,PH EL SHIFA MOHANDESSIN Branch 1,732,132
A64093,El Shifa Moandessin-A,766,113
A64094,EL ELITE MOHANDESSIN Branch 2687,700,105
A64095,el Elite Mohandessin Mall,710,109
A64096,Elite Mohandessin Station St.,720,120
A64097,el elite mohandessin 6th Zone556,761,97
A64098,E-lELITE MOHANDESSIN,770,122
A64099,life line mohandessin-A,725,106
A64100,el Life Line Mohandessin Station St.,725,106
A64101,Ph/LIFE LIN EMOHANDESSIN,731,106
A64102,life line mohandessin Sttation St.,756,126
A64103,Life Line Mohandessin,782,126
A64104,EL Mira Mohandessin Station St.,708,113
A64105,Ph/MIRA MOHANDESSIN Main Road,708,113
A64106,Ph/Mira Moohandessin (2),713,105
A64107,Mira Mohandessin br.2,716,105
A64108,EL MIRA MOHANDESSIN 011,716,105
A64109,el Mira Mohandessin 6th Zone,725,107
A64110,PY/Mira Mohandessin-A,726,140
A64111,Mira Mohandessin,746,122
A64112,PH MIRA MOHANDESSIN (2),746,122
A64113,PH Mira Mohandessin (2),752,114
A64114,PH mira mohandessin,757,122
A64115,El-Misr Dokki,711,105
A64116,Ph/Misr Dkoki,717,104
A64117,EL Misr Dokki,722,108
A64118,EL MISR DOKKI-A,725,108
A64119,Misr Dokki (2),725,108
A64120,misr dokki 04,728,125
A64121,el Misr Dokki 04,728,125
A64122,Misr Dokki 04,735,117
A64123,Misr Dokki,762,118
A64124,PY/Care 24 Seven Mall,714,120
A64125,Care 24 even br.2169,736,104
A64126,El--CARE 24 SEVEN332,736,104
A64127,EL CARE 24 SEVEN Station St.451,749,113
A64128,Care 24 Seven Mall,764,97
A64129,el CARE 24 SEVEN,764,97
A64130,El-CARE 24 SEVEN Branch 1,774,101
A64131,EL CARE 24 SEVEN (2),774,101
A64132,CARE 24 SEVEN Station St.,779,103
A64133,Care 24 Seven Mall,779,103
A64134,PY/Care 24 Seven Mall,780,117
A64135,Ph/El Barakaa Mohandessin 6th Zone63,702,103
A64136,el baraka mohandessin br.2,702,103
A64137,El Baraka Mohandessin,717,105
A64138,PY/El Baraka Mohandessin (2),717,105
A64139,PH el baraka mohandessin 04,735,118
A64140,Ph/el baraka mohandessin Station St.,750,115
A64141,Ph/El Baraka Mohandessin Branch 1,750,115
A64142,el EL BARAKA MOHANDESSIN (2),754,107
A64143,El Baraka Mohanddessin (2)12,754,107
A64144,EL El Baraka Mohandessin br.2785,765,105
A64145,EL El Baraka Mohandessin,781,127
A64146,BETTER LIFE AGAMI 6th Zone,729,120
A64147,EL Better Life Agami Branch 1,729,120
A64148,better life agami Station St.,757,123
A64149,el BETTER LIFE AGAMI (2),769,98
A64150,EL BETTER LIFE AGAMI 6th Zone891,769,98
A64151,BETTER LIFE AGAMI,777,118
A64152,Better Life Agami br.2,780,118
A64153,el ANGEL SMOUUHA Main Road,733,112
A64154,EL angel smouha,733,112
A64155,El-Angel Smouha Main Road,735,119
A64156,PY/angel smouha Branch 2,743,113
A64157,PH ANGEL SMOUHA Branch 2,747,103
A64158,Angel Smouha Branch 1,747,103
A64159,El-Angel Souha-A789,772,122
A64160,Angel Smouha,781,128
A64161,El-angel smouha Main Road,781,128
A64162,Better Life Mohandessin936,701,114
A64163,EL better life mohandessin,701,114
A64164,PY/BETTER LIFE MOHANDESSIN (2),710,110
A64165,Better Life Mohandessin-A,710,110
A64166,better life mohandessin 011,722,109
A64167,El-Better Life Mohanedssin,722,109
A64168,Better Life Mohandessin (2)922,726,141
A64169,Better Life Mohandessin,750,116
A64170,EL BETTER LIFE MOHANDESSIN Mall,753,115
A64171,EL Better Life Mohandessin 6th Zone,769,99
A64172,BETTER LIFE MOHANDESSIN Branch 2,769,99
A64173,better lifemohandessin Mall,780,119
A64174,EL BETTER LIFE MOHANDDESSIN Branch 1,780,119
A64175,EL Al Nozha Station St.,726,142
A64176,Ph/AL NOZHA 011643,726,142
A64177,al nozha 6th Zone172,730,125
A64178,Phal nozha 04,730,125
A64179,PhAl Nozha br.2,735,120
A64180,El-AL NOZHA Station St.,735,120
A64181,Ell-AL NOZHA 6th Zone,760,106
A64182,El-AL NOZHA 6th Zone,760,106
A64183,PH AL NOZHA,773,131
A64184,El-Al Nozha 04,773,131
A64185,Ph/al nozha Mall,776,105
A64186,PH al nozha524,779,104
A64187,EL Al Nozha Branch 2,780,120
A64188,Better Life Obour,719,114
A64189,Better Life Obour 011,759,105
A64190,Ph/better lif obour,759,105
A64191,El-BETTER LIFE OBOUR 04,771,119
A64192,el BETTER LIFE OBOUR Branch 1,771,119
A64193,PY/ell shifa,706,132
A64194,el EL SHIFA,706,132
A64195,El Shifa Branch 2,715,104
A64196,el shifa,715,104
A64197,el shiaf Mall,717,106
A64198,PY/El Shifa (2),717,106
A64199,Ph/el shifa 011,719,115
A64200,PH EL SHIFA 04,724,112
A64201,EL el shifa 6th Zone,724,112
A64202,EL SHIFA-A,769,100
A64203,el shifa (2),771,120
A64204,el Health Gate 04,713,106
A64205,Ph/Health Gate,713,106
A64206,Ph/Health Gate,738,120
A64207,PY/health gate-A,738,120
A64208,PH Health Gate,747,104
A64209,HEALTH GATE Mall,747,104
A64210,el Health GGate Branch 2,752,115
A64211,Health Gate Main Road,755,119
A64212,Health Gate 04,759,106
A64213,EL Health Gate 11,768,121
A64214,EL Health ate br.2,768,121
A64215,HEALTH GATE,775,113
A64216,elhealth gate,775,113
A64217,Union Pharm Marg (2),700,106
A64218,EL union pharm marg Branch 1,703,115
A64219,El-Union PharmMarg Branch 1,713,107
A64220,PH Union Phar Marg Branch 2,733,113
A64221,UNION PHARM MARG Branch 1,733,113
A64222,PY/UNION PHARM MARG Mall544,743,114
A64223,EL UNION PHARM MARG,743,114
A64224,Ph/Union Pharm Marg 6th Zone,770,123
A64225,Union Pharm Marg (2),782,127
A64226,PY/UNION PHARM MARG 011,782,127
A64227,LIFE LINE MAADI 6th Zone435,720,121
A64228,Life Line Maadi760,729,121
A64229,life line maadi 011,729,121
A64230,PH life line maadi Branch 2210,730,126
A64231,PY/LIFE LINE MAADI 04,751,123
A64232,life line maadi282,751,123
A64233,PH life line maadi 011,761,98
A64234,EL Life Line Maadi Mall,761,98
A64235,EL life line maadi Branch 1,767,117
A64236,PH Life Line Maadi Station St.,767,117
A64237,Life Line Maadi (2),773,132
A64238,El-life line amadi Main Road,782,128
A64239,El-elite mohandessin 04,717,107
A64240,Ph/ELITE MOHANDESSIN Branch 1,753,116
A64241,EL ELITE MOHNADESSIN,761,99
A64242,el el faraby mohandessin 011,714,121
A64243,PH el faraby mohandessin Branch 2,714,121
A64244,El-el farayb mohandessin Branch 2,721,115
A64245,PY/El Faraby Mohandesin,721,115
A64246,El Faraby Mohandessin,748,122
A64247,EL FARABY MOHANDESSIN 011,753,117
A64248,el Health Gate Branch 2,704,120
A64249,PH HEALTH GATE,714,122
A64250,Ph/health gate 6th Zone505,714,122
A64251,Health Gate,727,132
A64252,EL Health Gate,754,108
A64253,EL Health Gate br.2,754,108
A64254,el HEALTH GATE,763,119
A64255,Health Gat Mall,763,119
A64256,HEALT GATE Main Road,778,113
A64257,Health Gate 04,778,113
A64258,EL Omega Helwan 6tth Zone,714,123
A64259,Ph/OMEGA HELWAN 04,721,116
A64260,EL OMEGA HELWAN,738,121
A64261,PY/Omega Helwan,748,123
A64262,el omega helwan653,748,123
A64263,Ph/PHARRMA PLUS DOKKI-A,727,133
A64264,Ph/Pharma Plus Dokki,731,107
A64265,PH PHARMA PLUS DOKKI (2),731,107
A64266,PH pharma plus dokki 04,740,121
A64267,pharma plus dokki Mall,740,121
A64268,pharma plus dokki Main Road,750,117
A64269,El-Pharma Plus Dokki Mall,750,117
A64270,EBN SINA SMOUHA Mall,718,104
A64271,EL EBN SINA SMOUHA Main Road,718,104
A64272,PH EBN SINA SMOUHA br.2,721,117
A64273,el ebn sina smouha,721,117
A64274,P/hEbn Sina Smouha 011,751,124
A64275,el Ebn Sina Smuha,751,124
A64276,PY/EBNSINA SMOUHA 04,769,101
A64277,el Ebn Sina Smouha-A,769,101
A64278,EL SSunrise,719,116
A64279,PY/sunrise 011,719,116
A64280,El-SUNRISE,732,133
A64281,Snrise,732,133
A64282,El-SUNIRSE-A,742,108
A64283,Ph/sunrise br.2,742,108
A64284,EL sunrise Main Road369,744,132
A64285,Ph/sunrise 6th Zone,767,118
A64286,el SUNRISE 01157,767,118
A64287,Ph/Sunrise890,772,123
A64288,PH sunrise313,772,123
A64289,el Mira Faisal Branch 1,708,114
A64290,Mira Faisal 6th Zone,708,114
A64291,PY/mira faisal-A,712,125
A64292,Mira Faisal Station St.,722,110
A64293,Ph/Mira Faisal,722,110
A64294,Mira Faisal 04599,747,105
A64295,El-MIRA FAISAL Mall,747,105
A64296,PH IRA FAISAL (2),767,119
A64297,EL Mira Faisal 04,780,121
A64298,PY/MIRA FAISAL,780,121
A64299,el Dr Medhat Shubra,703,116
A64300,Ph/Dr Medhat Shubra Mall,703,116
A64301,DR MEDHAT SHUBRA,713,108
A64302,dr medhat shubra,713,108
A64303,el Dr Medhat Shubra 04,717,108
A64304,dr medhat shubra Branch 1,717,108
A64305,dr medhat shubra,724,113
A64306,ell Dr Medhat Shubra (2)56,724,113
A64307,DR MEDHAT SHUBRA 04,738,122
A64308,el Dr Medhat Shubra 011,738,122
A64309,PY/dr medhat shubra-A,768,122
A64310,e lMira 6th Zone232,702,104
A64311,el MIRA 6th Zone,702,104
A64312,EL Mira Station St.,719,117
A64313,Mira Mall,759,107
A64314,PY/mira rehab view Main Road,714,124
A64315,PH MIRA REHAB VIEW br.2,714,124
A64316,PY/mira rehab view Mall,721,118
A64317,EL mira rehab view Mall479,721,118
A64318,EL Mira Rehab View 2(),743,115
A64319,El-Mira Rehab View Main Road,743,115
A64320,EL Mira Rehab View Branch 1,753,118
A64321,Ph/mira rehab view 04,762,119
A64322,Mira Rehab View,764,98
A64323,mira rehab view Main Road,773,133
A64324,el Union Pharm Mohandesisn br.2,701,115
A64325,EL Union Pharm Mohandessin br.2,720,122
A64326,Ph/Union Pharm Mohandessin,720,122
A64327,PH Uniion Pharm Mohandessin,740,122
A64328,Union Pharm Mohandessin 011,743,116
A64329,Union Pharmm Mohandessin,743,116
A64330,UNION PHARM MOHANDESSIN (2),760,107
A64331,PH Union Pharm Mohandessin (2),778,114
A64332,union pharm mhoandessin Mall,778,114
A64333,PH Al Nozha Brranch 1,706,133
A64334,EL l Nozha 04,706,133
A64335,el AL NOZHA Station St.,736,105
A64336,PY/al nozha Branch 2926,738,123
A64337,AL NOZHABranch 1,750,118
A64338,EL Al Nozha,765,106
A64339,EL AL NOZHA Station St.,765,106
A64340,Ph/L NASR OCT CITY Mall,702,105
A64341,PH el nasr oct city 6th Zone,715,105
A64342,El Nasr Oct City 6th Zone,740,123
A64343,el El Nasr Oct Ctiy Branch 1,740,123
A64344,El-El Nasr Oct City Brannch 1,763,120
A64345,EL NASR OCT CITY Branch 2,763,120
A64346,star care montaza Main Road,701,116
A64347,Star Care Montaza-A,715,106
A64348,Ph/Star Care Montaza,720,123
A64349,STAR CARE MONTAZA (2)822,720,123
A64350,PY/star care montaza (2),742,109
A64351,PH STAR CARE MONTAZA,742,109
A64352,star care montaza,752,116
A64353,PY/Star Care Montaza br.2,772,124
A64354,staar care montaza 04,772,124
A64355,PH A Nozha Main Road,731,108
A64356,E al nozha,731,108
A64357,Al Nozha br.2,758,109
A64358,Al Nozha Staation St.784,758,109
A64359,Ph/Al Nozha,771,121
A64360,PY/AL NOZHA 6th Zone,771,121
A64361,Star Care Marg Mall,708,115
A64362,Star Care Marg,708,115
A64363,Ph/star care marg-A,711,106
A64364,El-star care marg br.2,723,113
A64365,star care marg,742,110
A64366,El-Star Care Marg-A,742,110
A64367,PY/star care marg 6th Zone,759,108
A64368,Star Care Marg Station St.,759,108
A64369,star care marg-A,762,120
A64370,Stra Care Marg Station St.,762,120
A64371,el Star Care Marg Mall,771,122
A64372,EL nile care montaza,703,117
A64373,EL Nile Care Montaza,707,100
A64374,Ph/nile care montaza Branch 1,725,109
A64375,El-Nile Care Montaza,725,109
A64376,ElNile Care Montaza572,730,127
A64377,PYY/NILE CARE MONTAZA,730,127
A64378,El-NILEE CARE MONTAZA (2),781,129
A64379,Ph/nile care montaza 6th Zone,781,129
A64380,Union Pharm Mohandessin Branch 2,705,114
A64381,PH Union Pharm Mohandessin Station St.400,707,101
A64382,Union Pharm Mohandessin 6th Zone,712,126
A64383,Uion Pharm Mohandessin Main Road717,718,105
A64384,el Union Pharm Mohandessin,735,121
A64385,PY/Union Pharm Mohandessin Main Road,735,121
A64386,Union Pharm Mohandessin Branch 2,742,111
A64387,El-UNION PHARM MOHANDESSIN-A,757,124
A64388,Union Pharm Mohandessin br.2,757,124
A64389,Union Pharm Mohandessin (2),774,102
A64390,UNION PHARM MOHANDESSIN-A,774,102
A64391,MIRA OCT CITY 6th Zone55,700,107
A64392,mira oct city 04,700,107
A64393,Mira Oct City Main Road,760,108
A64394,Ph/Mira Oct City,770,124
A64395,Mira Oct City Mall995,774,103
A64396,City Carre 04,720,124
A64397,City Care (2),721,119
A64398,El-city care Mall223,721,119
A64399,City Care Main Road,762,121
A64400,EL city care Branch 188,762,121
A64401,PH City Care Station St.,779,105
A64402,PY/care 24 seven agami 6th Zone,721,120
A64403,El-care 24 seven agami br.2,721,120
A64404,Care 24 Seven Agami br.2598,741,112
A64405,PY/care 24 seven agami (2),741,112
A64406,CARE 24 SEVEN AGAMI-A,744,133
A64407,Care 24 Seven Agami (2),757,125
A64408,EL Care 24 Seven Agami Branch 1,757,125
A64409,care 24 seven agami (2),776,106
A64410,PY/Care 24 Seven Agami Branch 2,776,106
A64411,EL blue wave mohandessin 011,713,109
A64412,El-blue wave mohandessin br.2,713,109
A64413,PH Blue Wave Mohandessin Station St.,717,109
A64414,Blue Wave Mohandessin Branch 1,717,109
A64415,el BLUE WAVE MOHANDESSIN Mall,724,114
A64416,Ph/Blue Wave Mohandessin 6ht Zone,724,114
A64417,el BLUE WAVE MOHANDESSIN Branch 1,735,122
A64418,Blue Wave Mohandessin,749,114
A64419,El--BLUE WAVE MOHANDESSIN br.2,749,114
A64420,el el hokama Branch 1,726,143
A64421,el EL HOKAMA,726,143
A64422,Ph/El Hokama (2),738,124
A64423,EL EL HOKAMA MainRoad78,752,117
A64424,EL EL HOKAMA Station St.,752,117
A64425,El Hokama Main Road,763,121
A64426,PY/el hokama 011,768,123
A64427,el care 24 seven,711,107
A64428,EL care 24 seven Branch 1,711,107
A64429,PH care 24 seven 011766,715,107
A64430,CARE 24 SEVEN-A,724,115
A64431,PH Care 24 Seven Branch 1,724,115
A64432,el CARE 24 SVEEN (2),735,123
A64433,Ph/care 24 seven732,735,123
A64434,EL CARE 24 SEVEN br.2,739,107
A64435,PY/Crae 24 Seven-A,739,107
A64436,PH CARE 24 SEVEN 04,768,124
A64437,EL Care 24 Seven,768,124
A64438,PY/CARE 24 SEVEN Branch 1734,773,134
A64439,el Care 24 Seven Station St.330,774,104
A64440,El-Care 4 Seven,774,104
A64441,PY/Ebn SSina Square812,705,115
A64442,Ph/ebn sina square 6th Zone,706,134
A64443,Ebn Sina Square br.2,706,134
A64444,el Ebn Sina Square 6th Zone446,711,108
A64445,EBN SINA SQUARE,756,127
A64446,EL Family Mohandessin 04,708,116
A64447,El-family mohandessin Station St.,708,116
A64448,Family Mohandesin Mall,721,121
A64449,El-Family Mohandessin Station St.,725,110
A64450,el FAMILY MOHANDESSIN382,756,128
A64451,Ph/Family Mohandessin,756,128
A64452,PY/Family Mohandessin Branch 2,764,99
A64453,Ph/Family Mohandessin-A589,764,99
A64454,PY/family mohandessin (2),768,125
A64455,EL Family Mohandessin 6th Zone,772,125
A64456,EL FAMILY MOHANDESSIN,772,125
A64457,el Sunrise 01115,701,117
A64458,Ph/SUNRISSE (2),701,117
A64459,sunrisse Branch 2934,731,109
A64460,PH Sunrise br.2,731,109
A64461,SUNRISE 04,732,134
A64462,Ph/Sunrise 6th Zone,732,134
A64463,Ph/Al Amal br.2,713,110
A64464,PH al amal 011,713,110
A64465,AL AAL-A,721,122
A64466,PY/AL AMAL Brannch 2,766,114
A64467,el AL AMAL (2),766,114
A64468,PY/ALL AMAL 04,771,123
A64469,el CARE 24 SEVEN MAADI br.2,702,106
A64470,Ph/care 24 seven maadi Branch 2,702,106
A64471,PY/Care 24 Seven Maadi Main Road,710,111
A64472,Ph/Care 2 Seven Maadi-A,725,111
A64473,care 24 seven maadi,740,124
A64474,PY/Care 24 Seven Maadi (2),751,125
A64475,El-Care 24 Seven Maadi,751,125
A64476,Care 24 Seven Maadi (2),755,120
A64477,CARE 24 SEVEN MAADIM ain Road,763,122
A64478,PY/Care24 Seven Maadi,765,107
A64479,GREEN LEAF DOKKI Branch 2,706,135
A64480,El-Green Leaf Dokki Mall,706,135
A64481,Green Leaf Dokki Branch 2,734,112
A64482,Green Leaf Dokki Brach 1,758,110
A64483,El-green leaf dokki366,758,110
A64484,Greeen Leaf Dokki (2),768,126
A64485,Green Leaf Dokki Branch 1,768,126
A64486,El-Omega Mohandessin,707,102
A64487,Ph/Omega Mohanndessin,707,102
A64488,Omega Mohandessin Main Road,711,109
A64489,EL Omega Mohandessin-A968,711,109
A64490,Omgea Mohandessin,774,105
A64491,Ph/Angel Branch 2,705,116
A64492,Ange Main Road,705,116
A64493,El-Angel,711,110
A64494,EL Angel Branch 2,713,111
A64495,ANGEL 04,714,125
A64496,ELa ngel-A,753,119
A64497,PY/Angel 04,771,124
A64498,el salamtek helwan 6th Zone,710,112
A64499,EL SALAMTEK HELWAN 011,711,111
A64500,Ph/Salamtek Helwan-A798,711,111
A64501,Salamtek Helwan-A272,724,116
A64502,el Salamtek Helwan883,738,125
A64503,PY/Salamtek Helwan676,748,124
A64504,el SALAMTEK HELWAN979,748,124
A64505,Ph/salamtek helwan Station St.,757,126
A64506,salamtek helwan Mall771,757,126
A64507,el SALAMTEK HELWAN-A,765,108
A64508,el Salamtek Helwan (2)507,765,108
A64509,PY/green leaf-A,718,106
A64510,Green Leaf Branch 1,718,106
A64511,Gree nLeaf (2),761,100
A64512,El-Green Leaf,761,100
A64513,el GREEN LEAF Branch 2,765,109
A64514,FAMILYIMBABA 011740,734,113
A64515,PH Family Imbaba,734,113
A64516,PY/FAMILY IMBABA 6th Zone,739,108
A64517,el Family Imbaba-A241,739,108
A64518,EL Family Imbaba Branch 1,753,120
A64519,family imbaba 6th Zone,768,127
A64520,El-FMAILY IMBABA,768,127
A64521,el FFAMILY IMBABA,778,115
A64522,el FAMILY IMBABA 6th Zone,778,115
A64523,Ph/El Hokama Montaza627,710,113
A64524,EL EL HOKAMA MONTAZA (2),710,113
A64525,el hokama montaza485,713,112
A64526,El-El Hokama Montaza Mall,713,112
A64527,el hokama montaza Branch 1773,720,125
A64528,Ph/el hokama montaza 04,732,135
A64529,El Hokama Monntaza-A,737,112
A64530,El-EL HOKAMA MONNTAZA (2),742,112
A64531,el El Hokama Mnotaza 011,752,118
A64532,PY/Omega Mohandessin br.2,743,117
A64533,PH Omega Mohnadessin Mall994,743,117
A64534,PY/OMEGA MOHANDESSIN Station St.534,752,119
A64535,omega mohandessin,756,129
A64536,PY/OMEGA MOHANDESSIN Branch 1,758,111
A64537,PY/El Zahraa 6th Zone,715,108
A64538,EL ZAHRAA Branch 2,722,111
A64539,El Zahraa,727,134
A64540,El Zahraa,727,134
A64541,el EL ZAHRAA Main Road,744,134
A64542,El Zahraa793,744,134
A64543,EL el zahraa16,775,114
A64544,El-El Zahraa-A,775,114
A64545,metro obour br.2,707,103
A64546,metro obour 6th Zone,707,103
A64547,Metro Obour Mall,726,144
A64548,Ph/Metro Obour,741,113
A64549,Ph/METRO OBOUR,741,113
A64550,el Metro Obour,746,123
A64551,El-metro obour,746,123
A64552,El-Metro Obour Mall,751,126
A64553,PY/METRO OBOUR 6th Zone,751,126
A64554,METRO OBOUR Branch 2,776,107
A64555,metro obour br.231,776,107
A64556,SALAMTEK r.2,715,109
A64557,Salamtek,762,122
A64558,salaamtek,772,126
A64559,Omega Square Mall,702,107
A64560,el Omega Square (2),705,117
A64561,Omega Square br.2,715,110
A64562,el OMMEGA SQUARE 04,719,118
A64563,PH Omega Square,726,145
A64564,El-Omega Square br.2,739,109
A64565,PH Omega Square Main Road214,745,101
A64566,El-OMEGA SQUARE,745,101
A64567,Ph/Omega Square 6th Zone,765,110
A64568,el Ebn Sina Mohandessin br.2,754,109
A64569,PY/EBN SINA MOHANDESSIN 04,757,127
A64570,el Ebn Sina Mohandessin Mall,762,123
A64571,OMEGA REHB VIEW 04,732,136
A64572,Ph/Omega Rehab View-A463,737,113
A64573,PH Omega Rehab View Mall,737,113
A64574,Ph/omega rehab view,739,110
A64575,El-Ommega Rehab View 011,739,110
A64576,el Omega Rehab ViewM all,741,114
A64577,EL Omega Rehab View,741,114
A64578,Omega Rehab View,767,120
A64579,Omega Rehab View br.2,774,106
A64580,EL Silver Care Mohandessin Mall,715,111
A64581,Silver Care Mohandessin Station St.,715,111
A64582,SILVER CARE MOHANDESSIN 011631,736,106
A64583,Ph/SILVER CARE MOHANDESSIN,736,106
A64584,EL silver care mohandesssin 6th Zone,745,102
A64585,e Silver Care Mohandessin br.2,746,124
A64586,Silver Care Mohandessin 011721,746,124
A64587,Silver Care Mohaandessin (2),777,119
A64588,PH silver care mohandessin,777,119
A64589,el MISR MOHANDESSIN 011,716,106
A64590,El-misr mohandessin-A,722,112
A64591,P HMisr Mohandessin Main Road,722,112
A64592,Misr Mohandessin 04,754,110
A64593,Misr Mohandessin 04,755,121
A64594,Misr Mohandessin 6th Zone543,755,121
A64595,PH MisrM ohandessin-A923,767,121
A64596,EL MISR MOHANNDESSIN 6th Zone,767,121
A64597,Ph/MisrM ohandessin-A,772,127
A64598,misr mhandessin Mall,772,127
A64599,El-MIRA MONTAZA Main Road,700,108
A64600,PY/Mira Montaza,700,108
A64601,PY/MIRA MONTAZA,720,126
A64602,Miar Montaza 6th Zone,720,126
A64603,mira montaza,725,112
A64604,PY/mira montaza 04594,725,112
A64605,PY/mira montaza 6thZ one,753,121
A64606,PY/mira montaza Branch 2,753,121
A64607,El-Metro Mohandessin Station St.,700,109
A64608,Metro Mohandessin-A731,723,114
A64609,Metro Mohandessin 04,746,125
A64610,el METRO MOHANDESSIN,750,119
A64611,Metro Mohandessin,756,130
A64612,Metro Mohandessin Braanch 1,765,111
A64613,PY/metro mohnadessin Branch 1,767,122
A64614,El-OMEGA MOHANDESSIN Branch 2,710,114
A64615,Omega Mohandessin,710,114
A64616,Omega Mohandessin Mall,723,115
A64617,PH omega mohandessin Branch 1,723,115
A64618,Ph/OMEGA MOHANDESSIN,730,128
A64619,Ph/omega mohandessin Branch 1,730,128
A64620,PY/Omega Mohandessin Mall,753,122
A64621,Ph/Omega Mohandessin 04,753,122
A64622,el OMEGA MOHANDESSIN 011,770,125
A64623,Omega Mohandessin,772,128
A64624,El-Omega Mohandessin 011,774,107
A64625,El-family-A,703,118
A64626,Family Station St.,755,122
A64627,EL family-A,769,102
A64628,EL MisrM all,727,135
A64629,misr 6th Zone,767,123
A64630,Misr,775,115
A64631,misr 011,775,115
A64632,Ebn SinaImbaba,735,124
A64633,Ebn Sina Imbaba,735,124
A64634,Ph/Ebn Snia Imbaba,746,126
A64635,el Ebn Sina Imbaba Mall,764,100
A64636,ebn sina imbaba Branch 1205,771,125
A64637,EL Ebn Sna Imbaba Mall,771,125
A64638,el Ebn Sina Imbaba 6th Zone,774,108
A64639,PH Ebn Sina Imbaba Mall809,774,108
A64640,Ebn Sina Imbaba 04591,778,116
A64641,el Ebn Sina Imbaba (2),778,116
A64642,seha first Mall,706,136
A64643,Seha Fiirst Station St.,714,126
A64644,Ph/seha first Station St.,731,110
A64645,Ph/esha first,731,110
A64646,el Seha First,736,107
A64647,EL Seha First (2),736,107
A64648,el sehha first,738,126
A64649,Seha First 011,738,126
A64650,PY/ebn sina nozha,705,118
A64651,Ebbn Sina Nozha Main Road,706,137
A64652,PY/ebn sina nozha22,709,106
A64653,EL Ebn Sina Nozha Station St.,752,120
A64654,PH En Sina Nozha,752,120
A64655,PY/Ebn Sina Nozha Mall,770,126
A64656,EL Mira Main Road,711,112
A64657,Mira 011,711,112
A64658,PY/MIRA,718,107
A64659,Ph/Mira Station St.,728,126
A64660,MIRA Main Road574,728,126
A64661,El-Mira,735,125
A64662,mira 011,758,112
A64663,El-Al Amal Mohandessin br.2,710,115
A64664,PY/AL AMAL MOHANDESSIN (2),710,115
A64665,Ph/Al Amal Mohandessin Branch 2,718,108
A64666,el al amal mohandessin,724,117
A64667,PY/al amal mohandessin Mall520,724,117
A64668,El-al amal mohandessin,733,114
A64669,al amal mohandessin 04,733,114
A64670,al amal mohadessin-A,734,114
A64671,Al Amal Mohandessin Mall,739,111
A64672,al amal mohandessin,766,115
A64673,El-FAMIY (2),702,108
A64674,FAMILY Station St.,728,127
A64675,family Branch 1339,732,137
A64676,EL FAMILY br.2,732,137
A64677,family,743,118
A64678,el Family 04,743,118
A64679,el Family (2),758,113
A64680,Family,759,109
A64681,PY/Family Branch 254,762,124
A64682,Ph/FAMILY (2),762,124
A64683,PY/Family (2),770,127
A64684,PY/Family Mall,770,127
A64685,PH Salamtek Mohandessin,704,121
A64686,Salamtekk Mohandessin,704,121
A64687,Ph/SALAMTEK MOHANDESSIN 011,730,129
A64688,PY/Salamtek Mohandessin 04,730,129
A64689,Salamtek Mohandessin Main Road483,747,106
A64690,PH SALAMTEK MOHANDESSIN 04,751,127
A64691,El-Salamtek Mohandessin Mall,751,127
A64692,EL Salamtek Mohandessin 6th Zone,769,103
A64693,Ph/Salamtek Mohandessin-A,774,109
A64694,PH Salamtek Mohandessin Branch 1908,774,109
A64695,PH LIFE LINE,704,122
A64696,EL LIFE LINE Mall,704,122
A64697,PY/LIFE LINE,715,112
A64698,PY/Life Line Branch 1,717,110
A64699,Life Line,743,119
A64700,LIFE LINE Branch 2,743,119
A64701,EL Life Line,752,121
A64702,El-Life Line (2),752,121
A64703,Ebn Snia,726,146
A64704,PY/Ebn Sina Mall,734,115
A64705,EBN SINA,734,115
A64706,Ebn Sina,741,115
A64707,Ph/EBN SINA (2)424,741,115
A64708,Ebn Sinaa Mall,757,128
A64709,Ph/Ebn Sina 011,757,128
A64710,EL Ebn Sina (2),763,123
A64711,EBN SINA Station St.88,763,123
A64712,EL Ebn Sina,765,112
A64713,Ebn Sina 011,782,129
A64714,EL SHIFA DOKKI 011,707,104
A64715,El Shifa Dokki Branch 1,707,104
A64716,EL SHIFA DOKKI Branch 1,714,127
A64717,EL El Shifa Dokki,714,127
A64718,El-El Shifaa Dokki Station St.,715,113
A64719,Ph/El Shifa Dokki-A,715,113
A64720,EL EL SHIFA DOKKI Station St.,729,122
A64721,PH EL SHIFA DOKKI Branch 2,745,103
A64722,PY/el shifa dokki-A,745,103
A64723,el shifa dokki Branch 2,748,125
A64724,El-El Shifa Dokki Branch 1,761,101
A64725,El-el shif dokki Branch 2,773,135
A64726,el el shifa dokki 04,773,135
A64727,PH SUNRISE Branch 2,754,111
A64728,el SUNRISE,754,111
A64729,SUNRISE,758,114
A64730,El-Sunrise br.2,775,116
A64731,Sunrise br.2,776,108
A64732,PY/salamtek Branch 2834,730,130
A64733,SALAMTEK Branch 2842,730,130
A64734,EL salamtek Branch 2,765,113
A64735,EL SALAMTEK 6th Zone,765,113
A64736,el SALAMTEK br.2,771,126
A64737,Salamtek,771,126
A64738,salamtek Main Road,782,130
A64739,Salaamtek Mall,782,130
A64740,EL STAR CARE MOHANDESSIN (2),703,119
A64741,PY/Star Care Mohandessin Station St.,713,113
A64742,PY/Star Care Mohandessin,713,113
A64743,EL Star Care Mohandessin,732,138
A64744,star care mohandessin-A,732,138
A64745,El-Star Care Mohandessin 011,734,116
A64746,el Star Care Mohandessin Station St.,738,127
A64747,STAR CARE MOHANDESSIN Main Rooad,778,117
A64748,el Star Care Mohandessin 6th Zone,778,117
A64749,PH LLife Line Faisal,737,114
A64750,PY/life line faisal 04,758,115
A64751,PY/Life Line Faisal,759,110
A64752,El-life line faisal (2),768,128
A64753,el LIFE LINE FASAL,769,104
A64754,Life Line Faissal br.2,769,104
A64755,PY/El Baraka PH. 2nd 6th Zone,712,127
A64756,El-El Baraka PH. 2nd 011,743,120
A64757,PH El Baraka PH. 2nd,743,120
A64758,EL EL BARAKA PH. 2ND br.2,763,124
A64759,EL BARAKA PH. 2ND 6th Zone,768,129
A64760,PY/el baraka ph. 2nd br.2,773,136
A64761,EL El Baraka PH. 2nd Mall,773,136
A64762,EL El Nasr PH.,714,128
A64763,EL NASR PH.,714,128
A64764,el nasr ph. Branch 2,741,116
A64765,PY/El Nasr PH. Main Road275,741,116
A64766,PH el nasr ph.,756,131
A64767,El Nasr PH.,777,120
A64768,el nasr ph. (2),777,120
A64769,Ph/NILE CARE PH. Mall,723,116
A64770,EL Nilee Care PH.-A,745,104
A64771,nile care ph. 04,766,116
A64772,EL NILE CARE PH.,766,116
A64773,EL EL TOURATH PH. SMOUHA 2ND (2),710,116
A64774,EL TOURATH PH. SMOUHA 2ND 6th Zone,711,113
A64775,PY/EL TOURATH PH. SMOUHA 2ND,770,128
A64776,PH El Tourath PH. Smouha 2nd,770,128
A64777,PY/reen leaf ph. imbaba,714,129
A64778,El-Green Leaf PH. Imbaba Branch 2,722,113
A64779,PY/Green Leaf PHH. Imbaba Main Road,768,130
A64780,Ph/GREEN LEAF PH. IMBABA Branch 2,768,130
A64781,PY/green leaf ph. imbaba 6th Zone,770,129
A64782,EL Green Leaf PH. Imbaba 011847,770,129
A64783,El-Green Leaf PH. Imbaba-A70,782,131
A64784,Ph/MISR PH. Mall,703,120
A64785,PH Misr PH. br.2,726,147
A64786,EL MISR PH. Branch 1,740,125
A64787,PH el shia ph. 2nd,715,114
A64788,EL el shifa ph. 2nd (2),719,119
A64789,EL El Shifa PH. 2nd 011,722,114
A64790,PH El Shifa PH. 2nd Main Road,730,131
A64791,Ph/El Shifa PH. 2nd Branc 1,730,131
A64792,el El Shifa PH. 2nd,766,117
A64793,el el shifa ph. 2nd,766,117
A64794,Phel shifa ph. 2nd br.2,767,124
A64795,El-El Shifa PH. 2nd-A,773,137
A64796,El ShifaP H. 2nd,781,130
A64797,PY/EL SHIFAPH. 2ND,781,130
A64798,PY/HOPE PH. Main Road,719,120
A64799,PH Hope PH. Branch 2,719,120
A64800,HOPE PH.-A,722,115
A64801,Hope PH.184,727,136
A64802,El-hope ph. 011,727,136
A64803,PY/HopePH.488,772,129
A64804,EL HOPE PH. br.2454,772,129
A64805,PH Better ife PH. Haram 2nd,700,110
A64806,EL Better Life PH. Haram 2nd,720,127
A64807,Better Life PH. Haram 2nd (2),760,109
A64808,Better Life PH. Haram 2nd-A,760,109
A64809,El-Better Life PH. Hraam 2nd Station St.,767,125
A64810,BETTER LIFE PH. HARAM 2ND Main Road386,777,121
A64811,PH BETTER LIFE PH. HARAM 2ND-A,779,106
A64812,better life ph. haram 2nd-A,779,106
A64813,PH sta rcare ph. square 2nd Main Road,711,114
A64814,star care ph. square 2nd 6th Zone,722,116
A64815,star care ph. square 2nd Mall,722,116
A64816,PY/STAR CARE PH. SQUARE 2ND br.2,723,117
A64817,E-Star Care PH. Square 2nd,723,117
A64818,Star Care PH. Square 2nd Station St.,738,128
A64819,Star Care PH. Square 2nd-A,743,121
A64820,el Star Care PH. Square 2nd-A,743,121
A64821,PY/Star Care PH. Square 2nd Main Road,752,122
A64822,PY/Star Care PH. Square 2nd Main Road,770,130
A64823,ALPHA PHARMA NASR Branch 1,708,117
A64824,PY/Alpha Pharma Nasr Branch 2,741,117
A64825,PH alpha pharma nasr 04,774,110
A64826,ALPHA PHARMA NASR Barnch 1,776,109
A64827,PY/ALPHA PHARMA NASR Mall,776,109
A64828,El Shifa PH. Mohandessin,737,115
A64829,El Shifa PH. Mohandessin 04,761,102
A64830,Ph/El Shifa PH. Mohandessin 011,761,102
A64831,PH el shifa ph. mohandessin-A798,767,126
A64832,Ph/el shifa ph. mohandessin 04,767,126
A64833,El-El Shifa PH. Mohandessin 6th Zone,774,111
A64834,Ph/El Shifa PH. Mohandessin 6th Zone,774,111
A64835,El-Dr Medhat PH. Faisal 2nd (2),718,109
A64836,el Dr Medhat PH. Faisal 2nd 011,718,109
A64837,EL DR MEDHAT PH. FAISAL 2ND,743,122
A64838,Dr Medhat PH. Faisal 2nd Mall195,746,127
A64839,El-DR MEDHAT PH. FAISAL 2ND 04,746,127
A64840,PY/dr medhat ph. faisal 2nd Mall,749,115
A64841,dr medhat ph. faisal 2nd,754,112
A64842,el dr medhat ph. faisal 2nd Branch 2,758,116
A64843,dr medhat ph. faisal 2nd 6th Zone,760,110
A64844,PY/ELITE PH.,704,123
A64845,EL ELITE PH.,719,121
A64846,el ELITE PH. Branch 2,719,121
A64847,Elite PH. Main Road328,747,107
A64848,PY/Elite PH.,766,118
A64849,El-elite ph.,769,105
A64850,EL care 24 seven maadi 2nd 04,703,121
A64851,PH Care 24 Seven Maadi 2nd br.2,703,121
A64852,Care 24 Seven Maadi 2nd,722,117
A64853,PY/care 24 seven maadi 2nd 6th Znoe,726,148
A64854,El-Care 24 Seven Maadi 2nd br.2,726,148
A64855,Ph/CARE 24 SEVEN MADI 2ND Main Road979,752,123
A64856,care 24 seven maadi 2nd Mall,752,123
A64857,Care 24 Seven Maadi 2nd,762,125
A64858,Care 2 4Seven Maadi 2nd 04,762,125
A64859,EL care 24 seven maadi 2nd Branch 1,764,101
A64860,Care 24 Seven Maadi 2nd Branch 1,764,101
A64861,PH care 24 seven maadi 2nd04526,765,114
A64862,El-CARE 24 SEVEN MAADI 2ND 04,765,114
A64863,El-Care 24 Seven Maadi 2nd (2),768,131
A64864,PY/El Tourath PH. 2nd645,705,119
A64865,Ph/El Tourath PH. 2nd Main Road,705,119
A64866,El Tourath PH. 2nd Main Road,720,128
A64867,el EL TOURATH PH. 2ND Main Road,723,118
A64868,EL TOUARTH PH. 2ND 011,723,118
A64869,el el tourath ph. 2nd-A,762,126
A64870,Ph/El Tourath PH. 2nd Main Road,762,126
A64871,ELITE PH. NASR 2ND br.2,701,118
A64872,El-elte ph. nasr 2nd Branch 2,706,138
A64873,Ph/elite ph. nasr 2nd 011743,706,138
A64874,Elite PH. Nasr 2nd (2),727,137
A64875,EL Elite PH. Nasr 2nd,727,137
A64876,ELITE PH. NASR 2ND Station St.,749,116
A64877,Elite P.H Nasr 2nd 011213,749,116
A64878,el elite ph. nasr 2nd-A,775,117
A64879,El-Elite PH. Nasr 2nd 04,775,117
A64880,el elite ph. nasr 2nd,780,122
A64881,Elite PH. Nasr 2nd-A,780,122
A64882,Dr Medhat PH. Nasr 2nd (2),765,115
A64883,El-dr medhat ph. nasr 2nd Main Road,780,123
A64884,DR MEDHAT PH. NASR 2ND Main Road,781,131
A64885,PY/hope ph. mohandessin 6th Zone478,700,111
A64886,PY/hope ph. mohandessin Mall,737,116
A64887,PH Hope PH. Mohandessin 6th Zone,737,116
A64888,EL HOPE PH. MOHANDESSIN br.2,739,112
A64889,hope ph. mohandessin 04,739,112
A64890,hope ph. mohandessin 6thh Zone,750,120
A64891,Hope PH. Mohandessin 0483,750,120
A64892,el HOPE PH. MOHANDESSIN793,756,132
A64893,el Hope PH. Mohandessin 04,771,127
A64894,HOPE PH. MOHANDESSIN Branch 1,771,127
A64895,Ph/hope ph. mohandessin Main Road,780,124
A64896,MIRA PH. 2ND Mall,703,122
A64897,Ph/MIRA PPH. 2ND Station St.,703,122
A64898,EL mira ph. 2nd,704,124
A64899,EL Mira PH. 2nd br.2,704,124
A64900,EL MIRA PH. 2ND 6th Zone,728,128
A64901,mir aph. 2nd,729,123
A64902,el MIRA PH. 2ND,729,123
A64903,el Mira PHH. 2nd21,739,113
A64904,PY/Mira PH. 2nd 011,741,118
A64905,el MIRA PH. 2ND rb.2,741,118
A64906,PY/Mira PH. 2nd,756,133
A64907,Mira PH. 2nd Branch 1,773,138
A64908,el Angel PH. Mohandessin 011271,707,105
A64909,EL ANGEL PH. MOHANDESSIN Branch 2,755,123
A64910,PH Angel PH. Mohandessin Branch 1,773,139
A64911,Angel PH. Mohandessin Mall514,773,139
A64912,alpha pharma-A,712,128
A64913,EL Alpha Pharma,712,128
A64914,alpha pharmma Station St.,715,115
A64915,PH Alpha Pharma 04,721,123
A64916,El-Alpha Pharma 6th Zone,723,119
A64917,Alpha Pharma 011,728,129
A64918,ALPHA PHARMA (2),740,126
A64919,PY/Alpha Phaarma 6th Zone,740,126
A64920,Alpha Pharma Station St.13,761,103
A64921,PH al nozha ph. smouha 04,703,123
A64922,Al Nozha PH. Smouha 011,711,115
A64923,EL AL NOZHA PH.SMOUHA br.2,711,115
A64924,EL Al Nozha PH. Smouha Mall780,718,110
A64925,el Al Nozha PH. Smouha Branch 2,722,118
A64926,AL NOZHA PH. SMOUHA Branch 1,722,118
A64927,Ph/AL NOZHA PH. SMOUHA,746,128
A64928,Ph/Al Nozha PH. Smouha,779,107
A64929,Ph/Al Nozha PH. Smouh aBranch 2,781,132
A64930,AL NOZHA PH. SMOUHA 04,781,132
A64931,EL Blue Wave PH. Dokki 2nd,756,134
A64932,PY/Blue Wave PH. Dokki 2nd 6th Zone433,764,102
A64933,BLUE WAVE PH. DOKKI 2ND-A,764,102
A64934,Blue Wavee PH. Dokki 2nd Branch 1,769,106
A64935,el Blue Wave PH. Dokki 2nd Branch 1,769,106
A64936,el Misr PH. Nasr br.2,714,130
A64937,el misr ph. nasr,714,130
A64938,PH MISR PH. NASR,725,113
A64939,EL Misr PH. Nasr Branch 2,725,113
A64940,Ph/misr ph. nasr Branch 1,729,124
A64941,el MISR PH. NASR-A,729,124
A64942,Ph/Misr PH. Nasr Main Road114,737,117
A64943,Ph/Misr PH. Nasr Branch 1,737,117
A64944,El-Misr PH.. Nasr,750,121
A64945,Misr PH. Nasr 011380,765,116
A64946,El-Misr PH. Nasr Main Road,774,112
A64947,el Star Care PH. Mohandessin,703,124
A64948,star care ph. mohandessin516,703,124
A64949,Star Care PH. Mohandessin Branch 1,731,111
A64950,Star Care PH. Mohandessin Mall239,731,111
A64951,star care ph. mohandessin 011,734,117
A64952,star care ph. mohandessin Main Road,766,119
A64953,Star Care PH. Mohandessin,768,132
