alias_id,account_name,branch_id,supplier_code,pharmacy_id,match_score,match_method,match_status,match_evidence,parent_company,branch_tag
A50015,SILVER CARE MARG,753,1,,78.04878048780488,ambiguous_registry_name,AMBIGUOUS,ambiguous_registry_name,Falcon Wholesale Co.,C753
A50017,Silver Care Marg 6th Zone,754,1,,78.04878048780488,ambiguous_registry_name,AMBIGUOUS,ambiguous_registry_name,October Central Supply,A754
A50035,PH Salamtek br.2,760,1,,78.57142857142857,ambiguous_registry_name,AMBIGUOUS,ambiguous_registry_name,Two Rivers Distribution,C760
A50075,BETTER LIFE OBOUR,771,2,,79.06976744186046,ambiguous_registry_name,AMBIGUOUS,ambiguous_registry_name,Marina Bay Trade,B771
A50076,Ph/BETTER LIFE OBOUR Main Road,771,2,,79.06976744186046,ambiguous_registry_name,AMBIGUOUS,ambiguous_registry_name,Marina Bay Trade,B771
A50082,PY/El Zahraa Smouha 6th Zone,772,5,,78.04878048780488,ambiguous_registry_name,AMBIGUOUS,ambiguous_registry_name,Desert Bloom Suppliers,A772
A50083,PH El Zahraa Smouha Mall,772,5,,86.36363636363636,ambiguous_registry_name,AMBIGUOUS,ambiguous_registry_name,Desert Bloom Suppliers,A772
A50086,PH golden care smouha,727,1,,87.5,ambiguous_registry_name,AMBIGUOUS,ambiguous_registry_name,White Nile Agencies,C727
A50087,golden care smouha Mall,727,1,,80.0,ambiguous_registry_name,AMBIGUOUS,ambiguous_registry_name,White Nile Agencies,C727
A50088,Golden Care Smouha Main Road,740,2,,80.0,ambiguous_registry_name,AMBIGUOUS,ambiguous_registry_name,Green Delta Enterprises,A740
A50091,PY/Golden Care Smouha Mall,755,2,,80.0,ambiguous_registry_name,AMBIGUOUS,ambiguous_registry_name,October Central Supply,B755
A50094,Ph/golden care smouha Branch 2513,761,3,,80.0,ambiguous_registry_name,AMBIGUOUS,ambiguous_registry_name,Supreme Shelf Logistics,A761
A50099,PH Metro Smouha Mall,714,1,,83.33333333333334,ambiguous_registry_name,AMBIGUOUS,ambiguous_registry_name,Delta Union Agencies,A714
A50110,el UNION PHRAM REHAB VIEW Mall,722,1,,89.36170212765957,ambiguous_registry_name,AMBIGUOUS,ambiguous_registry_name,Saraya Pharmaceutical Supply,B722
A50113,el Union Pharm Rehab View,732,2,,93.61702127659575,ambiguous_registry_name,AMBIGUOUS,ambiguous_registry_name,Pyramid Health Supplies,C732
A50114,union pharm rehab view,732,2,,100.0,ambiguous_registry_name,AMBIGUOUS,ambiguous_registry_name,Pyramid Health Supplies,C732
A50115,Ph/Union Pharm Rehab View (2),767,3,,95.65217391304348,ambiguous_registry_name,AMBIGUOUS,ambiguous_registry_name,Khufu Line Agencies,A767
A50150,PH Care 24 Seven,701,3,,89.65517241379311,ambiguous_registry_name,AMBIGUOUS,ambiguous_registry_name,Al-Nour Pharmaceutical Distribution,B701
A50151,Care 24 Seven,705,3,,100.0,ambiguous_registry_name,AMBIGUOUS,ambiguous_registry_name,Blue Crescent Medical Supply Co.,C705
A50152,PH Care 24 Seven Branch 2,710,1,,89.65517241379311,ambiguous_registry_name,AMBIGUOUS,ambiguous_registry_name,Horus Pharm Agencies,C710
A50153,CARE2 4 SEVEN 011622,710,1,,78.78787878787878,ambiguous_registry_name,AMBIGUOUS,ambiguous_registry_name,Horus Pharm Agencies,C710
A50154,care 24 seven Branch 1,713,2,,100.0,ambiguous_registry_name,AMBIGUOUS,ambiguous_registry_name,El-Masria Trading Co.,C713
A50155,Ph/CARE 24 SEVEN (2)38,713,2,,83.87096774193549,ambiguous_registry_name,AMBIGUOUS,ambiguous_registry_name,El-Masria Trading Co.,C713
A50156,Care 24 Seven,720,4,,100.0,ambiguous_registry_name,AMBIGUOUS,ambiguous_registry_name,Lotus Medcare Distribution,B720
A50157,Care 24 Seven Branch 2,720,4,,100.0,ambiguous_registry_name,AMBIGUOUS,ambiguous_registry_name,Lotus Medcare Distribution,B720
A50158,Care 24 Seven-A,737,2,,92.85714285714286,ambiguous_registry_name,AMBIGUOUS,ambiguous_registry_name,Sinai Bridge Trading,A737
A50159,PH care 24 seven 011,781,2,,78.78787878787878,ambiguous_registry_name,AMBIGUOUS,ambiguous_registry_name,Alex Marine Providers,B781
A50173,PH El Zahraa Smouha Branch 2,721,1,,86.36363636363636,ambiguous_registry_name,AMBIGUOUS,ambiguous_registry_name,Saraya Pharmaceutical Supply,A721
A50174,PH El Zahraa Smouha br.2,742,2,,86.36363636363636,ambiguous_registry_name,AMBIGUOUS,ambiguous_registry_name,Green Delta Enterprises,C742
A50177,el zahraa smouha Branch 2,765,1,,78.04878048780488,ambiguous_registry_name,AMBIGUOUS,ambiguous_registry_name,Basil Corner Providers,A765
A50194,El-care 24 seven,706,1,,89.65517241379311,ambiguous_registry_name,AMBIGUOUS,ambiguous_registry_name,Nile Med Wholesale,A706
A50195,PY/care 24 seven 011451,726,4,,78.78787878787878,ambiguous_registry_name,AMBIGUOUS,ambiguous_registry_name,White Nile Agencies,B726
A50196,el care 24 seven 011,736,1,,80.0,ambiguous_registry_name,AMBIGUOUS,ambiguous_registry_name,United Bazaar Pharma,A736
A50197,el CARE 24 SEVEN,736,1,,89.65517241379311,ambiguous_registry_name,AMBIGUOUS,ambiguous_registry_name,United Bazaar Pharma,A736
A50199,Care 24 Seven-A,737,4,,92.85714285714286,ambiguous_registry_name,AMBIGUOUS,ambiguous_registry_name,Sinai Bridge Trading,A737
A50200,Care 24 Seven 011,744,2,,86.66666666666667,ambiguous_registry_name,AMBIGUOUS,ambiguous_registry_name,Horus Elite Logistics,B744
A50201,Care 24 Seven,744,2,,100.0,ambiguous_registry_name,AMBIGUOUS,ambiguous_registry_name,Horus Elite Logistics,B744
A50202,PH CCARE 24 SEVEN (2),749,4,,81.25,ambiguous_registry_name,AMBIGUOUS,ambiguous_registry_name,Karnak Medical Trading,B749
A50203,care 24 seven 011,768,4,,86.66666666666667,ambiguous_registry_name,AMBIGUOUS,ambiguous_registry_name,Ocean Front Distributors,A768
A50204,Care 24 Seven br.2,768,4,,100.0,ambiguous_registry_name,AMBIGUOUS,ambiguous_registry_name,Ocean Front Distributors,A768
A50205,Ph/Care 24 Seven 6th Zone,770,4,,100.0,ambiguous_registry_name,AMBIGUOUS,ambiguous_registry_name,Marina Bay Trade,A770
A50211,PH Hope Smouha br.234,704,5,,82.35294117647058,ambiguous_registry_name,AMBIGUOUS,ambiguous_registry_name,Blue Crescent Medical Supply Co.,B704
A50212,PH Hope Smouha,735,3,,82.35294117647058,ambiguous_registry_name,AMBIGUOUS,ambiguous_registry_name,Modern Chain Distributors,C735
A50239,Ph/BLUE WAVE SMOUHA,711,1,,78.04878048780488,ambiguous_registry_name,AMBIGUOUS,ambiguous_registry_name,El-Masria Trading Co.,A711
A50240,Blue Wave Smouha Branch 2,713,3,,78.04878048780488,ambiguous_registry_name,AMBIGUOUS,ambiguous_registry_name,El-Masria Trading Co.,C713
A50247,blue wave smouha 6th Zone,776,3,,78.04878048780488,ambiguous_registry_name,AMBIGUOUS,ambiguous_registry_name,Seven Palms Distribution,A776
A50283,El Faraby Smouha Branch 1,738,1,,78.04878048780488,ambiguous_registry_name,AMBIGUOUS,ambiguous_registry_name,Sinai Bridge Trading,B738
A50285,PH EL FARABY SMOUHA Station St.,748,4,,86.36363636363636,ambiguous_registry_name,AMBIGUOUS,ambiguous_registry_name,Karnak Medical Trading,A748
A50310,El Faraby Smouha Branch 2,700,3,,78.04878048780488,ambiguous_registry_name,AMBIGUOUS,ambiguous_registry_name,Al-Nour Pharmaceutical Distribution,A700
A50315,el faraby smouha,722,4,,78.04878048780488,ambiguous_registry_name,AMBIGUOUS,ambiguous_registry_name,Saraya Pharmaceutical Supply,B722
A50318,El Faraby Smouha 6th Zone,746,2,,78.04878048780488,ambiguous_registry_name,AMBIGUOUS,ambiguous_registry_name,Southern Cross Pharma,B746
A50319,Ph/El Faraby Smouha,754,4,,78.04878048780488,ambiguous_registry_name,AMBIGUOUS,ambiguous_registry_name,October Central Supply,A754
A50320,El Faraby Smouha br.2,754,4,,78.04878048780488,ambiguous_registry_name,AMBIGUOUS,ambiguous_registry_name,October Central Supply,A754
A50334,PY/LIFE LINE HELWAN Station St.,772,7,,78.04878048780488,ambiguous_registry_name,AMBIGUOUS,ambiguous_registry_name,Desert Bloom Suppliers,A772
A50335,PY/union pharm,708,2,,100.0,ambiguous_registry_name,AMBIGUOUS,ambiguous_registry_name,Horus Pharm Agencies,A708
A50336,Ph/UNION PHARM,742,3,,100.0,ambiguous_registry_name,AMBIGUOUS,ambiguous_registry_name,Green Delta Enterprises,C742
A50337,union pharm Branch 2,742,3,,100.0,ambiguous_registry_name,AMBIGUOUS,ambiguous_registry_name,Green Delta Enterprises,C742
A50339,Ph/union pharm Main Road,747,4,,100.0,ambiguous_registry_name,AMBIGUOUS,ambiguous_registry_name,Southern Cross Pharma,C747
A50340,Union Pharm,753,5,,100.0,ambiguous_registry_name,AMBIGUOUS,ambiguous_registry_name,Falcon Wholesale Co.,C753
A50342,El-union pharm br.2,754,5,,88.0,ambiguous_registry_name,AMBIGUOUS,ambiguous_registry_name,October Central Supply,A754
A50343,el union pharm,754,5,,88.0,ambiguous_registry_name,AMBIGUOUS,ambiguous_registry_name,October Central Supply,A754
A50344,PH union pharm (2),768,6,,81.4814814814815,ambiguous_registry_name,AMBIGUOUS,ambiguous_registry_name,Ocean Front Distributors,A768
A50345,UNION PHARM-A,768,6,,91.66666666666666,ambiguous_registry_name,AMBIGUOUS,ambiguous_registry_name,Ocean Front Distributors,A768
A50346,EL Union Pharm,776,4,,88.0,ambiguous_registry_name,AMBIGUOUS,ambiguous_registry_name,Seven Palms Distribution,A776
A50350,PH El Nasr Smouha Station St.,775,5,,85.0,ambiguous_registry_name,AMBIGUOUS,ambiguous_registry_name,Corner Stone Medical,A775
A50358,PH mira banha br.2949,757,4,,81.25,ambiguous_registry_name,AMBIGUOUS,ambiguous_registry_name,Al Wadi Medical Providers,B757
A50376,union pharm 011,718,1,,84.61538461538461,ambiguous_registry_name,AMBIGUOUS,ambiguous_registry_name,Cairo Grand Supplies,B718
A50377,PY/Union Pharm Station St.,726,5,,100.0,ambiguous_registry_name,AMBIGUOUS,ambiguous_registry_name,White Nile Agencies,B726
A50379,Union Pharm Main Road,752,3,,100.0,ambiguous_registry_name,AMBIGUOUS,ambiguous_registry_name,Falcon Wholesale Co.,B752
A50381,Union Pharm,770,7,,100.0,ambiguous_registry_name,AMBIGUOUS,ambiguous_registry_name,Marina Bay Trade,A770
A50383,PH UNION PHARM Branch 2,773,4,,88.0,ambiguous_registry_name,AMBIGUOUS,ambiguous_registry_name,Desert Bloom Suppliers,B773
A50384,EL Union Pharm Branch 2,777,5,,88.0,ambiguous_registry_name,AMBIGUOUS,ambiguous_registry_name,Seven Palms Distribution,B777
A50385,El-Union Pharm,780,3,,88.0,ambiguous_registry_name,AMBIGUOUS,ambiguous_registry_name,Alex Marine Providers,A780
A50394,PY/Dr Medhat Smouha Mall,735,5,,78.04878048780488,ambiguous_registry_name,AMBIGUOUS,ambiguous_registry_name,Modern Chain Distributors,C735
A50396,PH Dr Medhat Smouha 04,748,5,,80.85106382978724,ambiguous_registry_name,AMBIGUOUS,ambiguous_registry_name,Karnak Medical Trading,A748
A50397,PH Dr Medhat Smouha Mall,751,4,,86.36363636363636,ambiguous_registry_name,AMBIGUOUS,ambiguous_registry_name,Falcon Wholesale Co.,A751
A50401,PH DR MEDHAT SMOUHA,782,3,,86.36363636363636,ambiguous_registry_name,AMBIGUOUS,ambiguous_registry_name,Summit Crest Trading,A782
A50405,Health Gate Smouha Branch 1225,737,8,,80.0,ambiguous_registry_name,AMBIGUOUS,ambiguous_registry_name,Sinai Bridge Trading,A737
A50408,PY/HEALTH GATE SMOUHA Station St.,775,6,,80.0,ambiguous_registry_name,AMBIGUOUS,ambiguous_registry_name,Corner Stone Medical,A775
A50419,PH el shifa smouha,718,2,,85.71428571428572,ambiguous_registry_name,AMBIGUOUS,ambiguous_registry_name,Cairo Grand Supplies,B718
A50441,PY/SILVER CARE OBOUR 04,702,3,,82.05128205128204,ambiguous_registry_name,AMBIGUOUS,ambiguous_registry_name,Al-Nour Pharmaceutical Distribution,C702
A50442,silver care obour-A,703,5,,78.94736842105263,ambiguous_registry_name,AMBIGUOUS,ambiguous_registry_name,Blue Crescent Medical Supply Co.,A703
A50446,Silver Care Obour 04,776,5,,82.05128205128204,ambiguous_registry_name,AMBIGUOUS,ambiguous_registry_name,Seven Palms Distribution,A776
A50455,ALPHA PHARMA Branch 2,706,3,,100.0,ambiguous_registry_name,AMBIGUOUS,ambiguous_registry_name,Nile Med Wholesale,A706
A50456,El-ALPHA PHARMA Branch 2,706,3,,88.88888888888889,ambiguous_registry_name,AMBIGUOUS,ambiguous_registry_name,Nile Med Wholesale,A706
A50457,Ph/alpha pharma Branch 1,709,3,,100.0,ambiguous_registry_name,AMBIGUOUS,ambiguous_registry_name,Horus Pharm Agencies,B709
A50459,el Alpha Pharma,714,5,,88.88888888888889,ambiguous_registry_name,AMBIGUOUS,ambiguous_registry_name,Delta Union Agencies,A714
A50460,Ph/ALPHA PHARMA 011,714,5,,85.71428571428572,ambiguous_registry_name,AMBIGUOUS,ambiguous_registry_name,Delta Union Agencies,A714
A50461,Ph/Alpha Pharma (2),729,3,,92.3076923076923,ambiguous_registry_name,AMBIGUOUS,ambiguous_registry_name,Delta Star Medical Trade,B729
A50462,EL ALPHA PHARMA 04,733,3,,81.08108108108108,ambiguous_registry_name,AMBIGUOUS,ambiguous_registry_name,Modern Chain Distributors,A733
A50464,Alpha Pharma675,738,2,,88.88888888888889,ambiguous_registry_name,AMBIGUOUS,ambiguous_registry_name,Sinai Bridge Trading,B738
A50465,alpha pharma 04,749,6,,88.88888888888889,ambiguous_registry_name,AMBIGUOUS,ambiguous_registry_name,Karnak Medical Trading,B749
A50467,PH silver care,710,3,,82.35294117647058,ambiguous_registry_name,AMBIGUOUS,ambiguous_registry_name,Horus Pharm Agencies,C710
A50478,PH CITY CARE SMOUHA Branch 1,750,7,,86.36363636363636,ambiguous_registry_name,AMBIGUOUS,ambiguous_registry_name,Pearl Route Agencies,A750
A50481,City Care Smouha Branch 1,760,7,,78.04878048780488,ambiguous_registry_name,AMBIGUOUS,ambiguous_registry_name,Two Rivers Distribution,C760
A50482,PH Citty Care Smouha,760,7,,84.44444444444444,ambiguous_registry_name,AMBIGUOUS,ambiguous_registry_name,Two Rivers Distribution,C760
A50495,DR MEDHAT SMOUHA Mall,712,5,,78.04878048780488,ambiguous_registry_name,AMBIGUOUS,ambiguous_registry_name,El-Masria Trading Co.,B712
A50505,el zahraa smouha Station St.,706,5,,78.04878048780488,ambiguous_registry_name,AMBIGUOUS,ambiguous_registry_name,Nile Med Wholesale,A706
A50507,Ph/EL ZAHRAA SMOUHA,728,1,,78.04878048780488,ambiguous_registry_name,AMBIGUOUS,ambiguous_registry_name,Delta Star Medical Trade,A728
A50508,El Zahraa Smouha Mall,728,1,,78.04878048780488,ambiguous_registry_name,AMBIGUOUS,ambiguous_registry_name,Delta Star Medical Trade,A728
A50511,PH El Zahraa Smouha 04,740,6,,80.85106382978724,ambiguous_registry_name,AMBIGUOUS,ambiguous_registry_name,Green Delta Enterprises,A740
A50512,El Zahraa Smouha,751,6,,78.04878048780488,ambiguous_registry_name,AMBIGUOUS,ambiguous_registry_name,Falcon Wholesale Co.,A751
A50515,Ph/El Zahraa Smouha Mall,762,4,,78.04878048780488,ambiguous_registry_name,AMBIGUOUS,ambiguous_registry_name,Supreme Shelf Logistics,B762
A50517,PH Green Leaf Mall,725,5,,81.25,ambiguous_registry_name,AMBIGUOUS,ambiguous_registry_name,White Nile Agencies,A725
A50520,PH Green Leaf,770,8,,81.25,ambiguous_registry_name,AMBIGUOUS,ambiguous_registry_name,Marina Bay Trade,A770
A50523,el Alpha Pharma Smouha Station St.,714,7,,92.6829268292683,ambiguous_registry_name,AMBIGUOUS,ambiguous_registry_name,Delta Union Agencies,A714
A50524,El-Alpha Pharma SSmouha Main Road,714,7,,90.47619047619048,ambiguous_registry_name,AMBIGUOUS,ambiguous_registry_name,Delta Union Agencies,A714
A50525,El-alpha pharma smouha br.2,723,5,,92.6829268292683,ambiguous_registry_name,AMBIGUOUS,ambiguous_registry_name,Ramses Wholesale Partners,A723
A50526,El-ALPHA PHARMA SMOUHA Branch 2508,723,5,,92.6829268292683,ambiguous_registry_name,AMBIGUOUS,ambiguous_registry_name,Ramses Wholesale Partners,A723
A50527,el alpha pharma smouha Branch 2,743,4,,92.6829268292683,ambiguous_registry_name,AMBIGUOUS,ambiguous_registry_name,Horus Elite Logistics,A743
A50528,el Alpha Pharma Smouha Branch 2254,743,4,,92.6829268292683,ambiguous_registry_name,AMBIGUOUS,ambiguous_registry_name,Horus Elite Logistics,A743
A50529,el Alpha Pharma Smouha Branch 2,749,7,,92.6829268292683,ambiguous_registry_name,AMBIGUOUS,ambiguous_registry_name,Karnak Medical Trading,B749
A50530,Alpha Parma Smouha375,764,3,,90.0,ambiguous_registry_name,AMBIGUOUS,ambiguous_registry_name,Saqqara Trade House,B764
A50543,PH Salamtek,711,3,,78.57142857142857,ambiguous_registry_name,AMBIGUOUS,ambiguous_registry_name,El-Masria Trading Co.,A711
A50573,PY/STAR CARE SQUARE 6th Zone,728,2,,82.05128205128204,ambiguous_registry_name,AMBIGUOUS,ambiguous_registry_name,Delta Star Medical Trade,A728
A50575,STAR CARE SQUARE Station St.,766,6,,82.05128205128204,ambiguous_registry_name,AMBIGUOUS,ambiguous_registry_name,Basil Corner Providers,B766
A50576,Star Care Square 6th Zone,766,6,,82.05128205128204,ambiguous_registry_name,AMBIGUOUS,ambiguous_registry_name,Basil Corner Providers,B766
A50579,PH STAR CARE SQUARE Mall,778,4,,90.47619047619048,ambiguous_registry_name,AMBIGUOUS,ambiguous_registry_name,Seven Palms Distribution,C778
A50583,PH better life smouha186,744,9,,82.35294117647058,ambiguous_registry_name,AMBIGUOUS,ambiguous_registry_name,Horus Elite Logistics,B744
A50587,Ph/better life smouha br.2,777,6,,80.0,ambiguous_registry_name,AMBIGUOUS,ambiguous_registry_name,Seven Palms Distribution,B777
A50610,PH Angel Dokki 6th Zone,763,5,,82.35294117647058,ambiguous_registry_name,AMBIGUOUS,ambiguous_registry_name,Saqqara Trade House,A763
A50620,PY/Golden Care Haram Branch 1,708,4,,86.48648648648648,ambiguous_registry_name,AMBIGUOUS,ambiguous_registry_name,Horus Pharm Agencies,A708
A50622,PY/Golden Care Haram Main Road,712,6,,86.48648648648648,ambiguous_registry_name,AMBIGUOUS,ambiguous_registry_name,El-Masria Trading Co.,B712
A50623,el golden care haram br.2,719,6,,80.0,ambiguous_registry_name,AMBIGUOUS,ambiguous_registry_name,Lotus Medcare Distribution,A719
A50625,EL Golden Care Haarm 6th Zone,757,6,,80.0,ambiguous_registry_name,AMBIGUOUS,ambiguous_registry_name,Al Wadi Medical Providers,B757
A50626,Ph/Golden Care Haram br.2,757,6,,86.48648648648648,ambiguous_registry_name,AMBIGUOUS,ambiguous_registry_name,Al Wadi Medical Providers,B757
A50627,golden care haram-A,775,8,,82.05128205128204,ambiguous_registry_name,AMBIGUOUS,ambiguous_registry_name,Corner Stone Medical,A775
A50629,el Golden Care Haram Station St.,779,3,,80.0,ambiguous_registry_name,AMBIGUOUS,ambiguous_registry_name,Iron Gate Wholesale,A779
A50630,GOLDEN CARE HARAM 6th Zone,780,7,,86.48648648648648,ambiguous_registry_name,AMBIGUOUS,ambiguous_registry_name,Alex Marine Providers,A780
A50656,PH Dr Medhat Branch 2,737,9,,80.0,ambiguous_registry_name,AMBIGUOUS,ambiguous_registry_name,Sinai Bridge Trading,A737
A50662,PH el shifa zayed,731,4,,85.0,ambiguous_registry_name,AMBIGUOUS,ambiguous_registry_name,Pyramid Health Supplies,B731
A50671,Union Pharm Smouha,739,6,,100.0,ambiguous_registry_name,AMBIGUOUS,ambiguous_registry_name,Sinai Bridge Trading,C739
A50672,union pharm smouha Branch 1,741,5,,100.0,ambiguous_registry_name,AMBIGUOUS,ambiguous_registry_name,Green Delta Enterprises,B741
A50676,El-care 24 seven Station St.,700,4,,89.65517241379311,ambiguous_registry_name,AMBIGUOUS,ambiguous_registry_name,Al-Nour Pharmaceutical Distribution,A700
A50677,PY/Care 24 Seven,712,7,,100.0,ambiguous_registry_name,AMBIGUOUS,ambiguous_registry_name,El-Masria Trading Co.,B712
A50678,El-Care 24 Seven Branch 2,737,10,,89.65517241379311,ambiguous_registry_name,AMBIGUOUS,ambiguous_registry_name,Sinai Bridge Trading,A737
A50679,PH care 24 seven,737,10,,89.65517241379311,ambiguous_registry_name,AMBIGUOUS,ambiguous_registry_name,Sinai Bridge Trading,A737
A50680,El-Care 24 Seven Main Road,738,3,,89.65517241379311,ambiguous_registry_name,AMBIGUOUS,ambiguous_registry_name,Sinai Bridge Trading,B738
A50681,PH Care 24 Seven631,741,6,,81.25,ambiguous_registry_name,AMBIGUOUS,ambiguous_registry_name,Green Delta Enterprises,B741
A50682,EL CARE 24 SEVEN 011,764,5,,80.0,ambiguous_registry_name,AMBIGUOUS,ambiguous_registry_name,Saqqara Trade House,B764
A50718,El-ALPHA PHARMA Main Road,704,7,,88.88888888888889,ambiguous_registry_name,AMBIGUOUS,ambiguous_registry_name,Blue Crescent Medical Supply Co.,B704
A50719,Alpha Pharma 04,708,5,,88.88888888888889,ambiguous_registry_name,AMBIGUOUS,ambiguous_registry_name,Horus Pharm Agencies,A708
A50720,El-ALPHA PHARMA br.2,713,5,,88.88888888888889,ambiguous_registry_name,AMBIGUOUS,ambiguous_registry_name,El-Masria Trading Co.,C713
A50721,PH ALPHA PHARMA 04,738,5,,80.0,ambiguous_registry_name,AMBIGUOUS,ambiguous_registry_name,Sinai Bridge Trading,B738
A50722,EL alpha pharma Branch 2,738,5,,88.88888888888889,ambiguous_registry_name,AMBIGUOUS,ambiguous_registry_name,Sinai Bridge Trading,B738
A50723,EL alpha pharma Branch 2,744,11,,88.88888888888889,ambiguous_registry_name,AMBIGUOUS,ambiguous_registry_name,Horus Elite Logistics,B744
A50724,el Alpha hParma Branch 1,754,7,,82.35294117647058,ambiguous_registry_name,AMBIGUOUS,ambiguous_registry_name,October Central Supply,A754
A50725,Alpha Pharma,760,9,,100.0,ambiguous_registry_name,AMBIGUOUS,ambiguous_registry_name,Two Rivers Distribution,C760
A50758,PH Silver Care Smouha,751,8,,87.5,ambiguous_registry_name,AMBIGUOUS,ambiguous_registry_name,Falcon Wholesale Co.,A751
A50759,Ph/silver care smouha Mall,751,8,,80.0,ambiguous_registry_name,AMBIGUOUS,ambiguous_registry_name,Falcon Wholesale Co.,A751
A50785,PH Health Gate Branch 1,734,7,,82.35294117647058,ambiguous_registry_name,AMBIGUOUS,ambiguous_registry_name,Modern Chain Distributors,B734
A50792,EL Alpha Pharma Smmouha (2),717,2,,86.36363636363636,ambiguous_registry_name,AMBIGUOUS,ambiguous_registry_name,Cairo Grand Supplies,A717
A50793,PY/alpha pharma smouha 011,717,2,,90.47619047619048,ambiguous_registry_name,AMBIGUOUS,ambiguous_registry_name,Cairo Grand Supplies,A717
A50794,EL alpha pharma smouha Main Road,722,6,,92.6829268292683,ambiguous_registry_name,AMBIGUOUS,ambiguous_registry_name,Saraya Pharmaceutical Supply,B722
A50795,Ph/ALPHA PHARMA SMOUHA-A,743,6,,95.0,ambiguous_registry_name,AMBIGUOUS,ambiguous_registry_name,Horus Elite Logistics,A743
A50796,PH ALPHA PHARMA SMOUHA432,743,6,,86.36363636363636,ambiguous_registry_name,AMBIGUOUS,ambiguous_registry_name,Horus Elite Logistics,A743
A50797,Alpha Pharma Smouha 04,747,6,,92.6829268292683,ambiguous_registry_name,AMBIGUOUS,ambiguous_registry_name,Southern Cross Pharma,C747
A50798,el Alpha Pharma Smouha-A,752,8,,88.37209302325581,ambiguous_registry_name,AMBIGUOUS,ambiguous_registry_name,Falcon Wholesale Co.,B752
A50799,Alpha hParma Smouha Mall330,752,8,,78.26086956521739,ambiguous_registry_name,AMBIGUOUS,ambiguous_registry_name,Falcon Wholesale Co.,B752
A50800,EL alpha pharma smouha-A,760,11,,88.37209302325581,ambiguous_registry_name,AMBIGUOUS,ambiguous_registry_name,Two Rivers Distribution,C760
A50801,alpha pharma smouha (2),760,11,,95.0,ambiguous_registry_name,AMBIGUOUS,ambiguous_registry_name,Two Rivers Distribution,C760
A50802,Alpha Pharma Smouha (2),766,11,,95.0,ambiguous_registry_name,AMBIGUOUS,ambiguous_registry_name,Basil Corner Providers,B766
A50803,el Alpha Pharma Smouha-A,766,11,,88.37209302325581,ambiguous_registry_name,AMBIGUOUS,ambiguous_registry_name,Basil Corner Providers,B766
A50804,EL alpha pharma smouha Station St.,779,5,,92.6829268292683,ambiguous_registry_name,AMBIGUOUS,ambiguous_registry_name,Iron Gate Wholesale,A779
A50805,Ph/Alpha Pharma Smouha Branch 1,779,5,,100.0,ambiguous_registry_name,AMBIGUOUS,ambiguous_registry_name,Iron Gate Wholesale,A779
A50817,PHARMA PLUS SMOUHA Mall,706,11,,100.0,ambiguous_registry_name,AMBIGUOUS,ambiguous_registry_name,Nile Med Wholesale,A706
A50818,PHARMA PLUS SMOUHA Branch 1,711,5,,100.0,ambiguous_registry_name,AMBIGUOUS,ambiguous_registry_name,El-Masria Trading Co.,A711
A50819,Ph/Pharma Plus Smouha Branch 1,712,9,,100.0,ambiguous_registry_name,AMBIGUOUS,ambiguous_registry_name,El-Masria Trading Co.,B712
A50820,Ph/Pharma Plus Smoouha,720,9,,97.2972972972973,ambiguous_registry_name,AMBIGUOUS,ambiguous_registry_name,Lotus Medcare Distribution,B720
A50821,el PHARMA PLUS SMOUHA 011,720,9,,83.72093023255813,ambiguous_registry_name,AMBIGUOUS,ambiguous_registry_name,Lotus Medcare Distribution,B720
A50823,ELL Pharma Plus Smouha Branch 1,732,6,,90.0,ambiguous_registry_name,AMBIGUOUS,ambiguous_registry_name,Pyramid Health Supplies,C732
A50824,Pharma Plus Smouha Branch 2,734,8,,100.0,ambiguous_registry_name,AMBIGUOUS,ambiguous_registry_name,Modern Chain Distributors,B734
A50825,EL pharma plus smouha-A,734,8,,87.8048780487805,ambiguous_registry_name,AMBIGUOUS,ambiguous_registry_name,Modern Chain Distributors,B734
A50826,Ph/Pharma Plus Smouha 04,749,10,,92.3076923076923,ambiguous_registry_name,AMBIGUOUS,ambiguous_registry_name,Karnak Medical Trading,B749
A50827,el PHARMA PLUS SMOUHA br.226,749,10,,92.3076923076923,ambiguous_registry_name,AMBIGUOUS,ambiguous_registry_name,Karnak Medical Trading,B749
A50833,el silver care smouha,746,5,,79.16666666666666,ambiguous_registry_name,AMBIGUOUS,ambiguous_registry_name,Southern Cross Pharma,B746
A50835,el silver care smouha,750,9,,79.16666666666666,ambiguous_registry_name,AMBIGUOUS,ambiguous_registry_name,Pearl Route Agencies,A750
A50836,Silver Care Smouha 6th Zone,777,7,,80.0,ambiguous_registry_name,AMBIGUOUS,ambiguous_registry_name,Seven Palms Distribution,B777
A50837,el Union Pharm Maadi Main Road,723,7,,91.89189189189189,ambiguous_registry_name,AMBIGUOUS,ambiguous_registry_name,Ramses Wholesale Partners,A723
A50838,Union Pharm Maadi Branch 2152,723,7,,100.0,ambiguous_registry_name,AMBIGUOUS,ambiguous_registry_name,Ramses Wholesale Partners,A723
A50839,el union pharm maadi (2),733,6,,87.17948717948718,ambiguous_registry_name,AMBIGUOUS,ambiguous_registry_name,Modern Chain Distributors,A733
A50840,El-Union Pharm Maadi 011,733,6,,82.92682926829268,ambiguous_registry_name,AMBIGUOUS,ambiguous_registry_name,Modern Chain Distributors,A733
A50841,UNION PHARM MAADI br.2,759,3,,100.0,ambiguous_registry_name,AMBIGUOUS,ambiguous_registry_name,Two Rivers Distribution,B759
A50842,El-Union Pharm Maadi,759,3,,91.89189189189189,ambiguous_registry_name,AMBIGUOUS,ambiguous_registry_name,Two Rivers Distribution,B759
A50843,Union Pharm Maadi169,763,8,,91.89189189189189,ambiguous_registry_name,AMBIGUOUS,ambiguous_registry_name,Saqqara Trade House,A763
A50861,EL Care 24 Seven 6th Zone,721,4,,89.65517241379311,ambiguous_registry_name,AMBIGUOUS,ambiguous_registry_name,Saraya Pharmaceutical Supply,A721
A50862,PH CARE 24 SEVEN Branch 2,721,4,,89.65517241379311,ambiguous_registry_name,AMBIGUOUS,ambiguous_registry_name,Saraya Pharmaceutical Supply,A721
A50864,CARE 24 SEVEN502,722,7,,89.65517241379311,ambiguous_registry_name,AMBIGUOUS,ambiguous_registry_name,Saraya Pharmaceutical Supply,B722
A50865,el Care 24 Seven,732,7,,89.65517241379311,ambiguous_registry_name,AMBIGUOUS,ambiguous_registry_name,Pyramid Health Supplies,C732
A50866,EL Care 24 Seven Mall,745,6,,89.65517241379311,ambiguous_registry_name,AMBIGUOUS,ambiguous_registry_name,Southern Cross Pharma,A745
A50867,el Care 24 Seven br.2106,751,9,,89.65517241379311,ambiguous_registry_name,AMBIGUOUS,ambiguous_registry_name,Falcon Wholesale Co.,A751
A50868,Care 24 Sevn Mall,751,9,,96.0,ambiguous_registry_name,AMBIGUOUS,ambiguous_registry_name,Falcon Wholesale Co.,A751
A50869,PH El Zahraa Station St.,704,9,,80.0,ambiguous_registry_name,AMBIGUOUS,ambiguous_registry_name,Blue Crescent Medical Supply Co.,B704
A50875,PH DR MEDHAT MONTAZA Branch 1,726,11,,86.95652173913044,ambiguous_registry_name,AMBIGUOUS,ambiguous_registry_name,White Nile Agencies,B726
A50876,Dr Medhat Montaza Station St.,726,11,,79.06976744186046,ambiguous_registry_name,AMBIGUOUS,ambiguous_registry_name,White Nile Agencies,B726
A50883,Ph/dr medhat montaza Branch 2,780,11,,79.06976744186046,ambiguous_registry_name,AMBIGUOUS,ambiguous_registry_name,Alex Marine Providers,A780
A50898,Ph/LIFE LINE SMOUHA br.2,704,10,,78.04878048780488,ambiguous_registry_name,AMBIGUOUS,ambiguous_registry_name,Blue Crescent Medical Supply Co.,B704
A50899,PH LIFE LINE SMOUHA Station St.108,721,5,,79.16666666666666,ambiguous_registry_name,AMBIGUOUS,ambiguous_registry_name,Saraya Pharmaceutical Supply,A721
A50946,Life Line Smouha Station St.,717,5,,78.04878048780488,ambiguous_registry_name,AMBIGUOUS,ambiguous_registry_name,Cairo Grand Supplies,A717
A50947,PH LIFE LINE SMOUHA Mall,723,10,,86.36363636363636,ambiguous_registry_name,AMBIGUOUS,ambiguous_registry_name,Ramses Wholesale Partners,A723
A50948,LIFE LINE SMOUHA Branch 1880,725,11,,78.04878048780488,ambiguous_registry_name,AMBIGUOUS,ambiguous_registry_name,White Nile Agencies,A725
A50952,PY/LIFE LINE SMOUHA Branch 1,762,6,,78.04878048780488,ambiguous_registry_name,AMBIGUOUS,ambiguous_registry_name,Supreme Shelf Logistics,B762
A50953,PY/LIFE LINE SMOUHA Branch 1,762,6,,78.04878048780488,ambiguous_registry_name,AMBIGUOUS,ambiguous_registry_name,Supreme Shelf Logistics,B762
A50954,Life Line Smouha Branch 2,764,7,,78.04878048780488,ambiguous_registry_name,AMBIGUOUS,ambiguous_registry_name,Saqqara Trade House,B764
A50960,el zahraa imbaba Mall,709,7,,78.04878048780488,ambiguous_registry_name,AMBIGUOUS,ambiguous_registry_name,Horus Pharm Agencies,B709
A50963,el zahraa imbaba Branch 1,738,9,,78.04878048780488,ambiguous_registry_name,AMBIGUOUS,ambiguous_registry_name,Sinai Bridge Trading,B738
A50966,Ph/EL ZAHRAA IMBABA Branch 1,780,12,,78.04878048780488,ambiguous_registry_name,AMBIGUOUS,ambiguous_registry_name,Alex Marine Providers,A780
A50968,PH EL ZAHRAA IMBABA (2),781,8,,82.6086956521739,ambiguous_registry_name,AMBIGUOUS,ambiguous_registry_name,Alex Marine Providers,B781
A50969,PH LIFE LINE SMOUHA,708,6,,86.36363636363636,ambiguous_registry_name,AMBIGUOUS,ambiguous_registry_name,Horus Pharm Agencies,A708
A50971,Life Line Smouha Main Road,716,6,,78.04878048780488,ambiguous_registry_name,AMBIGUOUS,ambiguous_registry_name,Delta Union Agencies,C716
A50978,PH Union Pharm Rehab View Main Road,722,8,,93.61702127659575,ambiguous_registry_name,AMBIGUOUS,ambiguous_registry_name,Saraya Pharmaceutical Supply,B722
A50979,union pharm rehab view,722,8,,100.0,ambiguous_registry_name,AMBIGUOUS,ambiguous_registry_name,Saraya Pharmaceutical Supply,B722
A50980,PY/union pharm rehab view-A,726,13,,95.65217391304348,ambiguous_registry_name,AMBIGUOUS,ambiguous_registry_name,White Nile Agencies,B726
A50981,union pharm rehab view 011,726,13,,91.66666666666666,ambiguous_registry_name,AMBIGUOUS,ambiguous_registry_name,White Nile Agencies,B726
A50982,Ph/UNION PHARM REHAB VIEW322,756,8,,93.61702127659575,ambiguous_registry_name,AMBIGUOUS,ambiguous_registry_name,Al Wadi Medical Providers,A756
A50983,PH UNION PHARM REHAB VIEW-A,756,8,,89.79591836734694,ambiguous_registry_name,AMBIGUOUS,ambiguous_registry_name,Al Wadi Medical Providers,A756
A50989,PH Blue Wave br.2,772,12,,80.0,ambiguous_registry_name,AMBIGUOUS,ambiguous_registry_name,Desert Bloom Suppliers,A772
A50991,Ph/LIFE LINE REHAB VIEW Branch 1,722,9,,81.63265306122449,ambiguous_registry_name,AMBIGUOUS,ambiguous_registry_name,Saraya Pharmaceutical Supply,B722
A50992,Life Line Rehab View Branch 2,722,9,,81.63265306122449,ambiguous_registry_name,AMBIGUOUS,ambiguous_registry_name,Saraya Pharmaceutical Supply,B722
A50993,Ph/Life Line Rehab View br.2,732,10,,81.63265306122449,ambiguous_registry_name,AMBIGUOUS,ambiguous_registry_name,Pyramid Health Supplies,C732
A50994,Ph/life line rehab view (2),737,11,,78.43137254901961,ambiguous_registry_name,AMBIGUOUS,ambiguous_registry_name,Sinai Bridge Trading,A737
A50998,Ph/Alpha Pharma Square 6th Zone,731,7,,100.0,ambiguous_registry_name,AMBIGUOUS,ambiguous_registry_name,Pyramid Health Supplies,B731
A50999,PH Alpha Pharma Square725,734,9,,86.36363636363636,ambiguous_registry_name,AMBIGUOUS,ambiguous_registry_name,Modern Chain Distributors,B734
A51000,ALPHA PHARMA SQURE 04,741,10,,90.0,ambiguous_registry_name,AMBIGUOUS,ambiguous_registry_name,Green Delta Enterprises,B741
A51001,El-Alpha Pharma Square,748,13,,92.6829268292683,ambiguous_registry_name,AMBIGUOUS,ambiguous_registry_name,Karnak Medical Trading,A748
A51002,PH ALPHA PHARMA SQUARE (2)320,754,10,,80.85106382978724,ambiguous_registry_name,AMBIGUOUS,ambiguous_registry_name,October Central Supply,A754
A51003,ALPHA PHARMA SQUARE168,754,10,,92.6829268292683,ambiguous_registry_name,AMBIGUOUS,ambiguous_registry_name,October Central Supply,A754
A51004,PY/Alpha hParma Square,756,9,,94.73684210526316,ambiguous_registry_name,AMBIGUOUS,ambiguous_registry_name,Al Wadi Medical Providers,A756
A51018,El Faraby Smouha Station St.,732,11,,78.04878048780488,ambiguous_registry_name,AMBIGUOUS,ambiguous_registry_name,Pyramid Health Supplies,C732
A51019,El Faraby Smouha Branch 1,732,11,,78.04878048780488,ambiguous_registry_name,AMBIGUOUS,ambiguous_registry_name,Pyramid Health Supplies,C732
A51021,PH El Faraby Smouha 04,754,11,,80.85106382978724,ambiguous_registry_name,AMBIGUOUS,ambiguous_registry_name,October Central Supply,A754
A51022,EL FARABY SMOUHA,754,11,,78.04878048780488,ambiguous_registry_name,AMBIGUOUS,ambiguous_registry_name,October Central Supply,A754
A51023,el faraby smouha Station St.,757,8,,78.04878048780488,ambiguous_registry_name,AMBIGUOUS,ambiguous_registry_name,Al Wadi Medical Providers,B757
A51024,PY/EL FARABY SMOUHA Mall,777,8,,78.04878048780488,ambiguous_registry_name,AMBIGUOUS,ambiguous_registry_name,Seven Palms Distribution,B777
A51025,El Faraby Smouha Mall,781,9,,78.04878048780488,ambiguous_registry_name,AMBIGUOUS,ambiguous_registry_name,Alex Marine Providers,B781
A51051,PY/Pharma Plus 6th Zone,727,13,,100.0,ambiguous_registry_name,AMBIGUOUS,ambiguous_registry_name,White Nile Agencies,C727
A51052,el Phama Plus,727,13,,83.87096774193549,ambiguous_registry_name,AMBIGUOUS,ambiguous_registry_name,White Nile Agencies,C727
A51053,pharma plus Main Road,735,9,,100.0,ambiguous_registry_name,AMBIGUOUS,ambiguous_registry_name,Modern Chain Distributors,C735
A51054,EL Pharma Plus Branch 2,739,9,,88.0,ambiguous_registry_name,AMBIGUOUS,ambiguous_registry_name,Sinai Bridge Trading,C739
A51055,Ph/Pharma Plus Mall19,742,7,,82.35294117647058,ambiguous_registry_name,AMBIGUOUS,ambiguous_registry_name,Green Delta Enterprises,C742
A51056,El-Pharma Plus 04,742,7,,80.0,ambiguous_registry_name,AMBIGUOUS,ambiguous_registry_name,Green Delta Enterprises,C742
A51057,PY/Pharma Plus (2),747,7,,91.66666666666666,ambiguous_registry_name,AMBIGUOUS,ambiguous_registry_name,Southern Cross Pharma,C747
A51059,Ph/el baraka smouha,700,6,,78.04878048780488,ambiguous_registry_name,AMBIGUOUS,ambiguous_registry_name,Al-Nour Pharmaceutical Distribution,A700
A51063,El Baraka Smouha Branch 2,715,5,,78.04878048780488,ambiguous_registry_name,AMBIGUOUS,ambiguous_registry_name,Delta Union Agencies,B715
A51064,PH E Baraka Smouha,736,6,,83.72093023255813,ambiguous_registry_name,AMBIGUOUS,ambiguous_registry_name,United Bazaar Pharma,A736
A51084,PH Star Care Branch 2,762,8,,80.0,ambiguous_registry_name,AMBIGUOUS,ambiguous_registry_name,Supreme Shelf Logistics,B762
A51088,PH Health Gate Smouha Branch 1,714,13,,87.5,ambiguous_registry_name,AMBIGUOUS,ambiguous_registry_name,Delta Union Agencies,A714
A51089,PH health gate smouha,734,10,,87.5,ambiguous_registry_name,AMBIGUOUS,ambiguous_registry_name,Modern Chain Distributors,B734
A51093,Ph/Health Gate Smouha Main Road,757,11,,80.0,ambiguous_registry_name,AMBIGUOUS,ambiguous_registry_name,Al Wadi Medical Providers,B757
A51097,Health Gate Smouha,774,5,,80.0,ambiguous_registry_name,AMBIGUOUS,ambiguous_registry_name,Desert Bloom Suppliers,C774
A51099,PY/health gate smouha Branch 2924,782,8,,80.0,ambiguous_registry_name,AMBIGUOUS,ambiguous_registry_name,Summit Crest Trading,A782
A51124,PH al nozha,726,14,,78.57142857142857,ambiguous_registry_name,AMBIGUOUS,ambiguous_registry_name,White Nile Agencies,B726
A51134,PH Ebn Sina Faisal Station St.,709,9,,85.71428571428572,ambiguous_registry_name,AMBIGUOUS,ambiguous_registry_name,Horus Pharm Agencies,B709
A51168,PH Surnise Oct City,701,10,,81.81818181818181,ambiguous_registry_name,AMBIGUOUS,ambiguous_registry_name,Al-Nour Pharmaceutical Distribution,B701
A51171,PH SUNRISE OCT CITY Branch 2,736,7,,86.36363636363636,ambiguous_registry_name,AMBIGUOUS,ambiguous_registry_name,United Bazaar Pharma,A736
A51196,BLUE WAVE SMOUHA 6th Zone,705,11,,78.04878048780488,ambiguous_registry_name,AMBIGUOUS,ambiguous_registry_name,Blue Crescent Medical Supply Co.,C705
A51197,blue wave smouha Branch 1,705,11,,78.04878048780488,ambiguous_registry_name,AMBIGUOUS,ambiguous_registry_name,Blue Crescent Medical Supply Co.,C705
A51201,GREEN LEAF SMOUHA br.2,734,11,,79.06976744186046,ambiguous_registry_name,AMBIGUOUS,ambiguous_registry_name,Modern Chain Distributors,B734
A51203,Green Leaf Smouha Main Road,750,11,,79.06976744186046,ambiguous_registry_name,AMBIGUOUS,ambiguous_registry_name,Pearl Route Agencies,A750
A51209,El Zahraa Smouha Mall,765,6,,78.04878048780488,ambiguous_registry_name,AMBIGUOUS,ambiguous_registry_name,Basil Corner Providers,A765
A51210,el zahraa smouha Main Road,765,6,,78.04878048780488,ambiguous_registry_name,AMBIGUOUS,ambiguous_registry_name,Basil Corner Providers,A765
A51212,Ph/EL ZAHRAA SMOUHA Branch 1,770,9,,78.04878048780488,ambiguous_registry_name,AMBIGUOUS,ambiguous_registry_name,Marina Bay Trade,A770
A51213,PY/SEHA FIRST SMOUHA 6th Zone,718,7,,79.06976744186046,ambiguous_registry_name,AMBIGUOUS,ambiguous_registry_name,Cairo Grand Supplies,B718
A51218,Seha First Smouha Main Road,741,12,,79.06976744186046,ambiguous_registry_name,AMBIGUOUS,ambiguous_registry_name,Green Delta Enterprises,B741
A51220,PY/SEHA FIRST SMOUHA Branch 2,744,14,,79.06976744186046,ambiguous_registry_name,AMBIGUOUS,ambiguous_registry_name,Horus Elite Logistics,B744
A51223,Ph/Seha First Smouha Branch 1,777,9,,79.06976744186046,ambiguous_registry_name,AMBIGUOUS,ambiguous_registry_name,Seven Palms Distribution,B777
A51227,EL BARAKA HELWAN Branch 1508,736,8,,78.04878048780488,ambiguous_registry_name,AMBIGUOUS,ambiguous_registry_name,United Bazaar Pharma,A736
A51232,PH Better Life Smouha,730,15,,87.5,ambiguous_registry_name,AMBIGUOUS,ambiguous_registry_name,Pyramid Health Supplies,A730
A51236,PY/Better Life Smouha Branch 2,782,10,,80.0,ambiguous_registry_name,AMBIGUOUS,ambiguous_registry_name,Summit Crest Trading,A782
A51237,Ph/Better Life Smouha Station St.,782,10,,80.0,ambiguous_registry_name,AMBIGUOUS,ambiguous_registry_name,Summit Crest Trading,A782
A51244,PH STAR CARE 6th Zone,739,14,,80.0,ambiguous_registry_name,AMBIGUOUS,ambiguous_registry_name,Sinai Bridge Trading,C739
A51258,El Baraka Helwan Branch 1,768,10,,78.04878048780488,ambiguous_registry_name,AMBIGUOUS,ambiguous_registry_name,Ocean Front Distributors,A768
A51259,El Baraka Helwan Branch 1,768,10,,78.04878048780488,ambiguous_registry_name,AMBIGUOUS,ambiguous_registry_name,Ocean Front Distributors,A768
A51280,el pharma plus smouha (2),700,8,,87.8048780487805,ambiguous_registry_name,AMBIGUOUS,ambiguous_registry_name,Al-Nour Pharmaceutical Distribution,A700
A51281,el Pharma Plus Smouha (2),735,14,,87.8048780487805,ambiguous_registry_name,AMBIGUOUS,ambiguous_registry_name,Modern Chain Distributors,C735
A51283,Pharma Plus Smouha-A,779,8,,94.73684210526316,ambiguous_registry_name,AMBIGUOUS,ambiguous_registry_name,Iron Gate Wholesale,A779
A51284,EL PHAMRA PLUS Mall,716,8,,81.25,ambiguous_registry_name,AMBIGUOUS,ambiguous_registry_name,Delta Union Agencies,C716
A51285,El-Pharma Plus,730,16,,88.0,ambiguous_registry_name,AMBIGUOUS,ambiguous_registry_name,Pyramid Health Supplies,A730
A51287,PH pharma plus (2),754,13,,81.4814814814815,ambiguous_registry_name,AMBIGUOUS,ambiguous_registry_name,October Central Supply,A754
A51288,el Pharma Plus Station St.,755,14,,88.0,ambiguous_registry_name,AMBIGUOUS,ambiguous_registry_name,October Central Supply,B755
A51289,PY/Pharma Plus (2)319,763,11,,78.57142857142857,ambiguous_registry_name,AMBIGUOUS,ambiguous_registry_name,Saqqara Trade House,A763
A51291,Pharma Plus br.2,765,7,,100.0,ambiguous_registry_name,AMBIGUOUS,ambiguous_registry_name,Basil Corner Providers,A765
A51292,Ph/pharma plus Branch 2,768,11,,100.0,ambiguous_registry_name,AMBIGUOUS,ambiguous_registry_name,Ocean Front Distributors,A768
A51293,El-PHARMA PLUS 04,782,11,,80.0,ambiguous_registry_name,AMBIGUOUS,ambiguous_registry_name,Summit Crest Trading,A782
A51299,Ph/union pharm Station St.,712,14,,100.0,ambiguous_registry_name,AMBIGUOUS,ambiguous_registry_name,El-Masria Trading Co.,B712
A51301,el UNION PHARM (2),726,18,,81.4814814814815,ambiguous_registry_name,AMBIGUOUS,ambiguous_registry_name,White Nile Agencies,B726
A51302,union pharm,726,18,,100.0,ambiguous_registry_name,AMBIGUOUS,ambiguous_registry_name,White Nile Agencies,B726
A51303,EL Union Pharm 04,732,14,,78.57142857142857,ambiguous_registry_name,AMBIGUOUS,ambiguous_registry_name,Pyramid Health Supplies,C732
A51304,Union Pharm,747,10,,100.0,ambiguous_registry_name,AMBIGUOUS,ambiguous_registry_name,Southern Cross Pharma,C747
A51305,el Union Pharmm 6th Zone,753,9,,84.61538461538461,ambiguous_registry_name,AMBIGUOUS,ambiguous_registry_name,Falcon Wholesale Co.,C753
A51306,PY/union pharm Station St.736,779,9,,84.61538461538461,ambiguous_registry_name,AMBIGUOUS,ambiguous_registry_name,Iron Gate Wholesale,A779
A51307,Union Pharm br.2,782,12,,100.0,ambiguous_registry_name,AMBIGUOUS,ambiguous_registry_name,Summit Crest Trading,A782
A51313,PH El Shif Zayed Main Road,721,8,,82.05128205128204,ambiguous_registry_name,AMBIGUOUS,ambiguous_registry_name,Saraya Pharmaceutical Supply,A721
A51315,PH el shifa zayed br.2,733,10,,85.0,ambiguous_registry_name,AMBIGUOUS,ambiguous_registry_name,Modern Chain Distributors,A733
A51331,EL EL TOURATH SMOUHA br.2365,700,10,,81.81818181818181,ambiguous_registry_name,AMBIGUOUS,ambiguous_registry_name,Al-Nour Pharmaceutical Distribution,A700
A51333,El Tourath Smouha Main Road,758,4,,82.92682926829268,ambiguous_registry_name,AMBIGUOUS,ambiguous_registry_name,Two Rivers Distribution,A758
A51335,El Tourath Smouha,769,11,,82.92682926829268,ambiguous_registry_name,AMBIGUOUS,ambiguous_registry_name,Ocean Front Distributors,B769
A51338,PH Blue Wave br.2344,715,7,,80.0,ambiguous_registry_name,AMBIGUOUS,ambiguous_registry_name,Delta Union Agencies,B715
A51339,PH Blue Wave Main Road,718,8,,80.0,ambiguous_registry_name,AMBIGUOUS,ambiguous_registry_name,Cairo Grand Supplies,B718
A51344,El-Care 24 Seven,700,12,,89.65517241379311,ambiguous_registry_name,AMBIGUOUS,ambiguous_registry_name,Al-Nour Pharmaceutical Distribution,A700
A51345,CARE 24 SEVEN,709,10,,100.0,ambiguous_registry_name,AMBIGUOUS,ambiguous_registry_name,Horus Pharm Agencies,B709
A51346,el Care 24 Seven Branch 2227,709,10,,89.65517241379311,ambiguous_registry_name,AMBIGUOUS,ambiguous_registry_name,Horus Pharm Agencies,B709
A51347,care 24 seven,767,15,,100.0,ambiguous_registry_name,AMBIGUOUS,ambiguous_registry_name,Khufu Line Agencies,A767
A51389,PH El Shifa Montaza br.223,724,6,,86.36363636363636,ambiguous_registry_name,AMBIGUOUS,ambiguous_registry_name,Ramses Wholesale Partners,B724
A51393,PH El Shifa Montaza 6th Zone,731,11,,86.36363636363636,ambiguous_registry_name,AMBIGUOUS,ambiguous_registry_name,Pyramid Health Supplies,B731
A51394,el shifa montaza Mall,758,5,,78.04878048780488,ambiguous_registry_name,AMBIGUOUS,ambiguous_registry_name,Two Rivers Distribution,A758
A51395,EL SHIFA MONTAZA br.2,758,5,,78.04878048780488,ambiguous_registry_name,AMBIGUOUS,ambiguous_registry_name,Two Rivers Distribution,A758
A51397,Ph/EL SHIFA MONTAZA Main Road,759,10,,78.04878048780488,ambiguous_registry_name,AMBIGUOUS,ambiguous_registry_name,Two Rivers Distribution,B759
A51457,PY/CITY CARE SMOUHA Mall,719,10,,78.04878048780488,ambiguous_registry_name,AMBIGUOUS,ambiguous_registry_name,Lotus Medcare Distribution,A719
A51459,Ph/City Care Smouha Main Road,722,15,,78.04878048780488,ambiguous_registry_name,AMBIGUOUS,ambiguous_registry_name,Saraya Pharmaceutical Supply,B722
A51461,City Care Smouha,730,20,,78.04878048780488,ambiguous_registry_name,AMBIGUOUS,ambiguous_registry_name,Pyramid Health Supplies,A730
A51463,CITY CARE SMOUHA,753,11,,78.04878048780488,ambiguous_registry_name,AMBIGUOUS,ambiguous_registry_name,Falcon Wholesale Co.,C753
A51464,Ph/city care smouha,756,12,,78.04878048780488,ambiguous_registry_name,AMBIGUOUS,ambiguous_registry_name,Al Wadi Medical Providers,A756
A51465,CITY CARE SMOUHA Branch 1,756,12,,78.04878048780488,ambiguous_registry_name,AMBIGUOUS,ambiguous_registry_name,Al Wadi Medical Providers,A756
A51469,PH CITY CARE SMOUHA,775,14,,86.36363636363636,ambiguous_registry_name,AMBIGUOUS,ambiguous_registry_name,Corner Stone Medical,A775
A51493,ALPHA PHARMA Mall,706,17,,100.0,ambiguous_registry_name,AMBIGUOUS,ambiguous_registry_name,Nile Med Wholesale,A706
A51494,PH Alpha Pharma 6th Zone,706,17,,88.88888888888889,ambiguous_registry_name,AMBIGUOUS,ambiguous_registry_name,Nile Med Wholesale,A706
A51495,Ph/ALPHA PHARMA (2),708,15,,92.3076923076923,ambiguous_registry_name,AMBIGUOUS,ambiguous_registry_name,Horus Pharm Agencies,A708
A51496,EL Alpha Pharma 6th Zone,711,10,,88.88888888888889,ambiguous_registry_name,AMBIGUOUS,ambiguous_registry_name,El-Masria Trading Co.,A711
A51499,El-ALPHA PARMA,768,12,,84.84848484848484,ambiguous_registry_name,AMBIGUOUS,ambiguous_registry_name,Ocean Front Distributors,A768
A51500,PH ALPHA PHARMA 6th Zone,781,14,,88.88888888888889,ambiguous_registry_name,AMBIGUOUS,ambiguous_registry_name,Alex Marine Providers,B781
A51501,Alpha Pharma (2),781,14,,92.3076923076923,ambiguous_registry_name,AMBIGUOUS,ambiguous_registry_name,Alex Marine Providers,B781
A51505,PH Life Line 6th Zone,715,8,,80.0,ambiguous_registry_name,AMBIGUOUS,ambiguous_registry_name,Delta Union Agencies,B715
A51530,PY/Golden Care Shubra Branch 2,700,14,,80.0,ambiguous_registry_name,AMBIGUOUS,ambiguous_registry_name,Al-Nour Pharmaceutical Distribution,A700
A51533,Ph/Golden Care Shubra Mall,720,17,,80.0,ambiguous_registry_name,AMBIGUOUS,ambiguous_registry_name,Lotus Medcare Distribution,B720
A51598,PH golden care smouha Mall,704,15,,87.5,ambiguous_registry_name,AMBIGUOUS,ambiguous_registry_name,Blue Crescent Medical Supply Co.,B704
A51600,PY/Golden Care Smouha Station St.,708,18,,80.0,ambiguous_registry_name,AMBIGUOUS,ambiguous_registry_name,Horus Pharm Agencies,A708
A51601,PH golden care smouha Station St.,720,18,,87.5,ambiguous_registry_name,AMBIGUOUS,ambiguous_registry_name,Lotus Medcare Distribution,B720
A51602,PH Golden Care Smouha Mall,725,14,,87.5,ambiguous_registry_name,AMBIGUOUS,ambiguous_registry_name,White Nile Agencies,A725
A51604,PH golden care smouhaa 011,726,23,,79.24528301886792,ambiguous_registry_name,AMBIGUOUS,ambiguous_registry_name,White Nile Agencies,B726
A51606,GOLDEN CARE SMOUHA Branch 1,756,15,,80.0,ambiguous_registry_name,AMBIGUOUS,ambiguous_registry_name,Al Wadi Medical Providers,A756
A51608,P/hGolden Care Smouha,766,20,,78.26086956521739,ambiguous_registry_name,AMBIGUOUS,ambiguous_registry_name,Basil Corner Providers,B766
A51610,El Faraby Smouha br.2,710,16,,78.04878048780488,ambiguous_registry_name,AMBIGUOUS,ambiguous_registry_name,Horus Pharm Agencies,C710
A51640,PH EL ZAHRAA AGAMI,749,14,,85.71428571428572,ambiguous_registry_name,AMBIGUOUS,ambiguous_registry_name,Karnak Medical Trading,B749
A51647,green leaf smouha Main Road,723,13,,79.06976744186046,ambiguous_registry_name,AMBIGUOUS,ambiguous_registry_name,Ramses Wholesale Partners,A723
A51648,green leaf smouha,732,18,,79.06976744186046,ambiguous_registry_name,AMBIGUOUS,ambiguous_registry_name,Pyramid Health Supplies,C732
A51649,Green Leaf Smouha Branch 1,732,18,,79.06976744186046,ambiguous_registry_name,AMBIGUOUS,ambiguous_registry_name,Pyramid Health Supplies,C732
A51655,Green Leaf Smouha Branch 2,782,19,,79.06976744186046,ambiguous_registry_name,AMBIGUOUS,ambiguous_registry_name,Summit Crest Trading,A782
A51680,PH Alpha Pharma br.2,721,9,,88.88888888888889,ambiguous_registry_name,AMBIGUOUS,ambiguous_registry_name,Saraya Pharmaceutical Supply,A721
A51681,PY/Alpha Pharma 6th Zone,755,18,,100.0,ambiguous_registry_name,AMBIGUOUS,ambiguous_registry_name,October Central Supply,B755
A51682,el Alpha Pharma Mall,769,17,,88.88888888888889,ambiguous_registry_name,AMBIGUOUS,ambiguous_registry_name,Ocean Front Distributors,B769
A51684,Alpha Pharma-A263,770,13,,82.75862068965517,ambiguous_registry_name,AMBIGUOUS,ambiguous_registry_name,Marina Bay Trade,A770
A51685,PH ALPHA PHARM-A,770,13,,78.57142857142857,ambiguous_registry_name,AMBIGUOUS,ambiguous_registry_name,Marina Bay Trade,A770
A51689,El Hokama Smouha 6th Zone,726,25,,78.04878048780488,ambiguous_registry_name,AMBIGUOUS,ambiguous_registry_name,White Nile Agencies,B726
A51691,El Hokama Smouha Branch 2,752,16,,78.04878048780488,ambiguous_registry_name,AMBIGUOUS,ambiguous_registry_name,Falcon Wholesale Co.,B752
A51692,El Hokama Smouha Mall,755,19,,78.04878048780488,ambiguous_registry_name,AMBIGUOUS,ambiguous_registry_name,October Central Supply,B755
A51694,PY/el hokama smouha Station St.,774,11,,78.04878048780488,ambiguous_registry_name,AMBIGUOUS,ambiguous_registry_name,Desert Bloom Suppliers,C774
A51699,DR MEDHAT FAISAL 6th Zone,748,17,,82.05128205128204,ambiguous_registry_name,AMBIGUOUS,ambiguous_registry_name,Karnak Medical Trading,A748
A51703,Union Pharm br.2,719,14,,100.0,ambiguous_registry_name,AMBIGUOUS,ambiguous_registry_name,Lotus Medcare Distribution,A719
A51705,el Union Pharm-A,726,26,,82.35294117647058,ambiguous_registry_name,AMBIGUOUS,ambiguous_registry_name,White Nile Agencies,B726
A51708,EL Union Pharm Main Road,755,20,,88.0,ambiguous_registry_name,AMBIGUOUS,ambiguous_registry_name,October Central Supply,B755
A51709,PH UNION PHARM Branch 2,771,12,,88.0,ambiguous_registry_name,AMBIGUOUS,ambiguous_registry_name,Marina Bay Trade,B771
A51714,PH El Faraby Smouha,721,10,,86.36363636363636,ambiguous_registry_name,AMBIGUOUS,ambiguous_registry_name,Saraya Pharmaceutical Supply,A721
A51716,PY/EL FARABY SMOUHA Mai nRoad,763,16,,78.43137254901961,ambiguous_registry_name,AMBIGUOUS,ambiguous_registry_name,Saqqara Trade House,A763
A51748,LIFE LINE SMOUHA 6th Zone,719,15,,78.04878048780488,ambiguous_registry_name,AMBIGUOUS,ambiguous_registry_name,Lotus Medcare Distribution,A719
A51761,PH Golden Care Main Road,777,12,,82.35294117647058,ambiguous_registry_name,AMBIGUOUS,ambiguous_registry_name,Seven Palms Distribution,B777
A51765,PH Al Amal Shubra br.2,748,19,,85.0,ambiguous_registry_name,AMBIGUOUS,ambiguous_registry_name,Karnak Medical Trading,A748
A51771,Ph/NILE CARE SMOUHA Branch 1,707,11,,78.04878048780488,ambiguous_registry_name,AMBIGUOUS,ambiguous_registry_name,Tiba Distribution Group,A707
A51773,Nile Care Smouha,720,21,,78.04878048780488,ambiguous_registry_name,AMBIGUOUS,ambiguous_registry_name,Lotus Medcare Distribution,B720
A51774,Nile Care Smouha Branch 2,728,8,,78.04878048780488,ambiguous_registry_name,AMBIGUOUS,ambiguous_registry_name,Delta Star Medical Trade,A728
A51775,PY/Nile Care Smouha Station St.,728,8,,78.04878048780488,ambiguous_registry_name,AMBIGUOUS,ambiguous_registry_name,Delta Star Medical Trade,A728
A51781,PH STAR CARE MAADI 6th Zone,762,12,,85.71428571428572,ambiguous_registry_name,AMBIGUOUS,ambiguous_registry_name,Supreme Shelf Logistics,B762
A51783,Ph/Union Pharm Smouha Branch 2943,711,12,,100.0,ambiguous_registry_name,AMBIGUOUS,ambiguous_registry_name,El-Masria Trading Co.,A711
A51784,UNION PHARM SMOUHA Main Road,714,16,,100.0,ambiguous_registry_name,AMBIGUOUS,ambiguous_registry_name,Delta Union Agencies,A714
A51785,PH Union Pharm Smouha Branch 1,714,16,,92.3076923076923,ambiguous_registry_name,AMBIGUOUS,ambiguous_registry_name,Delta Union Agencies,A714
A51786,Union Pharm Smouh abr.2,718,13,,82.92682926829268,ambiguous_registry_name,AMBIGUOUS,ambiguous_registry_name,Cairo Grand Supplies,B718
A51790,UNION PHARM SMOUHA Branch 1,772,18,,100.0,ambiguous_registry_name,AMBIGUOUS,ambiguous_registry_name,Desert Bloom Suppliers,A772
A51791,Union Pharm Smouuha Branch 2,772,18,,97.2972972972973,ambiguous_registry_name,AMBIGUOUS,ambiguous_registry_name,Desert Bloom Suppliers,A772
A51814,Union Pharm Imbab-A,753,15,,91.89189189189189,ambiguous_registry_name,AMBIGUOUS,ambiguous_registry_name,Falcon Wholesale Co.,C753
A51856,PH e faraby obour,739,22,,82.92682926829268,ambiguous_registry_name,AMBIGUOUS,ambiguous_registry_name,Sinai Bridge Trading,C739
A51874,PY/dr medhat smouha Branch 2571,768,14,,78.04878048780488,ambiguous_registry_name,AMBIGUOUS,ambiguous_registry_name,Ocean Front Distributors,A768
A51883,Ph/union pharm faisal 011,721,14,,90.0,ambiguous_registry_name,AMBIGUOUS,ambiguous_registry_name,Saraya Pharmaceutical Supply,A721
A51884,Ph/Union Pharm Faisal 04,721,14,,92.3076923076923,ambiguous_registry_name,AMBIGUOUS,ambiguous_registry_name,Saraya Pharmaceutical Supply,A721
A51885,el Union Pharm Faisal Branch 2,724,12,,92.3076923076923,ambiguous_registry_name,AMBIGUOUS,ambiguous_registry_name,Ramses Wholesale Partners,B724
A51890,Union Pharm Faisal,760,15,,100.0,ambiguous_registry_name,AMBIGUOUS,ambiguous_registry_name,Two Rivers Distribution,C760
A51892,EL Union Pharm Faisal 011,767,18,,83.72093023255813,ambiguous_registry_name,AMBIGUOUS,ambiguous_registry_name,Khufu Line Agencies,A767
A51893,El-Union Pharm Faisal (2),781,18,,87.8048780487805,ambiguous_registry_name,AMBIGUOUS,ambiguous_registry_name,Alex Marine Providers,B781
A51894,Ph/union pharm faisal Branch 1,781,18,,100.0,ambiguous_registry_name,AMBIGUOUS,ambiguous_registry_name,Alex Marine Providers,B781
A51902,PH Misr Smouha br.2,721,15,,82.35294117647058,ambiguous_registry_name,AMBIGUOUS,ambiguous_registry_name,Saraya Pharmaceutical Supply,A721
A51920,PH Seha First Smouha-A450,717,10,,78.43137254901961,ambiguous_registry_name,AMBIGUOUS,ambiguous_registry_name,Cairo Grand Supplies,A717
A51922,Seha First Smouha br.2,744,22,,79.06976744186046,ambiguous_registry_name,AMBIGUOUS,ambiguous_registry_name,Horus Elite Logistics,B744
A51924,Ph/Seha First Smouha,750,15,,79.06976744186046,ambiguous_registry_name,AMBIGUOUS,ambiguous_registry_name,Pearl Route Agencies,A750
A51927,PH Seha First Smouha Branch 2,774,14,,86.95652173913044,ambiguous_registry_name,AMBIGUOUS,ambiguous_registry_name,Desert Bloom Suppliers,C774
A51928,SEHA FIRST SMOUHA 6th Zone,775,18,,79.06976744186046,ambiguous_registry_name,AMBIGUOUS,ambiguous_registry_name,Corner Stone Medical,A775
A51929,PH Seha First Smouha,775,18,,86.95652173913044,ambiguous_registry_name,AMBIGUOUS,ambiguous_registry_name,Corner Stone Medical,A775
A51955,SALAMTEK SMOUHA-A,720,23,,82.92682926829268,ambiguous_registry_name,AMBIGUOUS,ambiguous_registry_name,Lotus Medcare Distribution,B720
A51965,PH dr medhat Mall,751,16,,80.0,ambiguous_registry_name,AMBIGUOUS,ambiguous_registry_name,Falcon Wholesale Co.,A751
A51990,seha first smouha,717,11,,79.06976744186046,ambiguous_registry_name,AMBIGUOUS,ambiguous_registry_name,Cairo Grand Supplies,A717
A51991,SEHA FIRST SMOUHA Main Road,733,15,,79.06976744186046,ambiguous_registry_name,AMBIGUOUS,ambiguous_registry_name,Modern Chain Distributors,A733
A51995,SEHA FIRST SMOUHA Branch 1,774,15,,79.06976744186046,ambiguous_registry_name,AMBIGUOUS,ambiguous_registry_name,Desert Bloom Suppliers,C774
A52011,PH green leaf br.2,749,17,,81.25,ambiguous_registry_name,AMBIGUOUS,ambiguous_registry_name,Karnak Medical Trading,B749
A52017,P dr medhat smouha-A,702,14,,80.0,ambiguous_registry_name,AMBIGUOUS,ambiguous_registry_name,Al-Nour Pharmaceutical Distribution,C702
A52019,Dr Medhat Smouha Station St.,706,19,,78.04878048780488,ambiguous_registry_name,AMBIGUOUS,ambiguous_registry_name,Nile Med Wholesale,A706
A52021,DR MEDHAT SMOUHA Branch 1,725,18,,78.04878048780488,ambiguous_registry_name,AMBIGUOUS,ambiguous_registry_name,White Nile Agencies,A725
A52025,PY/dr medhat smouha Station St.,770,15,,78.04878048780488,ambiguous_registry_name,AMBIGUOUS,ambiguous_registry_name,Marina Bay Trade,A770
A52026,DR MEDHAT SMOUHA Mall,770,15,,78.04878048780488,ambiguous_registry_name,AMBIGUOUS,ambiguous_registry_name,Marina Bay Trade,A770
A52027,Ph/dr medhat smouha Mall,776,15,,78.04878048780488,ambiguous_registry_name,AMBIGUOUS,ambiguous_registry_name,Seven Palms Distribution,A776
A52029,PH Better Life Smouha Branch 1,704,18,,87.5,ambiguous_registry_name,AMBIGUOUS,ambiguous_registry_name,Blue Crescent Medical Supply Co.,B704
A52030,BETTER LIFE SMOUHA,705,20,,80.0,ambiguous_registry_name,AMBIGUOUS,ambiguous_registry_name,Blue Crescent Medical Supply Co.,C705
A52033,Better Life Smouha Branch 1,734,14,,80.0,ambiguous_registry_name,AMBIGUOUS,ambiguous_registry_name,Modern Chain Distributors,B734
A52034,Ph/Bettter Life Smouha,734,14,,78.26086956521739,ambiguous_registry_name,AMBIGUOUS,ambiguous_registry_name,Modern Chain Distributors,B734
A52035,PH BETTER LIFE SMUHA,740,16,,85.1063829787234,ambiguous_registry_name,AMBIGUOUS,ambiguous_registry_name,Green Delta Enterprises,A740
A52036,PY/better life smouha Main Road,742,14,,80.0,ambiguous_registry_name,AMBIGUOUS,ambiguous_registry_name,Green Delta Enterprises,C742
A52037,Better Life Smouha,757,20,,80.0,ambiguous_registry_name,AMBIGUOUS,ambiguous_registry_name,Al Wadi Medical Providers,B757
A52050,PY/Union Pharm Oct City,708,22,,100.0,ambiguous_registry_name,AMBIGUOUS,ambiguous_registry_name,Horus Pharm Agencies,A708
A52051,UNION PHARM OCT CITY,734,15,,100.0,ambiguous_registry_name,AMBIGUOUS,ambiguous_registry_name,Modern Chain Distributors,B734
A52052,EL union pharm oct city Main Road,762,16,,93.02325581395348,ambiguous_registry_name,AMBIGUOUS,ambiguous_registry_name,Supreme Shelf Logistics,B762
A52053,PH union pharm oct city,762,16,,93.02325581395348,ambiguous_registry_name,AMBIGUOUS,ambiguous_registry_name,Supreme Shelf Logistics,B762
A52137,PY/EL BARAKA SMOUHA,744,25,,78.04878048780488,ambiguous_registry_name,AMBIGUOUS,ambiguous_registry_name,Horus Elite Logistics,B744
A52138,el baraka smouha Station St.,766,28,,78.04878048780488,ambiguous_registry_name,AMBIGUOUS,ambiguous_registry_name,Basil Corner Providers,B766
A52146,PH el hokama,720,25,,80.0,ambiguous_registry_name,AMBIGUOUS,ambiguous_registry_name,Lotus Medcare Distribution,B720
A52150,PH el hokama,763,17,,80.0,ambiguous_registry_name,AMBIGUOUS,ambiguous_registry_name,Saqqara Trade House,A763
A52166,alpha pharma smouha 6th Zone,703,18,,100.0,ambiguous_registry_name,AMBIGUOUS,ambiguous_registry_name,Blue Crescent Medical Supply Co.,A703
A52168,El-alpha pharma smouha Branch 1428,726,30,,92.6829268292683,ambiguous_registry_name,AMBIGUOUS,ambiguous_registry_name,White Nile Agencies,B726
A52169,EL Alpha Pharma Smouha,727,22,,92.6829268292683,ambiguous_registry_name,AMBIGUOUS,ambiguous_registry_name,White Nile Agencies,C727
A52170,ALPHA PHARMA SMOUHA Main Road,736,12,,100.0,ambiguous_registry_name,AMBIGUOUS,ambiguous_registry_name,United Bazaar Pharma,A736
A52171,Alpha Pharma Smouha,755,23,,100.0,ambiguous_registry_name,AMBIGUOUS,ambiguous_registry_name,October Central Supply,B755
A52172,alpha pharma smouha Main Road,755,23,,100.0,ambiguous_registry_name,AMBIGUOUS,ambiguous_registry_name,October Central Supply,B755
A52173,el ALPHA PHARMA SMOUHA Mall,756,19,,92.6829268292683,ambiguous_registry_name,AMBIGUOUS,ambiguous_registry_name,Al Wadi Medical Providers,A756
A52178,Ph/LIFE LINE SMOUHA 6th Zone,728,13,,78.04878048780488,ambiguous_registry_name,AMBIGUOUS,ambiguous_registry_name,Delta Star Medical Trade,A728
A52180,Ph/life line smouha,754,17,,78.04878048780488,ambiguous_registry_name,AMBIGUOUS,ambiguous_registry_name,October Central Supply,A754
A52193,PH misr smouha Branch 1,709,14,,82.35294117647058,ambiguous_registry_name,AMBIGUOUS,ambiguous_registry_name,Horus Pharm Agencies,B709
A52204,El Hokama Shubra Mall,708,24,,78.04878048780488,ambiguous_registry_name,AMBIGUOUS,ambiguous_registry_name,Horus Pharm Agencies,A708
A52214,Ph/Health Gate Smouha Main Road,707,14,,80.0,ambiguous_registry_name,AMBIGUOUS,ambiguous_registry_name,Tiba Distribution Group,A707
A52216,PY/HEALTH GATE SMOUHA 6th Zone,735,21,,80.0,ambiguous_registry_name,AMBIGUOUS,ambiguous_registry_name,Modern Chain Distributors,C735
A52239,Ph/Silver Care Zayed br.2,715,12,,79.06976744186046,ambiguous_registry_name,AMBIGUOUS,ambiguous_registry_name,Delta Union Agencies,B715
A52240,PH SILVER CARE ZAYED Branch 2,730,25,,86.95652173913044,ambiguous_registry_name,AMBIGUOUS,ambiguous_registry_name,Pyramid Health Supplies,A730
A52241,Silver Care Zayed,743,12,,79.06976744186046,ambiguous_registry_name,AMBIGUOUS,ambiguous_registry_name,Horus Elite Logistics,A743
A52242,Ph/Silver Care Zayed br.2,743,12,,79.06976744186046,ambiguous_registry_name,AMBIGUOUS,ambiguous_registry_name,Horus Elite Logistics,A743
A52246,el Silver Care Zayed,775,22,,78.26086956521739,ambiguous_registry_name,AMBIGUOUS,ambiguous_registry_name,Corner Stone Medical,A775
A52247,PH Silver Care Zayed-A,775,22,,83.33333333333334,ambiguous_registry_name,AMBIGUOUS,ambiguous_registry_name,Corner Stone Medical,A775
A52251,PH life line smouha Main Road,719,20,,86.36363636363636,ambiguous_registry_name,AMBIGUOUS,ambiguous_registry_name,Lotus Medcare Distribution,A719
A52254,PY/Life Line Smouha Branch 2,732,22,,78.04878048780488,ambiguous_registry_name,AMBIGUOUS,ambiguous_registry_name,Pyramid Health Supplies,C732
A52257,LIFE LINE SMOUHA,774,17,,78.04878048780488,ambiguous_registry_name,AMBIGUOUS,ambiguous_registry_name,Desert Bloom Suppliers,C774
A52264,PH dr medhat Main Road,769,21,,80.0,ambiguous_registry_name,AMBIGUOUS,ambiguous_registry_name,Ocean Front Distributors,B769
A52274,PH El Hokama br.2,776,17,,80.0,ambiguous_registry_name,AMBIGUOUS,ambiguous_registry_name,Seven Palms Distribution,A776
A52304,PH green leaf,760,19,,81.25,ambiguous_registry_name,AMBIGUOUS,ambiguous_registry_name,Two Rivers Distribution,C760
A52305,PH Green Leaf Branch 1,765,15,,81.25,ambiguous_registry_name,AMBIGUOUS,ambiguous_registry_name,Basil Corner Providers,A765
A52319,PH City Care,720,27,,80.0,ambiguous_registry_name,AMBIGUOUS,ambiguous_registry_name,Lotus Medcare Distribution,B720
A52321,PH city care Mall,736,13,,80.0,ambiguous_registry_name,AMBIGUOUS,ambiguous_registry_name,United Bazaar Pharma,A736
A52361,PH blue wave smouha 04,702,18,,80.85106382978724,ambiguous_registry_name,AMBIGUOUS,ambiguous_registry_name,Al-Nour Pharmaceutical Distribution,C702
A52363,Blue Wave mSouha,721,21,,78.04878048780488,ambiguous_registry_name,AMBIGUOUS,ambiguous_registry_name,Saraya Pharmaceutical Supply,A721
A52364,BLUE WAVE SMOUHA Branch 2,721,21,,78.04878048780488,ambiguous_registry_name,AMBIGUOUS,ambiguous_registry_name,Saraya Pharmaceutical Supply,A721
A52366,Blue Wave Smouha Branch 1,736,14,,78.04878048780488,ambiguous_registry_name,AMBIGUOUS,ambiguous_registry_name,United Bazaar Pharma,A736
A52368,PH Blue Wave Smouha 6th Zone,750,18,,86.36363636363636,ambiguous_registry_name,AMBIGUOUS,ambiguous_registry_name,Pearl Route Agencies,A750
A52390,PH pharma plus oct city 6th Zone,725,22,,93.02325581395348,ambiguous_registry_name,AMBIGUOUS,ambiguous_registry_name,White Nile Agencies,A725
A52391,PH PHARMA PLUS OCT CITY Station St.,725,22,,93.02325581395348,ambiguous_registry_name,AMBIGUOUS,ambiguous_registry_name,White Nile Agencies,A725
A52393,Pharma Plus Occt City Mall,741,19,,97.5609756097561,ambiguous_registry_name,AMBIGUOUS,ambiguous_registry_name,Green Delta Enterprises,B741
A52394,Pharma Plus Oct City Main RRoad,741,19,,78.43137254901961,ambiguous_registry_name,AMBIGUOUS,ambiguous_registry_name,Green Delta Enterprises,B741
A52396,El Faraby Faisal Main Road,720,29,,78.04878048780488,ambiguous_registry_name,AMBIGUOUS,ambiguous_registry_name,Lotus Medcare Distribution,B720
A52400,El Faraby Faisal Station St.,744,29,,78.04878048780488,ambiguous_registry_name,AMBIGUOUS,ambiguous_registry_name,Horus Elite Logistics,B744
A52421,PH mira marg Station St.,762,22,,80.0,ambiguous_registry_name,AMBIGUOUS,ambiguous_registry_name,Supreme Shelf Logistics,B762
A52438,PH Salamtek Helwan br.2,754,20,,85.71428571428572,ambiguous_registry_name,AMBIGUOUS,ambiguous_registry_name,October Central Supply,A754
A52491,PH metro montaza 6th Zone,738,20,,84.21052631578947,ambiguous_registry_name,AMBIGUOUS,ambiguous_registry_name,Sinai Bridge Trading,B738
A52503,EL Care 24 Seven,704,19,,89.65517241379311,ambiguous_registry_name,AMBIGUOUS,ambiguous_registry_name,Blue Crescent Medical Supply Co.,B704
A52504,Ph/Care 4 Seven br.2,704,19,,96.0,ambiguous_registry_name,AMBIGUOUS,ambiguous_registry_name,Blue Crescent Medical Supply Co.,B704
A52505,Care 24 even Mall,721,22,,96.0,ambiguous_registry_name,AMBIGUOUS,ambiguous_registry_name,Saraya Pharmaceutical Supply,A721
A52506,Ph/CARE 24 SEVEN br.2,774,20,,100.0,ambiguous_registry_name,AMBIGUOUS,ambiguous_registry_name,Desert Bloom Suppliers,C774
A52508,Ph/CARE 24 SEVEN 011,782,25,,86.66666666666667,ambiguous_registry_name,AMBIGUOUS,ambiguous_registry_name,Summit Crest Trading,A782
A52519,Health Gate Shubra 6th Zone,701,19,,80.0,ambiguous_registry_name,AMBIGUOUS,ambiguous_registry_name,Al-Nour Pharmaceutical Distribution,B701
A52542,El Faraby Smouha,706,24,,78.04878048780488,ambiguous_registry_name,AMBIGUOUS,ambiguous_registry_name,Nile Med Wholesale,A706
A52543,Ph/EL FARABY SMOUHA,731,20,,78.04878048780488,ambiguous_registry_name,AMBIGUOUS,ambiguous_registry_name,Pyramid Health Supplies,B731
A52545,el faraby smouha,759,17,,78.04878048780488,ambiguous_registry_name,AMBIGUOUS,ambiguous_registry_name,Two Rivers Distribution,B759
A52546,Ph/EL FARABY SMOUHA,759,17,,78.04878048780488,ambiguous_registry_name,AMBIGUOUS,ambiguous_registry_name,Two Rivers Distribution,B759
A52563,PH Metro Smouha Branch 2,721,25,,83.33333333333334,ambiguous_registry_name,AMBIGUOUS,ambiguous_registry_name,Saraya Pharmaceutical Supply,A721
A52575,PH dr medhat smouha Branch 2,724,15,,86.36363636363636,ambiguous_registry_name,AMBIGUOUS,ambiguous_registry_name,Ramses Wholesale Partners,B724
A52576,Dr Medhat Smouha Mall,724,15,,78.04878048780488,ambiguous_registry_name,AMBIGUOUS,ambiguous_registry_name,Ramses Wholesale Partners,B724
A52578,PY/dr medhat smouha Station St.,739,25,,78.04878048780488,ambiguous_registry_name,AMBIGUOUS,ambiguous_registry_name,Sinai Bridge Trading,C739
A52580,PH DR MEDHAT SMOUHA,744,31,,86.36363636363636,ambiguous_registry_name,AMBIGUOUS,ambiguous_registry_name,Horus Elite Logistics,B744
A52589,PH golden care,728,17,,82.35294117647058,ambiguous_registry_name,AMBIGUOUS,ambiguous_registry_name,Delta Star Medical Trade,A728
A52608,PH nile care montaza (2),741,20,,83.33333333333334,ambiguous_registry_name,AMBIGUOUS,ambiguous_registry_name,Green Delta Enterprises,B741
A52622,PH MIRA SMOUHA 6th Zone,716,17,,82.35294117647058,ambiguous_registry_name,AMBIGUOUS,ambiguous_registry_name,Delta Union Agencies,C716
A52624,PH Mira Smouha Branch 2,739,27,,82.35294117647058,ambiguous_registry_name,AMBIGUOUS,ambiguous_registry_name,Sinai Bridge Trading,C739
A52625,PH health gate Station St.,702,21,,82.35294117647058,ambiguous_registry_name,AMBIGUOUS,ambiguous_registry_name,Al-Nour Pharmaceutical Distribution,C702
A52643,Alpha Pharma Smouha 6th Zone,720,31,,100.0,ambiguous_registry_name,AMBIGUOUS,ambiguous_registry_name,Lotus Medcare Distribution,B720
A52644,EL Alpha Pharma Smouha 04,741,21,,86.36363636363636,ambiguous_registry_name,AMBIGUOUS,ambiguous_registry_name,Green Delta Enterprises,B741
A52645,PY/ALPHA PHARMA SMOUHA Mall,748,26,,100.0,ambiguous_registry_name,AMBIGUOUS,ambiguous_registry_name,Karnak Medical Trading,A748
A52646,EL Alpha hParma Smouha,748,26,,87.8048780487805,ambiguous_registry_name,AMBIGUOUS,ambiguous_registry_name,Karnak Medical Trading,A748
A52647,PY/Alpha Pharma Smouha br.2,749,24,,100.0,ambiguous_registry_name,AMBIGUOUS,ambiguous_registry_name,Karnak Medical Trading,B749
A52648,Ph/Alpha Pharma Smouha 011,749,24,,90.47619047619048,ambiguous_registry_name,AMBIGUOUS,ambiguous_registry_name,Karnak Medical Trading,B749
A52654,PY/alpha pharma dokki Mall,731,21,,100.0,ambiguous_registry_name,AMBIGUOUS,ambiguous_registry_name,Pyramid Health Supplies,B731
A52655,El-ALPHA PHARMA DOKKI br.2,732,28,,92.3076923076923,ambiguous_registry_name,AMBIGUOUS,ambiguous_registry_name,Pyramid Health Supplies,C732
A52656,el ALPHA PHARMA DOKKI,732,28,,92.3076923076923,ambiguous_registry_name,AMBIGUOUS,ambiguous_registry_name,Pyramid Health Supplies,C732
A52657,ALPHA PHHARMA DOKKI Station St.873,736,16,,87.8048780487805,ambiguous_registry_name,AMBIGUOUS,ambiguous_registry_name,United Bazaar Pharma,A736
A52659,El-ALPHA PHARMA DOKKI,780,20,,92.3076923076923,ambiguous_registry_name,AMBIGUOUS,ambiguous_registry_name,Alex Marine Providers,A780
A52660,alpha pharma dokki br.2,780,20,,100.0,ambiguous_registry_name,AMBIGUOUS,ambiguous_registry_name,Alex Marine Providers,A780
A52666,PH AL NOZHA Mall,732,29,,78.57142857142857,ambiguous_registry_name,AMBIGUOUS,ambiguous_registry_name,Pyramid Health Supplies,C732
A52721,life line smouha,729,19,,78.04878048780488,ambiguous_registry_name,AMBIGUOUS,ambiguous_registry_name,Delta Star Medical Trade,B729
A52723,Life Line Smouha Station St.,730,34,,78.04878048780488,ambiguous_registry_name,AMBIGUOUS,ambiguous_registry_name,Pyramid Health Supplies,A730
A52724,PH Life Line Smouha Branch 2,730,34,,86.36363636363636,ambiguous_registry_name,AMBIGUOUS,ambiguous_registry_name,Pyramid Health Supplies,A730
A52725,PY/Life Line Smouha Station St.,747,15,,78.04878048780488,ambiguous_registry_name,AMBIGUOUS,ambiguous_registry_name,Southern Cross Pharma,C747
A52730,Seha First Shubra Branch 2,723,22,,79.06976744186046,ambiguous_registry_name,AMBIGUOUS,ambiguous_registry_name,Ramses Wholesale Partners,A723
A52733,Seha First Shubra 6th Zone,737,23,,79.06976744186046,ambiguous_registry_name,AMBIGUOUS,ambiguous_registry_name,Sinai Bridge Trading,A737
A52734,Ph/Seha First Shubra Branch 1,737,23,,79.06976744186046,ambiguous_registry_name,AMBIGUOUS,ambiguous_registry_name,Sinai Bridge Trading,A737
A52736,PH seha first shubraa (2),781,24,,81.63265306122449,ambiguous_registry_name,AMBIGUOUS,ambiguous_registry_name,Alex Marine Providers,B781
A52748,El Hokama Smouha,747,16,,78.04878048780488,ambiguous_registry_name,AMBIGUOUS,ambiguous_registry_name,Southern Cross Pharma,C747
A52749,Ph/el hokama smouha Branch 2,747,16,,78.04878048780488,ambiguous_registry_name,AMBIGUOUS,ambiguous_registry_name,Southern Cross Pharma,C747
A52752,el hokama smouha Main Road,773,18,,78.04878048780488,ambiguous_registry_name,AMBIGUOUS,ambiguous_registry_name,Desert Bloom Suppliers,B773
A52753,PY/EL HOKAMA SMOUHA Main Road,773,18,,78.04878048780488,ambiguous_registry_name,AMBIGUOUS,ambiguous_registry_name,Desert Bloom Suppliers,B773
A52760,Ph/SILVER CARE SMOUHA,728,19,,80.0,ambiguous_registry_name,AMBIGUOUS,ambiguous_registry_name,Delta Star Medical Trade,A728
A52764,Silver Care Smouha Maiin Road,732,30,,78.57142857142857,ambiguous_registry_name,AMBIGUOUS,ambiguous_registry_name,Pyramid Health Supplies,C732
A52765,SILVER CARE SMOUHA Branch 2,738,22,,80.0,ambiguous_registry_name,AMBIGUOUS,ambiguous_registry_name,Sinai Bridge Trading,B738
A52766,PH SILVER CARE SMOUHA 6th Zone,757,25,,87.5,ambiguous_registry_name,AMBIGUOUS,ambiguous_registry_name,Al Wadi Medical Providers,B757
A52777,PH Star Care Oct City,700,26,,87.5,ambiguous_registry_name,AMBIGUOUS,ambiguous_registry_name,Al-Nour Pharmaceutical Distribution,A700
A52779,STAR CARE OCT CITY br.2,701,21,,80.0,ambiguous_registry_name,AMBIGUOUS,ambiguous_registry_name,Al-Nour Pharmaceutical Distribution,B701
A52780,PH star care oct city Branch 1,708,30,,87.5,ambiguous_registry_name,AMBIGUOUS,ambiguous_registry_name,Horus Pharm Agencies,A708
A52782,PH Star Care Oct City,713,18,,87.5,ambiguous_registry_name,AMBIGUOUS,ambiguous_registry_name,El-Masria Trading Co.,C713
A52783,PH star care oct city Main Road,750,22,,87.5,ambiguous_registry_name,AMBIGUOUS,ambiguous_registry_name,Pearl Route Agencies,A750
A52784,Ph/UNION PHARM OCT CITY 011,709,22,,90.9090909090909,ambiguous_registry_name,AMBIGUOUS,ambiguous_registry_name,Horus Pharm Agencies,B709
A52785,PY/Union Pharm Oct City,713,19,,100.0,ambiguous_registry_name,AMBIGUOUS,ambiguous_registry_name,El-Masria Trading Co.,C713
A52786,UNION PHARM OCT CITY Branch 1,713,19,,100.0,ambiguous_registry_name,AMBIGUOUS,ambiguous_registry_name,El-Masria Trading Co.,C713
A52787,el Union Pharm Oct City,726,35,,93.02325581395348,ambiguous_registry_name,AMBIGUOUS,ambiguous_registry_name,White Nile Agencies,B726
A52788,EL Union Pharm Oct City 6th one,729,21,,78.43137254901961,ambiguous_registry_name,AMBIGUOUS,ambiguous_registry_name,Delta Star Medical Trade,B729
A52789,PH Union Phar mOct City Mall,729,21,,88.37209302325581,ambiguous_registry_name,AMBIGUOUS,ambiguous_registry_name,Delta Star Medical Trade,B729
A52790,PY/union pharm oct city 04,730,36,,93.02325581395348,ambiguous_registry_name,AMBIGUOUS,ambiguous_registry_name,Pyramid Health Supplies,A730
A52791,El-UNION PHARM OCT CITY Station St.,730,36,,93.02325581395348,ambiguous_registry_name,AMBIGUOUS,ambiguous_registry_name,Pyramid Health Supplies,A730
A52804,PH El Zahraa Nozha br.2,708,31,,85.71428571428572,ambiguous_registry_name,AMBIGUOUS,ambiguous_registry_name,Horus Pharm Agencies,A708
A52834,PH City Care,776,20,,80.0,ambiguous_registry_name,AMBIGUOUS,ambiguous_registry_name,Seven Palms Distribution,A776
A52837,Better Life Smouha br.2,710,27,,80.0,ambiguous_registry_name,AMBIGUOUS,ambiguous_registry_name,Horus Pharm Agencies,C710
A52841,PH BETTER LIFE SMOUHA Main Road,732,32,,87.5,ambiguous_registry_name,AMBIGUOUS,ambiguous_registry_name,Pyramid Health Supplies,C732
A52842,Better Life Smouha br.2559,769,24,,80.0,ambiguous_registry_name,AMBIGUOUS,ambiguous_registry_name,Ocean Front Distributors,B769
A52846,Ph/SEHA FIRST SMOUHA Branch 1,736,17,,79.06976744186046,ambiguous_registry_name,AMBIGUOUS,ambiguous_registry_name,United Bazaar Pharma,A736
A52848,Ph/seha first smouha,751,20,,79.06976744186046,ambiguous_registry_name,AMBIGUOUS,ambiguous_registry_name,Falcon Wholesale Co.,A751
A52855,PH Omega Smouha-A,725,28,,78.94736842105263,ambiguous_registry_name,AMBIGUOUS,ambiguous_registry_name,White Nile Agencies,A725
A52864,PH Nile Care Smouha-A,731,24,,82.6086956521739,ambiguous_registry_name,AMBIGUOUS,ambiguous_registry_name,Pyramid Health Supplies,B731
A52865,PY/Nile Care Smouha Branch 2,732,33,,78.04878048780488,ambiguous_registry_name,AMBIGUOUS,ambiguous_registry_name,Pyramid Health Supplies,C732
A52866,NILE CARE SMOUHA Mall,732,33,,78.04878048780488,ambiguous_registry_name,AMBIGUOUS,ambiguous_registry_name,Pyramid Health Supplies,C732
A52867,Nile Care Smouha Branch 2,740,24,,78.04878048780488,ambiguous_registry_name,AMBIGUOUS,ambiguous_registry_name,Green Delta Enterprises,A740
A52869,PY/nile care smouha Station St.,774,22,,78.04878048780488,ambiguous_registry_name,AMBIGUOUS,ambiguous_registry_name,Desert Bloom Suppliers,C774
A52871,PH NILE CARE OBOUR 04,725,29,,80.0,ambiguous_registry_name,AMBIGUOUS,ambiguous_registry_name,White Nile Agencies,A725
A52906,PH Blue Wave Branch 1,753,23,,80.0,ambiguous_registry_name,AMBIGUOUS,ambiguous_registry_name,Falcon Wholesale Co.,C753
A52910,Alpha Pharma Square br.2,706,28,,100.0,ambiguous_registry_name,AMBIGUOUS,ambiguous_registry_name,Nile Med Wholesale,A706
A52911,el lpha pharma square Mall,706,28,,90.0,ambiguous_registry_name,AMBIGUOUS,ambiguous_registry_name,Nile Med Wholesale,A706
A52912,Alpha Pharma Square Station St.,708,32,,100.0,ambiguous_registry_name,AMBIGUOUS,ambiguous_registry_name,Horus Pharm Agencies,A708
A52913,Ph/alpha pharma square,708,32,,100.0,ambiguous_registry_name,AMBIGUOUS,ambiguous_registry_name,Horus Pharm Agencies,A708
A52914,PH Alpha Pharma Square Station St.,726,37,,92.6829268292683,ambiguous_registry_name,AMBIGUOUS,ambiguous_registry_name,White Nile Agencies,B726
A52915,El-ALPHA PHARMA SQURE 6th Zone,726,37,,90.0,ambiguous_registry_name,AMBIGUOUS,ambiguous_registry_name,White Nile Agencies,B726
A52916,Ph/ALPHA PHARMA SQUARE br.2,736,18,,100.0,ambiguous_registry_name,AMBIGUOUS,ambiguous_registry_name,United Bazaar Pharma,A736
A52917,el Alpha Pharma Square 011,762,27,,84.44444444444444,ambiguous_registry_name,AMBIGUOUS,ambiguous_registry_name,Supreme Shelf Logistics,B762
A52918,el ALPHA PHARMA SUARE Mall,766,32,,90.0,ambiguous_registry_name,AMBIGUOUS,ambiguous_registry_name,Basil Corner Providers,B766
A52919,PH alpha pharma square 04,766,32,,86.36363636363636,ambiguous_registry_name,AMBIGUOUS,ambiguous_registry_name,Basil Corner Providers,B766
A52920,El-ALPHA PHARMA SQUARE442,780,24,,86.36363636363636,ambiguous_registry_name,AMBIGUOUS,ambiguous_registry_name,Alex Marine Providers,A780
A52921,ALPHA PHARMA SQUARE Mall,780,24,,100.0,ambiguous_registry_name,AMBIGUOUS,ambiguous_registry_name,Alex Marine Providers,A780
A52941,PH El Nasr Obour br.2,743,15,,84.21052631578947,ambiguous_registry_name,AMBIGUOUS,ambiguous_registry_name,Horus Elite Logistics,A743
A52946,SILVER CARE DOKKI,705,28,,79.06976744186046,ambiguous_registry_name,AMBIGUOUS,ambiguous_registry_name,Blue Crescent Medical Supply Co.,C705
A52947,PY/silver care dokki,705,28,,79.06976744186046,ambiguous_registry_name,AMBIGUOUS,ambiguous_registry_name,Blue Crescent Medical Supply Co.,C705
A52950,PY/Silver Care Dokki,737,26,,79.06976744186046,ambiguous_registry_name,AMBIGUOUS,ambiguous_registry_name,Sinai Bridge Trading,A737
A52952,EL Silver Care Dokki Main Road,749,26,,78.26086956521739,ambiguous_registry_name,AMBIGUOUS,ambiguous_registry_name,Karnak Medical Trading,B749
A52953,Silver Care Dokki 6th Zone,756,27,,79.06976744186046,ambiguous_registry_name,AMBIGUOUS,ambiguous_registry_name,Al Wadi Medical Providers,A756
A52966,PH SUNRISE OCT CITY Branch 2,765,21,,86.36363636363636,ambiguous_registry_name,AMBIGUOUS,ambiguous_registry_name,Basil Corner Providers,A765
A52968,PH SUNRISE OCT CITY Mall,773,20,,86.36363636363636,ambiguous_registry_name,AMBIGUOUS,ambiguous_registry_name,Desert Bloom Suppliers,B773
A52977,PH Dr Medhat Branch 1,769,25,,80.0,ambiguous_registry_name,AMBIGUOUS,ambiguous_registry_name,Ocean Front Distributors,B769
A52983,PH EL BARAKA OBOUR Branch 2,724,18,,85.71428571428572,ambiguous_registry_name,AMBIGUOUS,ambiguous_registry_name,Ramses Wholesale Partners,B724
A52986,PH El Baraka Obour Branch 2,765,22,,85.71428571428572,ambiguous_registry_name,AMBIGUOUS,ambiguous_registry_name,Basil Corner Providers,A765
A52990,PH Golden Care Smouha,735,26,,87.5,ambiguous_registry_name,AMBIGUOUS,ambiguous_registry_name,Modern Chain Distributors,C735
A52992,GOLDEN CARE SMOUHA,736,20,,80.0,ambiguous_registry_name,AMBIGUOUS,ambiguous_registry_name,United Bazaar Pharma,A736
A52993,Ph/golden care smouha Branch 2,736,20,,80.0,ambiguous_registry_name,AMBIGUOUS,ambiguous_registry_name,United Bazaar Pharma,A736
A52996,PH golden care smouha Station St.,772,28,,87.5,ambiguous_registry_name,AMBIGUOUS,ambiguous_registry_name,Desert Bloom Suppliers,A772
A52998,PH Alpha Pharma Smouha 6th Zone,740,26,,92.6829268292683,ambiguous_registry_name,AMBIGUOUS,ambiguous_registry_name,Green Delta Enterprises,A740
A52999,PY/Alpha Pharma Smouha-A,740,26,,95.0,ambiguous_registry_name,AMBIGUOUS,ambiguous_registry_name,Green Delta Enterprises,A740
A53000,El-ALPHA PHARMA SMOUHA,747,18,,92.6829268292683,ambiguous_registry_name,AMBIGUOUS,ambiguous_registry_name,Southern Cross Pharma,C747
A53001,Alpha Pharma Smouha,771,26,,100.0,ambiguous_registry_name,AMBIGUOUS,ambiguous_registry_name,Marina Bay Trade,B771
A53012,Star Care Smouha Station St.,742,21,,78.04878048780488,ambiguous_registry_name,AMBIGUOUS,ambiguous_registry_name,Green Delta Enterprises,C742
A53013,star care smouha Branch 2,742,21,,78.04878048780488,ambiguous_registry_name,AMBIGUOUS,ambiguous_registry_name,Green Delta Enterprises,C742
A53017,PH Star Care Smouha 6th Zone,776,21,,86.36363636363636,ambiguous_registry_name,AMBIGUOUS,ambiguous_registry_name,Seven Palms Distribution,A776
A53026,PY/health gate helwan Main Road,742,22,,80.0,ambiguous_registry_name,AMBIGUOUS,ambiguous_registry_name,Green Delta Enterprises,C742
A53040,PH Dr Medhat Montaza Branch 2,700,29,,86.95652173913044,ambiguous_registry_name,AMBIGUOUS,ambiguous_registry_name,Al-Nour Pharmaceutical Distribution,A700
A53044,dr medhat montaza Station St.,735,27,,79.06976744186046,ambiguous_registry_name,AMBIGUOUS,ambiguous_registry_name,Modern Chain Distributors,C735
A53045,Ph/Dr Medhat Montaza Branch 2,740,28,,79.06976744186046,ambiguous_registry_name,AMBIGUOUS,ambiguous_registry_name,Green Delta Enterprises,A740
A53049,PY/Dr Medhat Montaza 6th Zone,763,21,,79.06976744186046,ambiguous_registry_name,AMBIGUOUS,ambiguous_registry_name,Saqqara Trade House,A763
A53064,PH Angel Smouha Branch 1,706,30,,83.33333333333334,ambiguous_registry_name,AMBIGUOUS,ambiguous_registry_name,Nile Med Wholesale,A706
A53066,PH ANGEL SMOUHA,750,25,,83.33333333333334,ambiguous_registry_name,AMBIGUOUS,ambiguous_registry_name,Pearl Route Agencies,A750
A53068,PH EL SHIFA SMOUHA 011,722,25,,78.26086956521739,ambiguous_registry_name,AMBIGUOUS,ambiguous_registry_name,Saraya Pharmaceutical Supply,B722
A53074,PH el shifa smouha,775,26,,85.71428571428572,ambiguous_registry_name,AMBIGUOUS,ambiguous_registry_name,Corner Stone Medical,A775
A53089,Union Pharm Smouha,714,24,,100.0,ambiguous_registry_name,AMBIGUOUS,ambiguous_registry_name,Delta Union Agencies,A714
A53090,el Union Pharm Smouha Mall,733,18,,92.3076923076923,ambiguous_registry_name,AMBIGUOUS,ambiguous_registry_name,Modern Chain Distributors,A733
A53091,el nion Pharm Smouha Station St.,735,28,,79.06976744186046,ambiguous_registry_name,AMBIGUOUS,ambiguous_registry_name,Modern Chain Distributors,C735
A53092,Union Pharm Smouha 6th Zone,735,28,,100.0,ambiguous_registry_name,AMBIGUOUS,ambiguous_registry_name,Modern Chain Distributors,C735
A53095,PH Better Life Smouha530,742,23,,82.35294117647058,ambiguous_registry_name,AMBIGUOUS,ambiguous_registry_name,Green Delta Enterprises,C742
A53096,better life smouha Station St.,742,23,,80.0,ambiguous_registry_name,AMBIGUOUS,ambiguous_registry_name,Green Delta Enterprises,C742
A53097,PH better life smouha br.2,743,16,,87.5,ambiguous_registry_name,AMBIGUOUS,ambiguous_registry_name,Horus Elite Logistics,A743
A53098,Better Life Smouha Branch 2,753,24,,80.0,ambiguous_registry_name,AMBIGUOUS,ambiguous_registry_name,Falcon Wholesale Co.,C753
A53101,Better Life Smouha Station St.,769,27,,80.0,ambiguous_registry_name,AMBIGUOUS,ambiguous_registry_name,Ocean Front Distributors,B769
A53102,PH Better Life Smouha Branch 1,769,27,,87.5,ambiguous_registry_name,AMBIGUOUS,ambiguous_registry_name,Ocean Front Distributors,B769
A53103,PH BETTER LIFE SMOUHA 6th Zone,770,28,,87.5,ambiguous_registry_name,AMBIGUOUS,ambiguous_registry_name,Marina Bay Trade,A770
A53104,Ph/BETTER LIFE SMOUHA Mall,770,28,,80.0,ambiguous_registry_name,AMBIGUOUS,ambiguous_registry_name,Marina Bay Trade,A770
A53105,Ph/BETTER LIFE SMOUHA,773,24,,80.0,ambiguous_registry_name,AMBIGUOUS,ambiguous_registry_name,Desert Bloom Suppliers,B773
A53107,Elite Haram Mall,710,30,,80.0,ambiguous_registry_name,AMBIGUOUS,ambiguous_registry_name,Horus Pharm Agencies,C710
A53112,Elite Haram,727,26,,80.0,ambiguous_registry_name,AMBIGUOUS,ambiguous_registry_name,White Nile Agencies,C727
A53113,ELITE HARAM Branch 2,734,24,,80.0,ambiguous_registry_name,AMBIGUOUS,ambiguous_registry_name,Modern Chain Distributors,B734
A53115,Elite Haram,751,23,,80.0,ambiguous_registry_name,AMBIGUOUS,ambiguous_registry_name,Falcon Wholesale Co.,A751
A53116,Ph/ELITE HARAM 6th Zone,751,23,,80.0,ambiguous_registry_name,AMBIGUOUS,ambiguous_registry_name,Falcon Wholesale Co.,A751
A53117,PYY/ELITE HARAM Mall,755,31,,80.0,ambiguous_registry_name,AMBIGUOUS,ambiguous_registry_name,October Central Supply,B755
A53132,EL ZAHRAA MONTAZA,737,28,,79.06976744186046,ambiguous_registry_name,AMBIGUOUS,ambiguous_registry_name,Sinai Bridge Trading,A737
A53135,PY/el zahraa montaza Branch 2,767,26,,79.06976744186046,ambiguous_registry_name,AMBIGUOUS,ambiguous_registry_name,Khufu Line Agencies,A767
A53138,PH EL NASR SQUARE,703,27,,85.0,ambiguous_registry_name,AMBIGUOUS,ambiguous_registry_name,Blue Crescent Medical Supply Co.,A703
A53165,ELL Pharma Plus Branch 1,700,30,,84.84848484848484,ambiguous_registry_name,AMBIGUOUS,ambiguous_registry_name,Al-Nour Pharmaceutical Distribution,A700
A53167,Ph/pharma plus,720,37,,100.0,ambiguous_registry_name,AMBIGUOUS,ambiguous_registry_name,Lotus Medcare Distribution,B720
A53168,Ph/pharma plus,720,37,,100.0,ambiguous_registry_name,AMBIGUOUS,ambiguous_registry_name,Lotus Medcare Distribution,B720
A53171,Ph/pharma plus Mall,745,22,,100.0,ambiguous_registry_name,AMBIGUOUS,ambiguous_registry_name,Southern Cross Pharma,A745
A53172,PHARMA PLUS 04,754,24,,88.0,ambiguous_registry_name,AMBIGUOUS,ambiguous_registry_name,October Central Supply,A754
A53173,Pharma Plus,754,24,,100.0,ambiguous_registry_name,AMBIGUOUS,ambiguous_registry_name,October Central Supply,A754
A53174,Pharma Plus br.2,760,27,,100.0,ambiguous_registry_name,AMBIGUOUS,ambiguous_registry_name,Two Rivers Distribution,C760
A53176,El Tourath Rehab View 6th Zone,734,27,,82.35294117647058,ambiguous_registry_name,AMBIGUOUS,ambiguous_registry_name,Modern Chain Distributors,B734
A53177,El Tourath Rehab View-A,734,27,,79.24528301886792,ambiguous_registry_name,AMBIGUOUS,ambiguous_registry_name,Modern Chain Distributors,B734
A53178,EL el touurath rehab view,745,23,,80.0,ambiguous_registry_name,AMBIGUOUS,ambiguous_registry_name,Southern Cross Pharma,A745
A53179,EL TOURATH REHAB VIEW (2),745,23,,79.24528301886792,ambiguous_registry_name,AMBIGUOUS,ambiguous_registry_name,Southern Cross Pharma,A745
A53189,PH el shifa smouha Branch 1,756,29,,85.71428571428572,ambiguous_registry_name,AMBIGUOUS,ambiguous_registry_name,Al Wadi Medical Providers,A756
A53191,PH El Shifa Smouha,766,33,,85.71428571428572,ambiguous_registry_name,AMBIGUOUS,ambiguous_registry_name,Basil Corner Providers,B766
A53201,PH Ebn Sina Smouha Main Road,762,29,,85.71428571428572,ambiguous_registry_name,AMBIGUOUS,ambiguous_registry_name,Supreme Shelf Logistics,B762
A53205,PY/Blue Wave Smouha Main Road,748,33,,78.04878048780488,ambiguous_registry_name,AMBIGUOUS,ambiguous_registry_name,Karnak Medical Trading,A748
A53208,PH blue wave smouha br.2,760,28,,86.36363636363636,ambiguous_registry_name,AMBIGUOUS,ambiguous_registry_name,Two Rivers Distribution,C760
A53213,el zahraa smouha,728,25,,78.04878048780488,ambiguous_registry_name,AMBIGUOUS,ambiguous_registry_name,Delta Star Medical Trade,A728
A53214,PH EL ZAHRAA SMOUHA Branch 1,738,26,,86.36363636363636,ambiguous_registry_name,AMBIGUOUS,ambiguous_registry_name,Sinai Bridge Trading,B738
A53246,PH hope smouha br.2133,762,32,,82.35294117647058,ambiguous_registry_name,AMBIGUOUS,ambiguous_registry_name,Supreme Shelf Logistics,B762
A53247,PH HOPE SMOUHA Branch 1,762,32,,82.35294117647058,ambiguous_registry_name,AMBIGUOUS,ambiguous_registry_name,Supreme Shelf Logistics,B762
A53251,Health Gate Smouha Branch 1,722,27,,80.0,ambiguous_registry_name,AMBIGUOUS,ambiguous_registry_name,Saraya Pharmaceutical Supply,B722
A53267,PH EL HOKAMA Station St.,750,26,,80.0,ambiguous_registry_name,AMBIGUOUS,ambiguous_registry_name,Pearl Route Agencies,A750
A53304,PH El Shifa Agami-A,779,31,,80.95238095238095,ambiguous_registry_name,AMBIGUOUS,ambiguous_registry_name,Iron Gate Wholesale,A779
A53306,PY/el baraka square Main Road,717,22,,78.04878048780488,ambiguous_registry_name,AMBIGUOUS,ambiguous_registry_name,Cairo Grand Supplies,A717
A53310,El Baraka Square Main Road,756,33,,78.04878048780488,ambiguous_registry_name,AMBIGUOUS,ambiguous_registry_name,Al Wadi Medical Providers,A756
A53311,PH EL BARAKA SQUARE,769,28,,86.36363636363636,ambiguous_registry_name,AMBIGUOUS,ambiguous_registry_name,Ocean Front Distributors,B769
A53320,PH Blue Wave,701,24,,80.0,ambiguous_registry_name,AMBIGUOUS,ambiguous_registry_name,Al-Nour Pharmaceutical Distribution,B701
A53331,PH SEHA FIRST Branch 2,708,34,,81.25,ambiguous_registry_name,AMBIGUOUS,ambiguous_registry_name,Horus Pharm Agencies,A708
A53343,PH CITY CARE OBOUR Branch 2931,766,34,,85.71428571428572,ambiguous_registry_name,AMBIGUOUS,ambiguous_registry_name,Basil Corner Providers,B766
A53348,El Tourath Smouha Mall,723,27,,82.92682926829268,ambiguous_registry_name,AMBIGUOUS,ambiguous_registry_name,Ramses Wholesale Partners,A723
A53351,PH EL TOURATH SMOUHA,727,31,,90.9090909090909,ambiguous_registry_name,AMBIGUOUS,ambiguous_registry_name,White Nile Agencies,C727
A53352,el El Tourath Smouha Mall,767,29,,81.81818181818181,ambiguous_registry_name,AMBIGUOUS,ambiguous_registry_name,Khufu Line Agencies,A767
A53353,El Tourath Smouha Branch 1,767,29,,82.92682926829268,ambiguous_registry_name,AMBIGUOUS,ambiguous_registry_name,Khufu Line Agencies,A767
A53354,PY/EL TOURATH SMOUHA,773,29,,82.92682926829268,ambiguous_registry_name,AMBIGUOUS,ambiguous_registry_name,Desert Bloom Suppliers,B773
A53356,PH EL TOURATH SMOUHA Branch 2,777,26,,90.9090909090909,ambiguous_registry_name,AMBIGUOUS,ambiguous_registry_name,Seven Palms Distribution,B777
A53368,PH angel smouha Branch 2404,712,27,,83.33333333333334,ambiguous_registry_name,AMBIGUOUS,ambiguous_registry_name,El-Masria Trading Co.,B712
A53383,Care 24 Seven 011,713,24,,86.66666666666667,ambiguous_registry_name,AMBIGUOUS,ambiguous_registry_name,El-Masria Trading Co.,C713
A53384,PH care 24 seven 04,713,24,,81.25,ambiguous_registry_name,AMBIGUOUS,ambiguous_registry_name,El-Masria Trading Co.,C713
A53385,EL care 24 seven (2),727,32,,84.21052631578947,ambiguous_registry_name,AMBIGUOUS,ambiguous_registry_name,White Nile Agencies,C727
A53386,El-CARE 24 SEVEN br.2584,729,28,,89.65517241379311,ambiguous_registry_name,AMBIGUOUS,ambiguous_registry_name,Delta Star Medical Trade,B729
A53387,PH care 24 seven Station St.,751,25,,89.65517241379311,ambiguous_registry_name,AMBIGUOUS,ambiguous_registry_name,Falcon Wholesale Co.,A751
A53388,Care 24 Seven-A,751,25,,92.85714285714286,ambiguous_registry_name,AMBIGUOUS,ambiguous_registry_name,Falcon Wholesale Co.,A751
A53389,CARE 24 SEVEN Mall,762,33,,100.0,ambiguous_registry_name,AMBIGUOUS,ambiguous_registry_name,Supreme Shelf Logistics,B762
A53390,care 24 seven Branch 2,762,33,,100.0,ambiguous_registry_name,AMBIGUOUS,ambiguous_registry_name,Supreme Shelf Logistics,B762
A53391,Ph/Care 24 Seven Mall634,767,30,,82.05128205128204,ambiguous_registry_name,AMBIGUOUS,ambiguous_registry_name,Khufu Line Agencies,A767
A53394,Ph/CARE 24 SEVEN (2),770,31,,92.85714285714286,ambiguous_registry_name,AMBIGUOUS,ambiguous_registry_name,Marina Bay Trade,A770
A53395,El-Care 24 Seven Station St.,777,28,,89.65517241379311,ambiguous_registry_name,AMBIGUOUS,ambiguous_registry_name,Seven Palms Distribution,B777
A53396,el Care 24 Seven br.2,777,28,,89.65517241379311,ambiguous_registry_name,AMBIGUOUS,ambiguous_registry_name,Seven Palms Distribution,B777
A53407,PH OMEA OCT CITY,777,29,,82.05128205128204,ambiguous_registry_name,AMBIGUOUS,ambiguous_registry_name,Seven Palms Distribution,B777
A53428,GREEN LEAF SMOUHA 6th Zone,756,34,,79.06976744186046,ambiguous_registry_name,AMBIGUOUS,ambiguous_registry_name,Al Wadi Medical Providers,A756
A53429,GREEN LEAF SMOUHA Branch 1,768,27,,79.06976744186046,ambiguous_registry_name,AMBIGUOUS,ambiguous_registry_name,Ocean Front Distributors,A768
A53435,PH LIFE LINE 6th Zone,742,26,,80.0,ambiguous_registry_name,AMBIGUOUS,ambiguous_registry_name,Green Delta Enterprises,C742
A53482,el Alpha Pharma Smouha 04174,719,25,,80.85106382978724,ambiguous_registry_name,AMBIGUOUS,ambiguous_registry_name,Lotus Medcare Distribution,A719
A53483,PY/alpha phaarma smouha Main Road,719,25,,97.43589743589743,ambiguous_registry_name,AMBIGUOUS,ambiguous_registry_name,Lotus Medcare Distribution,A719
A53484,ell alpha pharma smouha,747,23,,90.47619047619048,ambiguous_registry_name,AMBIGUOUS,ambiguous_registry_name,Southern Cross Pharma,C747
A53485,el Alpha Pharma Smouha Station St.,747,23,,92.6829268292683,ambiguous_registry_name,AMBIGUOUS,ambiguous_registry_name,Southern Cross Pharma,C747
A53486,El-alpha pharma smouha 04,760,32,,86.36363636363636,ambiguous_registry_name,AMBIGUOUS,ambiguous_registry_name,Two Rivers Distribution,C760
A53487,PH Alpha Pharma Smouha Branch 1660,770,32,,92.6829268292683,ambiguous_registry_name,AMBIGUOUS,ambiguous_registry_name,Marina Bay Trade,A770
A53492,PH ANGEL FAISAL Main Road,755,32,,83.33333333333334,ambiguous_registry_name,AMBIGUOUS,ambiguous_registry_name,October Central Supply,B755
A53506,el Alpha Pharma Smouha,744,36,,92.6829268292683,ambiguous_registry_name,AMBIGUOUS,ambiguous_registry_name,Horus Elite Logistics,B744
A53507,EL ALPHA PHARMA SMOUHA,776,28,,92.6829268292683,ambiguous_registry_name,AMBIGUOUS,ambiguous_registry_name,Seven Palms Distribution,A776
A53508,PH Alpha Pharma Smouha,776,28,,92.6829268292683,ambiguous_registry_name,AMBIGUOUS,ambiguous_registry_name,Seven Palms Distribution,A776
A53509,El-alpha pharma smouha Mall,779,32,,92.6829268292683,ambiguous_registry_name,AMBIGUOUS,ambiguous_registry_name,Iron Gate Wholesale,A779
A53510,alpha pharma smouha,779,32,,100.0,ambiguous_registry_name,AMBIGUOUS,ambiguous_registry_name,Iron Gate Wholesale,A779
A53512,el care 24 seven 011,705,30,,80.0,ambiguous_registry_name,AMBIGUOUS,ambiguous_registry_name,Blue Crescent Medical Supply Co.,C705
A53513,Care 24 Seven 011,705,30,,86.66666666666667,ambiguous_registry_name,AMBIGUOUS,ambiguous_registry_name,Blue Crescent Medical Supply Co.,C705
A53515,EL CAE 24 SEVEN Branch 1,710,32,,85.71428571428572,ambiguous_registry_name,AMBIGUOUS,ambiguous_registry_name,Horus Pharm Agencies,C710
A53517,Care 24 Seven Mall215,712,28,,82.05128205128204,ambiguous_registry_name,AMBIGUOUS,ambiguous_registry_name,El-Masria Trading Co.,B712
A53519,EL CARE 24 SEVEN,736,23,,89.65517241379311,ambiguous_registry_name,AMBIGUOUS,ambiguous_registry_name,United Bazaar Pharma,A736
A53520,PH care 24 seven-A,736,23,,83.87096774193549,ambiguous_registry_name,AMBIGUOUS,ambiguous_registry_name,United Bazaar Pharma,A736
A53521,CARE 24 SEVEN (2),775,30,,92.85714285714286,ambiguous_registry_name,AMBIGUOUS,ambiguous_registry_name,Corner Stone Medical,A775
A53522,Ph/care 24 seven (2),775,30,,92.85714285714286,ambiguous_registry_name,AMBIGUOUS,ambiguous_registry_name,Corner Stone Medical,A775
A53586,CITY CARE SMOUHA 6th Zone,704,24,,78.04878048780488,ambiguous_registry_name,AMBIGUOUS,ambiguous_registry_name,Blue Crescent Medical Supply Co.,B704
A53588,CITY CARE SMOUHA,714,31,,78.04878048780488,ambiguous_registry_name,AMBIGUOUS,ambiguous_registry_name,Delta Union Agencies,A714
A53589,PH city care smouha 011,714,31,,79.16666666666666,ambiguous_registry_name,AMBIGUOUS,ambiguous_registry_name,Delta Union Agencies,A714
A53590,City Care Smouha,726,42,,78.04878048780488,ambiguous_registry_name,AMBIGUOUS,ambiguous_registry_name,White Nile Agencies,B726
A53591,City Care Smouha Station St.,726,42,,78.04878048780488,ambiguous_registry_name,AMBIGUOUS,ambiguous_registry_name,White Nile Agencies,B726
A53593,PH City Care Smouha Mall,727,34,,86.36363636363636,ambiguous_registry_name,AMBIGUOUS,ambiguous_registry_name,White Nile Agencies,C727
A53598,PH City Care Smouha (2),780,30,,82.6086956521739,ambiguous_registry_name,AMBIGUOUS,ambiguous_registry_name,Alex Marine Providers,A780
A53599,Ph/CITY CARE SMOUHA Main Road,713,25,,78.04878048780488,ambiguous_registry_name,AMBIGUOUS,ambiguous_registry_name,El-Masria Trading Co.,C713
A53600,PH City Care Smouha,713,25,,86.36363636363636,ambiguous_registry_name,AMBIGUOUS,ambiguous_registry_name,El-Masria Trading Co.,C713
A53606,CITY CARE SMOUHA Branch 2,781,29,,78.04878048780488,ambiguous_registry_name,AMBIGUOUS,ambiguous_registry_name,Alex Marine Providers,B781
A53636,Golden Care Smouha,700,35,,80.0,ambiguous_registry_name,AMBIGUOUS,ambiguous_registry_name,Al-Nour Pharmaceutical Distribution,A700
A53637,GOLDEN CARE SMOUHA,704,25,,80.0,ambiguous_registry_name,AMBIGUOUS,ambiguous_registry_name,Blue Crescent Medical Supply Co.,B704
A53638,Ph/GOLDEN CARE SMOUHA Station St.,714,32,,80.0,ambiguous_registry_name,AMBIGUOUS,ambiguous_registry_name,Delta Union Agencies,A714
A53639,GOLDEN CARE SMOUHA,721,32,,80.0,ambiguous_registry_name,AMBIGUOUS,ambiguous_registry_name,Saraya Pharmaceutical Supply,A721
A53643,PH Golden Care Smouha Mall,752,28,,87.5,ambiguous_registry_name,AMBIGUOUS,ambiguous_registry_name,Falcon Wholesale Co.,B752
A53644,PH Golden Care Smouha Mall,754,29,,87.5,ambiguous_registry_name,AMBIGUOUS,ambiguous_registry_name,October Central Supply,A754
A53647,PY/el faraby smouha Branch 2,716,24,,78.04878048780488,ambiguous_registry_name,AMBIGUOUS,ambiguous_registry_name,Delta Union Agencies,C716
A53649,EL FARABY SMOUHA Station St.,734,30,,78.04878048780488,ambiguous_registry_name,AMBIGUOUS,ambiguous_registry_name,Modern Chain Distributors,B734
A53650,PH EL FARABY SMOUHA Main Road,779,34,,86.36363636363636,ambiguous_registry_name,AMBIGUOUS,ambiguous_registry_name,Iron Gate Wholesale,A779
A53652,Ph/El Hokama Shubra 6th Zone,700,36,,78.04878048780488,ambiguous_registry_name,AMBIGUOUS,ambiguous_registry_name,Al-Nour Pharmaceutical Distribution,A700
A53667,PH METRO SMOUHA,780,31,,83.33333333333334,ambiguous_registry_name,AMBIGUOUS,ambiguous_registry_name,Alex Marine Providers,A780
A53670,el Alpha Pahrma,710,33,,82.35294117647058,ambiguous_registry_name,AMBIGUOUS,ambiguous_registry_name,Horus Pharm Agencies,C710
A53671,el ALPHA PHARMA Branch 2,710,33,,88.88888888888889,ambiguous_registry_name,AMBIGUOUS,ambiguous_registry_name,Horus Pharm Agencies,C710
A53673,Alpha Pharma Station St.,726,43,,100.0,ambiguous_registry_name,AMBIGUOUS,ambiguous_registry_name,White Nile Agencies,B726
A53674,EL Alpha Pharma br.2,726,43,,88.88888888888889,ambiguous_registry_name,AMBIGUOUS,ambiguous_registry_name,White Nile Agencies,B726
A53675,Ph/alpha pharma Main Road,727,35,,100.0,ambiguous_registry_name,AMBIGUOUS,ambiguous_registry_name,White Nile Agencies,C727
A53676,Ph/Alpha PPharma Main Road,775,31,,96.0,ambiguous_registry_name,AMBIGUOUS,ambiguous_registry_name,Corner Stone Medical,A775
A53677,PY/Alpha Pharma Main Road,775,31,,100.0,ambiguous_registry_name,AMBIGUOUS,ambiguous_registry_name,Corner Stone Medical,A775
A53678,Alpha Pharma Branch 1,782,30,,100.0,ambiguous_registry_name,AMBIGUOUS,ambiguous_registry_name,Summit Crest Trading,A782
A53679,Ph/Alpha Pharma,782,30,,100.0,ambiguous_registry_name,AMBIGUOUS,ambiguous_registry_name,Summit Crest Trading,A782
A53681,PH Blue Wave,723,28,,80.0,ambiguous_registry_name,AMBIGUOUS,ambiguous_registry_name,Ramses Wholesale Partners,A723
A53715,PH El Zahraa Faisal br.2,731,33,,86.36363636363636,ambiguous_registry_name,AMBIGUOUS,ambiguous_registry_name,Pyramid Health Supplies,B731
A53716,PH El Zahraa Faisal Branch 2,748,38,,86.36363636363636,ambiguous_registry_name,AMBIGUOUS,ambiguous_registry_name,Karnak Medical Trading,A748
A53723,PH GOLDEN CARE 6th Zone,763,29,,82.35294117647058,ambiguous_registry_name,AMBIGUOUS,ambiguous_registry_name,Saqqara Trade House,A763
A53759,PH Misr Haram Branch 2,736,24,,81.25,ambiguous_registry_name,AMBIGUOUS,ambiguous_registry_name,United Bazaar Pharma,A736
A53764,PH MISR HARAM,759,26,,81.25,ambiguous_registry_name,AMBIGUOUS,ambiguous_registry_name,Two Rivers Distribution,B759
A53770,PH Mira Square Mall,701,26,,82.35294117647058,ambiguous_registry_name,AMBIGUOUS,ambiguous_registry_name,Al-Nour Pharmaceutical Distribution,B701
A53825,e PHARMA PLUS 04,722,31,,81.4814814814815,ambiguous_registry_name,AMBIGUOUS,ambiguous_registry_name,Saraya Pharmaceutical Supply,B722
A53826,el Pharma Plus (2),722,31,,82.35294117647058,ambiguous_registry_name,AMBIGUOUS,ambiguous_registry_name,Saraya Pharmaceutical Supply,B722
A53827,el Pharma Plus,734,34,,88.0,ambiguous_registry_name,AMBIGUOUS,ambiguous_registry_name,Modern Chain Distributors,B734
A53828,EL pharma plus br.2,734,34,,88.0,ambiguous_registry_name,AMBIGUOUS,ambiguous_registry_name,Modern Chain Distributors,B734
A53829,el hparma plus,773,37,,81.25,ambiguous_registry_name,AMBIGUOUS,ambiguous_registry_name,Desert Bloom Suppliers,B773
A53837,PH El Hokama Branch 2,726,46,,80.0,ambiguous_registry_name,AMBIGUOUS,ambiguous_registry_name,White Nile Agencies,B726
A53853,PH FAMLY NOZHA,748,40,,80.0,ambiguous_registry_name,AMBIGUOUS,ambiguous_registry_name,Karnak Medical Trading,A748
A53855,El-Pharma Plus Nasr Branch 1,714,34,,91.42857142857143,ambiguous_registry_name,AMBIGUOUS,ambiguous_registry_name,Delta Union Agencies,A714
A53856,Ph/Pharma Plus asr 011,714,34,,85.71428571428572,ambiguous_registry_name,AMBIGUOUS,ambiguous_registry_name,Delta Union Agencies,A714
A53857,PY/Pharma Plus Nasr Main Road,732,36,,100.0,ambiguous_registry_name,AMBIGUOUS,ambiguous_registry_name,Pyramid Health Supplies,C732
A53858,pharma plus nasr Branch 2,744,42,,100.0,ambiguous_registry_name,AMBIGUOUS,ambiguous_registry_name,Horus Elite Logistics,B744
A53859,PY/PHARMA PLUS NASR br.2,744,42,,100.0,ambiguous_registry_name,AMBIGUOUS,ambiguous_registry_name,Horus Elite Logistics,B744
A53860,Pharma Plus Nasr,752,30,,100.0,ambiguous_registry_name,AMBIGUOUS,ambiguous_registry_name,Falcon Wholesale Co.,B752
A53861,Pharma Plus Nasr 6th Zone,781,33,,100.0,ambiguous_registry_name,AMBIGUOUS,ambiguous_registry_name,Alex Marine Providers,B781
A53862,Pharma Plus Nasr,781,33,,100.0,ambiguous_registry_name,AMBIGUOUS,ambiguous_registry_name,Alex Marine Providers,B781
A53882,PH Dr Medhat Nasr Main Road,716,27,,89.47368421052632,ambiguous_registry_name,AMBIGUOUS,ambiguous_registry_name,Delta Union Agencies,C716
A53884,PH Dr Medhat Nasr Station St.,733,23,,89.47368421052632,ambiguous_registry_name,AMBIGUOUS,ambiguous_registry_name,Modern Chain Distributors,A733
A53886,PH DR MEDHAT NASR Branch 1,735,36,,89.47368421052632,ambiguous_registry_name,AMBIGUOUS,ambiguous_registry_name,Modern Chain Distributors,C735
A53898,PH mira nasr Branch 1,751,29,,80.0,ambiguous_registry_name,AMBIGUOUS,ambiguous_registry_name,Falcon Wholesale Co.,A751
A53920,PY/Alpha Pharma Nasr,723,29,,100.0,ambiguous_registry_name,AMBIGUOUS,ambiguous_registry_name,Ramses Wholesale Partners,A723
A53921,EL Alpha Pharma Nasr,723,29,,91.89189189189189,ambiguous_registry_name,AMBIGUOUS,ambiguous_registry_name,Ramses Wholesale Partners,A723
A53922,PH ALPHA PHARMA NASR 011,733,25,,82.92682926829268,ambiguous_registry_name,AMBIGUOUS,ambiguous_registry_name,Modern Chain Distributors,A733
A53924,ALPHA PHARMA NNASR 04121,753,28,,82.92682926829268,ambiguous_registry_name,AMBIGUOUS,ambiguous_registry_name,Falcon Wholesale Co.,C753
A53925,el Alpha Pharma Nasr 011,753,28,,82.92682926829268,ambiguous_registry_name,AMBIGUOUS,ambiguous_registry_name,Falcon Wholesale Co.,C753
A53926,el alpha pharma nasr 04,759,27,,85.0,ambiguous_registry_name,AMBIGUOUS,ambiguous_registry_name,Two Rivers Distribution,B759
A53927,el Alpha Pharma Nasr,759,27,,91.89189189189189,ambiguous_registry_name,AMBIGUOUS,ambiguous_registry_name,Two Rivers Distribution,B759
A53928,Alpha Pharma Nasr 6th Zone,774,29,,100.0,ambiguous_registry_name,AMBIGUOUS,ambiguous_registry_name,Desert Bloom Suppliers,C774
A53929,ALPHA PHARMA NASR,774,29,,100.0,ambiguous_registry_name,AMBIGUOUS,ambiguous_registry_name,Desert Bloom Suppliers,C774
A53930,El-Alpha Pharma Nasr,780,34,,91.89189189189189,ambiguous_registry_name,AMBIGUOUS,ambiguous_registry_name,Alex Marine Providers,A780
A53931,PH ALPHA PHARMA NASR (2),780,34,,87.17948717948718,ambiguous_registry_name,AMBIGUOUS,ambiguous_registry_name,Alex Marine Providers,A780
A53932,El-ALPHA PHARMA NASR Mall,781,35,,91.89189189189189,ambiguous_registry_name,AMBIGUOUS,ambiguous_registry_name,Alex Marine Providers,B781
A53937,PH HOPE NASR Station St.,732,38,,81.81818181818181,ambiguous_registry_name,AMBIGUOUS,ambiguous_registry_name,Pyramid Health Supplies,C732
A53950,PH Health Gate Branch 1,710,37,,82.35294117647058,ambiguous_registry_name,AMBIGUOUS,ambiguous_registry_name,Horus Pharm Agencies,C710
A53968,PH LIFE LINE NAS br.2,727,40,,82.05128205128204,ambiguous_registry_name,AMBIGUOUS,ambiguous_registry_name,White Nile Agencies,C727
A53982,PH nile care dokki 04,741,29,,80.0,ambiguous_registry_name,AMBIGUOUS,ambiguous_registry_name,Green Delta Enterprises,B741
A54019,Union Pharm Nasr Main Road,716,28,,100.0,ambiguous_registry_name,AMBIGUOUS,ambiguous_registry_name,Delta Union Agencies,C716
A54021,El-UNION PHARM NASR Main Road,732,39,,91.42857142857143,ambiguous_registry_name,AMBIGUOUS,ambiguous_registry_name,Pyramid Health Supplies,C732
A54022,Union Phrm Nasr,761,28,,96.7741935483871,ambiguous_registry_name,AMBIGUOUS,ambiguous_registry_name,Supreme Shelf Logistics,A761
A54023,UNION PHARMM NASR-A,761,28,,91.42857142857143,ambiguous_registry_name,AMBIGUOUS,ambiguous_registry_name,Supreme Shelf Logistics,A761
A54026,PY/care 24 seven nasr Mall,700,37,,100.0,ambiguous_registry_name,AMBIGUOUS,ambiguous_registry_name,Al-Nour Pharmaceutical Distribution,A700
A54029,El-CARE 24 SVEN NASR,772,32,,89.47368421052632,ambiguous_registry_name,AMBIGUOUS,ambiguous_registry_name,Desert Bloom Suppliers,A772
A54033,El-Care 24 Seven Nasr,782,33,,92.3076923076923,ambiguous_registry_name,AMBIGUOUS,ambiguous_registry_name,Summit Crest Trading,A782
A54045,PH Better Life Mall,726,49,,82.35294117647058,ambiguous_registry_name,AMBIGUOUS,ambiguous_registry_name,White Nile Agencies,B726
A54056,PH MIRA MARG Main Road,744,43,,80.0,ambiguous_registry_name,AMBIGUOUS,ambiguous_registry_name,Horus Elite Logistics,B744
A54061,PH FAMILY SHUBRA Branch 1,733,27,,84.21052631578947,ambiguous_registry_name,AMBIGUOUS,ambiguous_registry_name,Modern Chain Distributors,A733
A54062,PH Family Shubra-A,734,36,,80.0,ambiguous_registry_name,AMBIGUOUS,ambiguous_registry_name,Modern Chain Distributors,B734
A54085,PH Union Pharm,703,32,,88.0,ambiguous_registry_name,AMBIGUOUS,ambiguous_registry_name,Blue Crescent Medical Supply Co.,A703
A54088,Union Pharm Mall,732,41,,100.0,ambiguous_registry_name,AMBIGUOUS,ambiguous_registry_name,Pyramid Health Supplies,C732
A54094,PH EL NASR NOZHA Station St.,744,44,,84.21052631578947,ambiguous_registry_name,AMBIGUOUS,ambiguous_registry_name,Horus Elite Logistics,B744
A54096,PH el nasr nozha Mall,751,31,,84.21052631578947,ambiguous_registry_name,AMBIGUOUS,ambiguous_registry_name,Falcon Wholesale Co.,A751
A54111,PH Family Nasr Station St.,731,38,,82.35294117647058,ambiguous_registry_name,AMBIGUOUS,ambiguous_registry_name,Pyramid Health Supplies,B731
A54117,PH Green Leaf Banha-A,700,39,,82.6086956521739,ambiguous_registry_name,AMBIGUOUS,ambiguous_registry_name,Al-Nour Pharmaceutical Distribution,A700
A54119,Green Leaf Banha Station St.,726,52,,78.04878048780488,ambiguous_registry_name,AMBIGUOUS,ambiguous_registry_name,White Nile Agencies,B726
A54124,PY/green leaf banha,745,30,,78.04878048780488,ambiguous_registry_name,AMBIGUOUS,ambiguous_registry_name,Southern Cross Pharma,A745
A54128,PY/GREEN LEAF BANHA,780,36,,78.04878048780488,ambiguous_registry_name,AMBIGUOUS,ambiguous_registry_name,Alex Marine Providers,A780
A54140,PH El Nasr Maadi 6th Zone,780,37,,84.21052631578947,ambiguous_registry_name,AMBIGUOUS,ambiguous_registry_name,Alex Marine Providers,A780
A54190,PH Silver Care Marg Branch 1,725,40,,86.36363636363636,ambiguous_registry_name,AMBIGUOUS,ambiguous_registry_name,White Nile Agencies,A725
A54252,PH HEALTH GATE br.2,762,37,,82.35294117647058,ambiguous_registry_name,AMBIGUOUS,ambiguous_registry_name,Supreme Shelf Logistics,B762
A54279,PH Salamtek Nasr 6th Zone,733,32,,84.21052631578947,ambiguous_registry_name,AMBIGUOUS,ambiguous_registry_name,Modern Chain Distributors,A733
A54282,PH salamtek nasr Branch 2,754,34,,84.21052631578947,ambiguous_registry_name,AMBIGUOUS,ambiguous_registry_name,October Central Supply,A754
A54284,PH Salamtek Nasr,781,41,,84.21052631578947,ambiguous_registry_name,AMBIGUOUS,ambiguous_registry_name,Alex Marine Providers,B781
A54291,HEALTH GATE NASR br.2861,737,36,,78.04878048780488,ambiguous_registry_name,AMBIGUOUS,ambiguous_registry_name,Sinai Bridge Trading,A737
A54295,PH health gate nasr,770,42,,86.36363636363636,ambiguous_registry_name,AMBIGUOUS,ambiguous_registry_name,Marina Bay Trade,A770
A54301,Ph/Union Pharm-A304,730,45,,81.4814814814815,ambiguous_registry_name,AMBIGUOUS,ambiguous_registry_name,Pyramid Health Supplies,A730
A54303,el union pharm,747,30,,88.0,ambiguous_registry_name,AMBIGUOUS,ambiguous_registry_name,Southern Cross Pharma,C747
A54304,Ph/Union Pharm,747,30,,100.0,ambiguous_registry_name,AMBIGUOUS,ambiguous_registry_name,Southern Cross Pharma,C747
A54305,El-union pharm br.2,759,34,,88.0,ambiguous_registry_name,AMBIGUOUS,ambiguous_registry_name,Two Rivers Distribution,B759
A54306,union pharm br.2,768,35,,100.0,ambiguous_registry_name,AMBIGUOUS,ambiguous_registry_name,Ocean Front Distributors,A768
A54307,union pharm Station St.,773,41,,100.0,ambiguous_registry_name,AMBIGUOUS,ambiguous_registry_name,Desert Bloom Suppliers,B773
A54317,dr medhat nasrr Branch 1271,770,43,,78.94736842105263,ambiguous_registry_name,AMBIGUOUS,ambiguous_registry_name,Marina Bay Trade,A770
A54318,PH LIFE LINE,709,38,,80.0,ambiguous_registry_name,AMBIGUOUS,ambiguous_registry_name,Horus Pharm Agencies,B709
A54331,Ph/ALPHA PHARMA NASR Mall,710,40,,100.0,ambiguous_registry_name,AMBIGUOUS,ambiguous_registry_name,Horus Pharm Agencies,C710
A54332,el Alpha Pharma Nasr,732,44,,91.89189189189189,ambiguous_registry_name,AMBIGUOUS,ambiguous_registry_name,Pyramid Health Supplies,C732
A54333,alpha pharma nasr Mall,738,32,,100.0,ambiguous_registry_name,AMBIGUOUS,ambiguous_registry_name,Sinai Bridge Trading,B738
A54334,ALPHA PHARMA NASR Main Road,738,32,,100.0,ambiguous_registry_name,AMBIGUOUS,ambiguous_registry_name,Sinai Bridge Trading,B738
A54335,El-Alpha Pharma Naasr Branch 1,745,33,,89.47368421052632,ambiguous_registry_name,AMBIGUOUS,ambiguous_registry_name,Southern Cross Pharma,A745
A54336,Alpha Pharma Nasr Branch 2,745,33,,100.0,ambiguous_registry_name,AMBIGUOUS,ambiguous_registry_name,Southern Cross Pharma,A745
A54337,el alpha pharma nasr,753,30,,91.89189189189189,ambiguous_registry_name,AMBIGUOUS,ambiguous_registry_name,Falcon Wholesale Co.,C753
A54338,Alpha Pharma Nasr Branch 1485,753,30,,100.0,ambiguous_registry_name,AMBIGUOUS,ambiguous_registry_name,Falcon Wholesale Co.,C753
A54339,El-Alpha Pharma Nasr,756,39,,91.89189189189189,ambiguous_registry_name,AMBIGUOUS,ambiguous_registry_name,Al Wadi Medical Providers,A756
A54340,el alpha pharma nasr 011,756,39,,82.92682926829268,ambiguous_registry_name,AMBIGUOUS,ambiguous_registry_name,Al Wadi Medical Providers,A756
A54341,PY/Alpha Pharma Nasr,772,35,,100.0,ambiguous_registry_name,AMBIGUOUS,ambiguous_registry_name,Desert Bloom Suppliers,A772
A54342,EL ALPHA PHARMA NASR Main Road,772,35,,91.89189189189189,ambiguous_registry_name,AMBIGUOUS,ambiguous_registry_name,Desert Bloom Suppliers,A772
A54343,PY/ALPHA PHAMA NASR br.2,775,35,,96.96969696969697,ambiguous_registry_name,AMBIGUOUS,ambiguous_registry_name,Corner Stone Medical,A775
A54344,PH alpha pharma nasr Branch 1,775,35,,91.89189189189189,ambiguous_registry_name,AMBIGUOUS,ambiguous_registry_name,Corner Stone Medical,A775
A54351,pharma plus (2)834,712,40,,78.57142857142857,ambiguous_registry_name,AMBIGUOUS,ambiguous_registry_name,El-Masria Trading Co.,B712
A54352,PY/Pharma Plus,713,32,,100.0,ambiguous_registry_name,AMBIGUOUS,ambiguous_registry_name,El-Masria Trading Co.,C713
A54354,PHARMA PLUS,728,32,,100.0,ambiguous_registry_name,AMBIGUOUS,ambiguous_registry_name,Delta Star Medical Trade,A728
A54355,Pharma Plus Branch 2,728,32,,100.0,ambiguous_registry_name,AMBIGUOUS,ambiguous_registry_name,Delta Star Medical Trade,A728
A54357,PHARMA PLUS Mall,748,43,,100.0,ambiguous_registry_name,AMBIGUOUS,ambiguous_registry_name,Karnak Medical Trading,A748
A54358,PHARMA PLUS (2),764,30,,91.66666666666666,ambiguous_registry_name,AMBIGUOUS,ambiguous_registry_name,Saqqara Trade House,B764
A54359,El-Pharma Plus,774,33,,88.0,ambiguous_registry_name,AMBIGUOUS,ambiguous_registry_name,Desert Bloom Suppliers,C774
A54380,PH Star Care Nasr br.2,737,37,,85.0,ambiguous_registry_name,AMBIGUOUS,ambiguous_registry_name,Sinai Bridge Trading,A737
A54382,PH STAR CARE NASR,763,36,,85.0,ambiguous_registry_name,AMBIGUOUS,ambiguous_registry_name,Saqqara Trade House,A763
A54389,El Baraka Faisal,762,39,,78.04878048780488,ambiguous_registry_name,AMBIGUOUS,ambiguous_registry_name,Supreme Shelf Logistics,B762
A54391,El Baraka Faisal,775,36,,78.04878048780488,ambiguous_registry_name,AMBIGUOUS,ambiguous_registry_name,Corner Stone Medical,A775
A54438,Health Gate Smouha,703,33,,80.0,ambiguous_registry_name,AMBIGUOUS,ambiguous_registry_name,Blue Crescent Medical Supply Co.,A703
A54439,Ph/Health Gate Smouha br.2,703,33,,80.0,ambiguous_registry_name,AMBIGUOUS,ambiguous_registry_name,Blue Crescent Medical Supply Co.,A703
A54440,PH Health Gate Smouha 6th Zone,716,34,,87.5,ambiguous_registry_name,AMBIGUOUS,ambiguous_registry_name,Delta Union Agencies,C716
A54444,PY/Health Gate Smouha Branch 2920,742,39,,80.0,ambiguous_registry_name,AMBIGUOUS,ambiguous_registry_name,Green Delta Enterprises,C742
A54459,PH SILVER CARE 6th Zone,748,44,,82.35294117647058,ambiguous_registry_name,AMBIGUOUS,ambiguous_registry_name,Karnak Medical Trading,A748
A54475,CARE 24 SEVEN NASR 04,703,34,,92.3076923076923,ambiguous_registry_name,AMBIGUOUS,ambiguous_registry_name,Blue Crescent Medical Supply Co.,A703
A54476,El-Care 24 Seven Nasr 04,708,37,,85.71428571428572,ambiguous_registry_name,AMBIGUOUS,ambiguous_registry_name,Horus Pharm Agencies,A708
A54479,PH CARE 24 SEVEN NASR-A,719,36,,87.8048780487805,ambiguous_registry_name,AMBIGUOUS,ambiguous_registry_name,Lotus Medcare Distribution,A719
A54480,El-CARE 24 SEVEN NASR,722,37,,92.3076923076923,ambiguous_registry_name,AMBIGUOUS,ambiguous_registry_name,Saraya Pharmaceutical Supply,B722
A54481,Care 24 Seven Nsar br.2,722,37,,94.44444444444444,ambiguous_registry_name,AMBIGUOUS,ambiguous_registry_name,Saraya Pharmaceutical Supply,B722
A54482,CARE 24 SEVEN NASR,728,33,,100.0,ambiguous_registry_name,AMBIGUOUS,ambiguous_registry_name,Delta Star Medical Trade,A728
A54483,PH care 24 seven nasr,738,33,,92.3076923076923,ambiguous_registry_name,AMBIGUOUS,ambiguous_registry_name,Sinai Bridge Trading,B738
A54484,Ph/Care 24 Seven Nasr,738,33,,100.0,ambiguous_registry_name,AMBIGUOUS,ambiguous_registry_name,Sinai Bridge Trading,B738
A54524,Ph/EL BARAKA REHAB VIEW (2),738,34,,78.43137254901961,ambiguous_registry_name,AMBIGUOUS,ambiguous_registry_name,Sinai Bridge Trading,B738
A54525,el El Baraka Rehab View Main Road,738,34,,80.76923076923077,ambiguous_registry_name,AMBIGUOUS,ambiguous_registry_name,Sinai Bridge Trading,B738
A54526,PY/EL BARAKA REHAB VIEW Branch 2,739,37,,81.63265306122449,ambiguous_registry_name,AMBIGUOUS,ambiguous_registry_name,Sinai Bridge Trading,C739
A54527,el baraka rehab view-A,747,33,,78.43137254901961,ambiguous_registry_name,AMBIGUOUS,ambiguous_registry_name,Southern Cross Pharma,C747
A54528,Ph/EL BARAKA REHAB VIEW Main Road,747,33,,81.63265306122449,ambiguous_registry_name,AMBIGUOUS,ambiguous_registry_name,Southern Cross Pharma,C747
A54529,PH El Baraka Rehab Vie-wA963,751,32,,80.70175438596492,ambiguous_registry_name,AMBIGUOUS,ambiguous_registry_name,Falcon Wholesale Co.,A751
A54530,El Baraka Rehab View Mall,751,32,,81.63265306122449,ambiguous_registry_name,AMBIGUOUS,ambiguous_registry_name,Falcon Wholesale Co.,A751
A54531,El Baraka Rehab View Branch 1948,762,41,,81.63265306122449,ambiguous_registry_name,AMBIGUOUS,ambiguous_registry_name,Supreme Shelf Logistics,B762
A54594,PY/DR MEDHAT SHUBRA Main Road,714,42,,78.04878048780488,ambiguous_registry_name,AMBIGUOUS,ambiguous_registry_name,Delta Union Agencies,A714
A54600,Ph/dr medhat shubra,761,31,,78.04878048780488,ambiguous_registry_name,AMBIGUOUS,ambiguous_registry_name,Supreme Shelf Logistics,A761
A54604,PH El Hokama Mall,707,29,,80.0,ambiguous_registry_name,AMBIGUOUS,ambiguous_registry_name,Tiba Distribution Group,A707
A54678,care 24 seven maadi Branch 1364,724,30,,100.0,ambiguous_registry_name,AMBIGUOUS,ambiguous_registry_name,Ramses Wholesale Partners,B724
A54679,Care 24 Seven Maadi,724,30,,100.0,ambiguous_registry_name,AMBIGUOUS,ambiguous_registry_name,Ramses Wholesale Partners,B724
A54681,CARE 24 SEVEN MAADI-A,736,29,,95.0,ambiguous_registry_name,AMBIGUOUS,ambiguous_registry_name,United Bazaar Pharma,A736
A54682,EL Care 24 Seven Maadi 04,750,38,,86.36363636363636,ambiguous_registry_name,AMBIGUOUS,ambiguous_registry_name,Pearl Route Agencies,A750
A54683,CARE 24 SEVEN MAADI Station St.,750,38,,100.0,ambiguous_registry_name,AMBIGUOUS,ambiguous_registry_name,Pearl Route Agencies,A750
A54684,PH CARE 24 SEVEN MAADI Station St.690,765,33,,84.44444444444444,ambiguous_registry_name,AMBIGUOUS,ambiguous_registry_name,Basil Corner Providers,A765
A54685,El-care 24 seven maadi 011,779,42,,84.44444444444444,ambiguous_registry_name,AMBIGUOUS,ambiguous_registry_name,Iron Gate Wholesale,A779
A54713,Sunrise Oct City,738,36,,78.04878048780488,ambiguous_registry_name,AMBIGUOUS,ambiguous_registry_name,Sinai Bridge Trading,B738
A54714,SUNRISE OCT CITY Branch 2,738,36,,78.04878048780488,ambiguous_registry_name,AMBIGUOUS,ambiguous_registry_name,Sinai Bridge Trading,B738
A54716,SUNRISE OCT CITY 6th Zone,782,40,,78.04878048780488,ambiguous_registry_name,AMBIGUOUS,ambiguous_registry_name,Summit Crest Trading,A782
A54717,PY/SUNRISE OCT CITY Branch 2,782,40,,78.04878048780488,ambiguous_registry_name,AMBIGUOUS,ambiguous_registry_name,Summit Crest Trading,A782
A54718,PH Salamtek Square,702,38,,85.71428571428572,ambiguous_registry_name,AMBIGUOUS,ambiguous_registry_name,Al-Nour Pharmaceutical Distribution,C702
A54720,PH salamtek square Branch 1,716,37,,85.71428571428572,ambiguous_registry_name,AMBIGUOUS,ambiguous_registry_name,Delta Union Agencies,C716
A54723,PH salamtek square 04,725,47,,80.0,ambiguous_registry_name,AMBIGUOUS,ambiguous_registry_name,White Nile Agencies,A725
A54726,Salamtek Square (2),755,44,,78.04878048780488,ambiguous_registry_name,AMBIGUOUS,ambiguous_registry_name,October Central Supply,B755
A54731,PH Salamtek Square 011,782,41,,78.26086956521739,ambiguous_registry_name,AMBIGUOUS,ambiguous_registry_name,Summit Crest Trading,A782
A54743,el PHARMA PLUS REHAB VIEW Branch 1,736,30,,93.61702127659575,ambiguous_registry_name,AMBIGUOUS,ambiguous_registry_name,United Bazaar Pharma,A736
A54744,PHARMA PLU SREHAB VIEW br.2,747,37,,95.45454545454545,ambiguous_registry_name,AMBIGUOUS,ambiguous_registry_name,Southern Cross Pharma,C747
A54745,PH pahrma plus rehab view Station St.,747,37,,89.36170212765957,ambiguous_registry_name,AMBIGUOUS,ambiguous_registry_name,Southern Cross Pharma,C747
A54746,Ph/Pharma Plus Rehab View br.2787,763,40,,100.0,ambiguous_registry_name,AMBIGUOUS,ambiguous_registry_name,Saqqara Trade House,A763
A54747,PY/pharma plus rehab view Staiton St.,763,40,,80.0,ambiguous_registry_name,AMBIGUOUS,ambiguous_registry_name,Saqqara Trade House,A763
A54748,Ph/pharma plus rehab view Branch 1,766,45,,100.0,ambiguous_registry_name,AMBIGUOUS,ambiguous_registry_name,Basil Corner Providers,B766
A54749,Pharma Plus Rehab View Mall,766,45,,100.0,ambiguous_registry_name,AMBIGUOUS,ambiguous_registry_name,Basil Corner Providers,B766
A54750,Pharma Plus Rehab View 011,779,43,,91.66666666666666,ambiguous_registry_name,AMBIGUOUS,ambiguous_registry_name,Iron Gate Wholesale,A779
A54759,PH El Zahraa Nasr,709,41,,85.0,ambiguous_registry_name,AMBIGUOUS,ambiguous_registry_name,Horus Pharm Agencies,B709
A54768,El-union pharm,750,39,,88.0,ambiguous_registry_name,AMBIGUOUS,ambiguous_registry_name,Pearl Route Agencies,A750
A54769,PH Union Pharm,750,39,,88.0,ambiguous_registry_name,AMBIGUOUS,ambiguous_registry_name,Pearl Route Agencies,A750
A54770,Union Pharm Branch 1,771,35,,100.0,ambiguous_registry_name,AMBIGUOUS,ambiguous_registry_name,Marina Bay Trade,B771
A54771,UNION PHARM,771,35,,100.0,ambiguous_registry_name,AMBIGUOUS,ambiguous_registry_name,Marina Bay Trade,B771
A54773,el Union Pharm,781,44,,88.0,ambiguous_registry_name,AMBIGUOUS,ambiguous_registry_name,Alex Marine Providers,B781
A54791,El Baraka Oct City br.2,702,40,,80.0,ambiguous_registry_name,AMBIGUOUS,ambiguous_registry_name,Al-Nour Pharmaceutical Distribution,C702
A54795,Ph/EL BARAKA OCT CITY 6th Zone,723,35,,80.0,ambiguous_registry_name,AMBIGUOUS,ambiguous_registry_name,Ramses Wholesale Partners,A723
A54796,PY/El Baraka Oct City,760,39,,80.0,ambiguous_registry_name,AMBIGUOUS,ambiguous_registry_name,Two Rivers Distribution,C760
A54797,Ph/El Baraka Oct City,775,38,,80.0,ambiguous_registry_name,AMBIGUOUS,ambiguous_registry_name,Corner Stone Medical,A775
A54811,PH silver care Main Road,760,40,,82.35294117647058,ambiguous_registry_name,AMBIGUOUS,ambiguous_registry_name,Two Rivers Distribution,C760
A54825,PH Al Amal Nasr Main Road,777,35,,83.33333333333334,ambiguous_registry_name,AMBIGUOUS,ambiguous_registry_name,Seven Palms Distribution,B777
A54835,Star Care Rehab View Station St.,740,38,,81.63265306122449,ambiguous_registry_name,AMBIGUOUS,ambiguous_registry_name,Green Delta Enterprises,A740
A54836,PY/Star Care Rehab View (2),743,26,,78.43137254901961,ambiguous_registry_name,AMBIGUOUS,ambiguous_registry_name,Horus Elite Logistics,A743
A54838,EL Star Cae Rehab View br.2,751,37,,78.43137254901961,ambiguous_registry_name,AMBIGUOUS,ambiguous_registry_name,Falcon Wholesale Co.,A751
A54839,El-STAR CARE REHAB VIEW,780,44,,80.76923076923077,ambiguous_registry_name,AMBIGUOUS,ambiguous_registry_name,Alex Marine Providers,A780
A54857,Ph/union pharm montaza 04,700,47,,92.6829268292683,ambiguous_registry_name,AMBIGUOUS,ambiguous_registry_name,Al-Nour Pharmaceutical Distribution,A700
A54858,El-Union Pharm Motnaza-A426,712,46,,78.26086956521739,ambiguous_registry_name,AMBIGUOUS,ambiguous_registry_name,El-Masria Trading Co.,B712
A54860,Union Pharm Montaza Mall,721,39,,100.0,ambiguous_registry_name,AMBIGUOUS,ambiguous_registry_name,Saraya Pharmaceutical Supply,A721
A54861,Ph/UNION PHARM MONTAZA Station St.,734,41,,100.0,ambiguous_registry_name,AMBIGUOUS,ambiguous_registry_name,Modern Chain Distributors,B734
A54862,Union Pharm Montaza Branch 1,760,41,,100.0,ambiguous_registry_name,AMBIGUOUS,ambiguous_registry_name,Two Rivers Distribution,C760
A54863,UNION PHARM MONTAZA,760,41,,100.0,ambiguous_registry_name,AMBIGUOUS,ambiguous_registry_name,Two Rivers Distribution,C760
A54864,Union Pharm Montaza Station St.,778,34,,100.0,ambiguous_registry_name,AMBIGUOUS,ambiguous_registry_name,Seven Palms Distribution,C778
A54870,PH EL NASR OCT CITY br.2,736,32,,86.36363636363636,ambiguous_registry_name,AMBIGUOUS,ambiguous_registry_name,United Bazaar Pharma,A736
A54875,El Nasr Oct City br.2,776,34,,78.04878048780488,ambiguous_registry_name,AMBIGUOUS,ambiguous_registry_name,Seven Palms Distribution,A776
A54877,PY/PHARMA PLUS (2)136,710,45,,78.57142857142857,ambiguous_registry_name,AMBIGUOUS,ambiguous_registry_name,Horus Pharm Agencies,C710
A54878,pharma plus 6th Zone,721,40,,100.0,ambiguous_registry_name,AMBIGUOUS,ambiguous_registry_name,Saraya Pharmaceutical Supply,A721
A54880,PY/Pharma Plus 011,758,21,,84.61538461538461,ambiguous_registry_name,AMBIGUOUS,ambiguous_registry_name,Two Rivers Distribution,A758
A54881,El-Pharma Plus br.2,758,21,,88.0,ambiguous_registry_name,AMBIGUOUS,ambiguous_registry_name,Two Rivers Distribution,A758
A54882,Ph/Pharma Plus,781,45,,100.0,ambiguous_registry_name,AMBIGUOUS,ambiguous_registry_name,Alex Marine Providers,B781
A54883,Pharma Plus Branch 1806,781,45,,100.0,ambiguous_registry_name,AMBIGUOUS,ambiguous_registry_name,Alex Marine Providers,B781
A54888,PH Golden Care Main Road,721,41,,82.35294117647058,ambiguous_registry_name,AMBIGUOUS,ambiguous_registry_name,Saraya Pharmaceutical Supply,A721
A54899,PH Green Leaf Square-A943,734,43,,78.43137254901961,ambiguous_registry_name,AMBIGUOUS,ambiguous_registry_name,Modern Chain Distributors,B734
A54923,City Care Nas rMall,765,36,,80.95238095238095,ambiguous_registry_name,AMBIGUOUS,ambiguous_registry_name,Basil Corner Providers,A765
A54925,EL EL TOURATH REHAB VIEW Branch 2,700,48,,81.4814814814815,ambiguous_registry_name,AMBIGUOUS,ambiguous_registry_name,Al-Nour Pharmaceutical Distribution,A700
A54926,El Tourath Rehab View,700,48,,82.35294117647058,ambiguous_registry_name,AMBIGUOUS,ambiguous_registry_name,Al-Nour Pharmaceutical Distribution,A700
A54928,EL El Tourath Rehab View Branch 1,741,35,,81.4814814814815,ambiguous_registry_name,AMBIGUOUS,ambiguous_registry_name,Green Delta Enterprises,B741
A54929,PH el tourath rehab view-A,741,35,,85.71428571428572,ambiguous_registry_name,AMBIGUOUS,ambiguous_registry_name,Green Delta Enterprises,B741
A54930,PH El Tourath RRehab View 011,745,36,,81.35593220338984,ambiguous_registry_name,AMBIGUOUS,ambiguous_registry_name,Southern Cross Pharma,A745
A54932,El Tourath Rehab View,780,45,,82.35294117647058,ambiguous_registry_name,AMBIGUOUS,ambiguous_registry_name,Alex Marine Providers,A780
A54940,PH Better Life Mall,751,38,,82.35294117647058,ambiguous_registry_name,AMBIGUOUS,ambiguous_registry_name,Falcon Wholesale Co.,A751
A54950,PH El Faraby Nassr 6th Zone,700,49,,82.92682926829268,ambiguous_registry_name,AMBIGUOUS,ambiguous_registry_name,Al-Nour Pharmaceutical Distribution,A700
A54958,El Faraby Nas rMall,773,45,,80.95238095238095,ambiguous_registry_name,AMBIGUOUS,ambiguous_registry_name,Desert Bloom Suppliers,B773
A54972,PH Misr Haram Branch 285,746,34,,81.25,ambiguous_registry_name,AMBIGUOUS,ambiguous_registry_name,Southern Cross Pharma,B746
A54973,PH MISR HARAM,758,24,,81.25,ambiguous_registry_name,AMBIGUOUS,ambiguous_registry_name,Two Rivers Distribution,A758
A55004,Ph/BETTER LIFE NASR br.2,737,48,,78.04878048780488,ambiguous_registry_name,AMBIGUOUS,ambiguous_registry_name,Sinai Bridge Trading,A737
A55005,better life nasr br.2,746,35,,78.04878048780488,ambiguous_registry_name,AMBIGUOUS,ambiguous_registry_name,Southern Cross Pharma,B746
A55006,PH Better Life Nasr Mall,746,35,,86.36363636363636,ambiguous_registry_name,AMBIGUOUS,ambiguous_registry_name,Southern Cross Pharma,B746
A55007,better life nasr Main Road,753,35,,78.04878048780488,ambiguous_registry_name,AMBIGUOUS,ambiguous_registry_name,Falcon Wholesale Co.,C753
A55009,Ph/BETTER LIFE NASR br.2,763,44,,78.04878048780488,ambiguous_registry_name,AMBIGUOUS,ambiguous_registry_name,Saqqara Trade House,A763
A55031,PH El Hokama Nasr Branch 2,779,44,,85.0,ambiguous_registry_name,AMBIGUOUS,ambiguous_registry_name,Iron Gate Wholesale,A779
A55073,Ph/STAR CARE SMOUHA,711,31,,78.04878048780488,ambiguous_registry_name,AMBIGUOUS,ambiguous_registry_name,El-Masria Trading Co.,A711
A55079,PY/Star Care Smouha Mall,751,39,,78.04878048780488,ambiguous_registry_name,AMBIGUOUS,ambiguous_registry_name,Falcon Wholesale Co.,A751
A55084,Ph/star care smouha Station St.,772,41,,78.04878048780488,ambiguous_registry_name,AMBIGUOUS,ambiguous_registry_name,Desert Bloom Suppliers,A772
A55085,El-Union Pharm Nasr,702,43,,91.42857142857143,ambiguous_registry_name,AMBIGUOUS,ambiguous_registry_name,Al-Nour Pharmaceutical Distribution,C702
A55086,Union Pharm Nasr,720,53,,100.0,ambiguous_registry_name,AMBIGUOUS,ambiguous_registry_name,Lotus Medcare Distribution,B720
A55090,el union pharm nasr Station St.245,735,46,,82.05128205128204,ambiguous_registry_name,AMBIGUOUS,ambiguous_registry_name,Modern Chain Distributors,C735
A55091,UNION PHARM NASR br.2,735,46,,100.0,ambiguous_registry_name,AMBIGUOUS,ambiguous_registry_name,Modern Chain Distributors,C735
A55092,Union Pharm Nasr Branch 1,742,43,,100.0,ambiguous_registry_name,AMBIGUOUS,ambiguous_registry_name,Green Delta Enterprises,C742
A55094,Ph/Union Pharm Nasr,777,36,,100.0,ambiguous_registry_name,AMBIGUOUS,ambiguous_registry_name,Seven Palms Distribution,B777
A55095,UNION PHAARM NASR Main Road,777,36,,96.96969696969697,ambiguous_registry_name,AMBIGUOUS,ambiguous_registry_name,Seven Palms Distribution,B777
A55106,PH ebn sina nasr br.2450,738,40,,84.21052631578947,ambiguous_registry_name,AMBIGUOUS,ambiguous_registry_name,Sinai Bridge Trading,B738
A55124,Nile Care Helwan,701,38,,78.04878048780488,ambiguous_registry_name,AMBIGUOUS,ambiguous_registry_name,Al-Nour Pharmaceutical Distribution,B701
A55129,NILE CARE HELWAN Mall,733,41,,78.04878048780488,ambiguous_registry_name,AMBIGUOUS,ambiguous_registry_name,Modern Chain Distributors,A733
A55146,PY/Star Care Faisal,736,35,,78.04878048780488,ambiguous_registry_name,AMBIGUOUS,ambiguous_registry_name,United Bazaar Pharma,A736
A55185,PH LIFE LINE DOKKI178,702,44,,80.0,ambiguous_registry_name,AMBIGUOUS,ambiguous_registry_name,Al-Nour Pharmaceutical Distribution,C702
A55207,PH El Faraby Branch 2786,779,45,,80.0,ambiguous_registry_name,AMBIGUOUS,ambiguous_registry_name,Iron Gate Wholesale,A779
A55215,PH NILE CARE NASR br.2,757,39,,85.0,ambiguous_registry_name,AMBIGUOUS,ambiguous_registry_name,Al Wadi Medical Providers,B757
A55237,PH GREEN LEAF BANHA Branch 2911,776,36,,86.36363636363636,ambiguous_registry_name,AMBIGUOUS,ambiguous_registry_name,Seven Palms Distribution,A776
A55239,Ph/GREEN LEAF BANHA br.2740,780,46,,78.04878048780488,ambiguous_registry_name,AMBIGUOUS,ambiguous_registry_name,Alex Marine Providers,A780
A55250,Alpha Pharma Nasr,723,39,,100.0,ambiguous_registry_name,AMBIGUOUS,ambiguous_registry_name,Ramses Wholesale Partners,A723
A55251,ALPHA PHARMA NASR Main Road,725,53,,100.0,ambiguous_registry_name,AMBIGUOUS,ambiguous_registry_name,White Nile Agencies,A725
A55252,alpha pharma nasr Branch 1568,725,53,,100.0,ambiguous_registry_name,AMBIGUOUS,ambiguous_registry_name,White Nile Agencies,A725
A55254,PH alpha pharma nasr,746,37,,91.89189189189189,ambiguous_registry_name,AMBIGUOUS,ambiguous_registry_name,Southern Cross Pharma,B746
A55263,PY/Better Life Nasr,704,40,,78.04878048780488,ambiguous_registry_name,AMBIGUOUS,ambiguous_registry_name,Blue Crescent Medical Supply Co.,B704
A55266,Ph/Better Life Nasr Station St.,738,44,,78.04878048780488,ambiguous_registry_name,AMBIGUOUS,ambiguous_registry_name,Sinai Bridge Trading,B738
A55267,Better Life Nasr Main Road,738,44,,78.04878048780488,ambiguous_registry_name,AMBIGUOUS,ambiguous_registry_name,Sinai Bridge Trading,B738
A55272,PH El Baraka Marg-A,754,41,,80.95238095238095,ambiguous_registry_name,AMBIGUOUS,ambiguous_registry_name,October Central Supply,A754
A55327,PH Star Care Nasr Station St.,701,41,,85.0,ambiguous_registry_name,AMBIGUOUS,ambiguous_registry_name,Al-Nour Pharmaceutical Distribution,B701
A55331,golden care shubra Branch 1,714,47,,80.0,ambiguous_registry_name,AMBIGUOUS,ambiguous_registry_name,Delta Union Agencies,A714
A55366,PY/Silver Care Square 6th Zone,705,47,,80.0,ambiguous_registry_name,AMBIGUOUS,ambiguous_registry_name,Blue Crescent Medical Supply Co.,C705
A55367,Ph/Siilver Care Square,751,43,,78.26086956521739,ambiguous_registry_name,AMBIGUOUS,ambiguous_registry_name,Falcon Wholesale Co.,A751
A55369,EL Silver Care Square Mall,777,37,,79.16666666666666,ambiguous_registry_name,AMBIGUOUS,ambiguous_registry_name,Seven Palms Distribution,B777
A55370,PY/Alpha Pharma Branch 2,705,48,,100.0,ambiguous_registry_name,AMBIGUOUS,ambiguous_registry_name,Blue Crescent Medical Supply Co.,C705
A55371,Alpha Pharma-A,713,43,,92.3076923076923,ambiguous_registry_name,AMBIGUOUS,ambiguous_registry_name,El-Masria Trading Co.,C713
A55372,el alpha pharma-A,713,43,,83.33333333333334,ambiguous_registry_name,AMBIGUOUS,ambiguous_registry_name,El-Masria Trading Co.,C713
A55373,El-Alpha Pharma br.2,742,48,,88.88888888888889,ambiguous_registry_name,AMBIGUOUS,ambiguous_registry_name,Green Delta Enterprises,C742
A55374,PH Alpha Pharma Main Road,771,39,,88.88888888888889,ambiguous_registry_name,AMBIGUOUS,ambiguous_registry_name,Marina Bay Trade,B771
A55381,PH Hope Nasr,743,30,,81.81818181818181,ambiguous_registry_name,AMBIGUOUS,ambiguous_registry_name,Horus Elite Logistics,A743
A55428,PH Life Line Nasr (2),750,42,,80.95238095238095,ambiguous_registry_name,AMBIGUOUS,ambiguous_registry_name,Pearl Route Agencies,A750
A55434,nile care obou-rA,722,45,,82.92682926829268,ambiguous_registry_name,AMBIGUOUS,ambiguous_registry_name,Saraya Pharmaceutical Supply,B722
A55435,PH Nile Care Obour (2),728,45,,81.81818181818181,ambiguous_registry_name,AMBIGUOUS,ambiguous_registry_name,Delta Star Medical Trade,A728
A55437,Phh/Nile Care Obour Branch 2,750,43,,83.72093023255813,ambiguous_registry_name,AMBIGUOUS,ambiguous_registry_name,Pearl Route Agencies,A750
A55438,PH better life nasr Branch 1,701,43,,86.36363636363636,ambiguous_registry_name,AMBIGUOUS,ambiguous_registry_name,Al-Nour Pharmaceutical Distribution,B701
A55441,Ph/better life nasr Branch 1,726,64,,78.04878048780488,ambiguous_registry_name,AMBIGUOUS,ambiguous_registry_name,White Nile Agencies,B726
A55443,PY/Better Life Nasr Branch 1,762,46,,78.04878048780488,ambiguous_registry_name,AMBIGUOUS,ambiguous_registry_name,Supreme Shelf Logistics,B762
A55445,Ph/Better Life Nasr Main Road,769,42,,78.04878048780488,ambiguous_registry_name,AMBIGUOUS,ambiguous_registry_name,Ocean Front Distributors,B769
A55447,PH Dr Medhat 6th Zone,701,44,,80.0,ambiguous_registry_name,AMBIGUOUS,ambiguous_registry_name,Al-Nour Pharmaceutical Distribution,B701
A55466,PH DR MEDHAT NOZHA br.2,779,48,,85.71428571428572,ambiguous_registry_name,AMBIGUOUS,ambiguous_registry_name,Iron Gate Wholesale,A779
A55468,PH Silver Care Nozha110,722,46,,81.63265306122449,ambiguous_registry_name,AMBIGUOUS,ambiguous_registry_name,Saraya Pharmaceutical Supply,B722
A55471,PH Silver Care Nozha 6th Zone,730,51,,86.95652173913044,ambiguous_registry_name,AMBIGUOUS,ambiguous_registry_name,Pyramid Health Supplies,A730
A55472,PY/silver care nozha br.2,730,51,,79.06976744186046,ambiguous_registry_name,AMBIGUOUS,ambiguous_registry_name,Pyramid Health Supplies,A730
A55473,PH SILVER CARE NOZHA br.2,747,43,,86.95652173913044,ambiguous_registry_name,AMBIGUOUS,ambiguous_registry_name,Southern Cross Pharma,C747
A55474,Silver Care Nozha Station St.,760,45,,79.06976744186046,ambiguous_registry_name,AMBIGUOUS,ambiguous_registry_name,Two Rivers Distribution,C760
A55493,silver care square Station St.,739,42,,80.0,ambiguous_registry_name,AMBIGUOUS,ambiguous_registry_name,Sinai Bridge Trading,C739
A55495,Silver Care Square Main Road,743,31,,80.0,ambiguous_registry_name,AMBIGUOUS,ambiguous_registry_name,Horus Elite Logistics,A743
A55509,UNION PHARM OBOUR 6th Zone,720,55,,100.0,ambiguous_registry_name,AMBIGUOUS,ambiguous_registry_name,Lotus Medcare Distribution,B720
A55510,El-union pharm obour Branch 1,720,55,,91.89189189189189,ambiguous_registry_name,AMBIGUOUS,ambiguous_registry_name,Lotus Medcare Distribution,B720
A55513,PH UNION PHARM OBOUR011,757,41,,85.0,ambiguous_registry_name,AMBIGUOUS,ambiguous_registry_name,Al Wadi Medical Providers,B757
A55514,el union pharm obbour 011,757,41,,80.95238095238095,ambiguous_registry_name,AMBIGUOUS,ambiguous_registry_name,Al Wadi Medical Providers,B757
A55555,PH salamtek,750,44,,78.57142857142857,ambiguous_registry_name,AMBIGUOUS,ambiguous_registry_name,Pearl Route Agencies,A750
A55588,Health Gate Nasr,703,44,,78.04878048780488,ambiguous_registry_name,AMBIGUOUS,ambiguous_registry_name,Blue Crescent Medical Supply Co.,A703
A55589,PH Health Gate Nasr,703,44,,86.36363636363636,ambiguous_registry_name,AMBIGUOUS,ambiguous_registry_name,Blue Crescent Medical Supply Co.,A703
A55590,PY/HEALTH GATE NASRR Main Road,723,41,,80.95238095238095,ambiguous_registry_name,AMBIGUOUS,ambiguous_registry_name,Ramses Wholesale Partners,A723
A55604,PH El Shifa Nasr Station St.,717,37,,84.21052631578947,ambiguous_registry_name,AMBIGUOUS,ambiguous_registry_name,Cairo Grand Supplies,A717
A55617,PH EL HOKAMA Main Road,757,43,,80.0,ambiguous_registry_name,AMBIGUOUS,ambiguous_registry_name,Al Wadi Medical Providers,B757
A55636,EL ALPHA PHARMA REHAB VIEW br.2,741,44,,93.87755102040816,ambiguous_registry_name,AMBIGUOUS,ambiguous_registry_name,Green Delta Enterprises,B741
A55637,Alpha Pharma Rehab View (2),741,44,,95.83333333333334,ambiguous_registry_name,AMBIGUOUS,ambiguous_registry_name,Green Delta Enterprises,B741
A55638,PY/Alpha Pharma Rehab View 6th Zone,760,48,,100.0,ambiguous_registry_name,AMBIGUOUS,ambiguous_registry_name,Two Rivers Distribution,C760
A55639,PH alpha pharma rehab view 6th Zone,760,48,,93.87755102040816,ambiguous_registry_name,AMBIGUOUS,ambiguous_registry_name,Two Rivers Distribution,C760
A55683,EL Care 24 Seven Obour Station St.,703,45,,92.6829268292683,ambiguous_registry_name,AMBIGUOUS,ambiguous_registry_name,Blue Crescent Medical Supply Co.,A703
A55684,Ph/Care 24 Seven Obour 04404,727,53,,86.36363636363636,ambiguous_registry_name,AMBIGUOUS,ambiguous_registry_name,White Nile Agencies,C727
A55686,Care 24 Seven Obour,739,43,,100.0,ambiguous_registry_name,AMBIGUOUS,ambiguous_registry_name,Sinai Bridge Trading,C739
A55693,PY/UNION PHARM NASR-A,715,27,,94.11764705882352,ambiguous_registry_name,AMBIGUOUS,ambiguous_registry_name,Delta Union Agencies,B715
A55695,el Union Pharm Nasr Branch 1,745,44,,91.42857142857143,ambiguous_registry_name,AMBIGUOUS,ambiguous_registry_name,Southern Cross Pharma,A745
A55696,El-UNION PHARM NASR Branch 1,745,44,,91.42857142857143,ambiguous_registry_name,AMBIGUOUS,ambiguous_registry_name,Southern Cross Pharma,A745
A55697,Union Pharm Nasr Mall774,770,56,,80.0,ambiguous_registry_name,AMBIGUOUS,ambiguous_registry_name,Marina Bay Trade,A770
A55698,El-Union Pharm Nasr,770,56,,91.42857142857143,ambiguous_registry_name,AMBIGUOUS,ambiguous_registry_name,Marina Bay Trade,A770
A55699,Ph/Union Pharm Nasr 04,776,39,,91.42857142857143,ambiguous_registry_name,AMBIGUOUS,ambiguous_registry_name,Seven Palms Distribution,A776
A55700,PY/union pharm nasr Branch 2,776,39,,100.0,ambiguous_registry_name,AMBIGUOUS,ambiguous_registry_name,Seven Palms Distribution,A776
A55701,Care 24 Seven916,706,52,,89.65517241379311,ambiguous_registry_name,AMBIGUOUS,ambiguous_registry_name,Nile Med Wholesale,A706
A55702,Care 24 Seven (2)894,723,42,,81.25,ambiguous_registry_name,AMBIGUOUS,ambiguous_registry_name,Ramses Wholesale Partners,A723
A55703,EL care 24 seven Branch 2864,723,42,,89.65517241379311,ambiguous_registry_name,AMBIGUOUS,ambiguous_registry_name,Ramses Wholesale Partners,A723
A55704,EL Care 24 Seven Station St.479,736,40,,80.0,ambiguous_registry_name,AMBIGUOUS,ambiguous_registry_name,United Bazaar Pharma,A736
A55705,Care 24 Seve n011,747,46,,80.0,ambiguous_registry_name,AMBIGUOUS,ambiguous_registry_name,Southern Cross Pharma,C747
A55706,PY/care 24 seven br.2844,749,48,,100.0,ambiguous_registry_name,AMBIGUOUS,ambiguous_registry_name,Karnak Medical Trading,B749
A55707,Care 24 Seven Branch 1,760,49,,100.0,ambiguous_registry_name,AMBIGUOUS,ambiguous_registry_name,Two Rivers Distribution,C760
A55708,Ph/Care 24 Seven br.2,760,49,,100.0,ambiguous_registry_name,AMBIGUOUS,ambiguous_registry_name,Two Rivers Distribution,C760
A55797,PH Misr Nozzha Main Road,722,50,,78.78787878787878,ambiguous_registry_name,AMBIGUOUS,ambiguous_registry_name,Saraya Pharmaceutical Supply,B722
A55807,PH Life Line Nasr Main Road,733,44,,85.0,ambiguous_registry_name,AMBIGUOUS,ambiguous_registry_name,Modern Chain Distributors,A733
A55830,PH SILVRE CARE NASR Branch 2,768,53,,81.81818181818181,ambiguous_registry_name,AMBIGUOUS,ambiguous_registry_name,Ocean Front Distributors,A768
A55867,PH Star Care br.2729,757,47,,80.0,ambiguous_registry_name,AMBIGUOUS,ambiguous_registry_name,Al Wadi Medical Providers,B757
A55870,PH el hokama nasr Main Road,701,48,,85.0,ambiguous_registry_name,AMBIGUOUS,ambiguous_registry_name,Al-Nour Pharmaceutical Distribution,B701
A55876,PH El Hokama Nasr br.2,751,52,,85.0,ambiguous_registry_name,AMBIGUOUS,ambiguous_registry_name,Falcon Wholesale Co.,A751
A55880,PH El Hokama Nasr,765,46,,85.0,ambiguous_registry_name,AMBIGUOUS,ambiguous_registry_name,Basil Corner Providers,A765
A55913,PY/El Zahraa Faisal Station St.,753,40,,78.04878048780488,ambiguous_registry_name,AMBIGUOUS,ambiguous_registry_name,Falcon Wholesale Co.,C753
A55934,care 24 seven nasr Mall,719,47,,100.0,ambiguous_registry_name,AMBIGUOUS,ambiguous_registry_name,Lotus Medcare Distribution,A719
A55935,PY/CARE 24 SEVEN NASR br.2,719,47,,100.0,ambiguous_registry_name,AMBIGUOUS,ambiguous_registry_name,Lotus Medcare Distribution,A719
A55937,Ph/care 24 seven nasr,734,49,,100.0,ambiguous_registry_name,AMBIGUOUS,ambiguous_registry_name,Modern Chain Distributors,B734
A55938,EL Care 24 Seven Nasr 04,734,49,,85.71428571428572,ambiguous_registry_name,AMBIGUOUS,ambiguous_registry_name,Modern Chain Distributors,B734
A55944,PH El Nasr Imbaba,771,42,,85.0,ambiguous_registry_name,AMBIGUOUS,ambiguous_registry_name,Marina Bay Trade,B771
A55947,PH ELITE NASR Branch 2,715,32,,86.95652173913044,ambiguous_registry_name,AMBIGUOUS,ambiguous_registry_name,Delta Union Agencies,B715
A55955,PH Blue Wave Banha,730,53,,85.71428571428572,ambiguous_registry_name,AMBIGUOUS,ambiguous_registry_name,Pyramid Health Supplies,A730
A55983,Ph/OMEGA REHAB VIEW br.2,777,43,,78.04878048780488,ambiguous_registry_name,AMBIGUOUS,ambiguous_registry_name,Seven Palms Distribution,B777
A55991,PH BLUE WAVE,763,55,,80.0,ambiguous_registry_name,AMBIGUOUS,ambiguous_registry_name,Saqqara Trade House,A763
A56002,Better Life Nasr br.2103,763,56,,78.04878048780488,ambiguous_registry_name,AMBIGUOUS,ambiguous_registry_name,Saqqara Trade House,A763
A56004,Ph/BETTER LIFE NASR 6th Zone,776,41,,78.04878048780488,ambiguous_registry_name,AMBIGUOUS,ambiguous_registry_name,Seven Palms Distribution,A776
A56060,Golden Care Montaza Mall,762,51,,80.85106382978724,ambiguous_registry_name,AMBIGUOUS,ambiguous_registry_name,Supreme Shelf Logistics,B762
A56093,Union Pharm Branch 2,701,49,,100.0,ambiguous_registry_name,AMBIGUOUS,ambiguous_registry_name,Al-Nour Pharmaceutical Distribution,B701
A56094,El-Union Pharm,706,56,,88.0,ambiguous_registry_name,AMBIGUOUS,ambiguous_registry_name,Nile Med Wholesale,A706
A56095,PH Union Pharm,752,39,,88.0,ambiguous_registry_name,AMBIGUOUS,ambiguous_registry_name,Falcon Wholesale Co.,B752
A56096,Union Pharm-A661,773,53,,81.4814814814815,ambiguous_registry_name,AMBIGUOUS,ambiguous_registry_name,Desert Bloom Suppliers,B773
A56097,EL union pharm br.2,780,51,,88.0,ambiguous_registry_name,AMBIGUOUS,ambiguous_registry_name,Alex Marine Providers,A780
A56098,UNION PHARM 04,705,52,,88.0,ambiguous_registry_name,AMBIGUOUS,ambiguous_registry_name,Blue Crescent Medical Supply Co.,C705
A56100,PH union pharm 6th Zone,707,37,,88.0,ambiguous_registry_name,AMBIGUOUS,ambiguous_registry_name,Tiba Distribution Group,A707
A56101,PH Union Pharm,718,40,,88.0,ambiguous_registry_name,AMBIGUOUS,ambiguous_registry_name,Cairo Grand Supplies,B718
A56102,UNION PHARM-A,762,52,,91.66666666666666,ambiguous_registry_name,AMBIGUOUS,ambiguous_registry_name,Supreme Shelf Logistics,B762
A56103,PY/Union Pharm Branch 1,762,52,,100.0,ambiguous_registry_name,AMBIGUOUS,ambiguous_registry_name,Supreme Shelf Logistics,B762
A56104,PH UNION PHARM 6th Zone,770,60,,88.0,ambiguous_registry_name,AMBIGUOUS,ambiguous_registry_name,Marina Bay Trade,A770
A56105,PH Union Phaarm Mall,770,60,,84.61538461538461,ambiguous_registry_name,AMBIGUOUS,ambiguous_registry_name,Marina Bay Trade,A770
A56106,PH union pharm Mall,782,53,,88.0,ambiguous_registry_name,AMBIGUOUS,ambiguous_registry_name,Summit Crest Trading,A782
A56107,el Pharma Plus 04,739,48,,80.0,ambiguous_registry_name,AMBIGUOUS,ambiguous_registry_name,Sinai Bridge Trading,C739
A56110,El-Pharma Plus Branch 2,750,48,,88.0,ambiguous_registry_name,AMBIGUOUS,ambiguous_registry_name,Pearl Route Agencies,A750
A56111,Pharma Plus,752,40,,100.0,ambiguous_registry_name,AMBIGUOUS,ambiguous_registry_name,Falcon Wholesale Co.,B752
A56112,el Pharma Plus 04,753,42,,80.0,ambiguous_registry_name,AMBIGUOUS,ambiguous_registry_name,Falcon Wholesale Co.,C753
A56114,PY/Pharma Plus 011,767,50,,84.61538461538461,ambiguous_registry_name,AMBIGUOUS,ambiguous_registry_name,Khufu Line Agencies,A767
A56115,pharma plus Main Road,767,50,,100.0,ambiguous_registry_name,AMBIGUOUS,ambiguous_registry_name,Khufu Line Agencies,A767
A56116,Pharma Plus-A,770,61,,91.66666666666666,ambiguous_registry_name,AMBIGUOUS,ambiguous_registry_name,Marina Bay Trade,A770
A56118,PH El Faraby Nasr 04,708,45,,79.06976744186046,ambiguous_registry_name,AMBIGUOUS,ambiguous_registry_name,Horus Pharm Agencies,A708
A56133,PH El Shifa Nasr,718,41,,84.21052631578947,ambiguous_registry_name,AMBIGUOUS,ambiguous_registry_name,Cairo Grand Supplies,B718
A56144,PH Better Life Mall,740,50,,82.35294117647058,ambiguous_registry_name,AMBIGUOUS,ambiguous_registry_name,Green Delta Enterprises,A740
A56165,PH BEETTER LIFE,725,58,,80.0,ambiguous_registry_name,AMBIGUOUS,ambiguous_registry_name,White Nile Agencies,A725
A56187,PH Star Care Smouha 011,734,51,,79.16666666666666,ambiguous_registry_name,AMBIGUOUS,ambiguous_registry_name,Modern Chain Distributors,B734
A56188,star care smouha Branch 1,750,49,,78.04878048780488,ambiguous_registry_name,AMBIGUOUS,ambiguous_registry_name,Pearl Route Agencies,A750
A56195,PH EL ZAHRAA br.2,776,42,,80.0,ambiguous_registry_name,AMBIGUOUS,ambiguous_registry_name,Seven Palms Distribution,A776
A56219,PY/Dr Medhat Montaza Branch 1,705,54,,79.06976744186046,ambiguous_registry_name,AMBIGUOUS,ambiguous_registry_name,Blue Crescent Medical Supply Co.,C705
A56224,PY/Dr Medhat Montaza,754,46,,79.06976744186046,ambiguous_registry_name,AMBIGUOUS,ambiguous_registry_name,October Central Supply,A754
A56227,PY/Care 24 Seven br.2,704,47,,100.0,ambiguous_registry_name,AMBIGUOUS,ambiguous_registry_name,Blue Crescent Medical Supply Co.,B704
A56228,care 24 seen Main Road,704,47,,96.0,ambiguous_registry_name,AMBIGUOUS,ambiguous_registry_name,Blue Crescent Medical Supply Co.,B704
A56229,el Care 24 Seven,710,54,,89.65517241379311,ambiguous_registry_name,AMBIGUOUS,ambiguous_registry_name,Horus Pharm Agencies,C710
A56230,PY/care 24 seven-A,710,54,,92.85714285714286,ambiguous_registry_name,AMBIGUOUS,ambiguous_registry_name,Horus Pharm Agencies,C710
A56231,Ph/care 24 seven-A,726,70,,92.85714285714286,ambiguous_registry_name,AMBIGUOUS,ambiguous_registry_name,White Nile Agencies,B726
A56233,el crae 24 seven,729,56,,83.33333333333334,ambiguous_registry_name,AMBIGUOUS,ambiguous_registry_name,Delta Star Medical Trade,B729
A56234,Care 24 Seven165,752,41,,89.65517241379311,ambiguous_registry_name,AMBIGUOUS,ambiguous_registry_name,Falcon Wholesale Co.,B752
A56252,PH LIFE LINE DOKKI 04,767,52,,80.0,ambiguous_registry_name,AMBIGUOUS,ambiguous_registry_name,Khufu Line Agencies,A767
A56260,el Care 24 Seven Mall,700,55,,89.65517241379311,ambiguous_registry_name,AMBIGUOUS,ambiguous_registry_name,Al-Nour Pharmaceutical Distribution,A700
A56261,El-CARE 24 SEVEN Mall,733,45,,89.65517241379311,ambiguous_registry_name,AMBIGUOUS,ambiguous_registry_name,Modern Chain Distributors,A733
A56262,EL care 24 seven 04,761,41,,82.05128205128204,ambiguous_registry_name,AMBIGUOUS,ambiguous_registry_name,Supreme Shelf Logistics,A761
A56263,Care 24 Seven Mall,768,55,,100.0,ambiguous_registry_name,AMBIGUOUS,ambiguous_registry_name,Ocean Front Distributors,A768
A56279,PH better life,776,44,,82.35294117647058,ambiguous_registry_name,AMBIGUOUS,ambiguous_registry_name,Seven Palms Distribution,A776
A56280,PH better life Station St.,776,44,,82.35294117647058,ambiguous_registry_name,AMBIGUOUS,ambiguous_registry_name,Seven Palms Distribution,A776
A56288,PH Family Nasr Branch 2721,722,55,,82.35294117647058,ambiguous_registry_name,AMBIGUOUS,ambiguous_registry_name,Saraya Pharmaceutical Supply,B722
A56308,PH Ebn Sina Branch 1,710,56,,78.57142857142857,ambiguous_registry_name,AMBIGUOUS,ambiguous_registry_name,Horus Pharm Agencies,C710
A56320,P ALPHA PHARMA (2),710,57,,85.71428571428572,ambiguous_registry_name,AMBIGUOUS,ambiguous_registry_name,Horus Pharm Agencies,C710
A56322,el Alpha Pharma Branch 1,727,59,,88.88888888888889,ambiguous_registry_name,AMBIGUOUS,ambiguous_registry_name,White Nile Agencies,C727
A56323,Alpha Pharma,727,59,,100.0,ambiguous_registry_name,AMBIGUOUS,ambiguous_registry_name,White Nile Agencies,C727
A56324,Ph/Alpha Pharma501,760,55,,88.88888888888889,ambiguous_registry_name,AMBIGUOUS,ambiguous_registry_name,Two Rivers Distribution,C760
A56325,Ph/Alpha Pharma,760,55,,100.0,ambiguous_registry_name,AMBIGUOUS,ambiguous_registry_name,Two Rivers Distribution,C760
A56327,ALPHA PHARMA Branch 1148,770,63,,100.0,ambiguous_registry_name,AMBIGUOUS,ambiguous_registry_name,Marina Bay Trade,A770
A56328,Alpha Pharma Mall,774,50,,100.0,ambiguous_registry_name,AMBIGUOUS,ambiguous_registry_name,Desert Bloom Suppliers,C774
A56329,PY/Alpha Pharma Branch 1,774,50,,100.0,ambiguous_registry_name,AMBIGUOUS,ambiguous_registry_name,Desert Bloom Suppliers,C774
A56330,ALPHA PHARMA,775,49,,100.0,ambiguous_registry_name,AMBIGUOUS,ambiguous_registry_name,Corner Stone Medical,A775
A56331,EL ALPHA PHARMA,777,48,,88.88888888888889,ambiguous_registry_name,AMBIGUOUS,ambiguous_registry_name,Seven Palms Distribution,B777
A56332,EL Alpha Pharma Mall,777,48,,88.88888888888889,ambiguous_registry_name,AMBIGUOUS,ambiguous_registry_name,Seven Palms Distribution,B777
A56375,Al Amal Haram Branch 1786,706,59,,82.75862068965517,ambiguous_registry_name,AMBIGUOUS,ambiguous_registry_name,Nile Med Wholesale,A706
A56376,al amal haram,731,53,,82.75862068965517,ambiguous_registry_name,AMBIGUOUS,ambiguous_registry_name,Pyramid Health Supplies,B731
A56379,PH Al Amal Haram,737,61,,84.21052631578947,ambiguous_registry_name,AMBIGUOUS,ambiguous_registry_name,Sinai Bridge Trading,A737
A56427,PH EL HOKAMA NASR-A,731,55,,80.95238095238095,ambiguous_registry_name,AMBIGUOUS,ambiguous_registry_name,Pyramid Health Supplies,B731
A56433,PH El Hokama Nasr,764,48,,85.0,ambiguous_registry_name,AMBIGUOUS,ambiguous_registry_name,Saqqara Trade House,B764
A56467,El-Union Pharm Imbaba Branch 2,720,58,,92.3076923076923,ambiguous_registry_name,AMBIGUOUS,ambiguous_registry_name,Lotus Medcare Distribution,B720
A56468,PH Union Phaarm Imbaba,720,58,,90.0,ambiguous_registry_name,AMBIGUOUS,ambiguous_registry_name,Lotus Medcare Distribution,B720
A56469,El-union pharm imbaba,734,53,,92.3076923076923,ambiguous_registry_name,AMBIGUOUS,ambiguous_registry_name,Modern Chain Distributors,B734
A56471,union pharm imbaba,751,55,,100.0,ambiguous_registry_name,AMBIGUOUS,ambiguous_registry_name,Falcon Wholesale Co.,A751
A56472,Union Pharm Imbaba-A,775,51,,94.73684210526316,ambiguous_registry_name,AMBIGUOUS,ambiguous_registry_name,Corner Stone Medical,A775
A56479,PH Blue Wave Nasr,769,51,,85.0,ambiguous_registry_name,AMBIGUOUS,ambiguous_registry_name,Ocean Front Distributors,B769
A56485,PY/Star Care Faisal Main Road,725,62,,78.04878048780488,ambiguous_registry_name,AMBIGUOUS,ambiguous_registry_name,White Nile Agencies,A725
A56492,Star Care Faisal Branch 1,775,53,,78.04878048780488,ambiguous_registry_name,AMBIGUOUS,ambiguous_registry_name,Corner Stone Medical,A775
A56493,PH star care faisal br.2,775,53,,86.36363636363636,ambiguous_registry_name,AMBIGUOUS,ambiguous_registry_name,Corner Stone Medical,A775
A56504,PH Star Care Nasr br.283,770,68,,85.0,ambiguous_registry_name,AMBIGUOUS,ambiguous_registry_name,Marina Bay Trade,A770
A56516,PH Blue Wave,766,61,,80.0,ambiguous_registry_name,AMBIGUOUS,ambiguous_registry_name,Basil Corner Providers,B766
A56554,Ph/Family Haram Branch 2,713,53,,81.4814814814815,ambiguous_registry_name,AMBIGUOUS,ambiguous_registry_name,El-Masria Trading Co.,C713
A56588,Al Nozha Nas rMall,732,58,,80.0,ambiguous_registry_name,AMBIGUOUS,ambiguous_registry_name,Pyramid Health Supplies,C732
A56607,PH Omega Nasr,767,55,,81.25,ambiguous_registry_name,AMBIGUOUS,ambiguous_registry_name,Khufu Line Agencies,A767
A56614,EL Alpha Pharma Branch 2,704,49,,88.88888888888889,ambiguous_registry_name,AMBIGUOUS,ambiguous_registry_name,Blue Crescent Medical Supply Co.,B704
A56616,EL alpha pharma Station St.,706,61,,88.88888888888889,ambiguous_registry_name,AMBIGUOUS,ambiguous_registry_name,Nile Med Wholesale,A706
A56617,Alpha Pharma Mall,706,61,,100.0,ambiguous_registry_name,AMBIGUOUS,ambiguous_registry_name,Nile Med Wholesale,A706
A56619,PY/ALPHA PHARM 011,742,59,,81.4814814814815,ambiguous_registry_name,AMBIGUOUS,ambiguous_registry_name,Green Delta Enterprises,C742
A56629,Better Life Faisal Branch 1,704,50,,80.0,ambiguous_registry_name,AMBIGUOUS,ambiguous_registry_name,Blue Crescent Medical Supply Co.,B704
A56631,PH Better Life Faisal Mall,717,43,,87.5,ambiguous_registry_name,AMBIGUOUS,ambiguous_registry_name,Cairo Grand Supplies,A717
A56635,PH DR MEDHAT NASR 6th Zone,719,52,,89.47368421052632,ambiguous_registry_name,AMBIGUOUS,ambiguous_registry_name,Lotus Medcare Distribution,A719
A56663,Green Leaf Square,724,56,,79.06976744186046,ambiguous_registry_name,AMBIGUOUS,ambiguous_registry_name,Ramses Wholesale Partners,B724
A56667,Green Leaf Square Branch 1,729,59,,79.06976744186046,ambiguous_registry_name,AMBIGUOUS,ambiguous_registry_name,Delta Star Medical Trade,B729
A56668,PY/green leaf square Station St.,740,55,,79.06976744186046,ambiguous_registry_name,AMBIGUOUS,ambiguous_registry_name,Green Delta Enterprises,A740
A56669,Ph/GREEN LEAF SQUARE Mall,752,47,,79.06976744186046,ambiguous_registry_name,AMBIGUOUS,ambiguous_registry_name,Falcon Wholesale Co.,B752
A56670,GREEN LEAF SQUARE Branch 1,752,47,,79.06976744186046,ambiguous_registry_name,AMBIGUOUS,ambiguous_registry_name,Falcon Wholesale Co.,B752
A56676,UNION PHARM SMOHA 011,733,49,,87.17948717948718,ambiguous_registry_name,AMBIGUOUS,ambiguous_registry_name,Modern Chain Distributors,A733
A56677,PY/UNION PHARMSMOUHA 04,733,49,,89.47368421052632,ambiguous_registry_name,AMBIGUOUS,ambiguous_registry_name,Modern Chain Distributors,A733
A56678,Ph/union pharm smouha Branch 1144,747,54,,100.0,ambiguous_registry_name,AMBIGUOUS,ambiguous_registry_name,Southern Cross Pharma,C747
A56686,PH health gate,714,56,,82.35294117647058,ambiguous_registry_name,AMBIGUOUS,ambiguous_registry_name,Delta Union Agencies,A714
A56697,PH Health Gate br.2,772,54,,82.35294117647058,ambiguous_registry_name,AMBIGUOUS,ambiguous_registry_name,Desert Bloom Suppliers,A772
A56727,PH Al Amal Maadi Station St.,775,55,,84.21052631578947,ambiguous_registry_name,AMBIGUOUS,ambiguous_registry_name,Corner Stone Medical,A775
A56728,Ph/PHARMA PLUS 04,701,51,,88.0,ambiguous_registry_name,AMBIGUOUS,ambiguous_registry_name,Al-Nour Pharmaceutical Distribution,B701
A56729,PY/pharma plus 04,716,47,,88.0,ambiguous_registry_name,AMBIGUOUS,ambiguous_registry_name,Delta Union Agencies,C716
A56730,Ph/Pharma Plus Mall,716,47,,100.0,ambiguous_registry_name,AMBIGUOUS,ambiguous_registry_name,Delta Union Agencies,C716
A56732,PY/Pharma Plus,717,45,,100.0,ambiguous_registry_name,AMBIGUOUS,ambiguous_registry_name,Cairo Grand Supplies,A717
A56733,Pharma Plus Main Road,724,57,,100.0,ambiguous_registry_name,AMBIGUOUS,ambiguous_registry_name,Ramses Wholesale Partners,B724
A56734,El-Pharma Plus,744,66,,88.0,ambiguous_registry_name,AMBIGUOUS,ambiguous_registry_name,Horus Elite Logistics,B744
A56735,Pharma Plus,757,57,,100.0,ambiguous_registry_name,AMBIGUOUS,ambiguous_registry_name,Al Wadi Medical Providers,B757
A56736,Pharma Plus Station St.812,762,57,,84.61538461538461,ambiguous_registry_name,AMBIGUOUS,ambiguous_registry_name,Supreme Shelf Logistics,B762
A56737,Ph/PHARMA PLUS Station St.,762,57,,100.0,ambiguous_registry_name,AMBIGUOUS,ambiguous_registry_name,Supreme Shelf Logistics,B762
A56740,PH El Shifa Square-A,750,53,,81.81818181818181,ambiguous_registry_name,AMBIGUOUS,ambiguous_registry_name,Pearl Route Agencies,A750
A56742,PH el shia square Mall,753,49,,82.92682926829268,ambiguous_registry_name,AMBIGUOUS,ambiguous_registry_name,Falcon Wholesale Co.,C753
A56800,PH DR MEDHAT,734,57,,80.0,ambiguous_registry_name,AMBIGUOUS,ambiguous_registry_name,Modern Chain Distributors,B734
A56822,PH Salamtek Nasr Branch 2,748,65,,84.21052631578947,ambiguous_registry_name,AMBIGUOUS,ambiguous_registry_name,Karnak Medical Trading,A748
A56831,PH sunrise montaza,746,48,,85.71428571428572,ambiguous_registry_name,AMBIGUOUS,ambiguous_registry_name,Southern Cross Pharma,B746
A56837,PH sunries montaza,769,52,,80.95238095238095,ambiguous_registry_name,AMBIGUOUS,ambiguous_registry_name,Ocean Front Distributors,B769
A56839,Better Life Maadi Main Road,704,55,,79.06976744186046,ambiguous_registry_name,AMBIGUOUS,ambiguous_registry_name,Blue Crescent Medical Supply Co.,B704
A56840,PH BETTER LIFE MAADI (2),705,57,,83.33333333333334,ambiguous_registry_name,AMBIGUOUS,ambiguous_registry_name,Blue Crescent Medical Supply Co.,C705
A56843,BETTER LIFE MAADI,712,65,,79.06976744186046,ambiguous_registry_name,AMBIGUOUS,ambiguous_registry_name,El-Masria Trading Co.,B712
A56845,BETTER LIFE MAADI Mall,721,48,,79.06976744186046,ambiguous_registry_name,AMBIGUOUS,ambiguous_registry_name,Saraya Pharmaceutical Supply,A721
A56846,Ph/BETTER LIFE MAADI Station St.,736,47,,79.06976744186046,ambiguous_registry_name,AMBIGUOUS,ambiguous_registry_name,United Bazaar Pharma,A736
A56884,SILVER CARE NASR Branch 1,719,56,,78.04878048780488,ambiguous_registry_name,AMBIGUOUS,ambiguous_registry_name,Lotus Medcare Distribution,A719
A56886,SILVER CARE NASR Station St.,731,59,,78.04878048780488,ambiguous_registry_name,AMBIGUOUS,ambiguous_registry_name,Pyramid Health Supplies,B731
A56888,SILVER CARE NASR Mall,734,58,,78.04878048780488,ambiguous_registry_name,AMBIGUOUS,ambiguous_registry_name,Modern Chain Distributors,B734
A56890,PH Silver Care Nasr (2),755,67,,82.6086956521739,ambiguous_registry_name,AMBIGUOUS,ambiguous_registry_name,October Central Supply,B755
A56892,UNION PHARM NASR481,701,54,,91.42857142857143,ambiguous_registry_name,AMBIGUOUS,ambiguous_registry_name,Al-Nour Pharmaceutical Distribution,B701
A56893,El-Union Pharm Nasr,719,57,,91.42857142857143,ambiguous_registry_name,AMBIGUOUS,ambiguous_registry_name,Lotus Medcare Distribution,A719
A56896,union pharm nasr,761,45,,100.0,ambiguous_registry_name,AMBIGUOUS,ambiguous_registry_name,Supreme Shelf Logistics,A761
A56897,UNION PHAM NASR Branch 2,761,45,,96.7741935483871,ambiguous_registry_name,AMBIGUOUS,ambiguous_registry_name,Supreme Shelf Logistics,A761
A56903,PH el faraby nasr Station St.,734,59,,85.0,ambiguous_registry_name,AMBIGUOUS,ambiguous_registry_name,Modern Chain Distributors,B734
A56913,PY/Sunrise Smouha MainRoad,730,57,,78.26086956521739,ambiguous_registry_name,AMBIGUOUS,ambiguous_registry_name,Pyramid Health Supplies,A730
A56957,PH sunrise marg Branch 1,702,53,,83.33333333333334,ambiguous_registry_name,AMBIGUOUS,ambiguous_registry_name,Al-Nour Pharmaceutical Distribution,C702
A56962,PH Al Amal Nasr Branch 1,715,41,,83.33333333333334,ambiguous_registry_name,AMBIGUOUS,ambiguous_registry_name,Delta Union Agencies,B715
A56971,PH Al Amal Nasr Main Road,774,53,,83.33333333333334,ambiguous_registry_name,AMBIGUOUS,ambiguous_registry_name,Desert Bloom Suppliers,C774
A56975,PY/BETTER LIFE HELWAN Main Road,701,56,,80.0,ambiguous_registry_name,AMBIGUOUS,ambiguous_registry_name,Al-Nour Pharmaceutical Distribution,B701
A56976,better life helwan,703,56,,80.0,ambiguous_registry_name,AMBIGUOUS,ambiguous_registry_name,Blue Crescent Medical Supply Co.,A703
A56977,PH Better Lief Helwan,703,56,,83.33333333333334,ambiguous_registry_name,AMBIGUOUS,ambiguous_registry_name,Blue Crescent Medical Supply Co.,A703
A56981,Better Life Helwan Main Road,769,53,,80.0,ambiguous_registry_name,AMBIGUOUS,ambiguous_registry_name,Ocean Front Distributors,B769
A56985,Better Life Helwan,777,58,,80.0,ambiguous_registry_name,AMBIGUOUS,ambiguous_registry_name,Seven Palms Distribution,B777
A56986,BETTER LIFE HELWAN,777,58,,80.0,ambiguous_registry_name,AMBIGUOUS,ambiguous_registry_name,Seven Palms Distribution,B777
A56995,PHARMA PLUS NASR 011,716,49,,88.88888888888889,ambiguous_registry_name,AMBIGUOUS,ambiguous_registry_name,Delta Union Agencies,C716
A56997,PY/Pharma Plus Nasr-A827,730,58,,86.48648648648648,ambiguous_registry_name,AMBIGUOUS,ambiguous_registry_name,Pyramid Health Supplies,A730
A56998,PY/Pharma Plus Nasr Branch 1,730,58,,100.0,ambiguous_registry_name,AMBIGUOUS,ambiguous_registry_name,Pyramid Health Supplies,A730
A56999,Pharma Plus Nasr 04,749,57,,91.42857142857143,ambiguous_registry_name,AMBIGUOUS,ambiguous_registry_name,Karnak Medical Trading,B749
A57027,EL alpha pharma rehab view Branch 1,713,57,,93.87755102040816,ambiguous_registry_name,AMBIGUOUS,ambiguous_registry_name,El-Masria Trading Co.,C713
A57028,EL Alpha Pharma Rehab View Station St.,713,57,,93.87755102040816,ambiguous_registry_name,AMBIGUOUS,ambiguous_registry_name,El-Masria Trading Co.,C713
A57029,alpha pharma rehab view 04,715,42,,93.87755102040816,ambiguous_registry_name,AMBIGUOUS,ambiguous_registry_name,Delta Union Agencies,B715
A57032,PH el faraby,721,50,,80.0,ambiguous_registry_name,AMBIGUOUS,ambiguous_registry_name,Saraya Pharmaceutical Supply,A721
A57040,PY/Alpha Pharma Nasr,708,51,,100.0,ambiguous_registry_name,AMBIGUOUS,ambiguous_registry_name,Horus Pharm Agencies,A708
A57041,PH Alpha Pharma Nasr 04,708,51,,85.0,ambiguous_registry_name,AMBIGUOUS,ambiguous_registry_name,Horus Pharm Agencies,A708
A57042,ALPHA PHARMA NASR 6th Zone,720,62,,100.0,ambiguous_registry_name,AMBIGUOUS,ambiguous_registry_name,Lotus Medcare Distribution,B720
A57043,Ph/Alpha Pharma Nasr (2),720,62,,94.44444444444444,ambiguous_registry_name,AMBIGUOUS,ambiguous_registry_name,Lotus Medcare Distribution,B720
A57045,ALPHA PHARMA NASR Main Road,742,63,,100.0,ambiguous_registry_name,AMBIGUOUS,ambiguous_registry_name,Green Delta Enterprises,C742
A57046,PH Alpha Pharma Nasr,742,63,,91.89189189189189,ambiguous_registry_name,AMBIGUOUS,ambiguous_registry_name,Green Delta Enterprises,C742
A57047,alpha pharma nasr Main Road,746,50,,100.0,ambiguous_registry_name,AMBIGUOUS,ambiguous_registry_name,Southern Cross Pharma,B746
A57057,AL NOZHA MONTAZA Mall,765,55,,78.04878048780488,ambiguous_registry_name,AMBIGUOUS,ambiguous_registry_name,Basil Corner Providers,A765
A57061,PH Sunrise Marg (2),769,54,,78.94736842105263,ambiguous_registry_name,AMBIGUOUS,ambiguous_registry_name,Ocean Front Distributors,B769
A57076,el Union Pharm Montaza 04,712,69,,86.36363636363636,ambiguous_registry_name,AMBIGUOUS,ambiguous_registry_name,El-Masria Trading Co.,B712
A57077,EL Union Pharm Montaza Branch 2,712,69,,92.6829268292683,ambiguous_registry_name,AMBIGUOUS,ambiguous_registry_name,El-Masria Trading Co.,B712
A57078,el Union Pharm Montaza 04,714,59,,86.36363636363636,ambiguous_registry_name,AMBIGUOUS,ambiguous_registry_name,Delta Union Agencies,A714
A57079,union pharm montaza,714,59,,100.0,ambiguous_registry_name,AMBIGUOUS,ambiguous_registry_name,Delta Union Agencies,A714
A57080,EL Union Pharm Montaza Station St.470,722,56,,84.44444444444444,ambiguous_registry_name,AMBIGUOUS,ambiguous_registry_name,Saraya Pharmaceutical Supply,B722
A57081,Ph/UNION PHARM MONTAZA 6th Zone,734,60,,100.0,ambiguous_registry_name,AMBIGUOUS,ambiguous_registry_name,Modern Chain Distributors,B734
A57082,El-Union Pharm Montaza Branch 2124,739,60,,92.6829268292683,ambiguous_registry_name,AMBIGUOUS,ambiguous_registry_name,Sinai Bridge Trading,C739
A57083,EL Union Pharm Montaza Branch 2,739,60,,92.6829268292683,ambiguous_registry_name,AMBIGUOUS,ambiguous_registry_name,Sinai Bridge Trading,C739
A57084,Union Pharm Montaza Mall631,760,62,,82.6086956521739,ambiguous_registry_name,AMBIGUOUS,ambiguous_registry_name,Two Rivers Distribution,C760
A57085,PY/UNION PHARM MONTAZA-A871,760,62,,88.37209302325581,ambiguous_registry_name,AMBIGUOUS,ambiguous_registry_name,Two Rivers Distribution,C760
A57086,UNION PHARM MONTAZA Branch 2,761,46,,100.0,ambiguous_registry_name,AMBIGUOUS,ambiguous_registry_name,Supreme Shelf Logistics,A761
A57087,El-union pharm montaza671,761,46,,86.36363636363636,ambiguous_registry_name,AMBIGUOUS,ambiguous_registry_name,Supreme Shelf Logistics,A761
A57090,PH SUNRISE NASR,721,51,,83.33333333333334,ambiguous_registry_name,AMBIGUOUS,ambiguous_registry_name,Saraya Pharmaceutical Supply,A721
A57105,STAR CARE SQUARE Branch 1,705,60,,82.05128205128204,ambiguous_registry_name,AMBIGUOUS,ambiguous_registry_name,Blue Crescent Medical Supply Co.,C705
A57106,Star Care Square Mall,708,52,,82.05128205128204,ambiguous_registry_name,AMBIGUOUS,ambiguous_registry_name,Horus Pharm Agencies,A708
A57112,PY/STAR CARE SQUARE Branch 2,740,59,,82.05128205128204,ambiguous_registry_name,AMBIGUOUS,ambiguous_registry_name,Green Delta Enterprises,A740
A57113,PY/Star Care Square Station St.,754,53,,82.05128205128204,ambiguous_registry_name,AMBIGUOUS,ambiguous_registry_name,October Central Supply,A754
A57115,STAR CARE SQUARE Station St.,774,55,,82.05128205128204,ambiguous_registry_name,AMBIGUOUS,ambiguous_registry_name,Desert Bloom Suppliers,C774
A57116,PH better life nasr-A,704,57,,82.6086956521739,ambiguous_registry_name,AMBIGUOUS,ambiguous_registry_name,Blue Crescent Medical Supply Co.,B704
A57117,PH better life nasr Station St.,704,57,,86.36363636363636,ambiguous_registry_name,AMBIGUOUS,ambiguous_registry_name,Blue Crescent Medical Supply Co.,B704
A57122,better life nasr Branch 1,760,63,,78.04878048780488,ambiguous_registry_name,AMBIGUOUS,ambiguous_registry_name,Two Rivers Distribution,C760
A57136,PH HOPE ZAYED br.2,782,61,,81.25,ambiguous_registry_name,AMBIGUOUS,ambiguous_registry_name,Summit Crest Trading,A782
A57138,PHARMA PLUS OCT CITY-A330,710,65,,88.88888888888889,ambiguous_registry_name,AMBIGUOUS,ambiguous_registry_name,Horus Pharm Agencies,C710
A57139,el PHARMA PLUS OCT CITY (2),737,65,,88.88888888888889,ambiguous_registry_name,AMBIGUOUS,ambiguous_registry_name,Sinai Bridge Trading,A737
A57140,pharma plus oct city,745,50,,100.0,ambiguous_registry_name,AMBIGUOUS,ambiguous_registry_name,Southern Cross Pharma,A745
A57141,PHARMA PLUSO CT CITY,745,50,,95.0,ambiguous_registry_name,AMBIGUOUS,ambiguous_registry_name,Southern Cross Pharma,A745
A57142,el Pharma Plus Oct City,749,59,,93.02325581395348,ambiguous_registry_name,AMBIGUOUS,ambiguous_registry_name,Karnak Medical Trading,B749
A57150,Ph/GOLDEN CARE MONTAZA,720,64,,80.85106382978724,ambiguous_registry_name,AMBIGUOUS,ambiguous_registry_name,Lotus Medcare Distribution,B720
A57151,GOLDEN CARE MONTAZA,720,64,,80.85106382978724,ambiguous_registry_name,AMBIGUOUS,ambiguous_registry_name,Lotus Medcare Distribution,B720
A57154,PH Golden Care Mntaza,757,63,,85.71428571428572,ambiguous_registry_name,AMBIGUOUS,ambiguous_registry_name,Al Wadi Medical Providers,B757
A57156,Golden Care Montaza,764,53,,80.85106382978724,ambiguous_registry_name,AMBIGUOUS,ambiguous_registry_name,Saqqara Trade House,B764
A57157,golden care montaza Branch 2,764,53,,80.85106382978724,ambiguous_registry_name,AMBIGUOUS,ambiguous_registry_name,Saqqara Trade House,B764
A57178,city care faisal br.2,713,61,,78.04878048780488,ambiguous_registry_name,AMBIGUOUS,ambiguous_registry_name,El-Masria Trading Co.,C713
A57179,CITY CARE FAISAL Branch 1,731,63,,78.04878048780488,ambiguous_registry_name,AMBIGUOUS,ambiguous_registry_name,Pyramid Health Supplies,B731
A57180,Ph/City Care Faisal Main Road,780,60,,78.04878048780488,ambiguous_registry_name,AMBIGUOUS,ambiguous_registry_name,Alex Marine Providers,A780
A57193,Star Care Square Main Road,705,61,,82.05128205128204,ambiguous_registry_name,AMBIGUOUS,ambiguous_registry_name,Blue Crescent Medical Supply Co.,C705
A57195,PH star care square 6th Zone,740,60,,90.47619047619048,ambiguous_registry_name,AMBIGUOUS,ambiguous_registry_name,Green Delta Enterprises,A740
A57232,PH EL BARAKA OBOUR 04,712,70,,80.0,ambiguous_registry_name,AMBIGUOUS,ambiguous_registry_name,El-Masria Trading Co.,B712
A57242,PH El Baraka Obour-A,778,60,,81.81818181818181,ambiguous_registry_name,AMBIGUOUS,ambiguous_registry_name,Seven Palms Distribution,C778
A57249,PH Dr Medhat 6th Zone,708,53,,80.0,ambiguous_registry_name,AMBIGUOUS,ambiguous_registry_name,Horus Pharm Agencies,A708
A57261,PY/LIFE LINE FAISAL Branch 1,738,60,,78.04878048780488,ambiguous_registry_name,AMBIGUOUS,ambiguous_registry_name,Sinai Bridge Trading,B738
A57263,PH LIFE LINE FAISAL (2),770,74,,82.6086956521739,ambiguous_registry_name,AMBIGUOUS,ambiguous_registry_name,Marina Bay Trade,A770
A57265,Ph/health gate nasr,741,56,,78.04878048780488,ambiguous_registry_name,AMBIGUOUS,ambiguous_registry_name,Green Delta Enterprises,B741
A57266,PH health gate nasr-A,741,56,,82.6086956521739,ambiguous_registry_name,AMBIGUOUS,ambiguous_registry_name,Green Delta Enterprises,B741
A57267,PY/health gate nasr Branch 1890,763,64,,78.04878048780488,ambiguous_registry_name,AMBIGUOUS,ambiguous_registry_name,Saqqara Trade House,A763
A57303,PH Life Line Branch 2,765,57,,80.0,ambiguous_registry_name,AMBIGUOUS,ambiguous_registry_name,Basil Corner Providers,A765
A57338,PY/GREEN LEAF FAISAL Branch 2,712,71,,79.06976744186046,ambiguous_registry_name,AMBIGUOUS,ambiguous_registry_name,El-Masria Trading Co.,B712
A57340,PH Green Leaf Faisal,737,66,,86.95652173913044,ambiguous_registry_name,AMBIGUOUS,ambiguous_registry_name,Sinai Bridge Trading,A737
A57344,GREEN LEAF FAISAL,747,60,,79.06976744186046,ambiguous_registry_name,AMBIGUOUS,ambiguous_registry_name,Southern Cross Pharma,C747
A57345,PH Green Leaf Faisal 04,762,62,,81.63265306122449,ambiguous_registry_name,AMBIGUOUS,ambiguous_registry_name,Supreme Shelf Logistics,B762
A57348,PH NILE CARE FAISAL 04,721,54,,80.85106382978724,ambiguous_registry_name,AMBIGUOUS,ambiguous_registry_name,Saraya Pharmaceutical Supply,A721
A57349,nile care faisal br.2,721,54,,78.04878048780488,ambiguous_registry_name,AMBIGUOUS,ambiguous_registry_name,Saraya Pharmaceutical Supply,A721
A57350,PH Nile Care FFaisal,723,55,,84.44444444444444,ambiguous_registry_name,AMBIGUOUS,ambiguous_registry_name,Ramses Wholesale Partners,A723
A57389,PH EL ZAHRAA,729,66,,80.0,ambiguous_registry_name,AMBIGUOUS,ambiguous_registry_name,Delta Star Medical Trade,B729
A57410,EL ZAHRAA FAISAL Station St.,748,71,,78.04878048780488,ambiguous_registry_name,AMBIGUOUS,ambiguous_registry_name,Karnak Medical Trading,A748
A57412,El Zahraa Faisal,764,60,,78.04878048780488,ambiguous_registry_name,AMBIGUOUS,ambiguous_registry_name,Saqqara Trade House,B764
A57415,GOLDEN CARE FAISAL Branch 1,723,56,,80.0,ambiguous_registry_name,AMBIGUOUS,ambiguous_registry_name,Ramses Wholesale Partners,A723
A57416,PH GOLDEN CARE FAISAL br.2,723,56,,87.5,ambiguous_registry_name,AMBIGUOUS,ambiguous_registry_name,Ramses Wholesale Partners,A723
A57417,Ph/Golden Care Faisal Station St.,736,49,,80.0,ambiguous_registry_name,AMBIGUOUS,ambiguous_registry_name,United Bazaar Pharma,A736
A57431,EL ZAHRAA HELWAN,731,66,,78.04878048780488,ambiguous_registry_name,AMBIGUOUS,ambiguous_registry_name,Pyramid Health Supplies,B731
A57435,PH green leaf Branch 1,726,80,,81.25,ambiguous_registry_name,AMBIGUOUS,ambiguous_registry_name,White Nile Agencies,B726
A57436,PH Green Leaf 6th Zone,743,43,,81.25,ambiguous_registry_name,AMBIGUOUS,ambiguous_registry_name,Horus Elite Logistics,A743
A57462,PH Salamtek Faisal 04,736,51,,80.0,ambiguous_registry_name,AMBIGUOUS,ambiguous_registry_name,United Bazaar Pharma,A736
A57477,PHH metro zayed,733,55,,80.0,ambiguous_registry_name,AMBIGUOUS,ambiguous_registry_name,Modern Chain Distributors,A733
A57489,Ph/El Baraka Square,741,60,,78.04878048780488,ambiguous_registry_name,AMBIGUOUS,ambiguous_registry_name,Green Delta Enterprises,B741
A57492,EL BARAKA SQUARE Branch 1,777,59,,78.04878048780488,ambiguous_registry_name,AMBIGUOUS,ambiguous_registry_name,Seven Palms Distribution,B777
A57504,PY/alpha pharma faisal,702,56,,100.0,ambiguous_registry_name,AMBIGUOUS,ambiguous_registry_name,Al-Nour Pharmaceutical Distribution,C702
A57505,PH Alpha Pharma Faisal (2),712,74,,88.37209302325581,ambiguous_registry_name,AMBIGUOUS,ambiguous_registry_name,El-Masria Trading Co.,B712
A57506,el ALPHA PHARMA FAISAL (2),713,64,,88.37209302325581,ambiguous_registry_name,AMBIGUOUS,ambiguous_registry_name,El-Masria Trading Co.,C713
A57507,Alpha Pharma Faisal,730,62,,100.0,ambiguous_registry_name,AMBIGUOUS,ambiguous_registry_name,Pyramid Health Supplies,A730
A57508,PY/Alpha Pharma Faisal-A,730,62,,95.0,ambiguous_registry_name,AMBIGUOUS,ambiguous_registry_name,Pyramid Health Supplies,A730
A57510,PH ALPHA PHARMA FAISAL,752,53,,92.6829268292683,ambiguous_registry_name,AMBIGUOUS,ambiguous_registry_name,Falcon Wholesale Co.,B752
A57511,El-Alpha Pharma Faisal,752,53,,92.6829268292683,ambiguous_registry_name,AMBIGUOUS,ambiguous_registry_name,Falcon Wholesale Co.,B752
A57512,PY/Alpha Pharma Faisal,763,66,,100.0,ambiguous_registry_name,AMBIGUOUS,ambiguous_registry_name,Saqqara Trade House,A763
A57513,PY/Alpha Phharma Faisal,765,58,,97.43589743589743,ambiguous_registry_name,AMBIGUOUS,ambiguous_registry_name,Basil Corner Providers,A765
A57522,PH Hope Oboour,736,52,,78.78787878787878,ambiguous_registry_name,AMBIGUOUS,ambiguous_registry_name,United Bazaar Pharma,A736
A57525,Better Life Maadi Branch 1,713,66,,79.06976744186046,ambiguous_registry_name,AMBIGUOUS,ambiguous_registry_name,El-Masria Trading Co.,C713
A57527,PH Better Life Maadi 04,721,58,,81.63265306122449,ambiguous_registry_name,AMBIGUOUS,ambiguous_registry_name,Saraya Pharmaceutical Supply,A721
A57529,PH Better Life Maadi 6th Zone,729,68,,86.95652173913044,ambiguous_registry_name,AMBIGUOUS,ambiguous_registry_name,Delta Star Medical Trade,B729
A57530,PY/better life maadi Station St.,732,65,,79.06976744186046,ambiguous_registry_name,AMBIGUOUS,ambiguous_registry_name,Pyramid Health Supplies,C732
A57534,Ph/Better Life Maadi Main Road,778,63,,79.06976744186046,ambiguous_registry_name,AMBIGUOUS,ambiguous_registry_name,Seven Palms Distribution,C778
A57535,BETTER LIFE MAADI,778,63,,79.06976744186046,ambiguous_registry_name,AMBIGUOUS,ambiguous_registry_name,Seven Palms Distribution,C778
A57536,PY/el baraka rehab view,734,62,,81.63265306122449,ambiguous_registry_name,AMBIGUOUS,ambiguous_registry_name,Modern Chain Distributors,B734
A57537,EL BARAKA REHAB VIEW-A,749,61,,78.43137254901961,ambiguous_registry_name,AMBIGUOUS,ambiguous_registry_name,Karnak Medical Trading,B749
A57544,PH Health Gate Main Road,735,56,,82.35294117647058,ambiguous_registry_name,AMBIGUOUS,ambiguous_registry_name,Modern Chain Distributors,C735
A57557,PH MIRA AGAMI,735,57,,81.25,ambiguous_registry_name,AMBIGUOUS,ambiguous_registry_name,Modern Chain Distributors,C735
A57570,PH Silver Care Branch 2,777,61,,82.35294117647058,ambiguous_registry_name,AMBIGUOUS,ambiguous_registry_name,Seven Palms Distribution,B777
A57575,Ph/Life Line Faisal rb.2,742,66,,78.26086956521739,ambiguous_registry_name,AMBIGUOUS,ambiguous_registry_name,Green Delta Enterprises,C742
A57576,Life Line Faisal Branch 1,742,66,,78.04878048780488,ambiguous_registry_name,AMBIGUOUS,ambiguous_registry_name,Green Delta Enterprises,C742
A57579,PY/life line faisal Branch 1486,759,58,,78.04878048780488,ambiguous_registry_name,AMBIGUOUS,ambiguous_registry_name,Two Rivers Distribution,B759
A57589,PH mira faisal,714,62,,82.35294117647058,ambiguous_registry_name,AMBIGUOUS,ambiguous_registry_name,Delta Union Agencies,A714
A57593,PH Mira Faisal Branch 1,745,53,,82.35294117647058,ambiguous_registry_name,AMBIGUOUS,ambiguous_registry_name,Southern Cross Pharma,A745
A57626,PH Al Amal Haram Main Road,703,61,,84.21052631578947,ambiguous_registry_name,AMBIGUOUS,ambiguous_registry_name,Blue Crescent Medical Supply Co.,A703
A57631,EL Pharma Plus Main Road,733,58,,88.0,ambiguous_registry_name,AMBIGUOUS,ambiguous_registry_name,Modern Chain Distributors,A733
A57632,Pharma Plus Main Road,733,58,,100.0,ambiguous_registry_name,AMBIGUOUS,ambiguous_registry_name,Modern Chain Distributors,A733
A57633,PHARMA PLUS Mall,734,64,,100.0,ambiguous_registry_name,AMBIGUOUS,ambiguous_registry_name,Modern Chain Distributors,B734
A57634,Pharma Plus 04208,739,64,,78.57142857142857,ambiguous_registry_name,AMBIGUOUS,ambiguous_registry_name,Sinai Bridge Trading,C739
A57635,PY/pharma plus-A,744,71,,91.66666666666666,ambiguous_registry_name,AMBIGUOUS,ambiguous_registry_name,Horus Elite Logistics,B744
A57636,EL PHARMA PLUS Main Road,744,71,,88.0,ambiguous_registry_name,AMBIGUOUS,ambiguous_registry_name,Horus Elite Logistics,B744
A57637,pharma plus Branch 2,753,56,,100.0,ambiguous_registry_name,AMBIGUOUS,ambiguous_registry_name,Falcon Wholesale Co.,C753
A57640,EL pharma plus,769,57,,88.0,ambiguous_registry_name,AMBIGUOUS,ambiguous_registry_name,Ocean Front Distributors,B769
A57659,PH SUNRISE FAISAL,721,61,,85.0,ambiguous_registry_name,AMBIGUOUS,ambiguous_registry_name,Saraya Pharmaceutical Supply,A721
A57686,PH Ebn Sina Haram,756,70,,85.0,ambiguous_registry_name,AMBIGUOUS,ambiguous_registry_name,Al Wadi Medical Providers,A756
A57688,PY/EBN SINA HARAM-A,767,62,,78.78787878787878,ambiguous_registry_name,AMBIGUOUS,ambiguous_registry_name,Khufu Line Agencies,A767
A57691,Ebn Sina Haram Branch 2,777,62,,83.87096774193549,ambiguous_registry_name,AMBIGUOUS,ambiguous_registry_name,Seven Palms Distribution,B777
A57694,PH Dr Medhat Faisal Main Road,726,82,,90.47619047619048,ambiguous_registry_name,AMBIGUOUS,ambiguous_registry_name,White Nile Agencies,B726
A57698,PH ebn sina faisal Branch 1,727,74,,85.71428571428572,ambiguous_registry_name,AMBIGUOUS,ambiguous_registry_name,White Nile Agencies,C727
A57706,PH El Faraby Faisal 04,760,66,,80.85106382978724,ambiguous_registry_name,AMBIGUOUS,ambiguous_registry_name,Two Rivers Distribution,C760
A57710,El Faraby Faisal Main Road,766,70,,78.04878048780488,ambiguous_registry_name,AMBIGUOUS,ambiguous_registry_name,Basil Corner Providers,B766
A57718,PH LIFE LINE FAISAL (2),716,55,,82.6086956521739,ambiguous_registry_name,AMBIGUOUS,ambiguous_registry_name,Delta Union Agencies,C716
A57721,LIFE LINE FAISAL Mall,726,83,,78.04878048780488,ambiguous_registry_name,AMBIGUOUS,ambiguous_registry_name,White Nile Agencies,B726
A57722,life line faisal,727,75,,78.04878048780488,ambiguous_registry_name,AMBIGUOUS,ambiguous_registry_name,White Nile Agencies,C727
A57723,Ph/Life Line Faisal Station St.,727,75,,78.04878048780488,ambiguous_registry_name,AMBIGUOUS,ambiguous_registry_name,White Nile Agencies,C727
A57725,Life Line Faisal Branch 2,743,47,,78.04878048780488,ambiguous_registry_name,AMBIGUOUS,ambiguous_registry_name,Horus Elite Logistics,A743
A57744,PY/dr medhat faisal,748,72,,82.05128205128204,ambiguous_registry_name,AMBIGUOUS,ambiguous_registry_name,Karnak Medical Trading,A748
A57751,el hokama smouha,741,62,,78.04878048780488,ambiguous_registry_name,AMBIGUOUS,ambiguous_registry_name,Green Delta Enterprises,B741
A57755,PY/El Hokama Smouha br.2,767,63,,78.04878048780488,ambiguous_registry_name,AMBIGUOUS,ambiguous_registry_name,Khufu Line Agencies,A767
A57810,Pharma Plus Zayed 011,716,58,,89.47368421052632,ambiguous_registry_name,AMBIGUOUS,ambiguous_registry_name,Delta Union Agencies,C716
A57811,Pharma Plus Zayed Station St.,729,69,,100.0,ambiguous_registry_name,AMBIGUOUS,ambiguous_registry_name,Delta Star Medical Trade,B729
A57812,PY/pharma plus zayed 6th Zone,729,69,,100.0,ambiguous_registry_name,AMBIGUOUS,ambiguous_registry_name,Delta Star Medical Trade,B729
A57813,Pharma Plus Zayed 011380,732,68,,82.92682926829268,ambiguous_registry_name,AMBIGUOUS,ambiguous_registry_name,Pyramid Health Supplies,C732
A57814,Ph/pharma plus zayed br.2769,732,68,,100.0,ambiguous_registry_name,AMBIGUOUS,ambiguous_registry_name,Pyramid Health Supplies,C732
A57815,Phh/Pharma Plus Zayed 6th Zone,743,49,,89.47368421052632,ambiguous_registry_name,AMBIGUOUS,ambiguous_registry_name,Horus Elite Logistics,A743
A57816,PY/pharma plus zayedd-A,753,58,,91.89189189189189,ambiguous_registry_name,AMBIGUOUS,ambiguous_registry_name,Falcon Wholesale Co.,C753
A57817,PY/Pharma Plus Zayed Mall155,753,58,,80.95238095238095,ambiguous_registry_name,AMBIGUOUS,ambiguous_registry_name,Falcon Wholesale Co.,C753
A57818,pharma plus zayed 011,770,77,,89.47368421052632,ambiguous_registry_name,AMBIGUOUS,ambiguous_registry_name,Marina Bay Trade,A770
A57819,PY/pharma plus zayed Mall,770,77,,100.0,ambiguous_registry_name,AMBIGUOUS,ambiguous_registry_name,Marina Bay Trade,A770
A57820,Pharma Plus Zayed Mall,778,68,,100.0,ambiguous_registry_name,AMBIGUOUS,ambiguous_registry_name,Seven Palms Distribution,C778
A57821,PHARMA PLUS ZAYED 04,782,70,,91.89189189189189,ambiguous_registry_name,AMBIGUOUS,ambiguous_registry_name,Summit Crest Trading,A782
A57850,El Hokama Faisal,719,62,,78.04878048780488,ambiguous_registry_name,AMBIGUOUS,ambiguous_registry_name,Lotus Medcare Distribution,A719
A57851,El Hokama Faisal Mall,719,62,,78.04878048780488,ambiguous_registry_name,AMBIGUOUS,ambiguous_registry_name,Lotus Medcare Distribution,A719
A57852,El Hokama Faisal,758,49,,78.04878048780488,ambiguous_registry_name,AMBIGUOUS,ambiguous_registry_name,Two Rivers Distribution,A758
A57871,PH Pharma Plus Faisal Branch 1,712,76,,92.3076923076923,ambiguous_registry_name,AMBIGUOUS,ambiguous_registry_name,El-Masria Trading Co.,B712
A57872,pharma plus faisal 6th Zone,712,76,,100.0,ambiguous_registry_name,AMBIGUOUS,ambiguous_registry_name,El-Masria Trading Co.,B712
A57873,Pharma Plus Faisal,714,68,,100.0,ambiguous_registry_name,AMBIGUOUS,ambiguous_registry_name,Delta Union Agencies,A714
A57874,pharma plus faisal Branch 1,714,68,,100.0,ambiguous_registry_name,AMBIGUOUS,ambiguous_registry_name,Delta Union Agencies,A714
A57876,Ph/PHARMA PLUS FAISAL Main Road,757,69,,100.0,ambiguous_registry_name,AMBIGUOUS,ambiguous_registry_name,Al Wadi Medical Providers,B757
A57877,pharma plus faisal,761,50,,100.0,ambiguous_registry_name,AMBIGUOUS,ambiguous_registry_name,Supreme Shelf Logistics,A761
A57878,El-Pharma Plus Faisal Main Road,761,50,,92.3076923076923,ambiguous_registry_name,AMBIGUOUS,ambiguous_registry_name,Supreme Shelf Logistics,A761
A57881,PY/star care faisal Branch 2,776,54,,78.04878048780488,ambiguous_registry_name,AMBIGUOUS,ambiguous_registry_name,Seven Palms Distribution,A776
A57936,Ph/better life faisal 6th Zone,717,53,,80.0,ambiguous_registry_name,AMBIGUOUS,ambiguous_registry_name,Cairo Grand Supplies,A717
A57943,PH AL AMAL SMOUHA (2),704,61,,80.95238095238095,ambiguous_registry_name,AMBIGUOUS,ambiguous_registry_name,Blue Crescent Medical Supply Co.,B704
A57952,PH life line agami,719,64,,85.71428571428572,ambiguous_registry_name,AMBIGUOUS,ambiguous_registry_name,Lotus Medcare Distribution,A719
A57961,PH life line agami Station St.769,764,65,,78.26086956521739,ambiguous_registry_name,AMBIGUOUS,ambiguous_registry_name,Saqqara Trade House,B764
A57965,golden care faisal Branch 2,746,59,,80.0,ambiguous_registry_name,AMBIGUOUS,ambiguous_registry_name,Southern Cross Pharma,B746
A57967,Ph/GOLDEN CARE FAISAL 6th Zone,760,67,,80.0,ambiguous_registry_name,AMBIGUOUS,ambiguous_registry_name,Two Rivers Distribution,C760
A57989,BETTER LIFE FAISAL Main Road,755,76,,80.0,ambiguous_registry_name,AMBIGUOUS,ambiguous_registry_name,October Central Supply,B755
A57990,PH BETTER LIFE FAISAL Branch 2,764,66,,87.5,ambiguous_registry_name,AMBIGUOUS,ambiguous_registry_name,Saqqara Trade House,B764
A57991,better life faisal Station St.,764,66,,80.0,ambiguous_registry_name,AMBIGUOUS,ambiguous_registry_name,Saqqara Trade House,B764
A57997,PH Ebn Sina Faisal,704,62,,85.71428571428572,ambiguous_registry_name,AMBIGUOUS,ambiguous_registry_name,Blue Crescent Medical Supply Co.,B704
A58000,PH Ebn Sina Faiasl,731,71,,80.95238095238095,ambiguous_registry_name,AMBIGUOUS,ambiguous_registry_name,Pyramid Health Supplies,B731
A58018,PH EL ZAHRAA Branch 2,728,60,,80.0,ambiguous_registry_name,AMBIGUOUS,ambiguous_registry_name,Delta Star Medical Trade,A728
A58043,Green Leaf Square Main Road,719,65,,79.06976744186046,ambiguous_registry_name,AMBIGUOUS,ambiguous_registry_name,Lotus Medcare Distribution,A719
A58044,PH GREEN LEAF SQUARRE 011,720,72,,78.43137254901961,ambiguous_registry_name,AMBIGUOUS,ambiguous_registry_name,Lotus Medcare Distribution,B720
A58045,GREEN LEAF SQUARE Station St.,720,72,,79.06976744186046,ambiguous_registry_name,AMBIGUOUS,ambiguous_registry_name,Lotus Medcare Distribution,B720
A58046,PH Green Leaf Square 6th Zone,721,65,,86.95652173913044,ambiguous_registry_name,AMBIGUOUS,ambiguous_registry_name,Saraya Pharmaceutical Supply,A721
A58053,Ph/green leaf square Branch 1472,755,78,,79.06976744186046,ambiguous_registry_name,AMBIGUOUS,ambiguous_registry_name,October Central Supply,B755
A58054,GREEN LEAF SQUARE br.2,756,77,,79.06976744186046,ambiguous_registry_name,AMBIGUOUS,ambiguous_registry_name,Al Wadi Medical Providers,A756
A58066,PH al nozha faisal,722,64,,85.71428571428572,ambiguous_registry_name,AMBIGUOUS,ambiguous_registry_name,Saraya Pharmaceutical Supply,B722
A58080,Care 24 Seven Faisal Station St.,701,66,,100.0,ambiguous_registry_name,AMBIGUOUS,ambiguous_registry_name,Al-Nour Pharmaceutical Distribution,B701
A58081,el Care 24 Seven Faisal 011,701,66,,85.1063829787234,ambiguous_registry_name,AMBIGUOUS,ambiguous_registry_name,Al-Nour Pharmaceutical Distribution,B701
A58082,care 24 seven faisal 04,721,66,,93.02325581395348,ambiguous_registry_name,AMBIGUOUS,ambiguous_registry_name,Saraya Pharmaceutical Supply,A721
A58083,el CARE 24 SEVEN FAISAL-A,721,66,,88.88888888888889,ambiguous_registry_name,AMBIGUOUS,ambiguous_registry_name,Saraya Pharmaceutical Supply,A721
A58089,care 24 seven faisal Brnch 2,774,62,,83.33333333333334,ambiguous_registry_name,AMBIGUOUS,ambiguous_registry_name,Desert Bloom Suppliers,C774
A58090,PY/Care 24 Seven Faisal Main Road,775,63,,100.0,ambiguous_registry_name,AMBIGUOUS,ambiguous_registry_name,Corner Stone Medical,A775
A58091,PY/Seha First Haram Mall,711,52,,85.71428571428572,ambiguous_registry_name,AMBIGUOUS,ambiguous_registry_name,El-Masria Trading Co.,A711
A58092,Ph/seha first haram Station St.,711,52,,85.71428571428572,ambiguous_registry_name,AMBIGUOUS,ambiguous_registry_name,El-Masria Trading Co.,A711
A58099,PY/seha first haram Mall,774,63,,85.71428571428572,ambiguous_registry_name,AMBIGUOUS,ambiguous_registry_name,Desert Bloom Suppliers,C774
A58100,EL seha first haram Branch 1,775,64,,78.94736842105263,ambiguous_registry_name,AMBIGUOUS,ambiguous_registry_name,Corner Stone Medical,A775
A58166,PH El Faraby,733,63,,80.0,ambiguous_registry_name,AMBIGUOUS,ambiguous_registry_name,Modern Chain Distributors,A733
A58200,PH EL ZAHRAA 6th Zone,774,64,,80.0,ambiguous_registry_name,AMBIGUOUS,ambiguous_registry_name,Desert Bloom Suppliers,C774
A58204,El Zahraa Haram,711,55,,84.84848484848484,ambiguous_registry_name,AMBIGUOUS,ambiguous_registry_name,El-Masria Trading Co.,A711
A58206,El Zahraa Haram Mall,736,60,,84.84848484848484,ambiguous_registry_name,AMBIGUOUS,ambiguous_registry_name,United Bazaar Pharma,A736
A58211,Seha First Faisal Station St.,728,61,,79.06976744186046,ambiguous_registry_name,AMBIGUOUS,ambiguous_registry_name,Delta Star Medical Trade,A728
A58214,Ph/SEHA FIRST FAISAL Mall,747,65,,79.06976744186046,ambiguous_registry_name,AMBIGUOUS,ambiguous_registry_name,Southern Cross Pharma,C747
A58215,Ph/Seha First Faisal Branch 1,761,53,,79.06976744186046,ambiguous_registry_name,AMBIGUOUS,ambiguous_registry_name,Supreme Shelf Logistics,A761
A58216,Seha First Faisal,763,74,,79.06976744186046,ambiguous_registry_name,AMBIGUOUS,ambiguous_registry_name,Saqqara Trade House,A763
A58218,Ph/seha first faisal 6th Zone,777,67,,79.06976744186046,ambiguous_registry_name,AMBIGUOUS,ambiguous_registry_name,Seven Palms Distribution,B777
A58219,Pharma Plus 011,738,71,,84.61538461538461,ambiguous_registry_name,AMBIGUOUS,ambiguous_registry_name,Sinai Bridge Trading,B738
A58220,PH PHARMA PLUS,756,79,,88.0,ambiguous_registry_name,AMBIGUOUS,ambiguous_registry_name,Al Wadi Medical Providers,A756
A58221,EL pharma plus Station St.,756,79,,88.0,ambiguous_registry_name,AMBIGUOUS,ambiguous_registry_name,Al Wadi Medical Providers,A756
A58222,PY/Pharma Plus 6th Zone,774,65,,100.0,ambiguous_registry_name,AMBIGUOUS,ambiguous_registry_name,Desert Bloom Suppliers,C774
A58223,el Pharma Plus,778,72,,88.0,ambiguous_registry_name,AMBIGUOUS,ambiguous_registry_name,Seven Palms Distribution,C778
A58224,PY/PHARMA PLUS br.2,779,64,,100.0,ambiguous_registry_name,AMBIGUOUS,ambiguous_registry_name,Iron Gate Wholesale,A779
A58234,Seha First Faisal Main Road,718,55,,79.06976744186046,ambiguous_registry_name,AMBIGUOUS,ambiguous_registry_name,Cairo Grand Supplies,B718
A58235,PY/seha first faisal,718,55,,79.06976744186046,ambiguous_registry_name,AMBIGUOUS,ambiguous_registry_name,Cairo Grand Supplies,B718
A58236,PH Seha First Faisal br.2,768,74,,86.95652173913044,ambiguous_registry_name,AMBIGUOUS,ambiguous_registry_name,Ocean Front Distributors,A768
A58238,Seha First Faisal,774,66,,79.06976744186046,ambiguous_registry_name,AMBIGUOUS,ambiguous_registry_name,Desert Bloom Suppliers,C774
A58256,PY/Pharma Plus Zayed Mall,704,65,,100.0,ambiguous_registry_name,AMBIGUOUS,ambiguous_registry_name,Blue Crescent Medical Supply Co.,B704
A58257,pharma plus zayed Station St.,749,63,,100.0,ambiguous_registry_name,AMBIGUOUS,ambiguous_registry_name,Karnak Medical Trading,B749
A58259,EL pharma plus zayed (2),751,67,,87.17948717948718,ambiguous_registry_name,AMBIGUOUS,ambiguous_registry_name,Falcon Wholesale Co.,A751
A58260,el Pharma Plus Zayed,765,66,,91.89189189189189,ambiguous_registry_name,AMBIGUOUS,ambiguous_registry_name,Basil Corner Providers,A765
A58261,Ph/Pharma Plus Zayed Branch 2,782,73,,100.0,ambiguous_registry_name,AMBIGUOUS,ambiguous_registry_name,Summit Crest Trading,A782
A58262,PY/Pharma Plus Zyaed Station St.961,782,73,,84.21052631578947,ambiguous_registry_name,AMBIGUOUS,ambiguous_registry_name,Summit Crest Trading,A782
A58297,PH El Nasr Faisal Branch 2203,755,80,,85.0,ambiguous_registry_name,AMBIGUOUS,ambiguous_registry_name,October Central Supply,B755
A58309,PH seha first faisal (2),702,63,,83.33333333333334,ambiguous_registry_name,AMBIGUOUS,ambiguous_registry_name,Al-Nour Pharmaceutical Distribution,C702
A58310,PH Seha First Faisal 6th Zone,702,63,,86.95652173913044,ambiguous_registry_name,AMBIGUOUS,ambiguous_registry_name,Al-Nour Pharmaceutical Distribution,C702
A58311,PH SEHA FIRST FAISAL 04,721,68,,81.63265306122449,ambiguous_registry_name,AMBIGUOUS,ambiguous_registry_name,Saraya Pharmaceutical Supply,A721
A58314,Ph/Seha First Faisal Mall,733,66,,79.06976744186046,ambiguous_registry_name,AMBIGUOUS,ambiguous_registry_name,Modern Chain Distributors,A733
A58315,Ph/Seha First Faisal,748,74,,79.06976744186046,ambiguous_registry_name,AMBIGUOUS,ambiguous_registry_name,Karnak Medical Trading,A748
A58318,Seha First Faisal Branch 2275,778,74,,79.06976744186046,ambiguous_registry_name,AMBIGUOUS,ambiguous_registry_name,Seven Palms Distribution,C778
A58320,PH SEHA FIRST FAISAL Branch 1303,781,70,,86.95652173913044,ambiguous_registry_name,AMBIGUOUS,ambiguous_registry_name,Alex Marine Providers,B781
A58321,CITY CARE HARAM Main Road,702,64,,84.84848484848484,ambiguous_registry_name,AMBIGUOUS,ambiguous_registry_name,Al-Nour Pharmaceutical Distribution,C702
A58322,elcity care haram 6th Zone,702,64,,80.0,ambiguous_registry_name,AMBIGUOUS,ambiguous_registry_name,Al-Nour Pharmaceutical Distribution,C702
A58325,CITY CARE HARAM,709,61,,84.84848484848484,ambiguous_registry_name,AMBIGUOUS,ambiguous_registry_name,Horus Pharm Agencies,B709
A58327,city care haram Branch 2,718,56,,84.84848484848484,ambiguous_registry_name,AMBIGUOUS,ambiguous_registry_name,Cairo Grand Supplies,B718
A58328,PY/CITY CARE HARAM-A,718,56,,80.0,ambiguous_registry_name,AMBIGUOUS,ambiguous_registry_name,Cairo Grand Supplies,B718
A58330,CITY CARE HARAM Branch 2,735,66,,84.84848484848484,ambiguous_registry_name,AMBIGUOUS,ambiguous_registry_name,Modern Chain Distributors,C735
A58331,Ph/CITY CARE HARAM Branch 2,773,71,,84.84848484848484,ambiguous_registry_name,AMBIGUOUS,ambiguous_registry_name,Desert Bloom Suppliers,B773
A58355,PH CARE 24 SEVEN FAISAL Branch 2,704,66,,93.02325581395348,ambiguous_registry_name,AMBIGUOUS,ambiguous_registry_name,Blue Crescent Medical Supply Co.,B704
A58356,Ph/care 24 seven faisal,704,66,,100.0,ambiguous_registry_name,AMBIGUOUS,ambiguous_registry_name,Blue Crescent Medical Supply Co.,B704
A58357,care 24 seven faisal Mall,712,82,,100.0,ambiguous_registry_name,AMBIGUOUS,ambiguous_registry_name,El-Masria Trading Co.,B712
A58358,Ph/Care 24 Seven Faisal 04,712,82,,93.02325581395348,ambiguous_registry_name,AMBIGUOUS,ambiguous_registry_name,El-Masria Trading Co.,B712
A58359,El-care 24 seven faisal 011,740,67,,85.1063829787234,ambiguous_registry_name,AMBIGUOUS,ambiguous_registry_name,Green Delta Enterprises,A740
A58360,PH care 24 seven faisal 011195,740,67,,80.0,ambiguous_registry_name,AMBIGUOUS,ambiguous_registry_name,Green Delta Enterprises,A740
A58361,El-Care 24 Seven Faisal 04,747,67,,86.95652173913044,ambiguous_registry_name,AMBIGUOUS,ambiguous_registry_name,Southern Cross Pharma,C747
A58362,Care 24 Seven Faisal br.2,747,67,,100.0,ambiguous_registry_name,AMBIGUOUS,ambiguous_registry_name,Southern Cross Pharma,C747
A58363,EL CARE 24 SEVEN FAISAL Branch 1,755,81,,93.02325581395348,ambiguous_registry_name,AMBIGUOUS,ambiguous_registry_name,October Central Supply,B755
A58366,care 24 seven faisal br.2,771,61,,100.0,ambiguous_registry_name,AMBIGUOUS,ambiguous_registry_name,Marina Bay Trade,B771
A58367,Care 24 Seven Faisal0 4,771,61,,93.02325581395348,ambiguous_registry_name,AMBIGUOUS,ambiguous_registry_name,Marina Bay Trade,B771
A58368,PY/Care 24 Seven Faisal-A,773,73,,95.23809523809523,ambiguous_registry_name,AMBIGUOUS,ambiguous_registry_name,Desert Bloom Suppliers,B773
A58379,EL BARAKA FAISAL br.2,729,72,,78.04878048780488,ambiguous_registry_name,AMBIGUOUS,ambiguous_registry_name,Delta Star Medical Trade,B729
A58407,PH alpha pharma square357,712,84,,86.36363636363636,ambiguous_registry_name,AMBIGUOUS,ambiguous_registry_name,El-Masria Trading Co.,B712
A58408,El-Alpha Pharma Square (2)859,712,84,,80.85106382978724,ambiguous_registry_name,AMBIGUOUS,ambiguous_registry_name,El-Masria Trading Co.,B712
A58409,EL ALPHA PHARMA SQUARE,724,63,,92.6829268292683,ambiguous_registry_name,AMBIGUOUS,ambiguous_registry_name,Ramses Wholesale Partners,B724
A58410,PY/alpha pharma square Branch 257,724,63,,100.0,ambiguous_registry_name,AMBIGUOUS,ambiguous_registry_name,Ramses Wholesale Partners,B724
A58413,PH Alpha Pharma Square-A,768,75,,88.37209302325581,ambiguous_registry_name,AMBIGUOUS,ambiguous_registry_name,Ocean Front Distributors,A768
A58420,PH Hope Dokki br.2,762,71,,81.25,ambiguous_registry_name,AMBIGUOUS,ambiguous_registry_name,Supreme Shelf Logistics,B762
A58425,PH LIFE LINE 6th Zone,709,63,,80.0,ambiguous_registry_name,AMBIGUOUS,ambiguous_registry_name,Horus Pharm Agencies,B709
A58446,El-union pharm rehab view,704,67,,93.61702127659575,ambiguous_registry_name,AMBIGUOUS,ambiguous_registry_name,Blue Crescent Medical Supply Co.,B704
A58447,El-union pharm rehab view6 th Zone,704,67,,78.57142857142857,ambiguous_registry_name,AMBIGUOUS,ambiguous_registry_name,Blue Crescent Medical Supply Co.,B704
A58448,PY/union pharm rehab view Branch 2,722,69,,100.0,ambiguous_registry_name,AMBIGUOUS,ambiguous_registry_name,Saraya Pharmaceutical Supply,B722
A58449,El-Union Pharm Rehba View,722,69,,89.36170212765957,ambiguous_registry_name,AMBIGUOUS,ambiguous_registry_name,Saraya Pharmaceutical Supply,B722
A58450,El-union pharm rehab view 6th Zone,726,93,,93.61702127659575,ambiguous_registry_name,AMBIGUOUS,ambiguous_registry_name,White Nile Agencies,B726
A58451,union pharm rehab vie wBranch 2,726,93,,83.01886792452831,ambiguous_registry_name,AMBIGUOUS,ambiguous_registry_name,White Nile Agencies,B726
A58452,Ph/Pharma Plus,705,70,,100.0,ambiguous_registry_name,AMBIGUOUS,ambiguous_registry_name,Blue Crescent Medical Supply Co.,C705
A58453,pharma plus,705,70,,100.0,ambiguous_registry_name,AMBIGUOUS,ambiguous_registry_name,Blue Crescent Medical Supply Co.,C705
A58454,Ph/pharma plus-A,718,57,,91.66666666666666,ambiguous_registry_name,AMBIGUOUS,ambiguous_registry_name,Cairo Grand Supplies,B718
A58455,El-Pharma Plus,723,65,,88.0,ambiguous_registry_name,AMBIGUOUS,ambiguous_registry_name,Ramses Wholesale Partners,A723
A58456,PY/Pharma Plus,724,64,,100.0,ambiguous_registry_name,AMBIGUOUS,ambiguous_registry_name,Ramses Wholesale Partners,B724
A58458,el pharma plus,748,76,,88.0,ambiguous_registry_name,AMBIGUOUS,ambiguous_registry_name,Karnak Medical Trading,A748
A58459,Pharma Plus 011,777,69,,84.61538461538461,ambiguous_registry_name,AMBIGUOUS,ambiguous_registry_name,Seven Palms Distribution,B777
A58460,PY/BETTER LIFE FAISAL,712,85,,80.0,ambiguous_registry_name,AMBIGUOUS,ambiguous_registry_name,El-Masria Trading Co.,B712
A58461,Better Life Faisal Branch 1,712,85,,80.0,ambiguous_registry_name,AMBIGUOUS,ambiguous_registry_name,El-Masria Trading Co.,B712
A58462,better life faisal br.2,739,72,,80.0,ambiguous_registry_name,AMBIGUOUS,ambiguous_registry_name,Sinai Bridge Trading,C739
A58475,Silver Care Haram (2),733,67,,84.21052631578947,ambiguous_registry_name,AMBIGUOUS,ambiguous_registry_name,Modern Chain Distributors,A733
A58476,PY/Silver Care Haram,733,67,,86.48648648648648,ambiguous_registry_name,AMBIGUOUS,ambiguous_registry_name,Modern Chain Distributors,A733
A58477,Ph/SILVER CARE HARAM Main Road,744,79,,86.48648648648648,ambiguous_registry_name,AMBIGUOUS,ambiguous_registry_name,Horus Elite Logistics,B744
A58478,PY/silver care haram Station St.,744,79,,86.48648648648648,ambiguous_registry_name,AMBIGUOUS,ambiguous_registry_name,Horus Elite Logistics,B744
A58479,PH silver care haram 6th Zone,761,55,,86.95652173913044,ambiguous_registry_name,AMBIGUOUS,ambiguous_registry_name,Supreme Shelf Logistics,A761
A58481,Silver Care Haram Branch 1539,771,63,,86.48648648648648,ambiguous_registry_name,AMBIGUOUS,ambiguous_registry_name,Marina Bay Trade,B771
A58482,Ph/Silver Care Harm Mall,772,71,,88.88888888888889,ambiguous_registry_name,AMBIGUOUS,ambiguous_registry_name,Desert Bloom Suppliers,A772
A58498,PH El Shifa Zayed Branch 1,771,64,,85.0,ambiguous_registry_name,AMBIGUOUS,ambiguous_registry_name,Marina Bay Trade,B771
A58513,PH Blue Wave Faisal Branch 2,733,69,,86.36363636363636,ambiguous_registry_name,AMBIGUOUS,ambiguous_registry_name,Modern Chain Distributors,A733
A58514,PY/Blue Wave Faisal br.2,733,69,,78.04878048780488,ambiguous_registry_name,AMBIGUOUS,ambiguous_registry_name,Modern Chain Distributors,A733
A58518,Blue Wave Faisal Branch 1,750,65,,78.04878048780488,ambiguous_registry_name,AMBIGUOUS,ambiguous_registry_name,Pearl Route Agencies,A750
A58519,BLUE WAVE FAISAL,750,65,,78.04878048780488,ambiguous_registry_name,AMBIGUOUS,ambiguous_registry_name,Pearl Route Agencies,A750
A58520,PY/BLUE WAVE FAISAL,762,72,,78.04878048780488,ambiguous_registry_name,AMBIGUOUS,ambiguous_registry_name,Supreme Shelf Logistics,B762
A58521,BLUE WAVE FAISAL br.2,776,59,,78.04878048780488,ambiguous_registry_name,AMBIGUOUS,ambiguous_registry_name,Seven Palms Distribution,A776
A58522,PH FAMILY NOZHA Mall,705,72,,83.33333333333334,ambiguous_registry_name,AMBIGUOUS,ambiguous_registry_name,Blue Crescent Medical Supply Co.,C705
A58562,PH Sunrise Imbaba br.2,713,73,,85.0,ambiguous_registry_name,AMBIGUOUS,ambiguous_registry_name,El-Masria Trading Co.,C713
A58570,PY/EL TOURATH FAISAL br.2,710,72,,79.06976744186046,ambiguous_registry_name,AMBIGUOUS,ambiguous_registry_name,Horus Pharm Agencies,C710
A58581,Ph/el baraka faisal 6th Zone,729,73,,78.04878048780488,ambiguous_registry_name,AMBIGUOUS,ambiguous_registry_name,Delta Star Medical Trade,B729
A58583,PH el baraka faisal 6th Zone,746,64,,86.36363636363636,ambiguous_registry_name,AMBIGUOUS,ambiguous_registry_name,Southern Cross Pharma,B746
A58585,EL BARAKA FAISAL Station St.,778,77,,78.04878048780488,ambiguous_registry_name,AMBIGUOUS,ambiguous_registry_name,Seven Palms Distribution,C778
A58589,PH silver care Mall,733,70,,82.35294117647058,ambiguous_registry_name,AMBIGUOUS,ambiguous_registry_name,Modern Chain Distributors,A733
A58596,Union Pharm Faissal Branch 1145,734,69,,97.2972972972973,ambiguous_registry_name,AMBIGUOUS,ambiguous_registry_name,Modern Chain Distributors,B734
A58603,EL care 24 seven,700,67,,89.65517241379311,ambiguous_registry_name,AMBIGUOUS,ambiguous_registry_name,Al-Nour Pharmaceutical Distribution,A700
A58604,care 24 seven Main Road,705,73,,100.0,ambiguous_registry_name,AMBIGUOUS,ambiguous_registry_name,Blue Crescent Medical Supply Co.,C705
A58605,EL CARE 24 SEVEN (2),706,75,,84.21052631578947,ambiguous_registry_name,AMBIGUOUS,ambiguous_registry_name,Nile Med Wholesale,A706
A58606,el care 24 seven-A,706,75,,84.21052631578947,ambiguous_registry_name,AMBIGUOUS,ambiguous_registry_name,Nile Med Wholesale,A706
A58607,El-Care 24 Seven 011,719,68,,80.0,ambiguous_registry_name,AMBIGUOUS,ambiguous_registry_name,Lotus Medcare Distribution,A719
A58608,el Care 24 Seven Branch 2,724,65,,89.65517241379311,ambiguous_registry_name,AMBIGUOUS,ambiguous_registry_name,Ramses Wholesale Partners,B724
A58609,El-Care 24 Seven-A,724,65,,84.21052631578947,ambiguous_registry_name,AMBIGUOUS,ambiguous_registry_name,Ramses Wholesale Partners,B724
A58610,EL CARE 24 SEVEN 6th Zone,727,83,,89.65517241379311,ambiguous_registry_name,AMBIGUOUS,ambiguous_registry_name,White Nile Agencies,C727
A58611,Care 24 Seven 04438,744,81,,81.25,ambiguous_registry_name,AMBIGUOUS,ambiguous_registry_name,Horus Elite Logistics,B744
A58612,EL Care 24 Seven 04,744,81,,82.05128205128204,ambiguous_registry_name,AMBIGUOUS,ambiguous_registry_name,Horus Elite Logistics,B744
A58625,PH Ebn Sina Faisal,738,75,,85.71428571428572,ambiguous_registry_name,AMBIGUOUS,ambiguous_registry_name,Sinai Bridge Trading,B738
A58628,PH Ebn Sina Faisal-A,743,55,,81.81818181818181,ambiguous_registry_name,AMBIGUOUS,ambiguous_registry_name,Horus Elite Logistics,A743
A58646,PH omega oct city 6th Zone,703,69,,85.0,ambiguous_registry_name,AMBIGUOUS,ambiguous_registry_name,Blue Crescent Medical Supply Co.,A703
A58648,PH omega oct city br.2,708,64,,85.0,ambiguous_registry_name,AMBIGUOUS,ambiguous_registry_name,Horus Pharm Agencies,A708
A58657,PY/Care 24 Seven Main Road,700,68,,100.0,ambiguous_registry_name,AMBIGUOUS,ambiguous_registry_name,Al-Nour Pharmaceutical Distribution,A700
A58658,PY/Care 24 Seven 6th Zone,743,57,,100.0,ambiguous_registry_name,AMBIGUOUS,ambiguous_registry_name,Horus Elite Logistics,A743
A58659,El-Care 24 Seven Branch 2118,752,65,,89.65517241379311,ambiguous_registry_name,AMBIGUOUS,ambiguous_registry_name,Falcon Wholesale Co.,B752
A58660,PY/care 24 seven 6th Zone,766,76,,100.0,ambiguous_registry_name,AMBIGUOUS,ambiguous_registry_name,Basil Corner Providers,B766
A58661,PH care 24 seven-A,769,63,,83.87096774193549,ambiguous_registry_name,AMBIGUOUS,ambiguous_registry_name,Ocean Front Distributors,B769
A58663,Ph/Better Life Faisal,735,71,,80.0,ambiguous_registry_name,AMBIGUOUS,ambiguous_registry_name,Modern Chain Distributors,C735
A58669,Dr Medhat Imbaba Main Road,721,70,,78.04878048780488,ambiguous_registry_name,AMBIGUOUS,ambiguous_registry_name,Saraya Pharmaceutical Supply,A721
A58671,DR MEDHAT IMBABA Branch 1,780,67,,78.04878048780488,ambiguous_registry_name,AMBIGUOUS,ambiguous_registry_name,Alex Marine Providers,A780
A58699,PH Salamtek Mall,759,66,,78.57142857142857,ambiguous_registry_name,AMBIGUOUS,ambiguous_registry_name,Two Rivers Distribution,B759
A58704,PH El Baraka Marg (2),743,58,,80.95238095238095,ambiguous_registry_name,AMBIGUOUS,ambiguous_registry_name,Horus Elite Logistics,A743
A58710,ELITE HARAM Branch 1,710,73,,80.0,ambiguous_registry_name,AMBIGUOUS,ambiguous_registry_name,Horus Pharm Agencies,C710
A58734,EL Alpha Pharma br.2,717,59,,88.88888888888889,ambiguous_registry_name,AMBIGUOUS,ambiguous_registry_name,Cairo Grand Supplies,A717
A58735,alpha pharma Mall,727,84,,100.0,ambiguous_registry_name,AMBIGUOUS,ambiguous_registry_name,White Nile Agencies,C727
A58736,el ALPHA PHARMA 04,727,84,,81.08108108108108,ambiguous_registry_name,AMBIGUOUS,ambiguous_registry_name,White Nile Agencies,C727
A58737,Ph/Alpha Pharma-A,735,73,,92.3076923076923,ambiguous_registry_name,AMBIGUOUS,ambiguous_registry_name,Modern Chain Distributors,C735
A58738,alpha pharma,744,82,,100.0,ambiguous_registry_name,AMBIGUOUS,ambiguous_registry_name,Horus Elite Logistics,B744
A58739,Ph/Alpha Pharma,744,82,,100.0,ambiguous_registry_name,AMBIGUOUS,ambiguous_registry_name,Horus Elite Logistics,B744
A58740,El-Alpha Pharma Station St.,756,81,,88.88888888888889,ambiguous_registry_name,AMBIGUOUS,ambiguous_registry_name,Al Wadi Medical Providers,A756
A58765,PY/Union Phrm Zayed,712,89,,96.96969696969697,ambiguous_registry_name,AMBIGUOUS,ambiguous_registry_name,El-Masria Trading Co.,B712
A58766,PY/union phar mzayed,718,60,,82.35294117647058,ambiguous_registry_name,AMBIGUOUS,ambiguous_registry_name,Cairo Grand Supplies,B718
A58767,Ph/union pharm zayed br.2,727,85,,100.0,ambiguous_registry_name,AMBIGUOUS,ambiguous_registry_name,White Nile Agencies,C727
A58769,el union pharm zayed-A,754,70,,87.17948717948718,ambiguous_registry_name,AMBIGUOUS,ambiguous_registry_name,October Central Supply,A754
A58770,UNION PHARM ZAYE DMall,758,59,,82.05128205128204,ambiguous_registry_name,AMBIGUOUS,ambiguous_registry_name,Two Rivers Distribution,A758
A58773,PY/Union Pharm Zayed br.2,769,66,,100.0,ambiguous_registry_name,AMBIGUOUS,ambiguous_registry_name,Ocean Front Distributors,B769
A58790,PH EL ZAHRAA FAISAL (2),767,69,,82.6086956521739,ambiguous_registry_name,AMBIGUOUS,ambiguous_registry_name,Khufu Line Agencies,A767
A58791,Ph/el zahraa faisal Station St.,767,69,,78.04878048780488,ambiguous_registry_name,AMBIGUOUS,ambiguous_registry_name,Khufu Line Agencies,A767
A58792,PY/El Zahraa Faisal Branch 2,769,67,,78.04878048780488,ambiguous_registry_name,AMBIGUOUS,ambiguous_registry_name,Ocean Front Distributors,B769
A58806,Nile Care Faisal br.2,701,72,,78.04878048780488,ambiguous_registry_name,AMBIGUOUS,ambiguous_registry_name,Al-Nour Pharmaceutical Distribution,B701
A58808,PY/Nile Care Faisal,713,74,,78.04878048780488,ambiguous_registry_name,AMBIGUOUS,ambiguous_registry_name,El-Masria Trading Co.,C713
A58810,Nile Care Faisal Station St.,721,72,,78.04878048780488,ambiguous_registry_name,AMBIGUOUS,ambiguous_registry_name,Saraya Pharmaceutical Supply,A721
A58821,PH el nasr square Main Road,708,66,,85.0,ambiguous_registry_name,AMBIGUOUS,ambiguous_registry_name,Horus Pharm Agencies,A708
A58830,pharma plus,700,71,,100.0,ambiguous_registry_name,AMBIGUOUS,ambiguous_registry_name,Al-Nour Pharmaceutical Distribution,A700
A58831,PY/Pharma Plus 011,700,71,,84.61538461538461,ambiguous_registry_name,AMBIGUOUS,ambiguous_registry_name,Al-Nour Pharmaceutical Distribution,A700
A58832,PH pharma plus 6th Zone,701,73,,88.0,ambiguous_registry_name,AMBIGUOUS,ambiguous_registry_name,Al-Nour Pharmaceutical Distribution,B701
A58833,El-PHARMA PLUS Mall,704,73,,88.0,ambiguous_registry_name,AMBIGUOUS,ambiguous_registry_name,Blue Crescent Medical Supply Co.,B704
A58835,Ph/PHARMA PLUS Main Road,759,67,,100.0,ambiguous_registry_name,AMBIGUOUS,ambiguous_registry_name,Two Rivers Distribution,B759
A58836,El-Pharma Plus Main Road,761,59,,88.0,ambiguous_registry_name,AMBIGUOUS,ambiguous_registry_name,Supreme Shelf Logistics,A761
A58838,PY/pharma plus 04,768,79,,88.0,ambiguous_registry_name,AMBIGUOUS,ambiguous_registry_name,Ocean Front Distributors,A768
A58839,PY/pharma plus (2),768,79,,91.66666666666666,ambiguous_registry_name,AMBIGUOUS,ambiguous_registry_name,Ocean Front Distributors,A768
A58840,PH Pharma Plus br.2173,771,66,,88.0,ambiguous_registry_name,AMBIGUOUS,ambiguous_registry_name,Marina Bay Trade,B771
A58842,PH union pharm faisal Branch 1,764,70,,92.3076923076923,ambiguous_registry_name,AMBIGUOUS,ambiguous_registry_name,Saqqara Trade House,B764
A58843,Ph/UNION PHARM FAISAL br.2329,769,68,,100.0,ambiguous_registry_name,AMBIGUOUS,ambiguous_registry_name,Ocean Front Distributors,B769
A58844,PH Union Pharm Faaisal 04171,772,77,,78.26086956521739,ambiguous_registry_name,AMBIGUOUS,ambiguous_registry_name,Desert Bloom Suppliers,A772
A58845,El-union pharm faisal-A,772,77,,87.8048780487805,ambiguous_registry_name,AMBIGUOUS,ambiguous_registry_name,Desert Bloom Suppliers,A772
A58846,UNION PHARM FAISAL br.2,782,77,,100.0,ambiguous_registry_name,AMBIGUOUS,ambiguous_registry_name,Summit Crest Trading,A782
A58852,PH Salamtek Faisal Main Road,742,74,,85.71428571428572,ambiguous_registry_name,AMBIGUOUS,ambiguous_registry_name,Green Delta Enterprises,C742
A58858,PH Salamtek Faisal92,750,69,,81.81818181818181,ambiguous_registry_name,AMBIGUOUS,ambiguous_registry_name,Pearl Route Agencies,A750
A58881,PH El Shifa Agami Station St.,758,61,,85.0,ambiguous_registry_name,AMBIGUOUS,ambiguous_registry_name,Two Rivers Distribution,A758
A58888,PH FAMILY FAISAL137,735,75,,78.04878048780488,ambiguous_registry_name,AMBIGUOUS,ambiguous_registry_name,Modern Chain Distributors,C735
A58910,PH AL AMAL FAISAL Mall,719,70,,85.0,ambiguous_registry_name,AMBIGUOUS,ambiguous_registry_name,Lotus Medcare Distribution,A719
A58911,PH al amal faisal Station St.,719,70,,85.0,ambiguous_registry_name,AMBIGUOUS,ambiguous_registry_name,Lotus Medcare Distribution,A719
A58918,PH Green Leaf Faisal (2),700,72,,83.33333333333334,ambiguous_registry_name,AMBIGUOUS,ambiguous_registry_name,Al-Nour Pharmaceutical Distribution,A700
A58922,PH Green Leaf Faisal 6th Zone,719,71,,86.95652173913044,ambiguous_registry_name,AMBIGUOUS,ambiguous_registry_name,Lotus Medcare Distribution,A719
A58923,Ph/green leaf faisal br.2,719,71,,79.06976744186046,ambiguous_registry_name,AMBIGUOUS,ambiguous_registry_name,Lotus Medcare Distribution,A719
A58927,PY/GREEN LEAF FAISAL Branch 1,768,80,,79.06976744186046,ambiguous_registry_name,AMBIGUOUS,ambiguous_registry_name,Ocean Front Distributors,A768
A58929,PY/GREEN LEAF FAISAL Mall,778,81,,79.06976744186046,ambiguous_registry_name,AMBIGUOUS,ambiguous_registry_name,Seven Palms Distribution,C778
A58930,PY/Green Leaf Faisal Main Road,778,81,,79.06976744186046,ambiguous_registry_name,AMBIGUOUS,ambiguous_registry_name,Seven Palms Distribution,C778
A58943,PH El Shifa Helwan 04,729,75,,80.0,ambiguous_registry_name,AMBIGUOUS,ambiguous_registry_name,Delta Star Medical Trade,B729
A58954,PH METRO OBOUR,768,81,,82.35294117647058,ambiguous_registry_name,AMBIGUOUS,ambiguous_registry_name,Ocean Front Distributors,A768
A58957,Ph/NILE CARE FAISAL,753,68,,78.04878048780488,ambiguous_registry_name,AMBIGUOUS,ambiguous_registry_name,Falcon Wholesale Co.,C753
A58968,PH green leaf br.2,759,69,,81.25,ambiguous_registry_name,AMBIGUOUS,ambiguous_registry_name,Two Rivers Distribution,B759
A58970,PH Green Leaf,763,81,,81.25,ambiguous_registry_name,AMBIGUOUS,ambiguous_registry_name,Saqqara Trade House,A763
A58978,Ph/Star Care Faisal Branch 1,703,73,,78.04878048780488,ambiguous_registry_name,AMBIGUOUS,ambiguous_registry_name,Blue Crescent Medical Supply Co.,A703
A58982,star care faisal Main Road,750,73,,78.04878048780488,ambiguous_registry_name,AMBIGUOUS,ambiguous_registry_name,Pearl Route Agencies,A750
A58987,P HSilver Care Dokki,704,76,,78.26086956521739,ambiguous_registry_name,AMBIGUOUS,ambiguous_registry_name,Blue Crescent Medical Supply Co.,B704
A58988,SILVER CARE DOKKI Station St.,747,68,,79.06976744186046,ambiguous_registry_name,AMBIGUOUS,ambiguous_registry_name,Southern Cross Pharma,C747
A59014,El-alpha pharma rehab view 011,741,71,,86.79245283018868,ambiguous_registry_name,AMBIGUOUS,ambiguous_registry_name,Green Delta Enterprises,B741
A59015,PH ALPHA PHARMA REHAB VIEW Mall83,741,71,,82.14285714285714,ambiguous_registry_name,AMBIGUOUS,ambiguous_registry_name,Green Delta Enterprises,B741
A59018,ALPHA PHARMA REHAB VIEW Mall,761,60,,100.0,ambiguous_registry_name,AMBIGUOUS,ambiguous_registry_name,Supreme Shelf Logistics,A761
A59023,PH Sivler Care Marg 6th Zone,777,76,,81.81818181818181,ambiguous_registry_name,AMBIGUOUS,ambiguous_registry_name,Seven Palms Distribution,B777
A59034,pharma plus dokki 011,724,70,,89.47368421052632,ambiguous_registry_name,AMBIGUOUS,ambiguous_registry_name,Ramses Wholesale Partners,B724
A59035,Pharma Plus Dokki-A,726,96,,94.44444444444444,ambiguous_registry_name,AMBIGUOUS,ambiguous_registry_name,White Nile Agencies,B726
A59037,El-pharma plus dokki,730,75,,91.89189189189189,ambiguous_registry_name,AMBIGUOUS,ambiguous_registry_name,Pyramid Health Supplies,A730
A59038,el pharma plus dokki Branch 2828,734,74,,91.89189189189189,ambiguous_registry_name,AMBIGUOUS,ambiguous_registry_name,Modern Chain Distributors,B734
A59039,PY/pharma plus dokki Station St.,734,74,,100.0,ambiguous_registry_name,AMBIGUOUS,ambiguous_registry_name,Modern Chain Distributors,B734
A59040,PH Pharma Plus Dokki-A,744,87,,87.17948717948718,ambiguous_registry_name,AMBIGUOUS,ambiguous_registry_name,Horus Elite Logistics,B744
A59041,pharma plus dokki Station St.102,752,67,,89.47368421052632,ambiguous_registry_name,AMBIGUOUS,ambiguous_registry_name,Falcon Wholesale Co.,B752
A59042,Pharma Plus Dokki (2),752,67,,94.44444444444444,ambiguous_registry_name,AMBIGUOUS,ambiguous_registry_name,Falcon Wholesale Co.,B752
A59043,PY/Pharma Plus Dokki 2),768,82,,94.44444444444444,ambiguous_registry_name,AMBIGUOUS,ambiguous_registry_name,Ocean Front Distributors,A768
A59044,el pharma plus dokki 011,771,69,,82.92682926829268,ambiguous_registry_name,AMBIGUOUS,ambiguous_registry_name,Marina Bay Trade,B771
A59056,PY/el hokama faisal,771,70,,78.04878048780488,ambiguous_registry_name,AMBIGUOUS,ambiguous_registry_name,Marina Bay Trade,B771
A59057,PH El Hokama Faisal,771,70,,86.36363636363636,ambiguous_registry_name,AMBIGUOUS,ambiguous_registry_name,Marina Bay Trade,B771
A59093,BETTER LIFE IMBABA Branch 2269,765,72,,80.0,ambiguous_registry_name,AMBIGUOUS,ambiguous_registry_name,Basil Corner Providers,A765
A59103,El Zahraa Faisal Branch 2,721,76,,78.04878048780488,ambiguous_registry_name,AMBIGUOUS,ambiguous_registry_name,Saraya Pharmaceutical Supply,A721
A59121,PH el nasr faisal 6th Zone,742,78,,85.0,ambiguous_registry_name,AMBIGUOUS,ambiguous_registry_name,Green Delta Enterprises,C742
A59135,El Baraka Oct City Station St.,739,77,,80.0,ambiguous_registry_name,AMBIGUOUS,ambiguous_registry_name,Sinai Bridge Trading,C739
A59137,better life faisal Branch 2,737,78,,80.0,ambiguous_registry_name,AMBIGUOUS,ambiguous_registry_name,Sinai Bridge Trading,A737
A59139,BETTER LIFE FAISAL Branch 2,771,71,,80.0,ambiguous_registry_name,AMBIGUOUS,ambiguous_registry_name,Marina Bay Trade,B771
A59140,BETTER LIFE FAISAL Station St.,771,71,,80.0,ambiguous_registry_name,AMBIGUOUS,ambiguous_registry_name,Marina Bay Trade,B771
A59158,PH LIFE LINE,746,71,,80.0,ambiguous_registry_name,AMBIGUOUS,ambiguous_registry_name,Southern Cross Pharma,B746
A59206,Ph/city care smouha,726,99,,78.04878048780488,ambiguous_registry_name,AMBIGUOUS,ambiguous_registry_name,White Nile Agencies,B726
A59207,PH City Care Smouha (2),729,77,,82.6086956521739,ambiguous_registry_name,AMBIGUOUS,ambiguous_registry_name,Delta Star Medical Trade,B729
A59212,City Care Smouha Mall,776,61,,78.04878048780488,ambiguous_registry_name,AMBIGUOUS,ambiguous_registry_name,Seven Palms Distribution,A776
A59213,PY/City Care Smouha Main Road,779,70,,78.04878048780488,ambiguous_registry_name,AMBIGUOUS,ambiguous_registry_name,Iron Gate Wholesale,A779
A59218,PH el nasr imbaba,775,73,,85.0,ambiguous_registry_name,AMBIGUOUS,ambiguous_registry_name,Corner Stone Medical,A775
A59219,PH EL NASR IMBABA Station St.45,782,80,,79.06976744186046,ambiguous_registry_name,AMBIGUOUS,ambiguous_registry_name,Summit Crest Trading,A782
A59239,PH el zahraa faisal Station St.,732,79,,86.36363636363636,ambiguous_registry_name,AMBIGUOUS,ambiguous_registry_name,Pyramid Health Supplies,C732
A59240,EL ZAHRAA FAISAL br.2,732,79,,78.04878048780488,ambiguous_registry_name,AMBIGUOUS,ambiguous_registry_name,Pyramid Health Supplies,C732
A59242,Ph/EL ZAHRAA FAISAL br.2,733,72,,78.04878048780488,ambiguous_registry_name,AMBIGUOUS,ambiguous_registry_name,Modern Chain Distributors,A733
A59243,El Zahraa Faisal br.2374,736,71,,78.04878048780488,ambiguous_registry_name,AMBIGUOUS,ambiguous_registry_name,United Bazaar Pharma,A736
A59257,City Care Faisal Mall,710,77,,78.04878048780488,ambiguous_registry_name,AMBIGUOUS,ambiguous_registry_name,Horus Pharm Agencies,C710
A59261,Ph/City Care Faisal,780,70,,78.04878048780488,ambiguous_registry_name,AMBIGUOUS,ambiguous_registry_name,Alex Marine Providers,A780
A59263,PH CITY CARE FAISAL407,781,79,,80.85106382978724,ambiguous_registry_name,AMBIGUOUS,ambiguous_registry_name,Alex Marine Providers,B781
A59310,seha first faisal br.2,718,62,,79.06976744186046,ambiguous_registry_name,AMBIGUOUS,ambiguous_registry_name,Cairo Grand Supplies,B718
A59311,PY/Seha First Faisal Mall,733,73,,79.06976744186046,ambiguous_registry_name,AMBIGUOUS,ambiguous_registry_name,Modern Chain Distributors,A733
A59312,Ph/seha first faisal,751,74,,79.06976744186046,ambiguous_registry_name,AMBIGUOUS,ambiguous_registry_name,Falcon Wholesale Co.,A751
A59339,Union Pharm Faisal br.2,711,64,,100.0,ambiguous_registry_name,AMBIGUOUS,ambiguous_registry_name,El-Masria Trading Co.,A711
A59340,Ph/union pharm faisal,717,72,,100.0,ambiguous_registry_name,AMBIGUOUS,ambiguous_registry_name,Cairo Grand Supplies,A717
A59341,El-Union Pharm Faisal Branch 2369,760,74,,92.3076923076923,ambiguous_registry_name,AMBIGUOUS,ambiguous_registry_name,Two Rivers Distribution,C760
A59342,PY/UNION PHARM FAISAL 04,760,74,,92.3076923076923,ambiguous_registry_name,AMBIGUOUS,ambiguous_registry_name,Two Rivers Distribution,C760
A59343,EL union pharm faisal 6th Zone,762,81,,92.3076923076923,ambiguous_registry_name,AMBIGUOUS,ambiguous_registry_name,Supreme Shelf Logistics,B762
A59354,PH El Faraby Faisal 04,736,72,,80.85106382978724,ambiguous_registry_name,AMBIGUOUS,ambiguous_registry_name,United Bazaar Pharma,A736
A59356,PH El Faraby Faisal Mall,752,69,,86.36363636363636,ambiguous_registry_name,AMBIGUOUS,ambiguous_registry_name,Falcon Wholesale Co.,B752
A59360,El-pharma plus rehab view Main Road,746,73,,93.61702127659575,ambiguous_registry_name,AMBIGUOUS,ambiguous_registry_name,Southern Cross Pharma,B746
A59361,EL PHARMA PLSU REHAB VIEW Main Road,746,73,,89.36170212765957,ambiguous_registry_name,AMBIGUOUS,ambiguous_registry_name,Southern Cross Pharma,B746
A59363,El-pharma plus reahb view (2),777,79,,85.71428571428572,ambiguous_registry_name,AMBIGUOUS,ambiguous_registry_name,Seven Palms Distribution,B777
A59386,PH Golden Care Main Road,768,86,,82.35294117647058,ambiguous_registry_name,AMBIGUOUS,ambiguous_registry_name,Ocean Front Distributors,A768
A59388,PH Life Lien Rehab View,702,74,,80.76923076923077,ambiguous_registry_name,AMBIGUOUS,ambiguous_registry_name,Al-Nour Pharmaceutical Distribution,C702
A59390,Ph/Life Line Rehab View-A,712,90,,78.43137254901961,ambiguous_registry_name,AMBIGUOUS,ambiguous_registry_name,El-Masria Trading Co.,B712
A59392,life line rehab view-A,734,77,,78.43137254901961,ambiguous_registry_name,AMBIGUOUS,ambiguous_registry_name,Modern Chain Distributors,B734
A59394,PH Life Line Rehab View,742,79,,88.46153846153845,ambiguous_registry_name,AMBIGUOUS,ambiguous_registry_name,Green Delta Enterprises,C742
A59396,PH Life Line Rehab View Mall,775,75,,88.46153846153845,ambiguous_registry_name,AMBIGUOUS,ambiguous_registry_name,Corner Stone Medical,A775
A59397,life line rehab view Station St.,775,75,,81.63265306122449,ambiguous_registry_name,AMBIGUOUS,ambiguous_registry_name,Corner Stone Medical,A775
A59401,health gate maadi Main Road,746,74,,79.06976744186046,ambiguous_registry_name,AMBIGUOUS,ambiguous_registry_name,Southern Cross Pharma,B746
A59403,Health Gate Maadi,762,82,,79.06976744186046,ambiguous_registry_name,AMBIGUOUS,ambiguous_registry_name,Supreme Shelf Logistics,B762
A59404,Ph/Health Gate Maadi Main Road,777,80,,79.06976744186046,ambiguous_registry_name,AMBIGUOUS,ambiguous_registry_name,Seven Palms Distribution,B777
A59430,PH PHARMA PLUS FAIISAL 04,715,57,,83.72093023255813,ambiguous_registry_name,AMBIGUOUS,ambiguous_registry_name,Delta Union Agencies,B715
A59431,Pharma Plus Faisal Branch 2,715,57,,100.0,ambiguous_registry_name,AMBIGUOUS,ambiguous_registry_name,Delta Union Agencies,B715
A59432,el Pharma Plus Faisal br.2261,726,102,,92.3076923076923,ambiguous_registry_name,AMBIGUOUS,ambiguous_registry_name,White Nile Agencies,B726
A59433,Pharma Plus Faisal 101,726,102,,90.0,ambiguous_registry_name,AMBIGUOUS,ambiguous_registry_name,White Nile Agencies,B726
A59434,Ph/pharma plus faisal,738,78,,100.0,ambiguous_registry_name,AMBIGUOUS,ambiguous_registry_name,Sinai Bridge Trading,B738
A59435,PH Pharma Plus Faisal Mall,738,78,,92.3076923076923,ambiguous_registry_name,AMBIGUOUS,ambiguous_registry_name,Sinai Bridge Trading,B738
A59436,EL Pharma Plus Faisal Branch 1,741,75,,92.3076923076923,ambiguous_registry_name,AMBIGUOUS,ambiguous_registry_name,Green Delta Enterprises,B741
A59437,pharma plus faisal Main Road,741,75,,100.0,ambiguous_registry_name,AMBIGUOUS,ambiguous_registry_name,Green Delta Enterprises,B741
A59438,PY/Pharma Plus Faisal-A,747,70,,94.73684210526316,ambiguous_registry_name,AMBIGUOUS,ambiguous_registry_name,Southern Cross Pharma,C747
A59440,El-Pharma Plus Faisal Mall,763,86,,92.3076923076923,ambiguous_registry_name,AMBIGUOUS,ambiguous_registry_name,Saqqara Trade House,A763
A59441,PHARMA PLUS FAISAL,779,73,,100.0,ambiguous_registry_name,AMBIGUOUS,ambiguous_registry_name,Iron Gate Wholesale,A779
A59442,PH Pharma Plus Faisal 04,779,73,,85.71428571428572,ambiguous_registry_name,AMBIGUOUS,ambiguous_registry_name,Iron Gate Wholesale,A779
A59460,PY/Silver Care Faisal Station St.,771,75,,80.0,ambiguous_registry_name,AMBIGUOUS,ambiguous_registry_name,Marina Bay Trade,B771
A59473,PH al nozha faisal,703,78,,85.71428571428572,ambiguous_registry_name,AMBIGUOUS,ambiguous_registry_name,Blue Crescent Medical Supply Co.,A703
A59485,El Tourath Faisal,767,74,,79.06976744186046,ambiguous_registry_name,AMBIGUOUS,ambiguous_registry_name,Khufu Line Agencies,A767
A59486,Ph/El Tourath Faisal Branch 2,781,82,,79.06976744186046,ambiguous_registry_name,AMBIGUOUS,ambiguous_registry_name,Alex Marine Providers,B781
A59487,PY/el tourath faisal Main Road,781,82,,79.06976744186046,ambiguous_registry_name,AMBIGUOUS,ambiguous_registry_name,Alex Marine Providers,B781
A59538,El Faraby Faisal Mall,711,68,,78.04878048780488,ambiguous_registry_name,AMBIGUOUS,ambiguous_registry_name,El-Masria Trading Co.,A711
A59540,PH EL FARABY FAISAL 011,742,81,,79.16666666666666,ambiguous_registry_name,AMBIGUOUS,ambiguous_registry_name,Green Delta Enterprises,C742
A59542,El Baraka Faisal Station St.,700,78,,78.04878048780488,ambiguous_registry_name,AMBIGUOUS,ambiguous_registry_name,Al-Nour Pharmaceutical Distribution,A700
A59555,Ph/El Tourath Rehab View Mall,764,74,,82.35294117647058,ambiguous_registry_name,AMBIGUOUS,ambiguous_registry_name,Saqqara Trade House,B764
A59556,PH el tourath rehab view 04,777,82,,84.21052631578947,ambiguous_registry_name,AMBIGUOUS,ambiguous_registry_name,Seven Palms Distribution,B777
A59558,El-El Tourath Rehab View Mall,779,74,,81.4814814814815,ambiguous_registry_name,AMBIGUOUS,ambiguous_registry_name,Iron Gate Wholesale,A779
A59559,silver care faisal Station St.,701,79,,80.0,ambiguous_registry_name,AMBIGUOUS,ambiguous_registry_name,Al-Nour Pharmaceutical Distribution,B701
A59563,PY/silver care faisal,732,84,,80.0,ambiguous_registry_name,AMBIGUOUS,ambiguous_registry_name,Pyramid Health Supplies,C732
A59588,PH Salamtek Branch 2,734,79,,78.57142857142857,ambiguous_registry_name,AMBIGUOUS,ambiguous_registry_name,Modern Chain Distributors,B734
A59601,PY/HEALTH GATE FAISAL,743,65,,80.0,ambiguous_registry_name,AMBIGUOUS,ambiguous_registry_name,Horus Elite Logistics,A743
A59603,HEALTH GATE FAISAL Mall,745,66,,80.0,ambiguous_registry_name,AMBIGUOUS,ambiguous_registry_name,Southern Cross Pharma,A745
A59604,Ph/health gate faisal Station St.,751,76,,80.0,ambiguous_registry_name,AMBIGUOUS,ambiguous_registry_name,Falcon Wholesale Co.,A751
A59625,PH metro faisal Station St.,719,81,,83.33333333333334,ambiguous_registry_name,AMBIGUOUS,ambiguous_registry_name,Lotus Medcare Distribution,A719
A59636,PH Seha First Faisal br.2,758,65,,86.95652173913044,ambiguous_registry_name,AMBIGUOUS,ambiguous_registry_name,Two Rivers Distribution,A758
A59637,Ph/SEHA FIRST FAISAL,767,76,,79.06976744186046,ambiguous_registry_name,AMBIGUOUS,ambiguous_registry_name,Khufu Line Agencies,A767
A59638,seha first faisal Main Road,778,85,,79.06976744186046,ambiguous_registry_name,AMBIGUOUS,ambiguous_registry_name,Seven Palms Distribution,C778
A59639,Ph/seha first faisal Mall,778,85,,79.06976744186046,ambiguous_registry_name,AMBIGUOUS,ambiguous_registry_name,Seven Palms Distribution,C778
A59677,PH City Care Mall,760,76,,80.0,ambiguous_registry_name,AMBIGUOUS,ambiguous_registry_name,Two Rivers Distribution,C760
A59686,PH LIFE LINE br.2,708,75,,80.0,ambiguous_registry_name,AMBIGUOUS,ambiguous_registry_name,Horus Pharm Agencies,A708
A59687,PH Life Line Mall,708,75,,80.0,ambiguous_registry_name,AMBIGUOUS,ambiguous_registry_name,Horus Pharm Agencies,A708
A59716,PH Al Nozha 6th Zone,711,72,,78.57142857142857,ambiguous_registry_name,AMBIGUOUS,ambiguous_registry_name,El-Masria Trading Co.,A711
A59722,PhA/l Nozha Main Road,765,76,,78.57142857142857,ambiguous_registry_name,AMBIGUOUS,ambiguous_registry_name,Basil Corner Providers,A765
A59737,PH Al Nozha Faisal br.2754,776,64,,85.71428571428572,ambiguous_registry_name,AMBIGUOUS,ambiguous_registry_name,Seven Palms Distribution,A776
A59738,PH Al Nozha Faisal Mall,776,64,,85.71428571428572,ambiguous_registry_name,AMBIGUOUS,ambiguous_registry_name,Seven Palms Distribution,A776
A59744,golden care faisal br.2,723,74,,80.0,ambiguous_registry_name,AMBIGUOUS,ambiguous_registry_name,Ramses Wholesale Partners,A723
A59746,Golden Care Faisal Station St.,728,81,,80.0,ambiguous_registry_name,AMBIGUOUS,ambiguous_registry_name,Delta Star Medical Trade,A728
A59748,Ph/Golden Care Faisal,751,78,,80.0,ambiguous_registry_name,AMBIGUOUS,ambiguous_registry_name,Falcon Wholesale Co.,A751
A59765,PH care 24 seven br.2,713,77,,89.65517241379311,ambiguous_registry_name,AMBIGUOUS,ambiguous_registry_name,El-Masria Trading Co.,C713
A59766,el CARE 2 SEVEN,713,77,,85.71428571428572,ambiguous_registry_name,AMBIGUOUS,ambiguous_registry_name,El-Masria Trading Co.,C713
A59767,care 24 seven 6th Zone,715,61,,100.0,ambiguous_registry_name,AMBIGUOUS,ambiguous_registry_name,Delta Union Agencies,B715
A59768,Care 24 Seven Station St.60,724,77,,89.65517241379311,ambiguous_registry_name,AMBIGUOUS,ambiguous_registry_name,Ramses Wholesale Partners,B724
A59769,el Care 24 Seven,724,77,,89.65517241379311,ambiguous_registry_name,AMBIGUOUS,ambiguous_registry_name,Ramses Wholesale Partners,B724
A59770,Care 24 Seven 011,742,83,,86.66666666666667,ambiguous_registry_name,AMBIGUOUS,ambiguous_registry_name,Green Delta Enterprises,C742
A59772,Care 24 Seven,748,83,,100.0,ambiguous_registry_name,AMBIGUOUS,ambiguous_registry_name,Karnak Medical Trading,A748
A59778,El-Union Pharm486,743,67,,78.57142857142857,ambiguous_registry_name,AMBIGUOUS,ambiguous_registry_name,Horus Elite Logistics,A743
A59779,union pharm 6th Zone,762,84,,100.0,ambiguous_registry_name,AMBIGUOUS,ambiguous_registry_name,Supreme Shelf Logistics,B762
A59780,Union Pharm,762,84,,100.0,ambiguous_registry_name,AMBIGUOUS,ambiguous_registry_name,Supreme Shelf Logistics,B762
A59781,EL union pharm 04,765,77,,78.57142857142857,ambiguous_registry_name,AMBIGUOUS,ambiguous_registry_name,Basil Corner Providers,A765
A59782,el Union Pharm (2),765,77,,81.4814814814815,ambiguous_registry_name,AMBIGUOUS,ambiguous_registry_name,Basil Corner Providers,A765
A59783,Ph/Union Pharm Main Road,778,87,,100.0,ambiguous_registry_name,AMBIGUOUS,ambiguous_registry_name,Seven Palms Distribution,C778
A59784,Ph/Union Pharm (2),778,87,,91.66666666666666,ambiguous_registry_name,AMBIGUOUS,ambiguous_registry_name,Seven Palms Distribution,C778
A59810,PH EL ZAHRAA NOZHA Branch 2,751,80,,85.71428571428572,ambiguous_registry_name,AMBIGUOUS,ambiguous_registry_name,Falcon Wholesale Co.,A751
A59818,Silver Care Nozha Branch 1,749,71,,79.06976744186046,ambiguous_registry_name,AMBIGUOUS,ambiguous_registry_name,Karnak Medical Trading,B749
A59844,PH Health Gate 6th Zone,773,88,,82.35294117647058,ambiguous_registry_name,AMBIGUOUS,ambiguous_registry_name,Desert Bloom Suppliers,B773
A59853,PH Dr Medhat Station St.,732,87,,80.0,ambiguous_registry_name,AMBIGUOUS,ambiguous_registry_name,Pyramid Health Supplies,C732
A59858,PH El Nasr Helwan Branch 1,767,82,,85.0,ambiguous_registry_name,AMBIGUOUS,ambiguous_registry_name,Khufu Line Agencies,A767
A59864,Health Gate Faisal,719,82,,80.0,ambiguous_registry_name,AMBIGUOUS,ambiguous_registry_name,Lotus Medcare Distribution,A719
A59866,PH health gate faisal Branch 1,722,79,,87.5,ambiguous_registry_name,AMBIGUOUS,ambiguous_registry_name,Saraya Pharmaceutical Supply,B722
A59868,Ph/health gate faisal Main Road,734,83,,80.0,ambiguous_registry_name,AMBIGUOUS,ambiguous_registry_name,Modern Chain Distributors,B734
A59883,PH Golden Care br.228,715,63,,82.35294117647058,ambiguous_registry_name,AMBIGUOUS,ambiguous_registry_name,Delta Union Agencies,B715
A59913,city care faisal Branch 1,777,85,,78.04878048780488,ambiguous_registry_name,AMBIGUOUS,ambiguous_registry_name,Seven Palms Distribution,B777
A59930,PH Blue Wave Faisal 6th Zone,737,83,,86.36363636363636,ambiguous_registry_name,AMBIGUOUS,ambiguous_registry_name,Sinai Bridge Trading,A737
A59932,PH BLUE WAVE FAISAL Mall,753,76,,86.36363636363636,ambiguous_registry_name,AMBIGUOUS,ambiguous_registry_name,Falcon Wholesale Co.,C753
A59933,PY/blue wave faisal Branch 1,753,76,,78.04878048780488,ambiguous_registry_name,AMBIGUOUS,ambiguous_registry_name,Falcon Wholesale Co.,C753
A59934,blue wave faisal Branch 1,766,84,,78.04878048780488,ambiguous_registry_name,AMBIGUOUS,ambiguous_registry_name,Basil Corner Providers,B766
A59938,PH Family Faisal Mall,729,83,,84.21052631578947,ambiguous_registry_name,AMBIGUOUS,ambiguous_registry_name,Delta Star Medical Trade,B729
A59946,EL FARABY FAISAL,776,65,,78.04878048780488,ambiguous_registry_name,AMBIGUOUS,ambiguous_registry_name,Seven Palms Distribution,A776
A59964,El-Alpha Pharma Dokki (2),706,89,,87.8048780487805,ambiguous_registry_name,AMBIGUOUS,ambiguous_registry_name,Nile Med Wholesale,A706
A59979,Star Care Faisal Branch 1,705,81,,78.04878048780488,ambiguous_registry_name,AMBIGUOUS,ambiguous_registry_name,Blue Crescent Medical Supply Co.,C705
A59980,Ph/Star Care Faisal,705,81,,78.04878048780488,ambiguous_registry_name,AMBIGUOUS,ambiguous_registry_name,Blue Crescent Medical Supply Co.,C705
A59985,PH star care faisal-A,726,107,,82.6086956521739,ambiguous_registry_name,AMBIGUOUS,ambiguous_registry_name,White Nile Agencies,B726
A60027,Angel Haram Branch 2,726,108,,80.0,ambiguous_registry_name,AMBIGUOUS,ambiguous_registry_name,White Nile Agencies,B726
A60030,Ph/angel haram Branch 1,740,82,,80.0,ambiguous_registry_name,AMBIGUOUS,ambiguous_registry_name,Green Delta Enterprises,A740
A60032,ANGEL HARAM Main Road,741,80,,80.0,ambiguous_registry_name,AMBIGUOUS,ambiguous_registry_name,Green Delta Enterprises,B741
A60045,PH Hope Dokki 6th Zone,769,76,,81.25,ambiguous_registry_name,AMBIGUOUS,ambiguous_registry_name,Ocean Front Distributors,B769
A60050,PH HOPE DOKKI,776,66,,81.25,ambiguous_registry_name,AMBIGUOUS,ambiguous_registry_name,Seven Palms Distribution,A776
A60051,Union Pharm Faisal (2),744,92,,94.73684210526316,ambiguous_registry_name,AMBIGUOUS,ambiguous_registry_name,Horus Elite Logistics,B744
A60052,UNION PHARM FAISAL Mall,755,90,,100.0,ambiguous_registry_name,AMBIGUOUS,ambiguous_registry_name,October Central Supply,B755
A60053,union phar mfaisal 6th Zone,755,90,,94.44444444444444,ambiguous_registry_name,AMBIGUOUS,ambiguous_registry_name,October Central Supply,B755
A60069,PH Family Oct City Branch 2,758,71,,85.71428571428572,ambiguous_registry_name,AMBIGUOUS,ambiguous_registry_name,Two Rivers Distribution,A758
A60100,PH MIRA AGAMI,757,82,,81.25,ambiguous_registry_name,AMBIGUOUS,ambiguous_registry_name,Al Wadi Medical Providers,B757
A60143,PH Hope Faisal Branch 2,724,80,,82.35294117647058,ambiguous_registry_name,AMBIGUOUS,ambiguous_registry_name,Ramses Wholesale Partners,B724
A60182,Golden Care Faisal 6th Zone,711,77,,80.0,ambiguous_registry_name,AMBIGUOUS,ambiguous_registry_name,El-Masria Trading Co.,A711
A60183,PY/Golden Care Faisal Branch 1704,716,72,,80.0,ambiguous_registry_name,AMBIGUOUS,ambiguous_registry_name,Delta Union Agencies,C716
A60185,PH Golden Care Faisal 011,727,99,,80.76923076923077,ambiguous_registry_name,AMBIGUOUS,ambiguous_registry_name,White Nile Agencies,C727
A60187,PH Golden Care Fasal Mall,735,83,,85.1063829787234,ambiguous_registry_name,AMBIGUOUS,ambiguous_registry_name,Modern Chain Distributors,C735
A60188,Golden Care Faisal,755,92,,80.0,ambiguous_registry_name,AMBIGUOUS,ambiguous_registry_name,October Central Supply,B755
A60189,Golden Care Faisal,755,92,,80.0,ambiguous_registry_name,AMBIGUOUS,ambiguous_registry_name,October Central Supply,B755
A60195,PH Seha First Dokki Main Road,713,80,,86.36363636363636,ambiguous_registry_name,AMBIGUOUS,ambiguous_registry_name,El-Masria Trading Co.,C713
A60197,PH SEHA FIST DOKKI (2),757,83,,80.0,ambiguous_registry_name,AMBIGUOUS,ambiguous_registry_name,Al Wadi Medical Providers,B757
A60198,PH Seha First Dokki br.2,757,83,,86.36363636363636,ambiguous_registry_name,AMBIGUOUS,ambiguous_registry_name,Al Wadi Medical Providers,B757
A60223,PH al nozha Main Road,747,73,,78.57142857142857,ambiguous_registry_name,AMBIGUOUS,ambiguous_registry_name,Southern Cross Pharma,C747
A60233,el Pharma Plus Rehab View Station St.,703,79,,93.61702127659575,ambiguous_registry_name,AMBIGUOUS,ambiguous_registry_name,Blue Crescent Medical Supply Co.,A703
A60234,Ph/pharma plus rehab view 04,709,79,,93.61702127659575,ambiguous_registry_name,AMBIGUOUS,ambiguous_registry_name,Horus Pharm Agencies,B709
A60235,el Pharma Plus Rehab View Branch 1,749,74,,93.61702127659575,ambiguous_registry_name,AMBIGUOUS,ambiguous_registry_name,Karnak Medical Trading,B749
A60236,El-pharma plus rehab vew 04,749,74,,85.71428571428572,ambiguous_registry_name,AMBIGUOUS,ambiguous_registry_name,Karnak Medical Trading,B749
A60237,el Pharma Plus Rehab View-A,754,76,,89.79591836734694,ambiguous_registry_name,AMBIGUOUS,ambiguous_registry_name,October Central Supply,A754
A60238,PY/Pharma Plus Rehab View,754,76,,100.0,ambiguous_registry_name,AMBIGUOUS,ambiguous_registry_name,October Central Supply,A754
A60239,El-Pharma Pluss Rehab View-A,776,67,,88.0,ambiguous_registry_name,AMBIGUOUS,ambiguous_registry_name,Seven Palms Distribution,A776
A60241,PH Union Pharm Obour Main Road,726,110,,91.89189189189189,ambiguous_registry_name,AMBIGUOUS,ambiguous_registry_name,White Nile Agencies,B726
A60242,Ph/UNION PHARM OBOUR577,726,110,,91.89189189189189,ambiguous_registry_name,AMBIGUOUS,ambiguous_registry_name,White Nile Agencies,B726
A60243,EL Union Pharm Obour br.2,738,85,,91.89189189189189,ambiguous_registry_name,AMBIGUOUS,ambiguous_registry_name,Sinai Bridge Trading,B738
A60244,PY/Union Pharm Obour Station St.,738,85,,100.0,ambiguous_registry_name,AMBIGUOUS,ambiguous_registry_name,Sinai Bridge Trading,B738
A60245,el union pharm obour (2),741,85,,87.17948717948718,ambiguous_registry_name,AMBIGUOUS,ambiguous_registry_name,Green Delta Enterprises,B741
A60246,el Union Pharm Obour-A886,741,85,,80.95238095238095,ambiguous_registry_name,AMBIGUOUS,ambiguous_registry_name,Green Delta Enterprises,B741
A60247,PY/UNION PHARM OBOUR,773,92,,100.0,ambiguous_registry_name,AMBIGUOUS,ambiguous_registry_name,Desert Bloom Suppliers,B773
A60274,el tourath faisal Main Road,744,95,,79.06976744186046,ambiguous_registry_name,AMBIGUOUS,ambiguous_registry_name,Horus Elite Logistics,B744
A60276,PY/El Tourath Faisal Main Road,778,91,,79.06976744186046,ambiguous_registry_name,AMBIGUOUS,ambiguous_registry_name,Seven Palms Distribution,C778
A60285,dr medhat faisal Mall,719,85,,82.05128205128204,ambiguous_registry_name,AMBIGUOUS,ambiguous_registry_name,Lotus Medcare Distribution,A719
A60286,DR MEDHAT FAISAL Branch 1,732,89,,82.05128205128204,ambiguous_registry_name,AMBIGUOUS,ambiguous_registry_name,Pyramid Health Supplies,C732
A60287,Dr Medhat Faisal,749,75,,82.05128205128204,ambiguous_registry_name,AMBIGUOUS,ambiguous_registry_name,Karnak Medical Trading,B749
A60290,DR MEDHAT FAISAL,759,76,,82.05128205128204,ambiguous_registry_name,AMBIGUOUS,ambiguous_registry_name,Two Rivers Distribution,B759
A60293,PH DR MEDHAT FAISAL Branch 1,772,90,,90.47619047619048,ambiguous_registry_name,AMBIGUOUS,ambiguous_registry_name,Desert Bloom Suppliers,A772
A60314,City Care Faisal br.2,701,85,,78.04878048780488,ambiguous_registry_name,AMBIGUOUS,ambiguous_registry_name,Al-Nour Pharmaceutical Distribution,B701
A60315,City Care Faisal 6th Zone,701,85,,78.04878048780488,ambiguous_registry_name,AMBIGUOUS,ambiguous_registry_name,Al-Nour Pharmaceutical Distribution,B701
A60317,PY/City Care Faisal Branch 2,722,81,,78.04878048780488,ambiguous_registry_name,AMBIGUOUS,ambiguous_registry_name,Saraya Pharmaceutical Supply,B722
A60318,City Care Faisal Branch 2,734,86,,78.04878048780488,ambiguous_registry_name,AMBIGUOUS,ambiguous_registry_name,Modern Chain Distributors,B734
A60322,Blue Wave Smouha Main Road,714,92,,78.04878048780488,ambiguous_registry_name,AMBIGUOUS,ambiguous_registry_name,Delta Union Agencies,A714
A60323,Ph/BLUE WAVE SMOUHA 6th Zone,714,92,,78.04878048780488,ambiguous_registry_name,AMBIGUOUS,ambiguous_registry_name,Delta Union Agencies,A714
A60324,BLUE WAVE SMOUHA Branch 1,747,75,,78.04878048780488,ambiguous_registry_name,AMBIGUOUS,ambiguous_registry_name,Southern Cross Pharma,C747
A60325,Blue Wave Smouha,756,94,,78.04878048780488,ambiguous_registry_name,AMBIGUOUS,ambiguous_registry_name,Al Wadi Medical Providers,A756
A60328,EL BARAKA HELWAN 6th Zone,705,85,,78.04878048780488,ambiguous_registry_name,AMBIGUOUS,ambiguous_registry_name,Blue Crescent Medical Supply Co.,C705
A60330,El Baraka Helwan 6th Zone,727,101,,78.04878048780488,ambiguous_registry_name,AMBIGUOUS,ambiguous_registry_name,White Nile Agencies,C727
A60331,EL BARAKA HELWAN 6th Zone,727,101,,78.04878048780488,ambiguous_registry_name,AMBIGUOUS,ambiguous_registry_name,White Nile Agencies,C727
A60333,PH El Baraka Helwan,729,86,,86.36363636363636,ambiguous_registry_name,AMBIGUOUS,ambiguous_registry_name,Delta Star Medical Trade,B729
A60336,El Baraka Helwan Station St.,749,76,,78.04878048780488,ambiguous_registry_name,AMBIGUOUS,ambiguous_registry_name,Karnak Medical Trading,B749
A60338,EL BARAKA HELWAN Mall,758,74,,78.04878048780488,ambiguous_registry_name,AMBIGUOUS,ambiguous_registry_name,Two Rivers Distribution,A758
A60339,Ph/Alpha Pharma Station St.,717,78,,100.0,ambiguous_registry_name,AMBIGUOUS,ambiguous_registry_name,Cairo Grand Supplies,A717
A60340,ALPHA PHARMA507,717,78,,88.88888888888889,ambiguous_registry_name,AMBIGUOUS,ambiguous_registry_name,Cairo Grand Supplies,A717
A60341,alpha pharma Main Road,719,86,,100.0,ambiguous_registry_name,AMBIGUOUS,ambiguous_registry_name,Lotus Medcare Distribution,A719
A60342,PH Alpha Pharma,740,86,,88.88888888888889,ambiguous_registry_name,AMBIGUOUS,ambiguous_registry_name,Green Delta Enterprises,A740
A60344,PY/ALPHA PHARMA-A,777,88,,92.3076923076923,ambiguous_registry_name,AMBIGUOUS,ambiguous_registry_name,Seven Palms Distribution,B777
A60358,PH life line Mall,738,87,,80.0,ambiguous_registry_name,AMBIGUOUS,ambiguous_registry_name,Sinai Bridge Trading,B738
A60390,PY/el hokama faisal Main Road,741,87,,78.04878048780488,ambiguous_registry_name,AMBIGUOUS,ambiguous_registry_name,Green Delta Enterprises,B741
A60391,el hokama faisal,741,87,,78.04878048780488,ambiguous_registry_name,AMBIGUOUS,ambiguous_registry_name,Green Delta Enterprises,B741
A60403,Ph/Alpha Pharma Faisal Station St.,767,87,,100.0,ambiguous_registry_name,AMBIGUOUS,ambiguous_registry_name,Khufu Line Agencies,A767
A60404,el Alpha Pharma Faisal 6th Zone,780,81,,92.6829268292683,ambiguous_registry_name,AMBIGUOUS,ambiguous_registry_name,Alex Marine Providers,A780
A60405,El-ALPHA PHARMA FAISAL,780,81,,92.6829268292683,ambiguous_registry_name,AMBIGUOUS,ambiguous_registry_name,Alex Marine Providers,A780
A60438,Ph/Dr Medhat Imbaba,748,89,,78.04878048780488,ambiguous_registry_name,AMBIGUOUS,ambiguous_registry_name,Karnak Medical Trading,A748
A60439,PY/Dr Medhat Imbaba,748,89,,78.04878048780488,ambiguous_registry_name,AMBIGUOUS,ambiguous_registry_name,Karnak Medical Trading,A748
A60442,Ph/Dr Medhat Imbaba Branch 1,758,76,,78.04878048780488,ambiguous_registry_name,AMBIGUOUS,ambiguous_registry_name,Two Rivers Distribution,A758
A60444,PH Dr Medhat Imbaba,771,84,,86.36363636363636,ambiguous_registry_name,AMBIGUOUS,ambiguous_registry_name,Marina Bay Trade,B771
A60446,Dr Medhat Imbaba 6th Zone,779,80,,78.04878048780488,ambiguous_registry_name,AMBIGUOUS,ambiguous_registry_name,Iron Gate Wholesale,A779
A60464,PH Green Leaf Faisal,744,98,,86.95652173913044,ambiguous_registry_name,AMBIGUOUS,ambiguous_registry_name,Horus Elite Logistics,B744
A60466,PY/GREEN LEAF FAISAL Main Road,771,85,,79.06976744186046,ambiguous_registry_name,AMBIGUOUS,ambiguous_registry_name,Marina Bay Trade,B771
A60468,PH green leaf faisal,775,80,,86.95652173913044,ambiguous_registry_name,AMBIGUOUS,ambiguous_registry_name,Corner Stone Medical,A775
A60482,PH FAMILY FAISAL 04,754,79,,78.04878048780488,ambiguous_registry_name,AMBIGUOUS,ambiguous_registry_name,October Central Supply,A754
A60489,El-Pharma Plus Branch 1,710,86,,88.0,ambiguous_registry_name,AMBIGUOUS,ambiguous_registry_name,Horus Pharm Agencies,C710
A60491,EL Pharma Plus 6th Zone,723,77,,88.0,ambiguous_registry_name,AMBIGUOUS,ambiguous_registry_name,Ramses Wholesale Partners,A723
A60492,Ph/pharma plus,729,89,,100.0,ambiguous_registry_name,AMBIGUOUS,ambiguous_registry_name,Delta Star Medical Trade,B729
A60493,Pharma Plus Branch 1,738,90,,100.0,ambiguous_registry_name,AMBIGUOUS,ambiguous_registry_name,Sinai Bridge Trading,B738
A60494,Pharma Plus Mall,743,74,,100.0,ambiguous_registry_name,AMBIGUOUS,ambiguous_registry_name,Horus Elite Logistics,A743
A60496,PH Pharma Plus br.2,776,68,,88.0,ambiguous_registry_name,AMBIGUOUS,ambiguous_registry_name,Seven Palms Distribution,A776
A60497,El-pharma plus,777,90,,88.0,ambiguous_registry_name,AMBIGUOUS,ambiguous_registry_name,Seven Palms Distribution,B777
A60503,Elite Haram Mall,776,69,,80.0,ambiguous_registry_name,AMBIGUOUS,ambiguous_registry_name,Seven Palms Distribution,A776
A60523,PY/Union Pharm Faisal,718,70,,100.0,ambiguous_registry_name,AMBIGUOUS,ambiguous_registry_name,Cairo Grand Supplies,B718
A60524,UNION PHARM FAAISAL,718,70,,97.2972972972973,ambiguous_registry_name,AMBIGUOUS,ambiguous_registry_name,Cairo Grand Supplies,B718
A60525,Union Pharm Faisal Station St.,725,82,,100.0,ambiguous_registry_name,AMBIGUOUS,ambiguous_registry_name,White Nile Agencies,A725
A60526,UNION PHARM FAISAL Mall,725,82,,100.0,ambiguous_registry_name,AMBIGUOUS,ambiguous_registry_name,White Nile Agencies,A725
A60528,Union Pharm Faisal-A,731,84,,94.73684210526316,ambiguous_registry_name,AMBIGUOUS,ambiguous_registry_name,Pyramid Health Supplies,B731
A60529,PY/Union Pharm Faisal 04,731,84,,92.3076923076923,ambiguous_registry_name,AMBIGUOUS,ambiguous_registry_name,Pyramid Health Supplies,B731
A60530,PY/Union Pharm Faisal Station St.,741,89,,100.0,ambiguous_registry_name,AMBIGUOUS,ambiguous_registry_name,Green Delta Enterprises,B741
A60531,PY/Union Pharm Faisal Branch 2,743,75,,100.0,ambiguous_registry_name,AMBIGUOUS,ambiguous_registry_name,Horus Elite Logistics,A743
A60532,Ph/Union Phamr Faisal-A538,743,75,,82.92682926829268,ambiguous_registry_name,AMBIGUOUS,ambiguous_registry_name,Horus Elite Logistics,A743
A60533,el union pharm faisal Mall,746,82,,92.3076923076923,ambiguous_registry_name,AMBIGUOUS,ambiguous_registry_name,Southern Cross Pharma,B746
A60534,Union Pharm Faisal666,762,91,,92.3076923076923,ambiguous_registry_name,AMBIGUOUS,ambiguous_registry_name,Supreme Shelf Logistics,B762
A60553,PH el nasr faisal Branch 2,779,81,,85.0,ambiguous_registry_name,AMBIGUOUS,ambiguous_registry_name,Iron Gate Wholesale,A779
A60554,PH El Nasr Faisal,779,81,,85.0,ambiguous_registry_name,AMBIGUOUS,ambiguous_registry_name,Iron Gate Wholesale,A779
A60557,Ph/GREEN LEAF SQUARE Main Road,715,68,,79.06976744186046,ambiguous_registry_name,AMBIGUOUS,ambiguous_registry_name,Delta Union Agencies,B715
A60559,PH Greeen Leaf Square-A,722,83,,81.63265306122449,ambiguous_registry_name,AMBIGUOUS,ambiguous_registry_name,Saraya Pharmaceutical Supply,B722
A60560,PH Green Leaf Square,722,83,,86.95652173913044,ambiguous_registry_name,AMBIGUOUS,ambiguous_registry_name,Saraya Pharmaceutical Supply,B722
A60563,PY/El Zahraa Faisal 6th Zone,715,69,,78.04878048780488,ambiguous_registry_name,AMBIGUOUS,ambiguous_registry_name,Delta Union Agencies,B715
A60564,El Zahraa Faisal,742,86,,78.04878048780488,ambiguous_registry_name,AMBIGUOUS,ambiguous_registry_name,Green Delta Enterprises,C742
A60566,PH El Zahraa Faisal 6th Zone,758,78,,86.36363636363636,ambiguous_registry_name,AMBIGUOUS,ambiguous_registry_name,Two Rivers Distribution,A758
A60586,Ph/El Hokama Faisal,761,73,,78.04878048780488,ambiguous_registry_name,AMBIGUOUS,ambiguous_registry_name,Supreme Shelf Logistics,A761
A60587,El Hokama Faisal br.284,761,73,,78.04878048780488,ambiguous_registry_name,AMBIGUOUS,ambiguous_registry_name,Supreme Shelf Logistics,A761
A60589,El Hokama Faisal Main Road,767,91,,78.04878048780488,ambiguous_registry_name,AMBIGUOUS,ambiguous_registry_name,Khufu Line Agencies,A767
A60590,El Hokama Faisal Branch 2,768,96,,78.04878048780488,ambiguous_registry_name,AMBIGUOUS,ambiguous_registry_name,Ocean Front Distributors,A768
A60591,el hokama faisal Branch 2,768,96,,78.04878048780488,ambiguous_registry_name,AMBIGUOUS,ambiguous_registry_name,Ocean Front Distributors,A768
A60593,Ph/El Hokama Faisal Main Road,781,91,,78.04878048780488,ambiguous_registry_name,AMBIGUOUS,ambiguous_registry_name,Alex Marine Providers,B781
A60596,El Hokama Faisal Branch 2,714,94,,78.04878048780488,ambiguous_registry_name,AMBIGUOUS,ambiguous_registry_name,Delta Union Agencies,A714
A60601,el hokama faisal Station St.,732,94,,78.04878048780488,ambiguous_registry_name,AMBIGUOUS,ambiguous_registry_name,Pyramid Health Supplies,C732
A60606,GOLDEN CARE FAISAL Branch 1,728,87,,80.0,ambiguous_registry_name,AMBIGUOUS,ambiguous_registry_name,Delta Star Medical Trade,A728
A60607,Ph/Golden Care Faisal Station St.,736,75,,80.0,ambiguous_registry_name,AMBIGUOUS,ambiguous_registry_name,United Bazaar Pharma,A736
A60608,Ph/Golden Care Faisal,750,87,,80.0,ambiguous_registry_name,AMBIGUOUS,ambiguous_registry_name,Pearl Route Agencies,A750
A60655,Golden Care Faisal (2),743,77,,80.0,ambiguous_registry_name,AMBIGUOUS,ambiguous_registry_name,Horus Elite Logistics,A743
A60656,PH GOLDEN CARE FAISAL,743,77,,87.5,ambiguous_registry_name,AMBIGUOUS,ambiguous_registry_name,Horus Elite Logistics,A743
A60659,Golden Care Faisal,781,92,,80.0,ambiguous_registry_name,AMBIGUOUS,ambiguous_registry_name,Alex Marine Providers,B781
A60704,PH Mira Faisal 6th Zone,718,76,,82.35294117647058,ambiguous_registry_name,AMBIGUOUS,ambiguous_registry_name,Cairo Grand Supplies,B718
A60711,PH el zahraa faisal Branch 2172,731,85,,86.36363636363636,ambiguous_registry_name,AMBIGUOUS,ambiguous_registry_name,Pyramid Health Supplies,B731
A60712,Ph/El Zahraa Faisal Branch 1,742,89,,78.04878048780488,ambiguous_registry_name,AMBIGUOUS,ambiguous_registry_name,Green Delta Enterprises,C742
A60713,Ph/El Zahraa Faisal,742,89,,78.04878048780488,ambiguous_registry_name,AMBIGUOUS,ambiguous_registry_name,Green Delta Enterprises,C742
A60714,PY/el zahraa faisal,745,72,,78.04878048780488,ambiguous_registry_name,AMBIGUOUS,ambiguous_registry_name,Southern Cross Pharma,A745
A60718,Ph/El Zahraa Faisal Branch 1,751,90,,78.04878048780488,ambiguous_registry_name,AMBIGUOUS,ambiguous_registry_name,Falcon Wholesale Co.,A751
A60727,CARE 24 SEVEN FAISAL,712,101,,100.0,ambiguous_registry_name,AMBIGUOUS,ambiguous_registry_name,El-Masria Trading Co.,B712
A60728,Ph/Care 24 Seven Faiisal br.2,715,70,,97.5609756097561,ambiguous_registry_name,AMBIGUOUS,ambiguous_registry_name,Delta Union Agencies,B715
A60729,Care2 4 Seven Faisal 011,715,70,,86.36363636363636,ambiguous_registry_name,AMBIGUOUS,ambiguous_registry_name,Delta Union Agencies,B715
A60732,Care 24 Seven Faisal Branch 1832,726,112,,100.0,ambiguous_registry_name,AMBIGUOUS,ambiguous_registry_name,White Nile Agencies,B726
A60733,PH Care 24 Seven Faisal Mall,726,112,,93.02325581395348,ambiguous_registry_name,AMBIGUOUS,ambiguous_registry_name,White Nile Agencies,B726
A60734,PY/CARE 24 SEVEN FAISAL-A,758,80,,95.23809523809523,ambiguous_registry_name,AMBIGUOUS,ambiguous_registry_name,Two Rivers Distribution,A758
A60735,PH Care 24 Seven Faisal Station St.,758,80,,93.02325581395348,ambiguous_registry_name,AMBIGUOUS,ambiguous_registry_name,Two Rivers Distribution,A758
A60736,PH Care 24 Seven Faisal Branch 1,773,95,,93.02325581395348,ambiguous_registry_name,AMBIGUOUS,ambiguous_registry_name,Desert Bloom Suppliers,B773
A60737,care2 4 seven faisal,773,95,,95.0,ambiguous_registry_name,AMBIGUOUS,ambiguous_registry_name,Desert Bloom Suppliers,B773
A60739,Ph/Green Leaf Faisal Branch 1,720,89,,79.06976744186046,ambiguous_registry_name,AMBIGUOUS,ambiguous_registry_name,Lotus Medcare Distribution,B720
A60743,PH green leaf faisal-A,735,86,,83.33333333333334,ambiguous_registry_name,AMBIGUOUS,ambiguous_registry_name,Modern Chain Distributors,C735
A60744,green leaf faisal,735,86,,79.06976744186046,ambiguous_registry_name,AMBIGUOUS,ambiguous_registry_name,Modern Chain Distributors,C735
A60746,PH Green Leaf Faisal 04,743,78,,81.63265306122449,ambiguous_registry_name,AMBIGUOUS,ambiguous_registry_name,Horus Elite Logistics,A743
A60753,El-UNION PHARM Mall,767,93,,88.0,ambiguous_registry_name,AMBIGUOUS,ambiguous_registry_name,Khufu Line Agencies,A767
A60776,PH Union Pharm,710,88,,88.0,ambiguous_registry_name,AMBIGUOUS,ambiguous_registry_name,Horus Pharm Agencies,C710
A60777,PY/union pharm Branch 1,727,106,,100.0,ambiguous_registry_name,AMBIGUOUS,ambiguous_registry_name,White Nile Agencies,C727
A60778,Union Pharm br.2,741,93,,100.0,ambiguous_registry_name,AMBIGUOUS,ambiguous_registry_name,Green Delta Enterprises,B741
A60779,Ph/UNION PHARM-A116,744,101,,81.4814814814815,ambiguous_registry_name,AMBIGUOUS,ambiguous_registry_name,Horus Elite Logistics,B744
A60781,el UNION PHARM 04,756,97,,78.57142857142857,ambiguous_registry_name,AMBIGUOUS,ambiguous_registry_name,Al Wadi Medical Providers,A756
A60782,PY/union phharm-A,766,89,,88.0,ambiguous_registry_name,AMBIGUOUS,ambiguous_registry_name,Basil Corner Providers,B766
A60783,Union Pharm 6th Zone,780,87,,100.0,ambiguous_registry_name,AMBIGUOUS,ambiguous_registry_name,Alex Marine Providers,A780
A60815,Seha First Smouha 6th Zone,715,72,,79.06976744186046,ambiguous_registry_name,AMBIGUOUS,ambiguous_registry_name,Delta Union Agencies,B715
A60817,Ph/Seha First Smouha,730,91,,79.06976744186046,ambiguous_registry_name,AMBIGUOUS,ambiguous_registry_name,Pyramid Health Supplies,A730
A60818,Seha First Smouha,730,91,,79.06976744186046,ambiguous_registry_name,AMBIGUOUS,ambiguous_registry_name,Pyramid Health Supplies,A730
A60820,SEHA FIRST SMOUHA,752,80,,79.06976744186046,ambiguous_registry_name,AMBIGUOUS,ambiguous_registry_name,Falcon Wholesale Co.,B752
A60821,SEHA FIRST SMOUHA Main Road,762,93,,79.06976744186046,ambiguous_registry_name,AMBIGUOUS,ambiguous_registry_name,Supreme Shelf Logistics,B762
A60822,Ph/SEHA FIRST SMOUHA,762,93,,79.06976744186046,ambiguous_registry_name,AMBIGUOUS,ambiguous_registry_name,Supreme Shelf Logistics,B762
A60825,Seha First Smouha Branch 2,778,94,,79.06976744186046,ambiguous_registry_name,AMBIGUOUS,ambiguous_registry_name,Seven Palms Distribution,C778
A60844,PH Salamtek Faisal79,773,98,,81.81818181818181,ambiguous_registry_name,AMBIGUOUS,ambiguous_registry_name,Desert Bloom Suppliers,B773
A60881,Ph/alpha pharma 6th Zone,711,79,,100.0,ambiguous_registry_name,AMBIGUOUS,ambiguous_registry_name,El-Masria Trading Co.,A711
A60882,Ph/ALPHA PHARMA Mall,711,79,,100.0,ambiguous_registry_name,AMBIGUOUS,ambiguous_registry_name,El-Masria Trading Co.,A711
A60883,Ph/alpha pharma,726,113,,100.0,ambiguous_registry_name,AMBIGUOUS,ambiguous_registry_name,White Nile Agencies,B726
A60884,Ph/Alpha Pharma Branch 2,726,113,,100.0,ambiguous_registry_name,AMBIGUOUS,ambiguous_registry_name,White Nile Agencies,B726
A60886,Alpha Pharma (2)576,733,84,,80.0,ambiguous_registry_name,AMBIGUOUS,ambiguous_registry_name,Modern Chain Distributors,A733
A60888,Ph/ALPHA PHARMA 011,765,82,,85.71428571428572,ambiguous_registry_name,AMBIGUOUS,ambiguous_registry_name,Basil Corner Providers,A765
A60889,Ph/Angel Haram Branch 1,711,80,,80.0,ambiguous_registry_name,AMBIGUOUS,ambiguous_registry_name,El-Masria Trading Co.,A711
A60890,Angel Haram br.2,751,91,,80.0,ambiguous_registry_name,AMBIGUOUS,ambiguous_registry_name,Falcon Wholesale Co.,A751
A60891,PY/angel haram Branch 1,751,91,,80.0,ambiguous_registry_name,AMBIGUOUS,ambiguous_registry_name,Falcon Wholesale Co.,A751
A60892,Ph/ANGEL HARAM,753,83,,80.0,ambiguous_registry_name,AMBIGUOUS,ambiguous_registry_name,Falcon Wholesale Co.,C753
A60894,Ph/Angel Haram Mall,754,82,,80.0,ambiguous_registry_name,AMBIGUOUS,ambiguous_registry_name,October Central Supply,A754
A60906,PY/El Shifa Montaza Main Road,702,87,,78.04878048780488,ambiguous_registry_name,AMBIGUOUS,ambiguous_registry_name,Al-Nour Pharmaceutical Distribution,C702
A60907,El Shifa Montaza Station St.,702,87,,78.04878048780488,ambiguous_registry_name,AMBIGUOUS,ambiguous_registry_name,Al-Nour Pharmaceutical Distribution,C702
A60913,El Shifa Montaza 6th Zone,759,80,,78.04878048780488,ambiguous_registry_name,AMBIGUOUS,ambiguous_registry_name,Two Rivers Distribution,B759
A60916,PY/Union Pharm 6th Zone,710,90,,100.0,ambiguous_registry_name,AMBIGUOUS,ambiguous_registry_name,Horus Pharm Agencies,C710
A60917,El-Union Pharm Main Road,710,90,,88.0,ambiguous_registry_name,AMBIGUOUS,ambiguous_registry_name,Horus Pharm Agencies,C710
A60918,El-Union Pharm,724,86,,88.0,ambiguous_registry_name,AMBIGUOUS,ambiguous_registry_name,Ramses Wholesale Partners,B724
A60920,Union Pharm,730,93,,100.0,ambiguous_registry_name,AMBIGUOUS,ambiguous_registry_name,Pyramid Health Supplies,A730
A60921,PY/Union Pharm 04,730,93,,88.0,ambiguous_registry_name,AMBIGUOUS,ambiguous_registry_name,Pyramid Health Supplies,A730
A60922,Ph/Union Pharm,733,85,,100.0,ambiguous_registry_name,AMBIGUOUS,ambiguous_registry_name,Modern Chain Distributors,A733
A60923,EL Union Pharm Main Road,752,82,,88.0,ambiguous_registry_name,AMBIGUOUS,ambiguous_registry_name,Falcon Wholesale Co.,B752
A60924,Union Pharm278,765,83,,88.0,ambiguous_registry_name,AMBIGUOUS,ambiguous_registry_name,Basil Corner Providers,A765
A60925,PY/Union Pharm 011,765,83,,84.61538461538461,ambiguous_registry_name,AMBIGUOUS,ambiguous_registry_name,Basil Corner Providers,A765
A60928,Ph/union pharm br.2,775,85,,100.0,ambiguous_registry_name,AMBIGUOUS,ambiguous_registry_name,Corner Stone Medical,A775
A60929,city care faisal br.2,706,99,,78.04878048780488,ambiguous_registry_name,AMBIGUOUS,ambiguous_registry_name,Nile Med Wholesale,A706
A60931,City Care Faisal,728,89,,78.04878048780488,ambiguous_registry_name,AMBIGUOUS,ambiguous_registry_name,Delta Star Medical Trade,A728
A60951,Ph/NILE CARE HELWAN,705,90,,78.04878048780488,ambiguous_registry_name,AMBIGUOUS,ambiguous_registry_name,Blue Crescent Medical Supply Co.,C705
A60953,Nile Care Helwan,732,95,,78.04878048780488,ambiguous_registry_name,AMBIGUOUS,ambiguous_registry_name,Pyramid Health Supplies,C732
A60963,PH metro faisal,770,100,,83.33333333333334,ambiguous_registry_name,AMBIGUOUS,ambiguous_registry_name,Marina Bay Trade,A770
A60966,Ph/Life Line Helwan,704,93,,78.04878048780488,ambiguous_registry_name,AMBIGUOUS,ambiguous_registry_name,Blue Crescent Medical Supply Co.,B704
A60973,PH LIFE LINE HELWAN 011,782,96,,79.16666666666666,ambiguous_registry_name,AMBIGUOUS,ambiguous_registry_name,Summit Crest Trading,A782
A60976,Ph/Health Gate Faisal Branch 1,765,84,,80.0,ambiguous_registry_name,AMBIGUOUS,ambiguous_registry_name,Basil Corner Providers,A765
A60978,PH HEALTH GATE FAISAL br.2,777,91,,87.5,ambiguous_registry_name,AMBIGUOUS,ambiguous_registry_name,Seven Palms Distribution,B777
A60980,PH Health Gate Faisal,780,90,,87.5,ambiguous_registry_name,AMBIGUOUS,ambiguous_registry_name,Alex Marine Providers,A780
A60981,PY/UNION PHARM,712,102,,100.0,ambiguous_registry_name,AMBIGUOUS,ambiguous_registry_name,El-Masria Trading Co.,B712
A60982,Ph/UNION PHARM Branch 1,718,79,,100.0,ambiguous_registry_name,AMBIGUOUS,ambiguous_registry_name,Cairo Grand Supplies,B718
A60983,union pharm 011,720,92,,84.61538461538461,ambiguous_registry_name,AMBIGUOUS,ambiguous_registry_name,Lotus Medcare Distribution,B720
A60984,PY/UNION PHARM br.2,753,84,,100.0,ambiguous_registry_name,AMBIGUOUS,ambiguous_registry_name,Falcon Wholesale Co.,C753
A60985,EL Union Pharm,754,83,,88.0,ambiguous_registry_name,AMBIGUOUS,ambiguous_registry_name,October Central Supply,A754
A60987,EL union pharm Station St.,764,79,,88.0,ambiguous_registry_name,AMBIGUOUS,ambiguous_registry_name,Saqqara Trade House,B764
A60988,El-UNION PHARM,766,91,,88.0,ambiguous_registry_name,AMBIGUOUS,ambiguous_registry_name,Basil Corner Providers,B766
A61002,PH El SShifa Obour br.2,772,93,,82.92682926829268,ambiguous_registry_name,AMBIGUOUS,ambiguous_registry_name,Desert Bloom Suppliers,A772
A61005,Ph/Green Leaf Mohandessin Mall,704,94,,83.01886792452831,ambiguous_registry_name,AMBIGUOUS,ambiguous_registry_name,Blue Crescent Medical Supply Co.,B704
A61006,green leaf mohandessin107,726,114,,78.57142857142857,ambiguous_registry_name,AMBIGUOUS,ambiguous_registry_name,White Nile Agencies,B726
A61007,El-green leaf mohandessin Station St.,726,114,,78.57142857142857,ambiguous_registry_name,AMBIGUOUS,ambiguous_registry_name,White Nile Agencies,B726
A61008,Green Leaf Mohandessin Mall,731,86,,83.01886792452831,ambiguous_registry_name,AMBIGUOUS,ambiguous_registry_name,Pyramid Health Supplies,B731
A61009,El-Green Leaf Mohandessin,731,86,,78.57142857142857,ambiguous_registry_name,AMBIGUOUS,ambiguous_registry_name,Pyramid Health Supplies,B731
A61011,PH Seha First Mohandesssin Station St.,708,89,,87.71929824561404,ambiguous_registry_name,AMBIGUOUS,ambiguous_registry_name,Horus Pharm Agencies,A708
A61012,PH Seha First Mohandessin (2),723,82,,86.20689655172413,ambiguous_registry_name,AMBIGUOUS,ambiguous_registry_name,Ramses Wholesale Partners,A723
A61013,EL seha first mohandessin Branch 2,723,82,,78.57142857142857,ambiguous_registry_name,AMBIGUOUS,ambiguous_registry_name,Ramses Wholesale Partners,A723
A61016,Seha First Mohandessin,774,82,,83.01886792452831,ambiguous_registry_name,AMBIGUOUS,ambiguous_registry_name,Desert Bloom Suppliers,C774
A61017,El-Seha First Mohandessin br.2,774,82,,78.57142857142857,ambiguous_registry_name,AMBIGUOUS,ambiguous_registry_name,Desert Bloom Suppliers,C774
A61029,PH Ebn Sina Station St.,702,88,,78.57142857142857,ambiguous_registry_name,AMBIGUOUS,ambiguous_registry_name,Al-Nour Pharmaceutical Distribution,C702
A61048,PH Golden Care Main Road,762,96,,82.35294117647058,ambiguous_registry_name,AMBIGUOUS,ambiguous_registry_name,Supreme Shelf Logistics,B762
A61053,PH CITY CAREM OHANDESSIN 04,734,89,,80.70175438596492,ambiguous_registry_name,AMBIGUOUS,ambiguous_registry_name,Modern Chain Distributors,B734
A61054,CITY CARE MOHANDESSIN,744,104,,82.35294117647058,ambiguous_registry_name,AMBIGUOUS,ambiguous_registry_name,Horus Elite Logistics,B744
A61055,City Care Mohandessin Branch 1,744,104,,82.35294117647058,ambiguous_registry_name,AMBIGUOUS,ambiguous_registry_name,Horus Elite Logistics,B744
A61056,CITY CARE MOHANDESSIN Main Road,749,81,,82.35294117647058,ambiguous_registry_name,AMBIGUOUS,ambiguous_registry_name,Karnak Medical Trading,B749
A61058,Ph/MIRA MOHANDESSINb r.2,739,90,,78.26086956521739,ambiguous_registry_name,AMBIGUOUS,ambiguous_registry_name,Sinai Bridge Trading,C739
A61059,PY/MIRA MOHANDESSIN 6th Zone,772,94,,78.04878048780488,ambiguous_registry_name,AMBIGUOUS,ambiguous_registry_name,Desert Bloom Suppliers,A772
A61064,Siver Care Haram Branch 1,741,96,,83.33333333333334,ambiguous_registry_name,AMBIGUOUS,ambiguous_registry_name,Green Delta Enterprises,B741
A61066,Alpha Phaarma Mall,753,86,,96.0,ambiguous_registry_name,AMBIGUOUS,ambiguous_registry_name,Falcon Wholesale Co.,C753
A61067,alpha pharma,754,84,,100.0,ambiguous_registry_name,AMBIGUOUS,ambiguous_registry_name,October Central Supply,A754
A61068,alpha pharma Mall,754,84,,100.0,ambiguous_registry_name,AMBIGUOUS,ambiguous_registry_name,October Central Supply,A754
A61069,el Alpha Pharma (2),763,96,,83.33333333333334,ambiguous_registry_name,AMBIGUOUS,ambiguous_registry_name,Saqqara Trade House,A763
A61070,Ph/Alpha Pharma Branch 2,763,96,,100.0,ambiguous_registry_name,AMBIGUOUS,ambiguous_registry_name,Saqqara Trade House,A763
A61071,el alpha hparma,709,85,,82.35294117647058,ambiguous_registry_name,AMBIGUOUS,ambiguous_registry_name,Horus Pharm Agencies,B709
A61072,PY/Alpha Pharma 6th Zone,718,80,,100.0,ambiguous_registry_name,AMBIGUOUS,ambiguous_registry_name,Cairo Grand Supplies,B718
A61073,alpha pharma Station St.,718,80,,100.0,ambiguous_registry_name,AMBIGUOUS,ambiguous_registry_name,Cairo Grand Supplies,B718
A61074,Ph/ALPHA PHARMA br.2350,720,93,,100.0,ambiguous_registry_name,AMBIGUOUS,ambiguous_registry_name,Lotus Medcare Distribution,B720
A61075,PY/ALPHA PHARMA-A,720,93,,92.3076923076923,ambiguous_registry_name,AMBIGUOUS,ambiguous_registry_name,Lotus Medcare Distribution,B720
A61076,alpha pharma (2),745,75,,92.3076923076923,ambiguous_registry_name,AMBIGUOUS,ambiguous_registry_name,Southern Cross Pharma,A745
A61077,Ph/Alpha Pharma 6th Zone,750,90,,100.0,ambiguous_registry_name,AMBIGUOUS,ambiguous_registry_name,Pearl Route Agencies,A750
A61079,PY/Alpha Pharma428,751,93,,88.88888888888889,ambiguous_registry_name,AMBIGUOUS,ambiguous_registry_name,Falcon Wholesale Co.,A751
A61108,PY/Family Mohandessin Station St.,715,75,,80.0,ambiguous_registry_name,AMBIGUOUS,ambiguous_registry_name,Delta Union Agencies,B715
A61109,Ph/Family Mohandessin Branch 2571,745,77,,80.0,ambiguous_registry_name,AMBIGUOUS,ambiguous_registry_name,Southern Cross Pharma,A745
A61111,PH Family Mohandessin Station St.828,757,93,,80.76923076923077,ambiguous_registry_name,AMBIGUOUS,ambiguous_registry_name,Al Wadi Medical Providers,B757
A61112,PH family mohandessin,762,97,,87.5,ambiguous_registry_name,AMBIGUOUS,ambiguous_registry_name,Supreme Shelf Logistics,B762
A61116,Family Mohandessin Main Road,779,85,,80.0,ambiguous_registry_name,AMBIGUOUS,ambiguous_registry_name,Iron Gate Wholesale,A779
A61117,El-Union Pharm Mohandessin Station St.,730,95,,93.87755102040816,ambiguous_registry_name,AMBIGUOUS,ambiguous_registry_name,Pyramid Health Supplies,A730
A61118,union pharm mohandessin,733,88,,100.0,ambiguous_registry_name,AMBIGUOUS,ambiguous_registry_name,Modern Chain Distributors,A733
A61119,El-Union Pharm Mohandessin 011,737,92,,86.79245283018868,ambiguous_registry_name,AMBIGUOUS,ambiguous_registry_name,Sinai Bridge Trading,A737
A61120,El-UNION PHARM MOHANDESSIN Branch 1,753,87,,93.87755102040816,ambiguous_registry_name,AMBIGUOUS,ambiguous_registry_name,Falcon Wholesale Co.,C753
A61121,el union pharm mohandessin Mall27,753,87,,82.14285714285714,ambiguous_registry_name,AMBIGUOUS,ambiguous_registry_name,Falcon Wholesale Co.,C753
A61122,UNION PHARM MOHANDESSIN Branch 1,764,80,,100.0,ambiguous_registry_name,AMBIGUOUS,ambiguous_registry_name,Saqqara Trade House,B764
A61123,PY/Star Care Helwan Mall,721,86,,78.04878048780488,ambiguous_registry_name,AMBIGUOUS,ambiguous_registry_name,Saraya Pharmaceutical Supply,A721
A61135,Ph/Star Care Helwan Branch 1,771,91,,78.04878048780488,ambiguous_registry_name,AMBIGUOUS,ambiguous_registry_name,Marina Bay Trade,B771
A61165,Life Line Faisal Mall,707,71,,78.04878048780488,ambiguous_registry_name,AMBIGUOUS,ambiguous_registry_name,Tiba Distribution Group,A707
A61166,LIFE LINE FAISAL Station St.,736,79,,78.04878048780488,ambiguous_registry_name,AMBIGUOUS,ambiguous_registry_name,United Bazaar Pharma,A736
A61174,PH Misr Smouha Station St.,781,96,,82.35294117647058,ambiguous_registry_name,AMBIGUOUS,ambiguous_registry_name,Alex Marine Providers,B781
A61175,Ph/Nile Care Mohandessin,714,98,,82.35294117647058,ambiguous_registry_name,AMBIGUOUS,ambiguous_registry_name,Delta Union Agencies,A714
A61181,PH HEALTH GATE 6th Zone,722,91,,82.35294117647058,ambiguous_registry_name,AMBIGUOUS,ambiguous_registry_name,Saraya Pharmaceutical Supply,B722
A61195,MISR MOHANDESSIN Branch 1,713,87,,78.04878048780488,ambiguous_registry_name,AMBIGUOUS,ambiguous_registry_name,El-Masria Trading Co.,C713
A61198,PY/Misr Mohandessin br.2,746,92,,78.04878048780488,ambiguous_registry_name,AMBIGUOUS,ambiguous_registry_name,Southern Cross Pharma,B746
A61201,PH misr mohandessin 6th Zone,774,84,,86.36363636363636,ambiguous_registry_name,AMBIGUOUS,ambiguous_registry_name,Desert Bloom Suppliers,C774
A61204,PY/pharma plus,700,85,,100.0,ambiguous_registry_name,AMBIGUOUS,ambiguous_registry_name,Al-Nour Pharmaceutical Distribution,A700
A61205,PY/Pharma Plus,719,91,,100.0,ambiguous_registry_name,AMBIGUOUS,ambiguous_registry_name,Lotus Medcare Distribution,A719
A61206,El-Pharma Plus br.2831,719,91,,88.0,ambiguous_registry_name,AMBIGUOUS,ambiguous_registry_name,Lotus Medcare Distribution,A719
A61207,Ph/Pharma Plus,721,87,,100.0,ambiguous_registry_name,AMBIGUOUS,ambiguous_registry_name,Saraya Pharmaceutical Supply,A721
A61209,el PHARMA PLUS,729,95,,88.0,ambiguous_registry_name,AMBIGUOUS,ambiguous_registry_name,Delta Star Medical Trade,B729
A61210,Ph/Pharma Plus (2)693,732,99,,78.57142857142857,ambiguous_registry_name,AMBIGUOUS,ambiguous_registry_name,Pyramid Health Supplies,C732
A61212,pharma plus 2(),734,92,,91.66666666666666,ambiguous_registry_name,AMBIGUOUS,ambiguous_registry_name,Modern Chain Distributors,B734
A61213,Ph/Pharma Plus Branch 227,775,89,,100.0,ambiguous_registry_name,AMBIGUOUS,ambiguous_registry_name,Corner Stone Medical,A775
A61215,pharma plus,779,87,,100.0,ambiguous_registry_name,AMBIGUOUS,ambiguous_registry_name,Iron Gate Wholesale,A779
A61232,seha first dokki Station St.,771,93,,78.04878048780488,ambiguous_registry_name,AMBIGUOUS,ambiguous_registry_name,Marina Bay Trade,B771
A61249,El-Phama Plus Branch 1860,732,100,,83.87096774193549,ambiguous_registry_name,AMBIGUOUS,ambiguous_registry_name,Pyramid Health Supplies,C732
A61250,EL pharma plus 04,733,91,,80.0,ambiguous_registry_name,AMBIGUOUS,ambiguous_registry_name,Modern Chain Distributors,A733
A61251,el Pharma Plus,733,91,,88.0,ambiguous_registry_name,AMBIGUOUS,ambiguous_registry_name,Modern Chain Distributors,A733
A61252,Ph/Pharma Plus-A,740,92,,91.66666666666666,ambiguous_registry_name,AMBIGUOUS,ambiguous_registry_name,Green Delta Enterprises,A740
A61253,pharma plus 04,758,83,,88.0,ambiguous_registry_name,AMBIGUOUS,ambiguous_registry_name,Two Rivers Distribution,A758
A61254,EL Pharma Plus Mall,760,85,,88.0,ambiguous_registry_name,AMBIGUOUS,ambiguous_registry_name,Two Rivers Distribution,C760
A61256,PY/PHARMA PLUS Main Road,770,102,,100.0,ambiguous_registry_name,AMBIGUOUS,ambiguous_registry_name,Marina Bay Trade,A770
A61264,Better Life Imbaba Branch 2285,753,89,,80.0,ambiguous_registry_name,AMBIGUOUS,ambiguous_registry_name,Falcon Wholesale Co.,C753
A61266,BETTER LIFE IMBABA Station St.,761,79,,80.0,ambiguous_registry_name,AMBIGUOUS,ambiguous_registry_name,Supreme Shelf Logistics,A761
A61296,PH l Shifa Montaza 04,715,77,,78.26086956521739,ambiguous_registry_name,AMBIGUOUS,ambiguous_registry_name,Delta Union Agencies,B715
A61305,El Shifa Montaza Branch 2,780,92,,78.04878048780488,ambiguous_registry_name,AMBIGUOUS,ambiguous_registry_name,Alex Marine Providers,A780
A61306,El Shifa Montaza,780,92,,78.04878048780488,ambiguous_registry_name,AMBIGUOUS,ambiguous_registry_name,Alex Marine Providers,A780
A61347,PH omega rehab view 011,738,94,,79.16666666666666,ambiguous_registry_name,AMBIGUOUS,ambiguous_registry_name,Sinai Bridge Trading,B738
A61361,PH green leaf mohandessin (2),705,93,,86.20689655172413,ambiguous_registry_name,AMBIGUOUS,ambiguous_registry_name,Blue Crescent Medical Supply Co.,C705
A61362,El-Green Leaf Mohandessin Branch 2995,705,93,,78.57142857142857,ambiguous_registry_name,AMBIGUOUS,ambiguous_registry_name,Blue Crescent Medical Supply Co.,C705
A61364,PY/Green Leaf Mohandessin,708,91,,83.01886792452831,ambiguous_registry_name,AMBIGUOUS,ambiguous_registry_name,Horus Pharm Agencies,A708
A61366,Ph/nile care mohandessn Branch 1,724,89,,80.0,ambiguous_registry_name,AMBIGUOUS,ambiguous_registry_name,Ramses Wholesale Partners,B724
A61367,Nile Care Mohandessin,724,89,,82.35294117647058,ambiguous_registry_name,AMBIGUOUS,ambiguous_registry_name,Ramses Wholesale Partners,B724
A61368,PH NILE CARE MOHANDESSIN Station St.,740,95,,88.88888888888889,ambiguous_registry_name,AMBIGUOUS,ambiguous_registry_name,Green Delta Enterprises,A740
A61370,Ph/NILE CARE MOHANDESSIN Station St.,746,96,,82.35294117647058,ambiguous_registry_name,AMBIGUOUS,ambiguous_registry_name,Southern Cross Pharma,B746
A61371,Nile Care Mohandessin Station St.,746,96,,82.35294117647058,ambiguous_registry_name,AMBIGUOUS,ambiguous_registry_name,Southern Cross Pharma,B746
A61373,PH Nile Care Mohandessin Branch 1,747,82,,88.88888888888889,ambiguous_registry_name,AMBIGUOUS,ambiguous_registry_name,Southern Cross Pharma,C747
A61376,Nile Care Mohandessin-A,757,96,,79.24528301886792,ambiguous_registry_name,AMBIGUOUS,ambiguous_registry_name,Al Wadi Medical Providers,B757
A61395,PH silver care br.2,756,99,,82.35294117647058,ambiguous_registry_name,AMBIGUOUS,ambiguous_registry_name,Al Wadi Medical Providers,A756
A61401,Care 24 Seven Mohandessin 04,711,85,,94.33962264150944,ambiguous_registry_name,AMBIGUOUS,ambiguous_registry_name,El-Masria Trading Co.,A711
A61402,EL CARE 24 SEVEN MOHANDESSIN,725,89,,94.33962264150944,ambiguous_registry_name,AMBIGUOUS,ambiguous_registry_name,White Nile Agencies,A725
A61403,el care 24 seven mohandessin (2),732,101,,90.9090909090909,ambiguous_registry_name,AMBIGUOUS,ambiguous_registry_name,Pyramid Health Supplies,C732
A61404,el care 24 seven mohandessin Mall721,732,101,,81.9672131147541,ambiguous_registry_name,AMBIGUOUS,ambiguous_registry_name,Pyramid Health Supplies,C732
A61405,el Care 24 Seven Mohandessin,744,109,,94.33962264150944,ambiguous_registry_name,AMBIGUOUS,ambiguous_registry_name,Horus Elite Logistics,B744
A61406,PH Care 24 Seven Mohandessin-A,754,88,,90.9090909090909,ambiguous_registry_name,AMBIGUOUS,ambiguous_registry_name,October Central Supply,A754
A61407,CARE 24 SEVEN MOHANDESSIN Main Road587,754,88,,79.36507936507937,ambiguous_registry_name,AMBIGUOUS,ambiguous_registry_name,October Central Supply,A754
A61408,PH care 24 seven mohandessin Main Road,770,103,,94.33962264150944,ambiguous_registry_name,AMBIGUOUS,ambiguous_registry_name,Marina Bay Trade,A770
A61440,EL Star Care Rehab View Branch 2179,706,104,,80.76923076923077,ambiguous_registry_name,AMBIGUOUS,ambiguous_registry_name,Nile Med Wholesale,A706
A61441,PY/Star Care Rehab View Branch 2,706,104,,81.63265306122449,ambiguous_registry_name,AMBIGUOUS,ambiguous_registry_name,Nile Med Wholesale,A706
A61442,Star Care Rehab View MainRoad,743,81,,82.75862068965517,ambiguous_registry_name,AMBIGUOUS,ambiguous_registry_name,Horus Elite Logistics,A743
A61443,Ph/Star Care Rehab View Main Road,743,81,,81.63265306122449,ambiguous_registry_name,AMBIGUOUS,ambiguous_registry_name,Horus Elite Logistics,A743
A61444,EL Star Care Rehab View,766,94,,80.76923076923077,ambiguous_registry_name,AMBIGUOUS,ambiguous_registry_name,Basil Corner Providers,B766
A61445,PY/Star Care Rehab View Branch 2,766,94,,81.63265306122449,ambiguous_registry_name,AMBIGUOUS,ambiguous_registry_name,Basil Corner Providers,B766
A61446,PH star care rehab view Main Road,781,101,,88.46153846153845,ambiguous_registry_name,AMBIGUOUS,ambiguous_registry_name,Alex Marine Providers,B781
A61449,Salamtek Mohandessin Station St.,728,94,,81.63265306122449,ambiguous_registry_name,AMBIGUOUS,ambiguous_registry_name,Delta Star Medical Trade,A728
A61457,Salamtek Mohandessin Branch 1,756,100,,81.63265306122449,ambiguous_registry_name,AMBIGUOUS,ambiguous_registry_name,Al Wadi Medical Providers,A756
A61459,Salamtek Mohandessin br.2,782,99,,81.63265306122449,ambiguous_registry_name,AMBIGUOUS,ambiguous_registry_name,Summit Crest Trading,A782
A61469,Better Life Helwan br.2,701,89,,80.0,ambiguous_registry_name,AMBIGUOUS,ambiguous_registry_name,Al-Nour Pharmaceutical Distribution,B701
A61494,Ph/Ebn Sina Mohandessin (2),740,96,,78.43137254901961,ambiguous_registry_name,AMBIGUOUS,ambiguous_registry_name,Green Delta Enterprises,A740
A61496,Ebn Sina Mohandessin Branch 1,771,98,,81.63265306122449,ambiguous_registry_name,AMBIGUOUS,ambiguous_registry_name,Marina Bay Trade,B771
A61498,el Pharma Plus Mall,705,94,,88.0,ambiguous_registry_name,AMBIGUOUS,ambiguous_registry_name,Blue Crescent Medical Supply Co.,C705
A61499,pharma plus,705,94,,100.0,ambiguous_registry_name,AMBIGUOUS,ambiguous_registry_name,Blue Crescent Medical Supply Co.,C705
A61501,El-Pharma Plus,710,91,,88.0,ambiguous_registry_name,AMBIGUOUS,ambiguous_registry_name,Horus Pharm Agencies,C710
A61504,EL Pharma Plus,767,98,,88.0,ambiguous_registry_name,AMBIGUOUS,ambiguous_registry_name,Khufu Line Agencies,A767
A61505,EL Pharma Plus (2),781,102,,82.35294117647058,ambiguous_registry_name,AMBIGUOUS,ambiguous_registry_name,Alex Marine Providers,B781
A61506,Pharma Plus,781,102,,100.0,ambiguous_registry_name,AMBIGUOUS,ambiguous_registry_name,Alex Marine Providers,B781
A61508,Al Amal Mohandessin,720,98,,80.85106382978724,ambiguous_registry_name,AMBIGUOUS,ambiguous_registry_name,Lotus Medcare Distribution,B720
A61509,PH Al Amal Mohandessin Branch 2,732,104,,88.0,ambiguous_registry_name,AMBIGUOUS,ambiguous_registry_name,Pyramid Health Supplies,C732
A61511,PH al amal mohandessin 011,755,97,,81.4814814814815,ambiguous_registry_name,AMBIGUOUS,ambiguous_registry_name,October Central Supply,B755
A61512,PY/Al Amal Mohandessin,755,97,,80.85106382978724,ambiguous_registry_name,AMBIGUOUS,ambiguous_registry_name,October Central Supply,B755
A61533,health gate smouha,769,83,,80.0,ambiguous_registry_name,AMBIGUOUS,ambiguous_registry_name,Ocean Front Distributors,B769
A61539,PH Health Gat Smouha 04,782,100,,80.0,ambiguous_registry_name,AMBIGUOUS,ambiguous_registry_name,Summit Crest Trading,A782
A61541,PH CARE 24 SEVEN,748,99,,89.65517241379311,ambiguous_registry_name,AMBIGUOUS,ambiguous_registry_name,Karnak Medical Trading,A748
A61542,el Care 24 Seven Branch 2,748,99,,89.65517241379311,ambiguous_registry_name,AMBIGUOUS,ambiguous_registry_name,Karnak Medical Trading,A748
A61543,care 24 seven,750,94,,100.0,ambiguous_registry_name,AMBIGUOUS,ambiguous_registry_name,Pearl Route Agencies,A750
A61546,PY/Care 24 Seven,762,98,,100.0,ambiguous_registry_name,AMBIGUOUS,ambiguous_registry_name,Supreme Shelf Logistics,B762
A61547,Care 24 Seven Min Road,776,76,,82.92682926829268,ambiguous_registry_name,AMBIGUOUS,ambiguous_registry_name,Seven Palms Distribution,A776
A61548,CARE 24 SEEVN MOHANDESSIN Mall,712,106,,96.0,ambiguous_registry_name,AMBIGUOUS,ambiguous_registry_name,El-Masria Trading Co.,B712
A61549,El-CARE 24 SEVEN MOHANDESSIN-A427,712,106,,86.20689655172413,ambiguous_registry_name,AMBIGUOUS,ambiguous_registry_name,El-Masria Trading Co.,B712
A61550,CARE 24 SEVEN MOHANDESSIN,736,82,,100.0,ambiguous_registry_name,AMBIGUOUS,ambiguous_registry_name,United Bazaar Pharma,A736
A61551,el CARE 24 SEVEN MOHANDESSIN (2),736,82,,90.9090909090909,ambiguous_registry_name,AMBIGUOUS,ambiguous_registry_name,United Bazaar Pharma,A736
A61552,PH Care 24 Seven Mohandessin 04,750,95,,89.28571428571429,ambiguous_registry_name,AMBIGUOUS,ambiguous_registry_name,Pearl Route Agencies,A750
A61553,Care 24 Seven Mohandessin,755,100,,100.0,ambiguous_registry_name,AMBIGUOUS,ambiguous_registry_name,October Central Supply,B755
A61554,Ph/CARE 24 SEVEN MOHANDESSIN 6th Zone,756,101,,100.0,ambiguous_registry_name,AMBIGUOUS,ambiguous_registry_name,Al Wadi Medical Providers,A756
A61555,Care 24 Seven Mohandessin Branch 2704,758,88,,100.0,ambiguous_registry_name,AMBIGUOUS,ambiguous_registry_name,Two Rivers Distribution,A758
A61560,PH Salamtek Mohandessin Mall,756,102,,88.46153846153845,ambiguous_registry_name,AMBIGUOUS,ambiguous_registry_name,Al Wadi Medical Providers,A756
A61568,Ph/EL TOURATH FAISAL,771,100,,79.06976744186046,ambiguous_registry_name,AMBIGUOUS,ambiguous_registry_name,Marina Bay Trade,B771
A61578,Golden Care Mohandessin-A,758,89,,80.70175438596492,ambiguous_registry_name,AMBIGUOUS,ambiguous_registry_name,Two Rivers Distribution,A758
A61582,golden care mohandessin,763,98,,83.63636363636364,ambiguous_registry_name,AMBIGUOUS,ambiguous_registry_name,Saqqara Trade House,A763
A61583,EL Union Pharm 6th Zone,700,87,,88.0,ambiguous_registry_name,AMBIGUOUS,ambiguous_registry_name,Al-Nour Pharmaceutical Distribution,A700
A61584,PY/union pharm,707,74,,100.0,ambiguous_registry_name,AMBIGUOUS,ambiguous_registry_name,Tiba Distribution Group,A707
A61585,El-Union Pharm,707,74,,88.0,ambiguous_registry_name,AMBIGUOUS,ambiguous_registry_name,Tiba Distribution Group,A707
A61587,El-union pharm 6th Zone,738,98,,88.0,ambiguous_registry_name,AMBIGUOUS,ambiguous_registry_name,Sinai Bridge Trading,B738
A61588,Ph/union pharm,758,90,,100.0,ambiguous_registry_name,AMBIGUOUS,ambiguous_registry_name,Two Rivers Distribution,A758
A61589,EL EL TOURATH MOHANDESSIN,701,90,,78.57142857142857,ambiguous_registry_name,AMBIGUOUS,ambiguous_registry_name,Al-Nour Pharmaceutical Distribution,B701
A61592,El Tourath Mohandessin,754,89,,83.01886792452831,ambiguous_registry_name,AMBIGUOUS,ambiguous_registry_name,October Central Supply,A754
A61593,el el tourath mohandessin br.2,754,89,,78.57142857142857,ambiguous_registry_name,AMBIGUOUS,ambiguous_registry_name,October Central Supply,A754
A61594,Ph/El Faraby Mohandessin,730,100,,82.35294117647058,ambiguous_registry_name,AMBIGUOUS,ambiguous_registry_name,Pyramid Health Supplies,A730
A61595,el faraby mohandessin Mall,730,100,,82.35294117647058,ambiguous_registry_name,AMBIGUOUS,ambiguous_registry_name,Pyramid Health Supplies,A730
A61596,el faraby mohandessin,756,103,,82.35294117647058,ambiguous_registry_name,AMBIGUOUS,ambiguous_registry_name,Al Wadi Medical Providers,A756
A61598,PY/el faraby mohandessin Main Road,759,82,,82.35294117647058,ambiguous_registry_name,AMBIGUOUS,ambiguous_registry_name,Two Rivers Distribution,B759
A61599,EL FARABY MOHANDESSIN Station St.,773,108,,82.35294117647058,ambiguous_registry_name,AMBIGUOUS,ambiguous_registry_name,Desert Bloom Suppliers,B773
A61600,El Faraby Mohandessin Branch 1,773,108,,82.35294117647058,ambiguous_registry_name,AMBIGUOUS,ambiguous_registry_name,Desert Bloom Suppliers,B773
A61658,Ph/Alpha Pharma Station St.,726,117,,100.0,ambiguous_registry_name,AMBIGUOUS,ambiguous_registry_name,White Nile Agencies,B726
A61659,El--Alpha Pharma 6th Zone,726,117,,88.88888888888889,ambiguous_registry_name,AMBIGUOUS,ambiguous_registry_name,White Nile Agencies,B726
A61660,Alpha Pharma Branch 1,744,110,,100.0,ambiguous_registry_name,AMBIGUOUS,ambiguous_registry_name,Horus Elite Logistics,B744
A61661,PH Alpha Pharma 04,744,110,,80.0,ambiguous_registry_name,AMBIGUOUS,ambiguous_registry_name,Horus Elite Logistics,B744
A61662,Ph/Alpha Pharma 04,748,102,,88.88888888888889,ambiguous_registry_name,AMBIGUOUS,ambiguous_registry_name,Karnak Medical Trading,A748
A61663,EL Alpha Pharma Mall,781,104,,88.88888888888889,ambiguous_registry_name,AMBIGUOUS,ambiguous_registry_name,Alex Marine Providers,B781
A61693,EL SILVER CARE HARAM Branch 1,744,112,,80.85106382978724,ambiguous_registry_name,AMBIGUOUS,ambiguous_registry_name,Horus Elite Logistics,B744
A61694,PY/Silver Care Haram br.2,751,101,,86.48648648648648,ambiguous_registry_name,AMBIGUOUS,ambiguous_registry_name,Falcon Wholesale Co.,A751
A61707,PH green leaf mohandessin 04,704,100,,84.7457627118644,ambiguous_registry_name,AMBIGUOUS,ambiguous_registry_name,Blue Crescent Medical Supply Co.,B704
A61708,Green Leaf Mohandessin Station St.49,721,94,,78.57142857142857,ambiguous_registry_name,AMBIGUOUS,ambiguous_registry_name,Saraya Pharmaceutical Supply,A721
A61709,PY/Green Leaf Mohandessin,721,94,,83.01886792452831,ambiguous_registry_name,AMBIGUOUS,ambiguous_registry_name,Saraya Pharmaceutical Supply,A721
A61711,El-GREEN LEAF MOHANDESSIN 6th Zone,749,89,,78.57142857142857,ambiguous_registry_name,AMBIGUOUS,ambiguous_registry_name,Karnak Medical Trading,B749
A61712,PH GREEN LEAF MOHNADESSIN,755,103,,85.71428571428572,ambiguous_registry_name,AMBIGUOUS,ambiguous_registry_name,October Central Supply,B755
A61714,GREEN LEAF MOHNDESSIN br.2,764,83,,80.76923076923077,ambiguous_registry_name,AMBIGUOUS,ambiguous_registry_name,Saqqara Trade House,B764
A61716,EL Green Leaf Mohandessin,776,78,,78.57142857142857,ambiguous_registry_name,AMBIGUOUS,ambiguous_registry_name,Seven Palms Distribution,A776
A61734,GREEN LEAF MOHANDESSIN Mall,731,87,,83.01886792452831,ambiguous_registry_name,AMBIGUOUS,ambiguous_registry_name,Pyramid Health Supplies,B731
A61735,Green Laef Mohandessin,731,87,,79.24528301886792,ambiguous_registry_name,AMBIGUOUS,ambiguous_registry_name,Pyramid Health Supplies,B731
A61736,PH Green Leaf Mohandessin Mall,738,103,,89.28571428571429,ambiguous_registry_name,AMBIGUOUS,ambiguous_registry_name,Sinai Bridge Trading,B738
A61744,PY/Health Gate Mohandessin,746,99,,83.63636363636364,ambiguous_registry_name,AMBIGUOUS,ambiguous_registry_name,Southern Cross Pharma,B746
A61745,el health gate mohandessin Branch 1,746,99,,79.3103448275862,ambiguous_registry_name,AMBIGUOUS,ambiguous_registry_name,Southern Cross Pharma,B746
A61746,health gate mohandessin Mall,754,91,,83.63636363636364,ambiguous_registry_name,AMBIGUOUS,ambiguous_registry_name,October Central Supply,A754
A61747,Health Gate Mohandessin br.2958,754,91,,83.63636363636364,ambiguous_registry_name,AMBIGUOUS,ambiguous_registry_name,October Central Supply,A754
A61748,Health Gate Mohandessin Main Road,758,93,,83.63636363636364,ambiguous_registry_name,AMBIGUOUS,ambiguous_registry_name,Two Rivers Distribution,A758
A61749,Health Gate Mohandessin,758,93,,83.63636363636364,ambiguous_registry_name,AMBIGUOUS,ambiguous_registry_name,Two Rivers Distribution,A758
A61768,PH ANGEL MONTAZA Main Road,749,90,,84.21052631578947,ambiguous_registry_name,AMBIGUOUS,ambiguous_registry_name,Karnak Medical Trading,B749
A61769,PH ANGEL MONTAZA,749,90,,84.21052631578947,ambiguous_registry_name,AMBIGUOUS,ambiguous_registry_name,Karnak Medical Trading,B749
A61773,EL Unoin Pharm Maadi,750,98,,86.48648648648648,ambiguous_registry_name,AMBIGUOUS,ambiguous_registry_name,Pearl Route Agencies,A750
A61774,PY/UNION PHARM MAADI br.2894,750,98,,100.0,ambiguous_registry_name,AMBIGUOUS,ambiguous_registry_name,Pearl Route Agencies,A750
A61775,PY/UNION PHARM MAADI Mall186,769,86,,80.95238095238095,ambiguous_registry_name,AMBIGUOUS,ambiguous_registry_name,Ocean Front Distributors,B769
A61779,PY/METRO MOHANDESSIN Branch 2,721,95,,79.06976744186046,ambiguous_registry_name,AMBIGUOUS,ambiguous_registry_name,Saraya Pharmaceutical Supply,A721
A61786,Ph/Elite Mohandessin Main Road,701,92,,79.06976744186046,ambiguous_registry_name,AMBIGUOUS,ambiguous_registry_name,Al-Nour Pharmaceutical Distribution,B701
A61787,Elite Mohandessin Station St.,710,93,,79.06976744186046,ambiguous_registry_name,AMBIGUOUS,ambiguous_registry_name,Horus Pharm Agencies,C710
A61790,ELITE MOHANDESSIN Branch 1,737,95,,79.06976744186046,ambiguous_registry_name,AMBIGUOUS,ambiguous_registry_name,Sinai Bridge Trading,A737
A61792,P/elite mohandessin Main Road,770,105,,79.06976744186046,ambiguous_registry_name,AMBIGUOUS,ambiguous_registry_name,Marina Bay Trade,A770
A61795,Elite Mohandessin,782,105,,79.06976744186046,ambiguous_registry_name,AMBIGUOUS,ambiguous_registry_name,Summit Crest Trading,A782
A61796,PH ELITE MOHANDESSIN 011,782,105,,80.0,ambiguous_registry_name,AMBIGUOUS,ambiguous_registry_name,Summit Crest Trading,A782
A61806,PH Alpha Pharma 6th Zone,750,99,,88.88888888888889,ambiguous_registry_name,AMBIGUOUS,ambiguous_registry_name,Pearl Route Agencies,A750
A61807,ALPHA PHARMA Main Road,751,102,,100.0,ambiguous_registry_name,AMBIGUOUS,ambiguous_registry_name,Falcon Wholesale Co.,A751
A61808,Alpha Pharma Branch 1310,752,91,,100.0,ambiguous_registry_name,AMBIGUOUS,ambiguous_registry_name,Falcon Wholesale Co.,B752
A61809,EL alpha pharma Station St.,752,91,,88.88888888888889,ambiguous_registry_name,AMBIGUOUS,ambiguous_registry_name,Falcon Wholesale Co.,B752
A61810,EL Alpha Pharma,760,88,,88.88888888888889,ambiguous_registry_name,AMBIGUOUS,ambiguous_registry_name,Two Rivers Distribution,C760
A61811,Alpha Pharma (2)468,760,88,,80.0,ambiguous_registry_name,AMBIGUOUS,ambiguous_registry_name,Two Rivers Distribution,C760
A61812,Alpha Pharma Branch 2,762,99,,100.0,ambiguous_registry_name,AMBIGUOUS,ambiguous_registry_name,Supreme Shelf Logistics,B762
A61813,Alpha Pharma (2),762,99,,92.3076923076923,ambiguous_registry_name,AMBIGUOUS,ambiguous_registry_name,Supreme Shelf Logistics,B762
A61814,Alpha Pharma Branch 2,767,100,,100.0,ambiguous_registry_name,AMBIGUOUS,ambiguous_registry_name,Khufu Line Agencies,A767
A61815,PY/Alpha Pharma60,767,100,,92.3076923076923,ambiguous_registry_name,AMBIGUOUS,ambiguous_registry_name,Khufu Line Agencies,A767
A61816,Alpha Pharma-A,768,103,,92.3076923076923,ambiguous_registry_name,AMBIGUOUS,ambiguous_registry_name,Ocean Front Distributors,A768
A61817,EL Alpha Phaarma-A,768,103,,81.08108108108108,ambiguous_registry_name,AMBIGUOUS,ambiguous_registry_name,Ocean Front Distributors,A768
A61819,mira mohandessin,704,102,,78.04878048780488,ambiguous_registry_name,AMBIGUOUS,ambiguous_registry_name,Blue Crescent Medical Supply Co.,B704
A61821,PY/mira mohandessin Branch 1,709,89,,78.04878048780488,ambiguous_registry_name,AMBIGUOUS,ambiguous_registry_name,Horus Pharm Agencies,B709
A61824,Ph/Mira Mohandessin Branch 1,732,107,,78.04878048780488,ambiguous_registry_name,AMBIGUOUS,ambiguous_registry_name,Pyramid Health Supplies,C732
A61825,MIRA MOHANDESSIN Station St.,732,107,,78.04878048780488,ambiguous_registry_name,AMBIGUOUS,ambiguous_registry_name,Pyramid Health Supplies,C732
A61826,Mira Mohandessin Station St.,739,93,,78.04878048780488,ambiguous_registry_name,AMBIGUOUS,ambiguous_registry_name,Sinai Bridge Trading,C739
A61827,PH Mira Mohandessin,760,89,,86.36363636363636,ambiguous_registry_name,AMBIGUOUS,ambiguous_registry_name,Two Rivers Distribution,C760
A61829,PH Better Life,701,93,,82.35294117647058,ambiguous_registry_name,AMBIGUOUS,ambiguous_registry_name,Al-Nour Pharmaceutical Distribution,B701
A61830,PH Better Life Mall,718,87,,82.35294117647058,ambiguous_registry_name,AMBIGUOUS,ambiguous_registry_name,Cairo Grand Supplies,B718
A61836,PH BETTER LIFE Branch 2,752,92,,82.35294117647058,ambiguous_registry_name,AMBIGUOUS,ambiguous_registry_name,Falcon Wholesale Co.,B752
A61840,Ph/alpha pharma mohandessin Mall,710,94,,100.0,ambiguous_registry_name,AMBIGUOUS,ambiguous_registry_name,Horus Pharm Agencies,C710
A61841,Alpha Pharma Mohandessin,713,89,,100.0,ambiguous_registry_name,AMBIGUOUS,ambiguous_registry_name,El-Masria Trading Co.,C713
A61842,el Alpha Pharma Mohandessin 6th Zone,744,113,,94.11764705882352,ambiguous_registry_name,AMBIGUOUS,ambiguous_registry_name,Horus Elite Logistics,B744
A61843,EL Alpha Pharma Mohandessin 6th Zone,744,113,,94.11764705882352,ambiguous_registry_name,AMBIGUOUS,ambiguous_registry_name,Horus Elite Logistics,B744
A61844,Alpha Pharma Mohandessin Branch 1,779,89,,100.0,ambiguous_registry_name,AMBIGUOUS,ambiguous_registry_name,Iron Gate Wholesale,A779
A61851,PH El Hokama,733,94,,80.0,ambiguous_registry_name,AMBIGUOUS,ambiguous_registry_name,Modern Chain Distributors,A733
A61866,PH City Care Branch 1610,725,96,,80.0,ambiguous_registry_name,AMBIGUOUS,ambiguous_registry_name,White Nile Agencies,A725
A61867,PH City Care Branch 2,725,96,,80.0,ambiguous_registry_name,AMBIGUOUS,ambiguous_registry_name,White Nile Agencies,A725
A61882,PH seha first Branch 2988,715,83,,81.25,ambiguous_registry_name,AMBIGUOUS,ambiguous_registry_name,Delta Union Agencies,B715
A61891,ALPHA PHAARMA674,745,82,,85.71428571428572,ambiguous_registry_name,AMBIGUOUS,ambiguous_registry_name,Southern Cross Pharma,A745
A61892,alpha pharma Station St.,777,101,,100.0,ambiguous_registry_name,AMBIGUOUS,ambiguous_registry_name,Seven Palms Distribution,B777
A61893,el alpha pharma-A,782,107,,83.33333333333334,ambiguous_registry_name,AMBIGUOUS,ambiguous_registry_name,Summit Crest Trading,A782
A61894,alpha pharma,782,107,,100.0,ambiguous_registry_name,AMBIGUOUS,ambiguous_registry_name,Summit Crest Trading,A782
A61913,Nile Care Mohandessin,705,96,,82.35294117647058,ambiguous_registry_name,AMBIGUOUS,ambiguous_registry_name,Blue Crescent Medical Supply Co.,C705
A61919,PH Nile Care Mohandessin 04,766,96,,84.21052631578947,ambiguous_registry_name,AMBIGUOUS,ambiguous_registry_name,Basil Corner Providers,B766
A61927,star care smouha,700,90,,78.04878048780488,ambiguous_registry_name,AMBIGUOUS,ambiguous_registry_name,Al-Nour Pharmaceutical Distribution,A700
A61938,Star Care Smouha Station St.,777,102,,78.04878048780488,ambiguous_registry_name,AMBIGUOUS,ambiguous_registry_name,Seven Palms Distribution,B777
A61939,star care oct city,701,95,,80.0,ambiguous_registry_name,AMBIGUOUS,ambiguous_registry_name,Al-Nour Pharmaceutical Distribution,B701
A61943,PH Star Care Oct City,732,108,,87.5,ambiguous_registry_name,AMBIGUOUS,ambiguous_registry_name,Pyramid Health Supplies,C732
A61945,Star Care Oct City 6th Zone,782,108,,80.0,ambiguous_registry_name,AMBIGUOUS,ambiguous_registry_name,Summit Crest Trading,A782
A61946,Ph/nile care mohandessin,725,98,,82.35294117647058,ambiguous_registry_name,AMBIGUOUS,ambiguous_registry_name,White Nile Agencies,A725
A61948,PY/Nile Care Mohandessin br.2,746,103,,82.35294117647058,ambiguous_registry_name,AMBIGUOUS,ambiguous_registry_name,Southern Cross Pharma,B746
A61961,El Faraby Mohandessin Branch 2,706,108,,82.35294117647058,ambiguous_registry_name,AMBIGUOUS,ambiguous_registry_name,Nile Med Wholesale,A706
A61965,EL FARABY OMHANDESSIN br.2,745,85,,78.43137254901961,ambiguous_registry_name,AMBIGUOUS,ambiguous_registry_name,Southern Cross Pharma,A745
A61970,Metro Mohandessin Station St.,738,105,,79.06976744186046,ambiguous_registry_name,AMBIGUOUS,ambiguous_registry_name,Sinai Bridge Trading,B738
A61973,Metro Mohandessin Station St.,748,104,,79.06976744186046,ambiguous_registry_name,AMBIGUOUS,ambiguous_registry_name,Karnak Medical Trading,A748
A61993,Family Mohandessin Station St.,726,120,,80.0,ambiguous_registry_name,AMBIGUOUS,ambiguous_registry_name,White Nile Agencies,B726
A61995,PH Family Mohandessin,732,110,,87.5,ambiguous_registry_name,AMBIGUOUS,ambiguous_registry_name,Pyramid Health Supplies,C732
A61996,FAMILY MOHANDESSIN Station St.,733,95,,80.0,ambiguous_registry_name,AMBIGUOUS,ambiguous_registry_name,Modern Chain Distributors,A733
A61998,PH Family Mohandessin 011,735,97,,80.76923076923077,ambiguous_registry_name,AMBIGUOUS,ambiguous_registry_name,Modern Chain Distributors,C735
A61999,Family Mohandessin Mall,735,97,,80.0,ambiguous_registry_name,AMBIGUOUS,ambiguous_registry_name,Modern Chain Distributors,C735
A62000,Ph/FAMILY MOHANDESSIN Station St.,744,114,,80.0,ambiguous_registry_name,AMBIGUOUS,ambiguous_registry_name,Horus Elite Logistics,B744
A62002,PH FAMILY MOHANDESSIN889,751,103,,82.35294117647058,ambiguous_registry_name,AMBIGUOUS,ambiguous_registry_name,Falcon Wholesale Co.,A751
A62003,PY/FAMILY MOHANDESSIN Mall,760,91,,80.0,ambiguous_registry_name,AMBIGUOUS,ambiguous_registry_name,Two Rivers Distribution,C760
A62004,El-Better Life Mohandessin,700,91,,79.3103448275862,ambiguous_registry_name,AMBIGUOUS,ambiguous_registry_name,Al-Nour Pharmaceutical Distribution,A700
A62005,El-better life mohandessin,700,91,,79.3103448275862,ambiguous_registry_name,AMBIGUOUS,ambiguous_registry_name,Al-Nour Pharmaceutical Distribution,A700
A62007,Better Life Mohandessin br.2,724,92,,83.63636363636364,ambiguous_registry_name,AMBIGUOUS,ambiguous_registry_name,Ramses Wholesale Partners,B724
A62008,PY/Better Life Mohandessin Mall,726,121,,83.63636363636364,ambiguous_registry_name,AMBIGUOUS,ambiguous_registry_name,White Nile Agencies,B726
A62009,PH Better Life Mohandessin 6th Zone,726,121,,89.65517241379311,ambiguous_registry_name,AMBIGUOUS,ambiguous_registry_name,White Nile Agencies,B726
A62010,PH Better Life Mohandessin Mall,736,83,,89.65517241379311,ambiguous_registry_name,AMBIGUOUS,ambiguous_registry_name,United Bazaar Pharma,A736
A62011,El-Better Life Mohandessin,751,104,,79.3103448275862,ambiguous_registry_name,AMBIGUOUS,ambiguous_registry_name,Falcon Wholesale Co.,A751
A62012,Better Life Mohandessin,770,106,,83.63636363636364,ambiguous_registry_name,AMBIGUOUS,ambiguous_registry_name,Marina Bay Trade,A770
A62015,better life mohandessin Main Road,775,95,,83.63636363636364,ambiguous_registry_name,AMBIGUOUS,ambiguous_registry_name,Corner Stone Medical,A775
A62016,El-Better Life Mohandessin Mall,775,95,,79.3103448275862,ambiguous_registry_name,AMBIGUOUS,ambiguous_registry_name,Corner Stone Medical,A775
A62017,El-SILVER CARE MOHANDESSIN-A,707,77,,79.24528301886792,ambiguous_registry_name,AMBIGUOUS,ambiguous_registry_name,Tiba Distribution Group,A707
A62018,Ph/Silver Care Mohandessin 04,716,82,,86.27450980392157,ambiguous_registry_name,AMBIGUOUS,ambiguous_registry_name,Delta Union Agencies,C716
A62019,Ph/Silver Care Mohandessin Branch 2,716,82,,83.63636363636364,ambiguous_registry_name,AMBIGUOUS,ambiguous_registry_name,Delta Union Agencies,C716
A62020,PH Silver Care Mohandessin Main Road,735,98,,89.65517241379311,ambiguous_registry_name,AMBIGUOUS,ambiguous_registry_name,Modern Chain Distributors,C735
A62021,Silver Care Mohandessin 6th Zone,743,86,,83.63636363636364,ambiguous_registry_name,AMBIGUOUS,ambiguous_registry_name,Horus Elite Logistics,A743
A62022,Silver Care Mohandessin Branch 2,743,86,,83.63636363636364,ambiguous_registry_name,AMBIGUOUS,ambiguous_registry_name,Horus Elite Logistics,A743
A62023,el Siver Care Mohandessin,751,105,,80.0,ambiguous_registry_name,AMBIGUOUS,ambiguous_registry_name,Falcon Wholesale Co.,A751
A62024,el silver care mohandessin Station St.,776,80,,79.3103448275862,ambiguous_registry_name,AMBIGUOUS,ambiguous_registry_name,Seven Palms Distribution,A776
A62047,PH Metro Faisal,762,102,,83.33333333333334,ambiguous_registry_name,AMBIGUOUS,ambiguous_registry_name,Supreme Shelf Logistics,B762
A62061,Union Pharm br.2,706,109,,100.0,ambiguous_registry_name,AMBIGUOUS,ambiguous_registry_name,Nile Med Wholesale,A706
A62062,Ph/Union Pharm,714,101,,100.0,ambiguous_registry_name,AMBIGUOUS,ambiguous_registry_name,Delta Union Agencies,A714
A62064,EL union pharm970,725,99,,78.57142857142857,ambiguous_registry_name,AMBIGUOUS,ambiguous_registry_name,White Nile Agencies,A725
A62066,EL Union Pharm Branch 1,737,97,,88.0,ambiguous_registry_name,AMBIGUOUS,ambiguous_registry_name,Sinai Bridge Trading,A737
A62068,Ph/Union Pharm (2)819,749,93,,78.57142857142857,ambiguous_registry_name,AMBIGUOUS,ambiguous_registry_name,Karnak Medical Trading,B749
A62069,PY/Union Pharm Main Road,780,102,,100.0,ambiguous_registry_name,AMBIGUOUS,ambiguous_registry_name,Alex Marine Providers,A780
A62070,el UNION PHARM 6th Zone,780,102,,88.0,ambiguous_registry_name,AMBIGUOUS,ambiguous_registry_name,Alex Marine Providers,A780
A62073,Ph/EBN SINA HARAM br.2,720,102,,83.87096774193549,ambiguous_registry_name,AMBIGUOUS,ambiguous_registry_name,Lotus Medcare Distribution,B720
A62075,Ebn Sina Haram-A,722,95,,78.78787878787878,ambiguous_registry_name,AMBIGUOUS,ambiguous_registry_name,Saraya Pharmaceutical Supply,B722
A62079,Ebn Sina Mohandessin br.2,706,110,,81.63265306122449,ambiguous_registry_name,AMBIGUOUS,ambiguous_registry_name,Nile Med Wholesale,A706
A62081,Ph/EBN SINA MOHANDESSIN,726,122,,81.63265306122449,ambiguous_registry_name,AMBIGUOUS,ambiguous_registry_name,White Nile Agencies,B726
A62084,PY/ebn sina mohandessin 6th Zone,738,106,,81.63265306122449,ambiguous_registry_name,AMBIGUOUS,ambiguous_registry_name,Sinai Bridge Trading,B738
A62085,EBN SINA MOHANDESSIN Mall,744,115,,81.63265306122449,ambiguous_registry_name,AMBIGUOUS,ambiguous_registry_name,Horus Elite Logistics,B744
A62088,PH Alpha Phamra,701,97,,81.4814814814815,ambiguous_registry_name,AMBIGUOUS,ambiguous_registry_name,Al-Nour Pharmaceutical Distribution,B701
A62089,el alpha pharma,701,97,,88.88888888888889,ambiguous_registry_name,AMBIGUOUS,ambiguous_registry_name,Al-Nour Pharmaceutical Distribution,B701
A62090,Alpha Pharma Main Road,713,91,,100.0,ambiguous_registry_name,AMBIGUOUS,ambiguous_registry_name,El-Masria Trading Co.,C713
A62091,El-Alpha Pharma Branch 1,745,86,,88.88888888888889,ambiguous_registry_name,AMBIGUOUS,ambiguous_registry_name,Southern Cross Pharma,A745
A62092,Ph/Alpha Pharma Station St.681,745,86,,85.71428571428572,ambiguous_registry_name,AMBIGUOUS,ambiguous_registry_name,Southern Cross Pharma,A745
A62093,Ph/alpha pharma Mall,771,102,,100.0,ambiguous_registry_name,AMBIGUOUS,ambiguous_registry_name,Marina Bay Trade,B771
A62094,PY/ALPHA PHARMA Branch 1,773,111,,100.0,ambiguous_registry_name,AMBIGUOUS,ambiguous_registry_name,Desert Bloom Suppliers,B773
A62095,Alpha Pharma,773,111,,100.0,ambiguous_registry_name,AMBIGUOUS,ambiguous_registry_name,Desert Bloom Suppliers,B773
A62096,PH Alpha Pharma br.2937,782,110,,88.88888888888889,ambiguous_registry_name,AMBIGUOUS,ambiguous_registry_name,Summit Crest Trading,A782
A62097,el Alpha Pharma500,782,110,,81.08108108108108,ambiguous_registry_name,AMBIGUOUS,ambiguous_registry_name,Summit Crest Trading,A782
A62132,PH SUNRISE IMBABA Main Road,716,83,,85.0,ambiguous_registry_name,AMBIGUOUS,ambiguous_registry_name,Delta Union Agencies,C716
A62146,Green Leaf Mohandessin 04,701,99,,78.57142857142857,ambiguous_registry_name,AMBIGUOUS,ambiguous_registry_name,Al-Nour Pharmaceutical Distribution,B701
A62147,EL Green Leaf Mohandessin Station St.,720,104,,78.57142857142857,ambiguous_registry_name,AMBIGUOUS,ambiguous_registry_name,Lotus Medcare Distribution,B720
A62148,Green Leaf Mohandessin br.2,720,104,,83.01886792452831,ambiguous_registry_name,AMBIGUOUS,ambiguous_registry_name,Lotus Medcare Distribution,B720
A62149,el GREEN LEAF MOHANDESSIN br.2,724,94,,78.57142857142857,ambiguous_registry_name,AMBIGUOUS,ambiguous_registry_name,Ramses Wholesale Partners,B724
A62153,PH Golden Care Mohandessin Branch 1,740,105,,89.65517241379311,ambiguous_registry_name,AMBIGUOUS,ambiguous_registry_name,Green Delta Enterprises,A740
A62154,Golden Care Mohandessin,759,86,,83.63636363636364,ambiguous_registry_name,AMBIGUOUS,ambiguous_registry_name,Two Rivers Distribution,B759
A62195,Ph/El Tourath Mohandessin-A,730,105,,80.0,ambiguous_registry_name,AMBIGUOUS,ambiguous_registry_name,Pyramid Health Supplies,A730
A62196,Ph/el tourath mohandessin,741,102,,83.01886792452831,ambiguous_registry_name,AMBIGUOUS,ambiguous_registry_name,Green Delta Enterprises,B741
A62198,EL TOURATH MOHANDESSIN744,749,96,,78.57142857142857,ambiguous_registry_name,AMBIGUOUS,ambiguous_registry_name,Karnak Medical Trading,B749
A62201,PH El Tourath Mohandessin Branch 1,779,92,,89.28571428571429,ambiguous_registry_name,AMBIGUOUS,ambiguous_registry_name,Iron Gate Wholesale,A779
A62215,Ph/phharma plus br.2,742,98,,95.65217391304348,ambiguous_registry_name,AMBIGUOUS,ambiguous_registry_name,Green Delta Enterprises,C742
A62216,PHARMA PLUS,742,98,,100.0,ambiguous_registry_name,AMBIGUOUS,ambiguous_registry_name,Green Delta Enterprises,C742
A62217,pharma plus Station St.,757,104,,100.0,ambiguous_registry_name,AMBIGUOUS,ambiguous_registry_name,Al Wadi Medical Providers,B757
A62218,PY/Pharma Plus Station St.,757,104,,100.0,ambiguous_registry_name,AMBIGUOUS,ambiguous_registry_name,Al Wadi Medical Providers,B757
A62236,PH BETTER LIFE Main Road,779,94,,82.35294117647058,ambiguous_registry_name,AMBIGUOUS,ambiguous_registry_name,Iron Gate Wholesale,A779
A62239,Pharma Plus Branch 2,707,79,,100.0,ambiguous_registry_name,AMBIGUOUS,ambiguous_registry_name,Tiba Distribution Group,A707
A62241,EL Pharma Plus br.2,708,95,,88.0,ambiguous_registry_name,AMBIGUOUS,ambiguous_registry_name,Horus Pharm Agencies,A708
A62242,pharma plus 011,752,96,,84.61538461538461,ambiguous_registry_name,AMBIGUOUS,ambiguous_registry_name,Falcon Wholesale Co.,B752
A62243,EL Pharma Plus,758,97,,88.0,ambiguous_registry_name,AMBIGUOUS,ambiguous_registry_name,Two Rivers Distribution,A758
A62245,Pharma Plus 6th Zone,768,105,,100.0,ambiguous_registry_name,AMBIGUOUS,ambiguous_registry_name,Ocean Front Distributors,A768
A62246,Pharma Plus,768,105,,100.0,ambiguous_registry_name,AMBIGUOUS,ambiguous_registry_name,Ocean Front Distributors,A768
A62247,pharma plus,777,106,,100.0,ambiguous_registry_name,AMBIGUOUS,ambiguous_registry_name,Seven Palms Distribution,B777
A62248,pharam plus,777,106,,90.9090909090909,ambiguous_registry_name,AMBIGUOUS,ambiguous_registry_name,Seven Palms Distribution,B777
A62249,PY/Care 24 Seven Obour,709,93,,100.0,ambiguous_registry_name,AMBIGUOUS,ambiguous_registry_name,Horus Pharm Agencies,B709
A62252,PH care 24 seven obour Main Road,737,99,,92.6829268292683,ambiguous_registry_name,AMBIGUOUS,ambiguous_registry_name,Sinai Bridge Trading,A737
A62253,Care 24 Seven Obour Mall,737,99,,100.0,ambiguous_registry_name,AMBIGUOUS,ambiguous_registry_name,Sinai Bridge Trading,A737
A62258,PH Health Gate br.2,736,85,,82.35294117647058,ambiguous_registry_name,AMBIGUOUS,ambiguous_registry_name,United Bazaar Pharma,A736
A62262,PY/Care 24 Sevenn 6th Zone,702,92,,96.2962962962963,ambiguous_registry_name,AMBIGUOUS,ambiguous_registry_name,Al-Nour Pharmaceutical Distribution,C702
A62263,El-CARE 24 SEVEN br.2,721,101,,89.65517241379311,ambiguous_registry_name,AMBIGUOUS,ambiguous_registry_name,Saraya Pharmaceutical Supply,A721
A62264,EL care 24 seven,758,98,,89.65517241379311,ambiguous_registry_name,AMBIGUOUS,ambiguous_registry_name,Two Rivers Distribution,A758
A62265,Ph/care 24 seven 04,758,98,,89.65517241379311,ambiguous_registry_name,AMBIGUOUS,ambiguous_registry_name,Two Rivers Distribution,A758
A62266,care 24 seven,779,95,,100.0,ambiguous_registry_name,AMBIGUOUS,ambiguous_registry_name,Iron Gate Wholesale,A779
A62267,Care 24 Seven 011,779,95,,86.66666666666667,ambiguous_registry_name,AMBIGUOUS,ambiguous_registry_name,Iron Gate Wholesale,A779
A62299,PH CITY CARE MOHANDESSIN280,700,92,,84.21052631578947,ambiguous_registry_name,AMBIGUOUS,ambiguous_registry_name,Al-Nour Pharmaceutical Distribution,A700
A62302,PH City Care Mohandessin 6th Zone,782,112,,88.88888888888889,ambiguous_registry_name,AMBIGUOUS,ambiguous_registry_name,Summit Crest Trading,A782
A62316,MISR MOHANDESSIN br.2,769,90,,78.04878048780488,ambiguous_registry_name,AMBIGUOUS,ambiguous_registry_name,Ocean Front Distributors,B769
A62351,PY/ALPHA PHARMA MOHANDESSIN Branch 2,708,96,,100.0,ambiguous_registry_name,AMBIGUOUS,ambiguous_registry_name,Horus Pharm Agencies,A708
A62352,EL Alpha Phara Mohandessin,717,89,,92.0,ambiguous_registry_name,AMBIGUOUS,ambiguous_registry_name,Cairo Grand Supplies,A717
A62353,EL Alpha Pharma Mohandessin Branch 1,717,89,,94.11764705882352,ambiguous_registry_name,AMBIGUOUS,ambiguous_registry_name,Cairo Grand Supplies,A717
A62354,el ALPHA PHARMA MOHANDESSIN br.2170,727,118,,94.11764705882352,ambiguous_registry_name,AMBIGUOUS,ambiguous_registry_name,White Nile Agencies,C727
A62355,PH ALPHA PHARMA MOHANDESSIN 6th Zone,727,118,,94.11764705882352,ambiguous_registry_name,AMBIGUOUS,ambiguous_registry_name,White Nile Agencies,C727
A62356,El-Alpha Pharma Mohandessin Branch 2,731,91,,94.11764705882352,ambiguous_registry_name,AMBIGUOUS,ambiguous_registry_name,Pyramid Health Supplies,B731
A62357,ALPHA PHARA MOHANDESSIN 04,751,109,,92.0,ambiguous_registry_name,AMBIGUOUS,ambiguous_registry_name,Falcon Wholesale Co.,A751
A62358,El-Alpha Pharma MMohandessin Station St.223,758,99,,85.71428571428572,ambiguous_registry_name,AMBIGUOUS,ambiguous_registry_name,Two Rivers Distribution,A758
A62359,PY/ALPHA PHARMA MOHANDESSIN,758,99,,100.0,ambiguous_registry_name,AMBIGUOUS,ambiguous_registry_name,Two Rivers Distribution,A758
A62377,PH metro mohandessin,765,95,,86.95652173913044,ambiguous_registry_name,AMBIGUOUS,ambiguous_registry_name,Basil Corner Providers,A765
A62378,Metro Mohandessin Branch 2,765,95,,79.06976744186046,ambiguous_registry_name,AMBIGUOUS,ambiguous_registry_name,Basil Corner Providers,A765
A62385,PH El Shfa Helwan-A,761,86,,79.06976744186046,ambiguous_registry_name,AMBIGUOUS,ambiguous_registry_name,Supreme Shelf Logistics,A761
A62407,PH salamtek Branch 125,744,117,,78.57142857142857,ambiguous_registry_name,AMBIGUOUS,ambiguous_registry_name,Horus Elite Logistics,B744
A62411,PH a amal mohandessin Branch 1123,759,89,,85.71428571428572,ambiguous_registry_name,AMBIGUOUS,ambiguous_registry_name,Two Rivers Distribution,B759
A62413,PH star care Mall,711,92,,80.0,ambiguous_registry_name,AMBIGUOUS,ambiguous_registry_name,El-Masria Trading Co.,A711
A62457,Ph/El Hokama Mohandessin Branch 2,735,99,,82.35294117647058,ambiguous_registry_name,AMBIGUOUS,ambiguous_registry_name,Modern Chain Distributors,C735
A62458,PY/El Hokama Mohandessin 6th Zone,763,104,,82.35294117647058,ambiguous_registry_name,AMBIGUOUS,ambiguous_registry_name,Saqqara Trade House,A763
A62462,Union Pharm Branch 1,729,110,,100.0,ambiguous_registry_name,AMBIGUOUS,ambiguous_registry_name,Delta Star Medical Trade,B729
A62465,union pharm-A,744,119,,91.66666666666666,ambiguous_registry_name,AMBIGUOUS,ambiguous_registry_name,Horus Elite Logistics,B744
A62466,Ph/union pharm 6th Zone,744,119,,100.0,ambiguous_registry_name,AMBIGUOUS,ambiguous_registry_name,Horus Elite Logistics,B744
A62467,Union Pahrm br.2,772,104,,90.9090909090909,ambiguous_registry_name,AMBIGUOUS,ambiguous_registry_name,Desert Bloom Suppliers,A772
A62468,EL Union Pharm (2),781,109,,81.4814814814815,ambiguous_registry_name,AMBIGUOUS,ambiguous_registry_name,Alex Marine Providers,B781
A62472,Ph/Sunrise Mohandessin 6th Zone,768,107,,80.85106382978724,ambiguous_registry_name,AMBIGUOUS,ambiguous_registry_name,Ocean Front Distributors,A768
A62475,EL HOKAMA MOHANDESSIN,708,98,,82.35294117647058,ambiguous_registry_name,AMBIGUOUS,ambiguous_registry_name,Horus Pharm Agencies,A708
A62476,PH El Hokama ohandessin br.2800,709,97,,86.79245283018868,ambiguous_registry_name,AMBIGUOUS,ambiguous_registry_name,Horus Pharm Agencies,B709
A62478,Ph/EL HOKAMA MOHANDESSIN 6th Zone,720,109,,82.35294117647058,ambiguous_registry_name,AMBIGUOUS,ambiguous_registry_name,Lotus Medcare Distribution,B720
A62503,PH El Nasr Agami 04,707,81,,78.04878048780488,ambiguous_registry_name,AMBIGUOUS,ambiguous_registry_name,Tiba Distribution Group,A707
A62513,PY/el faraby mohandessin 6th Zone,738,108,,82.35294117647058,ambiguous_registry_name,AMBIGUOUS,ambiguous_registry_name,Sinai Bridge Trading,B738
A62514,PY/El Faraby Mohandessin Branch 1,750,104,,82.35294117647058,ambiguous_registry_name,AMBIGUOUS,ambiguous_registry_name,Pearl Route Agencies,A750
A62515,Ph/El Faraby Mohandessin,750,104,,82.35294117647058,ambiguous_registry_name,AMBIGUOUS,ambiguous_registry_name,Pearl Route Agencies,A750
A62518,El Faraby Mohandessin Main Road,764,87,,82.35294117647058,ambiguous_registry_name,AMBIGUOUS,ambiguous_registry_name,Saqqara Trade House,B764
A62519,el faraby mohandessin br.2,764,87,,82.35294117647058,ambiguous_registry_name,AMBIGUOUS,ambiguous_registry_name,Saqqara Trade House,B764
A62521,PH EL FARABY MOHANDESSIN 011106,781,110,,78.68852459016394,ambiguous_registry_name,AMBIGUOUS,ambiguous_registry_name,Alex Marine Providers,B781
A62522,El-Pharma Plus Mohandessin Main Road,720,110,,93.87755102040816,ambiguous_registry_name,AMBIGUOUS,ambiguous_registry_name,Lotus Medcare Distribution,B720
A62523,PY/Pharma Plus Mohandessin 6th Zone,720,110,,100.0,ambiguous_registry_name,AMBIGUOUS,ambiguous_registry_name,Lotus Medcare Distribution,B720
A62524,PHARRMA PLUS MOHANDESSIN,731,92,,97.87234042553192,ambiguous_registry_name,AMBIGUOUS,ambiguous_registry_name,Pyramid Health Supplies,B731
A62525,Pharma Plus Mohandessin Branch 2,757,106,,100.0,ambiguous_registry_name,AMBIGUOUS,ambiguous_registry_name,Al Wadi Medical Providers,B757
A62526,PHARMA PLUS MOHANDESSIN,757,106,,100.0,ambiguous_registry_name,AMBIGUOUS,ambiguous_registry_name,Al Wadi Medical Providers,B757
A62527,Ph/Pharma Plus Mohandessin 6th Zone,778,101,,100.0,ambiguous_registry_name,AMBIGUOUS,ambiguous_registry_name,Seven Palms Distribution,C778
A62528,Ph/pharma plus mohandessin,778,101,,100.0,ambiguous_registry_name,AMBIGUOUS,ambiguous_registry_name,Seven Palms Distribution,C778
A62529,PH Pharma Plus Mohandessin br.2,780,105,,93.87755102040816,ambiguous_registry_name,AMBIGUOUS,ambiguous_registry_name,Alex Marine Providers,A780
A62575,PH El Faraby Branch 2,760,93,,80.0,ambiguous_registry_name,AMBIGUOUS,ambiguous_registry_name,Two Rivers Distribution,C760
A62584,Alpha Pharma Mohandessin 04,737,106,,94.11764705882352,ambiguous_registry_name,AMBIGUOUS,ambiguous_registry_name,Sinai Bridge Trading,A737
A62585,Alpha Pharma Mohandessin Branch 2,746,108,,100.0,ambiguous_registry_name,AMBIGUOUS,ambiguous_registry_name,Southern Cross Pharma,B746
A62586,alpha pharma mohandessin br.2,750,105,,100.0,ambiguous_registry_name,AMBIGUOUS,ambiguous_registry_name,Pearl Route Agencies,A750
A62587,Ph/alpha pharma mohandessin Main Road,750,105,,100.0,ambiguous_registry_name,AMBIGUOUS,ambiguous_registry_name,Pearl Route Agencies,A750
A62588,el Alpha Pharma Mohandessin (2),759,90,,90.56603773584906,ambiguous_registry_name,AMBIGUOUS,ambiguous_registry_name,Two Rivers Distribution,B759
A62589,PH El Baraka Faisal 11,713,92,,80.85106382978724,ambiguous_registry_name,AMBIGUOUS,ambiguous_registry_name,El-Masria Trading Co.,C713
A62592,el baraka faisal Mall,736,88,,78.04878048780488,ambiguous_registry_name,AMBIGUOUS,ambiguous_registry_name,United Bazaar Pharma,A736
A62594,PH El Baraka Faisal Branch 2,751,110,,86.36363636363636,ambiguous_registry_name,AMBIGUOUS,ambiguous_registry_name,Falcon Wholesale Co.,A751
A62595,PY/El Baraka Faisal 6th Zone,753,99,,78.04878048780488,ambiguous_registry_name,AMBIGUOUS,ambiguous_registry_name,Falcon Wholesale Co.,C753
A62597,el baraka faisal Branch 2,775,100,,78.04878048780488,ambiguous_registry_name,AMBIGUOUS,ambiguous_registry_name,Corner Stone Medical,A775
A62598,El Baraka Faisal Main Road,775,100,,78.04878048780488,ambiguous_registry_name,AMBIGUOUS,ambiguous_registry_name,Corner Stone Medical,A775
A62599,PH El Baraka Faisal Mall,776,88,,86.36363636363636,ambiguous_registry_name,AMBIGUOUS,ambiguous_registry_name,Seven Palms Distribution,A776
A62633,Union Pharm Mohandessin,736,89,,100.0,ambiguous_registry_name,AMBIGUOUS,ambiguous_registry_name,United Bazaar Pharma,A736
A62635,El-union pharm mohandessin,767,105,,93.87755102040816,ambiguous_registry_name,AMBIGUOUS,ambiguous_registry_name,Khufu Line Agencies,A767
A62636,UNION PHARM MOHANDESSIN Station St.,768,110,,100.0,ambiguous_registry_name,AMBIGUOUS,ambiguous_registry_name,Ocean Front Distributors,A768
A62637,El-Union Pharm Mohandessin (2),768,110,,90.19607843137256,ambiguous_registry_name,AMBIGUOUS,ambiguous_registry_name,Ocean Front Distributors,A768
A62638,EL UNION PHARM MOHANDESSIN 04,773,114,,88.46153846153845,ambiguous_registry_name,AMBIGUOUS,ambiguous_registry_name,Desert Bloom Suppliers,B773
A62642,PH LIFE LINE Station St.,717,91,,80.0,ambiguous_registry_name,AMBIGUOUS,ambiguous_registry_name,Cairo Grand Supplies,A717
A62661,el BETTER LIFE MOHANDESSIN Branch 2,708,101,,79.3103448275862,ambiguous_registry_name,AMBIGUOUS,ambiguous_registry_name,Horus Pharm Agencies,A708
A62662,PH Better Life Mohandessin Main Road,708,101,,89.65517241379311,ambiguous_registry_name,AMBIGUOUS,ambiguous_registry_name,Horus Pharm Agencies,A708
A62663,Better Lif Mohandessin Mall,751,112,,81.4814814814815,ambiguous_registry_name,AMBIGUOUS,ambiguous_registry_name,Falcon Wholesale Co.,A751
A62666,Better Life Mohandesssin Mall,771,103,,82.14285714285714,ambiguous_registry_name,AMBIGUOUS,ambiguous_registry_name,Marina Bay Trade,B771
A62684,Ph/MISR MOHANDESSIN 6th Zone,718,94,,78.04878048780488,ambiguous_registry_name,AMBIGUOUS,ambiguous_registry_name,Cairo Grand Supplies,B718
A62685,Misr Mohandessin Mall,736,90,,78.04878048780488,ambiguous_registry_name,AMBIGUOUS,ambiguous_registry_name,United Bazaar Pharma,A736
A62687,PY/MISR MOHANDESSIN Main Road,781,111,,78.04878048780488,ambiguous_registry_name,AMBIGUOUS,ambiguous_registry_name,Alex Marine Providers,B781
A62695,el PHARMA PLUS MOHANDESSIN Mall269,731,94,,80.70175438596492,ambiguous_registry_name,AMBIGUOUS,ambiguous_registry_name,Pyramid Health Supplies,B731
A62696,PH Pharma Plus Mohandessin,731,94,,93.87755102040816,ambiguous_registry_name,AMBIGUOUS,ambiguous_registry_name,Pyramid Health Supplies,B731
A62697,PY/Pharma Plus Mohandessin Mall,765,97,,100.0,ambiguous_registry_name,AMBIGUOUS,ambiguous_registry_name,Basil Corner Providers,A765
A62698,pharrma plus mohandessin Branch 2,765,97,,97.87234042553192,ambiguous_registry_name,AMBIGUOUS,ambiguous_registry_name,Basil Corner Providers,A765
A62699,PY/PHARMA PLUS MOHNADESSIN 6th Zone,780,107,,95.65217391304348,ambiguous_registry_name,AMBIGUOUS,ambiguous_registry_name,Alex Marine Providers,A780
A62700,El-Pharma Plus Mohandessin,780,107,,93.87755102040816,ambiguous_registry_name,AMBIGUOUS,ambiguous_registry_name,Alex Marine Providers,A780
A62702,El Tourath Mohandessin Branch 1,759,91,,83.01886792452831,ambiguous_registry_name,AMBIGUOUS,ambiguous_registry_name,Two Rivers Distribution,B759
A62707,Ph/Dr Medhat Mohandessn Branch 1,730,111,,80.0,ambiguous_registry_name,AMBIGUOUS,ambiguous_registry_name,Pyramid Health Supplies,A730
A62710,DR MEDHAT MOHANDESSIN (2),749,101,,79.24528301886792,ambiguous_registry_name,AMBIGUOUS,ambiguous_registry_name,Karnak Medical Trading,B749
A62711,PH dr medhatm ohandessin 04,749,101,,80.70175438596492,ambiguous_registry_name,AMBIGUOUS,ambiguous_registry_name,Karnak Medical Trading,B749
A62712,Ph/Dr Medhat Mohandessin br.2,752,100,,82.35294117647058,ambiguous_registry_name,AMBIGUOUS,ambiguous_registry_name,Falcon Wholesale Co.,B752
A62716,DR MEDHAT MOHANDESSIN,780,108,,82.35294117647058,ambiguous_registry_name,AMBIGUOUS,ambiguous_registry_name,Alex Marine Providers,A780
A62721,el Silver Care Maadi 2(),738,110,,78.04878048780488,ambiguous_registry_name,AMBIGUOUS,ambiguous_registry_name,Sinai Bridge Trading,B738
A62726,PY/Silver Care Maadi-A,773,115,,78.94736842105263,ambiguous_registry_name,AMBIGUOUS,ambiguous_registry_name,Desert Bloom Suppliers,B773
A62727,el El Tourath Haram 6th Zone,715,89,,80.0,ambiguous_registry_name,AMBIGUOUS,ambiguous_registry_name,Delta Union Agencies,B715
A62728,EL TOURATH HARAM Branch 2,715,89,,85.71428571428572,ambiguous_registry_name,AMBIGUOUS,ambiguous_registry_name,Delta Union Agencies,B715
A62729,PH EL TOURATH HARAM Station St.,716,87,,86.36363636363636,ambiguous_registry_name,AMBIGUOUS,ambiguous_registry_name,Delta Union Agencies,C716
A62730,el lE Tourath Haram,728,105,,78.94736842105263,ambiguous_registry_name,AMBIGUOUS,ambiguous_registry_name,Delta Star Medical Trade,A728
A62732,EL el tourath haram Branch 1,736,91,,80.0,ambiguous_registry_name,AMBIGUOUS,ambiguous_registry_name,United Bazaar Pharma,A736
A62752,EL BARAKA FAISAL br.2,708,102,,78.04878048780488,ambiguous_registry_name,AMBIGUOUS,ambiguous_registry_name,Horus Pharm Agencies,A708
A62756,El Baraka Faisal br.2,774,92,,78.04878048780488,ambiguous_registry_name,AMBIGUOUS,ambiguous_registry_name,Desert Bloom Suppliers,C774
A62775,NILE CARE MOHANDESSIN 04,708,103,,81.63265306122449,ambiguous_registry_name,AMBIGUOUS,ambiguous_registry_name,Horus Pharm Agencies,A708
A62776,nile care mohandessin Mall,710,98,,82.35294117647058,ambiguous_registry_name,AMBIGUOUS,ambiguous_registry_name,Horus Pharm Agencies,C710
A62779,Ph/nile care mohandessin04,723,99,,79.24528301886792,ambiguous_registry_name,AMBIGUOUS,ambiguous_registry_name,Ramses Wholesale Partners,A723
A62781,Ph/Nile Care Mohandessin-A,724,99,,79.24528301886792,ambiguous_registry_name,AMBIGUOUS,ambiguous_registry_name,Ramses Wholesale Partners,B724
A62783,Ph/Nile Care Mohandessi 04,751,113,,79.16666666666666,ambiguous_registry_name,AMBIGUOUS,ambiguous_registry_name,Falcon Wholesale Co.,A751
A62790,Ph/El Zahraa Montaza,724,100,,79.06976744186046,ambiguous_registry_name,AMBIGUOUS,ambiguous_registry_name,Ramses Wholesale Partners,B724
A62791,El Zahraa Montaza Branch 2,739,98,,79.06976744186046,ambiguous_registry_name,AMBIGUOUS,ambiguous_registry_name,Sinai Bridge Trading,C739
A62792,PH el zahraa montaza Mall,757,109,,86.95652173913044,ambiguous_registry_name,AMBIGUOUS,ambiguous_registry_name,Al Wadi Medical Providers,B757
A62793,EL ZAHRAA MONTAZA Branch 1,757,109,,79.06976744186046,ambiguous_registry_name,AMBIGUOUS,ambiguous_registry_name,Al Wadi Medical Providers,B757
A62798,PY/STR CARE MOHANDESSIN (2)897,731,95,,80.0,ambiguous_registry_name,AMBIGUOUS,ambiguous_registry_name,Pyramid Health Supplies,B731
A62808,Care 24 Seven Mohandessin Branch 2,711,96,,100.0,ambiguous_registry_name,AMBIGUOUS,ambiguous_registry_name,El-Masria Trading Co.,A711
A62809,El-Care 24 Seven Mohandessin 04,712,113,,89.28571428571429,ambiguous_registry_name,AMBIGUOUS,ambiguous_registry_name,El-Masria Trading Co.,B712
A62810,Care 24 Seven Mohandessin Branch 2354,721,103,,100.0,ambiguous_registry_name,AMBIGUOUS,ambiguous_registry_name,Saraya Pharmaceutical Supply,A721
A62811,PH care 24 seven mohandessin Mall,721,103,,94.33962264150944,ambiguous_registry_name,AMBIGUOUS,ambiguous_registry_name,Saraya Pharmaceutical Supply,A721
A62812,el Care 24 Seven Mohandessin Main Road,740,113,,94.33962264150944,ambiguous_registry_name,AMBIGUOUS,ambiguous_registry_name,Green Delta Enterprises,A740
A62813,EL care 24 seven mohandessin 04,741,104,,89.28571428571429,ambiguous_registry_name,AMBIGUOUS,ambiguous_registry_name,Green Delta Enterprises,B741
A62814,Care 24 Seve Mohandessin,753,103,,97.95918367346938,ambiguous_registry_name,AMBIGUOUS,ambiguous_registry_name,Falcon Wholesale Co.,C753
A62815,CARE 24 SEVEN MOHANDESSIN Branch 1,753,103,,100.0,ambiguous_registry_name,AMBIGUOUS,ambiguous_registry_name,Falcon Wholesale Co.,C753
A62816,care 24 seven mohandessin Branch 2,757,110,,100.0,ambiguous_registry_name,AMBIGUOUS,ambiguous_registry_name,Al Wadi Medical Providers,B757
A62817,Care 24 Seven Mohandessin Station St.750,763,110,,92.5925925925926,ambiguous_registry_name,AMBIGUOUS,ambiguous_registry_name,Saqqara Trade House,A763
A62818,PH CARE 24 SEVEN MOHANDESSIN975,763,110,,89.28571428571429,ambiguous_registry_name,AMBIGUOUS,ambiguous_registry_name,Saqqara Trade House,A763
A62824,PY/GOLDEN CARE SMOUHA Branch 2,726,130,,80.0,ambiguous_registry_name,AMBIGUOUS,ambiguous_registry_name,White Nile Agencies,B726
A62853,PY/Better Life Mohandessin,701,102,,83.63636363636364,ambiguous_registry_name,AMBIGUOUS,ambiguous_registry_name,Al-Nour Pharmaceutical Distribution,B701
A62854,Better Life Mohandessin Mall,743,94,,83.63636363636364,ambiguous_registry_name,AMBIGUOUS,ambiguous_registry_name,Horus Elite Logistics,A743
A62855,el Better Life Mohandessin Main Road,767,107,,79.3103448275862,ambiguous_registry_name,AMBIGUOUS,ambiguous_registry_name,Khufu Line Agencies,A767
A62856,Ph/Better Life Mohandessin,767,107,,83.63636363636364,ambiguous_registry_name,AMBIGUOUS,ambiguous_registry_name,Khufu Line Agencies,A767
A62866,PH ebn sina,768,112,,78.57142857142857,ambiguous_registry_name,AMBIGUOUS,ambiguous_registry_name,Ocean Front Distributors,A768
A62877,Ph/Al Amal Mohandessin Branch 2,714,107,,80.85106382978724,ambiguous_registry_name,AMBIGUOUS,ambiguous_registry_name,Delta Union Agencies,A714
A62878,al amal mohandessin,752,101,,80.85106382978724,ambiguous_registry_name,AMBIGUOUS,ambiguous_registry_name,Falcon Wholesale Co.,B752
A62879,Al Amal Moohandessin,773,119,,79.16666666666666,ambiguous_registry_name,AMBIGUOUS,ambiguous_registry_name,Desert Bloom Suppliers,B773
A62894,EL union pharm mohandessin 6th Zone,731,96,,93.87755102040816,ambiguous_registry_name,AMBIGUOUS,ambiguous_registry_name,Pyramid Health Supplies,B731
A62895,UNION PHARM MOHANDESSIN 011,731,96,,92.0,ambiguous_registry_name,AMBIGUOUS,ambiguous_registry_name,Pyramid Health Supplies,B731
A62896,EL Union Pharm Mohandessin Branch 2,769,94,,93.87755102040816,ambiguous_registry_name,AMBIGUOUS,ambiguous_registry_name,Ocean Front Distributors,B769
A62897,Ph/Union Pharm Mohandessin Branch 2,769,94,,100.0,ambiguous_registry_name,AMBIGUOUS,ambiguous_registry_name,Ocean Front Distributors,B769
A62898,PY/union pharm mohandessin 6th Zone,771,105,,100.0,ambiguous_registry_name,AMBIGUOUS,ambiguous_registry_name,Marina Bay Trade,B771
A62899,El-union pharm mohandessin Main Road,771,105,,93.87755102040816,ambiguous_registry_name,AMBIGUOUS,ambiguous_registry_name,Marina Bay Trade,B771
A62904,PH Dr Medhat Oct City-A,740,115,,84.0,ambiguous_registry_name,AMBIGUOUS,ambiguous_registry_name,Green Delta Enterprises,A740
A62905,PH DR MMEDHAT OCT CITY br.2,740,115,,85.71428571428572,ambiguous_registry_name,AMBIGUOUS,ambiguous_registry_name,Green Delta Enterprises,A740
A62909,Dr Medhat Oct City,756,114,,80.0,ambiguous_registry_name,AMBIGUOUS,ambiguous_registry_name,Al Wadi Medical Providers,A756
A62924,El-Pharma Plus Dokki,700,97,,91.89189189189189,ambiguous_registry_name,AMBIGUOUS,ambiguous_registry_name,Al-Nour Pharmaceutical Distribution,A700
A62925,PY/pharma plus dokki Mall,700,97,,100.0,ambiguous_registry_name,AMBIGUOUS,ambiguous_registry_name,Al-Nour Pharmaceutical Distribution,A700
A62926,PH Pharma Plus Dokki Branch 1158,706,117,,91.89189189189189,ambiguous_registry_name,AMBIGUOUS,ambiguous_registry_name,Nile Med Wholesale,A706
A62927,El-pharma plus dokki br.2,706,117,,91.89189189189189,ambiguous_registry_name,AMBIGUOUS,ambiguous_registry_name,Nile Med Wholesale,A706
A62928,PH PHARMMA PLUS DOKKI Station St.,721,104,,89.47368421052632,ambiguous_registry_name,AMBIGUOUS,ambiguous_registry_name,Saraya Pharmaceutical Supply,A721
A62929,PY/pharma plus dokki Branch 1,721,104,,100.0,ambiguous_registry_name,AMBIGUOUS,ambiguous_registry_name,Saraya Pharmaceutical Supply,A721
A62930,PH pharma plus dokki Branch 2,737,108,,91.89189189189189,ambiguous_registry_name,AMBIGUOUS,ambiguous_registry_name,Sinai Bridge Trading,A737
A62931,Pharma Plus Dokki Branch 2,737,108,,100.0,ambiguous_registry_name,AMBIGUOUS,ambiguous_registry_name,Sinai Bridge Trading,A737
A62932,PY/PHARMA PLUUS DOKKI Mall,738,111,,97.14285714285714,ambiguous_registry_name,AMBIGUOUS,ambiguous_registry_name,Sinai Bridge Trading,B738
A62933,pharma plus dokki Branch 2,767,108,,100.0,ambiguous_registry_name,AMBIGUOUS,ambiguous_registry_name,Khufu Line Agencies,A767
A62934,Pharma Plus Dokki ((2),767,108,,94.44444444444444,ambiguous_registry_name,AMBIGUOUS,ambiguous_registry_name,Khufu Line Agencies,A767
A62935,Bettre Life Mohandessin br.2,700,98,,80.0,ambiguous_registry_name,AMBIGUOUS,ambiguous_registry_name,Al-Nour Pharmaceutical Distribution,A700
A62937,el BETTER LIFE MOHANDESSIN Mall,712,114,,79.3103448275862,ambiguous_registry_name,AMBIGUOUS,ambiguous_registry_name,El-Masria Trading Co.,B712
A62938,Ph/better life mohndessin Branch 1,713,93,,81.4814814814815,ambiguous_registry_name,AMBIGUOUS,ambiguous_registry_name,El-Masria Trading Co.,C713
A62939,Better Life Mohandessin Branch 2,713,93,,83.63636363636364,ambiguous_registry_name,AMBIGUOUS,ambiguous_registry_name,El-Masria Trading Co.,C713
A62940,better life mohandessin Branch 2,729,111,,83.63636363636364,ambiguous_registry_name,AMBIGUOUS,ambiguous_registry_name,Delta Star Medical Trade,B729
A62941,Ph/BETTER LIFE MOHANDESSIN Branch 2,729,111,,83.63636363636364,ambiguous_registry_name,AMBIGUOUS,ambiguous_registry_name,Delta Star Medical Trade,B729
A62942,Ph/Better Life Mohandessin br.2,739,99,,83.63636363636364,ambiguous_registry_name,AMBIGUOUS,ambiguous_registry_name,Sinai Bridge Trading,C739
A62946,Ph/LIFE LINE REHAB VIEW Main Road,715,90,,81.63265306122449,ambiguous_registry_name,AMBIGUOUS,ambiguous_registry_name,Delta Union Agencies,B715
A62947,PH Life Line Rehab View Branch 1,718,95,,88.46153846153845,ambiguous_registry_name,AMBIGUOUS,ambiguous_registry_name,Cairo Grand Supplies,B718
A62949,PH LIFE LINE REHAB VIEW 6th Zone,756,115,,88.46153846153845,ambiguous_registry_name,AMBIGUOUS,ambiguous_registry_name,Al Wadi Medical Providers,A756
A62951,PH liife line rehab view 04,759,94,,82.14285714285714,ambiguous_registry_name,AMBIGUOUS,ambiguous_registry_name,Two Rivers Distribution,B759
A62953,PH Life Line Rehab View 011,760,95,,82.14285714285714,ambiguous_registry_name,AMBIGUOUS,ambiguous_registry_name,Two Rivers Distribution,C760
A62964,Ph/Pharma Plus Branch 2,702,98,,100.0,ambiguous_registry_name,AMBIGUOUS,ambiguous_registry_name,Al-Nour Pharmaceutical Distribution,C702
A62966,PY/Pharma Plus,706,118,,100.0,ambiguous_registry_name,AMBIGUOUS,ambiguous_registry_name,Nile Med Wholesale,A706
A62967,Pharma Plus Station St.,741,105,,100.0,ambiguous_registry_name,AMBIGUOUS,ambiguous_registry_name,Green Delta Enterprises,B741
A62969,PHARMA PLUS Branch 2883,760,96,,100.0,ambiguous_registry_name,AMBIGUOUS,ambiguous_registry_name,Two Rivers Distribution,C760
A62971,El-Pharma Plus ((2),766,103,,82.35294117647058,ambiguous_registry_name,AMBIGUOUS,ambiguous_registry_name,Basil Corner Providers,B766
A62972,PH Pharma Plus 6th Zone,766,103,,88.0,ambiguous_registry_name,AMBIGUOUS,ambiguous_registry_name,Basil Corner Providers,B766
A62975,PY/Pharma Plus (2),777,109,,91.66666666666666,ambiguous_registry_name,AMBIGUOUS,ambiguous_registry_name,Seven Palms Distribution,B777
A62976,Ph/Salamtek Haram br.2,702,99,,83.87096774193549,ambiguous_registry_name,AMBIGUOUS,ambiguous_registry_name,Al-Nour Pharmaceutical Distribution,C702
A62979,PY/Salamtek Haram Station St.,726,131,,83.87096774193549,ambiguous_registry_name,AMBIGUOUS,ambiguous_registry_name,White Nile Agencies,B726
A62981,PY/Salamtek Haram 6th Zone,780,109,,83.87096774193549,ambiguous_registry_name,AMBIGUOUS,ambiguous_registry_name,Alex Marine Providers,A780
A62982,salamtek haram 6th Zone,780,109,,83.87096774193549,ambiguous_registry_name,AMBIGUOUS,ambiguous_registry_name,Alex Marine Providers,A780
A62983,PH MISR NOZHA,719,105,,81.25,ambiguous_registry_name,AMBIGUOUS,ambiguous_registry_name,Lotus Medcare Distribution,A719
A62995,el SILVER CARE MOHANDESSIN br.2,704,108,,79.3103448275862,ambiguous_registry_name,AMBIGUOUS,ambiguous_registry_name,Blue Crescent Medical Supply Co.,B704
A62996,El-Silver Care Mohandessin,704,108,,79.3103448275862,ambiguous_registry_name,AMBIGUOUS,ambiguous_registry_name,Blue Crescent Medical Supply Co.,B704
A62998,PH SSILVER CARE MOHANDESSIN-A,748,109,,85.24590163934427,ambiguous_registry_name,AMBIGUOUS,ambiguous_registry_name,Karnak Medical Trading,A748
A63000,Ph/silver care mohandessin Main Road,767,109,,83.63636363636364,ambiguous_registry_name,AMBIGUOUS,ambiguous_registry_name,Khufu Line Agencies,A767
A63002,PY/Al Nozha Montaza br.2,703,103,,78.04878048780488,ambiguous_registry_name,AMBIGUOUS,ambiguous_registry_name,Blue Crescent Medical Supply Co.,A703
A63007,al nozha montaza Branch 2,728,108,,78.04878048780488,ambiguous_registry_name,AMBIGUOUS,ambiguous_registry_name,Delta Star Medical Trade,A728
A63009,PY/Al Nozha Montaza Main Road,755,111,,78.04878048780488,ambiguous_registry_name,AMBIGUOUS,ambiguous_registry_name,October Central Supply,B755
A63010,PY/AL NOZHA MONTAZA,755,111,,78.04878048780488,ambiguous_registry_name,AMBIGUOUS,ambiguous_registry_name,October Central Supply,B755
A63013,Health Gate Mohandessin (2),711,98,,80.70175438596492,ambiguous_registry_name,AMBIGUOUS,ambiguous_registry_name,El-Masria Trading Co.,A711
A63014,el health gate mohandessin,712,115,,79.3103448275862,ambiguous_registry_name,AMBIGUOUS,ambiguous_registry_name,El-Masria Trading Co.,B712
A63015,PH HEALTH GATE MOHANDESSIN Main Road,712,115,,89.65517241379311,ambiguous_registry_name,AMBIGUOUS,ambiguous_registry_name,El-Masria Trading Co.,B712
A63016,Health Gate Mohandessin,728,109,,83.63636363636364,ambiguous_registry_name,AMBIGUOUS,ambiguous_registry_name,Delta Star Medical Trade,A728
A63017,El-Health Gate Mohandessin Main Road,776,92,,79.3103448275862,ambiguous_registry_name,AMBIGUOUS,ambiguous_registry_name,Seven Palms Distribution,A776
A63018,Health Gat Mohandessin (2),776,92,,78.57142857142857,ambiguous_registry_name,AMBIGUOUS,ambiguous_registry_name,Seven Palms Distribution,A776
A63019,el Health Gate Mohandessin Branch 1835,777,110,,79.3103448275862,ambiguous_registry_name,AMBIGUOUS,ambiguous_registry_name,Seven Palms Distribution,B777
A63029,PH NILE CARE MOHANDESSIN,724,102,,88.88888888888889,ambiguous_registry_name,AMBIGUOUS,ambiguous_registry_name,Ramses Wholesale Partners,B724
A63031,Nile Care Mohandesssin 04,730,113,,80.0,ambiguous_registry_name,AMBIGUOUS,ambiguous_registry_name,Pyramid Health Supplies,A730
A63032,Nile Care Mohandessin Mall,738,112,,82.35294117647058,ambiguous_registry_name,AMBIGUOUS,ambiguous_registry_name,Sinai Bridge Trading,B738
A63033,Nile Care Mohandessin Branch 2714,744,124,,82.35294117647058,ambiguous_registry_name,AMBIGUOUS,ambiguous_registry_name,Horus Elite Logistics,B744
A63034,NILE CARE MOHANDESSIN-A,751,115,,79.24528301886792,ambiguous_registry_name,AMBIGUOUS,ambiguous_registry_name,Falcon Wholesale Co.,A751
A63035,PH Nile Care Mohandessin (2),751,115,,85.71428571428572,ambiguous_registry_name,AMBIGUOUS,ambiguous_registry_name,Falcon Wholesale Co.,A751
A63039,Green Leaf Mohandessin Branch 1,717,94,,83.01886792452831,ambiguous_registry_name,AMBIGUOUS,ambiguous_registry_name,Cairo Grand Supplies,A717
A63041,PH green leaf mmohandessin 011,719,106,,81.9672131147541,ambiguous_registry_name,AMBIGUOUS,ambiguous_registry_name,Lotus Medcare Distribution,A719
A63042,Ph/green leaaf mohandessin Main Road,753,107,,81.4814814814815,ambiguous_registry_name,AMBIGUOUS,ambiguous_registry_name,Falcon Wholesale Co.,C753
A63043,Green Leaf Mhandessin,753,107,,80.76923076923077,ambiguous_registry_name,AMBIGUOUS,ambiguous_registry_name,Falcon Wholesale Co.,C753
A63044,Ph/Green Leaf Mohandessin Mall,754,100,,83.01886792452831,ambiguous_registry_name,AMBIGUOUS,ambiguous_registry_name,October Central Supply,A754
A63045,Ph/Green Leaf Mohandessin Mall,759,95,,83.01886792452831,ambiguous_registry_name,AMBIGUOUS,ambiguous_registry_name,Two Rivers Distribution,B759
A63062,Ph/GOLDEN CARE MOHANDESSIN (2),715,91,,80.70175438596492,ambiguous_registry_name,AMBIGUOUS,ambiguous_registry_name,Delta Union Agencies,B715
A63063,PY/Golden Care Mohandessin,726,132,,83.63636363636364,ambiguous_registry_name,AMBIGUOUS,ambiguous_registry_name,White Nile Agencies,B726
A63064,GOLDEN CARE MOHANDESSIN 04,726,132,,79.3103448275862,ambiguous_registry_name,AMBIGUOUS,ambiguous_registry_name,White Nile Agencies,B726
A63065,PY/Golden Care Mohandessin 6th Zone,732,122,,83.63636363636364,ambiguous_registry_name,AMBIGUOUS,ambiguous_registry_name,Pyramid Health Supplies,C732
A63066,PY/golden care mohandessin (2),732,122,,80.70175438596492,ambiguous_registry_name,AMBIGUOUS,ambiguous_registry_name,Pyramid Health Supplies,C732
A63067,Ph/GOLDEN CARE MOHANDESSIN,747,90,,83.63636363636364,ambiguous_registry_name,AMBIGUOUS,ambiguous_registry_name,Southern Cross Pharma,C747
A63068,golden care mohandessin Branch 1,747,90,,83.63636363636364,ambiguous_registry_name,AMBIGUOUS,ambiguous_registry_name,Southern Cross Pharma,C747
A63069,El-golden care mohandessin br.2,768,115,,79.3103448275862,ambiguous_registry_name,AMBIGUOUS,ambiguous_registry_name,Ocean Front Distributors,A768
A63070,PY/golden care mohandessin Main Road,769,96,,83.63636363636364,ambiguous_registry_name,AMBIGUOUS,ambiguous_registry_name,Ocean Front Distributors,B769
A63086,GOLDEN CARE BANHA Branch 2233,766,105,,79.06976744186046,ambiguous_registry_name,AMBIGUOUS,ambiguous_registry_name,Basil Corner Providers,B766
A63110,el Care 24 Seven Maadi,711,102,,92.6829268292683,ambiguous_registry_name,AMBIGUOUS,ambiguous_registry_name,El-Masria Trading Co.,A711
A63111,EL Care 24 Seven Maadi Station St.,711,102,,92.6829268292683,ambiguous_registry_name,AMBIGUOUS,ambiguous_registry_name,El-Masria Trading Co.,A711
A63112,Care 24 Seven Maadi br.2640,716,92,,100.0,ambiguous_registry_name,AMBIGUOUS,ambiguous_registry_name,Delta Union Agencies,C716
A63113,El-Care 24 Seven Maadi Branch 1,716,92,,92.6829268292683,ambiguous_registry_name,AMBIGUOUS,ambiguous_registry_name,Delta Union Agencies,C716
A63114,care 24 seven maadi Main Road,735,107,,100.0,ambiguous_registry_name,AMBIGUOUS,ambiguous_registry_name,Modern Chain Distributors,C735
A63115,Care 24 Seven Maadi,746,115,,100.0,ambiguous_registry_name,AMBIGUOUS,ambiguous_registry_name,Southern Cross Pharma,B746
A63116,EL Care 24 Seven Maadi Station St.,772,109,,92.6829268292683,ambiguous_registry_name,AMBIGUOUS,ambiguous_registry_name,Desert Bloom Suppliers,A772
A63117,PH Care 24 Seven Maadi 101,773,120,,84.44444444444444,ambiguous_registry_name,AMBIGUOUS,ambiguous_registry_name,Desert Bloom Suppliers,B773
A63118,PH Green Leaf br.2,717,96,,81.25,ambiguous_registry_name,AMBIGUOUS,ambiguous_registry_name,Cairo Grand Supplies,A717
A63147,PH health gate br.2,736,93,,82.35294117647058,ambiguous_registry_name,AMBIGUOUS,ambiguous_registry_name,United Bazaar Pharma,A736
A63150,PH Health Gate Station St.,761,93,,82.35294117647058,ambiguous_registry_name,AMBIGUOUS,ambiguous_registry_name,Supreme Shelf Logistics,A761
A63163,EL alpha pharma mohandessin Branch 2,728,110,,94.11764705882352,ambiguous_registry_name,AMBIGUOUS,ambiguous_registry_name,Delta Star Medical Trade,A728
A63164,El-Alpha Pharma Mohandessin,734,104,,94.11764705882352,ambiguous_registry_name,AMBIGUOUS,ambiguous_registry_name,Modern Chain Distributors,B734
A63165,PH Alpha Pharma Mohandessin,769,97,,94.11764705882352,ambiguous_registry_name,AMBIGUOUS,ambiguous_registry_name,Ocean Front Distributors,B769
A63166,PY/Alpha Pharma Mohandessin 011348,769,97,,87.27272727272728,ambiguous_registry_name,AMBIGUOUS,ambiguous_registry_name,Ocean Front Distributors,B769
A63168,PH AL AMAL MOHANDESSIN 04,729,112,,83.01886792452831,ambiguous_registry_name,AMBIGUOUS,ambiguous_registry_name,Delta Star Medical Trade,B729
A63182,Ph/Union Pharm 04396,701,104,,78.57142857142857,ambiguous_registry_name,AMBIGUOUS,ambiguous_registry_name,Al-Nour Pharmaceutical Distribution,B701
A63183,PY/Union Pharm (2),707,87,,91.66666666666666,ambiguous_registry_name,AMBIGUOUS,ambiguous_registry_name,Tiba Distribution Group,A707
A63184,PY/Union Pharm Main Road,715,92,,100.0,ambiguous_registry_name,AMBIGUOUS,ambiguous_registry_name,Delta Union Agencies,B715
A63185,EL Union Pharm (2),724,103,,81.4814814814815,ambiguous_registry_name,AMBIGUOUS,ambiguous_registry_name,Ramses Wholesale Partners,B724
A63186,Union Pharm 6th Zone,743,100,,100.0,ambiguous_registry_name,AMBIGUOUS,ambiguous_registry_name,Horus Elite Logistics,A743
A63187,E-Union Pharm-A,746,116,,84.61538461538461,ambiguous_registry_name,AMBIGUOUS,ambiguous_registry_name,Southern Cross Pharma,B746
A63188,PH Union Pharm-A,746,116,,84.84848484848484,ambiguous_registry_name,AMBIGUOUS,ambiguous_registry_name,Southern Cross Pharma,B746
A63189,PY/UNION PHARM br.2,749,107,,100.0,ambiguous_registry_name,AMBIGUOUS,ambiguous_registry_name,Karnak Medical Trading,B749
A63190,PH Union Pharm 6th Zone,766,106,,88.0,ambiguous_registry_name,AMBIGUOUS,ambiguous_registry_name,Basil Corner Providers,B766
A63191,Ph/Union Pharm (2),766,106,,91.66666666666666,ambiguous_registry_name,AMBIGUOUS,ambiguous_registry_name,Basil Corner Providers,B766
A63211,PH SALAMTEK MOHANDSESIN 04,745,94,,80.0,ambiguous_registry_name,AMBIGUOUS,ambiguous_registry_name,Southern Cross Pharma,A745
A63237,El-Union Pharm Mohandessin,704,111,,93.87755102040816,ambiguous_registry_name,AMBIGUOUS,ambiguous_registry_name,Blue Crescent Medical Supply Co.,B704
A63238,EL Union Pharm Mohandesin Branch 2,716,95,,91.66666666666666,ambiguous_registry_name,AMBIGUOUS,ambiguous_registry_name,Delta Union Agencies,C716
A63239,el union phaarm mohandessin,742,103,,92.0,ambiguous_registry_name,AMBIGUOUS,ambiguous_registry_name,Green Delta Enterprises,C742
A63240,union phrm mohandessin 011,742,103,,89.79591836734694,ambiguous_registry_name,AMBIGUOUS,ambiguous_registry_name,Green Delta Enterprises,C742
A63241,union pharm mohandessin 6th Zone,747,95,,100.0,ambiguous_registry_name,AMBIGUOUS,ambiguous_registry_name,Southern Cross Pharma,C747
A63242,Union Pharm Mohandessin br.2418,763,112,,100.0,ambiguous_registry_name,AMBIGUOUS,ambiguous_registry_name,Saqqara Trade House,A763
A63243,Union Pharm Mohandessin Mall,763,112,,100.0,ambiguous_registry_name,AMBIGUOUS,ambiguous_registry_name,Saqqara Trade House,A763
A63244,Union Pharm Mohandessin Branch 2,767,112,,100.0,ambiguous_registry_name,AMBIGUOUS,ambiguous_registry_name,Khufu Line Agencies,A767
A63245,el union pharm mohandessin-A,773,122,,90.19607843137256,ambiguous_registry_name,AMBIGUOUS,ambiguous_registry_name,Desert Bloom Suppliers,B773
A63246,PH Union Pharm Mohandessin 04,773,122,,88.46153846153845,ambiguous_registry_name,AMBIGUOUS,ambiguous_registry_name,Desert Bloom Suppliers,B773
A63251,PH Seha First Shubra,707,88,,86.95652173913044,ambiguous_registry_name,AMBIGUOUS,ambiguous_registry_name,Tiba Distribution Group,A707
A63255,PH Seha First Shubra,734,105,,86.95652173913044,ambiguous_registry_name,AMBIGUOUS,ambiguous_registry_name,Modern Chain Distributors,B734
A63261,PY/Seha First Shubra,755,113,,79.06976744186046,ambiguous_registry_name,AMBIGUOUS,ambiguous_registry_name,October Central Supply,B755
A63263,Ph/SEHA FIRST SHUBRA Station St.,764,92,,79.06976744186046,ambiguous_registry_name,AMBIGUOUS,ambiguous_registry_name,Saqqara Trade House,B764
A63269,SEHA FIRST ZAYED Mall,765,100,,78.04878048780488,ambiguous_registry_name,AMBIGUOUS,ambiguous_registry_name,Basil Corner Providers,A765
A63270,SEHA FIRST ZAYED Mall,767,113,,78.04878048780488,ambiguous_registry_name,AMBIGUOUS,ambiguous_registry_name,Khufu Line Agencies,A767
A63289,Ph/El Hokama Montaza Mall,727,124,,79.06976744186046,ambiguous_registry_name,AMBIGUOUS,ambiguous_registry_name,White Nile Agencies,C727
A63291,Ph/EL HOKAMA MONTAZA Branch 1,735,109,,79.06976744186046,ambiguous_registry_name,AMBIGUOUS,ambiguous_registry_name,Modern Chain Distributors,C735
A63305,PH better life mohandessin 011,707,90,,83.87096774193549,ambiguous_registry_name,AMBIGUOUS,ambiguous_registry_name,Tiba Distribution Group,A707
A63306,El-BETTER LIFE MOHANDESSIN 6th Zone,725,102,,79.3103448275862,ambiguous_registry_name,AMBIGUOUS,ambiguous_registry_name,White Nile Agencies,A725
A63308,PH BETTER LIFE MOHANDESSIN Main Road,734,106,,89.65517241379311,ambiguous_registry_name,AMBIGUOUS,ambiguous_registry_name,Modern Chain Distributors,B734
A63310,better life mohandessin Branch 2,762,112,,83.63636363636364,ambiguous_registry_name,AMBIGUOUS,ambiguous_registry_name,Supreme Shelf Logistics,B762
A63311,BETTER LIFE MOHANDESSIN 6th Zone,762,112,,83.63636363636364,ambiguous_registry_name,AMBIGUOUS,ambiguous_registry_name,Supreme Shelf Logistics,B762
A63312,Better Life Mohandessin 04,774,95,,79.3103448275862,ambiguous_registry_name,AMBIGUOUS,ambiguous_registry_name,Desert Bloom Suppliers,C774
A63313,EL Better Life Mohandessin Mall,780,111,,79.3103448275862,ambiguous_registry_name,AMBIGUOUS,ambiguous_registry_name,Alex Marine Providers,A780
A63345,El Tourath Mohandessin Branch 1,714,110,,83.01886792452831,ambiguous_registry_name,AMBIGUOUS,ambiguous_registry_name,Delta Union Agencies,A714
A63346,el EL TOURATH MOHANDESSIN,714,110,,78.57142857142857,ambiguous_registry_name,AMBIGUOUS,ambiguous_registry_name,Delta Union Agencies,A714
A63347,PY/EL TOURATH MOHANDESSIN (2),730,115,,80.0,ambiguous_registry_name,AMBIGUOUS,ambiguous_registry_name,Pyramid Health Supplies,A730
A63348,El Tourath Mohandessin br.2,733,102,,83.01886792452831,ambiguous_registry_name,AMBIGUOUS,ambiguous_registry_name,Modern Chain Distributors,A733
A63349,EL el tourath mohandessin,733,102,,78.57142857142857,ambiguous_registry_name,AMBIGUOUS,ambiguous_registry_name,Modern Chain Distributors,A733
A63358,Silver Care Smouha,701,106,,80.0,ambiguous_registry_name,AMBIGUOUS,ambiguous_registry_name,Al-Nour Pharmaceutical Distribution,B701
A63359,PH Silver Care Smouha Branch 2,709,102,,87.5,ambiguous_registry_name,AMBIGUOUS,ambiguous_registry_name,Horus Pharm Agencies,B709
A63360,silver care smouuha Station St.,709,102,,78.26086956521739,ambiguous_registry_name,AMBIGUOUS,ambiguous_registry_name,Horus Pharm Agencies,B709
A63364,el Silver Care Smouha,754,101,,79.16666666666666,ambiguous_registry_name,AMBIGUOUS,ambiguous_registry_name,October Central Supply,A754
A63366,PH Silver Care Smouha,771,110,,87.5,ambiguous_registry_name,AMBIGUOUS,ambiguous_registry_name,Marina Bay Trade,B771
A63370,Ph/El Hokama Mohandessin Station St.,707,92,,82.35294117647058,ambiguous_registry_name,AMBIGUOUS,ambiguous_registry_name,Tiba Distribution Group,A707
A63371,PH El Hokama Mohandessin Mall,713,97,,88.88888888888889,ambiguous_registry_name,AMBIGUOUS,ambiguous_registry_name,El-Masria Trading Co.,C713
A63374,el hokama mohandessin Branch 1903,727,126,,82.35294117647058,ambiguous_registry_name,AMBIGUOUS,ambiguous_registry_name,White Nile Agencies,C727
A63376,El Hokama Mohandessin Branch 1582,752,106,,82.35294117647058,ambiguous_registry_name,AMBIGUOUS,ambiguous_registry_name,Falcon Wholesale Co.,B752
A63377,PYel hokama mohandessin 04,752,106,,78.57142857142857,ambiguous_registry_name,AMBIGUOUS,ambiguous_registry_name,Falcon Wholesale Co.,B752
A63414,PY/Pharma Plus Mohandessin Mall,701,108,,100.0,ambiguous_registry_name,AMBIGUOUS,ambiguous_registry_name,Al-Nour Pharmaceutical Distribution,B701
A63415,pharma plus mohandessin 04,707,94,,93.87755102040816,ambiguous_registry_name,AMBIGUOUS,ambiguous_registry_name,Tiba Distribution Group,A707
A63416,PHARMA PLUS MOHANDESSIN 04,714,112,,93.87755102040816,ambiguous_registry_name,AMBIGUOUS,ambiguous_registry_name,Delta Union Agencies,A714
A63417,Ph/pharma plus mohandessin (2),714,112,,95.83333333333334,ambiguous_registry_name,AMBIGUOUS,ambiguous_registry_name,Delta Union Agencies,A714
A63418,Pharma Plus Mohandessin Mall,720,116,,100.0,ambiguous_registry_name,AMBIGUOUS,ambiguous_registry_name,Lotus Medcare Distribution,B720
A63419,PHARMA PLUS MOHANDESSIN br.2,724,105,,100.0,ambiguous_registry_name,AMBIGUOUS,ambiguous_registry_name,Ramses Wholesale Partners,B724
A63420,pharma plus mohandessin ranch 1137,724,105,,80.70175438596492,ambiguous_registry_name,AMBIGUOUS,ambiguous_registry_name,Ramses Wholesale Partners,B724
A63422,el Pharma Plus Mohandessin (2),743,103,,90.19607843137256,ambiguous_registry_name,AMBIGUOUS,ambiguous_registry_name,Horus Elite Logistics,A743
A63423,PH pharma plus mohandessin Mall576,748,114,,80.70175438596492,ambiguous_registry_name,AMBIGUOUS,ambiguous_registry_name,Karnak Medical Trading,A748
A63424,El-Pharma Plus Mohandessin 011,748,114,,86.79245283018868,ambiguous_registry_name,AMBIGUOUS,ambiguous_registry_name,Karnak Medical Trading,A748
A63434,PH city care,707,95,,80.0,ambiguous_registry_name,AMBIGUOUS,ambiguous_registry_name,Tiba Distribution Group,A707
A63454,PH seha first Branch 2,730,117,,81.25,ambiguous_registry_name,AMBIGUOUS,ambiguous_registry_name,Pyramid Health Supplies,A730
A63460,PH Better Life Mohandessin,719,109,,89.65517241379311,ambiguous_registry_name,AMBIGUOUS,ambiguous_registry_name,Lotus Medcare Distribution,A719
A63461,EL better life mohandessin Branch 1,721,109,,79.3103448275862,ambiguous_registry_name,AMBIGUOUS,ambiguous_registry_name,Saraya Pharmaceutical Supply,A721
A63466,PY/BETTER LIFE MOANDESSIN (2),759,99,,78.57142857142857,ambiguous_registry_name,AMBIGUOUS,ambiguous_registry_name,Two Rivers Distribution,B759
A63467,BETTER LIFE MOHANDESSIN br.2239,773,126,,83.63636363636364,ambiguous_registry_name,AMBIGUOUS,ambiguous_registry_name,Desert Bloom Suppliers,B773
A63468,PY/BETTER LIFE MOHANDESSIN,773,126,,83.63636363636364,ambiguous_registry_name,AMBIGUOUS,ambiguous_registry_name,Desert Bloom Suppliers,B773
A63471,PH Hope Maadi Station St.,703,108,,81.25,ambiguous_registry_name,AMBIGUOUS,ambiguous_registry_name,Blue Crescent Medical Supply Co.,A703
A63477,PHH hope maadi Station St.,765,101,,78.78787878787878,ambiguous_registry_name,AMBIGUOUS,ambiguous_registry_name,Basil Corner Providers,A765
A63478,EL pharma plus mohandessin,722,103,,93.87755102040816,ambiguous_registry_name,AMBIGUOUS,ambiguous_registry_name,Saraya Pharmaceutical Supply,B722
A63479,Pharma Plus Mohandessin 011,722,103,,92.0,ambiguous_registry_name,AMBIGUOUS,ambiguous_registry_name,Saraya Pharmaceutical Supply,B722
A63480,el Pharma Plus Mohandessin Main Road,729,113,,93.87755102040816,ambiguous_registry_name,AMBIGUOUS,ambiguous_registry_name,Delta Star Medical Trade,B729
A63481,Pharma Plus Mohandsesin Main Road,738,115,,95.65217391304348,ambiguous_registry_name,AMBIGUOUS,ambiguous_registry_name,Sinai Bridge Trading,B738
A63482,Pharma Plus Mohandessi nMall220,755,115,,85.18518518518519,ambiguous_registry_name,AMBIGUOUS,ambiguous_registry_name,October Central Supply,B755
A63483,Ph/Pharma Plus Mohandessin,760,101,,100.0,ambiguous_registry_name,AMBIGUOUS,ambiguous_registry_name,Two Rivers Distribution,C760
A63484,el Pharma Plus Mohandessin Branch 2,760,101,,93.87755102040816,ambiguous_registry_name,AMBIGUOUS,ambiguous_registry_name,Two Rivers Distribution,C760
A63485,Ph/NILE CARE MOHANDESSIN Mall,701,109,,82.35294117647058,ambiguous_registry_name,AMBIGUOUS,ambiguous_registry_name,Al-Nour Pharmaceutical Distribution,B701
A63487,nile care mohandessin Station St.,724,106,,82.35294117647058,ambiguous_registry_name,AMBIGUOUS,ambiguous_registry_name,Ramses Wholesale Partners,B724
A63489,PH Nile Care Mohandessin (2),730,118,,85.71428571428572,ambiguous_registry_name,AMBIGUOUS,ambiguous_registry_name,Pyramid Health Supplies,A730
A63491,Ph/NILE CARE MOHNDESSIN (2),739,103,,80.85106382978724,ambiguous_registry_name,AMBIGUOUS,ambiguous_registry_name,Sinai Bridge Trading,C739
A63492,Nile Care Mohandessin,746,117,,82.35294117647058,ambiguous_registry_name,AMBIGUOUS,ambiguous_registry_name,Southern Cross Pharma,B746
A63494,PY/NILE CARE MOHANDESSIN Main Road,773,127,,82.35294117647058,ambiguous_registry_name,AMBIGUOUS,ambiguous_registry_name,Desert Bloom Suppliers,B773
A63532,Dr Medhat Oct City,730,119,,80.0,ambiguous_registry_name,AMBIGUOUS,ambiguous_registry_name,Pyramid Health Supplies,A730
A63555,pharma plus mohandessin,718,99,,100.0,ambiguous_registry_name,AMBIGUOUS,ambiguous_registry_name,Cairo Grand Supplies,B718
A63556,Ph/pharma plus mohandsesin Branch 1,723,108,,95.65217391304348,ambiguous_registry_name,AMBIGUOUS,ambiguous_registry_name,Ramses Wholesale Partners,A723
A63557,PHARMA PLUS MOAHNDESSIN 6th Zone,723,108,,95.65217391304348,ambiguous_registry_name,AMBIGUOUS,ambiguous_registry_name,Ramses Wholesale Partners,A723
A63558,EL pharma plus mmohandessin Branch 1,735,111,,92.0,ambiguous_registry_name,AMBIGUOUS,ambiguous_registry_name,Modern Chain Distributors,C735
A63569,PY/SEHA FIRST MOHANDESSIN-A,760,103,,80.0,ambiguous_registry_name,AMBIGUOUS,ambiguous_registry_name,Two Rivers Distribution,C760
A63570,seha first mohandessin Mall,760,103,,83.01886792452831,ambiguous_registry_name,AMBIGUOUS,ambiguous_registry_name,Two Rivers Distribution,C760
A63571,Ph/Seha First Mohandessin,778,108,,83.01886792452831,ambiguous_registry_name,AMBIGUOUS,ambiguous_registry_name,Seven Palms Distribution,C778
A63572,el union pharm zayed,710,103,,91.89189189189189,ambiguous_registry_name,AMBIGUOUS,ambiguous_registry_name,Horus Pharm Agencies,C710
A63573,UNION PHARM ZAYED-A,710,103,,94.44444444444444,ambiguous_registry_name,AMBIGUOUS,ambiguous_registry_name,Horus Pharm Agencies,C710
A63576,El-union pharm zayed 01136,735,112,,79.06976744186046,ambiguous_registry_name,AMBIGUOUS,ambiguous_registry_name,Modern Chain Distributors,C735
A63577,UNION PHARM ZAYED,735,112,,100.0,ambiguous_registry_name,AMBIGUOUS,ambiguous_registry_name,Modern Chain Distributors,C735
A63595,HEALTH GATE MAADI Branch 2,757,117,,79.06976744186046,ambiguous_registry_name,AMBIGUOUS,ambiguous_registry_name,Al Wadi Medical Providers,B757
A63598,PY/Health Gate Maadi,770,114,,79.06976744186046,ambiguous_registry_name,AMBIGUOUS,ambiguous_registry_name,Marina Bay Trade,A770
A63607,Ph/seha first zayed Branch 1,772,114,,78.04878048780488,ambiguous_registry_name,AMBIGUOUS,ambiguous_registry_name,Desert Bloom Suppliers,A772
A63610,Better Life Faisal,716,99,,80.0,ambiguous_registry_name,AMBIGUOUS,ambiguous_registry_name,Delta Union Agencies,C716
A63617,BETTER LIFE FAISAL 6th Zone,779,100,,80.0,ambiguous_registry_name,AMBIGUOUS,ambiguous_registry_name,Iron Gate Wholesale,A779
A63619,ELel tourath haram br.2784,710,104,,81.08108108108108,ambiguous_registry_name,AMBIGUOUS,ambiguous_registry_name,Horus Pharm Agencies,C710
A63620,el El Tourath Harm Branch 1,732,129,,81.81818181818181,ambiguous_registry_name,AMBIGUOUS,ambiguous_registry_name,Pyramid Health Supplies,C732
A63621,El Tourath Haram Main Road,736,98,,85.71428571428572,ambiguous_registry_name,AMBIGUOUS,ambiguous_registry_name,United Bazaar Pharma,A736
A63624,EL El Tourath Haram Branch 2,743,107,,80.0,ambiguous_registry_name,AMBIGUOUS,ambiguous_registry_name,Horus Elite Logistics,A743
A63625,El-El Tourath Haram 6th Zone,752,109,,80.0,ambiguous_registry_name,AMBIGUOUS,ambiguous_registry_name,Falcon Wholesale Co.,B752
A63626,EL TOURATH HARAM Mall,762,114,,85.71428571428572,ambiguous_registry_name,AMBIGUOUS,ambiguous_registry_name,Supreme Shelf Logistics,B762
A63629,PH el hokama,710,105,,80.0,ambiguous_registry_name,AMBIGUOUS,ambiguous_registry_name,Horus Pharm Agencies,C710
A63636,Ph/Care 24 SevenZ ayed,725,104,,81.25,ambiguous_registry_name,AMBIGUOUS,ambiguous_registry_name,White Nile Agencies,A725
A63646,El-Care 24 Seven,753,111,,89.65517241379311,ambiguous_registry_name,AMBIGUOUS,ambiguous_registry_name,Falcon Wholesale Co.,C753
A63647,PH care 24 seven Branch 1,753,111,,89.65517241379311,ambiguous_registry_name,AMBIGUOUS,ambiguous_registry_name,Falcon Wholesale Co.,C753
A63648,el Care 24 Seven,770,115,,89.65517241379311,ambiguous_registry_name,AMBIGUOUS,ambiguous_registry_name,Marina Bay Trade,A770
A63649,PY/Care 24 Seven 6th Zone,779,101,,100.0,ambiguous_registry_name,AMBIGUOUS,ambiguous_registry_name,Iron Gate Wholesale,A779
A63650,Ph/care 24 seven Branch 1,779,101,,100.0,ambiguous_registry_name,AMBIGUOUS,ambiguous_registry_name,Iron Gate Wholesale,A779
A63652,El-care 24 seven 6th Zone,782,123,,89.65517241379311,ambiguous_registry_name,AMBIGUOUS,ambiguous_registry_name,Summit Crest Trading,A782
A63677,PH El Shifa Smouha 6th Zone,743,109,,85.71428571428572,ambiguous_registry_name,AMBIGUOUS,ambiguous_registry_name,Horus Elite Logistics,A743
A63690,PH union pharm smouha Branch 1,728,118,,92.3076923076923,ambiguous_registry_name,AMBIGUOUS,ambiguous_registry_name,Delta Star Medical Trade,A728
A63691,EL Union Pharm Smouha (2),728,118,,87.8048780487805,ambiguous_registry_name,AMBIGUOUS,ambiguous_registry_name,Delta Star Medical Trade,A728
A63692,union pharm smouha,754,103,,100.0,ambiguous_registry_name,AMBIGUOUS,ambiguous_registry_name,October Central Supply,A754
A63704,PH STAR CARE 6th Zone,705,111,,80.0,ambiguous_registry_name,AMBIGUOUS,ambiguous_registry_name,Blue Crescent Medical Supply Co.,C705
A63717,Nile Care Mohandessin 04,755,118,,81.63265306122449,ambiguous_registry_name,AMBIGUOUS,ambiguous_registry_name,October Central Supply,B755
A63718,PH Nile Care Mohandessin br.2,755,118,,88.88888888888889,ambiguous_registry_name,AMBIGUOUS,ambiguous_registry_name,October Central Supply,B755
A63719,NILE CARE MOHANDESSIN Main Road,766,109,,82.35294117647058,ambiguous_registry_name,AMBIGUOUS,ambiguous_registry_name,Basil Corner Providers,B766
A63720,Nile Care Mohandessin-A,766,109,,79.24528301886792,ambiguous_registry_name,AMBIGUOUS,ambiguous_registry_name,Basil Corner Providers,B766
A63721,PH Nlie Care Mohandessin 6th Zone,771,114,,85.18518518518519,ambiguous_registry_name,AMBIGUOUS,ambiguous_registry_name,Marina Bay Trade,B771
A63722,Ph/Nile Care Mohandessin,774,98,,82.35294117647058,ambiguous_registry_name,AMBIGUOUS,ambiguous_registry_name,Desert Bloom Suppliers,C774
A63723,nile care mohandessin 04,774,98,,81.63265306122449,ambiguous_registry_name,AMBIGUOUS,ambiguous_registry_name,Desert Bloom Suppliers,C774
A63750,PH HEALTH GATE Mall,718,102,,82.35294117647058,ambiguous_registry_name,AMBIGUOUS,ambiguous_registry_name,Cairo Grand Supplies,B718
A63754,PH Health Gate Station St.,744,126,,82.35294117647058,ambiguous_registry_name,AMBIGUOUS,ambiguous_registry_name,Horus Elite Logistics,B744
A63755,PH HEALTH GATE br.2,746,118,,82.35294117647058,ambiguous_registry_name,AMBIGUOUS,ambiguous_registry_name,Southern Cross Pharma,B746
A63764,Ph/BETTER LIFE HARAM Mall,715,98,,82.92682926829268,ambiguous_registry_name,AMBIGUOUS,ambiguous_registry_name,Delta Union Agencies,B715
A63768,better life haram Mall,727,131,,82.92682926829268,ambiguous_registry_name,AMBIGUOUS,ambiguous_registry_name,White Nile Agencies,C727
A63769,better life haram,727,131,,82.92682926829268,ambiguous_registry_name,AMBIGUOUS,ambiguous_registry_name,White Nile Agencies,C727
A63770,Ph/better life haram Mall,730,121,,82.92682926829268,ambiguous_registry_name,AMBIGUOUS,ambiguous_registry_name,Pyramid Health Supplies,A730
A63771,better life haram,733,108,,82.92682926829268,ambiguous_registry_name,AMBIGUOUS,ambiguous_registry_name,Modern Chain Distributors,A733
A63772,PH better life haram Branch 2,736,100,,90.9090909090909,ambiguous_registry_name,AMBIGUOUS,ambiguous_registry_name,United Bazaar Pharma,A736
A63773,BETTER LIFE HARAM br.2,752,111,,82.92682926829268,ambiguous_registry_name,AMBIGUOUS,ambiguous_registry_name,Falcon Wholesale Co.,B752
A63775,El-El Baraka Rehab View,716,101,,80.76923076923077,ambiguous_registry_name,AMBIGUOUS,ambiguous_registry_name,Delta Union Agencies,C716
A63777,El Baraka Rehab View Branch 1,776,101,,81.63265306122449,ambiguous_registry_name,AMBIGUOUS,ambiguous_registry_name,Seven Palms Distribution,A776
A63778,el El Baraka Rehab View Branch 1,776,101,,80.76923076923077,ambiguous_registry_name,AMBIGUOUS,ambiguous_registry_name,Seven Palms Distribution,A776
A63782,Ph/EL FARABY MOHANDESSIN br.2,724,108,,82.35294117647058,ambiguous_registry_name,AMBIGUOUS,ambiguous_registry_name,Ramses Wholesale Partners,B724
A63783,PH el faraby mohandessin Branch 2159,724,108,,88.88888888888889,ambiguous_registry_name,AMBIGUOUS,ambiguous_registry_name,Ramses Wholesale Partners,B724
A63784,El Faraby Mohandessin Mall,744,127,,82.35294117647058,ambiguous_registry_name,AMBIGUOUS,ambiguous_registry_name,Horus Elite Logistics,B744
A63787,PH EL FARABY MOHANDESSIN Branch 1,766,110,,88.88888888888889,ambiguous_registry_name,AMBIGUOUS,ambiguous_registry_name,Basil Corner Providers,B766
A63789,Ph/EL FARABY MOHANDESSIN,776,102,,82.35294117647058,ambiguous_registry_name,AMBIGUOUS,ambiguous_registry_name,Seven Palms Distribution,A776
A63831,Ph/Nile Care Mohandessin 04,701,112,,81.63265306122449,ambiguous_registry_name,AMBIGUOUS,ambiguous_registry_name,Al-Nour Pharmaceutical Distribution,B701
A63832,El-Nile Care Mohandessin (2),701,112,,78.43137254901961,ambiguous_registry_name,AMBIGUOUS,ambiguous_registry_name,Al-Nour Pharmaceutical Distribution,B701
A63834,PY/nile care mohandessin,717,99,,82.35294117647058,ambiguous_registry_name,AMBIGUOUS,ambiguous_registry_name,Cairo Grand Supplies,A717
A63837,nile care mohandessin,750,110,,82.35294117647058,ambiguous_registry_name,AMBIGUOUS,ambiguous_registry_name,Pearl Route Agencies,A750
A63841,Nile Care Mohandessin,752,113,,82.35294117647058,ambiguous_registry_name,AMBIGUOUS,ambiguous_registry_name,Falcon Wholesale Co.,B752
A63864,PH health gate helwan br.2379,717,101,,87.5,ambiguous_registry_name,AMBIGUOUS,ambiguous_registry_name,Cairo Grand Supplies,A717
A63870,PH health gate helwan br.2,770,119,,87.5,ambiguous_registry_name,AMBIGUOUS,ambiguous_registry_name,Marina Bay Trade,A770
A63872,PH Mira Mohandessin,703,113,,86.36363636363636,ambiguous_registry_name,AMBIGUOUS,ambiguous_registry_name,Blue Crescent Medical Supply Co.,A703
A63889,Ph/DR MEDHAT MOHANDESSIN (2),715,101,,79.24528301886792,ambiguous_registry_name,AMBIGUOUS,ambiguous_registry_name,Delta Union Agencies,B715
A63890,Dr Medhat Mohndessin Mall,740,119,,80.0,ambiguous_registry_name,AMBIGUOUS,ambiguous_registry_name,Green Delta Enterprises,A740
A63906,El-Care 24 Seven (2),728,121,,84.21052631578947,ambiguous_registry_name,AMBIGUOUS,ambiguous_registry_name,Delta Star Medical Trade,A728
A63907,El-Care 24 Seven,729,117,,89.65517241379311,ambiguous_registry_name,AMBIGUOUS,ambiguous_registry_name,Delta Star Medical Trade,B729
A63908,Care 24 Seven Station St.,743,110,,100.0,ambiguous_registry_name,AMBIGUOUS,ambiguous_registry_name,Horus Elite Logistics,A743
A63909,Ph/Care 24 Seven Branch 1,743,110,,100.0,ambiguous_registry_name,AMBIGUOUS,ambiguous_registry_name,Horus Elite Logistics,A743
A63910,Ph/care 24 seven Branch 1,745,98,,100.0,ambiguous_registry_name,AMBIGUOUS,ambiguous_registry_name,Southern Cross Pharma,A745
A63911,CARE 24 SEVEN 6th Zone,772,118,,100.0,ambiguous_registry_name,AMBIGUOUS,ambiguous_registry_name,Desert Bloom Suppliers,A772
A63912,care 24 seven 011,772,118,,86.66666666666667,ambiguous_registry_name,AMBIGUOUS,ambiguous_registry_name,Desert Bloom Suppliers,A772
A63925,el Alpha Pharma Mohandessin,726,138,,94.11764705882352,ambiguous_registry_name,AMBIGUOUS,ambiguous_registry_name,White Nile Agencies,B726
A63926,PH Alpha Pharma Mohandessin br.2,726,138,,94.11764705882352,ambiguous_registry_name,AMBIGUOUS,ambiguous_registry_name,White Nile Agencies,B726
A63927,Alpha Pharma Mohandessin Bracnh 2,772,119,,84.21052631578947,ambiguous_registry_name,AMBIGUOUS,ambiguous_registry_name,Desert Bloom Suppliers,A772
A63928,El-ALPHA PHARMA MOHANDESSIN-A,773,129,,90.56603773584906,ambiguous_registry_name,AMBIGUOUS,ambiguous_registry_name,Desert Bloom Suppliers,B773
A63929,PH Alpha Pharma Mohandessin 6th Zone,781,126,,94.11764705882352,ambiguous_registry_name,AMBIGUOUS,ambiguous_registry_name,Alex Marine Providers,B781
A63930,Mira Mohandessin 6th Zone,714,118,,78.04878048780488,ambiguous_registry_name,AMBIGUOUS,ambiguous_registry_name,Delta Union Agencies,A714
A63963,PY/Care 24 Seven Mohandessin-A,713,103,,96.15384615384616,ambiguous_registry_name,AMBIGUOUS,ambiguous_registry_name,El-Masria Trading Co.,C713
A63964,Ph/care 24 seven mohandessin,713,103,,100.0,ambiguous_registry_name,AMBIGUOUS,ambiguous_registry_name,El-Masria Trading Co.,C713
A63965,Care 24 Seven Mohandessin 011,719,112,,92.5925925925926,ambiguous_registry_name,AMBIGUOUS,ambiguous_registry_name,Lotus Medcare Distribution,A719
A63966,El-CARE 24 SEVEN MOHANDESSIN (2),719,112,,90.9090909090909,ambiguous_registry_name,AMBIGUOUS,ambiguous_registry_name,Lotus Medcare Distribution,A719
A63967,Ph/Care 24 Seven Mohandessin,723,112,,100.0,ambiguous_registry_name,AMBIGUOUS,ambiguous_registry_name,Ramses Wholesale Partners,A723
A63968,care 24 seven mohandessin Mall,758,108,,100.0,ambiguous_registry_name,AMBIGUOUS,ambiguous_registry_name,Two Rivers Distribution,A758
A63969,EL care 24 seven mohandessin Main Road,774,99,,94.33962264150944,ambiguous_registry_name,AMBIGUOUS,ambiguous_registry_name,Desert Bloom Suppliers,C774
A63970,care 24 seven mohandessin Branch 1,774,99,,100.0,ambiguous_registry_name,AMBIGUOUS,ambiguous_registry_name,Desert Bloom Suppliers,C774
A63973,Ph/sunrise mohandessin Main Road,756,124,,80.85106382978724,ambiguous_registry_name,AMBIGUOUS,ambiguous_registry_name,Al Wadi Medical Providers,A756
A63982,PH drr medhat mohandessin (2),700,102,,84.21052631578947,ambiguous_registry_name,AMBIGUOUS,ambiguous_registry_name,Al-Nour Pharmaceutical Distribution,A700
A63983,DR MEDHAT MOHNDESSIN,715,103,,80.0,ambiguous_registry_name,AMBIGUOUS,ambiguous_registry_name,Delta Union Agencies,B715
A63984,Dr Medhat Mohandessin Main Road,715,103,,82.35294117647058,ambiguous_registry_name,AMBIGUOUS,ambiguous_registry_name,Delta Union Agencies,B715
A63985,PH dr medhat mohandeessin Station St.,746,120,,87.27272727272728,ambiguous_registry_name,AMBIGUOUS,ambiguous_registry_name,Southern Cross Pharma,B746
A63987,Ph/DR MEDHAT MOHANDESSIN br.2,757,121,,82.35294117647058,ambiguous_registry_name,AMBIGUOUS,ambiguous_registry_name,Al Wadi Medical Providers,B757
A63993,PH dr medhat,745,100,,80.0,ambiguous_registry_name,AMBIGUOUS,ambiguous_registry_name,Southern Cross Pharma,A745
A63999,PH star are helwan-A,719,113,,80.0,ambiguous_registry_name,AMBIGUOUS,ambiguous_registry_name,Lotus Medcare Distribution,A719
A64000,PY/Star Care Helwan Branch 2,719,113,,78.04878048780488,ambiguous_registry_name,AMBIGUOUS,ambiguous_registry_name,Lotus Medcare Distribution,A719
A64019,PH Blue Wave Dokki Mall,708,112,,90.0,ambiguous_registry_name,AMBIGUOUS,ambiguous_registry_name,Horus Pharm Agencies,A708
A64038,PH Ebn Sina br.2,733,111,,78.57142857142857,ambiguous_registry_name,AMBIGUOUS,ambiguous_registry_name,Modern Chain Distributors,A733
A64044,PH Better Life Mall,700,104,,82.35294117647058,ambiguous_registry_name,AMBIGUOUS,ambiguous_registry_name,Al-Nour Pharmaceutical Distribution,A700
A64051,PH Better Life Station St.,763,117,,82.35294117647058,ambiguous_registry_name,AMBIGUOUS,ambiguous_registry_name,Saqqara Trade House,A763
A64099,life line mohandessin-A,725,106,,79.24528301886792,ambiguous_registry_name,AMBIGUOUS,ambiguous_registry_name,White Nile Agencies,A725
A64103,Life Line Mohandessin,782,126,,82.35294117647058,ambiguous_registry_name,AMBIGUOUS,ambiguous_registry_name,Summit Crest Trading,A782
A64105,Ph/MIRA MOHANDESSIN Main Road,708,113,,78.04878048780488,ambiguous_registry_name,AMBIGUOUS,ambiguous_registry_name,Horus Pharm Agencies,A708
A64107,Mira Mohandessin br.2,716,105,,78.04878048780488,ambiguous_registry_name,AMBIGUOUS,ambiguous_registry_name,Delta Union Agencies,C716
A64111,Mira Mohandessin,746,122,,78.04878048780488,ambiguous_registry_name,AMBIGUOUS,ambiguous_registry_name,Southern Cross Pharma,B746
A64112,PH MIRA MOHANDESSIN (2),746,122,,82.6086956521739,ambiguous_registry_name,AMBIGUOUS,ambiguous_registry_name,Southern Cross Pharma,B746
A64113,PH Mira Mohandessin (2),752,114,,82.6086956521739,ambiguous_registry_name,AMBIGUOUS,ambiguous_registry_name,Falcon Wholesale Co.,B752
A64114,PH mira mohandessin,757,122,,86.36363636363636,ambiguous_registry_name,AMBIGUOUS,ambiguous_registry_name,Al Wadi Medical Providers,B757
A64124,PY/Care 24 Seven Mall,714,120,,100.0,ambiguous_registry_name,AMBIGUOUS,ambiguous_registry_name,Delta Union Agencies,A714
A64125,Care 24 even br.2169,736,104,,96.0,ambiguous_registry_name,AMBIGUOUS,ambiguous_registry_name,United Bazaar Pharma,A736
A64126,El--CARE 24 SEVEN332,736,104,,82.05128205128204,ambiguous_registry_name,AMBIGUOUS,ambiguous_registry_name,United Bazaar Pharma,A736
A64127,EL CARE 24 SEVEN Station St.451,749,113,,80.0,ambiguous_registry_name,AMBIGUOUS,ambiguous_registry_name,Karnak Medical Trading,B749
A64128,Care 24 Seven Mall,764,97,,100.0,ambiguous_registry_name,AMBIGUOUS,ambiguous_registry_name,Saqqara Trade House,B764
A64129,el CARE 24 SEVEN,764,97,,89.65517241379311,ambiguous_registry_name,AMBIGUOUS,ambiguous_registry_name,Saqqara Trade House,B764
A64130,El-CARE 24 SEVEN Branch 1,774,101,,89.65517241379311,ambiguous_registry_name,AMBIGUOUS,ambiguous_registry_name,Desert Bloom Suppliers,C774
A64131,EL CARE 24 SEVEN (2),774,101,,84.21052631578947,ambiguous_registry_name,AMBIGUOUS,ambiguous_registry_name,Desert Bloom Suppliers,C774
A64132,CARE 24 SEVEN Station St.,779,103,,100.0,ambiguous_registry_name,AMBIGUOUS,ambiguous_registry_name,Iron Gate Wholesale,A779
A64133,Care 24 Seven Mall,779,103,,100.0,ambiguous_registry_name,AMBIGUOUS,ambiguous_registry_name,Iron Gate Wholesale,A779
A64134,PY/Care 24 Seven Mall,780,117,,100.0,ambiguous_registry_name,AMBIGUOUS,ambiguous_registry_name,Alex Marine Providers,A780
A64162,Better Life Mohandessin936,701,114,,79.3103448275862,ambiguous_registry_name,AMBIGUOUS,ambiguous_registry_name,Al-Nour Pharmaceutical Distribution,B701
A64163,EL better life mohandessin,701,114,,79.3103448275862,ambiguous_registry_name,AMBIGUOUS,ambiguous_registry_name,Al-Nour Pharmaceutical Distribution,B701
A64164,PY/BETTER LIFE MOHANDESSIN (2),710,110,,80.70175438596492,ambiguous_registry_name,AMBIGUOUS,ambiguous_registry_name,Horus Pharm Agencies,C710
A64165,Better Life Mohandessin-A,710,110,,80.70175438596492,ambiguous_registry_name,AMBIGUOUS,ambiguous_registry_name,Horus Pharm Agencies,C710
A64169,Better Life Mohandessin,750,116,,83.63636363636364,ambiguous_registry_name,AMBIGUOUS,ambiguous_registry_name,Pearl Route Agencies,A750
A64170,EL BETTER LIFE MOHANDESSIN Mall,753,115,,79.3103448275862,ambiguous_registry_name,AMBIGUOUS,ambiguous_registry_name,Falcon Wholesale Co.,C753
A64171,EL Better Life Mohandessin 6th Zone,769,99,,79.3103448275862,ambiguous_registry_name,AMBIGUOUS,ambiguous_registry_name,Ocean Front Distributors,B769
A64172,BETTER LIFE MOHANDESSIN Branch 2,769,99,,83.63636363636364,ambiguous_registry_name,AMBIGUOUS,ambiguous_registry_name,Ocean Front Distributors,B769
A64173,better lifemohandessin Mall,780,119,,81.4814814814815,ambiguous_registry_name,AMBIGUOUS,ambiguous_registry_name,Alex Marine Providers,A780
A64183,PH AL NOZHA,773,131,,78.57142857142857,ambiguous_registry_name,AMBIGUOUS,ambiguous_registry_name,Desert Bloom Suppliers,B773
A64208,PH Health Gate,747,104,,82.35294117647058,ambiguous_registry_name,AMBIGUOUS,ambiguous_registry_name,Southern Cross Pharma,C747
A64243,PH el faraby mohandessin Branch 2,714,121,,88.88888888888889,ambiguous_registry_name,AMBIGUOUS,ambiguous_registry_name,Delta Union Agencies,A714
A64245,PY/El Faraby Mohandesin,721,115,,80.0,ambiguous_registry_name,AMBIGUOUS,ambiguous_registry_name,Saraya Pharmaceutical Supply,A721
A64246,El Faraby Mohandessin,748,122,,82.35294117647058,ambiguous_registry_name,AMBIGUOUS,ambiguous_registry_name,Karnak Medical Trading,A748
A64249,PH HEALTH GATE,714,122,,82.35294117647058,ambiguous_registry_name,AMBIGUOUS,ambiguous_registry_name,Delta Union Agencies,A714
A64263,Ph/PHARRMA PLUS DOKKI-A,727,133,,91.89189189189189,ambiguous_registry_name,AMBIGUOUS,ambiguous_registry_name,White Nile Agencies,C727
A64264,Ph/Pharma Plus Dokki,731,107,,100.0,ambiguous_registry_name,AMBIGUOUS,ambiguous_registry_name,Pyramid Health Supplies,B731
A64265,PH PHARMA PLUS DOKKI (2),731,107,,87.17948717948718,ambiguous_registry_name,AMBIGUOUS,ambiguous_registry_name,Pyramid Health Supplies,B731
A64266,PH pharma plus dokki 04,740,121,,85.0,ambiguous_registry_name,AMBIGUOUS,ambiguous_registry_name,Green Delta Enterprises,A740
A64267,pharma plus dokki Mall,740,121,,100.0,ambiguous_registry_name,AMBIGUOUS,ambiguous_registry_name,Green Delta Enterprises,A740
A64268,pharma plus dokki Main Road,750,117,,100.0,ambiguous_registry_name,AMBIGUOUS,ambiguous_registry_name,Pearl Route Agencies,A750
A64269,El-Pharma Plus Dokki Mall,750,117,,91.89189189189189,ambiguous_registry_name,AMBIGUOUS,ambiguous_registry_name,Pearl Route Agencies,A750
A64300,Ph/Dr Medhat Shubra Mall,703,116,,78.04878048780488,ambiguous_registry_name,AMBIGUOUS,ambiguous_registry_name,Blue Crescent Medical Supply Co.,A703
A64301,DR MEDHAT SHUBRA,713,108,,78.04878048780488,ambiguous_registry_name,AMBIGUOUS,ambiguous_registry_name,El-Masria Trading Co.,C713
A64302,dr medhat shubra,713,108,,78.04878048780488,ambiguous_registry_name,AMBIGUOUS,ambiguous_registry_name,El-Masria Trading Co.,C713
A64304,dr medhat shubra Branch 1,717,108,,78.04878048780488,ambiguous_registry_name,AMBIGUOUS,ambiguous_registry_name,Cairo Grand Supplies,A717
A64305,dr medhat shubra,724,113,,78.04878048780488,ambiguous_registry_name,AMBIGUOUS,ambiguous_registry_name,Ramses Wholesale Partners,B724
A64315,PH MIRA REHAB VIEW br.2,714,124,,85.71428571428572,ambiguous_registry_name,AMBIGUOUS,ambiguous_registry_name,Delta Union Agencies,A714
A64324,el Union Pharm Mohandesisn br.2,701,115,,89.79591836734694,ambiguous_registry_name,AMBIGUOUS,ambiguous_registry_name,Al-Nour Pharmaceutical Distribution,B701
A64325,EL Union Pharm Mohandessin br.2,720,122,,93.87755102040816,ambiguous_registry_name,AMBIGUOUS,ambiguous_registry_name,Lotus Medcare Distribution,B720
A64326,Ph/Union Pharm Mohandessin,720,122,,100.0,ambiguous_registry_name,AMBIGUOUS,ambiguous_registry_name,Lotus Medcare Distribution,B720
A64328,Union Pharm Mohandessin 011,743,116,,92.0,ambiguous_registry_name,AMBIGUOUS,ambiguous_registry_name,Horus Elite Logistics,A743
A64329,Union Pharmm Mohandessin,743,116,,97.87234042553192,ambiguous_registry_name,AMBIGUOUS,ambiguous_registry_name,Horus Elite Logistics,A743
A64330,UNION PHARM MOHANDESSIN (2),760,107,,95.83333333333334,ambiguous_registry_name,AMBIGUOUS,ambiguous_registry_name,Two Rivers Distribution,C760
A64331,PH Union Pharm Mohandessin (2),778,114,,90.19607843137256,ambiguous_registry_name,AMBIGUOUS,ambiguous_registry_name,Seven Palms Distribution,C778
A64332,union pharm mhoandessin Mall,778,114,,95.65217391304348,ambiguous_registry_name,AMBIGUOUS,ambiguous_registry_name,Seven Palms Distribution,C778
A64341,PH el nasr oct city 6th Zone,715,105,,86.36363636363636,ambiguous_registry_name,AMBIGUOUS,ambiguous_registry_name,Delta Union Agencies,B715
A64342,El Nasr Oct City 6th Zone,740,123,,78.04878048780488,ambiguous_registry_name,AMBIGUOUS,ambiguous_registry_name,Green Delta Enterprises,A740
A64345,EL NASR OCT CITY Branch 2,763,120,,78.04878048780488,ambiguous_registry_name,AMBIGUOUS,ambiguous_registry_name,Saqqara Trade House,A763
A64346,star care montaza Main Road,701,116,,79.06976744186046,ambiguous_registry_name,AMBIGUOUS,ambiguous_registry_name,Al-Nour Pharmaceutical Distribution,B701
A64351,PH STAR CARE MONTAZA,742,109,,86.95652173913044,ambiguous_registry_name,AMBIGUOUS,ambiguous_registry_name,Green Delta Enterprises,C742
A64353,PY/Star Care Montaza br.2,772,124,,79.06976744186046,ambiguous_registry_name,AMBIGUOUS,ambiguous_registry_name,Desert Bloom Suppliers,A772
A64374,Ph/nile care montaza Branch 1,725,109,,79.06976744186046,ambiguous_registry_name,AMBIGUOUS,ambiguous_registry_name,White Nile Agencies,A725
A64377,PYY/NILE CARE MONTAZA,730,127,,85.1063829787234,ambiguous_registry_name,AMBIGUOUS,ambiguous_registry_name,Pyramid Health Supplies,A730
A64379,Ph/nile care montaza 6th Zone,781,129,,79.06976744186046,ambiguous_registry_name,AMBIGUOUS,ambiguous_registry_name,Alex Marine Providers,B781
A64380,Union Pharm Mohandessin Branch 2,705,114,,100.0,ambiguous_registry_name,AMBIGUOUS,ambiguous_registry_name,Blue Crescent Medical Supply Co.,C705
A64381,PH Union Pharm Mohandessin Station St.400,707,101,,86.79245283018868,ambiguous_registry_name,AMBIGUOUS,ambiguous_registry_name,Tiba Distribution Group,A707
A64382,Union Pharm Mohandessin 6th Zone,712,126,,100.0,ambiguous_registry_name,AMBIGUOUS,ambiguous_registry_name,El-Masria Trading Co.,B712
A64384,el Union Pharm Mohandessin,735,121,,93.87755102040816,ambiguous_registry_name,AMBIGUOUS,ambiguous_registry_name,Modern Chain Distributors,C735
A64385,PY/Union Pharm Mohandessin Main Road,735,121,,100.0,ambiguous_registry_name,AMBIGUOUS,ambiguous_registry_name,Modern Chain Distributors,C735
A64386,Union Pharm Mohandessin Branch 2,742,111,,100.0,ambiguous_registry_name,AMBIGUOUS,ambiguous_registry_name,Green Delta Enterprises,C742
A64387,El-UNION PHARM MOHANDESSIN-A,757,124,,90.19607843137256,ambiguous_registry_name,AMBIGUOUS,ambiguous_registry_name,Al Wadi Medical Providers,B757
A64388,Union Pharm Mohandessin br.2,757,124,,100.0,ambiguous_registry_name,AMBIGUOUS,ambiguous_registry_name,Al Wadi Medical Providers,B757
A64389,Union Pharm Mohandessin (2),774,102,,95.83333333333334,ambiguous_registry_name,AMBIGUOUS,ambiguous_registry_name,Desert Bloom Suppliers,C774
A64390,UNION PHARM MOHANDESSIN-A,774,102,,95.83333333333334,ambiguous_registry_name,AMBIGUOUS,ambiguous_registry_name,Desert Bloom Suppliers,C774
A64401,PH City Care Station St.,779,105,,80.0,ambiguous_registry_name,AMBIGUOUS,ambiguous_registry_name,Iron Gate Wholesale,A779
A64427,el care 24 seven,711,107,,89.65517241379311,ambiguous_registry_name,AMBIGUOUS,ambiguous_registry_name,El-Masria Trading Co.,A711
A64428,EL care 24 seven Branch 1,711,107,,89.65517241379311,ambiguous_registry_name,AMBIGUOUS,ambiguous_registry_name,El-Masria Trading Co.,A711
A64430,CARE 24 SEVEN-A,724,115,,92.85714285714286,ambiguous_registry_name,AMBIGUOUS,ambiguous_registry_name,Ramses Wholesale Partners,B724
A64431,PH Care 24 Seven Branch 1,724,115,,89.65517241379311,ambiguous_registry_name,AMBIGUOUS,ambiguous_registry_name,Ramses Wholesale Partners,B724
A64433,Ph/care 24 seven732,735,123,,89.65517241379311,ambiguous_registry_name,AMBIGUOUS,ambiguous_registry_name,Modern Chain Distributors,C735
A64434,EL CARE 24 SEVEN br.2,739,107,,89.65517241379311,ambiguous_registry_name,AMBIGUOUS,ambiguous_registry_name,Sinai Bridge Trading,C739
A64435,PY/Crae 24 Seven-A,739,107,,85.71428571428572,ambiguous_registry_name,AMBIGUOUS,ambiguous_registry_name,Sinai Bridge Trading,C739
A64436,PH CARE 24 SEVEN 04,768,124,,81.25,ambiguous_registry_name,AMBIGUOUS,ambiguous_registry_name,Ocean Front Distributors,A768
A64437,EL Care 24 Seven,768,124,,89.65517241379311,ambiguous_registry_name,AMBIGUOUS,ambiguous_registry_name,Ocean Front Distributors,A768
A64438,PY/CARE 24 SEVEN Branch 1734,773,134,,100.0,ambiguous_registry_name,AMBIGUOUS,ambiguous_registry_name,Desert Bloom Suppliers,B773
A64439,el Care 24 Seven Station St.330,774,104,,80.0,ambiguous_registry_name,AMBIGUOUS,ambiguous_registry_name,Desert Bloom Suppliers,C774
A64440,El-Care 4 Seven,774,104,,85.71428571428572,ambiguous_registry_name,AMBIGUOUS,ambiguous_registry_name,Desert Bloom Suppliers,C774
A64451,Ph/Family Mohandessin,756,128,,80.0,ambiguous_registry_name,AMBIGUOUS,ambiguous_registry_name,Al Wadi Medical Providers,A756
A64452,PY/Family Mohandessin Branch 2,764,99,,80.0,ambiguous_registry_name,AMBIGUOUS,ambiguous_registry_name,Saqqara Trade House,B764
A64469,el CARE 24 SEVEN MAADI br.2,702,106,,92.6829268292683,ambiguous_registry_name,AMBIGUOUS,ambiguous_registry_name,Al-Nour Pharmaceutical Distribution,C702
A64470,Ph/care 24 seven maadi Branch 2,702,106,,100.0,ambiguous_registry_name,AMBIGUOUS,ambiguous_registry_name,Al-Nour Pharmaceutical Distribution,C702
A64471,PY/Care 24 Seven Maadi Main Road,710,111,,100.0,ambiguous_registry_name,AMBIGUOUS,ambiguous_registry_name,Horus Pharm Agencies,C710
A64472,Ph/Care 2 Seven Maadi-A,725,111,,92.3076923076923,ambiguous_registry_name,AMBIGUOUS,ambiguous_registry_name,White Nile Agencies,A725
A64473,care 24 seven maadi,740,124,,100.0,ambiguous_registry_name,AMBIGUOUS,ambiguous_registry_name,Green Delta Enterprises,A740
A64474,PY/Care 24 Seven Maadi (2),751,125,,95.0,ambiguous_registry_name,AMBIGUOUS,ambiguous_registry_name,Falcon Wholesale Co.,A751
A64475,El-Care 24 Seven Maadi,751,125,,92.6829268292683,ambiguous_registry_name,AMBIGUOUS,ambiguous_registry_name,Falcon Wholesale Co.,A751
A64476,Care 24 Seven Maadi (2),755,120,,95.0,ambiguous_registry_name,AMBIGUOUS,ambiguous_registry_name,October Central Supply,B755
A64477,CARE 24 SEVEN MAADIM ain Road,763,122,,80.76923076923077,ambiguous_registry_name,AMBIGUOUS,ambiguous_registry_name,Saqqara Trade House,A763
A64478,PY/Care24 Seven Maadi,765,107,,86.48648648648648,ambiguous_registry_name,AMBIGUOUS,ambiguous_registry_name,Basil Corner Providers,A765
A64488,Omega Mohandessin Main Road,711,109,,79.06976744186046,ambiguous_registry_name,AMBIGUOUS,ambiguous_registry_name,El-Masria Trading Co.,A711
A64527,el hokama montaza Branch 1773,720,125,,79.06976744186046,ambiguous_registry_name,AMBIGUOUS,ambiguous_registry_name,Lotus Medcare Distribution,B720
A64532,PY/Omega Mohandessin br.2,743,117,,79.06976744186046,ambiguous_registry_name,AMBIGUOUS,ambiguous_registry_name,Horus Elite Logistics,A743
A64535,omega mohandessin,756,129,,79.06976744186046,ambiguous_registry_name,AMBIGUOUS,ambiguous_registry_name,Al Wadi Medical Providers,A756
A64536,PY/OMEGA MOHANDESSIN Branch 1,758,111,,79.06976744186046,ambiguous_registry_name,AMBIGUOUS,ambiguous_registry_name,Two Rivers Distribution,A758
A64573,PH Omega Rehab View Mall,737,113,,86.36363636363636,ambiguous_registry_name,AMBIGUOUS,ambiguous_registry_name,Sinai Bridge Trading,A737
A64574,Ph/omega rehab view,739,110,,78.04878048780488,ambiguous_registry_name,AMBIGUOUS,ambiguous_registry_name,Sinai Bridge Trading,C739
A64580,EL Silver Care Mohandessin Mall,715,111,,79.3103448275862,ambiguous_registry_name,AMBIGUOUS,ambiguous_registry_name,Delta Union Agencies,B715
A64581,Silver Care Mohandessin Station St.,715,111,,83.63636363636364,ambiguous_registry_name,AMBIGUOUS,ambiguous_registry_name,Delta Union Agencies,B715
A64583,Ph/SILVER CARE MOHANDESSIN,736,106,,83.63636363636364,ambiguous_registry_name,AMBIGUOUS,ambiguous_registry_name,United Bazaar Pharma,A736
A64585,e Silver Care Mohandessin br.2,746,124,,80.70175438596492,ambiguous_registry_name,AMBIGUOUS,ambiguous_registry_name,Southern Cross Pharma,B746
A64586,Silver Care Mohandessin 011721,746,124,,80.0,ambiguous_registry_name,AMBIGUOUS,ambiguous_registry_name,Southern Cross Pharma,B746
A64587,Silver Care Mohaandessin (2),777,119,,86.27450980392157,ambiguous_registry_name,AMBIGUOUS,ambiguous_registry_name,Seven Palms Distribution,B777
A64588,PH silver care mohandessin,777,119,,89.65517241379311,ambiguous_registry_name,AMBIGUOUS,ambiguous_registry_name,Seven Palms Distribution,B777
A64611,Metro Mohandessin,756,130,,79.06976744186046,ambiguous_registry_name,AMBIGUOUS,ambiguous_registry_name,Al Wadi Medical Providers,A756
A64615,Omega Mohandessin,710,114,,79.06976744186046,ambiguous_registry_name,AMBIGUOUS,ambiguous_registry_name,Horus Pharm Agencies,C710
A64616,Omega Mohandessin Mall,723,115,,79.06976744186046,ambiguous_registry_name,AMBIGUOUS,ambiguous_registry_name,Ramses Wholesale Partners,A723
A64617,PH omega mohandessin Branch 1,723,115,,86.95652173913044,ambiguous_registry_name,AMBIGUOUS,ambiguous_registry_name,Ramses Wholesale Partners,A723
A64618,Ph/OMEGA MOHANDESSIN,730,128,,79.06976744186046,ambiguous_registry_name,AMBIGUOUS,ambiguous_registry_name,Pyramid Health Supplies,A730
A64619,Ph/omega mohandessin Branch 1,730,128,,79.06976744186046,ambiguous_registry_name,AMBIGUOUS,ambiguous_registry_name,Pyramid Health Supplies,A730
A64620,PY/Omega Mohandessin Mall,753,122,,79.06976744186046,ambiguous_registry_name,AMBIGUOUS,ambiguous_registry_name,Falcon Wholesale Co.,C753
A64623,Omega Mohandessin,772,128,,79.06976744186046,ambiguous_registry_name,AMBIGUOUS,ambiguous_registry_name,Desert Bloom Suppliers,A772
A64665,Ph/Al Amal Mohandessin Branch 2,718,108,,80.85106382978724,ambiguous_registry_name,AMBIGUOUS,ambiguous_registry_name,Cairo Grand Supplies,B718
A64671,Al Amal Mohandessin Mall,739,111,,80.85106382978724,ambiguous_registry_name,AMBIGUOUS,ambiguous_registry_name,Sinai Bridge Trading,C739
A64672,al amal mohandessin,766,115,,80.85106382978724,ambiguous_registry_name,AMBIGUOUS,ambiguous_registry_name,Basil Corner Providers,B766
A64685,PH Salamtek Mohandessin,704,121,,88.46153846153845,ambiguous_registry_name,AMBIGUOUS,ambiguous_registry_name,Blue Crescent Medical Supply Co.,B704
A64690,PH SALAMTEK MOHANDESSIN 04,751,127,,83.63636363636364,ambiguous_registry_name,AMBIGUOUS,ambiguous_registry_name,Falcon Wholesale Co.,A751
A64721,PH EL SHIFA DOKKI Branch 2,745,103,,85.0,ambiguous_registry_name,AMBIGUOUS,ambiguous_registry_name,Southern Cross Pharma,A745
A64751,PY/Life Line Faisal,759,110,,78.04878048780488,ambiguous_registry_name,AMBIGUOUS,ambiguous_registry_name,Two Rivers Distribution,B759
A64786,EL MISR PH. Branch 1,740,125,,82.35294117647058,ambiguous_registry_name,AMBIGUOUS,ambiguous_registry_name,Green Delta Enterprises,A740
A64823,ALPHA PHARMA NASR Branch 1,708,117,,100.0,ambiguous_registry_name,AMBIGUOUS,ambiguous_registry_name,Horus Pharm Agencies,A708
A64824,PY/Alpha Pharma Nasr Branch 2,741,117,,100.0,ambiguous_registry_name,AMBIGUOUS,ambiguous_registry_name,Green Delta Enterprises,B741
A64825,PH alpha pharma nasr 04,774,110,,85.0,ambiguous_registry_name,AMBIGUOUS,ambiguous_registry_name,Desert Bloom Suppliers,C774
A64826,ALPHA PHARMA NASR Barnch 1,776,109,,79.06976744186046,ambiguous_registry_name,AMBIGUOUS,ambiguous_registry_name,Seven Palms Distribution,A776
A64827,PY/ALPHA PHARMA NASR Mall,776,109,,100.0,ambiguous_registry_name,AMBIGUOUS,ambiguous_registry_name,Seven Palms Distribution,A776
A64912,alpha pharma-A,712,128,,92.3076923076923,ambiguous_registry_name,AMBIGUOUS,ambiguous_registry_name,El-Masria Trading Co.,B712
A64913,EL Alpha Pharma,712,128,,88.88888888888889,ambiguous_registry_name,AMBIGUOUS,ambiguous_registry_name,El-Masria Trading Co.,B712
A64914,alpha pharmma Station St.,715,115,,96.0,ambiguous_registry_name,AMBIGUOUS,ambiguous_registry_name,Delta Union Agencies,B715
A64915,PH Alpha Pharma 04,721,123,,80.0,ambiguous_registry_name,AMBIGUOUS,ambiguous_registry_name,Saraya Pharmaceutical Supply,A721
A64916,El-Alpha Pharma 6th Zone,723,119,,88.88888888888889,ambiguous_registry_name,AMBIGUOUS,ambiguous_registry_name,Ramses Wholesale Partners,A723
A64917,Alpha Pharma 011,728,129,,85.71428571428572,ambiguous_registry_name,AMBIGUOUS,ambiguous_registry_name,Delta Star Medical Trade,A728
A64918,ALPHA PHARMA (2),740,126,,92.3076923076923,ambiguous_registry_name,AMBIGUOUS,ambiguous_registry_name,Green Delta Enterprises,A740
A64919,PY/Alpha Phaarma 6th Zone,740,126,,96.0,ambiguous_registry_name,AMBIGUOUS,ambiguous_registry_name,Green Delta Enterprises,A740
A64920,Alpha Pharma Station St.13,761,103,,88.88888888888889,ambiguous_registry_name,AMBIGUOUS,ambiguous_registry_name,Supreme Shelf Logistics,A761
