pharmacy_id,registry_name,governorate,area,canonical_name,registry_area,resolved_area,area_source,area_confidence,vote_breakdown,area_conflict,evidence_count,conflicting_area_count
1000,Misr Pharmacy - Smouha,Alexandria,Smouha,Misr Pharmacy - Smouha,Smouha,Smouha,registry,high,{},False,0,0
1001,El Nasr Pharmacy,,,El Nasr Pharmacy,,,,,{},False,0,0
1002,Silver Care Pharmacy - Marg,Alexandria,Smouha,Silver Care Pharmacy - Marg,Smouha,Smouha,registry_conflict,conflict,"{'Nasr City': {'erp_account_address': 2, 'erp_ship_to_address': 2}}",True,3,1
1003,El Nasr Pharmacy - Obour,,,El Nasr Pharmacy - Obour,,,,,{},False,0,0
1004,Nile Care Pharmacy - Zayed,,,Nile Care Pharmacy - Zayed,,,,,{},False,0,0
1005,Salamtek Pharmacy,,,Salamtek Pharmacy,,,,,{},False,0,0
1006,Blue Wave Pharmacy,,,Blue Wave Pharmacy,,,,,{},False,0,0
1007,Alpha Pharma - Zayed,Alexandria,Smouha,Alpha Pharma - Zayed,Smouha,Smouha,registry,high,"{'Smouha': {'erp_header_area': 12, 'erp_account_address': 14, 'erp_ship_to_address': 43}}",False,54,0
1008,Metro Pharmacy,Alexandria,Smouha,Metro Pharmacy,Smouha,Smouha,registry,high,{},False,0,0
1009,Sunrise Pharmacy - Agami,,,Sunrise Pharmacy - Agami,,,,,{},False,0,0
1010,Better Life Pharmacy - Obour,Alexandria,Smouha,Better Life Pharmacy - Obour,Smouha,Smouha,registry,high,{},False,0,0
1011,El Zahraa Pharmacy - Smouha,Alexandria,Smouha,El Zahraa Pharmacy - Smouha,Smouha,Smouha,registry,high,{},False,0,0
1012,Golden Care Pharmacy - Smouha,Alexandria,Smouha,Golden Care Pharmacy - Smouha,Smouha,Smouha,registry,high,{},False,0,0
1013,Metro Pharmacy - Smouha,,,Metro Pharmacy - Smouha,,,,,{},False,0,0
1014,Union Pharm - Rehab View,,,Union Pharm - Rehab View,,,,,{},False,0,0
1015,Omega Pharmacy - Smouha,Alexandria,Smouha,Omega Pharmacy - Smouha,Smouha,Smouha,registry,high,{},False,0,0
1016,Al Nozha Pharmacy - Smouha,Alexandria,Smouha,Al Nozha Pharmacy - Smouha,Smouha,Smouha,registry,high,{},False,0,0
1017,El Zahraa Pharmacy - Maadi,Alexandria,Smouha,El Zahraa Pharmacy - Maadi,Smouha,Smouha,registry,high,"{'Smouha': {'erp_header_area': 3, 'erp_account_address': 4, 'erp_ship_to_address': 34}}",False,37,0
1018,Metro Pharmacy - Agami,Alexandria,Smouha,Metro Pharmacy - Agami,Smouha,Smouha,registry,high,{},False,0,0
1019,Care 24 Seven,,,Care 24 Seven,,,,,{},False,0,0
1020,Omega Pharmacy,Alexandria,Smouha,Omega Pharmacy,Smouha,Smouha,registry,high,{},False,0,0
1021,El Nasr Pharmacy - Marg,,,El Nasr Pharmacy - Marg,,,,,{},False,0,0
1022,El Zahraa Pharmacy - Smouha,,,El Zahraa Pharmacy - Smouha,,,,,{},False,0,0
1023,Al Amal Pharmacy,Alexandria,Smouha,Al Amal Pharmacy,Smouha,Smouha,registry,high,{},False,0,0
1024,Care 24 Seven,,,Care 24 Seven,,,,,{},False,0,0
1025,Elite Pharmacy,,,Elite Pharmacy,,,,,{},False,0,0
1026,Hope Pharmacy - Smouha,Alexandria,Smouha,Hope Pharmacy - Smouha,Smouha,Smouha,registry,high,{},False,0,0
1027,El Tourath Pharmacy,Alexandria,Smouha,El Tourath Pharmacy,Smouha,Smouha,registry,high,{},False,0,0
1028,Health Gate Pharmacy,Alexandria,Smouha,Health Gate Pharmacy,Smouha,Smouha,registry,high,{},False,0,0
1029,Al Nozha Pharmacy - Smouha,Alexandria,Smouha,Al Nozha Pharmacy - Smouha,Smouha,Smouha,registry,high,{},False,0,0
1030,Blue Wave Pharmacy - Smouha,Alexandria,Smouha,Blue Wave Pharmacy - Smouha,Smouha,Smouha,registry,high,{},False,0,0
1031,Omega Pharmacy,Alexandria,Smouha,Omega Pharmacy,Smouha,Smouha,registry,high,{},False,0,0
1032,Silver Care Pharmacy,,,Silver Care Pharmacy,,,,,{},False,0,0
1033,Blue Wave Pharmacy - Banha,,,Blue Wave Pharmacy - Banha,,,,,{},False,0,0
1034,El Faraby Pharmacy - Smouha,,,El Faraby Pharmacy - Smouha,,,,,{},False,0,0
1035,Misr Pharmacy - Smouha,Alexandria,Smouha,Misr Pharmacy - Smouha,Smouha,Smouha,registry,high,{},False,0,0
1036,Star Care Pharmacy - Smouha,,,Star Care Pharmacy - Smouha,,,,,{},False,0,0
1037,El Faraby Pharmacy - Smouha,,,El Faraby Pharmacy - Smouha,,,,,{},False,0,0
1038,El Faraby Pharmacy - Obour,Alexandria,Smouha,El Faraby Pharmacy - Obour,Smouha,Smouha,registry,high,{},False,0,0
1039,Life Line Pharmacy - Helwan,Alexandria,Smouha,Life Line Pharmacy - Helwan,Smouha,Smouha,registry_conflict,conflict,"{'Faisal': {'erp_account_address': 4, 'erp_ship_to_address': 9}}",True,11,1
1040,Union Pharm,Alexandria,Smouha,Union Pharm,Smouha,Smouha,registry,high,{},False,0,0
1041,El Nasr Pharmacy - Smouha,Alexandria,Smouha,El Nasr Pharmacy - Smouha,Smouha,Smouha,registry,high,{},False,0,0
1042,Mira Pharmacy - Banha,,,Mira Pharmacy - Banha,,,,,{},False,0,0
1043,Omega Pharmacy,,,Omega Pharmacy,,,,,{},False,0,0
1044,El Shifa Pharmacy,Alexandria,Smouha,El Shifa Pharmacy,Smouha,Smouha,registry,high,{},False,0,0
1045,Union Pharm,Alexandria,Smouha,Union Pharm,Smouha,Smouha,registry,high,{},False,0,0
1046,Health Gate Pharmacy - Oct City,Alexandria,Smouha,Health Gate Pharmacy - Oct City,Smouha,Smouha,registry,high,{},False,0,0
1047,Dr Medhat Pharmacy - Smouha,,,Dr Medhat Pharmacy - Smouha,,,,,{},False,0,0
1048,Health Gate Pharmacy - Smouha,,,Health Gate Pharmacy - Smouha,,,,,{},False,0,0
1049,Metro Pharmacy - Oct City,,,Metro Pharmacy - Oct City,,,,,{},False,0,0
1050,Al Amal Pharmacy,Alexandria,Smouha,Al Amal Pharmacy,Smouha,Smouha,registry,high,{},False,0,0
1051,El Shifa Pharmacy - Smouha,Alexandria,Smouha,El Shifa Pharmacy - Smouha,Smouha,Smouha,registry,high,{},False,0,0
1052,Green Leaf Pharmacy,,,Green Leaf Pharmacy,,,,,{},False,0,0
1053,Mira Pharmacy - Smouha,Alexandria,Smouha,Mira Pharmacy - Smouha,Smouha,Smouha,registry,high,{},False,0,0
1054,Silver Care Pharmacy - Obour,Alexandria,Smouha,Silver Care Pharmacy - Obour,Smouha,Smouha,registry,high,"{'Smouha': {'erp_header_area': 3, 'erp_account_address': 2, 'erp_ship_to_address': 6}}",False,8,0
1055,Al Amal Pharmacy,Alexandria,Smouha,Al Amal Pharmacy,Smouha,Smouha,registry,high,{},False,0,0
1056,Alpha Pharma,,,Alpha Pharma,,,,,{},False,0,0
1057,Silver Care Pharmacy,,,Silver Care Pharmacy,,,,,{},False,0,0
1058,City Care Pharmacy - Smouha,Alexandria,Smouha,City Care Pharmacy - Smouha,Smouha,Smouha,registry,high,{},False,0,0
1059,Misr Pharmacy,Alexandria,Smouha,Misr Pharmacy,Smouha,Smouha,registry,high,{},False,0,0
1060,Dr Medhat Pharmacy - Smouha,Alexandria,Smouha,Dr Medhat Pharmacy - Smouha,Smouha,Smouha,registry,high,{},False,0,0
1061,Green Leaf Pharmacy,Alexandria,Smouha,Green Leaf Pharmacy,Smouha,Smouha,registry,high,{},False,0,0
1062,El Zahraa Pharmacy - Smouha,,,El Zahraa Pharmacy - Smouha,,,,,{},False,0,0
1063,Green Leaf Pharmacy,,,Green Leaf Pharmacy,,,,,{},False,0,0
1064,Alpha Pharma - Smouha,Alexandria,Smouha,Alpha Pharma - Smouha,Smouha,Smouha,registry,high,{},False,0,0
1065,El Hokama Pharmacy - Haram,Alexandria,Smouha,El Hokama Pharmacy - Haram,Smouha,Smouha,registry_conflict,conflict,"{'Smouha': {'erp_account_address': 14, 'erp_ship_to_address': 32}, 'Mohandessin': {'erp_header_area': 3}, 'Faisal': {'erp_ship_to_address': 1}}",True,41,2
1066,Sunrise Pharmacy - Nozha,,,Sunrise Pharmacy - Nozha,,,,,{},False,0,0
1067,Salamtek Pharmacy,,,Salamtek Pharmacy,,,,,{},False,0,0
1068,Better Life Pharmacy,,,Better Life Pharmacy,,,,,{},False,0,0
1069,Ebn Sina Pharmacy - Rehab View,,,Ebn Sina Pharmacy - Rehab View,,Smouha,invoice_evidence,medium,{'erp_ship_to_address': 2},False,2,0
1070,Star Care Pharmacy - Square,,,Star Care Pharmacy - Square,,,,,{},False,0,0
1071,Better Life Pharmacy - Smouha,Alexandria,Smouha,Better Life Pharmacy - Smouha,Smouha,Smouha,registry,high,{},False,0,0
1072,Nile Care Pharmacy - Helwan,,,Nile Care Pharmacy - Helwan,,,,,{},False,0,0
1073,Hope Pharmacy - Obour,Alexandria,Smouha,Hope Pharmacy - Obour,Smouha,Smouha,registry,high,{},False,0,0
1074,Golden Care Pharmacy,,,Golden Care Pharmacy,,,,,{},False,0,0
1075,Angel Pharmacy - Dokki,Alexandria,Smouha,Angel Pharmacy - Dokki,Smouha,Smouha,registry,high,{},False,0,0
1076,Salamtek Pharmacy,,,Salamtek Pharmacy,,,,,{},False,0,0
1077,Golden Care Pharmacy - Haram,,,Golden Care Pharmacy - Haram,,,,,{},False,0,0
1078,Salamtek Pharmacy - Imbaba,Alexandria,Smouha,Salamtek Pharmacy - Imbaba,Smouha,Smouha,registry,high,{},False,0,0
1079,Blue Wave Pharmacy - Rehab View,,,Blue Wave Pharmacy - Rehab View,,Smouha,invoice_evidence,high,"{'erp_account_address': 12, 'erp_header_area': 3, 'erp_ship_to_address': 61}",True,71,3
1080,Nile Care Pharmacy,Alexandria,Smouha,Nile Care Pharmacy,Smouha,Smouha,registry,high,{},False,0,0
1081,Dr Medhat Pharmacy,,,Dr Medhat Pharmacy,,,,,{},False,0,0
1082,El Shifa Pharmacy - Zayed,Alexandria,Smouha,El Shifa Pharmacy - Zayed,Smouha,Smouha,registry,high,{},False,0,0
1083,Union Pharm - Smouha,Alexandria,Smouha,Union Pharm - Smouha,Smouha,Smouha,registry,high,{},False,0,0
1084,Care 24 Seven,,,Care 24 Seven,,,,,{},False,0,0
1085,El Tourath Pharmacy,,,El Tourath Pharmacy,,,,,{},False,0,0
1086,El Shifa Pharmacy,,,El Shifa Pharmacy,,,,,{},False,0,0
1087,Elite Pharmacy - Smouha,,,Elite Pharmacy - Smouha,,,,,{},False,0,0
1088,Alpha Pharma,Alexandria,Smouha,Alpha Pharma,Smouha,Smouha,registry,high,{},False,0,0
1089,City Care Pharmacy - Square,Alexandria,Smouha,City Care Pharmacy - Square,Smouha,Smouha,registry,high,"{'Smouha': {'erp_account_address': 2, 'erp_ship_to_address': 10}}",False,11,0
1090,El Faraby Pharmacy,,,El Faraby Pharmacy,,,,,{},False,0,0
1091,Metro Pharmacy - Smouha,,,Metro Pharmacy - Smouha,,,,,{},False,0,0
1092,Al Amal Pharmacy,Alexandria,Smouha,Al Amal Pharmacy,Smouha,Smouha,registry,high,{},False,0,0
1093,Silver Care Pharmacy - Smouha,Alexandria,Smouha,Silver Care Pharmacy - Smouha,Smouha,Smouha,registry,high,{},False,0,0
1094,El Shifa Pharmacy,,,El Shifa Pharmacy,,,,,{},False,0,0
1095,Care 24 Seven - Helwan,Alexandria,Smouha,Care 24 Seven - Helwan,Smouha,Smouha,registry_conflict,conflict,"{'Smouha': {'erp_account_address': 18, 'erp_ship_to_address': 64}, 'Mohandessin': {'erp_ship_to_address': 10}}",True,83,1
1096,Nile Care Pharmacy,,,Nile Care Pharmacy,,,,,{},False,0,0
1097,Health Gate Pharmacy,Alexandria,Smouha,Health Gate Pharmacy,Smouha,Smouha,registry,high,{},False,0,0
1098,Alpha Pharma - Smouha,,,Alpha Pharma - Smouha,,,,,{},False,0,0
1099,Family Pharmacy - Dokki,Alexandria,Smouha,Family Pharmacy - Dokki,Smouha,Smouha,registry,high,{},False,0,0
1100,Pharma Plus - Smouha,Alexandria,Smouha,Pharma Plus - Smouha,Smouha,Smouha,registry,high,{},False,0,0
1101,Sunrise Pharmacy - Helwan,Alexandria,Smouha,Sunrise Pharmacy - Helwan,Smouha,Smouha,registry,high,{},False,0,0
1102,Silver Care Pharmacy - Smouha,Alexandria,Smouha,Silver Care Pharmacy - Smouha,Smouha,Smouha,registry,high,{},False,0,0
1103,Union Pharm - Maadi,Alexandria,Smouha,Union Pharm - Maadi,Smouha,Smouha,registry,high,{},False,0,0
1104,Better Life Pharmacy,,,Better Life Pharmacy,,,,,{},False,0,0
1105,Blue Wave Pharmacy,,,Blue Wave Pharmacy,,,,,{},False,0,0
1106,Care 24 Seven,,,Care 24 Seven,,,,,{},False,0,0
1107,El Zahraa Pharmacy,,,El Zahraa Pharmacy,,,,,{},False,0,0
1108,Dr Medhat Pharmacy - Montaza,Alexandria,Smouha,Dr Medhat Pharmacy - Montaza,Smouha,Smouha,registry,high,{},False,0,0
1109,El Shifa Pharmacy,,,El Shifa Pharmacy,,,,,{},False,0,0
1110,Salamtek Pharmacy,Alexandria,Smouha,Salamtek Pharmacy,Smouha,Smouha,registry,high,{},False,0,0
1111,Life Line Pharmacy - Smouha,,,Life Line Pharmacy - Smouha,,,,,{},False,0,0
1112,Al Amal Pharmacy,,,Al Amal Pharmacy,,,,,{},False,0,0
1113,Blue Wave Pharmacy - Montaza,Alexandria,Smouha,Blue Wave Pharmacy - Montaza,Smouha,Smouha,registry,high,"{'Smouha': {'erp_account_address': 6, 'erp_ship_to_address': 29}}",False,32,0
1114,Care 24 Seven - Dokki,Alexandria,Smouha,Care 24 Seven - Dokki,Smouha,Smouha,registry_conflict,conflict,"{'Smouha': {'erp_account_address': 6, 'erp_header_area': 6, 'erp_ship_to_address': 35}, 'Nasr City': {'erp_header_area': 3}, 'Faisal': {'erp_ship_to_address': 1}}",True,42,2
1115,Mira Pharmacy,Alexandria,Smouha,Mira Pharmacy,Smouha,Smouha,registry,high,{},False,0,0
1116,El Shifa Pharmacy - Dokki,Alexandria,Smouha,El Shifa Pharmacy - Dokki,Smouha,Smouha,registry,high,{},False,0,0
1117,Life Line Pharmacy - Smouha,,,Life Line Pharmacy - Smouha,,,,,{},False,0,0
1118,El Zahraa Pharmacy - Imbaba,,,El Zahraa Pharmacy - Imbaba,,,,,{},False,0,0
1119,Life Line Pharmacy - Smouha,,,Life Line Pharmacy - Smouha,,,,,{},False,0,0
1120,Union Pharm - Rehab View,Alexandria,Smouha,Union Pharm - Rehab View,Smouha,Smouha,registry_conflict,conflict,"{'Smouha': {'erp_account_address': 10, 'erp_ship_to_address': 31}, 'Faisal': {'erp_ship_to_address': 1}}",True,37,1
1121,Blue Wave Pharmacy,Alexandria,Smouha,Blue Wave Pharmacy,Smouha,Smouha,registry,high,{},False,0,0
1122,Life Line Pharmacy - Rehab View,Alexandria,Smouha,Life Line Pharmacy - Rehab View,Smouha,Smouha,registry_conflict,conflict,{'Mohandessin': {'erp_ship_to_address': 12}},True,12,1
1123,Alpha Pharma - Square,Alexandria,Smouha,Alpha Pharma - Square,Smouha,Smouha,registry_conflict,conflict,"{'Faisal': {'erp_header_area': 3, 'erp_ship_to_address': 4}, 'Smouha': {'erp_account_address': 2, 'erp_ship_to_address': 18}}",True,24,1
1124,El Shifa Pharmacy - Square,,,El Shifa Pharmacy - Square,,,,,{},False,0,0
1125,El Faraby Pharmacy - Smouha,,,El Faraby Pharmacy - Smouha,,,,,{},False,0,0
1126,Metro Pharmacy - Smouha,,,Metro Pharmacy - Smouha,,,,,{},False,0,0
1127,El Tourath Pharmacy,,,El Tourath Pharmacy,,,,,{},False,0,0
1128,Al Nozha Pharmacy - Helwan,,,Al Nozha Pharmacy - Helwan,,Smouha,invoice_evidence,high,"{'erp_account_address': 2, 'erp_ship_to_address': 5}",False,6,0
1129,Pharma Plus,Alexandria,Smouha,Pharma Plus,Smouha,Smouha,registry,high,{},False,0,0
1130,El Baraka Pharmacy - Smouha,,,El Baraka Pharmacy - Smouha,,,,,{},False,0,0
1131,Al Amal Pharmacy,,,Al Amal Pharmacy,,,,,{},False,0,0
1132,Star Care Pharmacy,,,Star Care Pharmacy,,,,,{},False,0,0
1133,Health Gate Pharmacy - Smouha,,,Health Gate Pharmacy - Smouha,,,,,{},False,0,0
1134,Mira Pharmacy,,,Mira Pharmacy,,,,,{},False,0,0
1135,Family Pharmacy,Alexandria,Smouha,Family Pharmacy,Smouha,Smouha,registry,high,{},False,0,0
1136,Al Nozha Pharmacy,,,Al Nozha Pharmacy,,,,,{},False,0,0
1137,Ebn Sina Pharmacy - Faisal,,,Ebn Sina Pharmacy - Faisal,,,,,{},False,0,0
1138,Health Gate Pharmacy,Alexandria,Smouha,Health Gate Pharmacy,Smouha,Smouha,registry,high,{},False,0,0
1139,Omega Pharmacy - Square,Alexandria,Smouha,Omega Pharmacy - Square,Smouha,Smouha,registry,high,{},False,0,0
1140,Better Life Pharmacy - Smouha,Alexandria,Smouha,Better Life Pharmacy - Smouha,Smouha,Smouha,registry,high,{},False,0,0
1141,Sunrise Pharmacy - Oct City,Alexandria,Smouha,Sunrise Pharmacy - Oct City,Smouha,Smouha,registry,high,{},False,0,0
1142,Blue Wave Pharmacy,Alexandria,Smouha,Blue Wave Pharmacy,Smouha,Smouha,registry,high,{},False,0,0
1143,Misr Pharmacy - Montaza,,,Misr Pharmacy - Montaza,,Smouha,invoice_evidence,high,"{'erp_account_address': 2, 'erp_ship_to_address': 5}",False,6,0
1144,Blue Wave Pharmacy - Smouha,Alexandria,Smouha,Blue Wave Pharmacy - Smouha,Smouha,Smouha,registry,high,{},False,0,0
1145,Green Leaf Pharmacy - Smouha,Alexandria,Smouha,Green Leaf Pharmacy - Smouha,Smouha,Smouha,registry,high,{},False,0,0
1146,El Zahraa Pharmacy - Smouha,,,El Zahraa Pharmacy - Smouha,,,,,{},False,0,0
1147,Seha First Pharmacy - Smouha,,,Seha First Pharmacy - Smouha,,,,,{},False,0,0
1148,El Baraka Pharmacy - Helwan,,,El Baraka Pharmacy - Helwan,,,,,{},False,0,0
1149,Better Life Pharmacy - Smouha,Alexandria,Smouha,Better Life Pharmacy - Smouha,Smouha,Smouha,registry,high,{},False,0,0
1150,Star Care Pharmacy,Alexandria,Smouha,Star Care Pharmacy,Smouha,Smouha,registry,high,{},False,0,0
1151,El Baraka Pharmacy - Helwan,,,El Baraka Pharmacy - Helwan,,,,,{},False,0,0
1152,Ebn Sina Pharmacy - Smouha,,,Ebn Sina Pharmacy - Smouha,,,,,{},False,0,0
1153,Mira Pharmacy - Dokki,Alexandria,Smouha,Mira Pharmacy - Dokki,Smouha,Smouha,registry,high,{},False,0,0
1154,Pharma Plus - Smouha,Alexandria,Smouha,Pharma Plus - Smouha,Smouha,Smouha,registry,high,{},False,0,0
1155,Pharma Plus,Alexandria,Smouha,Pharma Plus,Smouha,Smouha,registry,high,{},False,0,0
1156,Better Life Pharmacy,,,Better Life Pharmacy,,,,,{},False,0,0
1157,Union Pharm,,,Union Pharm,,,,,{},False,0,0
1158,El Shifa Pharmacy - Zayed,,,El Shifa Pharmacy - Zayed,,,,,{},False,0,0
1159,El Hokama Pharmacy,Alexandria,Smouha,El Hokama Pharmacy,Smouha,Smouha,registry,high,{},False,0,0
1160,El Hokama Pharmacy - Smouha,Alexandria,Smouha,El Hokama Pharmacy - Smouha,Smouha,Smouha,registry,high,{},False,0,0
1161,El Tourath Pharmacy - Smouha,Alexandria,Smouha,El Tourath Pharmacy - Smouha,Smouha,Smouha,registry,high,{},False,0,0
1162,Blue Wave Pharmacy,Alexandria,Smouha,Blue Wave Pharmacy,Smouha,Smouha,registry,high,{},False,0,0
1163,Care 24 Seven,Alexandria,Smouha,Care 24 Seven,Smouha,Smouha,registry,high,{},False,0,0
1164,Omega Pharmacy,,,Omega Pharmacy,,,,,{},False,0,0
1165,Family Pharmacy,,,Family Pharmacy,,,,,{},False,0,0
1166,Pharma Plus - Helwan,Alexandria,Smouha,Pharma Plus - Helwan,Smouha,Smouha,registry,high,"{'Smouha': {'erp_account_address': 2, 'erp_ship_to_address': 24}}",False,25,0
1167,Misr Pharmacy - Faisal,,,Misr Pharmacy - Faisal,,,,,{},False,0,0
1168,Blue Wave Pharmacy,Alexandria,Smouha,Blue Wave Pharmacy,Smouha,Smouha,registry,high,{},False,0,0
1169,El Shifa Pharmacy - Montaza,Alexandria,Smouha,El Shifa Pharmacy - Montaza,Smouha,Smouha,registry_conflict,conflict,"{'Smouha': {'erp_account_address': 2, 'erp_ship_to_address': 3}, 'Faisal': {'erp_ship_to_address': 1}, 'Mohandessin': {'erp_ship_to_address': 5}}",True,10,2
1170,Al Amal Pharmacy - Smouha,Alexandria,Smouha,Al Amal Pharmacy - Smouha,Smouha,Smouha,registry,high,{},False,0,0
1171,Life Line Pharmacy - Agami,,,Life Line Pharmacy - Agami,,,,,{},False,0,0
1172,Metro Pharmacy,,,Metro Pharmacy,,,,,{},False,0,0
1173,Blue Wave Pharmacy - Maadi,Alexandria,Smouha,Blue Wave Pharmacy - Maadi,Smouha,Smouha,registry,high,{},False,0,0
1174,Golden Care Pharmacy - Banha,,,Golden Care Pharmacy - Banha,,,,,{},False,0,0
1175,Star Care Pharmacy - Smouha,,,Star Care Pharmacy - Smouha,,,,,{},False,0,0
1176,City Care Pharmacy - Smouha,Alexandria,Smouha,City Care Pharmacy - Smouha,Smouha,Smouha,registry,high,{},False,0,0
1177,Metro Pharmacy,,,Metro Pharmacy,,,,,{},False,0,0
1178,El Nasr Pharmacy - Banha,Alexandria,Smouha,El Nasr Pharmacy - Banha,Smouha,Smouha,registry,high,{},False,0,0
1179,Alpha Pharma,Alexandria,Smouha,Alpha Pharma,Smouha,Smouha,registry,high,{},False,0,0
1180,Life Line Pharmacy,,,Life Line Pharmacy,,,,,{},False,0,0
1181,Health Gate Pharmacy,Alexandria,Smouha,Health Gate Pharmacy,Smouha,Smouha,registry,high,{},False,0,0
1182,Blue Wave Pharmacy,Alexandria,Smouha,Blue Wave Pharmacy,Smouha,Smouha,registry,high,{},False,0,0
1183,Mira Pharmacy - Marg,,,Mira Pharmacy - Marg,,,,,{},False,0,0
1184,Golden Care Pharmacy - Shubra,,,Golden Care Pharmacy - Shubra,,,,,{},False,0,0
1185,Mira Pharmacy - Dokki,,,Mira Pharmacy - Dokki,,,,,{},False,0,0
1186,Star Care Pharmacy,Alexandria,Smouha,Star Care Pharmacy,Smouha,Smouha,registry,high,{},False,0,0
1187,Pharma Plus - Nozha,Alexandria,Smouha,Pharma Plus - Nozha,Smouha,Smouha,registry_conflict,conflict,"{'Smouha': {'erp_account_address': 2, 'erp_ship_to_address': 20}, 'Faisal': {'erp_ship_to_address': 1}}",True,22,1
1188,El Baraka Pharmacy,Alexandria,Smouha,El Baraka Pharmacy,Smouha,Smouha,registry,high,{},False,0,0
1189,Mira Pharmacy - Smouha,,,Mira Pharmacy - Smouha,,,,,{},False,0,0
1190,El Shifa Pharmacy,,,El Shifa Pharmacy,,,,,{},False,0,0
1191,Silver Care Pharmacy,Alexandria,Smouha,Silver Care Pharmacy,Smouha,Smouha,registry_conflict,conflict,"{'Faisal': {'erp_account_address': 6, 'erp_ship_to_address': 14}, 'Mohandessin': {'erp_header_area': 6, 'erp_account_address': 12, 'erp_ship_to_address': 48}, 'Nasr City': {'erp_header_area': 6, 'erp_account_address': 2, 'erp_ship_to_address': 5}, 'Smouha': {'erp_account_address': 2, 'erp_header_area': 3, 'erp_ship_to_address': 7}}",True,90,3
1192,Golden Care Pharmacy - Smouha,Alexandria,Smouha,Golden Care Pharmacy - Smouha,Smouha,Smouha,registry,high,{},False,0,0
1193,El Faraby Pharmacy - Smouha,Alexandria,Smouha,El Faraby Pharmacy - Smouha,Smouha,Smouha,registry,high,{},False,0,0
1194,Misr Pharmacy - Helwan,Alexandria,Smouha,Misr Pharmacy - Helwan,Smouha,Smouha,registry,high,{},False,0,0
1195,Misr Pharmacy,,,Misr Pharmacy,,,,,{},False,0,0
1196,El Zahraa Pharmacy - Agami,,,El Zahraa Pharmacy - Agami,,,,,{},False,0,0
1197,Al Amal Pharmacy - Obour,Alexandria,Smouha,Al Amal Pharmacy - Obour,Smouha,Smouha,registry,high,{},False,0,0
1198,Green Leaf Pharmacy - Smouha,,,Green Leaf Pharmacy - Smouha,,,,,{},False,0,0
1199,El Tourath Pharmacy,,,El Tourath Pharmacy,,,,,{},False,0,0
1200,Family Pharmacy,Alexandria,Smouha,Family Pharmacy,Smouha,Smouha,registry,high,{},False,0,0
1201,Salamtek Pharmacy,,,Salamtek Pharmacy,,,,,{},False,0,0
1202,Alpha Pharma,Alexandria,Smouha,Alpha Pharma,Smouha,Smouha,registry,high,{},False,0,0
1203,El Hokama Pharmacy - Smouha,Alexandria,Smouha,El Hokama Pharmacy - Smouha,Smouha,Smouha,registry,high,{},False,0,0
1204,Dr Medhat Pharmacy - Faisal,,,Dr Medhat Pharmacy - Faisal,,,,,{},False,0,0
1205,Union Pharm,,,Union Pharm,,,,,{},False,0,0
1206,El Faraby Pharmacy - Smouha,,,El Faraby Pharmacy - Smouha,,,,,{},False,0,0
1207,Ebn Sina Pharmacy - Smouha,Alexandria,Smouha,Ebn Sina Pharmacy - Smouha,Smouha,Smouha,registry,high,{},False,0,0
1208,Elite Pharmacy,Alexandria,Smouha,Elite Pharmacy,Smouha,Smouha,registry,high,{},False,0,0
1209,Misr Pharmacy,,,Misr Pharmacy,,,,,{},False,0,0
1210,Life Line Pharmacy - Smouha,Alexandria,Smouha,Life Line Pharmacy - Smouha,Smouha,Smouha,registry,high,{},False,0,0
1211,Golden Care Pharmacy,,,Golden Care Pharmacy,,,,,{},False,0,0
1212,Al Amal Pharmacy - Shubra,,,Al Amal Pharmacy - Shubra,,,,,{},False,0,0
1213,Nile Care Pharmacy - Smouha,,,Nile Care Pharmacy - Smouha,,,,,{},False,0,0
1214,Star Care Pharmacy - Maadi,,,Star Care Pharmacy - Maadi,,,,,{},False,0,0
1215,Union Pharm - Smouha,Alexandria,Smouha,Union Pharm - Smouha,Smouha,Smouha,registry,high,{},False,0,0
1216,Hope Pharmacy,Alexandria,Smouha,Hope Pharmacy,Smouha,Smouha,registry,high,{},False,0,0
1217,Al Nozha Pharmacy,Alexandria,Smouha,Al Nozha Pharmacy,Smouha,Smouha,registry,high,{},False,0,0
1218,Green Leaf Pharmacy - Shubra,,,Green Leaf Pharmacy - Shubra,,Smouha,invoice_evidence,high,"{'erp_account_address': 6, 'erp_ship_to_address': 12}",True,17,2
1219,Union Pharm - Imbaba,Alexandria,Smouha,Union Pharm - Imbaba,Smouha,Smouha,registry_conflict,conflict,"{'Mohandessin': {'erp_header_area': 3}, 'Nasr City': {'erp_account_address': 6, 'erp_ship_to_address': 32}, 'Smouha': {'erp_header_area': 3}}",True,37,2
1220,El Baraka Pharmacy - Faisal,Alexandria,Smouha,El Baraka Pharmacy - Faisal,Smouha,Smouha,registry_conflict,conflict,"{'Faisal': {'erp_account_address': 12, 'erp_header_area': 6, 'erp_ship_to_address': 49}, 'Nasr City': {'erp_header_area': 3, 'erp_account_address': 6, 'erp_ship_to_address': 25}, 'Smouha': {'erp_ship_to_address': 13}}",True,99,2
1221,Misr Pharmacy,Alexandria,Smouha,Misr Pharmacy,Smouha,Smouha,registry,high,{},False,0,0
1222,Metro Pharmacy,Alexandria,Smouha,Metro Pharmacy,Smouha,Smouha,registry,high,{},False,0,0
1223,El Faraby Pharmacy - Obour,Alexandria,Smouha,El Faraby Pharmacy - Obour,Smouha,Smouha,registry,high,{},False,0,0
1224,Silver Care Pharmacy,,,Silver Care Pharmacy,,,,,{},False,0,0
1225,Dr Medhat Pharmacy - Smouha,,,Dr Medhat Pharmacy - Smouha,,,,,{},False,0,0
1226,Green Leaf Pharmacy - Smouha,Alexandria,Smouha,Green Leaf Pharmacy - Smouha,Smouha,Smouha,registry,high,{},False,0,0
1227,Union Pharm - Faisal,Alexandria,Smouha,Union Pharm - Faisal,Smouha,Smouha,registry_conflict,conflict,"{'Faisal': {'erp_account_address': 10, 'erp_header_area': 3, 'erp_ship_to_address': 50}, 'Smouha': {'erp_header_area': 6, 'erp_account_address': 2, 'erp_ship_to_address': 24}, 'Nasr City': {'erp_header_area': 3}}",True,84,2
1228,Ebn Sina Pharmacy,,,Ebn Sina Pharmacy,,,,,{},False,0,0
1229,Misr Pharmacy - Smouha,Alexandria,Smouha,Misr Pharmacy - Smouha,Smouha,Smouha,registry,high,{},False,0,0
1230,El Baraka Pharmacy,,,El Baraka Pharmacy,,,,,{},False,0,0
1231,Seha First Pharmacy - Smouha,,,Seha First Pharmacy - Smouha,,,,,{},False,0,0
1232,Hope Pharmacy,Alexandria,Smouha,Hope Pharmacy,Smouha,Smouha,registry,high,{},False,0,0
1233,Angel Pharmacy,Alexandria,Smouha,Angel Pharmacy,Smouha,Smouha,registry,high,{},False,0,0
1234,Silver Care Pharmacy,,,Silver Care Pharmacy,,,,,{},False,0,0
1235,Salamtek Pharmacy - Smouha,,,Salamtek Pharmacy - Smouha,,,,,{},False,0,0
1236,Dr Medhat Pharmacy,Alexandria,Smouha,Dr Medhat Pharmacy,Smouha,Smouha,registry,high,{},False,0,0
1237,Health Gate Pharmacy - Square,Alexandria,Smouha,Health Gate Pharmacy - Square,Smouha,Smouha,registry,high,"{'Smouha': {'erp_account_address': 2, 'erp_ship_to_address': 21}}",False,22,0
1238,El Zahraa Pharmacy,Alexandria,Smouha,El Zahraa Pharmacy,Smouha,Smouha,registry_conflict,conflict,"{'Nasr City': {'erp_account_address': 8, 'erp_header_area': 3, 'erp_ship_to_address': 15}, 'Smouha': {'erp_account_address': 4, 'erp_ship_to_address': 8}, 'Faisal': {'erp_account_address': 2, 'erp_ship_to_address': 8}}",True,39,2
1239,El Baraka Pharmacy,Alexandria,Smouha,El Baraka Pharmacy,Smouha,Smouha,registry,high,{},False,0,0
1240,Seha First Pharmacy - Smouha,Alexandria,Smouha,Seha First Pharmacy - Smouha,Smouha,Smouha,registry_conflict,conflict,"{'Smouha': {'erp_account_address': 8, 'erp_ship_to_address': 28}, 'Faisal': {'erp_account_address': 2, 'erp_ship_to_address': 12}}",True,45,1
1241,Alpha Pharma - Helwan,Alexandria,Smouha,Alpha Pharma - Helwan,Smouha,Smouha,registry_conflict,conflict,"{'Smouha': {'erp_account_address': 8, 'erp_ship_to_address': 29}, 'Nasr City': {'erp_header_area': 3}, 'Faisal': {'erp_ship_to_address': 2}}",True,36,2
1242,Al Amal Pharmacy - Smouha,Alexandria,Smouha,Al Amal Pharmacy - Smouha,Smouha,Smouha,registry,high,{},False,0,0
1243,Green Leaf Pharmacy,,,Green Leaf Pharmacy,,,,,{},False,0,0
1244,Dr Medhat Pharmacy - Smouha,,,Dr Medhat Pharmacy - Smouha,,,,,{},False,0,0
1245,Better Life Pharmacy - Smouha,,,Better Life Pharmacy - Smouha,,,,,{},False,0,0
1246,Golden Care Pharmacy - Zayed,Alexandria,Smouha,Golden Care Pharmacy - Zayed,Smouha,Smouha,registry,high,"{'Smouha': {'erp_header_area': 3, 'erp_account_address': 2, 'erp_ship_to_address': 8}}",False,10,0
1247,Union Pharm - Oct City,,,Union Pharm - Oct City,,,,,{},False,0,0
1248,El Faraby Pharmacy,Alexandria,Smouha,El Faraby Pharmacy,Smouha,Smouha,registry,high,{},False,0,0
1249,Metro Pharmacy - Smouha,Alexandria,Smouha,Metro Pharmacy - Smouha,Smouha,Smouha,registry,high,{},False,0,0
1250,El Nasr Pharmacy - Oct City,Alexandria,Smouha,El Nasr Pharmacy - Oct City,Smouha,Smouha,registry,high,{},False,0,0
1251,Elite Pharmacy,Alexandria,Smouha,Elite Pharmacy,Smouha,Smouha,registry,high,{},False,0,0
1252,Salamtek Pharmacy,,,Salamtek Pharmacy,,,,,{},False,0,0
1253,Misr Pharmacy,Alexandria,Smouha,Misr Pharmacy,Smouha,Smouha,registry,high,{},False,0,0
1254,Sunrise Pharmacy - Smouha,Alexandria,Smouha,Sunrise Pharmacy - Smouha,Smouha,Smouha,registry,high,{},False,0,0
1255,Al Nozha Pharmacy - Agami,Alexandria,Smouha,Al Nozha Pharmacy - Agami,Smouha,Smouha,registry,high,{},False,0,0
1256,Angel Pharmacy,,,Angel Pharmacy,,,,,{},False,0,0
1257,El Baraka Pharmacy - Smouha,Alexandria,Smouha,El Baraka Pharmacy - Smouha,Smouha,Smouha,registry,high,"{'Smouha': {'erp_account_address': 2, 'erp_ship_to_address': 8}}",False,9,0
1258,El Hokama Pharmacy,,,El Hokama Pharmacy,,,,,{},False,0,0
1259,Ebn Sina Pharmacy - Smouha,,,Ebn Sina Pharmacy - Smouha,,,,,{},False,0,0
1260,Alpha Pharma - Smouha,,,Alpha Pharma - Smouha,,,,,{},False,0,0
1261,Life Line Pharmacy - Smouha,Alexandria,Smouha,Life Line Pharmacy - Smouha,Smouha,Smouha,registry,high,{},False,0,0
1262,Elite Pharmacy - Agami,Alexandria,Smouha,Elite Pharmacy - Agami,Smouha,Smouha,registry,high,{},False,0,0
1263,Misr Pharmacy - Smouha,,,Misr Pharmacy - Smouha,,,,,{},False,0,0
1264,El Hokama Pharmacy - Shubra,Alexandria,Smouha,El Hokama Pharmacy - Shubra,Smouha,Smouha,registry_conflict,conflict,"{'Mohandessin': {'erp_header_area': 3, 'erp_account_address': 2, 'erp_ship_to_address': 2}, 'Faisal': {'erp_header_area': 3, 'erp_ship_to_address': 1}, 'Smouha': {'erp_account_address': 2, 'erp_ship_to_address': 15}}",True,22,2
1265,Health Gate Pharmacy - Smouha,Alexandria,Smouha,Health Gate Pharmacy - Smouha,Smouha,Smouha,registry,high,{},False,0,0
1266,Nile Care Pharmacy,Alexandria,Smouha,Nile Care Pharmacy,Smouha,Smouha,registry,high,{},False,0,0
1267,Metro Pharmacy,,,Metro Pharmacy,,,,,{},False,0,0
1268,Silver Care Pharmacy - Zayed,,,Silver Care Pharmacy - Zayed,,,,,{},False,0,0
1269,Life Line Pharmacy - Smouha,Alexandria,Smouha,Life Line Pharmacy - Smouha,Smouha,Smouha,registry,high,{},False,0,0
1270,Dr Medhat Pharmacy,,,Dr Medhat Pharmacy,,,,,{},False,0,0
1271,El Hokama Pharmacy,Alexandria,Smouha,El Hokama Pharmacy,Smouha,Smouha,registry,high,{},False,0,0
1272,Sunrise Pharmacy,Alexandria,Smouha,Sunrise Pharmacy,Smouha,Smouha,registry,high,{},False,0,0
1273,Green Leaf Pharmacy,,,Green Leaf Pharmacy,,,,,{},False,0,0
1274,Green Leaf Pharmacy,Alexandria,Smouha,Green Leaf Pharmacy,Smouha,Smouha,registry,high,{},False,0,0
1275,El Baraka Pharmacy,Alexandria,Smouha,El Baraka Pharmacy,Smouha,Smouha,registry,high,{},False,0,0
1276,City Care Pharmacy,,,City Care Pharmacy,,,,,{},False,0,0
1277,Sunrise Pharmacy,Alexandria,Smouha,Sunrise Pharmacy,Smouha,Smouha,registry,high,{},False,0,0
1278,Hope Pharmacy - Smouha,,,Hope Pharmacy - Smouha,,,,,{},False,0,0
1279,El Shifa Pharmacy,Alexandria,Smouha,El Shifa Pharmacy,Smouha,Smouha,registry,high,{},False,0,0
1280,Care 24 Seven - Marg,Alexandria,Smouha,Care 24 Seven - Marg,Smouha,Smouha,registry_conflict,conflict,"{'Mohandessin': {'erp_account_address': 2, 'erp_ship_to_address': 4}, 'Smouha': {'erp_account_address': 14, 'erp_header_area': 15, 'erp_ship_to_address': 116}, 'Nasr City': {'erp_header_area': 3, 'erp_ship_to_address': 2}, 'Faisal': {'erp_ship_to_address': 1}}",True,137,3
1281,Blue Wave Pharmacy - Smouha,,,Blue Wave Pharmacy - Smouha,,,,,{},False,0,0
1282,Family Pharmacy - Montaza,Alexandria,Smouha,Family Pharmacy - Montaza,Smouha,Smouha,registry,high,{},False,0,0
1283,Pharma Plus - Oct City,,,Pharma Plus - Oct City,,,,,{},False,0,0
1284,El Faraby Pharmacy - Faisal,Alexandria,Smouha,El Faraby Pharmacy - Faisal,Smouha,Smouha,registry_conflict,conflict,"{'Smouha': {'erp_header_area': 3, 'erp_ship_to_address': 7}, 'Faisal': {'erp_account_address': 2, 'erp_ship_to_address': 22}}",True,31,1
1285,Dr Medhat Pharmacy,Alexandria,Smouha,Dr Medhat Pharmacy,Smouha,Smouha,registry,high,{},False,0,0
1286,El Hokama Pharmacy - Obour,Alexandria,Smouha,El Hokama Pharmacy - Obour,Smouha,Smouha,registry,high,{},False,0,0
1287,Mira Pharmacy - Marg,Alexandria,Smouha,Mira Pharmacy - Marg,Smouha,Smouha,registry,high,"{'Smouha': {'erp_account_address': 2, 'erp_ship_to_address': 10}}",False,11,0
1288,Nile Care Pharmacy - Dokki,Alexandria,Smouha,Nile Care Pharmacy - Dokki,Smouha,Smouha,registry,high,{},False,0,0
1289,Salamtek Pharmacy - Helwan,,,Salamtek Pharmacy - Helwan,,,,,{},False,0,0
1290,Blue Wave Pharmacy - Oct City,Alexandria,Smouha,Blue Wave Pharmacy - Oct City,Smouha,Smouha,registry_conflict,conflict,"{'Smouha': {'erp_header_area': 3, 'erp_account_address': 4, 'erp_ship_to_address': 19}, 'Faisal': {'erp_header_area': 3}}",True,23,1
1291,El Hokama Pharmacy,Alexandria,Smouha,El Hokama Pharmacy,Smouha,Smouha,registry,high,{},False,0,0
1292,El Baraka Pharmacy - Imbaba,Alexandria,Smouha,El Baraka Pharmacy - Imbaba,Smouha,Smouha,registry,high,{'Smouha': {'erp_ship_to_address': 19}},False,19,0
1293,Metro Pharmacy,,,Metro Pharmacy,,,,,{},False,0,0
1294,Sunrise Pharmacy - Banha,Alexandria,Smouha,Sunrise Pharmacy - Banha,Smouha,Smouha,registry,high,{},False,0,0
1295,Metro Pharmacy - Zayed,Alexandria,Smouha,Metro Pharmacy - Zayed,Smouha,Smouha,registry,high,{},False,0,0
1296,Metro Pharmacy - Montaza,,,Metro Pharmacy - Montaza,,,,,{},False,0,0
1297,Mira Pharmacy,Alexandria,Smouha,Mira Pharmacy,Smouha,Smouha,registry,high,{},False,0,0
1298,Care 24 Seven,Alexandria,Smouha,Care 24 Seven,Smouha,Smouha,registry,high,{},False,0,0
1299,Star Care Pharmacy - Dokki,Alexandria,Smouha,Star Care Pharmacy - Dokki,Smouha,Smouha,registry_conflict,conflict,"{'Smouha': {'erp_header_area': 3, 'erp_account_address': 2, 'erp_ship_to_address': 5}, 'Faisal': {'erp_ship_to_address': 1}}",True,8,1
1300,Health Gate Pharmacy - Shubra,Alexandria,Smouha,Health Gate Pharmacy - Shubra,Smouha,Smouha,registry,high,{},False,0,0
1301,Ebn Sina Pharmacy - Marg,Alexandria,Smouha,Ebn Sina Pharmacy - Marg,Smouha,Smouha,registry,high,{},False,0,0
1302,Misr Pharmacy - Faisal,Alexandria,Smouha,Misr Pharmacy - Faisal,Smouha,Smouha,registry_conflict,conflict,{'Faisal': {'erp_ship_to_address': 6}},True,6,1
1303,El Faraby Pharmacy - Smouha,Alexandria,Smouha,El Faraby Pharmacy - Smouha,Smouha,Smouha,registry,high,{},False,0,0
1304,Elite Pharmacy - Agami,,,Elite Pharmacy - Agami,,,,,{},False,0,0
1305,Al Amal Pharmacy - Maadi,,,Al Amal Pharmacy - Maadi,,,,,{},False,0,0
1306,Metro Pharmacy - Smouha,,,Metro Pharmacy - Smouha,,,,,{},False,0,0
1307,Al Amal Pharmacy - Imbaba,Alexandria,Smouha,Al Amal Pharmacy - Imbaba,Smouha,Smouha,registry,high,{},False,0,0
1308,Dr Medhat Pharmacy - Smouha,Alexandria,Smouha,Dr Medhat Pharmacy - Smouha,Smouha,Smouha,registry,high,{},False,0,0
1309,Golden Care Pharmacy,Alexandria,Smouha,Golden Care Pharmacy,Smouha,Smouha,registry,high,{},False,0,0
1310,City Care Pharmacy - Imbaba,,,City Care Pharmacy - Imbaba,,Smouha,invoice_evidence,high,"{'erp_account_address': 6, 'erp_ship_to_address': 16}",True,20,1
1311,El Nasr Pharmacy,,,El Nasr Pharmacy,,,,,{},False,0,0
1312,Nile Care Pharmacy - Montaza,Alexandria,Smouha,Nile Care Pharmacy - Montaza,Smouha,Smouha,registry_conflict,conflict,"{'Mohandessin': {'erp_header_area': 3}, 'Smouha': {'erp_ship_to_address': 13}}",True,14,1
1313,Seha First Pharmacy,,,Seha First Pharmacy,,,,,{},False,0,0
1314,Mira Pharmacy - Smouha,Alexandria,Smouha,Mira Pharmacy - Smouha,Smouha,Smouha,registry,high,{},False,0,0
1315,Health Gate Pharmacy,Alexandria,Smouha,Health Gate Pharmacy,Smouha,Smouha,registry,high,{},False,0,0
1316,Omega Pharmacy - Smouha,,,Omega Pharmacy - Smouha,,,,,{},False,0,0
1317,Alpha Pharma - Smouha,,,Alpha Pharma - Smouha,,,,,{},False,0,0
1318,Alpha Pharma - Dokki,Alexandria,Smouha,Alpha Pharma - Dokki,Smouha,Smouha,registry_conflict,conflict,"{'Smouha': {'erp_account_address': 6, 'erp_ship_to_address': 13}, 'Faisal': {'erp_account_address': 2, 'erp_ship_to_address': 19}}",True,36,1
1319,Al Nozha Pharmacy,Alexandria,Smouha,Al Nozha Pharmacy,Smouha,Smouha,registry,high,{},False,0,0
1320,Misr Pharmacy - Helwan,Alexandria,Smouha,Misr Pharmacy - Helwan,Smouha,Smouha,registry,high,{},False,0,0
1321,Health Gate Pharmacy,,,Health Gate Pharmacy,,,,,{},False,0,0
1322,Al Nozha Pharmacy - Smouha,Alexandria,Smouha,Al Nozha Pharmacy - Smouha,Smouha,Smouha,registry,high,{},False,0,0
1323,Family Pharmacy - Smouha,Alexandria,Smouha,Family Pharmacy - Smouha,Smouha,Smouha,registry,high,{},False,0,0
1324,Mira Pharmacy,,,Mira Pharmacy,,,,,{},False,0,0
1325,El Nasr Pharmacy,Alexandria,Smouha,El Nasr Pharmacy,Smouha,Smouha,registry,high,{},False,0,0
1326,Life Line Pharmacy - Smouha,,,Life Line Pharmacy - Smouha,,,,,{},False,0,0
1327,Seha First Pharmacy - Shubra,Alexandria,Smouha,Seha First Pharmacy - Shubra,Smouha,Smouha,registry,high,{},False,0,0
1328,El Tourath Pharmacy - Helwan,Alexandria,Smouha,El Tourath Pharmacy - Helwan,Smouha,Smouha,registry_conflict,conflict,"{'Smouha': {'erp_account_address': 14, 'erp_header_area': 6, 'erp_ship_to_address': 33}, 'Faisal': {'erp_account_address': 2}}",True,43,1
1329,El Hokama Pharmacy - Smouha,,,El Hokama Pharmacy - Smouha,,,,,{},False,0,0
1330,Silver Care Pharmacy - Smouha,Alexandria,Smouha,Silver Care Pharmacy - Smouha,Smouha,Smouha,registry,high,{},False,0,0
1331,El Nasr Pharmacy - Smouha,Alexandria,Smouha,El Nasr Pharmacy - Smouha,Smouha,Smouha,registry,high,{},False,0,0
1332,Star Care Pharmacy - Oct City,,,Star Care Pharmacy - Oct City,,,,,{},False,0,0
1333,Union Pharm - Oct City,,,Union Pharm - Oct City,,,,,{},False,0,0
1334,El Tourath Pharmacy,Alexandria,Smouha,El Tourath Pharmacy,Smouha,Smouha,registry,high,{},False,0,0
1335,El Zahraa Pharmacy - Nozha,,,El Zahraa Pharmacy - Nozha,,,,,{},False,0,0
1336,El Shifa Pharmacy,Alexandria,Smouha,El Shifa Pharmacy,Smouha,Smouha,registry,high,{},False,0,0
1337,Elite Pharmacy,,,Elite Pharmacy,,,,,{},False,0,0
1338,City Care Pharmacy,,,City Care Pharmacy,,,,,{},False,0,0
1339,Better Life Pharmacy - Smouha,Alexandria,Smouha,Better Life Pharmacy - Smouha,Smouha,Smouha,registry,high,{},False,0,0
1340,Seha First Pharmacy - Smouha,,,Seha First Pharmacy - Smouha,,,,,{},False,0,0
1341,Omega Pharmacy - Smouha,Alexandria,Smouha,Omega Pharmacy - Smouha,Smouha,Smouha,registry,high,{},False,0,0
1342,Nile Care Pharmacy - Smouha,,,Nile Care Pharmacy - Smouha,,,,,{},False,0,0
1343,Nile Care Pharmacy - Obour,,,Nile Care Pharmacy - Obour,,,,,{},False,0,0
1344,Elite Pharmacy - Dokki,Alexandria,Smouha,Elite Pharmacy - Dokki,Smouha,Smouha,registry_conflict,conflict,"{'Smouha': {'erp_account_address': 2, 'erp_ship_to_address': 17}, 'Faisal': {'erp_ship_to_address': 1}}",True,19,1
1345,Sunrise Pharmacy,,,Sunrise Pharmacy,,,,,{},False,0,0
1346,Omega Pharmacy - Helwan,Alexandria,Smouha,Omega Pharmacy - Helwan,Smouha,Smouha,registry,high,{},False,0,0
1347,Blue Wave Pharmacy,Alexandria,Smouha,Blue Wave Pharmacy,Smouha,Smouha,registry,high,{},False,0,0
1348,Alpha Pharma - Square,,,Alpha Pharma - Square,,,,,{},False,0,0
1349,Star Care Pharmacy - Agami,,,Star Care Pharmacy - Agami,,,,,{},False,0,0
1350,Family Pharmacy - Smouha,Alexandria,Smouha,Family Pharmacy - Smouha,Smouha,Smouha,registry,high,{},False,0,0
1351,El Nasr Pharmacy - Obour,,,El Nasr Pharmacy - Obour,,,,,{},False,0,0
1352,Silver Care Pharmacy - Dokki,,,Silver Care Pharmacy - Dokki,,,,,{},False,0,0
1353,Sunrise Pharmacy - Oct City,Alexandria,Smouha,Sunrise Pharmacy - Oct City,Smouha,Smouha,registry,high,{},False,0,0
1354,Dr Medhat Pharmacy,,,Dr Medhat Pharmacy,,,,,{},False,0,0
1355,El Baraka Pharmacy - Obour,,,El Baraka Pharmacy - Obour,,,,,{},False,0,0
1356,Golden Care Pharmacy - Smouha,,,Golden Care Pharmacy - Smouha,,,,,{},False,0,0
1357,Alpha Pharma - Smouha,,,Alpha Pharma - Smouha,,,,,{},False,0,0
1358,Care 24 Seven - Nozha,Alexandria,Smouha,Care 24 Seven - Nozha,Smouha,Smouha,registry_conflict,conflict,"{'Smouha': {'erp_header_area': 9, 'erp_account_address': 4, 'erp_ship_to_address': 42}, 'Faisal': {'erp_account_address': 2, 'erp_ship_to_address': 4}}",True,52,1
1359,Star Care Pharmacy - Smouha,Alexandria,Smouha,Star Care Pharmacy - Smouha,Smouha,Smouha,registry_conflict,conflict,{'Nasr City': {'erp_ship_to_address': 11}},True,11,1
1360,Health Gate Pharmacy - Helwan,,,Health Gate Pharmacy - Helwan,,,,,{},False,0,0
1361,Metro Pharmacy - Smouha,Alexandria,Smouha,Metro Pharmacy - Smouha,Smouha,Smouha,registry,high,{},False,0,0
1362,Dr Medhat Pharmacy - Montaza,Alexandria,Smouha,Dr Medhat Pharmacy - Montaza,Smouha,Smouha,registry,high,{},False,0,0
1363,El Baraka Pharmacy,,,El Baraka Pharmacy,,,,,{},False,0,0
1364,Angel Pharmacy - Smouha,,,Angel Pharmacy - Smouha,,,,,{},False,0,0
1365,El Shifa Pharmacy - Smouha,Alexandria,Smouha,El Shifa Pharmacy - Smouha,Smouha,Smouha,registry,high,{},False,0,0
1366,Green Leaf Pharmacy,,,Green Leaf Pharmacy,,,,,{},False,0,0
1367,Misr Pharmacy,Alexandria,Smouha,Misr Pharmacy,Smouha,Smouha,registry,high,{},False,0,0
1368,Union Pharm - Smouha,,,Union Pharm - Smouha,,,,,{},False,0,0
1369,Better Life Pharmacy - Smouha,Alexandria,Smouha,Better Life Pharmacy - Smouha,Smouha,Smouha,registry,high,{},False,0,0
1370,Elite Pharmacy - Haram,Alexandria,Smouha,Elite Pharmacy - Haram,Smouha,Smouha,registry,high,{},False,0,0
1371,Al Nozha Pharmacy - Smouha,Alexandria,Smouha,Al Nozha Pharmacy - Smouha,Smouha,Smouha,registry,high,{},False,0,0
1372,El Zahraa Pharmacy - Montaza,,,El Zahraa Pharmacy - Montaza,,,,,{},False,0,0
1373,El Nasr Pharmacy - Square,,,El Nasr Pharmacy - Square,,,,,{},False,0,0
1374,El Tourath Pharmacy,Alexandria,Smouha,El Tourath Pharmacy,Smouha,Smouha,registry,high,{},False,0,0
1375,Misr Pharmacy,,,Misr Pharmacy,,,,,{},False,0,0
1376,Pharma Plus,,,Pharma Plus,,,,,{},False,0,0
1377,El Tourath Pharmacy - Rehab View,Alexandria,Smouha,El Tourath Pharmacy - Rehab View,Smouha,Smouha,registry_conflict,conflict,"{'Nasr City': {'erp_account_address': 8, 'erp_ship_to_address': 35}, 'Faisal': {'erp_account_address': 2, 'erp_ship_to_address': 22}, 'Smouha': {'erp_header_area': 3, 'erp_account_address': 4, 'erp_ship_to_address': 12}}",True,77,2
1378,El Shifa Pharmacy - Smouha,Alexandria,Smouha,El Shifa Pharmacy - Smouha,Smouha,Smouha,registry,high,{},False,0,0
1379,Ebn Sina Pharmacy - Smouha,Alexandria,Smouha,Ebn Sina Pharmacy - Smouha,Smouha,Smouha,registry,high,{},False,0,0
1380,Blue Wave Pharmacy - Smouha,Alexandria,Smouha,Blue Wave Pharmacy - Smouha,Smouha,Smouha,registry,high,{},False,0,0
1381,El Zahraa Pharmacy - Smouha,Alexandria,Smouha,El Zahraa Pharmacy - Smouha,Smouha,Smouha,registry,high,{},False,0,0
1382,Sunrise Pharmacy - Smouha,Alexandria,Smouha,Sunrise Pharmacy - Smouha,Smouha,Smouha,registry,high,{},False,0,0
1383,Golden Care Pharmacy,Alexandria,Smouha,Golden Care Pharmacy,Smouha,Smouha,registry,high,{},False,0,0
1384,Family Pharmacy - Oct City,Alexandria,Smouha,Family Pharmacy - Oct City,Smouha,Smouha,registry_conflict,conflict,{'Mohandessin': {'erp_ship_to_address': 5}},True,5,1
1385,Hope Pharmacy - Smouha,Alexandria,Smouha,Hope Pharmacy - Smouha,Smouha,Smouha,registry,high,{},False,0,0
1386,Health Gate Pharmacy - Smouha,Alexandria,Smouha,Health Gate Pharmacy - Smouha,Smouha,Smouha,registry,high,{},False,0,0
1387,El Tourath Pharmacy,Alexandria,Smouha,El Tourath Pharmacy,Smouha,Smouha,registry,high,{},False,0,0
1388,El Hokama Pharmacy,Alexandria,Smouha,El Hokama Pharmacy,Smouha,Smouha,registry,high,{},False,0,0
1389,Misr Pharmacy - Smouha,Alexandria,Smouha,Misr Pharmacy - Smouha,Smouha,Smouha,registry,high,{},False,0,0
1390,El Zahraa Pharmacy - Maadi,,,El Zahraa Pharmacy - Maadi,,,,,{},False,0,0
1391,El Baraka Pharmacy - Marg,Alexandria,Smouha,El Baraka Pharmacy - Marg,Smouha,Smouha,registry,high,{},False,0,0
1392,El Shifa Pharmacy - Agami,,,El Shifa Pharmacy - Agami,,,,,{},False,0,0
1393,El Baraka Pharmacy - Square,,,El Baraka Pharmacy - Square,,,,,{},False,0,0
1394,Elite Pharmacy,Alexandria,Smouha,Elite Pharmacy,Smouha,Smouha,registry,high,{},False,0,0
1395,Blue Wave Pharmacy,Alexandria,Smouha,Blue Wave Pharmacy,Smouha,Smouha,registry,high,{},False,0,0
1396,Seha First Pharmacy,Alexandria,Smouha,Seha First Pharmacy,Smouha,Smouha,registry,high,{},False,0,0
1397,City Care Pharmacy - Obour,,,City Care Pharmacy - Obour,,,,,{},False,0,0
1398,Ebn Sina Pharmacy - Smouha,,,Ebn Sina Pharmacy - Smouha,,,,,{},False,0,0
1399,El Tourath Pharmacy - Smouha,Alexandria,Smouha,El Tourath Pharmacy - Smouha,Smouha,Smouha,registry,high,{},False,0,0
1400,Elite Pharmacy - Smouha,,,Elite Pharmacy - Smouha,,,,,{},False,0,0
1401,Angel Pharmacy - Smouha,Alexandria,Smouha,Angel Pharmacy - Smouha,Smouha,Smouha,registry_conflict,conflict,"{'Smouha': {'erp_account_address': 2, 'erp_ship_to_address': 4}, 'Mohandessin': {'erp_account_address': 2, 'erp_ship_to_address': 3}}",True,9,1
1402,Golden Care Pharmacy,Alexandria,Smouha,Golden Care Pharmacy,Smouha,Smouha,registry,high,{},False,0,0
1403,Care 24 Seven,,,Care 24 Seven,,,,,{},False,0,0
1404,Omega Pharmacy - Oct City,,,Omega Pharmacy - Oct City,,,,,{},False,0,0
1405,Misr Pharmacy - Smouha,Alexandria,Smouha,Misr Pharmacy - Smouha,Smouha,Smouha,registry,high,{},False,0,0
1406,El Hokama Pharmacy - Imbaba,,,El Hokama Pharmacy - Imbaba,,Smouha,invoice_evidence,high,"{'erp_header_area': 6, 'erp_account_address': 6, 'erp_ship_to_address': 31}",True,37,1
1407,Green Leaf Pharmacy - Smouha,Alexandria,Smouha,Green Leaf Pharmacy - Smouha,Smouha,Smouha,registry,high,{},False,0,0
1408,Life Line Pharmacy,,,Life Line Pharmacy,,,,,{},False,0,0
1409,Ebn Sina Pharmacy - Smouha,,,Ebn Sina Pharmacy - Smouha,,,,,{},False,0,0
1410,Angel Pharmacy,Alexandria,Smouha,Angel Pharmacy,Smouha,Smouha,registry,high,{},False,0,0
1411,Al Nozha Pharmacy - Smouha,Alexandria,Smouha,Al Nozha Pharmacy - Smouha,Smouha,Smouha,registry,high,{},False,0,0
1412,Omega Pharmacy - Smouha,Alexandria,Smouha,Omega Pharmacy - Smouha,Smouha,Smouha,registry,high,{},False,0,0
1413,El Zahraa Pharmacy - Oct City,Alexandria,Smouha,El Zahraa Pharmacy - Oct City,Smouha,Smouha,registry,high,"{'Smouha': {'erp_account_address': 4, 'erp_ship_to_address': 23}}",False,25,0
1414,Alpha Pharma - Smouha,Alexandria,Smouha,Alpha Pharma - Smouha,Smouha,Smouha,registry,high,{},False,0,0
1415,Angel Pharmacy - Faisal,,,Angel Pharmacy - Faisal,,,,,{},False,0,0
1416,Angel Pharmacy,Alexandria,Smouha,Angel Pharmacy,Smouha,Smouha,registry,high,{},False,0,0
1417,Alpha Pharma - Smouha,Alexandria,Smouha,Alpha Pharma - Smouha,Smouha,Smouha,registry,high,{},False,0,0
1418,Care 24 Seven,,,Care 24 Seven,,,,,{},False,0,0
1419,Angel Pharmacy - Marg,Alexandria,Smouha,Angel Pharmacy - Marg,Smouha,Smouha,registry,high,{},False,0,0
1420,El Shifa Pharmacy,,,El Shifa Pharmacy,,,,,{},False,0,0
1421,Ebn Sina Pharmacy,Alexandria,Smouha,Ebn Sina Pharmacy,Smouha,Smouha,registry,high,{},False,0,0
1422,Elite Pharmacy,Alexandria,Smouha,Elite Pharmacy,Smouha,Smouha,registry,high,{},False,0,0
1423,Misr Pharmacy - Maadi,,,Misr Pharmacy - Maadi,,,,,{},False,0,0
1424,Better Life Pharmacy - Shubra,Alexandria,Smouha,Better Life Pharmacy - Shubra,Smouha,Smouha,registry,high,{'Smouha': {'erp_ship_to_address': 11}},False,11,0
1425,City Care Pharmacy - Smouha,Alexandria,Smouha,City Care Pharmacy - Smouha,Smouha,Smouha,registry,high,{},False,0,0
1426,City Care Pharmacy - Smouha,Alexandria,Smouha,City Care Pharmacy - Smouha,Smouha,Smouha,registry,high,{},False,0,0
1427,El Shifa Pharmacy,,,El Shifa Pharmacy,,,,,{},False,0,0
1428,Omega Pharmacy,,,Omega Pharmacy,,,,,{},False,0,0
1429,El Hokama Pharmacy,Alexandria,Smouha,El Hokama Pharmacy,Smouha,Smouha,registry,high,{},False,0,0
1430,Golden Care Pharmacy - Smouha,,,Golden Care Pharmacy - Smouha,,,,,{},False,0,0
1431,El Faraby Pharmacy - Smouha,,,El Faraby Pharmacy - Smouha,,,,,{},False,0,0
1432,El Hokama Pharmacy - Shubra,,,El Hokama Pharmacy - Shubra,,,,,{},False,0,0
1433,Metro Pharmacy - Smouha,Alexandria,Smouha,Metro Pharmacy - Smouha,Smouha,Smouha,registry,high,{},False,0,0
1434,Alpha Pharma,Alexandria,Smouha,Alpha Pharma,Smouha,Smouha,registry,high,{},False,0,0
1435,Blue Wave Pharmacy,,,Blue Wave Pharmacy,,,,,{},False,0,0
1436,Blue Wave Pharmacy - Agami,Alexandria,Smouha,Blue Wave Pharmacy - Agami,Smouha,Smouha,registry,high,{},False,0,0
1437,Family Pharmacy,Alexandria,Smouha,Family Pharmacy,Smouha,Smouha,registry,high,{},False,0,0
1438,Nile Care Pharmacy - Smouha,Alexandria,Smouha,Nile Care Pharmacy - Smouha,Smouha,Smouha,registry,high,"{'Smouha': {'erp_header_area': 3, 'erp_account_address': 2, 'erp_ship_to_address': 5}}",False,7,0
1439,El Zahraa Pharmacy - Faisal,Alexandria,Smouha,El Zahraa Pharmacy - Faisal,Smouha,Smouha,registry_conflict,conflict,"{'Mohandessin': {'erp_header_area': 3}, 'Faisal': {'erp_header_area': 9, 'erp_account_address': 16, 'erp_ship_to_address': 68}, 'Smouha': {'erp_account_address': 2, 'erp_ship_to_address': 17}}",True,98,2
1440,Golden Care Pharmacy,Cairo,Nasr City,Golden Care Pharmacy,Nasr City,Nasr City,registry,high,{},False,0,0
1441,El Nasr Pharmacy,,,El Nasr Pharmacy,,,,,{},False,0,0
1442,El Nasr Pharmacy,Cairo,Nasr City,El Nasr Pharmacy,Nasr City,Nasr City,registry,high,{},False,0,0
1443,Mira Pharmacy - Obour,Cairo,Nasr City,Mira Pharmacy - Obour,Nasr City,Nasr City,registry_conflict,conflict,"{'Nasr City': {'erp_account_address': 2, 'erp_ship_to_address': 17}, 'Faisal': {'erp_ship_to_address': 1}}",True,19,1
1444,Misr Pharmacy - Haram,Cairo,Nasr City,Misr Pharmacy - Haram,Nasr City,Nasr City,registry,high,{},False,0,0
1445,Star Care Pharmacy,,,Star Care Pharmacy,,,,,{},False,0,0
1446,Mira Pharmacy - Square,,,Mira Pharmacy - Square,,,,,{},False,0,0
1447,Mira Pharmacy,,,Mira Pharmacy,,,,,{},False,0,0
1448,Better Life Pharmacy,,,Better Life Pharmacy,,,,,{},False,0,0
1449,El Zahraa Pharmacy,,,El Zahraa Pharmacy,,,,,{},False,0,0
1450,Hope Pharmacy - Zayed,Cairo,Nasr City,Hope Pharmacy - Zayed,Nasr City,Nasr City,registry,high,{},False,0,0
1451,El Baraka Pharmacy - Nasr,,,El Baraka Pharmacy - Nasr,,,,,{},False,0,0
1452,Al Nozha Pharmacy - Nasr,Cairo,Nasr City,Al Nozha Pharmacy - Nasr,Nasr City,Nasr City,registry,high,{},False,0,0
1453,Al Amal Pharmacy - Maadi,Cairo,Nasr City,Al Amal Pharmacy - Maadi,Nasr City,Nasr City,registry,high,{},False,0,0
1454,Pharma Plus,Cairo,Nasr City,Pharma Plus,Nasr City,Nasr City,registry,high,{},False,0,0
1455,Star Care Pharmacy - Nasr,,,Star Care Pharmacy - Nasr,,,,,{},False,0,0
1456,El Hokama Pharmacy,Cairo,Nasr City,El Hokama Pharmacy,Nasr City,Nasr City,registry,high,{},False,0,0
1457,Family Pharmacy - Nozha,Cairo,Nasr City,Family Pharmacy - Nozha,Nasr City,Nasr City,registry,high,{},False,0,0
1458,Pharma Plus - Nasr,,,Pharma Plus - Nasr,,,,,{},False,0,0
1459,Mira Pharmacy,,,Mira Pharmacy,,,,,{},False,0,0
1460,Angel Pharmacy - Montaza,Cairo,Nasr City,Angel Pharmacy - Montaza,Nasr City,Nasr City,registry,high,{},False,0,0
1461,Angel Pharmacy - Dokki,Cairo,Nasr City,Angel Pharmacy - Dokki,Nasr City,Nasr City,registry,high,{},False,0,0
1462,Dr Medhat Pharmacy - Nasr,,,Dr Medhat Pharmacy - Nasr,,,,,{},False,0,0
1463,Mira Pharmacy - Nasr,,,Mira Pharmacy - Nasr,,,,,{},False,0,0
1464,Elite Pharmacy - Imbaba,,,Elite Pharmacy - Imbaba,,,,,{},False,0,0
1465,Green Leaf Pharmacy,Cairo,Nasr City,Green Leaf Pharmacy,Nasr City,Nasr City,registry_conflict,conflict,"{'Mohandessin': {'erp_account_address': 2, 'erp_ship_to_address': 2}, 'Smouha': {'erp_account_address': 4, 'erp_ship_to_address': 16}, 'Faisal': {'erp_account_address': 4, 'erp_ship_to_address': 9}}",True,32,3
1466,Alpha Pharma - Nasr,Cairo,Nasr City,Alpha Pharma - Nasr,Nasr City,Nasr City,registry,high,{},False,0,0
1467,Hope Pharmacy - Nasr,,,Hope Pharmacy - Nasr,,,,,{},False,0,0
1468,Health Gate Pharmacy,Cairo,Nasr City,Health Gate Pharmacy,Nasr City,Nasr City,registry_conflict,conflict,"{'Mohandessin': {'erp_account_address': 2, 'erp_ship_to_address': 16}, 'Nasr City': {'erp_header_area': 3, 'erp_account_address': 4, 'erp_ship_to_address': 19}, 'Faisal': {'erp_ship_to_address': 3}}",True,42,2
1469,City Care Pharmacy,,,City Care Pharmacy,,,,,{},False,0,0
1470,Life Line Pharmacy - Nasr,Cairo,Nasr City,Life Line Pharmacy - Nasr,Nasr City,Nasr City,registry,high,{},False,0,0
1471,El Baraka Pharmacy - Nasr,,,El Baraka Pharmacy - Nasr,,,,,{},False,0,0
1472,Nile Care Pharmacy - Dokki,Cairo,Nasr City,Nile Care Pharmacy - Dokki,Nasr City,Nasr City,registry,high,{'Nasr City': {'erp_ship_to_address': 3}},False,3,0
1473,City Care Pharmacy - Zayed,Cairo,Nasr City,City Care Pharmacy - Zayed,Nasr City,Nasr City,registry,high,{},False,0,0
1474,Hope Pharmacy - Imbaba,Cairo,Nasr City,Hope Pharmacy - Imbaba,Nasr City,Nasr City,registry,high,{},False,0,0
1475,Star Care Pharmacy,,,Star Care Pharmacy,,,,,{},False,0,0
1476,Union Pharm - Nasr,,,Union Pharm - Nasr,,,,,{},False,0,0
1477,Care 24 Seven - Nasr,,,Care 24 Seven - Nasr,,,,,{},False,0,0
1478,Al Amal Pharmacy - Smouha,,,Al Amal Pharmacy - Smouha,,,,,{},False,0,0
1479,Better Life Pharmacy,,,Better Life Pharmacy,,,,,{},False,0,0
1480,Mira Pharmacy - Marg,,,Mira Pharmacy - Marg,,,,,{},False,0,0
1481,Family Pharmacy - Shubra,Cairo,Nasr City,Family Pharmacy - Shubra,Nasr City,Nasr City,registry,high,{},False,0,0
1482,Misr Pharmacy - Nasr,Cairo,Nasr City,Misr Pharmacy - Nasr,Nasr City,Nasr City,registry,high,{},False,0,0
1483,Elite Pharmacy - Nasr,Cairo,Nasr City,Elite Pharmacy - Nasr,Nasr City,Nasr City,registry,high,{},False,0,0
1484,Union Pharm,Cairo,Nasr City,Union Pharm,Nasr City,Nasr City,registry,high,{},False,0,0
1485,El Nasr Pharmacy - Nozha,,,El Nasr Pharmacy - Nozha,,,,,{},False,0,0
1486,Angel Pharmacy - Nasr,Cairo,Nasr City,Angel Pharmacy - Nasr,Nasr City,Nasr City,registry,high,{},False,0,0
1487,Family Pharmacy - Nasr,Cairo,Nasr City,Family Pharmacy - Nasr,Nasr City,Nasr City,registry,high,{},False,0,0
1488,Green Leaf Pharmacy - Banha,,,Green Leaf Pharmacy - Banha,,,,,{},False,0,0
1489,El Nasr Pharmacy - Maadi,,,El Nasr Pharmacy - Maadi,,,,,{},False,0,0
1490,Dr Medhat Pharmacy,,,Dr Medhat Pharmacy,,,,,{},False,0,0
1491,Elite Pharmacy,,,Elite Pharmacy,,,,,{},False,0,0
1492,Family Pharmacy - Nasr,Cairo,Nasr City,Family Pharmacy - Nasr,Nasr City,Nasr City,registry,high,{},False,0,0
1493,City Care Pharmacy,Cairo,Nasr City,City Care Pharmacy,Nasr City,Nasr City,registry,high,{},False,0,0
1494,Seha First Pharmacy - Nozha,Cairo,Nasr City,Seha First Pharmacy - Nozha,Nasr City,Nasr City,registry,high,{'Nasr City': {'erp_ship_to_address': 1}},False,1,0
1495,Silver Care Pharmacy - Marg,Cairo,Nasr City,Silver Care Pharmacy - Marg,Nasr City,Nasr City,registry_conflict,conflict,"{'Nasr City': {'erp_account_address': 4, 'erp_header_area': 3, 'erp_ship_to_address': 15}, 'Faisal': {'erp_ship_to_address': 1}}",True,19,1
1496,Metro Pharmacy,Cairo,Nasr City,Metro Pharmacy,Nasr City,Nasr City,registry,high,{},False,0,0
1497,El Zahraa Pharmacy,Cairo,Nasr City,El Zahraa Pharmacy,Nasr City,Nasr City,registry,high,{},False,0,0
1498,El Zahraa Pharmacy - Nasr,,,El Zahraa Pharmacy - Nasr,,,,,{},False,0,0
1499,Misr Pharmacy,Cairo,Nasr City,Misr Pharmacy,Nasr City,Nasr City,registry,high,{},False,0,0
1500,Salamtek Pharmacy - Smouha,Cairo,Nasr City,Salamtek Pharmacy - Smouha,Nasr City,Nasr City,registry,high,{'Nasr City': {'erp_ship_to_address': 5}},False,5,0
1501,Health Gate Pharmacy,,,Health Gate Pharmacy,,,,,{},False,0,0
1502,Pharma Plus - Square,Cairo,Nasr City,Pharma Plus - Square,Nasr City,Nasr City,registry,high,"{'Nasr City': {'erp_account_address': 6, 'erp_ship_to_address': 9}}",False,12,0
1503,City Care Pharmacy,,,City Care Pharmacy,,,,,{},False,0,0
1504,Misr Pharmacy,,,Misr Pharmacy,,,,,{},False,0,0
1505,Salamtek Pharmacy - Nasr,Cairo,Nasr City,Salamtek Pharmacy - Nasr,Nasr City,Nasr City,registry,high,{},False,0,0
1506,Health Gate Pharmacy - Nasr,Cairo,Nasr City,Health Gate Pharmacy - Nasr,Nasr City,Nasr City,registry,high,"{'Nasr City': {'erp_account_address': 10, 'erp_ship_to_address': 32}}",False,37,0
1507,Seha First Pharmacy,,,Seha First Pharmacy,,,,,{},False,0,0
1508,Union Pharm,,,Union Pharm,,,,,{},False,0,0
1509,Salamtek Pharmacy - Oct City,,,Salamtek Pharmacy - Oct City,,Nasr City,invoice_evidence,high,{'erp_ship_to_address': 31},True,33,1
1510,Dr Medhat Pharmacy - Nasr,Cairo,Nasr City,Dr Medhat Pharmacy - Nasr,Nasr City,Nasr City,registry,high,{},False,0,0
1511,Life Line Pharmacy,,,Life Line Pharmacy,,,,,{},False,0,0
1512,Green Leaf Pharmacy,Cairo,Nasr City,Green Leaf Pharmacy,Nasr City,Nasr City,registry,high,{},False,0,0
1513,Salamtek Pharmacy - Nasr,,,Salamtek Pharmacy - Nasr,,,,,{},False,0,0
1514,Alpha Pharma - Nasr,,,Alpha Pharma - Nasr,,,,,{},False,0,0
1515,Seha First Pharmacy,,,Seha First Pharmacy,,,,,{},False,0,0
1516,Pharma Plus,Cairo,Nasr City,Pharma Plus,Nasr City,Nasr City,registry,high,{},False,0,0
1517,Blue Wave Pharmacy - Marg,,,Blue Wave Pharmacy - Marg,,,,,{},False,0,0
1518,Hope Pharmacy,Cairo,Nasr City,Hope Pharmacy,Nasr City,Nasr City,registry,high,{},False,0,0
1519,Star Care Pharmacy - Nasr,Cairo,Nasr City,Star Care Pharmacy - Nasr,Nasr City,Nasr City,registry,high,{},False,0,0
1520,El Baraka Pharmacy - Faisal,,,El Baraka Pharmacy - Faisal,,,,,{},False,0,0
1521,Mira Pharmacy - Marg,Cairo,Nasr City,Mira Pharmacy - Marg,Nasr City,Nasr City,registry,high,{},False,0,0
1522,Green Leaf Pharmacy - Zayed,Cairo,Nasr City,Green Leaf Pharmacy - Zayed,Nasr City,Nasr City,registry,high,"{'Nasr City': {'erp_account_address': 8, 'erp_ship_to_address': 23}}",False,27,0
1523,Seha First Pharmacy - Helwan,,,Seha First Pharmacy - Helwan,,Nasr City,invoice_evidence,high,"{'erp_account_address': 4, 'erp_ship_to_address': 28}",True,31,1
1524,Green Leaf Pharmacy,Cairo,Nasr City,Green Leaf Pharmacy,Nasr City,Nasr City,registry,high,{},False,0,0
1525,Mira Pharmacy,Cairo,Nasr City,Mira Pharmacy,Nasr City,Nasr City,registry,high,{},False,0,0
1526,El Tourath Pharmacy,Cairo,Nasr City,El Tourath Pharmacy,Nasr City,Nasr City,registry_conflict,conflict,"{'Mohandessin': {'erp_header_area': 3}, 'Nasr City': {'erp_account_address': 4, 'erp_header_area': 3, 'erp_ship_to_address': 7}, 'Smouha': {'erp_account_address': 6, 'erp_ship_to_address': 7}, 'Faisal': {'erp_ship_to_address': 1}}",True,22,3
1527,El Nasr Pharmacy - Agami,,,El Nasr Pharmacy - Agami,,,,,{},False,0,0
1528,Health Gate Pharmacy - Smouha,Cairo,Nasr City,Health Gate Pharmacy - Smouha,Nasr City,Nasr City,registry_conflict,conflict,"{'Nasr City': {'erp_header_area': 3}, 'Smouha': {'erp_header_area': 6, 'erp_account_address': 2, 'erp_ship_to_address': 39}, 'Mohandessin': {'erp_header_area': 3, 'erp_account_address': 2, 'erp_ship_to_address': 19}, 'Faisal': {'erp_ship_to_address': 1}}",True,65,3
1529,Family Pharmacy,Cairo,Nasr City,Family Pharmacy,Nasr City,Nasr City,registry,high,{},False,0,0
1530,Silver Care Pharmacy,,,Silver Care Pharmacy,,,,,{},False,0,0
1531,Misr Pharmacy,Cairo,Nasr City,Misr Pharmacy,Nasr City,Nasr City,registry,high,{},False,0,0
1532,Care 24 Seven - Nasr,,,Care 24 Seven - Nasr,,,,,{},False,0,0
1533,Al Amal Pharmacy,,,Al Amal Pharmacy,,,,,{},False,0,0
1534,Hope Pharmacy,Cairo,Nasr City,Hope Pharmacy,Nasr City,Nasr City,registry,high,{},False,0,0
1535,Star Care Pharmacy - Nasr,Cairo,Nasr City,Star Care Pharmacy - Nasr,Nasr City,Nasr City,registry,high,{},False,0,0
1536,Angel Pharmacy,Cairo,Nasr City,Angel Pharmacy,Nasr City,Nasr City,registry,high,{},False,0,0
1537,Star Care Pharmacy,Cairo,Nasr City,Star Care Pharmacy,Nasr City,Nasr City,registry_conflict,conflict,{'Smouha': {'erp_ship_to_address': 5}},True,5,1
1538,El Hokama Pharmacy - Nasr,Cairo,Nasr City,El Hokama Pharmacy - Nasr,Nasr City,Nasr City,registry,high,{},False,0,0
1539,El Baraka Pharmacy - Rehab View,Cairo,Nasr City,El Baraka Pharmacy - Rehab View,Nasr City,Nasr City,registry_conflict,conflict,"{'Mohandessin': {'erp_account_address': 4, 'erp_ship_to_address': 12}, 'Nasr City': {'erp_ship_to_address': 3}}",True,17,1
1540,Alpha Pharma - Imbaba,,,Alpha Pharma - Imbaba,,Nasr City,invoice_evidence,high,"{'erp_account_address': 12, 'erp_ship_to_address': 61}",True,69,1
1541,El Baraka Pharmacy - Nasr,Cairo,Nasr City,El Baraka Pharmacy - Nasr,Nasr City,Nasr City,registry,high,"{'Nasr City': {'erp_header_area': 6, 'erp_account_address': 2, 'erp_ship_to_address': 9}}",False,12,0
1542,Angel Pharmacy,Cairo,Nasr City,Angel Pharmacy,Nasr City,Nasr City,registry,high,{},False,0,0
1543,Mira Pharmacy,Cairo,Nasr City,Mira Pharmacy,Nasr City,Nasr City,registry,high,{},False,0,0
1544,Al Amal Pharmacy,,,Al Amal Pharmacy,,,,,{},False,0,0
1545,Elite Pharmacy,Cairo,Nasr City,Elite Pharmacy,Nasr City,Nasr City,registry_conflict,conflict,"{'Faisal': {'erp_account_address': 2, 'erp_ship_to_address': 4}, 'Smouha': {'erp_account_address': 2, 'erp_ship_to_address': 4}}",True,10,2
1546,Star Care Pharmacy - Dokki,,,Star Care Pharmacy - Dokki,,,,,{},False,0,0
1547,City Care Pharmacy - Nasr,Cairo,Nasr City,City Care Pharmacy - Nasr,Nasr City,Nasr City,registry,high,{},False,0,0
1548,Dr Medhat Pharmacy - Shubra,,,Dr Medhat Pharmacy - Shubra,,,,,{},False,0,0
1549,El Hokama Pharmacy,Cairo,Nasr City,El Hokama Pharmacy,Nasr City,Nasr City,registry,high,{},False,0,0
1550,Misr Pharmacy,Cairo,Nasr City,Misr Pharmacy,Nasr City,Nasr City,registry,high,{},False,0,0
1551,El Tourath Pharmacy,,,El Tourath Pharmacy,,,,,{},False,0,0
1552,Dr Medhat Pharmacy,Cairo,Nasr City,Dr Medhat Pharmacy,Nasr City,Nasr City,registry_conflict,conflict,"{'Smouha': {'erp_account_address': 4, 'erp_ship_to_address': 12}, 'Mohandessin': {'erp_header_area': 3}}",True,15,2
1553,El Shifa Pharmacy,Cairo,Nasr City,El Shifa Pharmacy,Nasr City,Nasr City,registry,high,{},False,0,0
1554,El Nasr Pharmacy - Nasr,,,El Nasr Pharmacy - Nasr,,,,,{},False,0,0
1555,Sunrise Pharmacy - Nasr,Cairo,Nasr City,Sunrise Pharmacy - Nasr,Nasr City,Nasr City,registry,high,{},False,0,0
1556,Health Gate Pharmacy,Cairo,Nasr City,Health Gate Pharmacy,Nasr City,Nasr City,registry,high,{},False,0,0
1557,Salamtek Pharmacy - Nasr,Cairo,Nasr City,Salamtek Pharmacy - Nasr,Nasr City,Nasr City,registry,high,{},False,0,0
1558,Care 24 Seven - Maadi,,,Care 24 Seven - Maadi,,,,,{},False,0,0
1559,El Faraby Pharmacy,,,El Faraby Pharmacy,,,,,{},False,0,0
1560,City Care Pharmacy - Marg,,,City Care Pharmacy - Marg,,,,,{},False,0,0
1561,Family Pharmacy - Shubra,Cairo,Nasr City,Family Pharmacy - Shubra,Nasr City,Nasr City,registry,high,{},False,0,0
1562,Sunrise Pharmacy - Oct City,Cairo,Nasr City,Sunrise Pharmacy - Oct City,Nasr City,Nasr City,registry_conflict,conflict,"{'Smouha': {'erp_account_address': 4, 'erp_ship_to_address': 26}, 'Mohandessin': {'erp_header_area': 3}, 'Faisal': {'erp_ship_to_address': 2}}",True,31,3
1563,Salamtek Pharmacy - Square,,,Salamtek Pharmacy - Square,,,,,{},False,0,0
1564,Family Pharmacy - Banha,,,Family Pharmacy - Banha,,,,,{},False,0,0
1565,Pharma Plus - Rehab View,,,Pharma Plus - Rehab View,,,,,{},False,0,0
1566,Family Pharmacy,Cairo,Nasr City,Family Pharmacy,Nasr City,Nasr City,registry,high,{},False,0,0
1567,El Zahraa Pharmacy - Nasr,Cairo,Nasr City,El Zahraa Pharmacy - Nasr,Nasr City,Nasr City,registry,high,{},False,0,0
1568,Union Pharm,Cairo,Nasr City,Union Pharm,Nasr City,Nasr City,registry,high,{},False,0,0
1569,El Faraby Pharmacy - Nozha,,,El Faraby Pharmacy - Nozha,,Nasr City,invoice_evidence,high,"{'erp_account_address': 8, 'erp_ship_to_address': 51}",True,58,2
1570,Hope Pharmacy,Cairo,Nasr City,Hope Pharmacy,Nasr City,Nasr City,registry,high,{},False,0,0
1571,El Baraka Pharmacy - Oct City,Cairo,Nasr City,El Baraka Pharmacy - Oct City,Nasr City,Nasr City,registry_conflict,conflict,"{'Mohandessin': {'erp_header_area': 3}, 'Nasr City': {'erp_header_area': 3}, 'Faisal': {'erp_ship_to_address': 17}}",True,19,2
1572,El Hokama Pharmacy - Agami,,,El Hokama Pharmacy - Agami,,,,,{},False,0,0
1573,Silver Care Pharmacy,,,Silver Care Pharmacy,,,,,{},False,0,0
1574,Al Amal Pharmacy - Nasr,Cairo,Nasr City,Al Amal Pharmacy - Nasr,Nasr City,Nasr City,registry,high,{},False,0,0
1575,Hope Pharmacy - Rehab View,,,Hope Pharmacy - Rehab View,,,,,{},False,0,0
1576,Star Care Pharmacy - Rehab View,,,Star Care Pharmacy - Rehab View,,,,,{},False,0,0
1577,El Nasr Pharmacy - Nasr,,,El Nasr Pharmacy - Nasr,,,,,{},False,0,0
1578,Better Life Pharmacy,Cairo,Nasr City,Better Life Pharmacy,Nasr City,Nasr City,registry,high,{},False,0,0
1579,Union Pharm - Montaza,,,Union Pharm - Montaza,,,,,{},False,0,0
1580,Care 24 Seven - Smouha,Cairo,Nasr City,Care 24 Seven - Smouha,Nasr City,Nasr City,registry_conflict,conflict,"{'Nasr City': {'erp_account_address': 16, 'erp_header_area': 6, 'erp_ship_to_address': 43}, 'Mohandessin': {'erp_account_address': 2, 'erp_ship_to_address': 18}, 'Smouha': {'erp_account_address': 4, 'erp_header_area': 3, 'erp_ship_to_address': 32}, 'Faisal': {'erp_ship_to_address': 1}}",True,108,3
1581,El Nasr Pharmacy - Oct City,Cairo,Nasr City,El Nasr Pharmacy - Oct City,Nasr City,Nasr City,registry,high,{'Nasr City': {'erp_ship_to_address': 1}},False,1,0
1582,Pharma Plus,,,Pharma Plus,,,,,{},False,0,0
1583,Golden Care Pharmacy,,,Golden Care Pharmacy,,,,,{},False,0,0
1584,Dr Medhat Pharmacy - Square,,,Dr Medhat Pharmacy - Square,,Nasr City,invoice_evidence,high,{'erp_ship_to_address': 3},False,3,0
1585,Green Leaf Pharmacy - Square,,,Green Leaf Pharmacy - Square,,,,,{},False,0,0
1586,El Shifa Pharmacy - Obour,Cairo,Nasr City,El Shifa Pharmacy - Obour,Nasr City,Nasr City,registry,high,{},False,0,0
1587,Al Amal Pharmacy - Nasr,Cairo,Nasr City,Al Amal Pharmacy - Nasr,Nasr City,Nasr City,registry,high,{},False,0,0
1588,City Care Pharmacy - Nasr,,,City Care Pharmacy - Nasr,,,,,{},False,0,0
1589,El Tourath Pharmacy - Rehab View,,,El Tourath Pharmacy - Rehab View,,,,,{},False,0,0
1590,Better Life Pharmacy,,,Better Life Pharmacy,,,,,{},False,0,0
1591,Nile Care Pharmacy - Nasr,Cairo,Nasr City,Nile Care Pharmacy - Nasr,Nasr City,Nasr City,registry,high,{},False,0,0
1592,El Faraby Pharmacy - Nasr,Cairo,Nasr City,El Faraby Pharmacy - Nasr,Nasr City,Nasr City,registry,high,{},False,0,0
1593,Elite Pharmacy - Marg,Cairo,Nasr City,Elite Pharmacy - Marg,Nasr City,Nasr City,registry,high,{},False,0,0
1594,Misr Pharmacy - Haram,,,Misr Pharmacy - Haram,,,,,{},False,0,0
1595,Omega Pharmacy,Cairo,Nasr City,Omega Pharmacy,Nasr City,Nasr City,registry,high,{},False,0,0
1596,Al Amal Pharmacy,,,Al Amal Pharmacy,,,,,{},False,0,0
1597,El Hokama Pharmacy - Nasr,,,El Hokama Pharmacy - Nasr,,,,,{},False,0,0
1598,Better Life Pharmacy - Nasr,,,Better Life Pharmacy - Nasr,,,,,{},False,0,0
1599,Star Care Pharmacy - Shubra,Cairo,Nasr City,Star Care Pharmacy - Shubra,Nasr City,Nasr City,registry,high,{},False,0,0
1600,El Hokama Pharmacy - Nasr,Cairo,Nasr City,El Hokama Pharmacy - Nasr,Nasr City,Nasr City,registry,high,{},False,0,0
1601,El Faraby Pharmacy - Nasr,Cairo,Nasr City,El Faraby Pharmacy - Nasr,Nasr City,Nasr City,registry,high,{},False,0,0
1602,Sunrise Pharmacy,,,Sunrise Pharmacy,,,,,{},False,0,0
1603,City Care Pharmacy - Montaza,,,City Care Pharmacy - Montaza,,Nasr City,invoice_evidence,high,"{'erp_account_address': 10, 'erp_ship_to_address': 35}",True,42,2
1604,Dr Medhat Pharmacy - Marg,,,Dr Medhat Pharmacy - Marg,,,,,{},False,0,0
1605,Star Care Pharmacy - Smouha,Cairo,Nasr City,Star Care Pharmacy - Smouha,Nasr City,Nasr City,registry_conflict,conflict,"{'Nasr City': {'erp_header_area': 9, 'erp_account_address': 8, 'erp_ship_to_address': 26}, 'Smouha': {'erp_account_address': 12, 'erp_ship_to_address': 78}, 'Mohandessin': {'erp_header_area': 6}, 'Faisal': {'erp_ship_to_address': 2}}",True,121,3
1606,Union Pharm - Nasr,,,Union Pharm - Nasr,,,,,{},False,0,0
1607,El Nasr Pharmacy - Helwan,,,El Nasr Pharmacy - Helwan,,,,,{},False,0,0
1608,Ebn Sina Pharmacy - Nasr,,,Ebn Sina Pharmacy - Nasr,,,,,{},False,0,0
1609,El Shifa Pharmacy,Cairo,Nasr City,El Shifa Pharmacy,Nasr City,Nasr City,registry,high,{},False,0,0
1610,Elite Pharmacy,Cairo,Nasr City,Elite Pharmacy,Nasr City,Nasr City,registry,high,{},False,0,0
1611,Nile Care Pharmacy - Helwan,Cairo,Nasr City,Nile Care Pharmacy - Helwan,Nasr City,Nasr City,registry,high,{},False,0,0
1612,Metro Pharmacy - Nasr,Cairo,Nasr City,Metro Pharmacy - Nasr,Nasr City,Nasr City,registry,high,{},False,0,0
1613,Star Care Pharmacy - Faisal,Cairo,Nasr City,Star Care Pharmacy - Faisal,Nasr City,Nasr City,registry_conflict,conflict,"{'Faisal': {'erp_header_area': 3, 'erp_ship_to_address': 4}, 'Nasr City': {'erp_ship_to_address': 5}}",True,10,1
1614,Al Nozha Pharmacy,Cairo,Nasr City,Al Nozha Pharmacy,Nasr City,Nasr City,registry_conflict,conflict,"{'Faisal': {'erp_header_area': 3}, 'Smouha': {'erp_account_address': 2, 'erp_ship_to_address': 6}}",True,8,2
1615,El Faraby Pharmacy - Marg,,,El Faraby Pharmacy - Marg,,,,,{},False,0,0
1616,Angel Pharmacy,Cairo,Nasr City,Angel Pharmacy,Nasr City,Nasr City,registry,high,{},False,0,0
1617,Golden Care Pharmacy,Cairo,Nasr City,Golden Care Pharmacy,Nasr City,Nasr City,registry,high,{},False,0,0
1618,Misr Pharmacy,,,Misr Pharmacy,,,,,{},False,0,0
1619,Life Line Pharmacy - Dokki,Cairo,Nasr City,Life Line Pharmacy - Dokki,Nasr City,Nasr City,registry,high,{},False,0,0
1620,Misr Pharmacy,,,Misr Pharmacy,,,,,{},False,0,0
1621,El Faraby Pharmacy,,,El Faraby Pharmacy,,,,,{},False,0,0
1622,Nile Care Pharmacy - Nasr,Cairo,Nasr City,Nile Care Pharmacy - Nasr,Nasr City,Nasr City,registry,high,{},False,0,0
1623,Golden Care Pharmacy - Oct City,Cairo,Nasr City,Golden Care Pharmacy - Oct City,Nasr City,Nasr City,registry_conflict,conflict,"{'Nasr City': {'erp_header_area': 6, 'erp_ship_to_address': 6}, 'Faisal': {'erp_ship_to_address': 1}}",True,9,1
1624,Pharma Plus - Imbaba,Cairo,Nasr City,Pharma Plus - Imbaba,Nasr City,Nasr City,registry,high,"{'Nasr City': {'erp_header_area': 3, 'erp_account_address': 2, 'erp_ship_to_address': 15}}",False,17,0
1625,Green Leaf Pharmacy - Banha,Cairo,Nasr City,Green Leaf Pharmacy - Banha,Nasr City,Nasr City,registry,high,{},False,0,0
1626,Elite Pharmacy - Nasr,Cairo,Nasr City,Elite Pharmacy - Nasr,Nasr City,Nasr City,registry,high,{},False,0,0
1627,Alpha Pharma - Nasr,Cairo,Nasr City,Alpha Pharma - Nasr,Nasr City,Nasr City,registry,high,{},False,0,0
1628,Metro Pharmacy - Square,,,Metro Pharmacy - Square,,,,,{},False,0,0
1629,Better Life Pharmacy - Nasr,Cairo,Nasr City,Better Life Pharmacy - Nasr,Nasr City,Nasr City,registry,high,{},False,0,0
1630,El Baraka Pharmacy - Marg,Cairo,Nasr City,El Baraka Pharmacy - Marg,Nasr City,Nasr City,registry,high,{},False,0,0
1631,Omega Pharmacy - Zayed,Cairo,Nasr City,Omega Pharmacy - Zayed,Nasr City,Nasr City,registry,high,{},False,0,0
1632,Omega Pharmacy - Square,Cairo,Nasr City,Omega Pharmacy - Square,Nasr City,Nasr City,registry,high,"{'Nasr City': {'erp_header_area': 6, 'erp_account_address': 2, 'erp_ship_to_address': 6}}",False,9,0
1633,Silver Care Pharmacy,,,Silver Care Pharmacy,,,,,{},False,0,0
1634,Green Leaf Pharmacy - Montaza,,,Green Leaf Pharmacy - Montaza,,Nasr City,invoice_evidence,high,"{'erp_account_address': 4, 'erp_ship_to_address': 4}",True,7,1
1635,Al Amal Pharmacy,Cairo,Nasr City,Al Amal Pharmacy,Nasr City,Nasr City,registry,high,{},False,0,0
1636,Hope Pharmacy,Cairo,Nasr City,Hope Pharmacy,Nasr City,Nasr City,registry,high,{},False,0,0
1637,Star Care Pharmacy - Nasr,,,Star Care Pharmacy - Nasr,,,,,{},False,0,0
1638,Golden Care Pharmacy - Shubra,,,Golden Care Pharmacy - Shubra,,,,,{},False,0,0
1639,El Shifa Pharmacy - Nasr,Cairo,Nasr City,El Shifa Pharmacy - Nasr,Nasr City,Nasr City,registry,high,{},False,0,0
1640,Ebn Sina Pharmacy - Smouha,Cairo,Nasr City,Ebn Sina Pharmacy - Smouha,Nasr City,Nasr City,registry_conflict,conflict,"{'Smouha': {'erp_header_area': 6, 'erp_account_address': 4, 'erp_ship_to_address': 13}, 'Nasr City': {'erp_account_address': 2, 'erp_header_area': 3, 'erp_ship_to_address': 4}, 'Mohandessin': {'erp_ship_to_address': 6}}",True,29,2
1641,Elite Pharmacy - Rehab View,,,Elite Pharmacy - Rehab View,,Nasr City,invoice_evidence,high,"{'erp_account_address': 4, 'erp_ship_to_address': 9}",False,11,0
1642,Nile Care Pharmacy - Agami,Cairo,Nasr City,Nile Care Pharmacy - Agami,Nasr City,Nasr City,registry,high,{},False,0,0
1643,Silver Care Pharmacy - Square,,,Silver Care Pharmacy - Square,,,,,{},False,0,0
1644,Alpha Pharma,,,Alpha Pharma,,,,,{},False,0,0
1645,Mira Pharmacy - Nasr,Cairo,Nasr City,Mira Pharmacy - Nasr,Nasr City,Nasr City,registry,high,{},False,0,0
1646,Hope Pharmacy - Nasr,Cairo,Nasr City,Hope Pharmacy - Nasr,Nasr City,Nasr City,registry,high,{},False,0,0
1647,Silver Care Pharmacy - Zayed,Cairo,Nasr City,Silver Care Pharmacy - Zayed,Nasr City,Nasr City,registry_conflict,conflict,{'Smouha': {'erp_ship_to_address': 8}},True,8,1
1648,Health Gate Pharmacy,Cairo,Nasr City,Health Gate Pharmacy,Nasr City,Nasr City,registry,high,{},False,0,0
1649,El Tourath Pharmacy,,,El Tourath Pharmacy,,,,,{},False,0,0
1650,Angel Pharmacy - Nasr,Cairo,Nasr City,Angel Pharmacy - Nasr,Nasr City,Nasr City,registry,high,{},False,0,0
1651,Life Line Pharmacy - Nasr,Cairo,Nasr City,Life Line Pharmacy - Nasr,Nasr City,Nasr City,registry,high,{},False,0,0
1652,Nile Care Pharmacy - Obour,Cairo,Nasr City,Nile Care Pharmacy - Obour,Nasr City,Nasr City,registry_conflict,conflict,{'Smouha': {'erp_ship_to_address': 4}},True,4,1
1653,Better Life Pharmacy - Nasr,Cairo,Nasr City,Better Life Pharmacy - Nasr,Nasr City,Nasr City,registry,high,{},False,0,0
1654,Dr Medhat Pharmacy,,,Dr Medhat Pharmacy,,,,,{},False,0,0
1655,Dr Medhat Pharmacy - Nozha,,,Dr Medhat Pharmacy - Nozha,,,,,{},False,0,0
1656,Silver Care Pharmacy - Nozha,Cairo,Nasr City,Silver Care Pharmacy - Nozha,Nasr City,Nasr City,registry,high,{},False,0,0
1657,El Shifa Pharmacy - Nozha,Cairo,Nasr City,El Shifa Pharmacy - Nozha,Nasr City,Nasr City,registry,high,{},False,0,0
1658,Green Leaf Pharmacy - Nasr,,,Green Leaf Pharmacy - Nasr,,,,,{},False,0,0
1659,Silver Care Pharmacy - Square,Cairo,Nasr City,Silver Care Pharmacy - Square,Nasr City,Nasr City,registry,high,{},False,0,0
1660,Elite Pharmacy - Agami,,,Elite Pharmacy - Agami,,,,,{},False,0,0
1661,Dr Medhat Pharmacy - Banha,,,Dr Medhat Pharmacy - Banha,,Nasr City,invoice_evidence,high,"{'erp_account_address': 2, 'erp_ship_to_address': 17}",False,18,0
1662,Union Pharm - Obour,Cairo,Nasr City,Union Pharm - Obour,Nasr City,Nasr City,registry,high,"{'Nasr City': {'erp_account_address': 2, 'erp_ship_to_address': 11}}",False,12,0
1663,Family Pharmacy - Obour,,,Family Pharmacy - Obour,,,,,{},False,0,0
1664,City Care Pharmacy,Cairo,Nasr City,City Care Pharmacy,Nasr City,Nasr City,registry,high,{},False,0,0
1665,Salamtek Pharmacy,Cairo,Nasr City,Salamtek Pharmacy,Nasr City,Nasr City,registry_conflict,conflict,"{'Mohandessin': {'erp_header_area': 3}, 'Smouha': {'erp_account_address': 2, 'erp_ship_to_address': 8}, 'Nasr City': {'erp_ship_to_address': 1}}",True,11,2
1666,Hope Pharmacy - Agami,Cairo,Nasr City,Hope Pharmacy - Agami,Nasr City,Nasr City,registry,high,{},False,0,0
1667,Salamtek Pharmacy,,,Salamtek Pharmacy,,,,,{},False,0,0
1668,Al Amal Pharmacy - Shubra,Cairo,Nasr City,Al Amal Pharmacy - Shubra,Nasr City,Nasr City,registry,high,{'Nasr City': {'erp_ship_to_address': 6}},False,6,0
1669,City Care Pharmacy - Nasr,Cairo,Nasr City,City Care Pharmacy - Nasr,Nasr City,Nasr City,registry,high,{},False,0,0
1670,Misr Pharmacy - Square,Cairo,Nasr City,Misr Pharmacy - Square,Nasr City,Nasr City,registry,high,{},False,0,0
1671,Health Gate Pharmacy - Nasr,,,Health Gate Pharmacy - Nasr,,,,,{},False,0,0
1672,Elite Pharmacy - Shubra,Cairo,Nasr City,Elite Pharmacy - Shubra,Nasr City,Nasr City,registry,high,{},False,0,0
1673,El Shifa Pharmacy - Nasr,Cairo,Nasr City,El Shifa Pharmacy - Nasr,Nasr City,Nasr City,registry,high,{},False,0,0
1674,El Hokama Pharmacy,,,El Hokama Pharmacy,,,,,{},False,0,0
1675,Nile Care Pharmacy - Marg,,,Nile Care Pharmacy - Marg,,,,,{},False,0,0
1676,Silver Care Pharmacy,Cairo,Nasr City,Silver Care Pharmacy,Nasr City,Nasr City,registry,high,{},False,0,0
1677,Alpha Pharma - Rehab View,Cairo,Nasr City,Alpha Pharma - Rehab View,Nasr City,Nasr City,registry,high,{},False,0,0
1678,Ebn Sina Pharmacy,,,Ebn Sina Pharmacy,,,,,{},False,0,0
1679,Al Nozha Pharmacy - Nasr,Cairo,Nasr City,Al Nozha Pharmacy - Nasr,Nasr City,Nasr City,registry,high,{},False,0,0
1680,Mira Pharmacy,Cairo,Nasr City,Mira Pharmacy,Nasr City,Nasr City,registry,high,{},False,0,0
1681,Elite Pharmacy - Oct City,,,Elite Pharmacy - Oct City,,,,,{},False,0,0
1682,Omega Pharmacy,,,Omega Pharmacy,,,,,{},False,0,0
1683,Dr Medhat Pharmacy - Helwan,Cairo,Nasr City,Dr Medhat Pharmacy - Helwan,Nasr City,Nasr City,registry_conflict,conflict,"{'Nasr City': {'erp_account_address': 2, 'erp_ship_to_address': 9}, 'Faisal': {'erp_ship_to_address': 1}}",True,11,1
1684,Care 24 Seven - Obour,Cairo,Nasr City,Care 24 Seven - Obour,Nasr City,Nasr City,registry_conflict,conflict,"{'Nasr City': {'erp_account_address': 2, 'erp_header_area': 6, 'erp_ship_to_address': 24}, 'Mohandessin': {'erp_account_address': 12, 'erp_ship_to_address': 29}, 'Faisal': {'erp_ship_to_address': 1}}",True,63,2
1685,El Hokama Pharmacy,,,El Hokama Pharmacy,,,,,{},False,0,0
1686,Union Pharm - Nasr,,,Union Pharm - Nasr,,,,,{},False,0,0
1687,Care 24 Seven,Cairo,Nasr City,Care 24 Seven,Nasr City,Nasr City,registry,high,{},False,0,0
1688,Dr Medhat Pharmacy - Rehab View,Cairo,Nasr City,Dr Medhat Pharmacy - Rehab View,Nasr City,Nasr City,registry,high,{'Nasr City': {'erp_ship_to_address': 1}},False,1,0
1689,Misr Pharmacy,,,Misr Pharmacy,,,,,{},False,0,0
1690,El Hokama Pharmacy,,,El Hokama Pharmacy,,,,,{},False,0,0
1691,El Tourath Pharmacy - Nasr,,,El Tourath Pharmacy - Nasr,,,,,{},False,0,0
1692,Al Nozha Pharmacy - Nasr,,,Al Nozha Pharmacy - Nasr,,,,,{},False,0,0
1693,El Zahraa Pharmacy - Nasr,Cairo,Nasr City,El Zahraa Pharmacy - Nasr,Nasr City,Nasr City,registry,high,{},False,0,0
1694,Pharma Plus - Obour,Cairo,Nasr City,Pharma Plus - Obour,Nasr City,Nasr City,registry,high,"{'Nasr City': {'erp_account_address': 2, 'erp_ship_to_address': 25}}",False,26,0
1695,Misr Pharmacy - Nasr,,,Misr Pharmacy - Nasr,,,,,{},False,0,0
1696,Hope Pharmacy,Cairo,Nasr City,Hope Pharmacy,Nasr City,Nasr City,registry,high,{},False,0,0
1697,Mira Pharmacy,Cairo,Nasr City,Mira Pharmacy,Nasr City,Nasr City,registry,high,{},False,0,0
1698,Misr Pharmacy - Nozha,,,Misr Pharmacy - Nozha,,,,,{},False,0,0
1699,Life Line Pharmacy - Nasr,Cairo,Nasr City,Life Line Pharmacy - Nasr,Nasr City,Nasr City,registry,high,{},False,0,0
1700,Omega Pharmacy,,,Omega Pharmacy,,,,,{},False,0,0
1701,Salamtek Pharmacy - Obour,,,Salamtek Pharmacy - Obour,,,,,{},False,0,0
1702,Silver Care Pharmacy - Nasr,,,Silver Care Pharmacy - Nasr,,,,,{},False,0,0
1703,Metro Pharmacy,Cairo,Nasr City,Metro Pharmacy,Nasr City,Nasr City,registry,high,{},False,0,0
1704,Sunrise Pharmacy - Nasr,,,Sunrise Pharmacy - Nasr,,,,,{},False,0,0
1705,Health Gate Pharmacy - Agami,,,Health Gate Pharmacy - Agami,,Nasr City,invoice_evidence,high,{'erp_ship_to_address': 5},False,5,0
1706,Star Care Pharmacy,,,Star Care Pharmacy,,,,,{},False,0,0
1707,El Hokama Pharmacy - Nasr,Cairo,Nasr City,El Hokama Pharmacy - Nasr,Nasr City,Nasr City,registry,high,{},False,0,0
1708,Family Pharmacy,,,Family Pharmacy,,,,,{},False,0,0
1709,Sunrise Pharmacy,,,Sunrise Pharmacy,,,,,{},False,0,0
1710,Family Pharmacy - Nasr,,,Family Pharmacy - Nasr,,,,,{},False,0,0
1711,Metro Pharmacy,,,Metro Pharmacy,,,,,{},False,0,0
1712,El Zahraa Pharmacy - Faisal,,,El Zahraa Pharmacy - Faisal,,,,,{},False,0,0
1713,El Nasr Pharmacy - Nozha,,,El Nasr Pharmacy - Nozha,,,,,{},False,0,0
1714,Mira Pharmacy - Banha,Cairo,Nasr City,Mira Pharmacy - Banha,Nasr City,Nasr City,registry,high,{},False,0,0
1715,Care 24 Seven - Nasr,Cairo,Nasr City,Care 24 Seven - Nasr,Nasr City,Nasr City,registry_conflict,conflict,"{'Smouha': {'erp_header_area': 3}, 'Nasr City': {'erp_account_address': 4, 'erp_header_area': 3, 'erp_ship_to_address': 39}}",True,43,1
1716,El Nasr Pharmacy - Imbaba,,,El Nasr Pharmacy - Imbaba,,,,,{},False,0,0
1717,Elite Pharmacy - Nasr,Cairo,Nasr City,Elite Pharmacy - Nasr,Nasr City,Nasr City,registry,high,{},False,0,0
1718,Blue Wave Pharmacy - Banha,Cairo,Nasr City,Blue Wave Pharmacy - Banha,Nasr City,Nasr City,registry,high,{},False,0,0
1719,Elite Pharmacy - Zayed,Cairo,Nasr City,Elite Pharmacy - Zayed,Nasr City,Nasr City,registry,high,{},False,0,0
1720,Salamtek Pharmacy - Nasr,,,Salamtek Pharmacy - Nasr,,,,,{},False,0,0
1721,Omega Pharmacy - Rehab View,Cairo,Nasr City,Omega Pharmacy - Rehab View,Nasr City,Nasr City,registry,high,"{'Nasr City': {'erp_account_address': 2, 'erp_ship_to_address': 15}}",False,16,0
1722,Blue Wave Pharmacy,Cairo,Nasr City,Blue Wave Pharmacy,Nasr City,Nasr City,registry,high,{},False,0,0
1723,Star Care Pharmacy - Montaza,,,Star Care Pharmacy - Montaza,,,,,{},False,0,0
1724,Better Life Pharmacy - Nasr,Cairo,Nasr City,Better Life Pharmacy - Nasr,Nasr City,Nasr City,registry,high,{},False,0,0
1725,Al Amal Pharmacy,Cairo,Nasr City,Al Amal Pharmacy,Nasr City,Nasr City,registry,high,{},False,0,0
1726,Metro Pharmacy - Nozha,Cairo,Nasr City,Metro Pharmacy - Nozha,Nasr City,Nasr City,registry,high,{},False,0,0
1727,Golden Care Pharmacy,Cairo,Nasr City,Golden Care Pharmacy,Nasr City,Nasr City,registry,high,{},False,0,0
1728,Alpha Pharma - Shubra,Cairo,Nasr City,Alpha Pharma - Shubra,Nasr City,Nasr City,registry_conflict,conflict,"{'Mohandessin': {'erp_header_area': 3}, 'Nasr City': {'erp_account_address': 14, 'erp_header_area': 3, 'erp_ship_to_address': 71}}",True,80,1
1729,Golden Care Pharmacy - Montaza,,,Golden Care Pharmacy - Montaza,,,,,{},False,0,0
1730,El Zahraa Pharmacy - Square,,,El Zahraa Pharmacy - Square,,Nasr City,invoice_evidence,high,{'erp_ship_to_address': 4},False,4,0
1731,Al Amal Pharmacy,Cairo,Nasr City,Al Amal Pharmacy,Nasr City,Nasr City,registry,high,{},False,0,0
1732,Misr Pharmacy,Cairo,Nasr City,Misr Pharmacy,Nasr City,Nasr City,registry,high,{},False,0,0
1733,Better Life Pharmacy,Cairo,Nasr City,Better Life Pharmacy,Nasr City,Nasr City,registry,high,{},False,0,0
1734,Union Pharm,,,Union Pharm,,,,,{},False,0,0
1735,Union Pharm,,,Union Pharm,,,,,{},False,0,0
1736,Pharma Plus,,,Pharma Plus,,,,,{},False,0,0
1737,El Faraby Pharmacy - Nasr,,,El Faraby Pharmacy - Nasr,,,,,{},False,0,0
1738,El Shifa Pharmacy - Nasr,Cairo,Nasr City,El Shifa Pharmacy - Nasr,Nasr City,Nasr City,registry,high,{},False,0,0
1739,Better Life Pharmacy,Cairo,Nasr City,Better Life Pharmacy,Nasr City,Nasr City,registry,high,{},False,0,0
1740,El Shifa Pharmacy - Oct City,,,El Shifa Pharmacy - Oct City,,Nasr City,invoice_evidence,high,"{'erp_account_address': 6, 'erp_ship_to_address': 25}",False,28,0
1741,Better Life Pharmacy,Cairo,Nasr City,Better Life Pharmacy,Nasr City,Nasr City,registry,high,{},False,0,0
1742,Hope Pharmacy,Cairo,Nasr City,Hope Pharmacy,Nasr City,Nasr City,registry,high,{},False,0,0
1743,Metro Pharmacy - Dokki,,,Metro Pharmacy - Dokki,,,,,{},False,0,0
1744,Star Care Pharmacy - Smouha,,,Star Care Pharmacy - Smouha,,,,,{},False,0,0
1745,El Zahraa Pharmacy,Cairo,Nasr City,El Zahraa Pharmacy,Nasr City,Nasr City,registry,high,{},False,0,0
1746,El Hokama Pharmacy - Nasr,Cairo,Nasr City,El Hokama Pharmacy - Nasr,Nasr City,Nasr City,registry,high,{},False,0,0
1747,Hope Pharmacy - Nozha,,,Hope Pharmacy - Nozha,,,,,{},False,0,0
1748,Sunrise Pharmacy,Cairo,Nasr City,Sunrise Pharmacy,Nasr City,Nasr City,registry,high,{},False,0,0
1749,Dr Medhat Pharmacy - Montaza,Cairo,Nasr City,Dr Medhat Pharmacy - Montaza,Nasr City,Nasr City,registry_conflict,conflict,"{'Faisal': {'erp_account_address': 4, 'erp_ship_to_address': 30}, 'Smouha': {'erp_header_area': 3, 'erp_ship_to_address': 16}, 'Nasr City': {'erp_ship_to_address': 5}}",True,54,2
1750,Care 24 Seven,Cairo,Nasr City,Care 24 Seven,Nasr City,Nasr City,registry,high,{},False,0,0
1751,Angel Pharmacy,,,Angel Pharmacy,,,,,{},False,0,0
1752,Al Nozha Pharmacy - Nozha,Cairo,Nasr City,Al Nozha Pharmacy - Nozha,Nasr City,Nasr City,registry,high,{},False,0,0
1753,Life Line Pharmacy - Dokki,Cairo,Nasr City,Life Line Pharmacy - Dokki,Nasr City,Nasr City,registry,high,{},False,0,0
1754,El Zahraa Pharmacy - Nozha,Cairo,Nasr City,El Zahraa Pharmacy - Nozha,Nasr City,Nasr City,registry,high,{},False,0,0
1755,Care 24 Seven,Cairo,Nasr City,Care 24 Seven,Nasr City,Nasr City,registry,high,{},False,0,0
1756,Angel Pharmacy,,,Angel Pharmacy,,,,,{},False,0,0
1757,Better Life Pharmacy,Cairo,Nasr City,Better Life Pharmacy,Nasr City,Nasr City,registry,high,{},False,0,0
1758,El Zahraa Pharmacy,Cairo,Nasr City,El Zahraa Pharmacy,Nasr City,Nasr City,registry,high,{},False,0,0
1759,Family Pharmacy - Nasr,,,Family Pharmacy - Nasr,,,,,{},False,0,0
1760,El Baraka Pharmacy - Nasr,,,El Baraka Pharmacy - Nasr,,,,,{},False,0,0
1761,Ebn Sina Pharmacy,,,Ebn Sina Pharmacy,,,,,{},False,0,0
1762,Alpha Pharma,,,Alpha Pharma,,,,,{},False,0,0
1763,Omega Pharmacy - Nasr,,,Omega Pharmacy - Nasr,,,,,{},False,0,0
1764,Golden Care Pharmacy - Nasr,,,Golden Care Pharmacy - Nasr,,Nasr City,invoice_evidence,high,"{'erp_account_address': 2, 'erp_ship_to_address': 25}",False,26,0
1765,Golden Care Pharmacy,Cairo,Nasr City,Golden Care Pharmacy,Nasr City,Nasr City,registry,high,{},False,0,0
1766,El Zahraa Pharmacy,Cairo,Nasr City,El Zahraa Pharmacy,Nasr City,Nasr City,registry,high,{},False,0,0
1767,Al Amal Pharmacy - Nasr,Cairo,Nasr City,Al Amal Pharmacy - Nasr,Nasr City,Nasr City,registry,high,{},False,0,0
1768,Al Amal Pharmacy - Haram,,,Al Amal Pharmacy - Haram,,,,,{},False,0,0
1769,Omega Pharmacy - Nasr,Cairo,Nasr City,Omega Pharmacy - Nasr,Nasr City,Nasr City,registry,high,{},False,0,0
1770,Hope Pharmacy - Nasr,,,Hope Pharmacy - Nasr,,,,,{},False,0,0
1771,El Tourath Pharmacy - Nasr,,,El Tourath Pharmacy - Nasr,,,,,{},False,0,0
1772,Sunrise Pharmacy,Cairo,Nasr City,Sunrise Pharmacy,Nasr City,Nasr City,registry,high,{},False,0,0
1773,Ebn Sina Pharmacy,Cairo,Nasr City,Ebn Sina Pharmacy,Nasr City,Nasr City,registry,high,{},False,0,0
1774,El Hokama Pharmacy - Nasr,Cairo,Nasr City,El Hokama Pharmacy - Nasr,Nasr City,Nasr City,registry,high,{},False,0,0
1775,Metro Pharmacy - Nasr,Cairo,Nasr City,Metro Pharmacy - Nasr,Nasr City,Nasr City,registry,high,{},False,0,0
1776,Ebn Sina Pharmacy,Cairo,Nasr City,Ebn Sina Pharmacy,Nasr City,Nasr City,registry,high,{},False,0,0
1777,Blue Wave Pharmacy - Dokki,Cairo,Nasr City,Blue Wave Pharmacy - Dokki,Nasr City,Nasr City,registry,high,{},False,0,0
1778,Union Pharm - Imbaba,Cairo,Nasr City,Union Pharm - Imbaba,Nasr City,Nasr City,registry,high,{},False,0,0
1779,Blue Wave Pharmacy - Nasr,Cairo,Nasr City,Blue Wave Pharmacy - Nasr,Nasr City,Nasr City,registry,high,{},False,0,0
1780,Star Care Pharmacy - Faisal,,,Star Care Pharmacy - Faisal,,,,,{},False,0,0
1781,Star Care Pharmacy - Nasr,Cairo,Nasr City,Star Care Pharmacy - Nasr,Nasr City,Nasr City,registry,high,{},False,0,0
1782,Golden Care Pharmacy,Cairo,Nasr City,Golden Care Pharmacy,Nasr City,Nasr City,registry,high,{},False,0,0
1783,Blue Wave Pharmacy,,,Blue Wave Pharmacy,,,,,{},False,0,0
1784,Mira Pharmacy - Square,,,Mira Pharmacy - Square,,,,,{},False,0,0
1785,Dr Medhat Pharmacy - Zayed,Cairo,Nasr City,Dr Medhat Pharmacy - Zayed,Nasr City,Nasr City,registry,high,{},False,0,0
1786,El Nasr Pharmacy - Shubra,Cairo,Nasr City,El Nasr Pharmacy - Shubra,Nasr City,Nasr City,registry,high,{},False,0,0
1787,Misr Pharmacy - Nasr,Cairo,Nasr City,Misr Pharmacy - Nasr,Nasr City,Nasr City,registry,high,{},False,0,0
1788,Green Leaf Pharmacy,,,Green Leaf Pharmacy,,,,,{},False,0,0
1789,Blue Wave Pharmacy - Nasr,,,Blue Wave Pharmacy - Nasr,,,,,{},False,0,0
1790,Family Pharmacy - Haram,,,Family Pharmacy - Haram,,Nasr City,invoice_evidence,high,"{'erp_account_address': 10, 'erp_header_area': 3, 'erp_ship_to_address': 30}",True,37,1
1791,Angel Pharmacy - Nasr,,,Angel Pharmacy - Nasr,,,,,{},False,0,0
1792,Seha First Pharmacy - Imbaba,Cairo,Nasr City,Seha First Pharmacy - Imbaba,Nasr City,Nasr City,registry,high,{'Nasr City': {'erp_ship_to_address': 6}},False,6,0
1793,Al Nozha Pharmacy - Nasr,Cairo,Nasr City,Al Nozha Pharmacy - Nasr,Nasr City,Nasr City,registry,high,{},False,0,0
1794,Al Nozha Pharmacy - Nasr,Cairo,Nasr City,Al Nozha Pharmacy - Nasr,Nasr City,Nasr City,registry,high,{},False,0,0
1795,Mira Pharmacy - Smouha,,,Mira Pharmacy - Smouha,,,,,{},False,0,0
1796,Omega Pharmacy - Nasr,Cairo,Nasr City,Omega Pharmacy - Nasr,Nasr City,Nasr City,registry,high,{},False,0,0
1797,Seha First Pharmacy - Marg,Cairo,Nasr City,Seha First Pharmacy - Marg,Nasr City,Nasr City,registry,high,{},False,0,0
1798,Alpha Pharma,,,Alpha Pharma,,,,,{},False,0,0
1799,Misr Pharmacy - Zayed,Cairo,Nasr City,Misr Pharmacy - Zayed,Nasr City,Nasr City,registry,high,"{'Nasr City': {'erp_header_area': 3, 'erp_account_address': 4, 'erp_ship_to_address': 7}}",False,10,0
1800,Better Life Pharmacy - Faisal,,,Better Life Pharmacy - Faisal,,,,,{},False,0,0
1801,Dr Medhat Pharmacy - Nasr,,,Dr Medhat Pharmacy - Nasr,,,,,{},False,0,0
1802,Life Line Pharmacy - Nasr,Cairo,Nasr City,Life Line Pharmacy - Nasr,Nasr City,Nasr City,registry,high,{},False,0,0
1803,El Faraby Pharmacy,,,El Faraby Pharmacy,,,,,{},False,0,0
1804,Al Amal Pharmacy,Cairo,Nasr City,Al Amal Pharmacy,Nasr City,Nasr City,registry,high,{},False,0,0
1805,Green Leaf Pharmacy - Square,,,Green Leaf Pharmacy - Square,,,,,{},False,0,0
1806,Union Pharm - Smouha,Cairo,Nasr City,Union Pharm - Smouha,Nasr City,Nasr City,registry_conflict,conflict,"{'Nasr City': {'erp_account_address': 2, 'erp_ship_to_address': 12}, 'Faisal': {'erp_account_address': 2, 'erp_header_area': 3, 'erp_ship_to_address': 1}, 'Smouha': {'erp_account_address': 12, 'erp_header_area': 3, 'erp_ship_to_address': 56}, 'Mohandessin': {'erp_header_area': 3, 'erp_ship_to_address': 13}}",True,93,3
1807,Elite Pharmacy - Banha,,,Elite Pharmacy - Banha,,,,,{},False,0,0
1808,Health Gate Pharmacy,,,Health Gate Pharmacy,,,,,{},False,0,0
1809,Health Gate Pharmacy,,,Health Gate Pharmacy,,,,,{},False,0,0
1810,El Baraka Pharmacy,,,El Baraka Pharmacy,,,,,{},False,0,0
1811,Salamtek Pharmacy - Nasr,Cairo,Nasr City,Salamtek Pharmacy - Nasr,Nasr City,Nasr City,registry,high,{},False,0,0
1812,Al Amal Pharmacy - Maadi,Cairo,Nasr City,Al Amal Pharmacy - Maadi,Nasr City,Nasr City,registry,high,{},False,0,0
1813,Pharma Plus,,,Pharma Plus,,,,,{},False,0,0
1814,El Shifa Pharmacy - Square,Cairo,Nasr City,El Shifa Pharmacy - Square,Nasr City,Nasr City,registry,high,{},False,0,0
1815,Al Nozha Pharmacy - Nasr,Cairo,Nasr City,Al Nozha Pharmacy - Nasr,Nasr City,Nasr City,registry,high,{},False,0,0
1816,Ebn Sina Pharmacy - Nasr,,,Ebn Sina Pharmacy - Nasr,,,,,{},False,0,0
1817,Angel Pharmacy - Nasr,Cairo,Nasr City,Angel Pharmacy - Nasr,Nasr City,Nasr City,registry,high,{},False,0,0
1818,Omega Pharmacy - Nasr,,,Omega Pharmacy - Nasr,,,,,{},False,0,0
1819,Metro Pharmacy - Obour,,,Metro Pharmacy - Obour,,,,,{},False,0,0
1820,Dr Medhat Pharmacy,Cairo,Nasr City,Dr Medhat Pharmacy,Nasr City,Nasr City,registry,high,{},False,0,0
1821,El Faraby Pharmacy - Nasr,,,El Faraby Pharmacy - Nasr,,,,,{},False,0,0
1822,Mira Pharmacy - Dokki,Cairo,Nasr City,Mira Pharmacy - Dokki,Nasr City,Nasr City,registry,high,{},False,0,0
1823,Salamtek Pharmacy - Nasr,Cairo,Nasr City,Salamtek Pharmacy - Nasr,Nasr City,Nasr City,registry,high,{},False,0,0
1824,Sunrise Pharmacy - Montaza,Cairo,Nasr City,Sunrise Pharmacy - Montaza,Nasr City,Nasr City,registry_conflict,conflict,"{'Faisal': {'erp_account_address': 6, 'erp_ship_to_address': 22}, 'Nasr City': {'erp_header_area': 3}}",True,26,1
1825,Better Life Pharmacy - Maadi,,,Better Life Pharmacy - Maadi,,,,,{},False,0,0
1826,Elite Pharmacy - Nasr,Cairo,Nasr City,Elite Pharmacy - Nasr,Nasr City,Nasr City,registry,high,{},False,0,0
1827,Green Leaf Pharmacy,Cairo,Nasr City,Green Leaf Pharmacy,Nasr City,Nasr City,registry,high,{},False,0,0
1828,Seha First Pharmacy - Nasr,Cairo,Nasr City,Seha First Pharmacy - Nasr,Nasr City,Nasr City,registry,high,{},False,0,0
1829,Silver Care Pharmacy - Nasr,,,Silver Care Pharmacy - Nasr,,,,,{},False,0,0
1830,Union Pharm - Nasr,Cairo,Nasr City,Union Pharm - Nasr,Nasr City,Nasr City,registry_conflict,conflict,"{'Nasr City': {'erp_account_address': 10, 'erp_ship_to_address': 55}, 'Faisal': {'erp_account_address': 2, 'erp_ship_to_address': 3}}",True,64,1
1831,El Faraby Pharmacy - Nasr,Cairo,Nasr City,El Faraby Pharmacy - Nasr,Nasr City,Nasr City,registry,high,{},False,0,0
1832,Sunrise Pharmacy - Smouha,Cairo,Nasr City,Sunrise Pharmacy - Smouha,Nasr City,Nasr City,registry,high,{},False,0,0
1833,El Tourath Pharmacy,Cairo,Nasr City,El Tourath Pharmacy,Nasr City,Nasr City,registry,high,{},False,0,0
1834,Blue Wave Pharmacy - Nasr,,,Blue Wave Pharmacy - Nasr,,,,,{},False,0,0
1835,City Care Pharmacy,Cairo,Nasr City,City Care Pharmacy,Nasr City,Nasr City,registry,high,{},False,0,0
1836,Elite Pharmacy - Nasr,Cairo,Nasr City,Elite Pharmacy - Nasr,Nasr City,Nasr City,registry,high,{},False,0,0
1837,Al Amal Pharmacy - Nasr,Cairo,Nasr City,Al Amal Pharmacy - Nasr,Nasr City,Nasr City,registry,high,{},False,0,0
1838,Sunrise Pharmacy - Marg,,,Sunrise Pharmacy - Marg,,,,,{},False,0,0
1839,Al Amal Pharmacy - Nasr,,,Al Amal Pharmacy - Nasr,,,,,{},False,0,0
1840,Better Life Pharmacy - Helwan,Cairo,Nasr City,Better Life Pharmacy - Helwan,Nasr City,Nasr City,registry,high,{},False,0,0
1841,Better Life Pharmacy,Cairo,Nasr City,Better Life Pharmacy,Nasr City,Nasr City,registry,high,{},False,0,0
1842,Pharma Plus - Nasr,,,Pharma Plus - Nasr,,,,,{},False,0,0
1843,El Faraby Pharmacy - Nasr,Cairo,Nasr City,El Faraby Pharmacy - Nasr,Nasr City,Nasr City,registry,high,{},False,0,0
1844,Mira Pharmacy - Imbaba,,,Mira Pharmacy - Imbaba,,,,,{},False,0,0
1845,Health Gate Pharmacy - Rehab View,,,Health Gate Pharmacy - Rehab View,,Nasr City,invoice_evidence,high,"{'erp_account_address': 2, 'erp_ship_to_address': 15}",False,16,0
1846,Nile Care Pharmacy - Nasr,,,Nile Care Pharmacy - Nasr,,,,,{},False,0,0
1847,Alpha Pharma - Rehab View,Cairo,Nasr City,Alpha Pharma - Rehab View,Nasr City,Nasr City,registry,high,{},False,0,0
1848,El Faraby Pharmacy,,,El Faraby Pharmacy,,,,,{},False,0,0
1849,Alpha Pharma - Nasr,,,Alpha Pharma - Nasr,,,,,{},False,0,0
1850,El Baraka Pharmacy,,,El Baraka Pharmacy,,,,,{},False,0,0
1851,Al Nozha Pharmacy - Montaza,,,Al Nozha Pharmacy - Montaza,,,,,{},False,0,0
1852,Sunrise Pharmacy - Marg,Cairo,Nasr City,Sunrise Pharmacy - Marg,Nasr City,Nasr City,registry,high,{},False,0,0
1853,El Hokama Pharmacy - Nasr,Cairo,Nasr City,El Hokama Pharmacy - Nasr,Nasr City,Nasr City,registry,high,{},False,0,0
1854,Misr Pharmacy - Nasr,Cairo,Nasr City,Misr Pharmacy - Nasr,Nasr City,Nasr City,registry,high,{},False,0,0
1855,Union Pharm - Montaza,,,Union Pharm - Montaza,,,,,{},False,0,0
1856,Sunrise Pharmacy - Nasr,Cairo,Nasr City,Sunrise Pharmacy - Nasr,Nasr City,Nasr City,registry,high,{},False,0,0
1857,Misr Pharmacy - Nasr,,,Misr Pharmacy - Nasr,,,,,{},False,0,0
1858,Ebn Sina Pharmacy - Nasr,,,Ebn Sina Pharmacy - Nasr,,,,,{},False,0,0
1859,Star Care Pharmacy - Square,Cairo,Nasr City,Star Care Pharmacy - Square,Nasr City,Nasr City,registry,high,{},False,0,0
1860,Better Life Pharmacy - Nasr,,,Better Life Pharmacy - Nasr,,,,,{},False,0,0
1861,Salamtek Pharmacy - Nasr,,,Salamtek Pharmacy - Nasr,,,,,{},False,0,0
1862,Hope Pharmacy - Zayed,,,Hope Pharmacy - Zayed,,,,,{},False,0,0
1863,Pharma Plus - Oct City,Cairo,Nasr City,Pharma Plus - Oct City,Nasr City,Nasr City,registry_conflict,conflict,"{'Nasr City': {'erp_account_address': 8, 'erp_ship_to_address': 50}, 'Faisal': {'erp_ship_to_address': 1}}",True,55,1
1864,Omega Pharmacy,,,Omega Pharmacy,,,,,{},False,0,0
1865,Golden Care Pharmacy - Montaza,,,Golden Care Pharmacy - Montaza,,,,,{},False,0,0
1866,Elite Pharmacy,Cairo,Nasr City,Elite Pharmacy,Nasr City,Nasr City,registry,high,{},False,0,0
1867,Seha First Pharmacy,Cairo,Nasr City,Seha First Pharmacy,Nasr City,Nasr City,registry_conflict,conflict,"{'Faisal': {'erp_header_area': 3, 'erp_account_address': 4, 'erp_ship_to_address': 23}, 'Mohandessin': {'erp_ship_to_address': 14}}",True,40,2
1868,El Hokama Pharmacy - Shubra,Cairo,Nasr City,El Hokama Pharmacy - Shubra,Nasr City,Nasr City,registry,high,"{'Nasr City': {'erp_account_address': 2, 'erp_ship_to_address': 3}}",False,4,0
1869,City Care Pharmacy - Faisal,,,City Care Pharmacy - Faisal,,,,,{},False,0,0
1870,Omega Pharmacy - Nasr,Cairo,Nasr City,Omega Pharmacy - Nasr,Nasr City,Nasr City,registry,high,{},False,0,0
1871,Star Care Pharmacy - Square,Cairo,Nasr City,Star Care Pharmacy - Square,Nasr City,Nasr City,registry,high,{},False,0,0
1872,Al Nozha Pharmacy,,,Al Nozha Pharmacy,,,,,{},False,0,0
1873,Star Care Pharmacy,,,Star Care Pharmacy,,,,,{},False,0,0
1874,Metro Pharmacy - Nasr,,,Metro Pharmacy - Nasr,,,,,{},False,0,0
1875,El Baraka Pharmacy - Obour,,,El Baraka Pharmacy - Obour,,,,,{},False,0,0
1876,El Baraka Pharmacy,Cairo,Nasr City,El Baraka Pharmacy,Nasr City,Nasr City,registry_conflict,conflict,"{'Faisal': {'erp_header_area': 3}, 'Mohandessin': {'erp_account_address': 2, 'erp_ship_to_address': 7}}",True,9,2
1877,Dr Medhat Pharmacy,Cairo,Nasr City,Dr Medhat Pharmacy,Nasr City,Nasr City,registry,high,{},False,0,0
1878,Elite Pharmacy - Maadi,Cairo,Nasr City,Elite Pharmacy - Maadi,Nasr City,Nasr City,registry,high,{},False,0,0
1879,Life Line Pharmacy - Faisal,Cairo,Nasr City,Life Line Pharmacy - Faisal,Nasr City,Nasr City,registry,high,"{'Nasr City': {'erp_account_address': 2, 'erp_ship_to_address': 2}}",False,3,0
1880,Health Gate Pharmacy - Nasr,,,Health Gate Pharmacy - Nasr,,,,,{},False,0,0
1881,El Nasr Pharmacy - Nasr,Cairo,Nasr City,El Nasr Pharmacy - Nasr,Nasr City,Nasr City,registry,high,{},False,0,0
1882,Nile Care Pharmacy - Banha,,,Nile Care Pharmacy - Banha,,,,,{},False,0,0
1883,Salamtek Pharmacy,Cairo,Nasr City,Salamtek Pharmacy,Nasr City,Nasr City,registry,high,{},False,0,0
1884,Misr Pharmacy - Haram,Cairo,Nasr City,Misr Pharmacy - Haram,Nasr City,Nasr City,registry,high,{},False,0,0
1885,Life Line Pharmacy,Cairo,Nasr City,Life Line Pharmacy,Nasr City,Nasr City,registry_conflict,conflict,{'Faisal': {'erp_ship_to_address': 4}},True,4,1
1886,El Tourath Pharmacy - Maadi,,,El Tourath Pharmacy - Maadi,,Nasr City,invoice_evidence,high,"{'erp_account_address': 2, 'erp_ship_to_address': 2}",True,4,1
1887,El Hokama Pharmacy,Cairo,Nasr City,El Hokama Pharmacy,Nasr City,Nasr City,registry,high,{},False,0,0
1888,City Care Pharmacy,Cairo,Nasr City,City Care Pharmacy,Nasr City,Nasr City,registry,high,{},False,0,0
1889,Mira Pharmacy,Cairo,Nasr City,Mira Pharmacy,Nasr City,Nasr City,registry,high,{},False,0,0
1890,Metro Pharmacy,,,Metro Pharmacy,,,,,{},False,0,0
1891,Green Leaf Pharmacy - Faisal,,,Green Leaf Pharmacy - Faisal,,,,,{},False,0,0
1892,Nile Care Pharmacy - Faisal,Giza,Faisal,Nile Care Pharmacy - Faisal,Faisal,Faisal,registry,high,{},False,0,0
1893,Family Pharmacy - Faisal,,,Family Pharmacy - Faisal,,,,,{},False,0,0
1894,El Nasr Pharmacy,Giza,Faisal,El Nasr Pharmacy,Faisal,Faisal,registry,high,{},False,0,0
1895,Care 24 Seven - Square,Giza,Faisal,Care 24 Seven - Square,Faisal,Faisal,registry_conflict,conflict,"{'Faisal': {'erp_account_address': 8, 'erp_header_area': 6, 'erp_ship_to_address': 47}, 'Nasr City': {'erp_header_area': 3, 'erp_ship_to_address': 13}}",True,67,1
1896,El Zahraa Pharmacy,,,El Zahraa Pharmacy,,,,,{},False,0,0
1897,Al Amal Pharmacy,Giza,Faisal,Al Amal Pharmacy,Faisal,Faisal,registry,high,{},False,0,0
1898,Mira Pharmacy - Maadi,Giza,Faisal,Mira Pharmacy - Maadi,Faisal,Faisal,registry,high,{},False,0,0
1899,El Zahraa Pharmacy - Faisal,Giza,Faisal,El Zahraa Pharmacy - Faisal,Faisal,Faisal,registry,high,{},False,0,0
1900,Golden Care Pharmacy - Faisal,Giza,Faisal,Golden Care Pharmacy - Faisal,Faisal,Faisal,registry,high,{},False,0,0
1901,Hope Pharmacy,,,Hope Pharmacy,,,,,{},False,0,0
1902,El Zahraa Pharmacy - Helwan,Giza,Faisal,El Zahraa Pharmacy - Helwan,Faisal,Faisal,registry,high,{},False,0,0
1903,Green Leaf Pharmacy,,,Green Leaf Pharmacy,,,,,{},False,0,0
1904,Golden Care Pharmacy,Giza,Faisal,Golden Care Pharmacy,Faisal,Faisal,registry,high,{},False,0,0
1905,Sunrise Pharmacy - Faisal,Giza,Faisal,Sunrise Pharmacy - Faisal,Faisal,Faisal,registry,high,{'Faisal': {'erp_ship_to_address': 10}},False,10,0
1906,Salamtek Pharmacy - Faisal,,,Salamtek Pharmacy - Faisal,,,,,{},False,0,0
1907,Angel Pharmacy - Faisal,,,Angel Pharmacy - Faisal,,,,,{},False,0,0
1908,Family Pharmacy - Faisal,,,Family Pharmacy - Faisal,,,,,{},False,0,0
1909,Metro Pharmacy - Zayed,Giza,Faisal,Metro Pharmacy - Zayed,Faisal,Faisal,registry,high,{},False,0,0
1910,El Baraka Pharmacy - Square,,,El Baraka Pharmacy - Square,,,,,{},False,0,0
1911,Pharma Plus - Maadi,,,Pharma Plus - Maadi,,Faisal,invoice_evidence,high,"{'erp_account_address': 4, 'erp_ship_to_address': 26}",True,29,1
1912,Alpha Pharma - Faisal,Giza,Faisal,Alpha Pharma - Faisal,Faisal,Faisal,registry,high,"{'Faisal': {'erp_account_address': 4, 'erp_header_area': 3, 'erp_ship_to_address': 23}}",False,26,0
1913,Mira Pharmacy,,,Mira Pharmacy,,,,,{},False,0,0
1914,Hope Pharmacy - Obour,,,Hope Pharmacy - Obour,,,,,{},False,0,0
1915,Better Life Pharmacy - Maadi,Giza,Faisal,Better Life Pharmacy - Maadi,Faisal,Faisal,registry_conflict,conflict,"{'Nasr City': {'erp_account_address': 8, 'erp_ship_to_address': 68}, 'Mohandessin': {'erp_header_area': 3}, 'Faisal': {'erp_header_area': 12, 'erp_ship_to_address': 3}, 'Smouha': {'erp_header_area': 3}}",True,81,3
1916,El Baraka Pharmacy - Rehab View,,,El Baraka Pharmacy - Rehab View,,,,,{},False,0,0
1917,Health Gate Pharmacy,,,Health Gate Pharmacy,,,,,{},False,0,0
1918,Golden Care Pharmacy,Giza,Faisal,Golden Care Pharmacy,Faisal,Faisal,registry,high,{},False,0,0
1919,Mira Pharmacy - Agami,,,Mira Pharmacy - Agami,,,,,{},False,0,0
1920,Silver Care Pharmacy,Giza,Faisal,Silver Care Pharmacy,Faisal,Faisal,registry,high,{},False,0,0
1921,Life Line Pharmacy - Faisal,,,Life Line Pharmacy - Faisal,,,,,{},False,0,0
1922,El Faraby Pharmacy - Oct City,Giza,Faisal,El Faraby Pharmacy - Oct City,Faisal,Faisal,registry,high,{},False,0,0
1923,Mira Pharmacy - Faisal,Giza,Faisal,Mira Pharmacy - Faisal,Faisal,Faisal,registry,high,{},False,0,0
1924,El Baraka Pharmacy,,,El Baraka Pharmacy,,,,,{},False,0,0
1925,Family Pharmacy,Giza,Faisal,Family Pharmacy,Faisal,Faisal,registry,high,{},False,0,0
1926,Al Amal Pharmacy - Haram,,,Al Amal Pharmacy - Haram,,,,,{},False,0,0
1927,Pharma Plus,,,Pharma Plus,,,,,{},False,0,0
1928,Seha First Pharmacy - Agami,,,Seha First Pharmacy - Agami,,Faisal,invoice_evidence,high,"{'erp_account_address': 2, 'erp_ship_to_address': 10}",True,12,1
1929,Star Care Pharmacy - Imbaba,Giza,Faisal,Star Care Pharmacy - Imbaba,Faisal,Faisal,registry,high,"{'Faisal': {'erp_account_address': 2, 'erp_ship_to_address': 20}}",False,21,0
1930,Sunrise Pharmacy - Faisal,,,Sunrise Pharmacy - Faisal,,,,,{},False,0,0
1931,Silver Care Pharmacy - Helwan,,,Silver Care Pharmacy - Helwan,,Mohandessin,invoice_evidence,high,"{'erp_account_address': 4, 'erp_ship_to_address': 9}",True,13,1
1932,Metro Pharmacy,,,Metro Pharmacy,,,,,{},False,0,0
1933,Ebn Sina Pharmacy - Haram,,,Ebn Sina Pharmacy - Haram,,,,,{},False,0,0
1934,Dr Medhat Pharmacy - Faisal,Giza,Faisal,Dr Medhat Pharmacy - Faisal,Faisal,Faisal,registry,high,{},False,0,0
1935,Ebn Sina Pharmacy - Faisal,Giza,Faisal,Ebn Sina Pharmacy - Faisal,Faisal,Faisal,registry,high,{},False,0,0
1936,El Faraby Pharmacy - Faisal,Giza,Faisal,El Faraby Pharmacy - Faisal,Faisal,Faisal,registry,high,{},False,0,0
1937,Misr Pharmacy - Imbaba,,,Misr Pharmacy - Imbaba,,,,,{},False,0,0
1938,Life Line Pharmacy - Faisal,,,Life Line Pharmacy - Faisal,,,,,{},False,0,0
1939,Sunrise Pharmacy,Giza,Faisal,Sunrise Pharmacy,Faisal,Faisal,registry,high,{},False,0,0
1940,El Nasr Pharmacy,Giza,Faisal,El Nasr Pharmacy,Faisal,Faisal,registry,high,{},False,0,0
1941,Dr Medhat Pharmacy - Faisal,,,Dr Medhat Pharmacy - Faisal,,,,,{},False,0,0
1942,El Hokama Pharmacy - Smouha,Giza,Faisal,El Hokama Pharmacy - Smouha,Faisal,Faisal,registry_conflict,conflict,"{'Smouha': {'erp_account_address': 6, 'erp_header_area': 6, 'erp_ship_to_address': 35}, 'Mohandessin': {'erp_header_area': 3}, 'Faisal': {'erp_ship_to_address': 2}}",True,43,2
1943,Omega Pharmacy,,,Omega Pharmacy,,,,,{},False,0,0
1944,El Hokama Pharmacy - Banha,,,El Hokama Pharmacy - Banha,,Faisal,invoice_evidence,high,"{'erp_account_address': 4, 'erp_ship_to_address': 21}",False,23,0
1945,Seha First Pharmacy,Giza,Faisal,Seha First Pharmacy,Faisal,Faisal,registry,high,{},False,0,0
1946,Al Nozha Pharmacy - Faisal,Giza,Faisal,Al Nozha Pharmacy - Faisal,Faisal,Faisal,registry,high,{},False,0,0
1947,Angel Pharmacy - Faisal,,,Angel Pharmacy - Faisal,,,,,{},False,0,0
1948,Pharma Plus - Zayed,,,Pharma Plus - Zayed,,,,,{},False,0,0
1949,Health Gate Pharmacy,Giza,Faisal,Health Gate Pharmacy,Faisal,Faisal,registry,high,{},False,0,0
1950,El Zahraa Pharmacy - Dokki,,,El Zahraa Pharmacy - Dokki,,,,,{},False,0,0
1951,Mira Pharmacy,Giza,Faisal,Mira Pharmacy,Faisal,Faisal,registry,high,{},False,0,0
1952,El Hokama Pharmacy - Faisal,,,El Hokama Pharmacy - Faisal,,,,,{},False,0,0
1953,Dr Medhat Pharmacy - Nozha,Giza,Faisal,Dr Medhat Pharmacy - Nozha,Faisal,Faisal,registry,high,"{'Faisal': {'erp_header_area': 6, 'erp_account_address': 4, 'erp_ship_to_address': 21}}",False,25,0
1954,Family Pharmacy - Maadi,Giza,Faisal,Family Pharmacy - Maadi,Faisal,Faisal,registry,high,{},False,0,0
1955,Pharma Plus - Faisal,Giza,Faisal,Pharma Plus - Faisal,Faisal,Faisal,registry,high,{'Faisal': {'erp_ship_to_address': 27}},False,27,0
1956,Star Care Pharmacy - Faisal,Giza,Faisal,Star Care Pharmacy - Faisal,Faisal,Faisal,registry_conflict,conflict,"{'Nasr City': {'erp_account_address': 2, 'erp_header_area': 3, 'erp_ship_to_address': 33}, 'Faisal': {'erp_account_address': 10, 'erp_header_area': 3, 'erp_ship_to_address': 38}}",True,79,1
1957,Mira Pharmacy,Giza,Faisal,Mira Pharmacy,Faisal,Faisal,registry,high,{},False,0,0
1958,Nile Care Pharmacy,Giza,Faisal,Nile Care Pharmacy,Faisal,Faisal,registry,high,{},False,0,0
1959,El Tourath Pharmacy,Giza,Faisal,El Tourath Pharmacy,Faisal,Faisal,registry,high,{},False,0,0
1960,Misr Pharmacy,Giza,Faisal,Misr Pharmacy,Faisal,Faisal,registry,high,{},False,0,0
1961,Family Pharmacy - Agami,,,Family Pharmacy - Agami,,,,,{},False,0,0
1962,Misr Pharmacy - Faisal,,,Misr Pharmacy - Faisal,,,,,{},False,0,0
1963,El Faraby Pharmacy - Maadi,,,El Faraby Pharmacy - Maadi,,,,,{},False,0,0
1964,Better Life Pharmacy - Faisal,Giza,Faisal,Better Life Pharmacy - Faisal,Faisal,Faisal,registry,high,{},False,0,0
1965,Al Amal Pharmacy - Smouha,Giza,Faisal,Al Amal Pharmacy - Smouha,Faisal,Faisal,registry,high,{},False,0,0
1966,Life Line Pharmacy - Agami,Giza,Faisal,Life Line Pharmacy - Agami,Faisal,Faisal,registry,high,{},False,0,0
1967,Golden Care Pharmacy - Faisal,Giza,Faisal,Golden Care Pharmacy - Faisal,Faisal,Faisal,registry,high,{},False,0,0
1968,Salamtek Pharmacy - Obour,Giza,Faisal,Salamtek Pharmacy - Obour,Faisal,Faisal,registry_conflict,conflict,"{'Nasr City': {'erp_account_address': 2, 'erp_ship_to_address': 20}}",True,21,1
1969,Mira Pharmacy - Zayed,,,Mira Pharmacy - Zayed,,,,,{},False,0,0
1970,Better Life Pharmacy - Faisal,Giza,Faisal,Better Life Pharmacy - Faisal,Faisal,Faisal,registry,high,{},False,0,0
1971,El Faraby Pharmacy,,,El Faraby Pharmacy,,,,,{},False,0,0
1972,Ebn Sina Pharmacy - Faisal,Giza,Faisal,Ebn Sina Pharmacy - Faisal,Faisal,Faisal,registry,high,{},False,0,0
1973,Metro Pharmacy - Haram,,,Metro Pharmacy - Haram,,,,,{},False,0,0
1974,Golden Care Pharmacy - Dokki,,,Golden Care Pharmacy - Dokki,,,,,{},False,0,0
1975,El Zahraa Pharmacy,Giza,Faisal,El Zahraa Pharmacy,Faisal,Faisal,registry,high,{},False,0,0
1976,Golden Care Pharmacy - Square,Giza,Faisal,Golden Care Pharmacy - Square,Faisal,Faisal,registry,high,"{'Faisal': {'erp_header_area': 3, 'erp_account_address': 2, 'erp_ship_to_address': 22}}",False,24,0
1977,Green Leaf Pharmacy - Square,Giza,Faisal,Green Leaf Pharmacy - Square,Faisal,Faisal,registry,high,{},False,0,0
1978,Al Amal Pharmacy,,,Al Amal Pharmacy,,,,,{},False,0,0
1979,Al Nozha Pharmacy - Faisal,,,Al Nozha Pharmacy - Faisal,,,,,{},False,0,0
1980,Star Care Pharmacy,Giza,Faisal,Star Care Pharmacy,Faisal,Faisal,registry,high,{},False,0,0
1981,Care 24 Seven - Faisal,,,Care 24 Seven - Faisal,,,,,{},False,0,0
1982,Seha First Pharmacy - Haram,,,Seha First Pharmacy - Haram,,,,,{},False,0,0
1983,El Zahraa Pharmacy - Agami,Giza,Faisal,El Zahraa Pharmacy - Agami,Faisal,Faisal,registry,high,{},False,0,0
1984,El Nasr Pharmacy,,,El Nasr Pharmacy,,,,,{},False,0,0
1985,El Hokama Pharmacy,,,El Hokama Pharmacy,,,,,{},False,0,0
1986,Family Pharmacy,,,Family Pharmacy,,,,,{},False,0,0
1987,Nile Care Pharmacy,,,Nile Care Pharmacy,,,,,{},False,0,0
1988,Life Line Pharmacy - Montaza,Giza,Faisal,Life Line Pharmacy - Montaza,Faisal,Faisal,registry_conflict,conflict,"{'Faisal': {'erp_header_area': 3, 'erp_account_address': 2, 'erp_ship_to_address': 17}, 'Nasr City': {'erp_header_area': 3}}",True,20,1
1989,Metro Pharmacy - Faisal,Giza,Faisal,Metro Pharmacy - Faisal,Faisal,Faisal,registry,high,{},False,0,0
1990,El Faraby Pharmacy,,,El Faraby Pharmacy,,,,,{},False,0,0
1991,El Baraka Pharmacy,Giza,Faisal,El Baraka Pharmacy,Faisal,Faisal,registry,high,{},False,0,0
1992,Life Line Pharmacy - Faisal,,,Life Line Pharmacy - Faisal,,,,,{},False,0,0
1993,El Hokama Pharmacy,Giza,Faisal,El Hokama Pharmacy,Faisal,Faisal,registry,high,{},False,0,0
1994,El Zahraa Pharmacy,,,El Zahraa Pharmacy,,,,,{},False,0,0
1995,El Zahraa Pharmacy - Haram,Giza,Faisal,El Zahraa Pharmacy - Haram,Faisal,Faisal,registry,high,{},False,0,0
1996,Seha First Pharmacy - Faisal,Giza,Faisal,Seha First Pharmacy - Faisal,Faisal,Faisal,registry,high,{},False,0,0
1997,Pharma Plus,Giza,Faisal,Pharma Plus,Faisal,Faisal,registry,high,{},False,0,0
1998,Al Nozha Pharmacy - Smouha,,,Al Nozha Pharmacy - Smouha,,,,,{},False,0,0
1999,Seha First Pharmacy - Faisal,,,Seha First Pharmacy - Faisal,,,,,{},False,0,0
2000,Health Gate Pharmacy - Banha,,,Health Gate Pharmacy - Banha,,Faisal,invoice_evidence,high,{'erp_ship_to_address': 4},False,4,0
2001,City Care Pharmacy,,,City Care Pharmacy,,,,,{},False,0,0
2002,Ebn Sina Pharmacy - Nozha,,,Ebn Sina Pharmacy - Nozha,,,,,{},False,0,0
2003,Pharma Plus - Zayed,,,Pharma Plus - Zayed,,,,,{},False,0,0
2004,Dr Medhat Pharmacy,Giza,Faisal,Dr Medhat Pharmacy,Faisal,Faisal,registry,high,{},False,0,0
2005,Family Pharmacy - Faisal,Giza,Faisal,Family Pharmacy - Faisal,Faisal,Faisal,registry,high,{},False,0,0
2006,Misr Pharmacy,,,Misr Pharmacy,,,,,{},False,0,0
2007,Al Nozha Pharmacy - Faisal,,,Al Nozha Pharmacy - Faisal,,,,,{},False,0,0
2008,El Nasr Pharmacy - Faisal,Giza,Faisal,El Nasr Pharmacy - Faisal,Faisal,Faisal,registry,high,{},False,0,0
2009,Misr Pharmacy,,,Misr Pharmacy,,,,,{},False,0,0
2010,Seha First Pharmacy - Faisal,Giza,Faisal,Seha First Pharmacy - Faisal,Faisal,Faisal,registry,high,{},False,0,0
2011,City Care Pharmacy - Haram,Giza,Faisal,City Care Pharmacy - Haram,Faisal,Faisal,registry,high,{},False,0,0
2012,Elite Pharmacy,,,Elite Pharmacy,,,,,{},False,0,0
2013,El Hokama Pharmacy,Giza,Faisal,El Hokama Pharmacy,Faisal,Faisal,registry,high,{},False,0,0
2014,Care 24 Seven - Faisal,,,Care 24 Seven - Faisal,,,,,{},False,0,0
2015,Angel Pharmacy,,,Angel Pharmacy,,,,,{},False,0,0
2016,El Baraka Pharmacy - Faisal,Giza,Faisal,El Baraka Pharmacy - Faisal,Faisal,Faisal,registry,high,{},False,0,0
2017,El Shifa Pharmacy,,,El Shifa Pharmacy,,,,,{},False,0,0
2018,Mira Pharmacy,Giza,Faisal,Mira Pharmacy,Faisal,Faisal,registry,high,{},False,0,0
2019,El Faraby Pharmacy - Marg,Giza,Faisal,El Faraby Pharmacy - Marg,Faisal,Faisal,registry,high,{},False,0,0
2020,Alpha Pharma - Square,,,Alpha Pharma - Square,,,,,{},False,0,0
2021,Hope Pharmacy - Dokki,Giza,Faisal,Hope Pharmacy - Dokki,Faisal,Faisal,registry,high,{},False,0,0
2022,Life Line Pharmacy,,,Life Line Pharmacy,,,,,{},False,0,0
2023,El Zahraa Pharmacy,Giza,Faisal,El Zahraa Pharmacy,Faisal,Faisal,registry,high,{},False,0,0
2024,Union Pharm - Rehab View,,,Union Pharm - Rehab View,,,,,{},False,0,0
2025,Pharma Plus,,,Pharma Plus,,,,,{},False,0,0
2026,Better Life Pharmacy - Faisal,,,Better Life Pharmacy - Faisal,,,,,{},False,0,0
2027,Blue Wave Pharmacy - Shubra,Giza,Faisal,Blue Wave Pharmacy - Shubra,Faisal,Faisal,registry_conflict,conflict,"{'Mohandessin': {'erp_header_area': 3}, 'Faisal': {'erp_ship_to_address': 3}}",True,4,1
2028,Silver Care Pharmacy - Haram,Giza,Faisal,Silver Care Pharmacy - Haram,Faisal,Faisal,registry,high,{},False,0,0
2029,El Zahraa Pharmacy - Imbaba,Giza,Faisal,El Zahraa Pharmacy - Imbaba,Faisal,Faisal,registry,high,{},False,0,0
2030,El Shifa Pharmacy - Zayed,Giza,Faisal,El Shifa Pharmacy - Zayed,Faisal,Faisal,registry,high,{},False,0,0
2031,Blue Wave Pharmacy,Giza,Faisal,Blue Wave Pharmacy,Faisal,Faisal,registry,high,{},False,0,0
2032,Nile Care Pharmacy,,,Nile Care Pharmacy,,,,,{},False,0,0
2033,Blue Wave Pharmacy - Faisal,,,Blue Wave Pharmacy - Faisal,,,,,{},False,0,0
2034,Family Pharmacy - Nozha,,,Family Pharmacy - Nozha,,,,,{},False,0,0
2035,Better Life Pharmacy,Giza,Faisal,Better Life Pharmacy,Faisal,Faisal,registry,high,{},False,0,0
2036,City Care Pharmacy - Obour,,,City Care Pharmacy - Obour,,,,,{},False,0,0
2037,Blue Wave Pharmacy - Maadi,Giza,Faisal,Blue Wave Pharmacy - Maadi,Faisal,Faisal,registry,high,{},False,0,0
2038,Sunrise Pharmacy - Imbaba,Giza,Faisal,Sunrise Pharmacy - Imbaba,Faisal,Faisal,registry_conflict,conflict,{'Mohandessin': {'erp_ship_to_address': 10}},True,10,1
2039,El Tourath Pharmacy - Faisal,Giza,Faisal,El Tourath Pharmacy - Faisal,Faisal,Faisal,registry,high,{},False,0,0
2040,El Baraka Pharmacy - Faisal,Giza,Faisal,El Baraka Pharmacy - Faisal,Faisal,Faisal,registry,high,{},False,0,0
2041,Silver Care Pharmacy,,,Silver Care Pharmacy,,,,,{},False,0,0
2042,Union Pharm - Faisal,,,Union Pharm - Faisal,,,,,{},False,0,0
2043,El Shifa Pharmacy,,,El Shifa Pharmacy,,,,,{},False,0,0
2044,Care 24 Seven,,,Care 24 Seven,,,,,{},False,0,0
2045,Nile Care Pharmacy,,,Nile Care Pharmacy,,,,,{},False,0,0
2046,Ebn Sina Pharmacy - Faisal,,,Ebn Sina Pharmacy - Faisal,,,,,{},False,0,0
2047,Nile Care Pharmacy,,,Nile Care Pharmacy,,,,,{},False,0,0
2048,Golden Care Pharmacy,,,Golden Care Pharmacy,,,,,{},False,0,0
2049,Nile Care Pharmacy,Giza,Faisal,Nile Care Pharmacy,Faisal,Faisal,registry,high,{},False,0,0
2050,Omega Pharmacy - Oct City,,,Omega Pharmacy - Oct City,,,,,{},False,0,0
2051,Care 24 Seven,Giza,Faisal,Care 24 Seven,Faisal,Faisal,registry,high,{},False,0,0
2052,Better Life Pharmacy - Faisal,Giza,Faisal,Better Life Pharmacy - Faisal,Faisal,Faisal,registry,high,{},False,0,0
2053,Dr Medhat Pharmacy - Imbaba,,,Dr Medhat Pharmacy - Imbaba,,,,,{},False,0,0
2054,Silver Care Pharmacy,Giza,Faisal,Silver Care Pharmacy,Faisal,Faisal,registry,high,{},False,0,0
2055,Angel Pharmacy,Giza,Faisal,Angel Pharmacy,Faisal,Faisal,registry,high,{},False,0,0
2056,Salamtek Pharmacy,Giza,Faisal,Salamtek Pharmacy,Faisal,Faisal,registry,high,{},False,0,0
2057,El Baraka Pharmacy - Marg,,,El Baraka Pharmacy - Marg,,,,,{},False,0,0
2058,Elite Pharmacy - Haram,Giza,Faisal,Elite Pharmacy - Haram,Faisal,Faisal,registry,high,{},False,0,0
2059,El Zahraa Pharmacy - Obour,Giza,Faisal,El Zahraa Pharmacy - Obour,Faisal,Faisal,registry,high,"{'Faisal': {'erp_account_address': 2, 'erp_ship_to_address': 5}}",False,6,0
2060,Omega Pharmacy - Faisal,Giza,Faisal,Omega Pharmacy - Faisal,Faisal,Faisal,registry,high,{},False,0,0
2061,Alpha Pharma,,,Alpha Pharma,,,,,{},False,0,0
2062,El Nasr Pharmacy,Giza,Faisal,El Nasr Pharmacy,Faisal,Faisal,registry,high,{},False,0,0
2063,Omega Pharmacy - Agami,,,Omega Pharmacy - Agami,,,,,{},False,0,0
2064,Angel Pharmacy - Nozha,Giza,Faisal,Angel Pharmacy - Nozha,Faisal,Faisal,registry,high,{},False,0,0
2065,Union Pharm - Zayed,,,Union Pharm - Zayed,,,,,{},False,0,0
2066,Better Life Pharmacy - Nozha,,,Better Life Pharmacy - Nozha,,Faisal,invoice_evidence,high,"{'erp_header_area': 3, 'erp_account_address': 10, 'erp_ship_to_address': 36}",False,42,0
2067,Mira Pharmacy,,,Mira Pharmacy,,,,,{},False,0,0
2068,El Zahraa Pharmacy - Faisal,,,El Zahraa Pharmacy - Faisal,,,,,{},False,0,0
2069,Health Gate Pharmacy - Zayed,Giza,Faisal,Health Gate Pharmacy - Zayed,Faisal,Faisal,registry,high,"{'Faisal': {'erp_header_area': 3, 'erp_account_address': 4, 'erp_ship_to_address': 22}}",False,25,0
2070,Nile Care Pharmacy - Faisal,,,Nile Care Pharmacy - Faisal,,,,,{},False,0,0
2071,Elite Pharmacy - Faisal,,,Elite Pharmacy - Faisal,,,,,{},False,0,0
2072,El Nasr Pharmacy - Square,,,El Nasr Pharmacy - Square,,,,,{},False,0,0
2073,Pharma Plus,,,Pharma Plus,,,,,{},False,0,0
2074,Union Pharm - Faisal,Giza,Faisal,Union Pharm - Faisal,Faisal,Faisal,registry,high,{},False,0,0
2075,Salamtek Pharmacy - Faisal,Giza,Faisal,Salamtek Pharmacy - Faisal,Faisal,Faisal,registry,high,{},False,0,0
2076,Mira Pharmacy,,,Mira Pharmacy,,,,,{},False,0,0
2077,Nile Care Pharmacy,,,Nile Care Pharmacy,,,,,{},False,0,0
2078,El Shifa Pharmacy - Agami,Giza,Faisal,El Shifa Pharmacy - Agami,Faisal,Faisal,registry,high,{},False,0,0
2079,Family Pharmacy - Faisal,,,Family Pharmacy - Faisal,,,,,{},False,0,0
2080,Hope Pharmacy,Giza,Faisal,Hope Pharmacy,Faisal,Faisal,registry,high,{},False,0,0
2081,Sunrise Pharmacy - Montaza,,,Sunrise Pharmacy - Montaza,,,,,{},False,0,0
2082,Omega Pharmacy,Giza,Faisal,Omega Pharmacy,Faisal,Faisal,registry,high,{},False,0,0
2083,Al Amal Pharmacy - Faisal,Giza,Faisal,Al Amal Pharmacy - Faisal,Faisal,Faisal,registry,high,{'Faisal': {'erp_ship_to_address': 4}},False,4,0
2084,Ebn Sina Pharmacy - Faisal,Giza,Faisal,Ebn Sina Pharmacy - Faisal,Faisal,Faisal,registry,high,{},False,0,0
2085,Green Leaf Pharmacy - Faisal,Giza,Faisal,Green Leaf Pharmacy - Faisal,Faisal,Faisal,registry,high,{},False,0,0
2086,Salamtek Pharmacy - Faisal,,,Salamtek Pharmacy - Faisal,,,,,{},False,0,0
2087,El Shifa Pharmacy - Helwan,Giza,Faisal,El Shifa Pharmacy - Helwan,Faisal,Faisal,registry,high,{},False,0,0
2088,Metro Pharmacy - Obour,,,Metro Pharmacy - Obour,,,,,{},False,0,0
2089,Nile Care Pharmacy - Faisal,Giza,Faisal,Nile Care Pharmacy - Faisal,Faisal,Faisal,registry,high,{},False,0,0
2090,Green Leaf Pharmacy,Giza,Faisal,Green Leaf Pharmacy,Faisal,Faisal,registry,high,{},False,0,0
2091,Green Leaf Pharmacy,Giza,Faisal,Green Leaf Pharmacy,Faisal,Faisal,registry,high,{},False,0,0
2092,Star Care Pharmacy - Faisal,,,Star Care Pharmacy - Faisal,,,,,{},False,0,0
2093,Green Leaf Pharmacy,,,Green Leaf Pharmacy,,,,,{},False,0,0
2094,Silver Care Pharmacy - Dokki,,,Silver Care Pharmacy - Dokki,,,,,{},False,0,0
2095,Green Leaf Pharmacy - Maadi,Giza,Faisal,Green Leaf Pharmacy - Maadi,Faisal,Faisal,registry,high,{},False,0,0
2096,Metro Pharmacy,Giza,Faisal,Metro Pharmacy,Faisal,Faisal,registry,high,{},False,0,0
2097,City Care Pharmacy - Rehab View,Giza,Faisal,City Care Pharmacy - Rehab View,Faisal,Faisal,registry,high,"{'Faisal': {'erp_account_address': 2, 'erp_ship_to_address': 8}}",False,9,0
2098,Alpha Pharma - Rehab View,Giza,Faisal,Alpha Pharma - Rehab View,Faisal,Faisal,registry_conflict,conflict,"{'Faisal': {'erp_account_address': 4, 'erp_header_area': 9, 'erp_ship_to_address': 45}, 'Nasr City': {'erp_account_address': 14, 'erp_header_area': 3, 'erp_ship_to_address': 60}}",True,118,1
2099,Silver Care Pharmacy - Marg,,,Silver Care Pharmacy - Marg,,,,,{},False,0,0
2100,Al Amal Pharmacy,Giza,Faisal,Al Amal Pharmacy,Faisal,Faisal,registry,high,{},False,0,0
2101,Pharma Plus - Dokki,,,Pharma Plus - Dokki,,,,,{},False,0,0
2102,Golden Care Pharmacy - Imbaba,Giza,Faisal,Golden Care Pharmacy - Imbaba,Faisal,Faisal,registry,high,"{'Faisal': {'erp_account_address': 4, 'erp_ship_to_address': 16}}",False,18,0
2103,El Hokama Pharmacy - Faisal,,,El Hokama Pharmacy - Faisal,,,,,{},False,0,0
2104,Nile Care Pharmacy - Faisal,,,Nile Care Pharmacy - Faisal,,,,,{},False,0,0
2105,Al Nozha Pharmacy,Giza,Faisal,Al Nozha Pharmacy,Faisal,Faisal,registry,high,{},False,0,0
2106,Seha First Pharmacy,Giza,Faisal,Seha First Pharmacy,Faisal,Faisal,registry,high,{},False,0,0
2107,Star Care Pharmacy,Giza,Faisal,Star Care Pharmacy,Faisal,Faisal,registry,high,{},False,0,0
2108,Better Life Pharmacy - Imbaba,Giza,Faisal,Better Life Pharmacy - Imbaba,Faisal,Faisal,registry,high,{},False,0,0
2109,Metro Pharmacy - Faisal,Giza,Faisal,Metro Pharmacy - Faisal,Faisal,Faisal,registry,high,{},False,0,0
2110,El Zahraa Pharmacy - Faisal,Giza,Faisal,El Zahraa Pharmacy - Faisal,Faisal,Faisal,registry,high,{},False,0,0
2111,Nile Care Pharmacy,Giza,Faisal,Nile Care Pharmacy,Faisal,Faisal,registry,high,{},False,0,0
2112,El Nasr Pharmacy - Faisal,Giza,Faisal,El Nasr Pharmacy - Faisal,Faisal,Faisal,registry,high,{},False,0,0
2113,Hope Pharmacy - Imbaba,Giza,Faisal,Hope Pharmacy - Imbaba,Faisal,Faisal,registry_conflict,conflict,"{'Mohandessin': {'erp_header_area': 3, 'erp_account_address': 2, 'erp_ship_to_address': 5}}",True,7,1
2114,El Baraka Pharmacy - Oct City,,,El Baraka Pharmacy - Oct City,,,,,{},False,0,0
2115,Better Life Pharmacy - Faisal,Giza,Faisal,Better Life Pharmacy - Faisal,Faisal,Faisal,registry,high,{},False,0,0
2116,Mira Pharmacy - Square,,,Mira Pharmacy - Square,,,,,{},False,0,0
2117,Ebn Sina Pharmacy - Nozha,Giza,Faisal,Ebn Sina Pharmacy - Nozha,Faisal,Faisal,registry,high,{},False,0,0
2118,Life Line Pharmacy,Giza,Faisal,Life Line Pharmacy,Faisal,Faisal,registry,high,{},False,0,0
2119,El Shifa Pharmacy,,,El Shifa Pharmacy,,,,,{},False,0,0
2120,Silver Care Pharmacy,Giza,Faisal,Silver Care Pharmacy,Faisal,Faisal,registry,high,{},False,0,0
2121,Star Care Pharmacy - Nozha,,,Star Care Pharmacy - Nozha,,Nasr City,invoice_evidence,high,{'erp_ship_to_address': 10},True,16,1
2122,City Care Pharmacy - Smouha,Giza,Faisal,City Care Pharmacy - Smouha,Faisal,Faisal,registry_conflict,conflict,{'Smouha': {'erp_account_address': 2}},True,1,1
2123,El Nasr Pharmacy - Imbaba,,,El Nasr Pharmacy - Imbaba,,,,,{},False,0,0
2124,Angel Pharmacy - Imbaba,,,Angel Pharmacy - Imbaba,,,,,{},False,0,0
2125,Salamtek Pharmacy - Square,,,Salamtek Pharmacy - Square,,,,,{},False,0,0
2126,El Zahraa Pharmacy - Faisal,,,El Zahraa Pharmacy - Faisal,,,,,{},False,0,0
2127,Blue Wave Pharmacy,,,Blue Wave Pharmacy,,,,,{},False,0,0
2128,City Care Pharmacy - Faisal,Giza,Faisal,City Care Pharmacy - Faisal,Faisal,Faisal,registry,high,{},False,0,0
2129,El Hokama Pharmacy,,,El Hokama Pharmacy,,,,,{},False,0,0
2130,Sunrise Pharmacy,,,Sunrise Pharmacy,,,,,{},False,0,0
2131,Elite Pharmacy - Oct City,,,Elite Pharmacy - Oct City,,,,,{},False,0,0
2132,Sunrise Pharmacy - Agami,Giza,Faisal,Sunrise Pharmacy - Agami,Faisal,Faisal,registry,high,{},False,0,0
2133,City Care Pharmacy,,,City Care Pharmacy,,,,,{},False,0,0
2134,Seha First Pharmacy - Faisal,Giza,Faisal,Seha First Pharmacy - Faisal,Faisal,Faisal,registry,high,{},False,0,0
2135,Angel Pharmacy,,,Angel Pharmacy,,,,,{},False,0,0
2136,Misr Pharmacy,,,Misr Pharmacy,,,,,{},False,0,0
2137,Elite Pharmacy,Giza,Faisal,Elite Pharmacy,Faisal,Faisal,registry,high,{},False,0,0
2138,Union Pharm - Faisal,Giza,Faisal,Union Pharm - Faisal,Faisal,Faisal,registry,high,{},False,0,0
2139,Salamtek Pharmacy - Smouha,Giza,Faisal,Salamtek Pharmacy - Smouha,Faisal,Faisal,registry,high,{},False,0,0
2140,El Faraby Pharmacy - Faisal,Giza,Faisal,El Faraby Pharmacy - Faisal,Faisal,Faisal,registry,high,{},False,0,0
2141,Pharma Plus - Rehab View,Giza,Faisal,Pharma Plus - Rehab View,Faisal,Faisal,registry,high,{},False,0,0
2142,Blue Wave Pharmacy,Giza,Faisal,Blue Wave Pharmacy,Faisal,Faisal,registry,high,{},False,0,0
2143,El Shifa Pharmacy,Giza,Faisal,El Shifa Pharmacy,Faisal,Faisal,registry,high,{},False,0,0
2144,Golden Care Pharmacy,Giza,Faisal,Golden Care Pharmacy,Faisal,Faisal,registry,high,{},False,0,0
2145,Life Line Pharmacy - Rehab View,,,Life Line Pharmacy - Rehab View,,,,,{},False,0,0
2146,Health Gate Pharmacy - Maadi,,,Health Gate Pharmacy - Maadi,,,,,{},False,0,0
2147,Misr Pharmacy,Giza,Faisal,Misr Pharmacy,Faisal,Faisal,registry,high,{},False,0,0
2148,Better Life Pharmacy,Giza,Faisal,Better Life Pharmacy,Faisal,Faisal,registry,high,{},False,0,0
2149,Pharma Plus - Faisal,,,Pharma Plus - Faisal,,,,,{},False,0,0
2150,Angel Pharmacy,Giza,Faisal,Angel Pharmacy,Faisal,Faisal,registry,high,{},False,0,0
2151,Silver Care Pharmacy - Faisal,,,Silver Care Pharmacy - Faisal,,,,,{},False,0,0
2152,Misr Pharmacy,,,Misr Pharmacy,,,,,{},False,0,0
2153,Al Nozha Pharmacy - Faisal,,,Al Nozha Pharmacy - Faisal,,,,,{},False,0,0
2154,El Tourath Pharmacy - Faisal,Giza,Faisal,El Tourath Pharmacy - Faisal,Faisal,Faisal,registry,high,{},False,0,0
2155,Metro Pharmacy,,,Metro Pharmacy,,,,,{},False,0,0
2156,Family Pharmacy,,,Family Pharmacy,,,,,{},False,0,0
2157,Seha First Pharmacy,,,Seha First Pharmacy,,,,,{},False,0,0
2158,Hope Pharmacy - Maadi,,,Hope Pharmacy - Maadi,,,,,{},False,0,0
2159,El Faraby Pharmacy - Faisal,Giza,Faisal,El Faraby Pharmacy - Faisal,Faisal,Faisal,registry,high,{},False,0,0
2160,El Baraka Pharmacy - Faisal,,,El Baraka Pharmacy - Faisal,,,,,{},False,0,0
2161,Green Leaf Pharmacy - Imbaba,Giza,Faisal,Green Leaf Pharmacy - Imbaba,Faisal,Faisal,registry,high,{},False,0,0
2162,El Tourath Pharmacy - Rehab View,,,El Tourath Pharmacy - Rehab View,,,,,{},False,0,0
2163,Silver Care Pharmacy - Faisal,,,Silver Care Pharmacy - Faisal,,,,,{},False,0,0
2164,Angel Pharmacy - Dokki,Giza,Faisal,Angel Pharmacy - Dokki,Faisal,Faisal,registry,high,{},False,0,0
2165,Nile Care Pharmacy - Banha,Giza,Faisal,Nile Care Pharmacy - Banha,Faisal,Faisal,registry_conflict,conflict,"{'Nasr City': {'erp_account_address': 4, 'erp_ship_to_address': 8}}",True,10,1
2166,Salamtek Pharmacy,Giza,Faisal,Salamtek Pharmacy,Faisal,Faisal,registry,high,{},False,0,0
2167,El Tourath Pharmacy,Giza,Faisal,El Tourath Pharmacy,Faisal,Faisal,registry,high,{},False,0,0
2168,Health Gate Pharmacy - Faisal,Giza,Faisal,Health Gate Pharmacy - Faisal,Faisal,Faisal,registry,high,{},False,0,0
2169,Seha First Pharmacy - Obour,,,Seha First Pharmacy - Obour,,Faisal,invoice_evidence,high,{'erp_ship_to_address': 11},False,11,0
2170,Mira Pharmacy,,,Mira Pharmacy,,,,,{},False,0,0
2171,Metro Pharmacy - Faisal,Giza,Faisal,Metro Pharmacy - Faisal,Faisal,Faisal,registry,high,{},False,0,0
2172,Seha First Pharmacy - Faisal,Giza,Faisal,Seha First Pharmacy - Faisal,Faisal,Faisal,registry,high,{},False,0,0
2173,Life Line Pharmacy,Giza,Faisal,Life Line Pharmacy,Faisal,Faisal,registry,high,{},False,0,0
2174,Ebn Sina Pharmacy,Giza,Faisal,Ebn Sina Pharmacy,Faisal,Faisal,registry,high,{},False,0,0
2175,El Hokama Pharmacy - Dokki,Giza,Faisal,El Hokama Pharmacy - Dokki,Faisal,Faisal,registry,high,{},False,0,0
2176,Misr Pharmacy - Smouha,,,Misr Pharmacy - Smouha,,,,,{},False,0,0
2177,City Care Pharmacy,Giza,Faisal,City Care Pharmacy,Faisal,Faisal,registry,high,{},False,0,0
2178,El Nasr Pharmacy - Haram,Giza,Faisal,El Nasr Pharmacy - Haram,Faisal,Faisal,registry,high,"{'Faisal': {'erp_account_address': 8, 'erp_ship_to_address': 20}}",False,24,0
2179,Life Line Pharmacy,,,Life Line Pharmacy,,,,,{},False,0,0
2180,Care 24 Seven - Haram,Giza,Faisal,Care 24 Seven - Haram,Faisal,Faisal,registry,high,"{'Faisal': {'erp_account_address': 16, 'erp_header_area': 9, 'erp_ship_to_address': 87}}",False,98,0
2181,Metro Pharmacy - Faisal,,,Metro Pharmacy - Faisal,,,,,{},False,0,0
2182,Green Leaf Pharmacy,,,Green Leaf Pharmacy,,,,,{},False,0,0
2183,Al Nozha Pharmacy,,,Al Nozha Pharmacy,,,,,{},False,0,0
2184,Life Line Pharmacy,Giza,Faisal,Life Line Pharmacy,Faisal,Faisal,registry,high,{},False,0,0
2185,Al Nozha Pharmacy - Faisal,,,Al Nozha Pharmacy - Faisal,,,,,{},False,0,0
2186,Metro Pharmacy,,,Metro Pharmacy,,,,,{},False,0,0
2187,Golden Care Pharmacy - Faisal,,,Golden Care Pharmacy - Faisal,,,,,{},False,0,0
2188,Omega Pharmacy,Giza,Faisal,Omega Pharmacy,Faisal,Faisal,registry,high,{},False,0,0
2189,Angel Pharmacy,Giza,Faisal,Angel Pharmacy,Faisal,Faisal,registry,high,{},False,0,0
2190,Care 24 Seven,Giza,Faisal,Care 24 Seven,Faisal,Faisal,registry,high,{},False,0,0
2191,Mira Pharmacy - Rehab View,,,Mira Pharmacy - Rehab View,,,,,{},False,0,0
2192,Union Pharm,,,Union Pharm,,,,,{},False,0,0
2193,Better Life Pharmacy - Montaza,Giza,Faisal,Better Life Pharmacy - Montaza,Faisal,Faisal,registry_conflict,conflict,"{'Nasr City': {'erp_header_area': 3}, 'Faisal': {'erp_ship_to_address': 21}}",True,22,1
2194,Omega Pharmacy - Shubra,Giza,Faisal,Omega Pharmacy - Shubra,Faisal,Faisal,registry,high,{},False,0,0
2195,Alpha Pharma - Agami,,,Alpha Pharma - Agami,,Faisal,invoice_evidence,high,"{'erp_account_address': 6, 'erp_ship_to_address': 22}",False,25,0
2196,El Zahraa Pharmacy - Nozha,,,El Zahraa Pharmacy - Nozha,,,,,{},False,0,0
2197,Silver Care Pharmacy - Nozha,Giza,Faisal,Silver Care Pharmacy - Nozha,Faisal,Faisal,registry,high,{},False,0,0
2198,Nile Care Pharmacy,Giza,Faisal,Nile Care Pharmacy,Faisal,Faisal,registry,high,{},False,0,0
2199,Health Gate Pharmacy,,,Health Gate Pharmacy,,,,,{},False,0,0
2200,Dr Medhat Pharmacy,Giza,Faisal,Dr Medhat Pharmacy,Faisal,Faisal,registry,high,{},False,0,0
2201,El Nasr Pharmacy - Helwan,Giza,Faisal,El Nasr Pharmacy - Helwan,Faisal,Faisal,registry,high,{},False,0,0
2202,Health Gate Pharmacy - Faisal,Giza,Faisal,Health Gate Pharmacy - Faisal,Faisal,Faisal,registry,high,{},False,0,0
2203,Nile Care Pharmacy,Giza,Faisal,Nile Care Pharmacy,Faisal,Faisal,registry,high,{},False,0,0
2204,Golden Care Pharmacy,,,Golden Care Pharmacy,,,,,{},False,0,0
2205,Angel Pharmacy - Faisal,Giza,Faisal,Angel Pharmacy - Faisal,Faisal,Faisal,registry,high,{},False,0,0
2206,Golden Care Pharmacy - Obour,Giza,Faisal,Golden Care Pharmacy - Obour,Faisal,Faisal,registry,high,"{'Faisal': {'erp_header_area': 6, 'erp_account_address': 6, 'erp_ship_to_address': 45}}",False,50,0
2207,City Care Pharmacy - Faisal,,,City Care Pharmacy - Faisal,,,,,{},False,0,0
2208,Star Care Pharmacy,,,Star Care Pharmacy,,,,,{},False,0,0
2209,Angel Pharmacy - Montaza,Giza,Faisal,Angel Pharmacy - Montaza,Faisal,Faisal,registry_conflict,conflict,"{'Faisal': {'erp_account_address': 2, 'erp_ship_to_address': 4}, 'Mohandessin': {'erp_header_area': 3, 'erp_ship_to_address': 9}}",True,15,1
2210,Blue Wave Pharmacy - Faisal,,,Blue Wave Pharmacy - Faisal,,,,,{},False,0,0
2211,Family Pharmacy - Faisal,Giza,Faisal,Family Pharmacy - Faisal,Faisal,Faisal,registry,high,{},False,0,0
2212,El Faraby Pharmacy - Faisal,Giza,Faisal,El Faraby Pharmacy - Faisal,Faisal,Faisal,registry,high,{},False,0,0
2213,Dr Medhat Pharmacy - Marg,,,Dr Medhat Pharmacy - Marg,,,,,{},False,0,0
2214,Sunrise Pharmacy,Giza,Faisal,Sunrise Pharmacy,Faisal,Faisal,registry,high,{},False,0,0
2215,Alpha Pharma - Dokki,Giza,Faisal,Alpha Pharma - Dokki,Faisal,Faisal,registry_conflict,conflict,"{'Smouha': {'erp_account_address': 6, 'erp_ship_to_address': 23}, 'Faisal': {'erp_ship_to_address': 1}}",True,27,1
2216,Al Amal Pharmacy - Faisal,,,Al Amal Pharmacy - Faisal,,,,,{},False,0,0
2217,Al Nozha Pharmacy,,,Al Nozha Pharmacy,,,,,{},False,0,0
2218,Star Care Pharmacy - Faisal,,,Star Care Pharmacy - Faisal,,,,,{},False,0,0
2219,Hope Pharmacy - Faisal,,,Hope Pharmacy - Faisal,,,,,{},False,0,0
2220,Al Nozha Pharmacy - Maadi,Giza,Faisal,Al Nozha Pharmacy - Maadi,Faisal,Faisal,registry,high,{},False,0,0
2221,Elite Pharmacy,,,Elite Pharmacy,,,,,{},False,0,0
2222,Elite Pharmacy - Faisal,,,Elite Pharmacy - Faisal,,,,,{},False,0,0
2223,El Zahraa Pharmacy,Giza,Faisal,El Zahraa Pharmacy,Faisal,Faisal,registry,high,{},False,0,0
2224,Angel Pharmacy - Haram,Giza,Faisal,Angel Pharmacy - Haram,Faisal,Faisal,registry,high,"{'Faisal': {'erp_account_address': 4, 'erp_ship_to_address': 13}}",False,15,0
2225,Angel Pharmacy - Faisal,,,Angel Pharmacy - Faisal,,,,,{},False,0,0
2226,Hope Pharmacy - Dokki,Giza,Faisal,Hope Pharmacy - Dokki,Faisal,Faisal,registry,high,{},False,0,0
2227,Union Pharm - Faisal,,,Union Pharm - Faisal,,,,,{},False,0,0
2228,Sunrise Pharmacy,,,Sunrise Pharmacy,,,,,{},False,0,0
2229,Family Pharmacy - Oct City,Giza,Faisal,Family Pharmacy - Oct City,Faisal,Faisal,registry_conflict,conflict,{'Smouha': {'erp_ship_to_address': 14}},True,14,1
2230,Star Care Pharmacy,Giza,Faisal,Star Care Pharmacy,Faisal,Faisal,registry,high,{},False,0,0
2231,Metro Pharmacy - Faisal,Giza,Faisal,Metro Pharmacy - Faisal,Faisal,Faisal,registry,high,{},False,0,0
2232,Angel Pharmacy - Maadi,Giza,Faisal,Angel Pharmacy - Maadi,Faisal,Faisal,registry,high,{},False,0,0
2233,Mira Pharmacy - Agami,,,Mira Pharmacy - Agami,,,,,{},False,0,0
2234,Family Pharmacy - Faisal,,,Family Pharmacy - Faisal,,,,,{},False,0,0
2235,Misr Pharmacy - Faisal,Giza,Faisal,Misr Pharmacy - Faisal,Faisal,Faisal,registry,high,{},False,0,0
2236,El Nasr Pharmacy,Giza,Faisal,El Nasr Pharmacy,Faisal,Faisal,registry,high,{},False,0,0
2237,Hope Pharmacy,Giza,Faisal,Hope Pharmacy,Faisal,Faisal,registry,high,{},False,0,0
2238,Hope Pharmacy - Faisal,,,Hope Pharmacy - Faisal,,,,,{},False,0,0
2239,Mira Pharmacy,Giza,Faisal,Mira Pharmacy,Faisal,Faisal,registry,high,{},False,0,0
2240,Alpha Pharma - Montaza,,,Alpha Pharma - Montaza,,Faisal,invoice_evidence,high,"{'erp_account_address': 4, 'erp_ship_to_address': 2}",False,4,0
2241,Seha First Pharmacy - Rehab View,Giza,Faisal,Seha First Pharmacy - Rehab View,Faisal,Faisal,registry_conflict,conflict,"{'Mohandessin': {'erp_header_area': 3}, 'Faisal': {'erp_account_address': 10, 'erp_ship_to_address': 33}}",True,39,1
2242,Seha First Pharmacy - Banha,,,Seha First Pharmacy - Banha,,,,,{},False,0,0
2243,Golden Care Pharmacy - Faisal,,,Golden Care Pharmacy - Faisal,,,,,{},False,0,0
2244,Seha First Pharmacy - Dokki,Giza,Faisal,Seha First Pharmacy - Dokki,Faisal,Faisal,registry,high,{},False,0,0
2245,Ebn Sina Pharmacy - Faisal,,,Ebn Sina Pharmacy - Faisal,,,,,{},False,0,0
2246,El Shifa Pharmacy,Giza,Faisal,El Shifa Pharmacy,Faisal,Faisal,registry,high,{},False,0,0
2247,Al Nozha Pharmacy,Giza,Faisal,Al Nozha Pharmacy,Faisal,Faisal,registry,high,{},False,0,0
2248,Pharma Plus - Rehab View,Giza,Faisal,Pharma Plus - Rehab View,Faisal,Faisal,registry,high,{},False,0,0
2249,Union Pharm - Obour,Giza,Faisal,Union Pharm - Obour,Faisal,Faisal,registry_conflict,conflict,"{'Faisal': {'erp_account_address': 6, 'erp_ship_to_address': 16}, 'Nasr City': {'erp_ship_to_address': 17}}",True,36,1
2250,Elite Pharmacy,Giza,Faisal,Elite Pharmacy,Faisal,Faisal,registry,high,{},False,0,0
2251,Ebn Sina Pharmacy,Giza,Faisal,Ebn Sina Pharmacy,Faisal,Faisal,registry,high,{},False,0,0
2252,El Nasr Pharmacy - Maadi,,,El Nasr Pharmacy - Maadi,,,,,{},False,0,0
2253,El Tourath Pharmacy - Faisal,Giza,Faisal,El Tourath Pharmacy - Faisal,Faisal,Faisal,registry,high,{},False,0,0
2254,Hope Pharmacy,Giza,Faisal,Hope Pharmacy,Faisal,Faisal,registry,high,{},False,0,0
2255,Dr Medhat Pharmacy - Faisal,,,Dr Medhat Pharmacy - Faisal,,,,,{},False,0,0
2256,El Baraka Pharmacy - Dokki,Giza,Faisal,El Baraka Pharmacy - Dokki,Faisal,Faisal,registry,high,"{'Faisal': {'erp_account_address': 2, 'erp_ship_to_address': 8}}",False,9,0
2257,Green Leaf Pharmacy,Giza,Faisal,Green Leaf Pharmacy,Faisal,Faisal,registry,high,{},False,0,0
2258,City Care Pharmacy - Faisal,Giza,Faisal,City Care Pharmacy - Faisal,Faisal,Faisal,registry,high,{},False,0,0
2259,Blue Wave Pharmacy - Smouha,Giza,Faisal,Blue Wave Pharmacy - Smouha,Faisal,Faisal,registry_conflict,conflict,"{'Faisal': {'erp_account_address': 2, 'erp_ship_to_address': 8}, 'Smouha': {'erp_account_address': 10, 'erp_ship_to_address': 26}, 'Nasr City': {'erp_header_area': 3}}",True,41,2
2260,El Baraka Pharmacy - Helwan,,,El Baraka Pharmacy - Helwan,,,,,{},False,0,0
2261,Alpha Pharma,Giza,Faisal,Alpha Pharma,Faisal,Faisal,registry,high,{},False,0,0
2262,El Tourath Pharmacy,Giza,Faisal,El Tourath Pharmacy,Faisal,Faisal,registry,high,{},False,0,0
2263,Life Line Pharmacy,Giza,Faisal,Life Line Pharmacy,Faisal,Faisal,registry,high,{},False,0,0
2264,Al Nozha Pharmacy,Giza,Faisal,Al Nozha Pharmacy,Faisal,Faisal,registry,high,{},False,0,0
2265,Hope Pharmacy - Montaza,Giza,Faisal,Hope Pharmacy - Montaza,Faisal,Faisal,registry,high,{},False,0,0
2266,El Hokama Pharmacy - Faisal,,,El Hokama Pharmacy - Faisal,,,,,{},False,0,0
2267,El Nasr Pharmacy,,,El Nasr Pharmacy,,,,,{},False,0,0
2268,Alpha Pharma - Faisal,,,Alpha Pharma - Faisal,,,,,{},False,0,0
2269,Health Gate Pharmacy,Giza,Faisal,Health Gate Pharmacy,Faisal,Faisal,registry,high,{},False,0,0
2270,Nile Care Pharmacy,Giza,Faisal,Nile Care Pharmacy,Faisal,Faisal,registry,high,{},False,0,0
2271,Nile Care Pharmacy,Giza,Faisal,Nile Care Pharmacy,Faisal,Faisal,registry,high,{},False,0,0
2272,Angel Pharmacy - Faisal,Giza,Faisal,Angel Pharmacy - Faisal,Faisal,Faisal,registry,high,{},False,0,0
2273,Dr Medhat Pharmacy - Imbaba,,,Dr Medhat Pharmacy - Imbaba,,,,,{},False,0,0
2274,Misr Pharmacy - Square,Giza,Faisal,Misr Pharmacy - Square,Faisal,Faisal,registry,high,"{'Faisal': {'erp_header_area': 3, 'erp_account_address': 2, 'erp_ship_to_address': 6}}",False,8,0
2275,Angel Pharmacy - Nozha,Giza,Faisal,Angel Pharmacy - Nozha,Faisal,Faisal,registry,high,{},False,0,0
2276,Green Leaf Pharmacy - Faisal,,,Green Leaf Pharmacy - Faisal,,,,,{},False,0,0
2277,Hope Pharmacy,Giza,Faisal,Hope Pharmacy,Faisal,Faisal,registry,high,{},False,0,0
2278,Family Pharmacy - Faisal,,,Family Pharmacy - Faisal,,,,,{},False,0,0
2279,Pharma Plus,,,Pharma Plus,,,,,{},False,0,0
2280,Elite Pharmacy - Haram,,,Elite Pharmacy - Haram,,,,,{},False,0,0
2281,Angel Pharmacy - Obour,Giza,Faisal,Angel Pharmacy - Obour,Faisal,Faisal,registry,high,{},False,0,0
2282,Dr Medhat Pharmacy - Montaza,,,Dr Medhat Pharmacy - Montaza,,,,,{},False,0,0
2283,Union Pharm - Faisal,,,Union Pharm - Faisal,,,,,{},False,0,0
2284,El Hokama Pharmacy,Giza,Faisal,El Hokama Pharmacy,Faisal,Faisal,registry,high,{},False,0,0
2285,El Nasr Pharmacy - Faisal,Giza,Faisal,El Nasr Pharmacy - Faisal,Faisal,Faisal,registry,high,{},False,0,0
2286,Green Leaf Pharmacy - Square,Giza,Faisal,Green Leaf Pharmacy - Square,Faisal,Faisal,registry,high,{},False,0,0
2287,El Zahraa Pharmacy - Faisal,Giza,Faisal,El Zahraa Pharmacy - Faisal,Faisal,Faisal,registry,high,{},False,0,0
2288,Family Pharmacy - Shubra,,,Family Pharmacy - Shubra,,,,,{},False,0,0
2289,Sunrise Pharmacy,,,Sunrise Pharmacy,,,,,{},False,0,0
2290,El Hokama Pharmacy - Faisal,Giza,Faisal,El Hokama Pharmacy - Faisal,Faisal,Faisal,registry,high,{},False,0,0
2291,El Hokama Pharmacy - Faisal,,,El Hokama Pharmacy - Faisal,,,,,{},False,0,0
2292,Golden Care Pharmacy - Faisal,Giza,Faisal,Golden Care Pharmacy - Faisal,Faisal,Faisal,registry,high,{},False,0,0
2293,Silver Care Pharmacy - Montaza,,,Silver Care Pharmacy - Montaza,,Faisal,invoice_evidence,high,"{'erp_account_address': 14, 'erp_header_area': 3, 'erp_ship_to_address': 40}",False,48,0
2294,Al Amal Pharmacy - Faisal,,,Al Amal Pharmacy - Faisal,,,,,{},False,0,0
2295,Hope Pharmacy - Faisal,,,Hope Pharmacy - Faisal,,,,,{},False,0,0
2296,El Nasr Pharmacy,Giza,Faisal,El Nasr Pharmacy,Faisal,Faisal,registry,high,{},False,0,0
2297,Mira Pharmacy - Banha,,,Mira Pharmacy - Banha,,,,,{},False,0,0
2298,Family Pharmacy - Faisal,,,Family Pharmacy - Faisal,,,,,{},False,0,0
2299,Golden Care Pharmacy - Faisal,Giza,Faisal,Golden Care Pharmacy - Faisal,Faisal,Faisal,registry,high,{},False,0,0
2300,Al Nozha Pharmacy - Faisal,,,Al Nozha Pharmacy - Faisal,,,,,{},False,0,0
2301,Sunrise Pharmacy,,,Sunrise Pharmacy,,,,,{},False,0,0
2302,Elite Pharmacy - Shubra,Giza,Faisal,Elite Pharmacy - Shubra,Faisal,Faisal,registry,high,{},False,0,0
2303,Hope Pharmacy - Faisal,,,Hope Pharmacy - Faisal,,,,,{},False,0,0
2304,Silver Care Pharmacy,Giza,Faisal,Silver Care Pharmacy,Faisal,Faisal,registry,high,{},False,0,0
2305,Mira Pharmacy - Faisal,Giza,Faisal,Mira Pharmacy - Faisal,Faisal,Faisal,registry,high,{},False,0,0
2306,El Zahraa Pharmacy - Faisal,Giza,Faisal,El Zahraa Pharmacy - Faisal,Faisal,Faisal,registry,high,{},False,0,0
2307,Angel Pharmacy - Nozha,,,Angel Pharmacy - Nozha,,,,,{},False,0,0
2308,Care 24 Seven - Faisal,Giza,Faisal,Care 24 Seven - Faisal,Faisal,Faisal,registry_conflict,conflict,"{'Faisal': {'erp_account_address': 6, 'erp_ship_to_address': 47}, 'Mohandessin': {'erp_header_area': 3, 'erp_ship_to_address': 1}, 'Smouha': {'erp_header_area': 3, 'erp_ship_to_address': 2}, 'Nasr City': {'erp_header_area': 3}}",True,56,3
2309,Green Leaf Pharmacy - Faisal,Giza,Faisal,Green Leaf Pharmacy - Faisal,Faisal,Faisal,registry,high,{},False,0,0
2310,Union Pharm,Giza,Faisal,Union Pharm,Faisal,Faisal,registry,high,{},False,0,0
2311,Dr Medhat Pharmacy - Faisal,Giza,Faisal,Dr Medhat Pharmacy - Faisal,Faisal,Faisal,registry,high,{},False,0,0
2312,Elite Pharmacy,,,Elite Pharmacy,,,,,{},False,0,0
2313,Seha First Pharmacy,Giza,Faisal,Seha First Pharmacy,Faisal,Faisal,registry,high,{},False,0,0
2314,Union Pharm,Giza,Faisal,Union Pharm,Faisal,Faisal,registry,high,{},False,0,0
2315,El Baraka Pharmacy,,,El Baraka Pharmacy,,,,,{},False,0,0
2316,Sunrise Pharmacy,Giza,Faisal,Sunrise Pharmacy,Faisal,Faisal,registry,high,{},False,0,0
2317,Omega Pharmacy - Obour,,,Omega Pharmacy - Obour,,Faisal,invoice_evidence,high,"{'erp_account_address': 2, 'erp_header_area': 3, 'erp_ship_to_address': 7}",False,9,0
2318,Star Care Pharmacy - Faisal,,,Star Care Pharmacy - Faisal,,,,,{},False,0,0
2319,Seha First Pharmacy - Smouha,,,Seha First Pharmacy - Smouha,,,,,{},False,0,0
2320,El Shifa Pharmacy,,,El Shifa Pharmacy,,,,,{},False,0,0
2321,Salamtek Pharmacy - Faisal,Giza,Faisal,Salamtek Pharmacy - Faisal,Faisal,Faisal,registry,high,{},False,0,0
2322,El Faraby Pharmacy,,,El Faraby Pharmacy,,,,,{},False,0,0
2323,Ebn Sina Pharmacy,,,Ebn Sina Pharmacy,,,,,{},False,0,0
2324,El Tourath Pharmacy - Zayed,,,El Tourath Pharmacy - Zayed,,Faisal,invoice_evidence,high,"{'erp_account_address': 12, 'erp_ship_to_address': 78}",True,86,1
2325,Hope Pharmacy - Montaza,,,Hope Pharmacy - Montaza,,,,,{},False,0,0
2326,El Nasr Pharmacy,Giza,Faisal,El Nasr Pharmacy,Faisal,Faisal,registry,high,{},False,0,0
2327,Alpha Pharma,Giza,Faisal,Alpha Pharma,Faisal,Faisal,registry,high,{},False,0,0
2328,Angel Pharmacy - Haram,,,Angel Pharmacy - Haram,,,,,{},False,0,0
2329,Metro Pharmacy - Nozha,,,Metro Pharmacy - Nozha,,,,,{},False,0,0
2330,El Shifa Pharmacy - Montaza,Giza,Faisal,El Shifa Pharmacy - Montaza,Faisal,Faisal,registry_conflict,conflict,"{'Faisal': {'erp_header_area': 3, 'erp_account_address': 6, 'erp_ship_to_address': 26}, 'Smouha': {'erp_account_address': 2, 'erp_ship_to_address': 10}, 'Mohandessin': {'erp_account_address': 2, 'erp_ship_to_address': 8}}",True,50,2
2331,Union Pharm,,,Union Pharm,,,,,{},False,0,0
2332,City Care Pharmacy - Faisal,Giza,Faisal,City Care Pharmacy - Faisal,Faisal,Faisal,registry,high,{},False,0,0
2333,Ebn Sina Pharmacy - Faisal,Giza,Faisal,Ebn Sina Pharmacy - Faisal,Faisal,Faisal,registry,high,{},False,0,0
2334,Green Leaf Pharmacy,,,Green Leaf Pharmacy,,,,,{},False,0,0
2335,Nile Care Pharmacy - Helwan,Giza,Faisal,Nile Care Pharmacy - Helwan,Faisal,Faisal,registry,high,{'Faisal': {'erp_ship_to_address': 5}},False,5,0
2336,Metro Pharmacy - Faisal,Giza,Faisal,Metro Pharmacy - Faisal,Faisal,Faisal,registry,high,{},False,0,0
2337,Life Line Pharmacy - Helwan,,,Life Line Pharmacy - Helwan,,,,,{},False,0,0
2338,Health Gate Pharmacy - Faisal,Giza,Faisal,Health Gate Pharmacy - Faisal,Faisal,Faisal,registry,high,{},False,0,0
2339,Union Pharm,Giza,Faisal,Union Pharm,Faisal,Faisal,registry,high,{},False,0,0
2340,El Tourath Pharmacy - Oct City,Giza,Mohandessin,El Tourath Pharmacy - Oct City,Mohandessin,Mohandessin,registry_conflict,conflict,"{'Smouha': {'erp_header_area': 3}, 'Mohandessin': {'erp_account_address': 4, 'erp_ship_to_address': 25}}",True,28,1
2341,El Shifa Pharmacy - Obour,,,El Shifa Pharmacy - Obour,,,,,{},False,0,0
2342,Green Leaf Pharmacy - Mohandessin,Giza,Mohandessin,Green Leaf Pharmacy - Mohandessin,Mohandessin,Mohandessin,registry,high,{},False,0,0
2343,Seha First Pharmacy - Mohandessin,,,Seha First Pharmacy - Mohandessin,,,,,{},False,0,0
2344,Golden Care Pharmacy - Marg,Giza,Mohandessin,Golden Care Pharmacy - Marg,Mohandessin,Mohandessin,registry,high,"{'Mohandessin': {'erp_account_address': 2, 'erp_ship_to_address': 13}}",False,14,0
2345,Ebn Sina Pharmacy,Giza,Mohandessin,Ebn Sina Pharmacy,Mohandessin,Mohandessin,registry,high,{},False,0,0
2346,Golden Care Pharmacy,Giza,Mohandessin,Golden Care Pharmacy,Mohandessin,Mohandessin,registry,high,{},False,0,0
2347,City Care Pharmacy - Mohandessin,,,City Care Pharmacy - Mohandessin,,,,,{},False,0,0
2348,Mira Pharmacy - Mohandessin,Giza,Mohandessin,Mira Pharmacy - Mohandessin,Mohandessin,Mohandessin,registry,high,{},False,0,0
2349,Silver Care Pharmacy - Haram,Giza,Mohandessin,Silver Care Pharmacy - Haram,Mohandessin,Mohandessin,registry,high,{},False,0,0
2350,Alpha Pharma,,,Alpha Pharma,,,,,{},False,0,0
2351,Alpha Pharma,Giza,Mohandessin,Alpha Pharma,Mohandessin,Mohandessin,registry,high,{},False,0,0
2352,Angel Pharmacy - Mohandessin,Giza,Mohandessin,Angel Pharmacy - Mohandessin,Mohandessin,Mohandessin,registry,high,{},False,0,0
2353,Green Leaf Pharmacy - Agami,,,Green Leaf Pharmacy - Agami,,Mohandessin,invoice_evidence,high,"{'erp_header_area': 3, 'erp_ship_to_address': 2}",True,4,1
2354,Family Pharmacy - Mohandessin,Giza,Mohandessin,Family Pharmacy - Mohandessin,Mohandessin,Mohandessin,registry,high,{},False,0,0
2355,Union Pharm - Mohandessin,Giza,Mohandessin,Union Pharm - Mohandessin,Mohandessin,Mohandessin,registry,high,{},False,0,0
2356,Star Care Pharmacy - Helwan,Giza,Mohandessin,Star Care Pharmacy - Helwan,Mohandessin,Mohandessin,registry_conflict,conflict,"{'Mohandessin': {'erp_account_address': 18, 'erp_header_area': 6, 'erp_ship_to_address': 85}, 'Smouha': {'erp_header_area': 6}}",True,98,1
2357,Hope Pharmacy - Maadi,Giza,Mohandessin,Hope Pharmacy - Maadi,Mohandessin,Mohandessin,registry,high,{},False,0,0
2358,Elite Pharmacy,Giza,Mohandessin,Elite Pharmacy,Mohandessin,Mohandessin,registry,high,{},False,0,0
2359,Life Line Pharmacy - Mohandessin,,,Life Line Pharmacy - Mohandessin,,,,,{},False,0,0
2360,Life Line Pharmacy - Faisal,,,Life Line Pharmacy - Faisal,,,,,{},False,0,0
2361,Misr Pharmacy - Smouha,Giza,Mohandessin,Misr Pharmacy - Smouha,Mohandessin,Mohandessin,registry,high,{},False,0,0
2362,Nile Care Pharmacy - Mohandessin,Giza,Mohandessin,Nile Care Pharmacy - Mohandessin,Mohandessin,Mohandessin,registry,high,{},False,0,0
2363,Health Gate Pharmacy,,,Health Gate Pharmacy,,,,,{},False,0,0
2364,Al Nozha Pharmacy - Imbaba,,,Al Nozha Pharmacy - Imbaba,,,,,{},False,0,0
2365,Misr Pharmacy - Mohandessin,,,Misr Pharmacy - Mohandessin,,,,,{},False,0,0
2366,Pharma Plus,,,Pharma Plus,,,,,{},False,0,0
2367,Al Amal Pharmacy,,,Al Amal Pharmacy,,,,,{},False,0,0
2368,Seha First Pharmacy - Dokki,Giza,Mohandessin,Seha First Pharmacy - Dokki,Mohandessin,Mohandessin,registry,high,{},False,0,0
2369,Seha First Pharmacy - Maadi,,,Seha First Pharmacy - Maadi,,Mohandessin,invoice_evidence,high,"{'erp_account_address': 6, 'erp_ship_to_address': 16}",False,19,0
2370,Al Nozha Pharmacy,,,Al Nozha Pharmacy,,,,,{},False,0,0
2371,Pharma Plus,,,Pharma Plus,,,,,{},False,0,0
2372,Better Life Pharmacy - Imbaba,,,Better Life Pharmacy - Imbaba,,,,,{},False,0,0
2373,Misr Pharmacy,Giza,Mohandessin,Misr Pharmacy,Mohandessin,Mohandessin,registry,high,{},False,0,0
2374,El Baraka Pharmacy,,,El Baraka Pharmacy,,,,,{},False,0,0
2375,Metro Pharmacy,,,Metro Pharmacy,,,,,{},False,0,0
2376,El Shifa Pharmacy - Montaza,,,El Shifa Pharmacy - Montaza,,,,,{},False,0,0
2377,Omega Pharmacy - Nozha,Giza,Mohandessin,Omega Pharmacy - Nozha,Mohandessin,Mohandessin,registry,high,{},False,0,0
2378,Angel Pharmacy - Helwan,,,Angel Pharmacy - Helwan,,,,,{},False,0,0
2379,El Tourath Pharmacy - Imbaba,,,El Tourath Pharmacy - Imbaba,,,,,{},False,0,0
2380,Better Life Pharmacy - Banha,Giza,Mohandessin,Better Life Pharmacy - Banha,Mohandessin,Mohandessin,registry_conflict,conflict,"{'Mohandessin': {'erp_account_address': 4, 'erp_ship_to_address': 34}, 'Faisal': {'erp_ship_to_address': 3}}",True,39,1
2381,Omega Pharmacy - Rehab View,Giza,Mohandessin,Omega Pharmacy - Rehab View,Mohandessin,Mohandessin,registry_conflict,conflict,"{'Nasr City': {'erp_account_address': 2, 'erp_ship_to_address': 17}, 'Mohandessin': {'erp_ship_to_address': 3}}",True,21,1
2382,Hope Pharmacy - Mohandessin,,,Hope Pharmacy - Mohandessin,,,,,{},False,0,0
2383,Green Leaf Pharmacy - Mohandessin,,,Green Leaf Pharmacy - Mohandessin,,,,,{},False,0,0
2384,Nile Care Pharmacy - Mohandessin,,,Nile Care Pharmacy - Mohandessin,,,,,{},False,0,0
2385,City Care Pharmacy - Banha,Giza,Mohandessin,City Care Pharmacy - Banha,Mohandessin,Mohandessin,registry,high,{},False,0,0
2386,Silver Care Pharmacy,Giza,Mohandessin,Silver Care Pharmacy,Mohandessin,Mohandessin,registry,high,{},False,0,0
2387,Union Pharm - Dokki,,,Union Pharm - Dokki,,Mohandessin,invoice_evidence,high,{'erp_ship_to_address': 5},True,6,1
2388,Care 24 Seven - Mohandessin,Giza,Mohandessin,Care 24 Seven - Mohandessin,Mohandessin,Mohandessin,registry,high,{},False,0,0
2389,Al Nozha Pharmacy,Giza,Mohandessin,Al Nozha Pharmacy,Mohandessin,Mohandessin,registry,high,{},False,0,0
2390,Angel Pharmacy - Mohandessin,,,Angel Pharmacy - Mohandessin,,,,,{},False,0,0
2391,El Tourath Pharmacy,Giza,Mohandessin,El Tourath Pharmacy,Mohandessin,Mohandessin,registry,high,{},False,0,0
2392,Star Care Pharmacy - Rehab View,,,Star Care Pharmacy - Rehab View,,,,,{},False,0,0
2393,Salamtek Pharmacy - Mohandessin,,,Salamtek Pharmacy - Mohandessin,,,,,{},False,0,0
2394,Elite Pharmacy,,,Elite Pharmacy,,,,,{},False,0,0
2395,Better Life Pharmacy - Helwan,Giza,Mohandessin,Better Life Pharmacy - Helwan,Mohandessin,Mohandessin,registry_conflict,conflict,"{'Mohandessin': {'erp_header_area': 3, 'erp_account_address': 2, 'erp_ship_to_address': 10}, 'Nasr City': {'erp_account_address': 2, 'erp_ship_to_address': 8}}",True,21,1
2396,Better Life Pharmacy,Giza,Mohandessin,Better Life Pharmacy,Mohandessin,Mohandessin,registry,high,{},False,0,0
2397,Al Nozha Pharmacy - Mohandessin,,,Al Nozha Pharmacy - Mohandessin,,Mohandessin,invoice_evidence,high,"{'erp_account_address': 4, 'erp_ship_to_address': 15}",False,17,0
2398,Ebn Sina Pharmacy - Mohandessin,Giza,Mohandessin,Ebn Sina Pharmacy - Mohandessin,Mohandessin,Mohandessin,registry,high,{},False,0,0
2399,Pharma Plus,Giza,Mohandessin,Pharma Plus,Mohandessin,Mohandessin,registry,high,{},False,0,0
2400,Al Amal Pharmacy - Mohandessin,,,Al Amal Pharmacy - Mohandessin,,,,,{},False,0,0
2401,Ebn Sina Pharmacy,Giza,Mohandessin,Ebn Sina Pharmacy,Mohandessin,Mohandessin,registry,high,{},False,0,0
2402,Health Gate Pharmacy - Smouha,,,Health Gate Pharmacy - Smouha,,,,,{},False,0,0
2403,Care 24 Seven,,,Care 24 Seven,,,,,{},False,0,0
2404,Care 24 Seven - Mohandessin,Giza,Mohandessin,Care 24 Seven - Mohandessin,Mohandessin,Mohandessin,registry,high,{},False,0,0
2405,Salamtek Pharmacy - Mohandessin,Giza,Mohandessin,Salamtek Pharmacy - Mohandessin,Mohandessin,Mohandessin,registry_conflict,conflict,"{'Mohandessin': {'erp_account_address': 10, 'erp_header_area': 6, 'erp_ship_to_address': 49}, 'Nasr City': {'erp_header_area': 3}, 'Faisal': {'erp_ship_to_address': 2}}",True,59,2
2406,El Tourath Pharmacy - Faisal,Giza,Mohandessin,El Tourath Pharmacy - Faisal,Mohandessin,Mohandessin,registry_conflict,conflict,"{'Faisal': {'erp_account_address': 4, 'erp_ship_to_address': 14}, 'Mohandessin': {'erp_ship_to_address': 7}}",True,23,1
2407,Elite Pharmacy - Helwan,Giza,Mohandessin,Elite Pharmacy - Helwan,Mohandessin,Mohandessin,registry,high,{},False,0,0
2408,Golden Care Pharmacy - Mohandessin,Giza,Mohandessin,Golden Care Pharmacy - Mohandessin,Mohandessin,Mohandessin,registry,high,{},False,0,0
2409,Union Pharm,,,Union Pharm,,,,,{},False,0,0
2410,El Tourath Pharmacy - Mohandessin,Giza,Mohandessin,El Tourath Pharmacy - Mohandessin,Mohandessin,Mohandessin,registry,high,{},False,0,0
2411,El Faraby Pharmacy - Mohandessin,Giza,Mohandessin,El Faraby Pharmacy - Mohandessin,Mohandessin,Mohandessin,registry,high,{},False,0,0
2412,Metro Pharmacy - Faisal,,,Metro Pharmacy - Faisal,,,,,{},False,0,0
2413,Elite Pharmacy,,,Elite Pharmacy,,,,,{},False,0,0
2414,Nile Care Pharmacy,,,Nile Care Pharmacy,,,,,{},False,0,0
2415,El Tourath Pharmacy,Giza,Mohandessin,El Tourath Pharmacy,Mohandessin,Mohandessin,registry,high,{},False,0,0
2416,Life Line Pharmacy,,,Life Line Pharmacy,,,,,{},False,0,0
2417,Mira Pharmacy - Banha,Giza,Mohandessin,Mira Pharmacy - Banha,Mohandessin,Mohandessin,registry_conflict,conflict,"{'Nasr City': {'erp_account_address': 2, 'erp_ship_to_address': 7}}",True,8,1
2418,Alpha Pharma,Giza,Mohandessin,Alpha Pharma,Mohandessin,Mohandessin,registry,high,{},False,0,0
2419,El Nasr Pharmacy,Giza,Mohandessin,El Nasr Pharmacy,Mohandessin,Mohandessin,registry,high,{},False,0,0
2420,Elite Pharmacy,Giza,Mohandessin,Elite Pharmacy,Mohandessin,Mohandessin,registry,high,{},False,0,0
2421,El Baraka Pharmacy - Haram,,,El Baraka Pharmacy - Haram,,Mohandessin,invoice_evidence,high,"{'erp_account_address': 2, 'erp_ship_to_address': 2}",False,3,0
2422,Better Life Pharmacy,,,Better Life Pharmacy,,,,,{},False,0,0
2423,Silver Care Pharmacy - Haram,Giza,Mohandessin,Silver Care Pharmacy - Haram,Mohandessin,Mohandessin,registry,high,{},False,0,0
2424,Al Nozha Pharmacy,Giza,Mohandessin,Al Nozha Pharmacy,Mohandessin,Mohandessin,registry,high,{},False,0,0
2425,Silver Care Pharmacy,,,Silver Care Pharmacy,,,,,{},False,0,0
2426,Green Leaf Pharmacy - Mohandessin,Giza,Mohandessin,Green Leaf Pharmacy - Mohandessin,Mohandessin,Mohandessin,registry,high,{},False,0,0
2427,Misr Pharmacy - Banha,Giza,Mohandessin,Misr Pharmacy - Banha,Mohandessin,Mohandessin,registry,high,{},False,0,0
2428,Angel Pharmacy,,,Angel Pharmacy,,,,,{},False,0,0
2429,Green Leaf Pharmacy - Mohandessin,,,Green Leaf Pharmacy - Mohandessin,,,,,{},False,0,0
2430,Health Gate Pharmacy - Mohandessin,,,Health Gate Pharmacy - Mohandessin,,,,,{},False,0,0
2431,Elite Pharmacy - Obour,Giza,Mohandessin,Elite Pharmacy - Obour,Mohandessin,Mohandessin,registry,high,{},False,0,0
2432,Angel Pharmacy - Montaza,Giza,Mohandessin,Angel Pharmacy - Montaza,Mohandessin,Mohandessin,registry,high,{},False,0,0
2433,Union Pharm - Maadi,,,Union Pharm - Maadi,,,,,{},False,0,0
2434,Metro Pharmacy - Mohandessin,Giza,Mohandessin,Metro Pharmacy - Mohandessin,Mohandessin,Mohandessin,registry,high,{},False,0,0
2435,Sunrise Pharmacy,Giza,Mohandessin,Sunrise Pharmacy,Mohandessin,Mohandessin,registry,high,{},False,0,0
2436,Elite Pharmacy - Mohandessin,,,Elite Pharmacy - Mohandessin,,,,,{},False,0,0
2437,Life Line Pharmacy,,,Life Line Pharmacy,,,,,{},False,0,0
2438,Alpha Pharma,Giza,Mohandessin,Alpha Pharma,Mohandessin,Mohandessin,registry,high,{},False,0,0
2439,Mira Pharmacy - Mohandessin,,,Mira Pharmacy - Mohandessin,,,,,{},False,0,0
2440,Better Life Pharmacy,,,Better Life Pharmacy,,,,,{},False,0,0
2441,Alpha Pharma - Mohandessin,,,Alpha Pharma - Mohandessin,,,,,{},False,0,0
2442,El Hokama Pharmacy,Giza,Mohandessin,El Hokama Pharmacy,Mohandessin,Mohandessin,registry,high,{},False,0,0
2443,Hope Pharmacy,Giza,Mohandessin,Hope Pharmacy,Mohandessin,Mohandessin,registry,high,{},False,0,0
2444,City Care Pharmacy,Giza,Mohandessin,City Care Pharmacy,Mohandessin,Mohandessin,registry,high,{},False,0,0
2445,Misr Pharmacy,Giza,Mohandessin,Misr Pharmacy,Mohandessin,Mohandessin,registry,high,{},False,0,0
2446,Seha First Pharmacy,,,Seha First Pharmacy,,,,,{},False,0,0
2447,Alpha Pharma,Giza,Mohandessin,Alpha Pharma,Mohandessin,Mohandessin,registry,high,{},False,0,0
2448,El Nasr Pharmacy,Giza,Mohandessin,El Nasr Pharmacy,Mohandessin,Mohandessin,registry,high,{},False,0,0
2449,Nile Care Pharmacy,,,Nile Care Pharmacy,,,,,{},False,0,0
2450,Nile Care Pharmacy - Mohandessin,Giza,Mohandessin,Nile Care Pharmacy - Mohandessin,Mohandessin,Mohandessin,registry,high,{},False,0,0
2451,Star Care Pharmacy,Giza,Mohandessin,Star Care Pharmacy,Mohandessin,Mohandessin,registry,high,{},False,0,0
2452,Star Care Pharmacy - Smouha,,,Star Care Pharmacy - Smouha,,,,,{},False,0,0
2453,Star Care Pharmacy - Oct City,,,Star Care Pharmacy - Oct City,,,,,{},False,0,0
2454,Nile Care Pharmacy - Mohandessin,Giza,Mohandessin,Nile Care Pharmacy - Mohandessin,Mohandessin,Mohandessin,registry,high,{},False,0,0
2455,Green Leaf Pharmacy,,,Green Leaf Pharmacy,,,,,{},False,0,0
2456,El Faraby Pharmacy - Mohandessin,,,El Faraby Pharmacy - Mohandessin,,,,,{},False,0,0
2457,Metro Pharmacy - Mohandessin,Giza,Mohandessin,Metro Pharmacy - Mohandessin,Mohandessin,Mohandessin,registry,high,{},False,0,0
2458,Nile Care Pharmacy - Maadi,,,Nile Care Pharmacy - Maadi,,Mohandessin,invoice_evidence,high,"{'erp_account_address': 2, 'erp_ship_to_address': 4}",True,6,1
2459,Family Pharmacy - Mohandessin,,,Family Pharmacy - Mohandessin,,,,,{},False,0,0
2460,Better Life Pharmacy - Mohandessin,,,Better Life Pharmacy - Mohandessin,,,,,{},False,0,0
2461,Silver Care Pharmacy - Mohandessin,,,Silver Care Pharmacy - Mohandessin,,,,,{},False,0,0
2462,Dr Medhat Pharmacy,,,Dr Medhat Pharmacy,,,,,{},False,0,0
2463,Al Amal Pharmacy,,,Al Amal Pharmacy,,,,,{},False,0,0
2464,Metro Pharmacy - Faisal,Giza,Mohandessin,Metro Pharmacy - Faisal,Mohandessin,Mohandessin,registry_conflict,conflict,"{'Faisal': {'erp_account_address': 6, 'erp_header_area': 3, 'erp_ship_to_address': 26}}",True,30,1
2465,Sunrise Pharmacy - Obour,Giza,Mohandessin,Sunrise Pharmacy - Obour,Mohandessin,Mohandessin,registry_conflict,conflict,"{'Mohandessin': {'erp_account_address': 4, 'erp_ship_to_address': 20}, 'Faisal': {'erp_ship_to_address': 1}}",True,23,1
2466,Sunrise Pharmacy - Haram,,,Sunrise Pharmacy - Haram,,,,,{},False,0,0
2467,Union Pharm,Giza,Mohandessin,Union Pharm,Mohandessin,Mohandessin,registry,high,{},False,0,0
2468,Ebn Sina Pharmacy - Haram,,,Ebn Sina Pharmacy - Haram,,,,,{},False,0,0
2469,Ebn Sina Pharmacy - Mohandessin,Giza,Mohandessin,Ebn Sina Pharmacy - Mohandessin,Mohandessin,Mohandessin,registry,high,{},False,0,0
2470,Alpha Pharma,Giza,Mohandessin,Alpha Pharma,Mohandessin,Mohandessin,registry,high,{},False,0,0
2471,El Nasr Pharmacy,,,El Nasr Pharmacy,,,,,{},False,0,0
2472,Family Pharmacy - Oct City,Giza,Mohandessin,Family Pharmacy - Oct City,Mohandessin,Mohandessin,registry,high,{},False,0,0
2473,Hope Pharmacy - Haram,,,Hope Pharmacy - Haram,,,,,{},False,0,0
2474,Sunrise Pharmacy - Imbaba,Giza,Mohandessin,Sunrise Pharmacy - Imbaba,Mohandessin,Mohandessin,registry,high,{},False,0,0
2475,Nile Care Pharmacy,Giza,Mohandessin,Nile Care Pharmacy,Mohandessin,Mohandessin,registry,high,{},False,0,0
2476,Green Leaf Pharmacy - Mohandessin,Giza,Mohandessin,Green Leaf Pharmacy - Mohandessin,Mohandessin,Mohandessin,registry,high,{},False,0,0
2477,Golden Care Pharmacy - Mohandessin,Giza,Mohandessin,Golden Care Pharmacy - Mohandessin,Mohandessin,Mohandessin,registry,high,{},False,0,0
2478,El Hokama Pharmacy - Square,Giza,Mohandessin,El Hokama Pharmacy - Square,Mohandessin,Mohandessin,registry,high,{},False,0,0
2479,Family Pharmacy - Nozha,,,Family Pharmacy - Nozha,,,,,{},False,0,0
2480,Pharma Plus - Marg,,,Pharma Plus - Marg,,Mohandessin,invoice_evidence,high,"{'erp_account_address': 8, 'erp_ship_to_address': 44}",True,49,1
2481,El Baraka Pharmacy,Giza,Mohandessin,El Baraka Pharmacy,Mohandessin,Mohandessin,registry,high,{},False,0,0
2482,Mira Pharmacy,,,Mira Pharmacy,,,,,{},False,0,0
2483,Omega Pharmacy - Smouha,Giza,Mohandessin,Omega Pharmacy - Smouha,Mohandessin,Mohandessin,registry,high,{},False,0,0
2484,El Tourath Pharmacy - Mohandessin,Giza,Mohandessin,El Tourath Pharmacy - Mohandessin,Mohandessin,Mohandessin,registry,high,{},False,0,0
2485,Hope Pharmacy - Mohandessin,,,Hope Pharmacy - Mohandessin,,,,,{},False,0,0
2486,Pharma Plus,,,Pharma Plus,,,,,{},False,0,0
2487,City Care Pharmacy,Giza,Mohandessin,City Care Pharmacy,Mohandessin,Mohandessin,registry,high,{},False,0,0
2488,Better Life Pharmacy,Giza,Mohandessin,Better Life Pharmacy,Mohandessin,Mohandessin,registry,high,{},False,0,0
2489,Pharma Plus,Giza,Mohandessin,Pharma Plus,Mohandessin,Mohandessin,registry,high,{},False,0,0
2490,Care 24 Seven - Obour,,,Care 24 Seven - Obour,,,,,{},False,0,0
2491,Health Gate Pharmacy,Giza,Mohandessin,Health Gate Pharmacy,Mohandessin,Mohandessin,registry,high,{},False,0,0
2492,Care 24 Seven,,,Care 24 Seven,,,,,{},False,0,0
2493,El Zahraa Pharmacy,Giza,Mohandessin,El Zahraa Pharmacy,Mohandessin,Mohandessin,registry,high,{},False,0,0
2494,El Baraka Pharmacy,Giza,Mohandessin,El Baraka Pharmacy,Mohandessin,Mohandessin,registry,high,{},False,0,0
2495,Hope Pharmacy,,,Hope Pharmacy,,,,,{},False,0,0
2496,El Faraby Pharmacy,Giza,Mohandessin,El Faraby Pharmacy,Mohandessin,Mohandessin,registry,high,{},False,0,0
2497,City Care Pharmacy - Mohandessin,Giza,Mohandessin,City Care Pharmacy - Mohandessin,Mohandessin,Mohandessin,registry,high,"{'Mohandessin': {'erp_account_address': 4, 'erp_ship_to_address': 6}}",False,8,0
2498,Misr Pharmacy,Giza,Mohandessin,Misr Pharmacy,Mohandessin,Mohandessin,registry,high,{},False,0,0
2499,Misr Pharmacy - Mohandessin,Giza,Mohandessin,Misr Pharmacy - Mohandessin,Mohandessin,Mohandessin,registry,high,{},False,0,0
2500,Al Nozha Pharmacy,Giza,Mohandessin,Al Nozha Pharmacy,Mohandessin,Mohandessin,registry,high,{},False,0,0
2501,Alpha Pharma - Banha,Giza,Mohandessin,Alpha Pharma - Banha,Mohandessin,Mohandessin,registry_conflict,conflict,"{'Mohandessin': {'erp_account_address': 12, 'erp_header_area': 3, 'erp_ship_to_address': 44}, 'Smouha': {'erp_account_address': 6, 'erp_header_area': 3, 'erp_ship_to_address': 18}}",True,73,1
2502,Mira Pharmacy,Giza,Mohandessin,Mira Pharmacy,Mohandessin,Mohandessin,registry,high,{},False,0,0
2503,El Nasr Pharmacy,Giza,Mohandessin,El Nasr Pharmacy,Mohandessin,Mohandessin,registry,high,{},False,0,0
2504,Hope Pharmacy,,,Hope Pharmacy,,,,,{},False,0,0
2505,Alpha Pharma - Mohandessin,Giza,Mohandessin,Alpha Pharma - Mohandessin,Mohandessin,Mohandessin,registry,high,{},False,0,0
2506,Metro Pharmacy,,,Metro Pharmacy,,,,,{},False,0,0
2507,Angel Pharmacy,Giza,Mohandessin,Angel Pharmacy,Mohandessin,Mohandessin,registry,high,{},False,0,0
2508,Metro Pharmacy - Mohandessin,,,Metro Pharmacy - Mohandessin,,,,,{},False,0,0
2509,El Shifa Pharmacy - Helwan,,,El Shifa Pharmacy - Helwan,,,,,{},False,0,0
2510,El Tourath Pharmacy,,,El Tourath Pharmacy,,,,,{},False,0,0
2511,Salamtek Pharmacy,Giza,Mohandessin,Salamtek Pharmacy,Mohandessin,Mohandessin,registry,high,{},False,0,0
2512,Al Amal Pharmacy - Mohandessin,,,Al Amal Pharmacy - Mohandessin,,,,,{},False,0,0
2513,Star Care Pharmacy,Giza,Mohandessin,Star Care Pharmacy,Mohandessin,Mohandessin,registry,high,{},False,0,0
2514,Green Leaf Pharmacy,Giza,Mohandessin,Green Leaf Pharmacy,Mohandessin,Mohandessin,registry,high,{},False,0,0
2515,Nile Care Pharmacy - Oct City,,,Nile Care Pharmacy - Oct City,,Mohandessin,invoice_evidence,high,"{'erp_account_address': 8, 'erp_header_area': 3, 'erp_ship_to_address': 31}",True,37,1
2516,Metro Pharmacy,Giza,Mohandessin,Metro Pharmacy,Mohandessin,Mohandessin,registry,high,{},False,0,0
2517,El Hokama Pharmacy - Mohandessin,Giza,Mohandessin,El Hokama Pharmacy - Mohandessin,Mohandessin,Mohandessin,registry,high,{},False,0,0
2518,Union Pharm,,,Union Pharm,,,,,{},False,0,0
2519,Sunrise Pharmacy - Mohandessin,Giza,Mohandessin,Sunrise Pharmacy - Mohandessin,Mohandessin,Mohandessin,registry,high,"{'Mohandessin': {'erp_account_address': 2, 'erp_ship_to_address': 7}}",False,8,0
2520,El Hokama Pharmacy - Mohandessin,Giza,Mohandessin,El Hokama Pharmacy - Mohandessin,Mohandessin,Mohandessin,registry,high,{},False,0,0
2521,Dr Medhat Pharmacy - Haram,Giza,Mohandessin,Dr Medhat Pharmacy - Haram,Mohandessin,Mohandessin,registry,high,{},False,0,0
2522,Silver Care Pharmacy - Rehab View,,,Silver Care Pharmacy - Rehab View,,Mohandessin,invoice_evidence,high,"{'erp_account_address': 4, 'erp_ship_to_address': 13}",True,16,1
2523,El Nasr Pharmacy - Agami,,,El Nasr Pharmacy - Agami,,,,,{},False,0,0
2524,El Faraby Pharmacy - Mohandessin,Giza,Mohandessin,El Faraby Pharmacy - Mohandessin,Mohandessin,Mohandessin,registry,high,{},False,0,0
2525,Pharma Plus - Mohandessin,Giza,Mohandessin,Pharma Plus - Mohandessin,Mohandessin,Mohandessin,registry,high,{},False,0,0
2526,El Tourath Pharmacy - Shubra,,,El Tourath Pharmacy - Shubra,,Mohandessin,invoice_evidence,high,"{'erp_account_address': 4, 'erp_ship_to_address': 18}",True,22,1
2527,Ebn Sina Pharmacy,Giza,Mohandessin,Ebn Sina Pharmacy,Mohandessin,Mohandessin,registry,high,{},False,0,0
2528,Salamtek Pharmacy,,,Salamtek Pharmacy,,,,,{},False,0,0
2529,El Shifa Pharmacy - Mohandessin,Giza,Mohandessin,El Shifa Pharmacy - Mohandessin,Mohandessin,Mohandessin,registry,high,{},False,0,0
2530,Hope Pharmacy - Imbaba,Giza,Mohandessin,Hope Pharmacy - Imbaba,Mohandessin,Mohandessin,registry,high,{},False,0,0
2531,El Faraby Pharmacy,,,El Faraby Pharmacy,,,,,{},False,0,0
2532,Alpha Pharma - Mohandessin,Giza,Mohandessin,Alpha Pharma - Mohandessin,Mohandessin,Mohandessin,registry,high,{},False,0,0
2533,El Baraka Pharmacy - Faisal,,,El Baraka Pharmacy - Faisal,,,,,{},False,0,0
2534,Angel Pharmacy - Imbaba,,,Angel Pharmacy - Imbaba,,,,,{},False,0,0
2535,Ebn Sina Pharmacy,Giza,Mohandessin,Ebn Sina Pharmacy,Mohandessin,Mohandessin,registry,high,{},False,0,0
2536,Ebn Sina Pharmacy - Obour,,,Ebn Sina Pharmacy - Obour,,,,,{},False,0,0
2537,El Nasr Pharmacy - Shubra,Giza,Mohandessin,El Nasr Pharmacy - Shubra,Mohandessin,Mohandessin,registry_conflict,conflict,"{'Nasr City': {'erp_account_address': 2, 'erp_ship_to_address': 3}}",True,4,1
2538,Union Pharm - Mohandessin,,,Union Pharm - Mohandessin,,,,,{},False,0,0
2539,Life Line Pharmacy,,,Life Line Pharmacy,,,,,{},False,0,0
2540,Blue Wave Pharmacy,,,Blue Wave Pharmacy,,,,,{},False,0,0
2541,Better Life Pharmacy - Mohandessin,Giza,Mohandessin,Better Life Pharmacy - Mohandessin,Mohandessin,Mohandessin,registry,high,{},False,0,0
2542,El Hokama Pharmacy - Shubra,Giza,Mohandessin,El Hokama Pharmacy - Shubra,Mohandessin,Mohandessin,registry,high,{},False,0,0
2543,Silver Care Pharmacy - Agami,,,Silver Care Pharmacy - Agami,,Mohandessin,invoice_evidence,high,"{'erp_account_address': 2, 'erp_ship_to_address': 3}",False,4,0
2544,Misr Pharmacy - Mohandessin,Giza,Mohandessin,Misr Pharmacy - Mohandessin,Mohandessin,Mohandessin,registry,high,{},False,0,0
2545,Seha First Pharmacy,Giza,Mohandessin,Seha First Pharmacy,Mohandessin,Mohandessin,registry,high,{},False,0,0
2546,Pharma Plus - Mohandessin,Giza,Mohandessin,Pharma Plus - Mohandessin,Mohandessin,Mohandessin,registry,high,{},False,0,0
2547,El Tourath Pharmacy - Mohandessin,Giza,Mohandessin,El Tourath Pharmacy - Mohandessin,Mohandessin,Mohandessin,registry,high,{},False,0,0
2548,Dr Medhat Pharmacy - Mohandessin,Giza,Mohandessin,Dr Medhat Pharmacy - Mohandessin,Mohandessin,Mohandessin,registry,high,{},False,0,0
2549,Silver Care Pharmacy - Maadi,Giza,Mohandessin,Silver Care Pharmacy - Maadi,Mohandessin,Mohandessin,registry_conflict,conflict,"{'Nasr City': {'erp_header_area': 3, 'erp_account_address': 6, 'erp_ship_to_address': 19}, 'Faisal': {'erp_ship_to_address': 3}}",True,26,2
2550,El Tourath Pharmacy - Haram,Giza,Mohandessin,El Tourath Pharmacy - Haram,Mohandessin,Mohandessin,registry,high,"{'Mohandessin': {'erp_account_address': 2, 'erp_ship_to_address': 5}}",False,6,0
2551,El Baraka Pharmacy - Nozha,,,El Baraka Pharmacy - Nozha,,Mohandessin,invoice_evidence,high,"{'erp_account_address': 2, 'erp_ship_to_address': 7}",False,8,0
2552,Blue Wave Pharmacy - Helwan,Giza,Mohandessin,Blue Wave Pharmacy - Helwan,Mohandessin,Mohandessin,registry_conflict,conflict,"{'Mohandessin': {'erp_account_address': 10, 'erp_ship_to_address': 64}, 'Faisal': {'erp_ship_to_address': 1}}",True,70,1
2553,El Baraka Pharmacy - Faisal,,,El Baraka Pharmacy - Faisal,,,,,{},False,0,0
2554,Sunrise Pharmacy,,,Sunrise Pharmacy,,,,,{},False,0,0
2555,Star Care Pharmacy - Mohandessin,Giza,Mohandessin,Star Care Pharmacy - Mohandessin,Mohandessin,Mohandessin,registry,high,{},False,0,0
2556,Nile Care Pharmacy - Mohandessin,Giza,Mohandessin,Nile Care Pharmacy - Mohandessin,Mohandessin,Mohandessin,registry,high,{},False,0,0
2557,Mira Pharmacy,Giza,Mohandessin,Mira Pharmacy,Mohandessin,Mohandessin,registry,high,{},False,0,0
2558,El Zahraa Pharmacy - Montaza,Giza,Mohandessin,El Zahraa Pharmacy - Montaza,Mohandessin,Mohandessin,registry_conflict,conflict,{'Smouha': {'erp_ship_to_address': 3}},True,3,1
2559,Star Care Pharmacy - Mohandessin,,,Star Care Pharmacy - Mohandessin,,,,,{},False,0,0
2560,Sunrise Pharmacy - Maadi,Giza,Mohandessin,Sunrise Pharmacy - Maadi,Mohandessin,Mohandessin,registry,high,{},False,0,0
2561,Care 24 Seven - Mohandessin,,,Care 24 Seven - Mohandessin,,,,,{},False,0,0
2562,Golden Care Pharmacy - Smouha,,,Golden Care Pharmacy - Smouha,,,,,{},False,0,0
2563,Hope Pharmacy - Mohandessin,Giza,Mohandessin,Hope Pharmacy - Mohandessin,Mohandessin,Mohandessin,registry,high,{},False,0,0
2564,Hope Pharmacy - Zayed,Giza,Mohandessin,Hope Pharmacy - Zayed,Mohandessin,Mohandessin,registry,high,{},False,0,0
2565,Green Leaf Pharmacy - Helwan,,,Green Leaf Pharmacy - Helwan,,Mohandessin,invoice_evidence,high,{'erp_ship_to_address': 6},False,6,0
2566,Better Life Pharmacy - Mohandessin,Giza,Mohandessin,Better Life Pharmacy - Mohandessin,Mohandessin,Mohandessin,registry,high,{},False,0,0
2567,Ebn Sina Pharmacy,,,Ebn Sina Pharmacy,,,,,{},False,0,0
2568,Nile Care Pharmacy - Rehab View,,,Nile Care Pharmacy - Rehab View,,,,,{},False,0,0
2569,Al Amal Pharmacy - Mohandessin,,,Al Amal Pharmacy - Mohandessin,,,,,{},False,0,0
2570,El Nasr Pharmacy - Mohandessin,Giza,Mohandessin,El Nasr Pharmacy - Mohandessin,Mohandessin,Mohandessin,registry_conflict,conflict,"{'Mohandessin': {'erp_account_address': 4, 'erp_ship_to_address': 14}, 'Nasr City': {'erp_header_area': 3}}",True,17,1
2571,Al Amal Pharmacy,Giza,Mohandessin,Al Amal Pharmacy,Mohandessin,Mohandessin,registry,high,{},False,0,0
2572,Union Pharm - Mohandessin,Giza,Mohandessin,Union Pharm - Mohandessin,Mohandessin,Mohandessin,registry,high,{},False,0,0
2573,Dr Medhat Pharmacy - Oct City,Giza,Mohandessin,Dr Medhat Pharmacy - Oct City,Mohandessin,Mohandessin,registry,high,{},False,0,0
2574,El Tourath Pharmacy,Giza,Mohandessin,El Tourath Pharmacy,Mohandessin,Mohandessin,registry,high,{},False,0,0
2575,Pharma Plus - Dokki,Giza,Mohandessin,Pharma Plus - Dokki,Mohandessin,Mohandessin,registry,high,{},False,0,0
2576,Better Life Pharmacy - Mohandessin,Giza,Mohandessin,Better Life Pharmacy - Mohandessin,Mohandessin,Mohandessin,registry,high,{},False,0,0
2577,Life Line Pharmacy - Rehab View,,,Life Line Pharmacy - Rehab View,,,,,{},False,0,0
2578,Angel Pharmacy - Mohandessin,Giza,Mohandessin,Angel Pharmacy - Mohandessin,Mohandessin,Mohandessin,registry,high,{},False,0,0
2579,Pharma Plus,,,Pharma Plus,,,,,{},False,0,0
2580,Salamtek Pharmacy - Haram,Giza,Mohandessin,Salamtek Pharmacy - Haram,Mohandessin,Mohandessin,registry_conflict,conflict,"{'Mohandessin': {'erp_account_address': 2, 'erp_header_area': 3, 'erp_ship_to_address': 5}, 'Faisal': {'erp_ship_to_address': 1}}",True,8,1
2581,Misr Pharmacy - Nozha,,,Misr Pharmacy - Nozha,,,,,{},False,0,0
2582,El Baraka Pharmacy - Shubra,,,El Baraka Pharmacy - Shubra,,Mohandessin,invoice_evidence,high,"{'erp_account_address': 4, 'erp_ship_to_address': 18}",True,23,1
2583,Silver Care Pharmacy - Mohandessin,,,Silver Care Pharmacy - Mohandessin,,,,,{},False,0,0
2584,Al Nozha Pharmacy - Montaza,Giza,Mohandessin,Al Nozha Pharmacy - Montaza,Mohandessin,Mohandessin,registry_conflict,conflict,"{'Mohandessin': {'erp_account_address': 2, 'erp_header_area': 3, 'erp_ship_to_address': 24}, 'Faisal': {'erp_header_area': 3, 'erp_ship_to_address': 1}, 'Nasr City': {'erp_account_address': 2, 'erp_ship_to_address': 7}}",True,36,2
2585,Health Gate Pharmacy - Mohandessin,,,Health Gate Pharmacy - Mohandessin,,,,,{},False,0,0
2586,El Baraka Pharmacy,,,El Baraka Pharmacy,,,,,{},False,0,0
2587,Nile Care Pharmacy - Mohandessin,Giza,Mohandessin,Nile Care Pharmacy - Mohandessin,Mohandessin,Mohandessin,registry,high,{},False,0,0
2588,Green Leaf Pharmacy - Mohandessin,Giza,Mohandessin,Green Leaf Pharmacy - Mohandessin,Mohandessin,Mohandessin,registry,high,{},False,0,0
2589,Elite Pharmacy - Shubra,,,Elite Pharmacy - Shubra,,,,,{},False,0,0
2590,Omega Pharmacy - Smouha,Giza,Mohandessin,Omega Pharmacy - Smouha,Mohandessin,Mohandessin,registry,high,{},False,0,0
2591,Golden Care Pharmacy - Mohandessin,,,Golden Care Pharmacy - Mohandessin,,,,,{},False,0,0
2592,Nile Care Pharmacy,,,Nile Care Pharmacy,,,,,{},False,0,0
2593,Golden Care Pharmacy - Banha,Giza,Mohandessin,Golden Care Pharmacy - Banha,Mohandessin,Mohandessin,registry,high,{},False,0,0
2594,Elite Pharmacy,,,Elite Pharmacy,,,,,{},False,0,0
2595,Misr Pharmacy - Maadi,Giza,Mohandessin,Misr Pharmacy - Maadi,Mohandessin,Mohandessin,registry,high,{},False,0,0
2596,Care 24 Seven - Maadi,Giza,Mohandessin,Care 24 Seven - Maadi,Mohandessin,Mohandessin,registry,high,{},False,0,0
2597,Green Leaf Pharmacy,,,Green Leaf Pharmacy,,,,,{},False,0,0
2598,Life Line Pharmacy,Giza,Mohandessin,Life Line Pharmacy,Mohandessin,Mohandessin,registry,high,{},False,0,0
2599,Seha First Pharmacy,,,Seha First Pharmacy,,,,,{},False,0,0
2600,Union Pharm - Haram,,,Union Pharm - Haram,,Mohandessin,invoice_evidence,high,{'erp_ship_to_address': 4},False,4,0
2601,Health Gate Pharmacy,Giza,Mohandessin,Health Gate Pharmacy,Mohandessin,Mohandessin,registry,high,{},False,0,0
2602,Care 24 Seven - Shubra,,,Care 24 Seven - Shubra,,Mohandessin,invoice_evidence,high,"{'erp_account_address': 2, 'erp_ship_to_address': 40}",True,50,2
2603,Alpha Pharma - Mohandessin,,,Alpha Pharma - Mohandessin,,,,,{},False,0,0
2604,Al Amal Pharmacy - Mohandessin,Giza,Mohandessin,Al Amal Pharmacy - Mohandessin,Mohandessin,Mohandessin,registry,high,{},False,0,0
2605,Misr Pharmacy - Marg,,,Misr Pharmacy - Marg,,Mohandessin,invoice_evidence,medium,{'erp_ship_to_address': 2},False,2,0
2606,Union Pharm,,,Union Pharm,,,,,{},False,0,0
2607,Angel Pharmacy,Giza,Mohandessin,Angel Pharmacy,Mohandessin,Mohandessin,registry,high,{},False,0,0
2608,Hope Pharmacy - Mohandessin,Giza,Mohandessin,Hope Pharmacy - Mohandessin,Mohandessin,Mohandessin,registry,high,{},False,0,0
2609,Salamtek Pharmacy - Mohandessin,,,Salamtek Pharmacy - Mohandessin,,,,,{},False,0,0
2610,Health Gate Pharmacy - Marg,,,Health Gate Pharmacy - Marg,,Mohandessin,invoice_evidence,high,"{'erp_account_address': 4, 'erp_ship_to_address': 42}",False,44,0
2611,Sunrise Pharmacy,,,Sunrise Pharmacy,,,,,{},False,0,0
2612,Union Pharm - Mohandessin,Giza,Mohandessin,Union Pharm - Mohandessin,Mohandessin,Mohandessin,registry,high,{},False,0,0
2613,Hope Pharmacy,Giza,Mohandessin,Hope Pharmacy,Mohandessin,Mohandessin,registry,high,{},False,0,0
2614,Seha First Pharmacy - Shubra,Giza,Mohandessin,Seha First Pharmacy - Shubra,Mohandessin,Mohandessin,registry_conflict,conflict,"{'Mohandessin': {'erp_header_area': 3, 'erp_ship_to_address': 4}, 'Smouha': {'erp_account_address': 2, 'erp_ship_to_address': 13}}",True,19,1
2615,Seha First Pharmacy - Zayed,Giza,Mohandessin,Seha First Pharmacy - Zayed,Mohandessin,Mohandessin,registry_conflict,conflict,"{'Mohandessin': {'erp_account_address': 8, 'erp_header_area': 3, 'erp_ship_to_address': 26}, 'Nasr City': {'erp_header_area': 3}}",True,32,1
2616,Golden Care Pharmacy,,,Golden Care Pharmacy,,,,,{},False,0,0
2617,El Baraka Pharmacy,,,El Baraka Pharmacy,,,,,{},False,0,0
2618,El Hokama Pharmacy - Montaza,Giza,Mohandessin,El Hokama Pharmacy - Montaza,Mohandessin,Mohandessin,registry,high,{},False,0,0
2619,Seha First Pharmacy,Giza,Mohandessin,Seha First Pharmacy,Mohandessin,Mohandessin,registry,high,{},False,0,0
2620,Better Life Pharmacy - Mohandessin,Giza,Mohandessin,Better Life Pharmacy - Mohandessin,Mohandessin,Mohandessin,registry,high,{},False,0,0
2621,Better Life Pharmacy,Giza,Mohandessin,Better Life Pharmacy,Mohandessin,Mohandessin,registry,high,{},False,0,0
2622,Metro Pharmacy,,,Metro Pharmacy,,,,,{},False,0,0
2623,Union Pharm - Nozha,Giza,Mohandessin,Union Pharm - Nozha,Mohandessin,Mohandessin,registry_conflict,conflict,"{'Smouha': {'erp_header_area': 3}, 'Nasr City': {'erp_account_address': 2, 'erp_ship_to_address': 2}, 'Mohandessin': {'erp_account_address': 2, 'erp_ship_to_address': 19}}",True,24,2
2624,El Tourath Pharmacy - Mohandessin,Giza,Mohandessin,El Tourath Pharmacy - Mohandessin,Mohandessin,Mohandessin,registry,high,{},False,0,0
2625,Sunrise Pharmacy,Giza,Mohandessin,Sunrise Pharmacy,Mohandessin,Mohandessin,registry,high,{},False,0,0
2626,Hope Pharmacy,,,Hope Pharmacy,,,,,{},False,0,0
2627,Silver Care Pharmacy - Smouha,,,Silver Care Pharmacy - Smouha,,,,,{},False,0,0
2628,Sunrise Pharmacy - Faisal,Giza,Mohandessin,Sunrise Pharmacy - Faisal,Mohandessin,Mohandessin,registry,high,{},False,0,0
2629,El Hokama Pharmacy - Mohandessin,Giza,Mohandessin,El Hokama Pharmacy - Mohandessin,Mohandessin,Mohandessin,registry,high,{},False,0,0
2630,Ebn Sina Pharmacy,Giza,Mohandessin,Ebn Sina Pharmacy,Mohandessin,Mohandessin,registry,high,{},False,0,0
2631,El Hokama Pharmacy,,,El Hokama Pharmacy,,,,,{},False,0,0
2632,Better Life Pharmacy,,,Better Life Pharmacy,,,,,{},False,0,0
2633,Al Amal Pharmacy,Giza,Mohandessin,Al Amal Pharmacy,Mohandessin,Mohandessin,registry,high,{},False,0,0
2634,Pharma Plus - Mohandessin,,,Pharma Plus - Mohandessin,,,,,{},False,0,0
2635,El Zahraa Pharmacy - Helwan,Giza,Mohandessin,El Zahraa Pharmacy - Helwan,Mohandessin,Mohandessin,registry,high,{},False,0,0
2636,City Care Pharmacy,,,City Care Pharmacy,,,,,{},False,0,0
2637,Ebn Sina Pharmacy - Dokki,,,Ebn Sina Pharmacy - Dokki,,,,,{},False,0,0
2638,Sunrise Pharmacy,,,Sunrise Pharmacy,,,,,{},False,0,0
2639,Seha First Pharmacy,Giza,Mohandessin,Seha First Pharmacy,Mohandessin,Mohandessin,registry,high,{},False,0,0
2640,Better Life Pharmacy - Mohandessin,Giza,Mohandessin,Better Life Pharmacy - Mohandessin,Mohandessin,Mohandessin,registry,high,{},False,0,0
2641,Hope Pharmacy - Maadi,Giza,Mohandessin,Hope Pharmacy - Maadi,Mohandessin,Mohandessin,registry,high,{},False,0,0
2642,Pharma Plus - Mohandessin,,,Pharma Plus - Mohandessin,,,,,{},False,0,0
2643,Nile Care Pharmacy - Mohandessin,,,Nile Care Pharmacy - Mohandessin,,,,,{},False,0,0
2644,Misr Pharmacy,Giza,Mohandessin,Misr Pharmacy,Mohandessin,Mohandessin,registry,high,{},False,0,0
2645,Union Pharm - Banha,Giza,Mohandessin,Union Pharm - Banha,Mohandessin,Mohandessin,registry_conflict,conflict,"{'Nasr City': {'erp_account_address': 6, 'erp_ship_to_address': 15}, 'Mohandessin': {'erp_account_address': 6, 'erp_header_area': 3, 'erp_ship_to_address': 44}, 'Faisal': {'erp_header_area': 3, 'erp_account_address': 2, 'erp_ship_to_address': 4}, 'Smouha': {'erp_ship_to_address': 5}}",True,77,3
2646,Star Care Pharmacy - Mohandessin,Giza,Mohandessin,Star Care Pharmacy - Mohandessin,Mohandessin,Mohandessin,registry,high,{},False,0,0
2647,Hope Pharmacy - Mohandessin,Giza,Mohandessin,Hope Pharmacy - Mohandessin,Mohandessin,Mohandessin,registry,high,{},False,0,0
2648,Dr Medhat Pharmacy - Oct City,Giza,Mohandessin,Dr Medhat Pharmacy - Oct City,Mohandessin,Mohandessin,registry,high,{},False,0,0
2649,Health Gate Pharmacy - Haram,,,Health Gate Pharmacy - Haram,,Mohandessin,invoice_evidence,high,"{'erp_account_address': 2, 'erp_ship_to_address': 6}",False,7,0
2650,City Care Pharmacy - Zayed,Giza,Mohandessin,City Care Pharmacy - Zayed,Mohandessin,Mohandessin,registry,high,{},False,0,0
2651,Pharma Plus - Mohandessin,Giza,Mohandessin,Pharma Plus - Mohandessin,Mohandessin,Mohandessin,registry,high,{},False,0,0
2652,Al Nozha Pharmacy - Oct City,,,Al Nozha Pharmacy - Oct City,,Mohandessin,invoice_evidence,high,"{'erp_account_address': 2, 'erp_ship_to_address': 4}",False,5,0
2653,Seha First Pharmacy - Mohandessin,,,Seha First Pharmacy - Mohandessin,,,,,{},False,0,0
2654,Union Pharm - Zayed,Giza,Mohandessin,Union Pharm - Zayed,Mohandessin,Mohandessin,registry_conflict,conflict,"{'Mohandessin': {'erp_account_address': 2, 'erp_header_area': 3, 'erp_ship_to_address': 17}, 'Smouha': {'erp_header_area': 3}, 'Faisal': {'erp_account_address': 2, 'erp_ship_to_address': 10}}",True,31,2
2655,Nile Care Pharmacy - Imbaba,Giza,Mohandessin,Nile Care Pharmacy - Imbaba,Mohandessin,Mohandessin,registry,high,"{'Mohandessin': {'erp_account_address': 4, 'erp_header_area': 3, 'erp_ship_to_address': 13}}",False,16,0
2656,El Zahraa Pharmacy,,,El Zahraa Pharmacy,,,,,{},False,0,0
2657,Health Gate Pharmacy - Maadi,Giza,Mohandessin,Health Gate Pharmacy - Maadi,Mohandessin,Mohandessin,registry,high,"{'Mohandessin': {'erp_header_area': 3, 'erp_account_address': 4, 'erp_ship_to_address': 6}}",False,9,0
2658,Seha First Pharmacy - Zayed,,,Seha First Pharmacy - Zayed,,,,,{},False,0,0
2659,Better Life Pharmacy - Faisal,Giza,Mohandessin,Better Life Pharmacy - Faisal,Mohandessin,Mohandessin,registry_conflict,conflict,"{'Faisal': {'erp_account_address': 8, 'erp_ship_to_address': 29}, 'Nasr City': {'erp_ship_to_address': 9}}",True,42,2
2660,El Tourath Pharmacy - Haram,,,El Tourath Pharmacy - Haram,,,,,{},False,0,0
2661,El Hokama Pharmacy,Giza,Mohandessin,El Hokama Pharmacy,Mohandessin,Mohandessin,registry,high,{},False,0,0
2662,Care 24 Seven - Zayed,Giza,Mohandessin,Care 24 Seven - Zayed,Mohandessin,Mohandessin,registry_conflict,conflict,"{'Mohandessin': {'erp_header_area': 3, 'erp_account_address': 4, 'erp_ship_to_address': 13}, 'Nasr City': {'erp_account_address': 2, 'erp_ship_to_address': 4}}",True,21,1
2663,Care 24 Seven,Giza,Mohandessin,Care 24 Seven,Mohandessin,Mohandessin,registry,high,{},False,0,0
2664,Dr Medhat Pharmacy,Giza,Mohandessin,Dr Medhat Pharmacy,Mohandessin,Mohandessin,registry,high,{},False,0,0
2665,Salamtek Pharmacy,Giza,Mohandessin,Salamtek Pharmacy,Mohandessin,Mohandessin,registry,high,{},False,0,0
2666,El Shifa Pharmacy - Smouha,,,El Shifa Pharmacy - Smouha,,,,,{},False,0,0
2667,Health Gate Pharmacy,,,Health Gate Pharmacy,,,,,{},False,0,0
2668,Union Pharm - Smouha,,,Union Pharm - Smouha,,,,,{},False,0,0
2669,Metro Pharmacy - Montaza,Giza,Mohandessin,Metro Pharmacy - Montaza,Mohandessin,Mohandessin,registry,high,{},False,0,0
2670,Star Care Pharmacy,,,Star Care Pharmacy,,,,,{},False,0,0
2671,Nile Care Pharmacy - Mohandessin,Giza,Mohandessin,Nile Care Pharmacy - Mohandessin,Mohandessin,Mohandessin,registry,high,{},False,0,0
2672,Angel Pharmacy - Nozha,Giza,Mohandessin,Angel Pharmacy - Nozha,Mohandessin,Mohandessin,registry_conflict,conflict,"{'Faisal': {'erp_account_address': 4, 'erp_header_area': 3, 'erp_ship_to_address': 8}, 'Mohandessin': {'erp_ship_to_address': 6}}",True,17,1
2673,Family Pharmacy - Helwan,Giza,Mohandessin,Family Pharmacy - Helwan,Mohandessin,Mohandessin,registry,high,{},False,0,0
2674,Health Gate Pharmacy,,,Health Gate Pharmacy,,,,,{},False,0,0
2675,Omega Pharmacy,,,Omega Pharmacy,,,,,{},False,0,0
2676,Better Life Pharmacy - Haram,Giza,Mohandessin,Better Life Pharmacy - Haram,Mohandessin,Mohandessin,registry,high,{},False,0,0
2677,El Baraka Pharmacy - Rehab View,,,El Baraka Pharmacy - Rehab View,,,,,{},False,0,0
2678,El Faraby Pharmacy - Mohandessin,Giza,Mohandessin,El Faraby Pharmacy - Mohandessin,Mohandessin,Mohandessin,registry,high,{},False,0,0
2679,Omega Pharmacy,Giza,Mohandessin,Omega Pharmacy,Mohandessin,Mohandessin,registry,high,{},False,0,0
2680,Star Care Pharmacy - Zayed,Giza,Mohandessin,Star Care Pharmacy - Zayed,Mohandessin,Mohandessin,registry,high,"{'Mohandessin': {'erp_header_area': 3, 'erp_account_address': 2, 'erp_ship_to_address': 11}}",False,13,0
2681,Elite Pharmacy,,,Elite Pharmacy,,,,,{},False,0,0
2682,El Shifa Pharmacy - Mohandessin,Giza,Mohandessin,El Shifa Pharmacy - Mohandessin,Mohandessin,Mohandessin,registry,high,{},False,0,0
2683,Elite Pharmacy - Shubra,Giza,Mohandessin,Elite Pharmacy - Shubra,Mohandessin,Mohandessin,registry,high,{},False,0,0
2684,Family Pharmacy - Rehab View,,,Family Pharmacy - Rehab View,,Mohandessin,invoice_evidence,high,"{'erp_account_address': 6, 'erp_ship_to_address': 26}",True,31,2
2685,Nile Care Pharmacy - Mohandessin,Giza,Mohandessin,Nile Care Pharmacy - Mohandessin,Mohandessin,Mohandessin,registry,high,{},False,0,0
2686,Angel Pharmacy - Mohandessin,,,Angel Pharmacy - Mohandessin,,,,,{},False,0,0
2687,Metro Pharmacy - Haram,,,Metro Pharmacy - Haram,,,,,{},False,0,0
2688,Health Gate Pharmacy - Helwan,Giza,Mohandessin,Health Gate Pharmacy - Helwan,Mohandessin,Mohandessin,registry_conflict,conflict,"{'Smouha': {'erp_account_address': 4, 'erp_header_area': 3, 'erp_ship_to_address': 30}, 'Mohandessin': {'erp_header_area': 3, 'erp_ship_to_address': 13}, 'Faisal': {'erp_ship_to_address': 2}}",True,49,2
2689,Mira Pharmacy - Mohandessin,,,Mira Pharmacy - Mohandessin,,,,,{},False,0,0
2690,El Zahraa Pharmacy - Zayed,Giza,Mohandessin,El Zahraa Pharmacy - Zayed,Mohandessin,Mohandessin,registry,high,{},False,0,0
2691,Dr Medhat Pharmacy - Mohandessin,,,Dr Medhat Pharmacy - Mohandessin,,,,,{},False,0,0
2692,Elite Pharmacy,,,Elite Pharmacy,,,,,{},False,0,0
2693,Care 24 Seven,Giza,Mohandessin,Care 24 Seven,Mohandessin,Mohandessin,registry,high,{},False,0,0
2694,Elite Pharmacy - Shubra,,,Elite Pharmacy - Shubra,,,,,{},False,0,0
2695,Nile Care Pharmacy,,,Nile Care Pharmacy,,,,,{},False,0,0
2696,Alpha Pharma - Mohandessin,,,Alpha Pharma - Mohandessin,,,,,{},False,0,0
2697,Mira Pharmacy - Mohandessin,,,Mira Pharmacy - Mohandessin,,,,,{},False,0,0
2698,El Zahraa Pharmacy,,,El Zahraa Pharmacy,,,,,{},False,0,0
2699,El Nasr Pharmacy - Zayed,Giza,Mohandessin,El Nasr Pharmacy - Zayed,Mohandessin,Mohandessin,registry,high,{},False,0,0
2700,Life Line Pharmacy - Obour,,,Life Line Pharmacy - Obour,,,,,{},False,0,0
2701,Hope Pharmacy - Mohandessin,Giza,Mohandessin,Hope Pharmacy - Mohandessin,Mohandessin,Mohandessin,registry,high,{},False,0,0
2702,Care 24 Seven - Mohandessin,Giza,Mohandessin,Care 24 Seven - Mohandessin,Mohandessin,Mohandessin,registry,high,{},False,0,0
2703,Sunrise Pharmacy - Mohandessin,,,Sunrise Pharmacy - Mohandessin,,,,,{},False,0,0
2704,El Shifa Pharmacy - Mohandessin,Giza,Mohandessin,El Shifa Pharmacy - Mohandessin,Mohandessin,Mohandessin,registry,high,{},False,0,0
2705,Dr Medhat Pharmacy - Mohandessin,Giza,Mohandessin,Dr Medhat Pharmacy - Mohandessin,Mohandessin,Mohandessin,registry,high,{},False,0,0
2706,Dr Medhat Pharmacy,Giza,Mohandessin,Dr Medhat Pharmacy,Mohandessin,Mohandessin,registry,high,{},False,0,0
2707,Star Care Pharmacy - Helwan,,,Star Care Pharmacy - Helwan,,,,,{},False,0,0
2708,Angel Pharmacy - Montaza,,,Angel Pharmacy - Montaza,,,,,{},False,0,0
2709,Blue Wave Pharmacy - Dokki,,,Blue Wave Pharmacy - Dokki,,,,,{},False,0,0
2710,Al Amal Pharmacy - Banha,,,Al Amal Pharmacy - Banha,,Mohandessin,invoice_evidence,high,"{'erp_account_address': 8, 'erp_ship_to_address': 13}",False,17,0
2711,El Faraby Pharmacy,,,El Faraby Pharmacy,,,,,{},False,0,0
2712,Ebn Sina Pharmacy,,,Ebn Sina Pharmacy,,,,,{},False,0,0
2713,Better Life Pharmacy,Giza,Mohandessin,Better Life Pharmacy,Mohandessin,Mohandessin,registry,high,{},False,0,0
2714,Pharma Plus - Haram,,,Pharma Plus - Haram,,Mohandessin,invoice_evidence,high,"{'erp_account_address': 4, 'erp_ship_to_address': 9}",True,13,1
2715,El Shifa Pharmacy - Mohandessin,,,El Shifa Pharmacy - Mohandessin,,,,,{},False,0,0
2716,Elite Pharmacy,Giza,Mohandessin,Elite Pharmacy,Mohandessin,Mohandessin,registry,high,{},False,0,0
2717,Angel Pharmacy,,,Angel Pharmacy,,,,,{},False,0,0
2718,El Nasr Pharmacy,Giza,Mohandessin,El Nasr Pharmacy,Mohandessin,Mohandessin,registry,high,{},False,0,0
2719,El Shifa Pharmacy - Mohandessin,,,El Shifa Pharmacy - Mohandessin,,,,,{},False,0,0
2720,Elite Pharmacy - Mohandessin,,,Elite Pharmacy - Mohandessin,,,,,{},False,0,0
2721,Life Line Pharmacy - Mohandessin,,,Life Line Pharmacy - Mohandessin,,,,,{},False,0,0
2722,Mira Pharmacy - Mohandessin,Giza,Mohandessin,Mira Pharmacy - Mohandessin,Mohandessin,Mohandessin,registry,high,{},False,0,0
2723,Misr Pharmacy - Dokki,,,Misr Pharmacy - Dokki,,,,,{},False,0,0
2724,Care 24 Seven,Giza,Mohandessin,Care 24 Seven,Mohandessin,Mohandessin,registry,high,{},False,0,0
2725,El Baraka Pharmacy - Mohandessin,Giza,Mohandessin,El Baraka Pharmacy - Mohandessin,Mohandessin,Mohandessin,registry,high,{'Mohandessin': {'erp_ship_to_address': 9}},False,9,0
2726,Better Life Pharmacy - Agami,,,Better Life Pharmacy - Agami,,Mohandessin,invoice_evidence,high,"{'erp_account_address': 16, 'erp_ship_to_address': 24}",False,32,0
2727,Angel Pharmacy - Smouha,,,Angel Pharmacy - Smouha,,,,,{},False,0,0
2728,Better Life Pharmacy - Mohandessin,,,Better Life Pharmacy - Mohandessin,,,,,{},False,0,0
2729,Al Nozha Pharmacy,,,Al Nozha Pharmacy,,,,,{},False,0,0
2730,Better Life Pharmacy - Obour,,,Better Life Pharmacy - Obour,,,,,{},False,0,0
2731,El Shifa Pharmacy,Giza,Mohandessin,El Shifa Pharmacy,Mohandessin,Mohandessin,registry,high,{},False,0,0
2732,Health Gate Pharmacy,,,Health Gate Pharmacy,,,,,{},False,0,0
2733,Union Pharm - Marg,,,Union Pharm - Marg,,Mohandessin,invoice_evidence,high,"{'erp_account_address': 10, 'erp_header_area': 6, 'erp_ship_to_address': 68}",True,78,2
2734,Life Line Pharmacy - Maadi,,,Life Line Pharmacy - Maadi,,,,,{},False,0,0
2735,Elite Pharmacy - Mohandessin,Giza,Mohandessin,Elite Pharmacy - Mohandessin,Mohandessin,Mohandessin,registry,high,"{'Mohandessin': {'erp_account_address': 4, 'erp_ship_to_address': 15}}",False,17,0
2736,El Faraby Pharmacy - Mohandessin,Giza,Mohandessin,El Faraby Pharmacy - Mohandessin,Mohandessin,Mohandessin,registry,high,{},False,0,0
2737,Health Gate Pharmacy,Giza,Mohandessin,Health Gate Pharmacy,Mohandessin,Mohandessin,registry,high,{},False,0,0
2738,Omega Pharmacy - Helwan,,,Omega Pharmacy - Helwan,,,,,{},False,0,0
2739,Pharma Plus - Dokki,Giza,Mohandessin,Pharma Plus - Dokki,Mohandessin,Mohandessin,registry,high,{},False,0,0
2740,Ebn Sina Pharmacy - Smouha,Giza,Mohandessin,Ebn Sina Pharmacy - Smouha,Mohandessin,Mohandessin,registry_conflict,conflict,"{'Smouha': {'erp_account_address': 2, 'erp_ship_to_address': 4}}",True,5,1
2741,Sunrise Pharmacy,,,Sunrise Pharmacy,,,,,{},False,0,0
2742,Mira Pharmacy - Faisal,,,Mira Pharmacy - Faisal,,,,,{},False,0,0
2743,Dr Medhat Pharmacy - Shubra,Giza,Mohandessin,Dr Medhat Pharmacy - Shubra,Mohandessin,Mohandessin,registry_conflict,conflict,"{'Mohandessin': {'erp_header_area': 3}, 'Nasr City': {'erp_account_address': 2, 'erp_ship_to_address': 3}}",True,5,1
2744,Mira Pharmacy,Giza,Mohandessin,Mira Pharmacy,Mohandessin,Mohandessin,registry,high,{},False,0,0
2745,Mira Pharmacy - Rehab View,Giza,Mohandessin,Mira Pharmacy - Rehab View,Mohandessin,Mohandessin,registry,high,{},False,0,0
2746,Union Pharm - Mohandessin,,,Union Pharm - Mohandessin,,,,,{},False,0,0
2747,Al Nozha Pharmacy,Giza,Mohandessin,Al Nozha Pharmacy,Mohandessin,Mohandessin,registry,high,{},False,0,0
2748,El Nasr Pharmacy - Oct City,,,El Nasr Pharmacy - Oct City,,,,,{},False,0,0
2749,Star Care Pharmacy - Montaza,Giza,Mohandessin,Star Care Pharmacy - Montaza,Mohandessin,Mohandessin,registry,high,"{'Mohandessin': {'erp_account_address': 4, 'erp_ship_to_address': 12}}",False,14,0
2750,Al Nozha Pharmacy,Giza,Mohandessin,Al Nozha Pharmacy,Mohandessin,Mohandessin,registry,high,{},False,0,0
2751,Star Care Pharmacy - Marg,Giza,Mohandessin,Star Care Pharmacy - Marg,Mohandessin,Mohandessin,registry,high,{},False,0,0
2752,Nile Care Pharmacy - Montaza,,,Nile Care Pharmacy - Montaza,,,,,{},False,0,0
2753,Union Pharm - Mohandessin,,,Union Pharm - Mohandessin,,,,,{},False,0,0
2754,Mira Pharmacy - Oct City,Giza,Mohandessin,Mira Pharmacy - Oct City,Mohandessin,Mohandessin,registry,high,{},False,0,0
2755,City Care Pharmacy,,,City Care Pharmacy,,,,,{},False,0,0
2756,Care 24 Seven - Agami,,,Care 24 Seven - Agami,,Mohandessin,invoice_evidence,high,"{'erp_account_address': 4, 'erp_ship_to_address': 39}",True,43,2
2757,Blue Wave Pharmacy - Mohandessin,Giza,Mohandessin,Blue Wave Pharmacy - Mohandessin,Mohandessin,Mohandessin,registry,high,{'Mohandessin': {'erp_ship_to_address': 23}},False,23,0
2758,El Hokama Pharmacy,,,El Hokama Pharmacy,,,,,{},False,0,0
2759,Care 24 Seven,Giza,Mohandessin,Care 24 Seven,Mohandessin,Mohandessin,registry,high,{},False,0,0
2760,Ebn Sina Pharmacy - Square,,,Ebn Sina Pharmacy - Square,,,,,{},False,0,0
2761,Family Pharmacy - Mohandessin,Giza,Mohandessin,Family Pharmacy - Mohandessin,Mohandessin,Mohandessin,registry,high,{},False,0,0
2762,Sunrise Pharmacy,,,Sunrise Pharmacy,,,,,{},False,0,0
2763,Al Amal Pharmacy,Giza,Mohandessin,Al Amal Pharmacy,Mohandessin,Mohandessin,registry,high,{},False,0,0
2764,Care 24 Seven - Maadi,Giza,Mohandessin,Care 24 Seven - Maadi,Mohandessin,Mohandessin,registry,high,{},False,0,0
2765,Green Leaf Pharmacy - Dokki,,,Green Leaf Pharmacy - Dokki,,Mohandessin,invoice_evidence,high,"{'erp_account_address': 2, 'erp_ship_to_address': 9}",True,11,1
2766,Omega Pharmacy - Mohandessin,Giza,Mohandessin,Omega Pharmacy - Mohandessin,Mohandessin,Mohandessin,registry,high,{},False,0,0
2767,Angel Pharmacy,Giza,Mohandessin,Angel Pharmacy,Mohandessin,Mohandessin,registry,high,{},False,0,0
2768,Salamtek Pharmacy - Helwan,Giza,Mohandessin,Salamtek Pharmacy - Helwan,Mohandessin,Mohandessin,registry,high,{'Mohandessin': {'erp_ship_to_address': 13}},False,13,0
2769,Green Leaf Pharmacy,,,Green Leaf Pharmacy,,,,,{},False,0,0
2770,Family Pharmacy - Imbaba,Giza,Mohandessin,Family Pharmacy - Imbaba,Mohandessin,Mohandessin,registry,high,"{'Mohandessin': {'erp_account_address': 2, 'erp_ship_to_address': 3}}",False,4,0
2771,El Hokama Pharmacy - Montaza,Giza,Mohandessin,El Hokama Pharmacy - Montaza,Mohandessin,Mohandessin,registry,high,{},False,0,0
2772,Omega Pharmacy - Mohandessin,Giza,Mohandessin,Omega Pharmacy - Mohandessin,Mohandessin,Mohandessin,registry,high,{},False,0,0
2773,El Zahraa Pharmacy,,,El Zahraa Pharmacy,,,,,{},False,0,0
2774,Metro Pharmacy - Obour,Giza,Mohandessin,Metro Pharmacy - Obour,Mohandessin,Mohandessin,registry,high,{},False,0,0
2775,Salamtek Pharmacy,Giza,Mohandessin,Salamtek Pharmacy,Mohandessin,Mohandessin,registry,high,{},False,0,0
2776,Omega Pharmacy - Square,Giza,Mohandessin,Omega Pharmacy - Square,Mohandessin,Mohandessin,registry,high,{},False,0,0
2777,Ebn Sina Pharmacy - Mohandessin,Giza,Mohandessin,Ebn Sina Pharmacy - Mohandessin,Mohandessin,Mohandessin,registry,high,{},False,0,0
2778,Omega Pharmacy - Rehab View,,,Omega Pharmacy - Rehab View,,,,,{},False,0,0
2779,Silver Care Pharmacy - Mohandessin,Giza,Mohandessin,Silver Care Pharmacy - Mohandessin,Mohandessin,Mohandessin,registry,high,{},False,0,0
2780,Misr Pharmacy - Mohandessin,,,Misr Pharmacy - Mohandessin,,,,,{},False,0,0
2781,Mira Pharmacy - Montaza,,,Mira Pharmacy - Montaza,,,,,{},False,0,0
2782,Metro Pharmacy - Mohandessin,,,Metro Pharmacy - Mohandessin,,,,,{},False,0,0
2783,Omega Pharmacy - Mohandessin,Giza,Mohandessin,Omega Pharmacy - Mohandessin,Mohandessin,Mohandessin,registry,high,{},False,0,0
2784,Family Pharmacy,Giza,Mohandessin,Family Pharmacy,Mohandessin,Mohandessin,registry,high,{},False,0,0
2785,Misr Pharmacy,Giza,Mohandessin,Misr Pharmacy,Mohandessin,Mohandessin,registry,high,{},False,0,0
2786,Ebn Sina Pharmacy - Imbaba,Giza,Mohandessin,Ebn Sina Pharmacy - Imbaba,Mohandessin,Mohandessin,registry,high,{},False,0,0
2787,Seha First Pharmacy,,,Seha First Pharmacy,,,,,{},False,0,0
2788,Ebn Sina Pharmacy - Nozha,Giza,Mohandessin,Ebn Sina Pharmacy - Nozha,Mohandessin,Mohandessin,registry_conflict,conflict,"{'Mohandessin': {'erp_account_address': 2, 'erp_ship_to_address': 10}, 'Faisal': {'erp_ship_to_address': 9}}",True,20,1
2789,Mira Pharmacy,Giza,Mohandessin,Mira Pharmacy,Mohandessin,Mohandessin,registry,high,{},False,0,0
2790,Al Amal Pharmacy - Mohandessin,Giza,Mohandessin,Al Amal Pharmacy - Mohandessin,Mohandessin,Mohandessin,registry,high,{},False,0,0
2791,Family Pharmacy,Giza,Mohandessin,Family Pharmacy,Mohandessin,Mohandessin,registry,high,{},False,0,0
2792,Salamtek Pharmacy - Mohandessin,,,Salamtek Pharmacy - Mohandessin,,,,,{},False,0,0
2793,Life Line Pharmacy,,,Life Line Pharmacy,,,,,{},False,0,0
2794,Ebn Sina Pharmacy,Giza,Mohandessin,Ebn Sina Pharmacy,Mohandessin,Mohandessin,registry,high,{},False,0,0
2795,El Shifa Pharmacy - Dokki,,,El Shifa Pharmacy - Dokki,,,,,{},False,0,0
2796,Sunrise Pharmacy,Giza,Mohandessin,Sunrise Pharmacy,Mohandessin,Mohandessin,registry,high,{},False,0,0
2797,Salamtek Pharmacy,Giza,Mohandessin,Salamtek Pharmacy,Mohandessin,Mohandessin,registry,high,{},False,0,0
2798,Star Care Pharmacy - Mohandessin,,,Star Care Pharmacy - Mohandessin,,,,,{},False,0,0
2799,Life Line Pharmacy - Faisal,,,Life Line Pharmacy - Faisal,,,,,{},False,0,0
2800,El Baraka PH. 2nd,Alexandria,Smouha,El Baraka PH. 2nd,Smouha,Smouha,registry_conflict,conflict,"{'Smouha': {'erp_account_address': 26, 'erp_header_area': 3, 'erp_ship_to_address': 102}, 'Faisal': {'erp_header_area': 6, 'erp_account_address': 8, 'erp_ship_to_address': 48}, 'Mohandessin': {'erp_account_address': 4, 'erp_ship_to_address': 21}, 'Nasr City': {'erp_account_address': 6, 'erp_header_area': 3, 'erp_ship_to_address': 35}}",True,232,3
2801,El Nasr PH.,Giza,Faisal,El Nasr PH.,Faisal,Faisal,registry_conflict,conflict,"{'Nasr City': {'erp_account_address': 18, 'erp_header_area': 6, 'erp_ship_to_address': 96}, 'Smouha': {'erp_account_address': 10, 'erp_header_area': 15, 'erp_ship_to_address': 51}, 'Mohandessin': {'erp_account_address': 16, 'erp_header_area': 6, 'erp_ship_to_address': 75}, 'Faisal': {'erp_header_area': 15, 'erp_account_address': 26, 'erp_ship_to_address': 159}}",True,430,3
2802,Nile Care PH.,Giza,Faisal,Nile Care PH.,Faisal,Faisal,registry_conflict,conflict,"{'Smouha': {'erp_header_area': 12, 'erp_account_address': 10, 'erp_ship_to_address': 46}, 'Faisal': {'erp_account_address': 56, 'erp_header_area': 33, 'erp_ship_to_address': 302}, 'Mohandessin': {'erp_account_address': 16, 'erp_header_area': 3, 'erp_ship_to_address': 63}, 'Nasr City': {'erp_header_area': 9}}",True,471,3
2803,El Tourath PH. - Smouha 2nd,Alexandria,Smouha,El Tourath PH. - Smouha 2nd,Smouha,Smouha,registry_conflict,conflict,"{'Smouha': {'erp_account_address': 24, 'erp_header_area': 9, 'erp_ship_to_address': 87}, 'Faisal': {'erp_header_area': 3, 'erp_ship_to_address': 2}}",True,105,1
2804,Green Leaf PH. - Imbaba,Giza,Faisal,Green Leaf PH. - Imbaba,Faisal,Faisal,registry,high,"{'Faisal': {'erp_account_address': 12, 'erp_header_area': 9, 'erp_ship_to_address': 63}}",False,72,0
2805,Misr PH.,,,Misr PH.,,,invoice_evidence_conflict,ambiguous,"{'Nasr City': {'erp_account_address': 10, 'erp_header_area': 3, 'erp_ship_to_address': 28}, 'Smouha': {'erp_account_address': 4, 'erp_ship_to_address': 21}, 'Faisal': {'erp_account_address': 8, 'erp_ship_to_address': 43}, 'Mohandessin': {'erp_header_area': 3, 'erp_ship_to_address': 4}}",True,109,3
2806,El Shifa PH. 2nd,Alexandria,Smouha,El Shifa PH. 2nd,Smouha,Smouha,registry_conflict,conflict,"{'Smouha': {'erp_account_address': 26, 'erp_header_area': 6, 'erp_ship_to_address': 161}, 'Mohandessin': {'erp_header_area': 6, 'erp_account_address': 4, 'erp_ship_to_address': 28}, 'Nasr City': {'erp_header_area': 15, 'erp_account_address': 2, 'erp_ship_to_address': 5}, 'Faisal': {'erp_account_address': 8, 'erp_header_area': 6, 'erp_ship_to_address': 57}}",True,282,3
2807,Hope PH.,Giza,Mohandessin,Hope PH.,Mohandessin,Mohandessin,registry_conflict,conflict,"{'Smouha': {'erp_header_area': 6, 'erp_ship_to_address': 5}, 'Mohandessin': {'erp_account_address': 12, 'erp_header_area': 6, 'erp_ship_to_address': 72}, 'Nasr City': {'erp_account_address': 6, 'erp_header_area': 3, 'erp_ship_to_address': 17}, 'Faisal': {'erp_account_address': 4, 'erp_ship_to_address': 22}}",True,132,3
2808,Better Life PH. - Haram 2nd,Giza,Mohandessin,Better Life PH. - Haram 2nd,Mohandessin,Mohandessin,registry_conflict,conflict,"{'Mohandessin': {'erp_account_address': 4, 'erp_header_area': 3, 'erp_ship_to_address': 24}, 'Smouha': {'erp_account_address': 2, 'erp_ship_to_address': 15}}",True,43,1
2809,Star Care PH. - Square 2nd,Cairo,Nasr City,Star Care PH. - Square 2nd,Nasr City,Nasr City,registry_conflict,conflict,"{'Nasr City': {'erp_account_address': 22, 'erp_ship_to_address': 74}, 'Smouha': {'erp_account_address': 4, 'erp_header_area': 3, 'erp_ship_to_address': 20}, 'Faisal': {'erp_ship_to_address': 2}}",True,110,2
2810,Alpha Pharma - Nasr,Cairo,Nasr City,Alpha Pharma - Nasr,Nasr City,Nasr City,registry,high,{},False,0,0
2811,El Shifa PH. - Mohandessin,Giza,Mohandessin,El Shifa PH. - Mohandessin,Mohandessin,Mohandessin,registry_conflict,conflict,"{'Mohandessin': {'erp_header_area': 9, 'erp_account_address': 12, 'erp_ship_to_address': 96}, 'Nasr City': {'erp_header_area': 3}, 'Faisal': {'erp_ship_to_address': 2}}",True,108,2
2812,Dr Medhat PH. - Faisal 2nd,,,Dr Medhat PH. - Faisal 2nd,,Smouha,invoice_evidence,high,"{'erp_account_address': 34, 'erp_ship_to_address': 137}",True,241,2
2813,Elite PH.,Giza,Faisal,Elite PH.,Faisal,Faisal,registry_conflict,conflict,"{'Faisal': {'erp_header_area': 3, 'erp_account_address': 14, 'erp_ship_to_address': 113}, 'Mohandessin': {'erp_header_area': 6, 'erp_account_address': 2, 'erp_ship_to_address': 12}, 'Smouha': {'erp_header_area': 3}, 'Nasr City': {'erp_account_address': 4, 'erp_header_area': 3, 'erp_ship_to_address': 27}}",True,167,3
2814,Care 24 Seven - Maadi 2nd,,,Care 24 Seven - Maadi 2nd,,Nasr City,invoice_evidence,high,"{'erp_account_address': 2, 'erp_ship_to_address': 22}",True,25,2
2815,El Tourath PH. 2nd,Giza,Faisal,El Tourath PH. 2nd,Faisal,Faisal,registry_conflict,conflict,"{'Mohandessin': {'erp_account_address': 4, 'erp_header_area': 3, 'erp_ship_to_address': 43}, 'Smouha': {'erp_header_area': 9, 'erp_account_address': 8, 'erp_ship_to_address': 38}, 'Faisal': {'erp_header_area': 3, 'erp_account_address': 6, 'erp_ship_to_address': 37}, 'Nasr City': {'erp_header_area': 6, 'erp_account_address': 2, 'erp_ship_to_address': 41}}",True,176,3
2816,Elite PH. - Nasr 2nd,Cairo,Nasr City,Elite PH. - Nasr 2nd,Nasr City,Nasr City,registry_conflict,conflict,"{'Nasr City': {'erp_account_address': 10, 'erp_header_area': 12, 'erp_ship_to_address': 74}, 'Smouha': {'erp_account_address': 2, 'erp_ship_to_address': 6}, 'Faisal': {'erp_ship_to_address': 1}}",True,91,2
2817,Dr Medhat PH. - Nasr 2nd,Cairo,Nasr City,Dr Medhat PH. - Nasr 2nd,Nasr City,Nasr City,registry_conflict,conflict,"{'Nasr City': {'erp_account_address': 12, 'erp_header_area': 6, 'erp_ship_to_address': 91}, 'Faisal': {'erp_account_address': 2, 'erp_ship_to_address': 10}}",True,110,1
2818,Hope PH. - Mohandessin,,,Hope PH. - Mohandessin,,Mohandessin,invoice_evidence,high,"{'erp_account_address': 52, 'erp_header_area': 12, 'erp_ship_to_address': 265}",True,305,3
2819,Mira PH. 2nd,,,Mira PH. 2nd,,Faisal,invoice_evidence,high,"{'erp_account_address': 4, 'erp_ship_to_address': 38}",True,41,1
2820,Angel PH. - Mohandessin,Giza,Mohandessin,Angel PH. - Mohandessin,Mohandessin,Mohandessin,registry_conflict,conflict,"{'Mohandessin': {'erp_header_area': 15, 'erp_account_address': 14, 'erp_ship_to_address': 116}, 'Faisal': {'erp_header_area': 6}, 'Smouha': {'erp_header_area': 9}}",True,133,2
2821,Alpha Pharma,Giza,Mohandessin,Alpha Pharma,Mohandessin,Mohandessin,registry,high,{},False,0,0
2822,Al Nozha PH. - Smouha,Alexandria,Smouha,Al Nozha PH. - Smouha,Smouha,Smouha,registry_conflict,conflict,"{'Smouha': {'erp_account_address': 38, 'erp_header_area': 12, 'erp_ship_to_address': 175}, 'Faisal': {'erp_header_area': 3, 'erp_account_address': 2, 'erp_ship_to_address': 19}, 'Nasr City': {'erp_header_area': 3}}",True,220,2
2823,Blue Wave PH. - Dokki 2nd,,,Blue Wave PH. - Dokki 2nd,,Mohandessin,invoice_evidence,high,"{'erp_account_address': 8, 'erp_ship_to_address': 47}",True,68,2
2824,Misr PH. - Nasr,Cairo,Nasr City,Misr PH. - Nasr,Nasr City,Nasr City,registry_conflict,conflict,"{'Nasr City': {'erp_header_area': 15, 'erp_account_address': 26, 'erp_ship_to_address': 149}, 'Faisal': {'erp_header_area': 3, 'erp_ship_to_address': 3}, 'Smouha': {'erp_header_area': 3}}",True,172,2
2825,Star Care PH. - Mohandessin,Giza,Mohandessin,Star Care PH. - Mohandessin,Mohandessin,Mohandessin,registry_conflict,conflict,"{'Mohandessin': {'erp_account_address': 42, 'erp_header_area': 15, 'erp_ship_to_address': 259}, 'Faisal': {'erp_header_area': 6, 'erp_ship_to_address': 1}, 'Nasr City': {'erp_header_area': 9}, 'Smouha': {'erp_header_area': 3}}",True,292,3
