alias_id,account_name,branch_id,supplier_code,pharmacy_id,match_score,match_method,match_status,match_evidence,parent_company,branch_tag
A50007,EL NASR Main Road,749,1,2801,82.35294117647058,direct_match,MATCHED,direct_match,Karnak Medical Trading,B749
A50008,PH El Nasr 6th Zone,749,1,2801,100.0,direct_match,MATCHED,direct_match,Karnak Medical Trading,B749
A50009,El Nasr,766,1,2801,82.35294117647058,direct_match,MATCHED,direct_match,Basil Corner Providers,B766
A50013,Silver Care Marg Branch 2,704,1,1495,78.04878048780488,area_disambiguated,MATCHED,area_disambiguated,Blue Crescent Medical Supply Co.,B704
A50043,el Alpha Pharma Zayed br.2,701,1,1007,92.3076923076923,direct_match,MATCHED,direct_match,Al-Nour Pharmaceutical Distribution,B701
A50044,alpha pharma zayedMall,720,3,1007,90.0,direct_match,MATCHED,direct_match,Lotus Medcare Distribution,B720
A50045,el Alpha Pharma Zayed Branch 2,720,3,1007,92.3076923076923,direct_match,MATCHED,direct_match,Lotus Medcare Distribution,B720
A50046,PY/Alpha Pharma Zayed 6th Zone,726,2,1007,100.0,exact_registry_name,MATCHED,exact_registry_name,White Nile Agencies,B726
A50047,ALPHA PHARMA ZAYED-A,726,2,1007,94.73684210526316,direct_match,MATCHED,direct_match,White Nile Agencies,B726
A50048,el Alpha Pharma Zayed,730,2,1007,92.3076923076923,direct_match,MATCHED,direct_match,Pyramid Health Supplies,A730
A50049,Ph/ALPHA PHARMA ZAYED Branch 1,776,1,1007,100.0,exact_registry_name,MATCHED,exact_registry_name,Seven Palms Distribution,A776
A50050,ALLPHA PHARMA ZAYED 04,782,2,1007,90.0,direct_match,MATCHED,direct_match,Summit Crest Trading,A782
A50051,PY/alpha pharma zayed Branch 1,782,2,1007,100.0,exact_registry_name,MATCHED,exact_registry_name,Summit Crest Trading,A782
A50108,E-UNION PHARM REHAB VIEW-A,705,2,1120,91.66666666666666,area_disambiguated,MATCHED,area_disambiguated,Blue Crescent Medical Supply Co.,C705
A50109,Ph/Union Pharm Rehab View,714,2,1120,100.0,area_disambiguated,MATCHED,area_disambiguated,Delta Union Agencies,A714
A50111,UNION PHARM REHAB VIEW br.2,727,3,1120,100.0,area_disambiguated,MATCHED,area_disambiguated,White Nile Agencies,C727
A50112,EL union pharm rehab vieww 011,727,3,1120,84.61538461538461,area_disambiguated,MATCHED,area_disambiguated,White Nile Agencies,C727
A50123,PH Al Nozha Smouha Branch 2,733,1,2822,100.0,direct_match,MATCHED,direct_match,Modern Chain Distributors,A733
A50124,El-Al Nozha Smouha Branch 1,760,4,2822,83.33333333333334,direct_match,MATCHED,direct_match,Two Rivers Distribution,C760
A50127,Al Nozha Smouha br.2,769,1,2822,90.9090909090909,direct_match,MATCHED,direct_match,Ocean Front Distributors,B769
A50128,PH el zahraa maadi 04,716,1,1017,80.0,area_disambiguated,MATCHED,area_disambiguated,Delta Union Agencies,C716
A50216,el el tourath (2),717,1,2815,81.25,direct_match,MATCHED,direct_match,Cairo Grand Supplies,A717
A50228,EL Al Nozha Smouha,701,5,2822,83.33333333333334,direct_match,MATCHED,direct_match,Al-Nour Pharmaceutical Distribution,B701
A50229,el AL NOZHA SMOUHA Branch 1,702,1,2822,83.33333333333334,direct_match,MATCHED,direct_match,Al-Nour Pharmaceutical Distribution,C702
A50230,al nozha smouha Station St.,702,1,2822,90.9090909090909,direct_match,MATCHED,direct_match,Al-Nour Pharmaceutical Distribution,C702
A50231,PY/Al Nozha Smouha 04,729,2,2822,83.33333333333334,direct_match,MATCHED,direct_match,Delta Star Medical Trade,B729
A50233,El-Al Nozha Smouha Main Road,757,2,2822,83.33333333333334,direct_match,MATCHED,direct_match,Al Wadi Medical Providers,B757
A50234,AL NOZHA SMOUHA StationSt.,762,3,2822,90.9090909090909,direct_match,MATCHED,direct_match,Supreme Shelf Logistics,B762
A50236,PY/Al Nozha Smouh Main Road,773,1,2822,87.5,direct_match,MATCHED,direct_match,Desert Bloom Suppliers,B773
A50237,PH Al Nozha Smouha Mall,777,3,2822,100.0,direct_match,MATCHED,direct_match,Seven Palms Distribution,B777
A50238,Al Nozha Smouha,779,1,2822,90.9090909090909,direct_match,MATCHED,direct_match,Iron Gate Wholesale,A779
A50244,Ph/Blue Wave Smouha 6th Zone,737,5,2259,78.04878048780488,area_disambiguated,MATCHED,area_disambiguated,Sinai Bridge Trading,A737
A50260,PH Silver Care,719,1,1191,82.35294117647058,area_disambiguated,MATCHED,area_disambiguated,Lotus Medcare Distribution,A719
A50297,PH STAR CARE SMOUHA Main Road,703,4,1359,86.36363636363636,area_disambiguated,MATCHED,area_disambiguated,Blue Crescent Medical Supply Co.,A703
A50302,Star Care Smouha 6th Zone,727,5,1359,78.04878048780488,area_disambiguated,MATCHED,area_disambiguated,White Nile Agencies,C727
A50303,STAR CARE SMOUHA br.2,756,3,1605,78.04878048780488,area_disambiguated,MATCHED,area_disambiguated,Al Wadi Medical Providers,A756
A50307,PY/STAR CARE SMOUHA,767,5,1605,78.04878048780488,area_disambiguated,MATCHED,area_disambiguated,Khufu Line Agencies,A767
A50308,Star Care Smouha Branch 2162,767,5,1605,78.04878048780488,area_disambiguated,MATCHED,area_disambiguated,Khufu Line Agencies,A767
A50360,PH MIRA BANHA,763,4,2417,81.25,area_disambiguated,MATCHED,area_disambiguated,Saqqara Trade House,A763
A50373,PH EL SHIFA (2),702,2,2806,92.85714285714286,direct_match,MATCHED,direct_match,Al-Nour Pharmaceutical Distribution,C702
A50375,Ph/EL SHIFA (2),781,3,2806,80.0,direct_match,MATCHED,direct_match,Alex Marine Providers,B781
A50388,Health Gate Oct City-A,750,4,1046,78.43137254901961,direct_match,MATCHED,direct_match,Pearl Route Agencies,A750
A50440,PH silver care obour Branch 1,702,3,1054,86.95652173913044,direct_match,MATCHED,direct_match,Al-Nour Pharmaceutical Distribution,C702
A50458,El-alpha pharma 011,709,3,1241,78.94736842105263,direct_match,MATCHED,direct_match,Horus Pharm Agencies,B709
A50474,PH SILVER CARE Mall,739,4,1191,82.35294117647058,area_disambiguated,MATCHED,area_disambiguated,Sinai Bridge Trading,C739
A50516,PH Green Leaf Branch 2,706,6,1465,81.25,area_disambiguated,MATCHED,area_disambiguated,Nile Med Wholesale,A706
A50531,PH El Hokama Harram,733,4,1065,83.72093023255813,direct_match,MATCHED,direct_match,Modern Chain Distributors,A733
A50565,PH Ebn Sina Rehab View Mall,729,5,1069,88.0,direct_match,MATCHED,direct_match,Delta Star Medical Trade,B729
A50566,Ebn Sina Rehab View Branch 2,756,6,1069,80.85106382978724,direct_match,MATCHED,direct_match,Al Wadi Medical Providers,A756
A50567,PH EBN SINA REHAB VIEW Branch 2,756,6,1069,88.0,direct_match,MATCHED,direct_match,Al Wadi Medical Providers,A756
A50569,EL EBN SINA REHAB VIEW,766,5,1069,80.0,direct_match,MATCHED,direct_match,Basil Corner Providers,B766
A50570,ebn sina rehab view r.2,771,5,1069,82.35294117647058,direct_match,MATCHED,direct_match,Marina Bay Trade,B771
A50571,el star care square 04,719,5,2809,80.0,direct_match,MATCHED,direct_match,Lotus Medcare Distribution,A719
A50572,EL Star Care Square Main Road,719,5,2809,80.95238095238095,direct_match,MATCHED,direct_match,Lotus Medcare Distribution,A719
A50574,El-Star Care Square 011,728,2,2809,78.26086956521739,direct_match,MATCHED,direct_match,Delta Star Medical Trade,A728
A50577,Star Care Squae Station St.,771,6,2809,78.94736842105263,direct_match,MATCHED,direct_match,Marina Bay Trade,B771
A50578,el Star Care Square br.2,778,4,2809,80.95238095238095,direct_match,MATCHED,direct_match,Seven Palms Distribution,C778
A50580,el star care square-A,780,4,2809,81.81818181818181,direct_match,MATCHED,direct_match,Alex Marine Providers,A780
A50593,nile care helwan (2),778,5,1095,78.94736842105263,direct_match,MATCHED,direct_match,Seven Palms Distribution,C778
A50611,PH angel dokki Mall,769,5,2164,82.35294117647058,area_disambiguated,MATCHED,area_disambiguated,Ocean Front Distributors,B769
A50640,PH SALAMTEK IMBABA br.2,780,8,1078,85.71428571428572,direct_match,MATCHED,direct_match,Alex Marine Providers,A780
A50644,blue wave rehab view,734,6,1079,81.63265306122449,direct_match,MATCHED,direct_match,Modern Chain Distributors,B734
A50645,el Blue Wave Rehab View,756,7,1079,80.76923076923077,direct_match,MATCHED,direct_match,Al Wadi Medical Providers,A756
A50648,Blue Wave Rehab View (2),766,7,1079,78.43137254901961,direct_match,MATCHED,direct_match,Basil Corner Providers,B766
A50650,el blue wave rehab view Branch 2583,781,6,1079,80.76923076923077,direct_match,MATCHED,direct_match,Alex Marine Providers,B781
A50651,PY/nile care br.2,726,8,2802,85.71428571428572,direct_match,MATCHED,direct_match,White Nile Agencies,B726
A50652,PH NILE CAREE Station St.,726,8,2802,96.0,direct_match,MATCHED,direct_match,White Nile Agencies,B726
A50653,PH Nile Carre Branch 2,730,9,2802,96.0,direct_match,MATCHED,direct_match,Pyramid Health Supplies,A730
A50655,nile care Mall,735,8,2802,85.71428571428572,direct_match,MATCHED,direct_match,Modern Chain Distributors,C735
A50668,PH El Shifa Zayed-A,769,6,2030,80.95238095238095,area_disambiguated,MATCHED,area_disambiguated,Ocean Front Distributors,B769
A50674,el Union Pharm Smouha (2),781,7,1806,87.8048780487805,area_disambiguated,MATCHED,area_disambiguated,Alex Marine Providers,B781
A50675,PH union pharm smouha424,781,7,1806,85.71428571428572,area_disambiguated,MATCHED,area_disambiguated,Alex Marine Providers,B781
A50683,EL TOURATH (2),703,6,2815,82.75862068965517,direct_match,MATCHED,direct_match,Blue Crescent Medical Supply Co.,A703
A50685,PH El Tourath,707,6,2815,86.66666666666667,direct_match,MATCHED,direct_match,Tiba Distribution Group,A707
A50687,PY/El Tourath (2),720,6,2815,82.75862068965517,direct_match,MATCHED,direct_match,Lotus Medcare Distribution,B720
A50688,PH el tourath-A,740,7,2815,87.5,direct_match,MATCHED,direct_match,Green Delta Enterprises,A740
A50690,PH EL TOURATH br.2,761,8,2815,86.66666666666667,direct_match,MATCHED,direct_match,Supreme Shelf Logistics,A761
A50691,PYY/EL TOURATH Main Road,766,9,1526,78.78787878787878,area_disambiguated,MATCHED,area_disambiguated,Basil Corner Providers,B766
A50696,PH El Shifa Main Road,703,7,2806,84.61538461538461,direct_match,MATCHED,direct_match,Blue Crescent Medical Supply Co.,A703
A50698,PH El Shifa,726,9,2806,84.61538461538461,direct_match,MATCHED,direct_match,White Nile Agencies,B726
A50700,PH EL SHIFA 6th Zone,738,4,2806,84.61538461538461,direct_match,MATCHED,direct_match,Sinai Bridge Trading,B738
A50726,PH City Care Square 011,714,10,1089,79.16666666666666,direct_match,MATCHED,direct_match,Delta Union Agencies,A714
A50728,City Care Square Branch 2,741,7,1089,78.04878048780488,direct_match,MATCHED,direct_match,Green Delta Enterprises,B741
A50729,Ph/City Care Square Main Road,752,7,1089,78.04878048780488,direct_match,MATCHED,direct_match,Falcon Wholesale Co.,B752
A50760,silver care smouha Mall,755,6,1580,80.0,area_disambiguated,MATCHED,area_disambiguated,October Central Supply,B755
A50762,PH EL SHIFA Station St.,776,9,2806,84.61538461538461,direct_match,MATCHED,direct_match,Seven Palms Distribution,A776
A50763,PY/El Shifa (2),776,9,2806,80.0,direct_match,MATCHED,direct_match,Seven Palms Distribution,A776
A50765,PH El Shifa br.2,782,4,2806,84.61538461538461,direct_match,MATCHED,direct_match,Summit Crest Trading,A782
A50766,care 24 seven helwan 011,703,8,1095,90.9090909090909,direct_match,MATCHED,direct_match,Blue Crescent Medical Supply Co.,A703
A50767,El-care 24 seven helwan Station St.,703,8,1095,93.02325581395348,direct_match,MATCHED,direct_match,Blue Crescent Medical Supply Co.,A703
A50768,El-care 24 seven helwan 04,714,11,1095,86.95652173913044,direct_match,MATCHED,direct_match,Delta Union Agencies,A714
A50769,el Care 24 Seven Helwan-A,716,4,1095,88.88888888888889,direct_match,MATCHED,direct_match,Delta Union Agencies,C716
A50770,CARE 24 SEVEN HELWAN 011,716,4,1095,90.9090909090909,direct_match,MATCHED,direct_match,Delta Union Agencies,C716
A50771,Care 24 Seven Helwan Branch 1,720,8,1095,100.0,exact_registry_name,MATCHED,exact_registry_name,Lotus Medcare Distribution,B720
A50772,EL CARE 24 SEVEN HELWAN 04,728,3,1095,86.95652173913044,direct_match,MATCHED,direct_match,Delta Star Medical Trade,A728
A50773,EL care 24 seven helwan 04,728,3,1095,86.95652173913044,direct_match,MATCHED,direct_match,Delta Star Medical Trade,A728
A50774,PH Care 24 Seven Helwan,746,4,1095,93.02325581395348,direct_match,MATCHED,direct_match,Southern Cross Pharma,B746
A50775,EL Care 24 Seven Helwan 6th Zone,782,5,1095,93.02325581395348,direct_match,MATCHED,direct_match,Summit Crest Trading,A782
A50777,PH nile care-A,755,7,2802,92.3076923076923,direct_match,MATCHED,direct_match,October Central Supply,B755
A50778,NILE CARE Main Road,755,7,2802,85.71428571428572,direct_match,MATCHED,direct_match,October Central Supply,B755
A50779,PH Nile Care,775,9,2802,100.0,direct_match,MATCHED,direct_match,Corner Stone Medical,A775
A50834,Silver Care Smouha (2),750,9,1580,85.0,direct_match,MATCHED,direct_match,Pearl Route Agencies,A750
A50882,Ph/DR MEDHAT MONTAZA,779,6,1749,79.06976744186046,area_disambiguated,MATCHED,area_disambiguated,Iron Gate Wholesale,A779
A50907,Ph/blue wave montaza,733,8,1113,79.06976744186046,direct_match,MATCHED,direct_match,Modern Chain Distributors,A733
A50908,PH Blue Wave Montaza 011,755,8,1113,80.0,direct_match,MATCHED,direct_match,October Central Supply,B755
A50912,care 24 seven dokki Mlal,707,9,1114,88.37209302325581,direct_match,MATCHED,direct_match,Tiba Distribution Group,A707
A50913,Care 24 Seven Dokki (2),707,9,1114,95.0,direct_match,MATCHED,direct_match,Tiba Distribution Group,A707
A50914,El-CARE 24 SEVEN DOKKI (2),709,6,1114,88.37209302325581,direct_match,MATCHED,direct_match,Horus Pharm Agencies,B709
A50916,PY/Care 24 Seven Dokki 011,740,8,1114,90.47619047619048,direct_match,MATCHED,direct_match,Green Delta Enterprises,A740
A50917,Ph/Care 24 Seven Dokki 011,748,12,1114,90.47619047619048,direct_match,MATCHED,direct_match,Karnak Medical Trading,A748
A50918,EL Care 24 Seven Dokki Branch 1,767,11,1114,92.6829268292683,direct_match,MATCHED,direct_match,Khufu Line Agencies,A767
A50996,PH Alpha Pharma Square 04594,701,8,1123,80.85106382978724,area_disambiguated,MATCHED,area_disambiguated,Al-Nour Pharmaceutical Distribution,B701
A50997,alpha pharma square Branch 1,701,8,1123,100.0,area_disambiguated,MATCHED,area_disambiguated,Al-Nour Pharmaceutical Distribution,B701
A51005,PH alpha pharma square 011,761,12,1123,84.44444444444444,area_disambiguated,MATCHED,area_disambiguated,Supreme Shelf Logistics,A761
A51034,PHH El Tourath Branch 1,718,5,2815,83.87096774193549,direct_match,MATCHED,direct_match,Cairo Grand Supplies,B718
A51035,PH El Tourath br.2,718,5,2815,86.66666666666667,direct_match,MATCHED,direct_match,Cairo Grand Supplies,B718
A51038,PH el tourath Main Road,738,10,2815,86.66666666666667,direct_match,MATCHED,direct_match,Sinai Bridge Trading,B738
A51041,El Tourath (2),757,9,2815,82.75862068965517,direct_match,MATCHED,direct_match,Al Wadi Medical Providers,B757
A51049,PH Al Nozha Helwan (2),729,11,1128,81.81818181818181,direct_match,MATCHED,direct_match,Delta Star Medical Trade,B729
A51195,PH misr montaza,757,13,1143,83.33333333333334,direct_match,MATCHED,direct_match,Al Wadi Medical Providers,B757
A51215,PY/seha first smouha 6th Zone,735,12,1240,79.06976744186046,area_disambiguated,MATCHED,area_disambiguated,Modern Chain Distributors,C735
A51216,seha first smouha br.2,739,13,1240,79.06976744186046,area_disambiguated,MATCHED,area_disambiguated,Sinai Bridge Trading,C739
A51238,PH Star Care Branch 2,704,13,1537,80.0,area_disambiguated,MATCHED,area_disambiguated,Blue Crescent Medical Supply Co.,B704
A51297,PH better life (2),771,10,2808,80.0,direct_match,MATCHED,direct_match,Marina Bay Trade,B771
A51330,Ph/el hokama smouha br.2985,777,11,1942,78.04878048780488,area_disambiguated,MATCHED,area_disambiguated,Seven Palms Distribution,B777
A51332,PH EL TOURATH SMOUHA( 2),758,4,2803,95.65217391304348,direct_match,MATCHED,direct_match,Two Rivers Distribution,A758
A51334,el tourath smouha 04,769,11,2803,81.81818181818181,direct_match,MATCHED,direct_match,Ocean Front Distributors,B769
A51363,pharmaplus helwan,706,16,1166,97.14285714285714,direct_match,MATCHED,direct_match,Nile Med Wholesale,A706
A51364,EL pharma plus helwan,732,15,1166,92.3076923076923,direct_match,MATCHED,direct_match,Pyramid Health Supplies,C732
A51365,Ph/PHHARMA PLUS HELWAN 011,732,15,1166,87.8048780487805,direct_match,MATCHED,direct_match,Pyramid Health Supplies,C732
A51366,el Pharma Plus Helwan Station St.,752,11,1166,92.3076923076923,direct_match,MATCHED,direct_match,Falcon Wholesale Co.,B752
A51368,Pharma Plus Helwan-A,757,14,1166,94.73684210526316,direct_match,MATCHED,direct_match,Al Wadi Medical Providers,B757
A51370,e PHARMA PLUS HELWAN,760,13,1166,94.73684210526316,direct_match,MATCHED,direct_match,Two Rivers Distribution,C760
A51371,Pharma Plus Helwan Station St.,760,13,1166,100.0,exact_registry_name,MATCHED,exact_registry_name,Two Rivers Distribution,C760
A51386,PH El Shifa Montaza,703,11,1169,86.36363636363636,area_disambiguated,MATCHED,area_disambiguated,Blue Crescent Medical Supply Co.,A703
A51388,PH El Shifa Montaza Mall,708,13,2330,86.36363636363636,area_disambiguated,MATCHED,area_disambiguated,Horus Pharm Agencies,A708
A51420,PH Life Line Agami (2),782,13,1966,81.81818181818181,area_disambiguated,MATCHED,area_disambiguated,Summit Crest Trading,A782
A51444,PH Blue Wave Maadi,769,13,2037,85.71428571428572,area_disambiguated,MATCHED,area_disambiguated,Ocean Front Distributors,B769
A51449,PH Golden Care Banha br.2,748,16,2593,86.95652173913044,area_disambiguated,MATCHED,area_disambiguated,Karnak Medical Trading,A748
A51451,PY/Star Care Smouha br.2,712,15,1605,78.04878048780488,area_disambiguated,MATCHED,area_disambiguated,El-Masria Trading Co.,B712
A51453,PH star care smouha Mall,755,15,1605,86.36363636363636,area_disambiguated,MATCHED,area_disambiguated,October Central Supply,B755
A51454,star care smouha Station St.,778,11,1605,78.04878048780488,area_disambiguated,MATCHED,area_disambiguated,Seven Palms Distribution,C778
A51466,PY/city care smouha 6th Zone,769,14,2122,78.04878048780488,area_disambiguated,MATCHED,area_disambiguated,Ocean Front Distributors,B769
A51467,PY/City Care Smouha Branch 1,769,14,2122,78.04878048780488,area_disambiguated,MATCHED,area_disambiguated,Ocean Front Distributors,B769
A51497,PH Alpha Pharma Branhc 1,711,10,2501,80.95238095238095,direct_match,MATCHED,direct_match,El-Masria Trading Co.,A711
A51529,PH Mira Marg Branch 2,773,7,1287,80.0,area_disambiguated,MATCHED,area_disambiguated,Desert Bloom Suppliers,B773
A51532,EL GOLDEN CARE SHUBRA (2),705,13,2602,79.06976744186046,direct_match,MATCHED,direct_match,Blue Crescent Medical Supply Co.,C705
A51535,Golden Care Shubra 04,753,13,2602,78.04878048780488,direct_match,MATCHED,direct_match,Falcon Wholesale Co.,C753
A51551,Ph/Pharma Plus Nozha Station St.,710,14,1187,100.0,exact_registry_name,MATCHED,exact_registry_name,Horus Pharm Agencies,C710
A51552,EL Phrma Plus Nozha,710,14,1187,88.88888888888889,direct_match,MATCHED,direct_match,Horus Pharm Agencies,C710
A51553,pharma pplus nozha Mall,719,13,1187,97.14285714285714,direct_match,MATCHED,direct_match,Lotus Medcare Distribution,A719
A51554,EL Pharma Plus Nozha,719,13,1187,91.89189189189189,direct_match,MATCHED,direct_match,Lotus Medcare Distribution,A719
A51555,EL pharma plus nozha Station St.,729,13,1187,91.89189189189189,direct_match,MATCHED,direct_match,Delta Star Medical Trade,B729
A51556,El-PHARMA PLUS NOZHA-A,729,13,1187,87.17948717948718,direct_match,MATCHED,direct_match,Delta Star Medical Trade,B729
A51557,PHARMA PLUS NOZHA br.2,760,14,1187,100.0,exact_registry_name,MATCHED,exact_registry_name,Two Rivers Distribution,C760
A51558,Pharma Plus Nozha,760,14,1187,100.0,exact_registry_name,MATCHED,exact_registry_name,Two Rivers Distribution,C760
A51559,el PHARMA PLUS NOZHA (2),761,13,1187,87.17948717948718,direct_match,MATCHED,direct_match,Supreme Shelf Logistics,A761
A51560,El-Pharma Plus Nozha b.2,761,13,1187,82.92682926829268,direct_match,MATCHED,direct_match,Supreme Shelf Logistics,A761
A51561,EL Pharma Plus Nozha,765,8,1187,91.89189189189189,direct_match,MATCHED,direct_match,Basil Corner Providers,A765
A51562,Pharma Plus Nozha Main Road,774,9,1187,100.0,exact_registry_name,MATCHED,exact_registry_name,Desert Bloom Suppliers,C774
A51563,el pharma plus nozha br.2,774,9,1187,91.89189189189189,direct_match,MATCHED,direct_match,Desert Bloom Suppliers,C774
A51564,EL PHARMA PLUS NOZHA br.2,779,12,1187,91.89189189189189,direct_match,MATCHED,direct_match,Iron Gate Wholesale,A779
A51565,el PHARMA PLUS NOZHA br.2,779,12,1187,91.89189189189189,direct_match,MATCHED,direct_match,Iron Gate Wholesale,A779
A51567,EL BARAKA (2),703,14,2800,81.4814814814815,direct_match,MATCHED,direct_match,Blue Crescent Medical Supply Co.,A703
A51574,PH EL BARAKA 04,735,16,2800,83.87096774193549,direct_match,MATCHED,direct_match,Modern Chain Distributors,C735
A51575,PH EL BARAKA br.2,739,17,2800,85.71428571428572,direct_match,MATCHED,direct_match,Sinai Bridge Trading,C739
A51590,PH El Shifa,740,12,2806,84.61538461538461,direct_match,MATCHED,direct_match,Green Delta Enterprises,A740
A51609,El-GOLDEN CARE SMOUHA (2),774,10,1580,79.06976744186046,direct_match,MATCHED,direct_match,Desert Bloom Suppliers,C774
A51658,Ph/El Tourath (2),708,19,2815,82.75862068965517,direct_match,MATCHED,direct_match,Horus Pharm Agencies,A708
A51679,PH salamtek,739,19,1110,78.57142857142857,area_disambiguated,MATCHED,area_disambiguated,Sinai Bridge Trading,C739
A51688,PY/El Hokama Smouha,717,9,1942,78.04878048780488,area_disambiguated,MATCHED,area_disambiguated,Cairo Grand Supplies,A717
A51695,DR MEDHAT FAISAL 011,716,10,2812,79.06976744186046,direct_match,MATCHED,direct_match,Delta Union Agencies,C716
A51697,Dr Medhat Faisal 011,731,12,2812,79.06976744186046,direct_match,MATCHED,direct_match,Pyramid Health Supplies,B731
A51698,PH DR MEDHAT FAISAL 011,748,17,2812,86.95652173913044,direct_match,MATCHED,direct_match,Karnak Medical Trading,A748
A51700,Ph/dr medhat faisal 04,752,17,2812,80.95238095238095,direct_match,MATCHED,direct_match,Falcon Wholesale Co.,B752
A51726,PH ELITE Mall,701,13,2813,100.0,direct_match,MATCHED,direct_match,Al-Nour Pharmaceutical Distribution,B701
A51732,PH elite-A,726,27,2813,88.88888888888889,direct_match,MATCHED,direct_match,White Nile Agencies,B726
A51743,PH Misr 2(),766,23,2805,87.5,direct_match,MATCHED,direct_match,Basil Corner Providers,B766
A51763,PY/al amal shubra Mall,721,12,1728,78.78787878787878,direct_match,MATCHED,direct_match,Saraya Pharmaceutical Supply,A721
A51787,Ph/Union Pharm Smouha,724,10,1806,100.0,area_disambiguated,MATCHED,area_disambiguated,Ramses Wholesale Partners,B724
A51789,union pharm smouha-A178,731,13,1806,87.8048780487805,area_disambiguated,MATCHED,area_disambiguated,Pyramid Health Supplies,B731
A51807,PY/green leaf shubra 6th Zone,771,13,1218,79.06976744186046,direct_match,MATCHED,direct_match,Marina Bay Trade,B771
A51809,PH Green Leaf Shubra (2),776,14,1218,83.33333333333334,direct_match,MATCHED,direct_match,Seven Palms Distribution,A776
A51811,PH Union Pharm Imbaba Branch 1,704,16,1778,92.3076923076923,area_disambiguated,MATCHED,area_disambiguated,Blue Crescent Medical Supply Co.,B704
A51813,Ph/union pharm imbaba Branch 1,739,20,1219,100.0,area_disambiguated,MATCHED,area_disambiguated,Sinai Bridge Trading,C739
A51819,el baraka faisal Station St.,738,17,1220,78.04878048780488,area_disambiguated,MATCHED,area_disambiguated,Sinai Bridge Trading,B738
A51831,PH Misr Branch 1,725,17,2805,100.0,direct_match,MATCHED,direct_match,White Nile Agencies,A725
A51833,PH Misr,757,18,2805,100.0,direct_match,MATCHED,direct_match,Al Wadi Medical Providers,B757
A51836,PH MISR Branch 1930,775,17,2805,100.0,direct_match,MATCHED,direct_match,Corner Stone Medical,A775
A51886,PY/Union Pharmm Faisal Branch 1,727,19,1227,97.2972972972973,area_disambiguated,MATCHED,area_disambiguated,White Nile Agencies,C727
A51887,PY/union pharm faisal214,727,19,1227,92.3076923076923,area_disambiguated,MATCHED,area_disambiguated,White Nile Agencies,C727
A51888,el union pharm faisal (2),747,12,1227,87.8048780487805,area_disambiguated,MATCHED,area_disambiguated,Southern Cross Pharma,C747
A51899,PH ebn sina Branch 2802,738,18,1421,78.57142857142857,area_disambiguated,MATCHED,area_disambiguated,Sinai Bridge Trading,B738
A51913,PH El Baraka-A,762,14,2800,86.66666666666667,direct_match,MATCHED,direct_match,Supreme Shelf Logistics,B762
A51915,El-El Baraka (2),766,25,2800,80.0,direct_match,MATCHED,direct_match,Basil Corner Providers,B766
A51932,PH Hope 6th Zone,735,19,2807,100.0,direct_match,MATCHED,direct_match,Modern Chain Distributors,C735
A51960,PH salamtek smouha 011,764,13,1500,78.26086956521739,area_disambiguated,MATCHED,area_disambiguated,Saqqara Trade House,B764
A51969,HEALTH GATE SQUARE 6th Zone,723,17,1237,80.0,direct_match,MATCHED,direct_match,Ramses Wholesale Partners,A723
A51971,PH HEALTH GATE SQUARE (2),726,28,1237,84.0,direct_match,MATCHED,direct_match,White Nile Agencies,B726
A51996,Ph/alpha pharma helwan Main Road,703,15,1241,100.0,exact_registry_name,MATCHED,exact_registry_name,Blue Crescent Medical Supply Co.,A703
A51997,PH Alpha Pharma Helwan-A,703,15,1241,88.37209302325581,direct_match,MATCHED,direct_match,Blue Crescent Medical Supply Co.,A703
A51998,el alpha pharma helwan Branch 2,722,19,1241,92.6829268292683,direct_match,MATCHED,direct_match,Saraya Pharmaceutical Supply,B722
A51999,alpha pharma helwan,722,19,1241,100.0,exact_registry_name,MATCHED,exact_registry_name,Saraya Pharmaceutical Supply,B722
A52000,EL Alpha Pharma Helwan Branch 1,738,19,1241,92.6829268292683,direct_match,MATCHED,direct_match,Sinai Bridge Trading,B738
A52003,PY/AL AMAL SMOUHA Bracnh 1,728,11,1965,78.26086956521739,area_disambiguated,MATCHED,area_disambiguated,Delta Star Medical Trade,A728
A52041,PH Golden Care Zayed Branch 2,720,24,1246,86.95652173913044,direct_match,MATCHED,direct_match,Lotus Medcare Distribution,B720
A52043,PY/GOLDEN CARE ZAYED,731,14,1246,79.06976744186046,direct_match,MATCHED,direct_match,Pyramid Health Supplies,B731
A52045,PH Golden Care Zayed 011,742,15,1246,80.0,direct_match,MATCHED,direct_match,Green Delta Enterprises,C742
A52047,Golden Care Zayed 6th Zone,762,15,1246,79.06976744186046,direct_match,MATCHED,direct_match,Supreme Shelf Logistics,B762
A52082,PH Elite 04,746,13,2813,84.21052631578947,direct_match,MATCHED,direct_match,Southern Cross Pharma,B746
A52098,PH SALAMTEK,781,19,1665,78.57142857142857,area_disambiguated,MATCHED,area_disambiguated,Alex Marine Providers,B781
A52135,Ph/EL BARAKA SMOUHA Station St.,735,20,1257,78.04878048780488,area_disambiguated,MATCHED,area_disambiguated,Modern Chain Distributors,C735
A52160,PH Ebn Sina Smouha (2),741,18,2740,81.81818181818181,area_disambiguated,MATCHED,area_disambiguated,Green Delta Enterprises,B741
A52162,PH Ebn Sina Smouha-A,755,22,1640,81.81818181818181,area_disambiguated,MATCHED,area_disambiguated,October Central Supply,B755
A52174,EL Alpha PharmaS mouha Station St.,756,19,1241,78.04878048780488,direct_match,MATCHED,direct_match,Al Wadi Medical Providers,A756
A52201,El Hokamma Shubra,702,16,2542,80.95238095238095,area_disambiguated,MATCHED,area_disambiguated,Al-Nour Pharmaceutical Distribution,C702
A52202,El Hokama Shubra Station St.,702,16,2542,78.04878048780488,area_disambiguated,MATCHED,area_disambiguated,Al-Nour Pharmaceutical Distribution,C702
A52218,Ph/health gate smouha,767,21,1528,80.0,area_disambiguated,MATCHED,area_disambiguated,Khufu Line Agencies,A767
A52219,Nile Care,707,15,2802,85.71428571428572,direct_match,MATCHED,direct_match,Tiba Distribution Group,A707
A52224,Nile Care Branch 2,744,26,2802,85.71428571428572,direct_match,MATCHED,direct_match,Horus Elite Logistics,B744
A52226,Nile Care (2),762,17,2802,78.26086956521739,direct_match,MATCHED,direct_match,Supreme Shelf Logistics,B762
A52227,Nile Care Station St.,764,16,2802,85.71428571428572,direct_match,MATCHED,direct_match,Saqqara Trade House,B764
A52228,PH Nile Care,777,16,2802,100.0,direct_match,MATCHED,direct_match,Seven Palms Distribution,B777
A52229,NILE CARE90,777,16,2802,78.26086956521739,direct_match,MATCHED,direct_match,Seven Palms Distribution,B777
A52244,PY/Silver Care Zayed Mall,768,17,1647,79.06976744186046,area_disambiguated,MATCHED,area_disambiguated,Ocean Front Distributors,A768
A52245,el Silver Care Zayed Main Road,768,17,1647,78.26086956521739,area_disambiguated,MATCHED,area_disambiguated,Ocean Front Distributors,A768
A52248,PH SILVER CARE ZAYED 011,778,16,1647,80.0,area_disambiguated,MATCHED,area_disambiguated,Seven Palms Distribution,C778
A52249,PH SILVER CARE ZAYED 6th Zone,778,16,1647,86.95652173913044,area_disambiguated,MATCHED,area_disambiguated,Seven Palms Distribution,C778
A52310,El Baraka (2),720,26,2800,81.4814814814815,direct_match,MATCHED,direct_match,Lotus Medcare Distribution,B720
A52311,PH EL BARAKA 6th Zone,724,14,2800,85.71428571428572,direct_match,MATCHED,direct_match,Ramses Wholesale Partners,B724
A52351,care 24 seven marg br.2100,703,21,1280,100.0,exact_registry_name,MATCHED,exact_registry_name,Blue Crescent Medical Supply Co.,A703
A52352,care 24 seven marg Branch 1,703,21,1280,100.0,exact_registry_name,MATCHED,exact_registry_name,Blue Crescent Medical Supply Co.,A703
A52353,PY/Care 24 Seven Marg Branch 1,705,24,1280,100.0,exact_registry_name,MATCHED,exact_registry_name,Blue Crescent Medical Supply Co.,C705
A52354,PY/Caare 24 Seven Marg (2),705,24,1280,92.3076923076923,direct_match,MATCHED,direct_match,Blue Crescent Medical Supply Co.,C705
A52355,Ph//Care 24 Seven Marg (2)839,708,26,1280,85.71428571428572,direct_match,MATCHED,direct_match,Horus Pharm Agencies,A708
A52356,care 24 seven marg 6th Zone,749,21,1280,100.0,exact_registry_name,MATCHED,exact_registry_name,Karnak Medical Trading,B749
A52357,PH care 244 seven marg Station St.,755,25,1280,90.0,direct_match,MATCHED,direct_match,October Central Supply,B755
A52358,Ph/Care 24 Seven Marg Branch 1,756,22,1280,100.0,exact_registry_name,MATCHED,exact_registry_name,Al Wadi Medical Providers,A756
A52359,care 24 seven marg Main Road,771,18,1280,100.0,exact_registry_name,MATCHED,exact_registry_name,Marina Bay Trade,B771
A52360,el CARE 2 SEVEN MARG (2),774,18,1280,85.0,direct_match,MATCHED,direct_match,Desert Bloom Suppliers,C774
A52373,PH BLUE WAVE SMOUHA 011,762,20,2259,79.16666666666666,area_disambiguated,MATCHED,area_disambiguated,Supreme Shelf Logistics,B762
A52388,PY/Pharma Plus Oct City 011,706,21,1863,90.9090909090909,area_disambiguated,MATCHED,area_disambiguated,Nile Med Wholesale,A706
A52389,EL Pharma Plus Oct City,706,21,1863,93.02325581395348,area_disambiguated,MATCHED,area_disambiguated,Nile Med Wholesale,A706
A52392,el phrama plus oct city,731,19,1863,88.37209302325581,area_disambiguated,MATCHED,area_disambiguated,Pyramid Health Supplies,B731
A52439,BLUE WAVE OCT CITY Branch 1,717,15,1290,80.0,direct_match,MATCHED,direct_match,Cairo Grand Supplies,A717
A52440,Blue Wave Oct City br.2,717,15,1290,80.0,direct_match,MATCHED,direct_match,Cairo Grand Supplies,A717
A52442,PH Blue Wave Oct City,730,28,1290,87.5,direct_match,MATCHED,direct_match,Pyramid Health Supplies,A730
A52444,BLUE WAVE OCT CITY,749,22,1290,80.0,direct_match,MATCHED,direct_match,Karnak Medical Trading,B749
A52454,Ph/EL BARAKA IMBABA,730,29,1292,78.04878048780488,direct_match,MATCHED,direct_match,Pyramid Health Supplies,A730
A52455,EL BARAKA IMBABA,745,18,1292,78.04878048780488,direct_match,MATCHED,direct_match,Southern Cross Pharma,A745
A52456,Ph/EL BARAKA IMBABA,745,18,1292,78.04878048780488,direct_match,MATCHED,direct_match,Southern Cross Pharma,A745
A52471,PH Sunrise Banha,726,33,1294,84.21052631578947,direct_match,MATCHED,direct_match,White Nile Agencies,B726
A52517,PH star crae dokki br.2,773,15,1299,80.95238095238095,area_disambiguated,MATCHED,area_disambiguated,Desert Bloom Suppliers,B773
A52522,PH HEALTH GAE SHUBRA br.2240,749,23,1300,85.1063829787234,direct_match,MATCHED,direct_match,Karnak Medical Trading,B749
A52523,Health Gaate Shubra Mall,755,27,1300,78.26086956521739,direct_match,MATCHED,direct_match,October Central Supply,B755
A52594,CITY CARE IMBABA br.2599,727,24,1310,78.04878048780488,direct_match,MATCHED,direct_match,White Nile Agencies,C727
A52595,Ph/CITY CARE IMBABA Station St.,727,24,1310,78.04878048780488,direct_match,MATCHED,direct_match,White Nile Agencies,C727
A52596,PH city care imbaba,751,18,1310,86.36363636363636,direct_match,MATCHED,direct_match,Falcon Wholesale Co.,A751
A52600,EL NASR 6th Zone,730,31,2801,82.35294117647058,direct_match,MATCHED,direct_match,Pyramid Health Supplies,A730
A52601,PY/el nasr 6th Zone,730,31,2801,82.35294117647058,direct_match,MATCHED,direct_match,Pyramid Health Supplies,A730
A52602,PH El Nasr Branch 1,739,26,2801,100.0,direct_match,MATCHED,direct_match,Sinai Bridge Trading,C739
A52609,NILE CARE MONTAZA,761,19,1312,79.06976744186046,area_disambiguated,MATCHED,area_disambiguated,Supreme Shelf Logistics,A761
A52610,PY/Nile Care Montaza,761,19,1312,79.06976744186046,area_disambiguated,MATCHED,area_disambiguated,Supreme Shelf Logistics,A761
A52649,PH ALPA PHARMA DOKKI,707,19,2215,89.47368421052632,area_disambiguated,MATCHED,area_disambiguated,Tiba Distribution Group,A707
A52650,PY/Alpha Pharma Dokki Branch 1,723,21,2215,100.0,area_disambiguated,MATCHED,area_disambiguated,Ramses Wholesale Partners,A723
A52651,PY/alpha pharma dokki Main Road,728,18,2215,100.0,area_disambiguated,MATCHED,area_disambiguated,Delta Star Medical Trade,A728
A52652,El-Alpha Pharma Dokki Mall,728,18,2215,92.3076923076923,area_disambiguated,MATCHED,area_disambiguated,Delta Star Medical Trade,A728
A52658,Alpha Pharma Dokki,770,21,1318,100.0,area_disambiguated,MATCHED,area_disambiguated,Marina Bay Trade,A770
A52661,PH AL NOZHA,707,20,2105,78.57142857142857,area_disambiguated,MATCHED,area_disambiguated,Tiba Distribution Group,A707
A52688,PY/al nozha smouha 04,718,21,2822,83.33333333333334,direct_match,MATCHED,direct_match,Cairo Grand Supplies,B718
A52689,PY/Al Nozha Smouha,748,27,2822,90.9090909090909,direct_match,MATCHED,direct_match,Karnak Medical Trading,A748
A52690,Ph//Al Nozha Smouha,748,27,2822,90.9090909090909,direct_match,MATCHED,direct_match,Karnak Medical Trading,A748
A52714,El Nasr Mall,711,20,2801,82.35294117647058,direct_match,MATCHED,direct_match,El-Masria Trading Co.,A711
A52719,PH El Nasr br.2,773,17,2801,100.0,direct_match,MATCHED,direct_match,Desert Bloom Suppliers,B773
A52740,Ph/EL TOURATH HELWAN Station St.,718,22,1328,79.06976744186046,direct_match,MATCHED,direct_match,Cairo Grand Supplies,B718
A52741,El Tourath Helwan Station St.,725,27,1328,79.06976744186046,direct_match,MATCHED,direct_match,White Nile Agencies,A725
A52742,PH El Tourath Helwan Station St.,725,27,1328,86.95652173913044,direct_match,MATCHED,direct_match,White Nile Agencies,A725
A52744,PH el tourath helwan Station St.,757,24,1328,86.95652173913044,direct_match,MATCHED,direct_match,Al Wadi Medical Providers,B757
A52755,el hokama smouha Branch 1,777,21,1942,78.04878048780488,area_disambiguated,MATCHED,area_disambiguated,Seven Palms Distribution,B777
A52761,Ph/SILVER CARE SMOUHA-A,731,23,1580,80.0,direct_match,MATCHED,direct_match,Pyramid Health Supplies,B731
A52762,Silver Care Smouha-A,731,23,1580,80.0,direct_match,MATCHED,direct_match,Pyramid Health Supplies,B731
A52793,el El Tourath (2),728,20,2815,81.25,direct_match,MATCHED,direct_match,Delta Star Medical Trade,A728
A52825,PH Elite Station St.,728,21,2813,100.0,direct_match,MATCHED,direct_match,Delta Star Medical Trade,A728
A52863,Ph/Nile Care Smouha (2),729,22,1580,78.94736842105263,direct_match,MATCHED,direct_match,Delta Star Medical Trade,B729
A52880,PH Nile Care Obour Branch 2,778,21,1652,85.71428571428572,area_disambiguated,MATCHED,area_disambiguated,Seven Palms Distribution,C778
A52883,PH NILE CARE OBOUR Branch 1,781,25,1652,85.71428571428572,area_disambiguated,MATCHED,area_disambiguated,Alex Marine Providers,B781
A52884,PH ELITE DOKKI,710,28,1344,82.35294117647058,direct_match,MATCHED,direct_match,Horus Pharm Agencies,C710
A52909,EL Alpha Pharma Square Station St.,705,27,1123,92.6829268292683,area_disambiguated,MATCHED,area_disambiguated,Blue Crescent Medical Supply Co.,C705
A52922,PH Star Care Agami133,720,35,1349,80.0,direct_match,MATCHED,direct_match,Lotus Medcare Distribution,B720
A52957,sunrise oct city br.2,724,17,1562,78.04878048780488,area_disambiguated,MATCHED,area_disambiguated,Ramses Wholesale Partners,B724
A52958,Ph/Sunrise Oct City Branch 1343,724,17,1562,78.04878048780488,area_disambiguated,MATCHED,area_disambiguated,Ramses Wholesale Partners,B724
A52971,PH Dr Medhat Mall,721,27,1552,80.0,area_disambiguated,MATCHED,area_disambiguated,Saraya Pharmaceutical Supply,A721
A53002,el are 24 Seven Nozha 04,714,22,1358,83.72093023255813,direct_match,MATCHED,direct_match,Delta Union Agencies,A714
A53004,PH Care 24 Sevne Nozha,740,27,1358,87.8048780487805,direct_match,MATCHED,direct_match,Green Delta Enterprises,A740
A53006,El-cae 24 seven nozha Branch 1,762,28,1358,90.0,direct_match,MATCHED,direct_match,Supreme Shelf Logistics,B762
A53007,PY/care 24 seven nozha Branch 2,769,26,1358,100.0,exact_registry_name,MATCHED,exact_registry_name,Ocean Front Distributors,B769
A53008,PH Star Care Smouha 04,712,25,1605,80.85106382978724,area_disambiguated,MATCHED,area_disambiguated,El-Masria Trading Co.,B712
A53009,Ph/STAR CARE SMOUHA,713,21,1605,78.04878048780488,area_disambiguated,MATCHED,area_disambiguated,El-Masria Trading Co.,C713
A53010,PH tar care smouha Main Road,713,21,1605,83.72093023255813,area_disambiguated,MATCHED,area_disambiguated,El-Masria Trading Co.,C713
A53015,Star Care Smouha,767,25,1605,78.04878048780488,area_disambiguated,MATCHED,area_disambiguated,Khufu Line Agencies,A767
A53027,Ph/health gate helwan Main Road,752,25,2688,80.0,area_disambiguated,MATCHED,area_disambiguated,Falcon Wholesale Co.,B752
A53052,El Baraka (2),726,40,2800,81.4814814814815,direct_match,MATCHED,direct_match,White Nile Agencies,B726
A53053,PH EL BARAKA Main Road,726,40,2800,85.71428571428572,direct_match,MATCHED,direct_match,White Nile Agencies,B726
A53054,El Baraka (2),731,27,2800,81.4814814814815,direct_match,MATCHED,direct_match,Pyramid Health Supplies,B731
A53114,PH Elite Haram (2),739,28,2816,78.78787878787878,direct_match,MATCHED,direct_match,Sinai Bridge Trading,C739
A53120,el AL NOZHA SMOUHA Branch 2385,711,23,2822,83.33333333333334,direct_match,MATCHED,direct_match,El-Masria Trading Co.,A711
A53122,al nozha smouha 6th Zone,713,22,2822,90.9090909090909,direct_match,MATCHED,direct_match,El-Masria Trading Co.,C713
A53123,AL NOZHA SMOUHA-A,737,27,2822,85.71428571428572,direct_match,MATCHED,direct_match,Sinai Bridge Trading,A737
A53124,El-AL NOZHA SMOUHA Branch 2,737,27,2822,83.33333333333334,direct_match,MATCHED,direct_match,Sinai Bridge Trading,A737
A53125,PH Al Nozha Smouha,776,23,2822,100.0,direct_match,MATCHED,direct_match,Seven Palms Distribution,A776
A53127,EL Al Nozha Smouha-A,780,25,2822,78.94736842105263,direct_match,MATCHED,direct_match,Alex Marine Providers,A780
A53134,PY/El Zahraa Montaza Main Road,743,17,2558,79.06976744186046,area_disambiguated,MATCHED,area_disambiguated,Horus Elite Logistics,A743
A53152,PY/El Tourath (2),742,24,2815,82.75862068965517,direct_match,MATCHED,direct_match,Green Delta Enterprises,C742
A53153,PH El Tourath-A,747,20,2815,87.5,direct_match,MATCHED,direct_match,Southern Cross Pharma,C747
A53175,el EL TOURATH REHAB VIEW-A,727,29,1377,78.57142857142857,area_disambiguated,MATCHED,area_disambiguated,White Nile Agencies,C727
A53198,PH ebn sina smouha Branch 2,748,32,2740,85.71428571428572,area_disambiguated,MATCHED,area_disambiguated,Karnak Medical Trading,A748
A53226,PH FAMILY OCT CITY 04,745,24,2229,80.0,area_disambiguated,MATCHED,area_disambiguated,Southern Cross Pharma,A745
A53227,PH Family Oct City Main Road,745,24,2229,85.71428571428572,area_disambiguated,MATCHED,area_disambiguated,Southern Cross Pharma,A745
A53258,PH El Tourath Mall,721,29,2815,86.66666666666667,direct_match,MATCHED,direct_match,Saraya Pharmaceutical Supply,A721
A53286,PH El Zahraa Maadi Branch 1,739,31,1017,85.71428571428572,area_disambiguated,MATCHED,area_disambiguated,Sinai Bridge Trading,C739
A53349,El Tourath Smouha (2),723,27,2803,88.37209302325581,direct_match,MATCHED,direct_match,Ramses Wholesale Partners,A723
A53350,EL el tourath smouha-A,727,31,2803,82.6086956521739,direct_match,MATCHED,direct_match,White Nile Agencies,C727
A53357,El-El Tourath Smuoha (2),777,26,2803,82.6086956521739,direct_match,MATCHED,direct_match,Seven Palms Distribution,B777
A53418,PH el hokama imbaba403,718,25,1406,80.85106382978724,direct_match,MATCHED,direct_match,Cairo Grand Supplies,B718
A53420,El Hokama Imbaba Mall,728,27,1406,78.04878048780488,direct_match,MATCHED,direct_match,Delta Star Medical Trade,A728
A53421,PH el hokama imbaba,729,29,1406,86.36363636363636,direct_match,MATCHED,direct_match,Delta Star Medical Trade,B729
A53423,el hokama imbaba,734,28,1406,78.04878048780488,direct_match,MATCHED,direct_match,Modern Chain Distributors,B734
A53425,PH El Hokama Imbaba Mall,735,31,1406,86.36363636363636,direct_match,MATCHED,direct_match,Modern Chain Distributors,C735
A53427,PH EL HOKAMA IMBABA Main Road,753,26,1406,86.36363636363636,direct_match,MATCHED,direct_match,Falcon Wholesale Co.,C753
A53464,Al Nozha Smouha,714,29,2822,90.9090909090909,direct_match,MATCHED,direct_match,Delta Union Agencies,A714
A53466,Al Nozha Smoha (2),726,41,2822,82.35294117647058,direct_match,MATCHED,direct_match,White Nile Agencies,B726
A53467,El-Al Nozha Smouha-A,760,31,2822,78.94736842105263,direct_match,MATCHED,direct_match,Two Rivers Distribution,C760
A53468,EL al nozha smouha 6th Zone,760,31,2822,83.33333333333334,direct_match,MATCHED,direct_match,Two Rivers Distribution,C760
A53475,El Zahraa Oct City br.2,722,29,1413,80.0,direct_match,MATCHED,direct_match,Saraya Pharmaceutical Supply,B722
A53476,PH el zahraa oct city 04,735,32,1413,82.35294117647058,direct_match,MATCHED,direct_match,Modern Chain Distributors,C735
A53477,El Zahraa Oct City Branch 1,735,32,1413,80.0,direct_match,MATCHED,direct_match,Modern Chain Distributors,C735
A53511,PY/Care 24 Seven Mall558,700,32,2308,82.05128205128204,area_disambiguated,MATCHED,area_disambiguated,Al-Nour Pharmaceutical Distribution,A700
A53537,PH el shifa,767,31,2806,84.61538461538461,direct_match,MATCHED,direct_match,Khufu Line Agencies,A767
A53538,Ph/EL SHIFA (2),767,31,2806,80.0,direct_match,MATCHED,direct_match,Khufu Line Agencies,A767
A53539,PH El Shifa Main Road,768,29,2806,84.61538461538461,direct_match,MATCHED,direct_match,Ocean Front Distributors,A768
A53541,EL SHIFA (2),773,33,2806,80.0,direct_match,MATCHED,direct_match,Desert Bloom Suppliers,B773
A53576,Ph/BETTER LIFE SHUBRA Station St.,709,31,1424,80.0,area_disambiguated,MATCHED,area_disambiguated,Horus Pharm Agencies,B709
A53577,PY/Better Life Shubra br.2556,709,31,1424,80.0,area_disambiguated,MATCHED,area_disambiguated,Horus Pharm Agencies,B709
A53578,Better Life Shubra,716,23,1424,80.0,area_disambiguated,MATCHED,area_disambiguated,Delta Union Agencies,C716
A53579,better life shubra Branch 1,716,23,1424,80.0,area_disambiguated,MATCHED,area_disambiguated,Delta Union Agencies,C716
A53583,BETTER LIFE SHUBRA 6th Zone,766,36,1578,80.0,area_disambiguated,MATCHED,area_disambiguated,Basil Corner Providers,B766
A53585,PH Better Life Shubra (2),778,22,1424,84.0,direct_match,MATCHED,direct_match,Seven Palms Distribution,C778
A53608,PH El Shifa 04,700,34,2806,82.75862068965517,direct_match,MATCHED,direct_match,Al-Nour Pharmaceutical Distribution,A700
A53611,PH El Shifa,738,28,2806,84.61538461538461,direct_match,MATCHED,direct_match,Sinai Bridge Trading,B738
A53641,PY/Golden Care Smouha 04,739,32,1580,78.04878048780488,direct_match,MATCHED,direct_match,Sinai Bridge Trading,C739
A53656,EL HOKAMA SHUBRA Branch 1,749,33,1264,78.04878048780488,area_disambiguated,MATCHED,area_disambiguated,Karnak Medical Trading,B749
A53693,PH Blue Wave AAgami Branch 2,720,42,1436,83.72093023255813,direct_match,MATCHED,direct_match,Lotus Medcare Distribution,B720
A53712,Nile Care Smouha Station St.,705,32,1438,78.04878048780488,area_disambiguated,MATCHED,area_disambiguated,Blue Crescent Medical Supply Co.,C705
A53728,PY/EL NASR br.2,730,42,2801,82.35294117647058,direct_match,MATCHED,direct_match,Pyramid Health Supplies,A730
A53730,PH el nasr Main Road,732,35,2801,100.0,direct_match,MATCHED,direct_match,Pyramid Health Supplies,C732
A53733,El Nasr Branch 1990,750,30,2801,82.35294117647058,direct_match,MATCHED,direct_match,Pearl Route Agencies,A750
A53735,PH EL NASR768,768,32,2801,86.95652173913044,direct_match,MATCHED,direct_match,Ocean Front Distributors,A768
A53736,El Nasr Station St.,768,32,2801,82.35294117647058,direct_match,MATCHED,direct_match,Ocean Front Distributors,A768
A53737,El Nasr Branch 1,733,22,2801,82.35294117647058,direct_match,MATCHED,direct_match,Modern Chain Distributors,A733
A53739,Ph/El Nasr br.2,738,29,2801,82.35294117647058,direct_match,MATCHED,direct_match,Sinai Bridge Trading,B738
A53740,PY/EL NASR 6th Zone,738,29,2801,82.35294117647058,direct_match,MATCHED,direct_match,Sinai Bridge Trading,B738
A53743,Ph/El Nasr Main Road,744,40,2801,82.35294117647058,direct_match,MATCHED,direct_match,Horus Elite Logistics,B744
A53744,El Nasr Branch 1,771,30,2801,82.35294117647058,direct_match,MATCHED,direct_match,Marina Bay Trade,B771
A53746,El Nasr 6th Zone,775,32,2801,82.35294117647058,direct_match,MATCHED,direct_match,Corner Stone Medical,A775
A53748,PH Mira Obour Mall,726,44,1443,81.25,direct_match,MATCHED,direct_match,White Nile Agencies,B726
A53753,PH Mira Obour,767,34,1443,81.25,direct_match,MATCHED,direct_match,Khufu Line Agencies,A767
A53811,PH EL BARAKA NASR br.2,781,31,1541,85.0,area_disambiguated,MATCHED,area_disambiguated,Alex Marine Providers,B781
A53881,Ph/Dr Medhat Nasr Branch 2,710,36,2817,80.0,direct_match,MATCHED,direct_match,Horus Pharm Agencies,C710
A53887,Ph/Dr Medhat Nasr,735,36,2817,80.0,direct_match,MATCHED,direct_match,Modern Chain Distributors,C735
A53888,Ph/DR MEDHAT NASR 04,764,24,2817,78.94736842105263,direct_match,MATCHED,direct_match,Saqqara Trade House,B764
A53891,Dr Medhat Nasr 04,772,31,2817,78.94736842105263,direct_match,MATCHED,direct_match,Desert Bloom Suppliers,A772
A53947,PH health gate,706,36,1468,82.35294117647058,area_disambiguated,MATCHED,area_disambiguated,Nile Med Wholesale,A706
A53988,PH Nile Care Dokki-A,767,36,1472,81.81818181818181,area_disambiguated,MATCHED,area_disambiguated,Khufu Line Agencies,A767
A54017,PH Star Care,764,26,1537,80.0,area_disambiguated,MATCHED,area_disambiguated,Saqqara Trade House,B764
A54024,El-Union Pharm Nasr (2),779,37,1830,86.48648648648648,area_disambiguated,MATCHED,area_disambiguated,Iron Gate Wholesale,A779
A54025,Union Pharm Nasr,779,37,1830,100.0,area_disambiguated,MATCHED,area_disambiguated,Iron Gate Wholesale,A779
A54027,Care 24 Seven Nasr 04,768,34,1715,92.3076923076923,area_disambiguated,MATCHED,area_disambiguated,Ocean Front Distributors,A768
A54028,el CARE 24 SEVEN NASR Branch 193,768,34,1715,92.3076923076923,area_disambiguated,MATCHED,area_disambiguated,Ocean Front Distributors,A768
A54032,Care 24 Seven Nasr,779,38,1715,100.0,area_disambiguated,MATCHED,area_disambiguated,Iron Gate Wholesale,A779
A54070,Ph/Misr Nasr Main Road,732,40,2824,85.71428571428572,direct_match,MATCHED,direct_match,Pyramid Health Supplies,C732
A54071,MISR NASR 6th Zone,736,27,2824,85.71428571428572,direct_match,MATCHED,direct_match,United Bazaar Pharma,A736
A54073,PY/MISR NASR br.2,763,32,2824,85.71428571428572,direct_match,MATCHED,direct_match,Saqqara Trade House,A763
A54074,Misr Nasr-A,763,32,2824,78.26086956521739,direct_match,MATCHED,direct_match,Saqqara Trade House,A763
A54082,ELITE NASR (2),715,20,2816,82.75862068965517,direct_match,MATCHED,direct_match,Delta Union Agencies,B715
A54089,Ph/El Nasr Nozha,714,39,2801,78.26086956521739,direct_match,MATCHED,direct_match,Delta Union Agencies,A714
A54093,El Nasr Nozha,728,30,2801,78.26086956521739,direct_match,MATCHED,direct_match,Delta Star Medical Trade,A728
A54095,El Nasr Nozha Station St.,746,26,2801,78.26086956521739,direct_match,MATCHED,direct_match,Southern Cross Pharma,B746
A54105,PH Anel Nasr,781,36,2801,90.9090909090909,direct_match,MATCHED,direct_match,Alex Marine Providers,B781
A54175,Ph/seha first nozha Mall,710,39,1494,78.04878048780488,direct_match,MATCHED,direct_match,Horus Pharm Agencies,C710
A54176,PH Seha First Nozha,710,39,1494,86.36363636363636,direct_match,MATCHED,direct_match,Horus Pharm Agencies,C710
A54180,PH SEHA FIRST NOZHA Mall,764,28,1494,86.36363636363636,direct_match,MATCHED,direct_match,Saqqara Trade House,B764
A54185,PH seha first nozha 011,782,34,1494,79.16666666666666,direct_match,MATCHED,direct_match,Summit Crest Trading,A782
A54188,Ph/Silver Care Marg,704,29,1495,78.04878048780488,area_disambiguated,MATCHED,area_disambiguated,Blue Crescent Medical Supply Co.,B704
A54189,Sivler Care Marg (2),704,29,1280,83.33333333333334,direct_match,MATCHED,direct_match,Blue Crescent Medical Supply Co.,B704
A54195,SILVER CARE MARG,761,29,1002,78.04878048780488,area_disambiguated,MATCHED,area_disambiguated,Supreme Shelf Logistics,A761
A54196,PH silver carre marg Mall,779,40,1495,84.44444444444444,area_disambiguated,MATCHED,area_disambiguated,Iron Gate Wholesale,A779
A54197,SILVER CARE MARG Branch 1,779,40,1495,78.04878048780488,area_disambiguated,MATCHED,area_disambiguated,Iron Gate Wholesale,A779
A54210,PH El Zahraa,735,40,1238,80.0,area_disambiguated,MATCHED,area_disambiguated,Modern Chain Distributors,C735
A54253,PH Pharma Plus Square,700,42,1502,92.3076923076923,direct_match,MATCHED,direct_match,Al-Nour Pharmaceutical Distribution,A700
A54254,el Pharma Plus Square,715,23,1502,92.3076923076923,direct_match,MATCHED,direct_match,Delta Union Agencies,B715
A54255,Ph/phara plus square44,729,36,1502,91.89189189189189,direct_match,MATCHED,direct_match,Delta Star Medical Trade,B729
A54256,PHARM PLUS SQUARE,729,36,1502,97.14285714285714,direct_match,MATCHED,direct_match,Delta Star Medical Trade,B729
A54257,PHARMA PLUS SQUARE Main Road,748,42,1502,100.0,exact_registry_name,MATCHED,exact_registry_name,Karnak Medical Trading,A748
A54258,PY/pharma plus square (2),760,36,1502,94.73684210526316,direct_match,MATCHED,direct_match,Two Rivers Distribution,C760
A54259,PH PHARMA PLUS SQUARE 6th Zone,763,35,1502,92.3076923076923,direct_match,MATCHED,direct_match,Saqqara Trade House,A763
A54260,El-Pharma Plus Sqaure Branch 2,769,33,1502,87.17948717948718,direct_match,MATCHED,direct_match,Ocean Front Distributors,B769
A54261,pharma plus square 011,781,40,1502,90.0,direct_match,MATCHED,direct_match,Alex Marine Providers,B781
A54286,health gate nasr,712,38,1506,78.04878048780488,area_disambiguated,MATCHED,area_disambiguated,El-Masria Trading Co.,B712
A54289,PH health gate nasr 6th Zone,724,28,1506,86.36363636363636,area_disambiguated,MATCHED,area_disambiguated,Ramses Wholesale Partners,B724
A54302,PH union pharm-A,730,45,2645,84.84848484848484,area_disambiguated,MATCHED,area_disambiguated,Pyramid Health Supplies,A730
A54311,PY/Salamtek Oct City br.2,766,39,1509,79.06976744186046,direct_match,MATCHED,direct_match,Basil Corner Providers,B766
A54313,dr medhat nasr Mall,712,39,2817,80.0,direct_match,MATCHED,direct_match,El-Masria Trading Co.,B712
A54314,PY/DR MEDHAT NASR (2)194,726,53,2817,78.04878048780488,direct_match,MATCHED,direct_match,White Nile Agencies,B726
A54372,PH hope Station St.,759,35,2807,100.0,direct_match,MATCHED,direct_match,Two Rivers Distribution,B759
A54400,Green Leaf Zayed Main Road,713,33,1522,78.04878048780488,direct_match,MATCHED,direct_match,El-Masria Trading Co.,C713
A54402,PH Green Leaf Zayed Mall,730,47,1522,86.36363636363636,direct_match,MATCHED,direct_match,Pyramid Health Supplies,A730
A54403,Ph/GREEN LEAF ZAYED 6th Zone,730,47,1522,78.04878048780488,direct_match,MATCHED,direct_match,Pyramid Health Supplies,A730
A54407,PY/seha first helwan,733,35,1523,79.06976744186046,direct_match,MATCHED,direct_match,Modern Chain Distributors,A733
A54409,seha first helwan,749,38,1523,79.06976744186046,direct_match,MATCHED,direct_match,Karnak Medical Trading,B749
A54411,PH Seha First Helwan Branch 2,761,30,1523,86.95652173913044,direct_match,MATCHED,direct_match,Supreme Shelf Logistics,A761
A54428,el tourath (2),759,36,2815,82.75862068965517,direct_match,MATCHED,direct_match,Two Rivers Distribution,B759
A54445,Health Gate Smouha Branch 2,758,18,1528,80.0,area_disambiguated,MATCHED,area_disambiguated,Two Rivers Distribution,A758
A54448,HEALTH GATE SMOUHA Branch 246,766,42,1528,80.0,area_disambiguated,MATCHED,area_disambiguated,Basil Corner Providers,B766
A54463,PH Misr (2),708,36,2805,87.5,direct_match,MATCHED,direct_match,Horus Pharm Agencies,A708
A54477,CARE 24 SEVEN NSAR 011,713,35,1715,85.0,area_disambiguated,MATCHED,area_disambiguated,El-Masria Trading Co.,C713
A54478,PH care 2 seven nasr,713,35,1715,89.47368421052632,area_disambiguated,MATCHED,area_disambiguated,El-Masria Trading Co.,C713
A54485,Care 24 Seven Nasr (2),764,31,1715,94.73684210526316,area_disambiguated,MATCHED,area_disambiguated,Saqqara Trade House,B764
A54532,El Baraka Rehab View (2),778,28,1539,78.43137254901961,area_disambiguated,MATCHED,area_disambiguated,Seven Palms Distribution,C778
A54533,Ph/ALPHA PPHARMA IMBABA (2),702,36,1540,92.6829268292683,direct_match,MATCHED,direct_match,Al-Nour Pharmaceutical Distribution,C702
A54534,Alpha Phara Imbaba Mall,712,42,1540,97.2972972972973,direct_match,MATCHED,direct_match,El-Masria Trading Co.,B712
A54535,el ALPHA PHARMA IMBABA 011,739,38,1540,84.44444444444444,direct_match,MATCHED,direct_match,Sinai Bridge Trading,C739
A54536,Ph/Alpha Pharma Imbaba 04,755,42,1540,92.6829268292683,direct_match,MATCHED,direct_match,October Central Supply,B755
A54537,PY/Alpha Pharma Imbaba,755,42,1540,100.0,exact_registry_name,MATCHED,exact_registry_name,October Central Supply,B755
A54538,Alpha Pharma Imbaba Station St.26,782,38,1540,92.6829268292683,direct_match,MATCHED,direct_match,Summit Crest Trading,A782
A54598,PY/Dr Medhat Shubra Station St.,741,32,2743,78.04878048780488,area_disambiguated,MATCHED,area_disambiguated,Green Delta Enterprises,B741
A54619,PH misr 6th Zone,769,36,2805,100.0,direct_match,MATCHED,direct_match,Ocean Front Distributors,B769
A54634,PY/El Shifa (2),703,38,2806,80.0,direct_match,MATCHED,direct_match,Blue Crescent Medical Supply Co.,A703
A54639,PH El Shifa Branch 1,751,35,2806,84.61538461538461,direct_match,MATCHED,direct_match,Falcon Wholesale Co.,A751
A54739,PH family banha 6th Zone,758,19,1564,83.33333333333334,direct_match,MATCHED,direct_match,Two Rivers Distribution,A758
A54740,PH Family Banha br.2,758,19,1564,83.33333333333334,direct_match,MATCHED,direct_match,Two Rivers Distribution,A758
A54776,PH El Faraby Nozha,705,43,1569,85.71428571428572,direct_match,MATCHED,direct_match,Blue Crescent Medical Supply Co.,C705
A54778,PH EL FARABY NOZHA Mall,725,48,1569,85.71428571428572,direct_match,MATCHED,direct_match,White Nile Agencies,A725
A54779,PH El Faraby Nozha Branch 1880,725,48,1569,85.71428571428572,direct_match,MATCHED,direct_match,White Nile Agencies,A725
A54788,PH HOPE-A,733,38,2807,87.5,direct_match,MATCHED,direct_match,Modern Chain Distributors,A733
A54830,PH Hope Rehab View (2),763,42,1575,81.81818181818181,direct_match,MATCHED,direct_match,Saqqara Trade House,A763
A54865,el Care 24 Seven Smouha Station St.,726,57,1580,93.02325581395348,direct_match,MATCHED,direct_match,White Nile Agencies,B726
A54866,CARE 24 SEVEN SMOUHA br.2612,729,40,1580,100.0,exact_registry_name,MATCHED,exact_registry_name,Delta Star Medical Trade,B729
A54867,El-Care 24 Seven Smouha br.2,734,42,1580,93.02325581395348,direct_match,MATCHED,direct_match,Modern Chain Distributors,B734
A54868,PH Care 24 Seven Smouha Main Road,755,48,1580,93.02325581395348,direct_match,MATCHED,direct_match,October Central Supply,B755
A54869,CARE 24 SEVEN SMOUHA Branch 1,765,35,1580,100.0,exact_registry_name,MATCHED,exact_registry_name,Basil Corner Providers,A765
A54873,PH El Nasr Oct City Station St.,771,38,1581,86.36363636363636,area_disambiguated,MATCHED,area_disambiguated,Marina Bay Trade,B771
A54874,PH el nasr oct city-A,771,38,1581,82.6086956521739,area_disambiguated,MATCHED,area_disambiguated,Marina Bay Trade,B771
A54896,Ph/dr medhat square Branch 1,748,47,1584,78.04878048780488,direct_match,MATCHED,direct_match,Karnak Medical Trading,A748
A55011,Star Care Shubra br.2,701,37,1599,78.04878048780488,direct_match,MATCHED,direct_match,Al-Nour Pharmaceutical Distribution,B701
A55014,Star Care Shubra Branch 2,719,41,1599,78.04878048780488,direct_match,MATCHED,direct_match,Lotus Medcare Distribution,A719
A55016,Ph/Star Care Shubra,734,44,1599,78.04878048780488,direct_match,MATCHED,direct_match,Modern Chain Distributors,B734
A55051,PH CITY CARE MONTAZA Main Road,712,47,1603,86.95652173913044,direct_match,MATCHED,direct_match,El-Masria Trading Co.,B712
A55055,City Care Montaza Station St.,721,43,1603,79.06976744186046,direct_match,MATCHED,direct_match,Saraya Pharmaceutical Supply,A721
A55056,P HCity Care Montaza Mall,744,53,1603,82.6086956521739,direct_match,MATCHED,direct_match,Horus Elite Logistics,B744
A55057,CITY CARE MONTAZA Main Road,749,42,1603,79.06976744186046,direct_match,MATCHED,direct_match,Karnak Medical Trading,B749
A55059,City Care Montaza Station St.,765,37,1603,79.06976744186046,direct_match,MATCHED,direct_match,Basil Corner Providers,A765
A55076,Star Care Smouha Mall,749,43,1359,78.04878048780488,area_disambiguated,MATCHED,area_disambiguated,Karnak Medical Trading,B749
A55077,Star Care Smouha Branch 2709,749,43,1359,78.04878048780488,area_disambiguated,MATCHED,area_disambiguated,Karnak Medical Trading,B749
A55082,star care smouha 6th Zone,768,43,1605,78.04878048780488,area_disambiguated,MATCHED,area_disambiguated,Ocean Front Distributors,A768
A55088,Ph/Union Pharm Nasr766,724,35,1830,91.42857142857143,area_disambiguated,MATCHED,area_disambiguated,Ramses Wholesale Partners,B724
A55089,EL union pharm nasr 04,729,41,1830,84.21052631578947,area_disambiguated,MATCHED,area_disambiguated,Delta Star Medical Trade,B729
A55126,Nile Care Helwan,707,33,2335,78.04878048780488,area_disambiguated,MATCHED,area_disambiguated,Tiba Distribution Group,A707
A55143,star care faisal Branch 1,723,38,1956,78.04878048780488,area_disambiguated,MATCHED,area_disambiguated,Ramses Wholesale Partners,A723
A55147,PH STAR CARE FAISAL Mall,737,49,1956,86.36363636363636,area_disambiguated,MATCHED,area_disambiguated,Sinai Bridge Trading,A737
A55148,PH STAR CARE FAISAL br.2,742,45,1956,86.36363636363636,area_disambiguated,MATCHED,area_disambiguated,Green Delta Enterprises,C742
A55152,Ph/Star Care Faisal,778,35,1613,78.04878048780488,area_disambiguated,MATCHED,area_disambiguated,Seven Palms Distribution,C778
A55179,PH MISR-A,728,40,2805,87.5,direct_match,MATCHED,direct_match,Delta Star Medical Trade,A728
A55182,PH misr,743,29,2805,100.0,direct_match,MATCHED,direct_match,Horus Elite Logistics,A743
A55198,PH El Faraby Station St.,701,39,1248,80.0,area_disambiguated,MATCHED,area_disambiguated,Al-Nour Pharmaceutical Distribution,B701
A55219,golden care oct city-A,725,52,1623,78.43137254901961,direct_match,MATCHED,direct_match,White Nile Agencies,A725
A55220,PY/golden care oct city,728,42,1623,81.63265306122449,direct_match,MATCHED,direct_match,Delta Star Medical Trade,A728
A55221,PH Golden Care Oct City 011,728,42,1623,82.14285714285714,direct_match,MATCHED,direct_match,Delta Star Medical Trade,A728
A55226,EL pharma plus imbaba ((2)651,724,39,1624,80.0,direct_match,MATCHED,direct_match,Ramses Wholesale Partners,B724
A55227,PHARMA PLUS IMBABA,749,45,1624,100.0,exact_registry_name,MATCHED,exact_registry_name,Karnak Medical Trading,B749
A55228,PH pharma plus imbaba Main Road,749,45,1624,92.3076923076923,direct_match,MATCHED,direct_match,Karnak Medical Trading,B749
A55229,PY/Pharma Plus IImbaba-A,751,40,1624,92.3076923076923,direct_match,MATCHED,direct_match,Falcon Wholesale Co.,A751
A55230,PH Pharma Plus Imbaba Branch 2,751,40,1624,92.3076923076923,direct_match,MATCHED,direct_match,Falcon Wholesale Co.,A751
A55231,Pharma Plus Imbaba,764,36,1624,100.0,exact_registry_name,MATCHED,exact_registry_name,Saqqara Trade House,B764
A55232,Pharma Pllus Imbaba (2),764,36,1624,92.3076923076923,direct_match,MATCHED,direct_match,Saqqara Trade House,B764
A55233,PY/Pharma Plus Imbaba 2(),765,39,1624,94.73684210526316,direct_match,MATCHED,direct_match,Basil Corner Providers,A765
A55234,El-PHARMA PLUS IMBABA Mall,765,39,1624,92.3076923076923,direct_match,MATCHED,direct_match,Basil Corner Providers,A765
A55240,Ph/Elite Nasr (2),724,40,2816,82.75862068965517,direct_match,MATCHED,direct_match,Ramses Wholesale Partners,B724
A55288,PH Omega Square Main Road,731,45,1632,83.33333333333334,area_disambiguated,MATCHED,area_disambiguated,Pyramid Health Supplies,B731
A55290,PH Omega Square,778,40,1632,83.33333333333334,area_disambiguated,MATCHED,area_disambiguated,Seven Palms Distribution,C778
A55295,PH SILVER CARE Main RRoad,742,47,2549,78.43137254901961,direct_match,MATCHED,direct_match,Green Delta Enterprises,C742
A55296,PH Silver Cre Branch 2,770,53,1191,78.78787878787878,area_disambiguated,MATCHED,area_disambiguated,Marina Bay Trade,A770
A55297,PY/Green Leaf Montaza Branch 1,734,45,1634,80.0,direct_match,MATCHED,direct_match,Modern Chain Distributors,B734
A55302,PH Green Leaf Montaza br.2898,762,44,1634,87.5,direct_match,MATCHED,direct_match,Supreme Shelf Logistics,B762
A55303,PY/Green Leaf Montaza br.2,766,49,1634,80.0,direct_match,MATCHED,direct_match,Basil Corner Providers,B766
A55305,green leaf montaza,772,45,1634,80.0,direct_match,MATCHED,direct_match,Desert Bloom Suppliers,A772
A55306,Ph/green leaf montaza Branch 1,774,42,1634,80.0,direct_match,MATCHED,direct_match,Desert Bloom Suppliers,C774
A55318,PH Hope 04,725,54,2807,82.35294117647058,direct_match,MATCHED,direct_match,White Nile Agencies,A725
A55338,PY/El Shifa Nasr,767,45,2801,78.26086956521739,direct_match,MATCHED,direct_match,Khufu Line Agencies,A767
A55339,Ph/EL SHIFA NASR,767,45,2801,78.26086956521739,direct_match,MATCHED,direct_match,Khufu Line Agencies,A767
A55341,PY/el shifa nasr Main Road,780,48,2801,78.26086956521739,direct_match,MATCHED,direct_match,Alex Marine Providers,A780
A55346,PH EBN SINA SMOUHA,768,46,1640,85.71428571428572,area_disambiguated,MATCHED,area_disambiguated,Ocean Front Distributors,A768
A55348,PH elite rehab view 6th Zone,704,43,1641,86.36363636363636,direct_match,MATCHED,direct_match,Blue Crescent Medical Supply Co.,B704
A55350,elite rehab view Branch 2,707,34,1641,78.04878048780488,direct_match,MATCHED,direct_match,Tiba Distribution Group,A707
A55352,PH Elite Rehab View br.2,734,46,1641,86.36363636363636,direct_match,MATCHED,direct_match,Modern Chain Distributors,B734
A55354,Ph/Elite Rehab View 6th Zone,755,51,1641,78.04878048780488,direct_match,MATCHED,direct_match,October Central Supply,B755
A55357,PH elite rehab view Station St.,780,49,1641,86.36363636363636,direct_match,MATCHED,direct_match,Alex Marine Providers,A780
A55386,Silver Care Zayed (2),726,62,2662,84.21052631578947,direct_match,MATCHED,direct_match,White Nile Agencies,B726
A55389,Ph/Silver Care Zayed 04,781,49,2662,82.05128205128204,direct_match,MATCHED,direct_match,Alex Marine Providers,B781
A55397,PH health gate Station St.,768,49,1468,82.35294117647058,area_disambiguated,MATCHED,area_disambiguated,Ocean Front Distributors,A768
A55399,PH el tourath (2),719,45,2815,93.75,direct_match,MATCHED,direct_match,Lotus Medcare Distribution,A719
A55407,PH El Tourath,758,25,2815,86.66666666666667,direct_match,MATCHED,direct_match,Two Rivers Distribution,A758
A55470,Ph/silver care nozha 04,724,42,1358,82.05128205128204,direct_match,MATCHED,direct_match,Ramses Wholesale Partners,B724
A55481,PH El Shifa Nozha Branch 1,766,51,1657,85.0,area_disambiguated,MATCHED,area_disambiguated,Basil Corner Providers,B766
A55496,SILVER CARE SQUARE-A,751,46,1895,80.0,direct_match,MATCHED,direct_match,Falcon Wholesale Co.,A751
A55505,PH dr medhat banha,751,47,1661,85.71428571428572,direct_match,MATCHED,direct_match,Falcon Wholesale Co.,A751
A55511,Union Pharm Obour Mall,744,55,2249,100.0,area_disambiguated,MATCHED,area_disambiguated,Horus Elite Logistics,B744
A55512,Ph/Union Pharm Obour 6th Zone,744,55,2249,100.0,area_disambiguated,MATCHED,area_disambiguated,Horus Elite Logistics,B744
A55515,Ph/union pharm obour-A643,778,46,1662,87.17948717948718,area_disambiguated,MATCHED,area_disambiguated,Seven Palms Distribution,C778
A55516,El-UNION PHARM OBOUR Branch 1,778,46,1662,91.89189189189189,area_disambiguated,MATCHED,area_disambiguated,Seven Palms Distribution,C778
A55522,PH Family Obour 6th Zone,768,51,1663,83.33333333333334,direct_match,MATCHED,direct_match,Ocean Front Distributors,A768
A55523,PH family obour Branch 2,774,43,1663,83.33333333333334,direct_match,MATCHED,direct_match,Desert Bloom Suppliers,C774
A55542,PH Hope Agami Branch 1,712,52,1666,81.25,direct_match,MATCHED,direct_match,El-Masria Trading Co.,B712
A55547,PH HOPE AGAMI,741,42,1666,81.25,direct_match,MATCHED,direct_match,Green Delta Enterprises,B741
A55558,PH Al Amal Shubra Station St.,713,45,1668,85.0,area_disambiguated,MATCHED,area_disambiguated,El-Masria Trading Co.,C713
A55562,PY/al amal shubra,743,32,1728,78.78787878787878,direct_match,MATCHED,direct_match,Horus Elite Logistics,A743
A55563,Al Amal Shubra br.2,747,44,1728,78.78787878787878,direct_match,MATCHED,direct_match,Southern Cross Pharma,C747
A55600,El Shifa Nasr Branch 2,709,45,2801,78.26086956521739,direct_match,MATCHED,direct_match,Horus Pharm Agencies,B709
A55606,Ph/El Shifa Nasr Main Road,746,39,2801,78.26086956521739,direct_match,MATCHED,direct_match,Southern Cross Pharma,B746
A55607,el shifa nasr Mall,746,39,2801,78.26086956521739,direct_match,MATCHED,direct_match,Southern Cross Pharma,B746
A55634,Alpha Pharma Rehab View 04,737,55,2098,93.87755102040816,area_disambiguated,MATCHED,area_disambiguated,Sinai Bridge Trading,A737
A55635,Alpha Pharma Rheab View Mall,737,55,2098,95.65217391304348,area_disambiguated,MATCHED,area_disambiguated,Sinai Bridge Trading,A737
A55678,PH dr medhat helwan-A,708,41,1683,82.6086956521739,direct_match,MATCHED,direct_match,Horus Pharm Agencies,A708
A55685,EL Care 24 Seven Obour-A,731,48,1684,88.37209302325581,area_disambiguated,MATCHED,area_disambiguated,Pyramid Health Supplies,B731
A55709,Dr Medhat Rehab View Main Road,715,28,1688,81.63265306122449,direct_match,MATCHED,direct_match,Delta Union Agencies,B715
A55710,PY/DR MEDHAT REHAB VIEW Station St.,715,28,1688,81.63265306122449,direct_match,MATCHED,direct_match,Delta Union Agencies,B715
A55711,Dr Medhat Rehab View 6th Zone,738,46,1688,81.63265306122449,direct_match,MATCHED,direct_match,Sinai Bridge Trading,B738
A55712,Ph/dr medhat rehab view,738,46,1688,81.63265306122449,direct_match,MATCHED,direct_match,Sinai Bridge Trading,B738
A55714,Ph/Dr Medhat Rehab View Branch 1,750,45,1688,81.63265306122449,direct_match,MATCHED,direct_match,Pearl Route Agencies,A750
A55715,DR MEDHAAT REHAB VIEW,750,45,1688,80.0,direct_match,MATCHED,direct_match,Pearl Route Agencies,A750
A55719,PH Dr Medhat Rehab View 011,766,54,1688,82.14285714285714,direct_match,MATCHED,direct_match,Basil Corner Providers,B766
A55721,drr medhat rehab view br.2,781,52,1688,80.0,direct_match,MATCHED,direct_match,Alex Marine Providers,B781
A55724,PH Misr (2),723,43,2805,87.5,direct_match,MATCHED,direct_match,Ramses Wholesale Partners,A723
A55762,El-Pharma Plus Obour br.2,718,37,1694,91.89189189189189,direct_match,MATCHED,direct_match,Cairo Grand Supplies,B718
A55763,pharma plus obour Main Road,718,37,1694,100.0,exact_registry_name,MATCHED,exact_registry_name,Cairo Grand Supplies,B718
A55764,PY/PHARMA PLS OBOUR Branch 1,728,47,1694,96.96969696969697,direct_match,MATCHED,direct_match,Delta Star Medical Trade,A728
A55765,PH PHARMA PLUS OBOUR 6th Zone,728,47,1694,91.89189189189189,direct_match,MATCHED,direct_match,Delta Star Medical Trade,A728
A55766,PY/Pharma Plus Obour 6th Zone,746,41,1694,100.0,exact_registry_name,MATCHED,exact_registry_name,Southern Cross Pharma,B746
A55767,Pharma Plus Obour 0448,778,49,1694,87.17948717948718,direct_match,MATCHED,direct_match,Seven Palms Distribution,C778
A55768,Pharma Plus Obour Branch 2,778,49,1694,100.0,exact_registry_name,MATCHED,exact_registry_name,Seven Palms Distribution,C778
A55769,Pharma Plus Obour,782,50,1694,100.0,exact_registry_name,MATCHED,exact_registry_name,Summit Crest Trading,A782
A55771,PY/misr nasr Branch 2,705,50,2824,85.71428571428572,direct_match,MATCHED,direct_match,Blue Crescent Medical Supply Co.,C705
A55772,Ph/Misr Nasr Branch 2,747,49,2824,85.71428571428572,direct_match,MATCHED,direct_match,Southern Cross Pharma,C747
A55773,misr nasr Station St.,747,49,2824,85.71428571428572,direct_match,MATCHED,direct_match,Southern Cross Pharma,C747
A55774,misr nasr Branch 1,761,36,2824,85.71428571428572,direct_match,MATCHED,direct_match,Supreme Shelf Logistics,A761
A55775,MISR NASR Main Road,766,55,2824,85.71428571428572,direct_match,MATCHED,direct_match,Basil Corner Providers,B766
A55777,PY/MISR NASR br.2463,767,48,2824,85.71428571428572,direct_match,MATCHED,direct_match,Khufu Line Agencies,A767
A55779,Ph/misr nasr,779,50,2824,85.71428571428572,direct_match,MATCHED,direct_match,Iron Gate Wholesale,A779
A55780,PH misr nasr br.2,779,50,2824,100.0,direct_match,MATCHED,direct_match,Iron Gate Wholesale,A779
A55781,PH Hope Station St.,713,46,2807,100.0,direct_match,MATCHED,direct_match,El-Masria Trading Co.,C713
A55826,PH Salamtek Obour (2),769,45,1968,80.95238095238095,area_disambiguated,MATCHED,area_disambiguated,Ocean Front Distributors,B769
A55850,Ph/Health Gate Agami 6th Zone,706,53,1705,79.06976744186046,direct_match,MATCHED,direct_match,Nile Med Wholesale,A706
A55851,Health Gate Agami Branch 1,722,52,1705,79.06976744186046,direct_match,MATCHED,direct_match,Saraya Pharmaceutical Supply,B722
A55852,Health Gate Agami Main Road,737,57,1705,79.06976744186046,direct_match,MATCHED,direct_match,Sinai Bridge Trading,A737
A55853,PH Health Gate Agami 6th Zone,744,59,1705,86.95652173913044,direct_match,MATCHED,direct_match,Horus Elite Logistics,B744
A55858,PY/Health Gate Agami Branch 1,766,57,1705,79.06976744186046,direct_match,MATCHED,direct_match,Basil Corner Providers,B766
A55918,el nasr nozha,747,52,2801,78.26086956521739,direct_match,MATCHED,direct_match,Southern Cross Pharma,C747
A55921,PH EL NASR NOHA Station St.,759,42,2801,80.0,direct_match,MATCHED,direct_match,Two Rivers Distribution,B759
A55923,PY/El Nasr ozha Branch 1,775,47,2801,81.81818181818181,direct_match,MATCHED,direct_match,Corner Stone Medical,A775
A55927,PH Mira Banha Branch 1556,748,57,2417,81.25,area_disambiguated,MATCHED,area_disambiguated,Karnak Medical Trading,A748
A55931,PH Mira Banha br.2,760,51,2417,81.25,area_disambiguated,MATCHED,area_disambiguated,Two Rivers Distribution,C760
A55936,PH Care 24 Seven Nasr br.2,731,49,1715,92.3076923076923,area_disambiguated,MATCHED,area_disambiguated,Pyramid Health Supplies,B731
A55939,el care 24 seven nasr 6th Zone,764,44,1715,92.3076923076923,area_disambiguated,MATCHED,area_disambiguated,Saqqara Trade House,B764
A55940,Ph/care 24 seven nasr 011825,764,44,1715,83.72093023255813,area_disambiguated,MATCHED,area_disambiguated,Saqqara Trade House,B764
A55941,CARE 24 SEVEN NASR Main Road,771,41,1715,100.0,area_disambiguated,MATCHED,area_disambiguated,Marina Bay Trade,B771
A55946,Elite Nasr (2),711,39,2816,82.75862068965517,direct_match,MATCHED,direct_match,El-Masria Trading Co.,A711
A55948,PH Elite Nasr Branch 1,755,58,2816,86.95652173913044,area_disambiguated,MATCHED,area_disambiguated,October Central Supply,B755
A55949,PH Elite Nasr Branch 2,755,58,2816,86.95652173913044,area_disambiguated,MATCHED,area_disambiguated,October Central Supply,B755
A55977,PY/Omega Rehab View Mall,712,55,1721,78.04878048780488,area_disambiguated,MATCHED,area_disambiguated,El-Masria Trading Co.,B712
A55982,PH omega rehab view Branch 2,758,30,1721,86.36363636363636,area_disambiguated,MATCHED,area_disambiguated,Two Rivers Distribution,A758
A55997,Ph/Star Care Montaza Station St.,722,53,2749,79.06976744186046,area_disambiguated,MATCHED,area_disambiguated,Saraya Pharmaceutical Supply,B722
A56037,PH glden care Station St.,778,52,1440,80.0,area_disambiguated,MATCHED,area_disambiguated,Seven Palms Distribution,C778
A56040,EL alpha pharma shubra Branch 2937,722,54,1728,92.6829268292683,direct_match,MATCHED,direct_match,Saraya Pharmaceutical Supply,B722
A56041,el alpha pharma shubra 011,739,45,1728,84.44444444444444,direct_match,MATCHED,direct_match,Sinai Bridge Trading,C739
A56042,Alpha Pharma Shubra,744,61,1728,100.0,exact_registry_name,MATCHED,exact_registry_name,Horus Elite Logistics,B744
A56043,Alpha Pharma Shubar 6th Zone,744,61,1728,94.73684210526316,direct_match,MATCHED,direct_match,Horus Elite Logistics,B744
A56044,el Alpha Pharma Shubra Mall,759,44,1728,92.6829268292683,direct_match,MATCHED,direct_match,Two Rivers Distribution,B759
A56045,El-alpha pharma shubra-A,759,44,1728,88.37209302325581,direct_match,MATCHED,direct_match,Two Rivers Distribution,B759
A56046,PY/Alpha Pharma Shubra Branch 1,774,47,1728,100.0,exact_registry_name,MATCHED,exact_registry_name,Desert Bloom Suppliers,C774
A56047,el ALPHA PHARMA SHUBRA Branch 1,774,47,1728,92.6829268292683,direct_match,MATCHED,direct_match,Desert Bloom Suppliers,C774
A56048,PH ALPHA PHARMA SHUBRA Mall,775,48,1728,92.6829268292683,direct_match,MATCHED,direct_match,Corner Stone Medical,A775
A56049,El-Alpha Pharma Shubra Mall,775,48,1728,92.6829268292683,direct_match,MATCHED,direct_match,Corner Stone Medical,A775
A56050,El-ALPHA PHARMA SHURBA,782,52,1728,87.8048780487805,direct_match,MATCHED,direct_match,Summit Crest Trading,A782
A56051,Ph/Alpha Pharma Shubra 011,782,52,1728,90.47619047619048,direct_match,MATCHED,direct_match,Summit Crest Trading,A782
A56061,EL ZAHRAA SQUARE,712,56,1730,78.04878048780488,direct_match,MATCHED,direct_match,El-Masria Trading Co.,B712
A56062,el zahraa square,719,48,1730,78.04878048780488,direct_match,MATCHED,direct_match,Lotus Medcare Distribution,A719
A56065,PH El Zahraa Square Main Road,774,48,1730,86.36363636363636,direct_match,MATCHED,direct_match,Desert Bloom Suppliers,C774
A56066,Ph/El Zahraa Square,774,48,1730,78.04878048780488,direct_match,MATCHED,direct_match,Desert Bloom Suppliers,C774
A56113,Ph/Pharma Plus Mall323,753,42,2480,80.0,direct_match,MATCHED,direct_match,Falcon Wholesale Co.,C753
A56128,el shifa nasr Branch 2,705,53,2801,78.26086956521739,direct_match,MATCHED,direct_match,Blue Crescent Medical Supply Co.,C705
A56131,El Shifa Nasr,708,46,2801,78.26086956521739,direct_match,MATCHED,direct_match,Horus Pharm Agencies,A708
A56135,EL SHIFA NASR Station St.,749,51,2801,78.26086956521739,direct_match,MATCHED,direct_match,Karnak Medical Trading,B749
A56138,El Shfa Nasr br.2,771,43,2801,81.81818181818181,direct_match,MATCHED,direct_match,Marina Bay Trade,B771
A56140,EL SHIFA NASR,780,52,2801,78.26086956521739,direct_match,MATCHED,direct_match,Alex Marine Providers,A780
A56152,Ph/el shifa oct city 6th Zone,707,38,1740,79.06976744186046,direct_match,MATCHED,direct_match,Tiba Distribution Group,A707
A56154,PH el shifa oct city 6th Zone,723,49,1740,86.95652173913044,direct_match,MATCHED,direct_match,Ramses Wholesale Partners,A723
A56156,el shifa oct city,724,50,1740,79.06976744186046,direct_match,MATCHED,direct_match,Ramses Wholesale Partners,B724
A56161,el shifa oct city,769,48,1740,79.06976744186046,direct_match,MATCHED,direct_match,Ocean Front Distributors,B769
A56189,PY/Star Care Smouha br.2,779,54,1605,78.04878048780488,area_disambiguated,MATCHED,area_disambiguated,Iron Gate Wholesale,A779
A56243,PH Al Nozha Nozha (2),760,54,1752,80.95238095238095,direct_match,MATCHED,direct_match,Two Rivers Distribution,C760
A56346,Golden Care Nasrb r.2,764,47,1764,78.26086956521739,direct_match,MATCHED,direct_match,Saqqara Trade House,B764
A56349,Golden Care Nasr Mall,775,50,1764,78.04878048780488,direct_match,MATCHED,direct_match,Corner Stone Medical,A775
A56358,PH el zahraa Branch 1,719,51,1238,80.0,area_disambiguated,MATCHED,area_disambiguated,Lotus Medcare Distribution,A719
A56455,Blue Wave Dokki br.2,702,52,2823,81.08108108108108,direct_match,MATCHED,direct_match,Al-Nour Pharmaceutical Distribution,C702
A56456,Ph/blue wave dookki Mall,702,52,2823,78.94736842105263,direct_match,MATCHED,direct_match,Al-Nour Pharmaceutical Distribution,C702
A56457,Ph/blue wave dokki 04,721,46,2823,80.0,direct_match,MATCHED,direct_match,Saraya Pharmaceutical Supply,A721
A56458,Blue Wave Dokki 011,732,55,2823,78.04878048780488,direct_match,MATCHED,direct_match,Pyramid Health Supplies,C732
A56459,EL Blue Wave Dokki 04,732,55,2823,79.06976744186046,direct_match,MATCHED,direct_match,Pyramid Health Supplies,C732
A56460,EL BLUE WAVE DOKKI-A,733,47,2823,80.95238095238095,direct_match,MATCHED,direct_match,Modern Chain Distributors,A733
A56462,Ph/Blue Wave Dokki-A,746,43,2823,82.05128205128204,direct_match,MATCHED,direct_match,Southern Cross Pharma,B746
A56464,BLUE WAVE DOKKI (2)126,749,53,2823,79.06976744186046,direct_match,MATCHED,direct_match,Karnak Medical Trading,B749
A56465,El-blue wave dokki Branch 1,760,57,2823,80.0,direct_match,MATCHED,direct_match,Two Rivers Distribution,C760
A56466,PH BLUE WAVE DOKKI-A,760,57,2823,90.47619047619048,direct_match,MATCHED,direct_match,Two Rivers Distribution,C760
A56470,Union Pharm Imbaba,739,53,1219,100.0,area_disambiguated,MATCHED,area_disambiguated,Sinai Bridge Trading,C739
A56487,Ph/STAR CARE FAISAL 6th Zone,742,57,1956,78.04878048780488,area_disambiguated,MATCHED,area_disambiguated,Green Delta Enterprises,C742
A56488,PH Star Care Faisal Branch 1,742,57,1956,86.36363636363636,area_disambiguated,MATCHED,area_disambiguated,Green Delta Enterprises,C742
A56494,PH star care faisal Main Road,781,57,1613,86.36363636363636,area_disambiguated,MATCHED,area_disambiguated,Alex Marine Providers,B781
A56528,PH EL NASR SHUBRA br.2480,732,57,2537,85.0,area_disambiguated,MATCHED,area_disambiguated,Pyramid Health Supplies,C732
A56534,misr nasr,726,74,2824,85.71428571428572,direct_match,MATCHED,direct_match,White Nile Agencies,B726
A56535,Misr Nasr,739,55,2824,85.71428571428572,direct_match,MATCHED,direct_match,Sinai Bridge Trading,C739
A56538,Misr Nasr Station St.,755,65,2824,85.71428571428572,direct_match,MATCHED,direct_match,October Central Supply,B755
A56539,PH Misr Nasr (2)463,755,65,2824,80.0,direct_match,MATCHED,direct_match,October Central Supply,B755
A56552,PH family haram,711,43,1790,83.33333333333334,direct_match,MATCHED,direct_match,El-Masria Trading Co.,A711
A56559,PH family haram,773,56,1790,83.33333333333334,direct_match,MATCHED,direct_match,Desert Bloom Suppliers,B773
A56572,PY/seha first imbaba br.2,747,53,1792,79.06976744186046,direct_match,MATCHED,direct_match,Southern Cross Pharma,C747
A56574,seha first imbaba Main Road,778,56,1792,79.06976744186046,direct_match,MATCHED,direct_match,Seven Palms Distribution,C778
A56626,PH MISR ZAYED,738,54,1799,81.25,direct_match,MATCHED,direct_match,Sinai Bridge Trading,B738
A56632,PH Better Life Faisal Mall,740,54,2659,87.5,area_disambiguated,MATCHED,area_disambiguated,Green Delta Enterprises,A740
A56637,PY/DR MEDHAT NASR Branch 1487,728,51,2817,80.0,direct_match,MATCHED,direct_match,Delta Star Medical Trade,A728
A56638,Ph/Dr Medhat Nasr Branch 1,736,44,2817,80.0,direct_match,MATCHED,direct_match,United Bazaar Pharma,A736
A56639,DR MEDHAT NASR 6th Zone,736,44,2817,80.0,direct_match,MATCHED,direct_match,United Bazaar Pharma,A736
A56673,union pharm smouha 6th Zone,704,52,1806,100.0,area_disambiguated,MATCHED,area_disambiguated,Blue Crescent Medical Supply Co.,B704
A56674,union pharm smouha848,713,55,1806,92.3076923076923,area_disambiguated,MATCHED,area_disambiguated,El-Masria Trading Co.,C713
A56699,el baraka (2),710,61,2800,81.4814814814815,direct_match,MATCHED,direct_match,Horus Pharm Agencies,C710
A56700,PH el baraka 011,718,47,2800,81.25,direct_match,MATCHED,direct_match,Cairo Grand Supplies,B718
A56702,PH EL BARAKA 6th Zone,726,75,2800,85.71428571428572,direct_match,MATCHED,direct_match,White Nile Agencies,B726
A56762,PH angel nasr Branch 2986,728,52,2801,86.95652173913044,direct_match,MATCHED,direct_match,Delta Star Medical Trade,A728
A56828,PH SUNRISE MONTAZA Branch 2,706,63,1824,85.71428571428572,area_disambiguated,MATCHED,area_disambiguated,Nile Med Wholesale,A706
A56842,Better Life Maadi Main Road,708,48,1915,79.06976744186046,area_disambiguated,MATCHED,area_disambiguated,Horus Pharm Agencies,A708
A56847,Better Life Maadi br.2,737,64,1915,79.06976744186046,area_disambiguated,MATCHED,area_disambiguated,Sinai Bridge Trading,A737
A56848,Better Life Maadi,762,60,1915,79.06976744186046,area_disambiguated,MATCHED,area_disambiguated,Supreme Shelf Logistics,B762
A56859,Elite Nasr (2),771,48,2816,82.75862068965517,direct_match,MATCHED,direct_match,Marina Bay Trade,B771
A56861,PH elite nasr Main Road,772,55,2801,86.95652173913044,area_disambiguated,MATCHED,area_disambiguated,Desert Bloom Suppliers,A772
A56873,PH seha first nasr Branch 2,706,64,1828,85.71428571428572,direct_match,MATCHED,direct_match,Nile Med Wholesale,A706
A56878,PH Seha First Nasr 04,742,61,1828,80.0,direct_match,MATCHED,direct_match,Green Delta Enterprises,C742
A56894,Union Pharm Nasr Branch 2773,721,49,1830,100.0,area_disambiguated,MATCHED,area_disambiguated,Saraya Pharmaceutical Supply,A721
A56895,Union Pharm Nasr 04,721,49,1830,91.42857142857143,area_disambiguated,MATCHED,area_disambiguated,Saraya Pharmaceutical Supply,A721
A56898,PY/UNION PHARM NASR,778,58,1830,100.0,area_disambiguated,MATCHED,area_disambiguated,Seven Palms Distribution,C778
A56899,El-Union Phrm Nasr903,778,58,1830,81.08108108108108,area_disambiguated,MATCHED,area_disambiguated,Seven Palms Distribution,C778
A56917,Sunrise Smouh aBranch 2,781,62,1832,78.26086956521739,area_disambiguated,MATCHED,area_disambiguated,Alex Marine Providers,B781
A56918,PH El Tourath,710,63,2815,86.66666666666667,direct_match,MATCHED,direct_match,Horus Pharm Agencies,C710
A56921,El Tourath (2),764,50,2815,82.75862068965517,direct_match,MATCHED,direct_match,Saqqara Trade House,B764
A56978,Ph/Better Life Helwa nMall,726,77,2395,80.0,area_disambiguated,MATCHED,area_disambiguated,White Nile Agencies,B726
A57015,health gate rehab view 6th Zone,731,61,1845,83.01886792452831,direct_match,MATCHED,direct_match,Pyramid Health Supplies,B731
A57017,PY/health gate rehab view670,732,61,1845,78.57142857142857,direct_match,MATCHED,direct_match,Pyramid Health Supplies,C732
A57030,PH ALPHA PHARMA REHAB VIEW Main Road,728,54,2098,93.87755102040816,area_disambiguated,MATCHED,area_disambiguated,Delta Star Medical Trade,A728
A57031,Alpha Pharma Rehab View Branch 1,772,58,2098,100.0,area_disambiguated,MATCHED,area_disambiguated,Desert Bloom Suppliers,A772
A57049,PH EL BARAKA-A159,716,51,2800,78.78787878787878,direct_match,MATCHED,direct_match,Delta Union Agencies,C716
A57050,PH el baraka Station St.,716,51,2800,85.71428571428572,direct_match,MATCHED,direct_match,Delta Union Agencies,C716
A57070,PY/Misr Nasr,727,68,2824,85.71428571428572,direct_match,MATCHED,direct_match,White Nile Agencies,C727
A57072,PH misr nasr (2),764,51,2824,92.3076923076923,direct_match,MATCHED,direct_match,Saqqara Trade House,B764
A57094,PY/MISR NASR,756,60,2824,85.71428571428572,direct_match,MATCHED,direct_match,Al Wadi Medical Providers,A756
A57096,PH Misr Nasr Branch 1,764,52,2824,100.0,direct_match,MATCHED,direct_match,Saqqara Trade House,B764
A57097,misr nasr,774,54,2824,85.71428571428572,direct_match,MATCHED,direct_match,Desert Bloom Suppliers,C774
A57104,star care square 011,705,60,2809,79.06976744186046,direct_match,MATCHED,direct_match,Blue Crescent Medical Supply Co.,C705
A57107,El-star care square,708,52,2809,80.95238095238095,direct_match,MATCHED,direct_match,Horus Pharm Agencies,A708
A57108,PY/Star Care Square (2)139,713,58,2809,80.0,direct_match,MATCHED,direct_match,El-Masria Trading Co.,C713
A57109,Ph/Star Care Square 04,728,55,2809,80.95238095238095,direct_match,MATCHED,direct_match,Delta Star Medical Trade,A728
A57111,PH star care square (2),740,59,2809,95.45454545454545,direct_match,MATCHED,direct_match,Green Delta Enterprises,A740
A57114,El-Star Care Square 04,774,55,2809,80.0,direct_match,MATCHED,direct_match,Desert Bloom Suppliers,C774
A57135,PH hope zayed Station St.,768,64,1450,81.25,area_disambiguated,MATCHED,area_disambiguated,Ocean Front Distributors,A768
A57143,pharma plus oct city Mall,758,43,1863,100.0,area_disambiguated,MATCHED,area_disambiguated,Two Rivers Distribution,A758
A57159,PH Elite Mall,732,62,2813,100.0,direct_match,MATCHED,direct_match,Pyramid Health Supplies,C732
A57168,Ph/El Hokama Shubra,713,60,1868,78.04878048780488,area_disambiguated,MATCHED,area_disambiguated,El-Masria Trading Co.,C713
A57170,El Hokama Shubra,722,58,2542,78.04878048780488,area_disambiguated,MATCHED,area_disambiguated,Saraya Pharmaceutical Supply,B722
A57171,PH e lhokama shubra br.2,722,58,2542,81.81818181818181,area_disambiguated,MATCHED,area_disambiguated,Saraya Pharmaceutical Supply,B722
A57175,Ph/El Hokama Shubra Station St.,766,67,1868,78.04878048780488,area_disambiguated,MATCHED,area_disambiguated,Basil Corner Providers,B766
A57176,El Hokama Shubra,766,67,1868,78.04878048780488,area_disambiguated,MATCHED,area_disambiguated,Basil Corner Providers,B766
A57192,Star Care Square 04,705,61,2809,80.95238095238095,direct_match,MATCHED,direct_match,Blue Crescent Medical Supply Co.,C705
A57194,PY/Star Care SSquare Main Road,723,52,2809,80.0,direct_match,MATCHED,direct_match,Ramses Wholesale Partners,A723
A57244,PH El Baraka 04,741,55,2800,83.87096774193549,direct_match,MATCHED,direct_match,Green Delta Enterprises,B741
A57262,PH Life Line Faisal Station St.,758,44,1879,86.36363636363636,area_disambiguated,MATCHED,area_disambiguated,Two Rivers Distribution,A758
A57280,PH nile care banha br.2,751,60,2165,85.71428571428572,area_disambiguated,MATCHED,area_disambiguated,Falcon Wholesale Co.,A751
A57295,PH LIFE LINE Mall,706,66,1885,80.0,area_disambiguated,MATCHED,area_disambiguated,Nile Med Wholesale,A706
A57301,PH life line Main Road,764,56,1885,80.0,area_disambiguated,MATCHED,area_disambiguated,Saqqara Trade House,B764
A57307,Ph/El Tourath Maadi,728,56,1886,78.04878048780488,direct_match,MATCHED,direct_match,Delta Star Medical Trade,A728
A57308,PH El Tourath Maadi Branch 1,728,56,1886,86.36363636363636,direct_match,MATCHED,direct_match,Delta Star Medical Trade,A728
A57313,El Tourath Maadi Main Road,782,64,1886,78.04878048780488,direct_match,MATCHED,direct_match,Summit Crest Trading,A782
A57366,El Nasr Main Road,738,62,2801,82.35294117647058,direct_match,MATCHED,direct_match,Sinai Bridge Trading,B738
A57368,PY/el nasr Branch 2,739,61,2801,82.35294117647058,direct_match,MATCHED,direct_match,Sinai Bridge Trading,C739
A57372,El Nasr Mall,769,56,2801,82.35294117647058,direct_match,MATCHED,direct_match,Ocean Front Distributors,B769
A57373,El-care 24 seven square Station St.,722,59,1895,93.02325581395348,direct_match,MATCHED,direct_match,Saraya Pharmaceutical Supply,B722
A57374,el care 24 seven square Branch 1,722,59,1895,93.02325581395348,direct_match,MATCHED,direct_match,Saraya Pharmaceutical Supply,B722
A57375,care 24 seven square 011,734,61,1895,90.9090909090909,direct_match,MATCHED,direct_match,Modern Chain Distributors,B734
A57376,El-care 24 seven square 04,734,61,1895,86.95652173913044,direct_match,MATCHED,direct_match,Modern Chain Distributors,B734
A57377,PH care 24 seven square 04,739,62,1895,86.95652173913044,direct_match,MATCHED,direct_match,Sinai Bridge Trading,C739
A57378,CARE 24 SEVEN SQUARE,741,59,1895,100.0,exact_registry_name,MATCHED,exact_registry_name,Green Delta Enterprises,B741
A57379,Care 24 Seven Square,751,61,1895,100.0,exact_registry_name,MATCHED,exact_registry_name,Falcon Wholesale Co.,A751
A57380,El-Care 24 Seven Square Station St.,751,61,1895,93.02325581395348,direct_match,MATCHED,direct_match,Falcon Wholesale Co.,A751
A57381,PH care 24 seven square 04,768,67,1895,86.95652173913044,direct_match,MATCHED,direct_match,Ocean Front Distributors,A768
A57382,care 24 seven square Station St.,768,67,1895,100.0,exact_registry_name,MATCHED,exact_registry_name,Ocean Front Distributors,A768
A57383,care 24 seven square Main Road,775,57,1895,100.0,exact_registry_name,MATCHED,exact_registry_name,Corner Stone Medical,A775
A57408,EL ZAHRAA FAISAL Branch 2,705,64,1439,78.04878048780488,area_disambiguated,MATCHED,area_disambiguated,Blue Crescent Medical Supply Co.,C705
A57438,PH GREEN LEAF Station St.,764,61,1465,81.25,area_disambiguated,MATCHED,area_disambiguated,Saqqara Trade House,B764
A57459,PH SUNRISE FAISAL,754,59,1905,85.0,area_disambiguated,MATCHED,area_disambiguated,October Central Supply,A754
A57494,EL Pharma Plus Maadi,707,50,1911,91.89189189189189,direct_match,MATCHED,direct_match,Tiba Distribution Group,A707
A57495,PH pharma plus maadi (2),707,50,1911,87.17948717948718,direct_match,MATCHED,direct_match,Tiba Distribution Group,A707
A57496,PHARMA PLUS MAADI Branch 2,723,57,1911,100.0,exact_registry_name,MATCHED,exact_registry_name,Ramses Wholesale Partners,A723
A57497,el Pharma Plus Maadi 04,723,57,1911,85.0,direct_match,MATCHED,direct_match,Ramses Wholesale Partners,A723
A57498,El-PHARMA PLUS MAADI Station St.,731,67,1911,91.89189189189189,direct_match,MATCHED,direct_match,Pyramid Health Supplies,B731
A57499,el Pharma Plus Maadi-A,731,67,1911,87.17948717948718,direct_match,MATCHED,direct_match,Pyramid Health Supplies,B731
A57500,EL Pharma Plus Maadi Mall,754,61,1911,91.89189189189189,direct_match,MATCHED,direct_match,October Central Supply,A754
A57501,Ph/Pharma Plus Maadi Main Road,762,64,1911,100.0,exact_registry_name,MATCHED,exact_registry_name,Supreme Shelf Logistics,B762
A57502,Pharma Plus Maadi 011,764,62,1911,89.47368421052632,direct_match,MATCHED,direct_match,Saqqara Trade House,B764
A57503,El-pharma plus maadi,772,63,1911,91.89189189189189,direct_match,MATCHED,direct_match,Desert Bloom Suppliers,A772
A57509,EL ALPHA PHARMA FAISAL,751,63,1912,92.6829268292683,area_disambiguated,MATCHED,area_disambiguated,Falcon Wholesale Co.,A751
A57531,Ph/Better Life Maadi br.2,744,70,1915,79.06976744186046,area_disambiguated,MATCHED,area_disambiguated,Horus Elite Logistics,B744
A57532,better life maadi br.2,745,51,1915,79.06976744186046,area_disambiguated,MATCHED,area_disambiguated,Southern Cross Pharma,A745
A57574,Life Line Faisal Main Road,713,67,1879,78.04878048780488,area_disambiguated,MATCHED,area_disambiguated,El-Masria Trading Co.,C713
A57602,el El Baraka (2),734,63,2800,80.0,direct_match,MATCHED,direct_match,Modern Chain Distributors,B734
A57609,PH EL BARAKA,781,64,2800,85.71428571428572,direct_match,MATCHED,direct_match,Alex Marine Providers,B781
A57643,PH Seha First Agami Branch 2,735,58,1928,86.36363636363636,direct_match,MATCHED,direct_match,Modern Chain Distributors,C735
A57644,PY/Seha First Agami br.2,744,72,1928,78.04878048780488,direct_match,MATCHED,direct_match,Horus Elite Logistics,B744
A57645,Ph/SEHA FIRST AGAMI Branch 2,753,57,1928,78.04878048780488,direct_match,MATCHED,direct_match,Falcon Wholesale Co.,C753
A57646,seha first agami Branch 2,778,65,1928,78.04878048780488,direct_match,MATCHED,direct_match,Seven Palms Distribution,C778
A57647,STAR CARE IMBABA,717,50,1929,78.04878048780488,direct_match,MATCHED,direct_match,Cairo Grand Supplies,A717
A57648,star care imbaba,726,81,1929,78.04878048780488,direct_match,MATCHED,direct_match,White Nile Agencies,B726
A57649,Ph/STAR CARE IMBABA Branch 1135,726,81,1929,78.04878048780488,direct_match,MATCHED,direct_match,White Nile Agencies,B726
A57654,Ph/Star Care Imbaba Mall,752,55,1929,78.04878048780488,direct_match,MATCHED,direct_match,Falcon Wholesale Co.,B752
A57664,PH sunrise faisal,750,59,2628,85.0,area_disambiguated,MATCHED,area_disambiguated,Pearl Route Agencies,A750
A57667,SILVER CARE HELWAN (2),702,58,1095,85.0,direct_match,MATCHED,direct_match,Al-Nour Pharmaceutical Distribution,C702
A57668,Ph/SILVVER CARE HELWAN 04,703,62,1095,80.95238095238095,direct_match,MATCHED,direct_match,Blue Crescent Medical Supply Co.,A703
A57705,PH EL FARABY FAISAL Branch 2,703,63,1284,86.36363636363636,area_disambiguated,MATCHED,area_disambiguated,Blue Crescent Medical Supply Co.,A703
A57714,PH misr imbaba Branch 1,756,71,1937,82.35294117647058,direct_match,MATCHED,direct_match,Al Wadi Medical Providers,A756
A57742,El Nasr br.2,756,73,2801,82.35294117647058,direct_match,MATCHED,direct_match,Al Wadi Medical Providers,A756
A57745,PH Dr Medhat Fasal-A,748,72,2812,88.37209302325581,direct_match,MATCHED,direct_match,Karnak Medical Trading,A748
A57746,dr medhat faisal 04,761,49,2812,80.95238095238095,direct_match,MATCHED,direct_match,Supreme Shelf Logistics,A761
A57774,PH El Hokama Banha,777,63,1944,85.71428571428572,direct_match,MATCHED,direct_match,Seven Palms Distribution,B777
A57856,PH Dr Medhat Nozha Branch 2,708,58,1953,85.71428571428572,area_disambiguated,MATCHED,area_disambiguated,Horus Pharm Agencies,A708
A57880,Star Care Faisal br.2,771,53,1613,78.04878048780488,area_disambiguated,MATCHED,area_disambiguated,Marina Bay Trade,B771
A57894,PY/NILE CARE,708,60,2802,85.71428571428572,direct_match,MATCHED,direct_match,Horus Pharm Agencies,A708
A57897,PH Nile Care,728,59,2802,100.0,direct_match,MATCHED,direct_match,Delta Star Medical Trade,A728
A57899,PH Nile Care (2),735,59,2802,92.3076923076923,direct_match,MATCHED,direct_match,Modern Chain Distributors,C735
A57901,PH el tourath 04,707,52,2815,84.84848484848484,direct_match,MATCHED,direct_match,Tiba Distribution Group,A707
A57925,PH El Faraby Madi Branch 2,700,62,1963,82.92682926829268,direct_match,MATCHED,direct_match,Al-Nour Pharmaceutical Distribution,A700
A57937,Better Life Faisal Main Road,726,88,2659,80.0,area_disambiguated,MATCHED,area_disambiguated,White Nile Agencies,B726
A57938,PY/BETTER LIFE FAISAL Branch 1,752,58,2659,80.0,area_disambiguated,MATCHED,area_disambiguated,Falcon Wholesale Co.,B752
A57986,PH BETTRE LIFE FAISAL Station St.,711,51,2659,83.33333333333334,area_disambiguated,MATCHED,area_disambiguated,El-Masria Trading Co.,A711
A57996,PH el faraby Branch 2,773,68,1248,80.0,area_disambiguated,MATCHED,area_disambiguated,Desert Bloom Suppliers,B773
A58009,golden care dokki Mall570,715,49,1974,78.43137254901961,direct_match,MATCHED,direct_match,Delta Union Agencies,B715
A58010,Golden Care Dokki,735,62,1974,79.06976744186046,direct_match,MATCHED,direct_match,Modern Chain Distributors,C735
A58015,PY/golden care dokki 2),760,68,1114,78.94736842105263,direct_match,MATCHED,direct_match,Two Rivers Distribution,C760
A58035,goldenc are square,727,79,1976,80.0,direct_match,MATCHED,direct_match,White Nile Agencies,C727
A58036,Golden Care Square (2),727,79,1895,80.0,direct_match,MATCHED,direct_match,White Nile Agencies,C727
A58037,PY/golden care square,732,70,1976,80.0,direct_match,MATCHED,direct_match,Pyramid Health Supplies,C732
A58038,El-GOLDEN CARE SQUARE (2),732,70,1895,79.06976744186046,direct_match,MATCHED,direct_match,Pyramid Health Supplies,C732
A58079,CARE 24 SEVEN FAISAL Station St.,700,64,2308,100.0,area_disambiguated,MATCHED,area_disambiguated,Al-Nour Pharmaceutical Distribution,A700
A58084,Ph/Care 24 Seven Faisal Station St.,723,60,2308,100.0,area_disambiguated,MATCHED,area_disambiguated,Ramses Wholesale Partners,A723
A58085,CARE 24 SEVEN FAISAL 6th Zone,723,60,2308,100.0,area_disambiguated,MATCHED,area_disambiguated,Ramses Wholesale Partners,A723
A58086,Ph/Care 24 Seven Faisal Station St.,742,68,2308,100.0,area_disambiguated,MATCHED,area_disambiguated,Green Delta Enterprises,C742
A58087,PY/Care 24 Seven Faisal587,746,61,2308,93.02325581395348,area_disambiguated,MATCHED,area_disambiguated,Southern Cross Pharma,B746
A58088,el CARE 24 SEVEN FAISAL 011,746,61,2308,85.1063829787234,area_disambiguated,MATCHED,area_disambiguated,Southern Cross Pharma,B746
A58093,PY/Seha First Haram Mall,731,72,1867,85.71428571428572,area_disambiguated,MATCHED,area_disambiguated,Pyramid Health Supplies,B731
A58094,PY/SEHA FIRST HARAM,731,72,1867,85.71428571428572,area_disambiguated,MATCHED,area_disambiguated,Pyramid Health Supplies,B731
A58095,Seha First Haram br.2,755,79,1867,85.71428571428572,area_disambiguated,MATCHED,area_disambiguated,October Central Supply,B755
A58096,SEHA FIRST HARAM-A,758,53,1867,81.08108108108108,area_disambiguated,MATCHED,area_disambiguated,Two Rivers Distribution,A758
A58109,PH el nasr (2),735,63,2801,90.9090909090909,direct_match,MATCHED,direct_match,Modern Chain Distributors,C735
A58113,El Nasr Main Road,756,78,2801,82.35294117647058,direct_match,MATCHED,direct_match,Al Wadi Medical Providers,A756
A58115,Ph/El Nasr Branch 2,778,70,2801,82.35294117647058,direct_match,MATCHED,direct_match,Seven Palms Distribution,C778
A58139,Nile Care Branch 1823,705,69,2802,85.71428571428572,direct_match,MATCHED,direct_match,Blue Crescent Medical Supply Co.,C705
A58140,Ph/Nile Care 6th Zone,705,69,2802,85.71428571428572,direct_match,MATCHED,direct_match,Blue Crescent Medical Supply Co.,C705
A58141,nile care Main Road,722,65,2802,85.71428571428572,direct_match,MATCHED,direct_match,Saraya Pharmaceutical Supply,B722
A58142,Ph/NILE CARE 6th Zone,723,64,2802,85.71428571428572,direct_match,MATCHED,direct_match,Ramses Wholesale Partners,A723
A58145,Ph/Nie Care Mall,738,69,2802,80.0,direct_match,MATCHED,direct_match,Sinai Bridge Trading,B738
A58148,PH Life Line Montaza Branch 2,738,70,1988,86.95652173913044,direct_match,MATCHED,direct_match,Sinai Bridge Trading,B738
A58150,Life Line Montaza 6th Zone,758,54,1988,79.06976744186046,direct_match,MATCHED,direct_match,Two Rivers Distribution,A758
A58151,PH lie line montaza br.2,761,51,1988,84.44444444444444,direct_match,MATCHED,direct_match,Supreme Shelf Logistics,A761
A58152,PH LIFE LINE MONTAZA 6th Zone,773,69,1988,86.95652173913044,direct_match,MATCHED,direct_match,Desert Bloom Suppliers,B773
A58154,Ph/Life Line Montaza Branch 1,780,65,1988,79.06976744186046,direct_match,MATCHED,direct_match,Alex Marine Providers,A780
A58155,PH Metro Faisal (2),726,90,2464,78.94736842105263,area_disambiguated,MATCHED,area_disambiguated,White Nile Agencies,B726
A58205,El-El Zahraa Haram Branch 1,711,55,2635,79.06976744186046,area_disambiguated,MATCHED,area_disambiguated,El-Masria Trading Co.,A711
A58225,al nozha smouha,700,65,2822,90.9090909090909,direct_match,MATCHED,direct_match,Al-Nour Pharmaceutical Distribution,A700
A58226,EL Al Nozha Smouha,711,56,2822,83.33333333333334,direct_match,MATCHED,direct_match,El-Masria Trading Co.,A711
A58227,PY/Al Nozha Smouha,711,56,2822,90.9090909090909,direct_match,MATCHED,direct_match,El-Masria Trading Co.,A711
A58228,PY/Al Nozha Smouha (2),712,79,2822,85.71428571428572,direct_match,MATCHED,direct_match,El-Masria Trading Co.,B712
A58230,PH Al Nozha Smouha-A836,748,73,2822,87.8048780487805,direct_match,MATCHED,direct_match,Karnak Medical Trading,A748
A58231,Al Nozha Smouha br.2883,748,73,2822,90.9090909090909,direct_match,MATCHED,direct_match,Karnak Medical Trading,A748
A58244,HEALTH GATE BANHA br.2,773,70,2000,79.06976744186046,direct_match,MATCHED,direct_match,Desert Bloom Suppliers,B773
A58266,PH DR MEDHAT (2),767,64,2817,80.0,direct_match,MATCHED,direct_match,Khufu Line Agencies,A767
A58306,PH misr Main Road,737,74,2805,100.0,direct_match,MATCHED,direct_match,Sinai Bridge Trading,A737
A58337,PH ELITE Station St.,748,75,2813,100.0,direct_match,MATCHED,direct_match,Karnak Medical Trading,A748
A58338,PH ELITE br.2,748,75,2813,100.0,direct_match,MATCHED,direct_match,Karnak Medical Trading,A748
A58343,PH elite 011,780,66,2813,80.0,direct_match,MATCHED,direct_match,Alex Marine Providers,A780
A58364,EL Care2 4 Seven Faisal,762,70,2308,88.37209302325581,area_disambiguated,MATCHED,area_disambiguated,Supreme Shelf Logistics,B762
A58365,Care 24 Seven Faisal 04,762,70,2308,93.02325581395348,area_disambiguated,MATCHED,area_disambiguated,Supreme Shelf Logistics,B762
A58378,El Baraka Faisal,703,68,1220,78.04878048780488,area_disambiguated,MATCHED,area_disambiguated,Blue Crescent Medical Supply Co.,A703
A58380,PHH El Baraka Faisal-A,735,67,1220,80.85106382978724,area_disambiguated,MATCHED,area_disambiguated,Modern Chain Distributors,C735
A58385,PH EL SHIFA br.2,739,71,2806,84.61538461538461,direct_match,MATCHED,direct_match,Sinai Bridge Trading,C739
A58406,El-Alpha Pharma Square 011,709,62,1123,84.44444444444444,area_disambiguated,MATCHED,area_disambiguated,Horus Pharm Agencies,B709
A58411,PH ALPHA PHARMA SQUARE Branch 2,735,69,1123,92.6829268292683,area_disambiguated,MATCHED,area_disambiguated,Modern Chain Distributors,C735
A58412,El-ALPHA PHARMA SQUARE-A,735,69,1123,88.37209302325581,area_disambiguated,MATCHED,area_disambiguated,Modern Chain Distributors,C735
A58466,Blue Wave Shubra Branch 2913,704,68,2027,78.04878048780488,direct_match,MATCHED,direct_match,Blue Crescent Medical Supply Co.,B704
A58467,BLUE WAVE SHUBRA Branch 2,704,68,2027,78.04878048780488,direct_match,MATCHED,direct_match,Blue Crescent Medical Supply Co.,B704
A58468,PH BLUE WAVE SHUBRA Station St.,745,57,2027,86.36363636363636,direct_match,MATCHED,direct_match,Southern Cross Pharma,A745
A58470,Ph/Blue Wave Shubra Mall,750,64,2027,78.04878048780488,direct_match,MATCHED,direct_match,Pearl Route Agencies,A750
A58472,BLUE WAVE SHUBRA Branch 2,781,71,2027,78.04878048780488,direct_match,MATCHED,direct_match,Alex Marine Providers,B781
A58480,PY/Silver Care Haram Branch 2,761,55,1191,86.48648648648648,area_disambiguated,MATCHED,area_disambiguated,Supreme Shelf Logistics,A761
A58483,Ph/Silver Care Haram (2),772,71,2180,84.21052631578947,area_disambiguated,MATCHED,area_disambiguated,Desert Bloom Suppliers,A772
A58486,El Zahraa Imbaba 6th Zone,723,66,2029,78.04878048780488,area_disambiguated,MATCHED,area_disambiguated,Ramses Wholesale Partners,A723
A58488,Ph/EL ZAHRAA IMBABA Mall,754,67,2029,78.04878048780488,area_disambiguated,MATCHED,area_disambiguated,October Central Supply,A754
A58499,Phh/EL SHIFA ZAYED-A,772,72,2030,79.06976744186046,area_disambiguated,MATCHED,area_disambiguated,Desert Bloom Suppliers,A772
A58508,Nile Care-A,741,67,2802,78.26086956521739,direct_match,MATCHED,direct_match,Green Delta Enterprises,B741
A58509,nile care Main Road,744,80,2802,85.71428571428572,direct_match,MATCHED,direct_match,Horus Elite Logistics,B744
A58510,Nile Care Mall,773,74,2802,85.71428571428572,direct_match,MATCHED,direct_match,Desert Bloom Suppliers,B773
A58558,PH Blue Wave Maadi,770,81,1173,85.71428571428572,area_disambiguated,MATCHED,area_disambiguated,Marina Bay Trade,A770
A58579,EL BARAKA FAISAL,719,66,1220,78.04878048780488,area_disambiguated,MATCHED,area_disambiguated,Lotus Medcare Distribution,A719
A58584,el baraka faisal Branch 2,761,56,1220,78.04878048780488,area_disambiguated,MATCHED,area_disambiguated,Supreme Shelf Logistics,A761
A58594,union pharm faisal Main Road,719,67,1227,100.0,area_disambiguated,MATCHED,area_disambiguated,Lotus Medcare Distribution,A719
A58595,PH Union Pharm Faisal 011749,719,67,1227,78.26086956521739,area_disambiguated,MATCHED,area_disambiguated,Lotus Medcare Distribution,A719
A58597,PY/Union Pharm Faisal Mall,749,66,1227,100.0,area_disambiguated,MATCHED,area_disambiguated,Karnak Medical Trading,B749
A58598,Union Pharm Faisal 6th Znoe,749,66,1227,80.0,area_disambiguated,MATCHED,area_disambiguated,Karnak Medical Trading,B749
A58602,PH El Shifa,776,60,2806,84.61538461538461,direct_match,MATCHED,direct_match,Seven Palms Distribution,A776
A58618,PH NILE CARE 04,718,59,2802,88.88888888888889,direct_match,MATCHED,direct_match,Cairo Grand Supplies,B718
A58620,NILE CARE-A,751,69,2802,78.26086956521739,direct_match,MATCHED,direct_match,Falcon Wholesale Co.,A751
A58633,Ph/NILE CARE Branch 1,730,70,2802,85.71428571428572,direct_match,MATCHED,direct_match,Pyramid Health Supplies,A730
A58635,Ph/NILE CARE-A,779,67,2802,78.26086956521739,direct_match,MATCHED,direct_match,Iron Gate Wholesale,A779
A58641,Nile Care Station St.,731,75,2802,85.71428571428572,direct_match,MATCHED,direct_match,Pyramid Health Supplies,B731
A58643,Ph/Nile Care (2),760,70,2802,78.26086956521739,direct_match,MATCHED,direct_match,Two Rivers Distribution,C760
A58644,nile care-A,772,75,2802,78.26086956521739,direct_match,MATCHED,direct_match,Desert Bloom Suppliers,A772
A58715,PH El Zahraa Obour 6th Zone,730,71,2059,85.71428571428572,direct_match,MATCHED,direct_match,Pyramid Health Supplies,A730
A58742,EL NASR,733,71,2801,82.35294117647058,direct_match,MATCHED,direct_match,Modern Chain Distributors,A733
A58745,EL NASR,773,77,2801,82.35294117647058,direct_match,MATCHED,direct_match,Desert Bloom Suppliers,B773
A58746,El Nasr br.2,778,79,2801,82.35294117647058,direct_match,MATCHED,direct_match,Seven Palms Distribution,C778
A58747,PY/EL NASR 6th Zone,778,79,2801,82.35294117647058,direct_match,MATCHED,direct_match,Seven Palms Distribution,C778
A58768,PY/Union Pharm Zayed Branch 2,753,67,2654,100.0,area_disambiguated,MATCHED,area_disambiguated,Falcon Wholesale Co.,C753
A58771,PH UNION PHARM ZAYED-A,760,71,2654,87.17948717948718,area_disambiguated,MATCHED,area_disambiguated,Two Rivers Distribution,C760
A58772,UNION PHARM ZAYED (2),760,71,2654,94.44444444444444,area_disambiguated,MATCHED,area_disambiguated,Two Rivers Distribution,C760
A58774,PH Better Life Nozha,705,74,2066,86.95652173913044,direct_match,MATCHED,direct_match,Blue Crescent Medical Supply Co.,C705
A58776,PY/Better Life Nozha,743,59,2066,79.06976744186046,direct_match,MATCHED,direct_match,Horus Elite Logistics,A743
A58777,BETTER LIFE NOZHA Branch 2736,743,59,2066,79.06976744186046,direct_match,MATCHED,direct_match,Horus Elite Logistics,A743
A58778,Phh/better life nozha Main Road,768,77,2066,85.1063829787234,direct_match,MATCHED,direct_match,Ocean Front Distributors,A768
A58787,EL ZAHRAA FAISAL Mall,716,64,1439,78.04878048780488,area_disambiguated,MATCHED,area_disambiguated,Delta Union Agencies,C716
A58794,el zahraa faisal Branch 1,770,84,1439,78.04878048780488,area_disambiguated,MATCHED,area_disambiguated,Marina Bay Trade,A770
A58795,El Zahraa Faisal,770,84,1439,78.04878048780488,area_disambiguated,MATCHED,area_disambiguated,Marina Bay Trade,A770
A58799,PH Health Gate Zayed (2),707,55,2069,83.33333333333334,direct_match,MATCHED,direct_match,Tiba Distribution Group,A707
A58803,Health Gate Zayed Mall,746,65,2069,79.06976744186046,direct_match,MATCHED,direct_match,Southern Cross Pharma,B746
A58804,Health Gate Zayed br.2,773,78,2069,79.06976744186046,direct_match,MATCHED,direct_match,Desert Bloom Suppliers,B773
A58841,El-union pharm faiisal 6th Zone,757,74,1227,90.0,area_disambiguated,MATCHED,area_disambiguated,Al Wadi Medical Providers,B757
A58871,PH NILE CARE 04,735,74,2802,88.88888888888889,direct_match,MATCHED,direct_match,Modern Chain Distributors,C735
A58895,PH hope,781,75,2807,100.0,direct_match,MATCHED,direct_match,Alex Marine Providers,B781
A58901,PH SUNRISE MONTAZA Branch 1,778,80,1824,85.71428571428572,area_disambiguated,MATCHED,area_disambiguated,Seven Palms Distribution,C778
A58902,PH Sunrise Montaza br.2807,778,80,1824,85.71428571428572,area_disambiguated,MATCHED,area_disambiguated,Seven Palms Distribution,C778
A58995,Ph/green leaf maadi Station St.,734,72,2095,78.04878048780488,direct_match,MATCHED,direct_match,Modern Chain Distributors,B734
A58996,PH Green Lefa Maadi (2),736,67,2095,78.26086956521739,direct_match,MATCHED,direct_match,United Bazaar Pharma,A736
A58999,PY/GREEN LEAF MAADI 6th Zone,746,67,2095,78.04878048780488,direct_match,MATCHED,direct_match,Southern Cross Pharma,B746
A59005,el City Care Rehab View Mall,700,73,2097,80.76923076923077,direct_match,MATCHED,direct_match,Al-Nour Pharmaceutical Distribution,A700
A59006,City Care Rehab View Branch 2,711,59,2097,81.63265306122449,direct_match,MATCHED,direct_match,El-Masria Trading Co.,A711
A59007,city care rehab view,714,77,2097,81.63265306122449,direct_match,MATCHED,direct_match,Delta Union Agencies,A714
A59008,PY/CITY CARE REHAB VIEW (2),722,73,2097,78.43137254901961,direct_match,MATCHED,direct_match,Saraya Pharmaceutical Supply,B722
A59009,CITY CARE REHAB VIEW (2),752,66,2097,78.43137254901961,direct_match,MATCHED,direct_match,Falcon Wholesale Co.,B752
A59012,City Care Rehab View,771,68,2097,81.63265306122449,direct_match,MATCHED,direct_match,Marina Bay Trade,B771
A59013,EL City Care Rehab View,771,68,2097,80.76923076923077,direct_match,MATCHED,direct_match,Marina Bay Trade,B771
A59016,PY/Alpha Pharma Rehab View (2),751,71,2098,95.83333333333334,area_disambiguated,MATCHED,area_disambiguated,Falcon Wholesale Co.,A751
A59017,El-alpha pharma rehab view-A,754,73,2098,90.19607843137256,area_disambiguated,MATCHED,area_disambiguated,October Central Supply,A754
A59019,el Alpha Pharma Rehab View (2),772,79,2098,90.19607843137256,area_disambiguated,MATCHED,area_disambiguated,Desert Bloom Suppliers,A772
A59021,PY/Silver Care Marg Mall,727,86,1002,78.04878048780488,area_disambiguated,MATCHED,area_disambiguated,White Nile Agencies,C727
A59045,golden care imbaba Mall924,703,74,2102,79.24528301886792,direct_match,MATCHED,direct_match,Blue Crescent Medical Supply Co.,A703
A59046,GOLDEN CARE IMBABA 6th Zone,703,74,2102,80.0,direct_match,MATCHED,direct_match,Blue Crescent Medical Supply Co.,A703
A59047,PY/Golden Care Imbaba Station St.,721,75,2102,80.0,direct_match,MATCHED,direct_match,Saraya Pharmaceutical Supply,A721
A59049,Golden Care Imbaba,739,76,2102,80.0,direct_match,MATCHED,direct_match,Sinai Bridge Trading,C739
A59050,GOLDEN CARE IMBABA Branch 2,739,76,2102,80.0,direct_match,MATCHED,direct_match,Sinai Bridge Trading,C739
A59090,BETTER LIFE IMBABA,746,69,2108,80.0,area_disambiguated,MATCHED,area_disambiguated,Southern Cross Pharma,B746
A59109,nile care Branch 2,705,76,2802,85.71428571428572,direct_match,MATCHED,direct_match,Blue Crescent Medical Supply Co.,C705
A59111,PH NILE CARE Main Road,710,76,2802,100.0,direct_match,MATCHED,direct_match,Horus Pharm Agencies,C710
A59115,Ph/Nile Care,742,77,2802,85.71428571428572,direct_match,MATCHED,direct_match,Green Delta Enterprises,C742
A59133,El Baraka Oct City Station St.,706,82,1571,80.0,area_disambiguated,MATCHED,area_disambiguated,Nile Med Wholesale,A706
A59151,PH ebn sina nozha Branch 2,743,63,2788,85.0,area_disambiguated,MATCHED,area_disambiguated,Horus Elite Logistics,A743
A59167,PH El Shifa,720,78,2806,84.61538461538461,direct_match,MATCHED,direct_match,Lotus Medcare Distribution,B720
A59193,PH Star Care Nozha-A,719,75,2121,81.81818181818181,direct_match,MATCHED,direct_match,Lotus Medcare Distribution,A719
A59194,PH Star Care Nozha Station St.,728,71,2121,85.71428571428572,direct_match,MATCHED,direct_match,Delta Star Medical Trade,A728
A59209,PY/CITY CARE SMOUHA Branch 2,745,63,2122,78.04878048780488,area_disambiguated,MATCHED,area_disambiguated,Southern Cross Pharma,A745
A59238,El Zahraa Faisal Station St.,719,77,1439,78.04878048780488,area_disambiguated,MATCHED,area_disambiguated,Lotus Medcare Distribution,A719
A59325,PH Misr-A,770,85,2805,87.5,direct_match,MATCHED,direct_match,Marina Bay Trade,A770
A59331,PH Elite 011,700,76,2813,80.0,direct_match,MATCHED,direct_match,Al-Nour Pharmaceutical Distribution,A700
A59345,PH UNION PHARM FAISAL br.2,770,86,1227,92.3076923076923,area_disambiguated,MATCHED,area_disambiguated,Marina Bay Trade,A770
A59371,PH el shifa 04,720,80,2806,82.75862068965517,direct_match,MATCHED,direct_match,Lotus Medcare Distribution,B720
A59429,PHHARMA PLUS FAISAL,707,58,1955,97.2972972972973,area_disambiguated,MATCHED,area_disambiguated,Tiba Distribution Group,A707
A59457,Silver Care Faisal,710,79,2308,80.0,area_disambiguated,MATCHED,area_disambiguated,Horus Pharm Agencies,C710
A59479,PH EL TOURATH FAISAL Main Road,711,67,2406,86.95652173913044,area_disambiguated,MATCHED,area_disambiguated,El-Masria Trading Co.,A711
A59481,el tourath faisal 6th Zone,730,78,2406,79.06976744186046,area_disambiguated,MATCHED,area_disambiguated,Pyramid Health Supplies,A730
A59544,Ph/EL BARAKA FAISAL,727,93,1220,78.04878048780488,area_disambiguated,MATCHED,area_disambiguated,White Nile Agencies,C727
A59546,PY/El Baraka Faisal br.2,770,88,1220,78.04878048780488,area_disambiguated,MATCHED,area_disambiguated,Marina Bay Trade,A770
A59549,PH GREEN LEAF IMBABA Mll,729,79,2804,90.9090909090909,direct_match,MATCHED,direct_match,Delta Star Medical Trade,B729
A59550,GREEN LEAF IMBABA,756,88,2804,91.89189189189189,direct_match,MATCHED,direct_match,Al Wadi Medical Providers,A756
A59551,PH El Tourath Rehab View,714,81,1377,88.88888888888889,area_disambiguated,MATCHED,area_disambiguated,Delta Union Agencies,A714
A59553,El Tourath Rehab View,719,80,1377,82.35294117647058,area_disambiguated,MATCHED,area_disambiguated,Lotus Medcare Distribution,A719
A59570,PH ANGEL DOKKI Station St.,704,79,1461,82.35294117647058,area_disambiguated,MATCHED,area_disambiguated,Blue Crescent Medical Supply Co.,B704
A59579,PH nile care banha Station St.459,728,79,2165,78.26086956521739,area_disambiguated,MATCHED,area_disambiguated,Delta Star Medical Trade,A728
A59591,el tourath (2),750,77,2815,82.75862068965517,direct_match,MATCHED,direct_match,Pearl Route Agencies,A750
A59592,PH El Tourath 6th Zone,750,77,2815,86.66666666666667,direct_match,MATCHED,direct_match,Pearl Route Agencies,A750
A59608,Seha First Obour Main Road,714,83,2169,78.04878048780488,direct_match,MATCHED,direct_match,Delta Union Agencies,A714
A59609,Ph/Seha First Obour Branch 115,717,74,2169,78.04878048780488,direct_match,MATCHED,direct_match,Cairo Grand Supplies,A717
A59612,PH Seha First Obour,720,83,2169,86.36363636363636,direct_match,MATCHED,direct_match,Lotus Medcare Distribution,B720
A59613,PH Seha First Obour (2),746,76,2169,82.6086956521739,direct_match,MATCHED,direct_match,Southern Cross Pharma,B746
A59684,PH ell nasr haram (2),721,78,2178,78.04878048780488,direct_match,MATCHED,direct_match,Saraya Pharmaceutical Supply,A721
A59698,EL care 24 seven haram-A,715,60,2180,88.37209302325581,direct_match,MATCHED,direct_match,Delta Union Agencies,B715
A59699,PH Care 24 Seven Haram,739,80,2180,92.6829268292683,direct_match,MATCHED,direct_match,Sinai Bridge Trading,C739
A59700,EL care 4 seven haram br.2733,739,80,2180,90.0,direct_match,MATCHED,direct_match,Sinai Bridge Trading,C739
A59701,PH Care 42 Seven Haram148,772,83,2180,81.81818181818181,direct_match,MATCHED,direct_match,Desert Bloom Suppliers,A772
A59785,Ph/BETTER LIFE MONTAZA Mall,718,65,2193,80.85106382978724,direct_match,MATCHED,direct_match,Cairo Grand Supplies,B718
A59786,Better Life Montaza Main Road,718,65,2193,80.85106382978724,direct_match,MATCHED,direct_match,Cairo Grand Supplies,B718
A59787,PH BETTER LIFE MONTAZA,722,78,2193,88.0,direct_match,MATCHED,direct_match,Saraya Pharmaceutical Supply,B722
A59788,BETTER LIFE MONTAZA,722,78,2193,80.85106382978724,direct_match,MATCHED,direct_match,Saraya Pharmaceutical Supply,B722
A59789,better life montaza,753,74,2193,80.85106382978724,direct_match,MATCHED,direct_match,Falcon Wholesale Co.,C753
A59790,BETTER LIFE MONTAZA 6th Zone,767,80,2193,80.85106382978724,direct_match,MATCHED,direct_match,Khufu Line Agencies,A767
A59801,PY/ALPHA PHARMA AGAMI Branch 2,724,78,2195,100.0,exact_registry_name,MATCHED,exact_registry_name,Ramses Wholesale Partners,B724
A59803,Ph/ALPHA PHARMA AGAMI (2),732,86,2195,94.73684210526316,direct_match,MATCHED,direct_match,Pyramid Health Supplies,C732
A59804,Alpha Pharma Agami 011,773,87,2195,90.0,direct_match,MATCHED,direct_match,Desert Bloom Suppliers,B773
A59805,El-alpha pharma agami 04,773,87,2195,85.71428571428572,direct_match,MATCHED,direct_match,Desert Bloom Suppliers,B773
A59815,Silver Care Nozha (2)71,711,74,1358,78.04878048780488,direct_match,MATCHED,direct_match,El-Masria Trading Co.,A711
A59820,SILVER CARE NOZHA (2),767,81,1358,84.21052631578947,direct_match,MATCHED,direct_match,Khufu Line Agencies,A767
A59827,Nile Care Branch 2997,737,81,2802,85.71428571428572,direct_match,MATCHED,direct_match,Sinai Bridge Trading,A737
A59828,Ph/NILE CARE,740,79,2802,85.71428571428572,direct_match,MATCHED,direct_match,Green Delta Enterprises,A740
A59829,Ph/Nille Care Main Road,740,79,2802,81.81818181818181,direct_match,MATCHED,direct_match,Green Delta Enterprises,A740
A59833,Nile Caare Branch 1,769,74,2802,81.81818181818181,direct_match,MATCHED,direct_match,Ocean Front Distributors,B769
A59834,PH Nile Care 011,769,74,2802,85.71428571428572,direct_match,MATCHED,direct_match,Ocean Front Distributors,B769
A59874,nile care br.2,711,75,2802,85.71428571428572,direct_match,MATCHED,direct_match,El-Masria Trading Co.,A711
A59879,Nile Care,763,90,2802,85.71428571428572,direct_match,MATCHED,direct_match,Saqqara Trade House,A763
A59880,PY/Nile Care,765,78,2802,85.71428571428572,direct_match,MATCHED,direct_match,Basil Corner Providers,A765
A59902,GOLDEN CARE OBOUR,730,82,2206,79.06976744186046,direct_match,MATCHED,direct_match,Pyramid Health Supplies,A730
A59905,golden care obour,759,75,2206,79.06976744186046,direct_match,MATCHED,direct_match,Two Rivers Distribution,B759
A59906,PH GOLDEN CARE OBOUR 6th Zone,759,75,2206,86.95652173913044,direct_match,MATCHED,direct_match,Two Rivers Distribution,B759
A59907,Phh/Golden Care Obour,769,75,2206,85.1063829787234,direct_match,MATCHED,direct_match,Ocean Front Distributors,B769
A59927,PH Angel Montaza Mall,772,85,2209,84.21052631578947,area_disambiguated,MATCHED,area_disambiguated,Desert Bloom Suppliers,A772
A59944,el faraby faisal Main Road,773,90,1284,78.04878048780488,area_disambiguated,MATCHED,area_disambiguated,Desert Bloom Suppliers,B773
A59966,Alpha Pharma Dokki br.2,717,75,2215,100.0,area_disambiguated,MATCHED,area_disambiguated,Cairo Grand Supplies,A717
A59967,EL Alpha Pharma Dokki-A,727,98,1318,87.8048780487805,area_disambiguated,MATCHED,area_disambiguated,White Nile Agencies,C727
A59968,ALPHA PHARMA DOKKI,727,98,1318,100.0,area_disambiguated,MATCHED,area_disambiguated,White Nile Agencies,C727
A59973,PH Al Amal Faisal (2),762,86,2083,80.95238095238095,area_disambiguated,MATCHED,area_disambiguated,Supreme Shelf Logistics,B762
A59981,PH Star Care Faisal Main Road,708,79,1956,86.36363636363636,area_disambiguated,MATCHED,area_disambiguated,Horus Pharm Agencies,A708
A59984,PH STAR CARE FAISAL 6th Zone,717,76,1956,86.36363636363636,area_disambiguated,MATCHED,area_disambiguated,Cairo Grand Supplies,A717
A59987,PY/Star Care Faisal Main Road,728,82,1956,78.04878048780488,area_disambiguated,MATCHED,area_disambiguated,Delta Star Medical Trade,A728
A60012,PH Elite,774,75,2813,100.0,direct_match,MATCHED,direct_match,Desert Bloom Suppliers,C774
A60022,PH El Zahraa Station St.,716,70,1238,80.0,area_disambiguated,MATCHED,area_disambiguated,Delta Union Agencies,C716
A60029,PH Angel Haram,737,84,2224,82.35294117647058,area_disambiguated,MATCHED,area_disambiguated,Sinai Bridge Trading,A737
A60054,Union Pharm Faisal 04,761,67,1227,92.3076923076923,area_disambiguated,MATCHED,area_disambiguated,Supreme Shelf Logistics,A761
A60066,PH FAMILY OCT CITY 6th Zone,716,71,1384,85.71428571428572,area_disambiguated,MATCHED,area_disambiguated,Delta Union Agencies,C716
A60070,PH Family Oct City 04,760,81,2472,80.0,area_disambiguated,MATCHED,area_disambiguated,Two Rivers Distribution,C760
A60108,PH Misr Faisal br.2,707,65,2235,82.35294117647058,area_disambiguated,MATCHED,area_disambiguated,Tiba Distribution Group,A707
A60110,PH Misr Faisal,714,91,1302,82.35294117647058,area_disambiguated,MATCHED,area_disambiguated,Delta Union Agencies,A714
A60121,EL NASR Station St.,706,90,2801,82.35294117647058,direct_match,MATCHED,direct_match,Nile Med Wholesale,A706
A60124,El Nasr 6th Zone,756,93,2801,82.35294117647058,direct_match,MATCHED,direct_match,Al Wadi Medical Providers,A756
A60125,PH El Nasr Branch 2642,772,88,2801,100.0,direct_match,MATCHED,direct_match,Desert Bloom Suppliers,A772
A60126,El Nasr,772,88,2801,82.35294117647058,direct_match,MATCHED,direct_match,Desert Bloom Suppliers,A772
A60128,PH HOPE-A,707,66,2807,87.5,direct_match,MATCHED,direct_match,Tiba Distribution Group,A707
A60155,alpha pharma montaza 011,752,74,2240,90.9090909090909,direct_match,MATCHED,direct_match,Falcon Wholesale Co.,B752
A60156,EL Alpha Pharma Montaza Mall,753,78,2240,93.02325581395348,direct_match,MATCHED,direct_match,Falcon Wholesale Co.,C753
A60157,EL ALPHA PHARMA MONTAZA br.2,762,88,2240,93.02325581395348,direct_match,MATCHED,direct_match,Supreme Shelf Logistics,B762
A60158,el ALPHA PHARMA MONTAZA (2),770,96,2240,88.88888888888889,direct_match,MATCHED,direct_match,Marina Bay Trade,A770
A60159,Alpha Pharma Montaza Main Road,771,80,2240,100.0,exact_registry_name,MATCHED,exact_registry_name,Marina Bay Trade,B771
A60160,Ph/Alpha Pharma Montaza 011,771,80,2240,90.9090909090909,direct_match,MATCHED,direct_match,Marina Bay Trade,B771
A60161,SEHA FIRST REHAB VIEW 6th Zone,706,91,2241,82.35294117647058,direct_match,MATCHED,direct_match,Nile Med Wholesale,A706
A60162,PH SEHA FIRST REHAB VIEW 04,720,85,2241,84.21052631578947,direct_match,MATCHED,direct_match,Lotus Medcare Distribution,B720
A60164,Ph/seha first rehab view Main Road,738,81,2241,82.35294117647058,direct_match,MATCHED,direct_match,Sinai Bridge Trading,B738
A60165,SEHA FIRST REHAB VIEW Branch 1143,743,73,2241,82.35294117647058,direct_match,MATCHED,direct_match,Horus Elite Logistics,A743
A60168,Ph/SEHA FIRST REHAB VIEW,752,75,2241,82.35294117647058,direct_match,MATCHED,direct_match,Falcon Wholesale Co.,B752
A60169,PY/Seha First Rehab View,755,91,2241,82.35294117647058,direct_match,MATCHED,direct_match,October Central Supply,B755
A60170,Seha First Rehab View,780,77,2241,82.35294117647058,direct_match,MATCHED,direct_match,Alex Marine Providers,A780
A60171,SEHA FIRST BANHA Main Road,721,82,2242,78.04878048780488,direct_match,MATCHED,direct_match,Saraya Pharmaceutical Supply,A721
A60177,Seha First Banha Station St.,751,83,2242,78.04878048780488,direct_match,MATCHED,direct_match,Falcon Wholesale Co.,A751
A60179,PYSEHA FIRST BANHA Station St.,767,86,2242,83.72093023255813,direct_match,MATCHED,direct_match,Khufu Line Agencies,A767
A60210,PY/el shifa (2),725,80,2806,80.0,direct_match,MATCHED,direct_match,White Nile Agencies,A725
A60240,PY/Union Pharm Obour,700,82,2249,100.0,area_disambiguated,MATCHED,area_disambiguated,Al-Nour Pharmaceutical Distribution,A700
A60248,PH Union Pharm Obour 6th Zone,781,87,1662,91.89189189189189,area_disambiguated,MATCHED,area_disambiguated,Alex Marine Providers,B781
A60249,PH ELITE Branch 2,721,83,2813,100.0,direct_match,MATCHED,direct_match,Saraya Pharmaceutical Supply,A721
A60251,PH ELITE 6th Zone,755,93,2813,100.0,direct_match,MATCHED,direct_match,October Central Supply,B755
A60253,PH elite 011,763,92,2813,80.0,direct_match,MATCHED,direct_match,Saqqara Trade House,A763
A60255,PH Elite 6th Zone,774,77,2813,100.0,direct_match,MATCHED,direct_match,Desert Bloom Suppliers,C774
A60277,PH HOPE Main Road,705,84,2807,100.0,direct_match,MATCHED,direct_match,Blue Crescent Medical Supply Co.,C705
A60284,PH Dr Medhat Faial 011,702,86,2812,84.44444444444444,direct_match,MATCHED,direct_match,Al-Nour Pharmaceutical Distribution,C702
A60288,Dr Medhat Faisal-A,750,85,2812,82.92682926829268,direct_match,MATCHED,direct_match,Pearl Route Agencies,A750
A60292,Dr Medhat Faiisal (2),772,90,2812,85.71428571428572,direct_match,MATCHED,direct_match,Desert Bloom Suppliers,A772
A60302,PH El Baraka Dokki,751,84,2256,85.71428571428572,direct_match,MATCHED,direct_match,Falcon Wholesale Co.,A751
A60345,el el tourath (2),748,88,2815,81.25,direct_match,MATCHED,direct_match,Karnak Medical Trading,A748
A60348,EL TOURATH (2),752,76,2815,82.75862068965517,direct_match,MATCHED,direct_match,Falcon Wholesale Co.,B752
A60394,El Nasr Mall,707,68,2801,82.35294117647058,direct_match,MATCHED,direct_match,Tiba Distribution Group,A707
A60396,EL NASR 6th Zone,729,88,2801,82.35294117647058,direct_match,MATCHED,direct_match,Delta Star Medical Trade,B729
A60411,PH Nile Care,708,85,2802,100.0,direct_match,MATCHED,direct_match,Horus Pharm Agencies,A708
A60414,Nile Care-A,766,86,2802,78.26086956521739,direct_match,MATCHED,direct_match,Basil Corner Providers,B766
A60415,NILE CARE Main Road,780,82,2802,85.71428571428572,direct_match,MATCHED,direct_match,Alex Marine Providers,A780
A60416,Ph/nile care Station St.,721,85,2802,85.71428571428572,direct_match,MATCHED,direct_match,Saraya Pharmaceutical Supply,A721
A60418,PH ile Care,724,82,2802,95.65217391304348,direct_match,MATCHED,direct_match,Ramses Wholesale Partners,B724
A60420,Ph/NILE CARE Branch 2,746,81,2802,85.71428571428572,direct_match,MATCHED,direct_match,Southern Cross Pharma,B746
A60423,PY/nile care Main Road,758,75,2802,85.71428571428572,direct_match,MATCHED,direct_match,Two Rivers Distribution,A758
A60424,nile care Branch 1182,766,87,2802,85.71428571428572,direct_match,MATCHED,direct_match,Basil Corner Providers,B766
A60425,Ph/NILE CARE,766,87,2802,85.71428571428572,direct_match,MATCHED,direct_match,Basil Corner Providers,B766
A60427,Nile Care Main Road,768,95,2802,85.71428571428572,direct_match,MATCHED,direct_match,Ocean Front Distributors,A768
A60454,Phh/misr square Branch 2,769,80,2274,80.0,area_disambiguated,MATCHED,area_disambiguated,Ocean Front Distributors,B769
A60458,PH angel nozha,741,88,2672,82.35294117647058,area_disambiguated,MATCHED,area_disambiguated,Green Delta Enterprises,B741
A60470,PH HOPE Branch 2,749,77,2807,100.0,direct_match,MATCHED,direct_match,Karnak Medical Trading,B749
A60473,PH hope 6th Zone,775,81,2807,100.0,direct_match,MATCHED,direct_match,Corner Stone Medical,A775
A60498,PY/Elite Haram Mall,704,86,1545,80.0,area_disambiguated,MATCHED,area_disambiguated,Blue Crescent Medical Supply Co.,B704
A60512,PH angel obour,773,94,2281,82.35294117647058,direct_match,MATCHED,direct_match,Desert Bloom Suppliers,B773
A60517,DR MEDHAT MONTAZA Station St.,729,90,1749,79.06976744186046,area_disambiguated,MATCHED,area_disambiguated,Delta Star Medical Trade,B729
A60602,PY/El Hokama Faisal br.2,745,69,2290,78.04878048780488,area_disambiguated,MATCHED,area_disambiguated,Southern Cross Pharma,A745
A60613,Silver Care Montaza Station St.,719,88,2293,80.85106382978724,direct_match,MATCHED,direct_match,Lotus Medcare Distribution,A719
A60614,Ph/SILVER CARE MONTAZA Main Road,722,84,2293,80.85106382978724,direct_match,MATCHED,direct_match,Saraya Pharmaceutical Supply,B722
A60615,PY/SILVVER CARE MONTAZA Mall,737,89,2293,79.16666666666666,direct_match,MATCHED,direct_match,Sinai Bridge Trading,A737
A60616,PH Silver Care Montaza Branch 1,737,89,2293,88.0,direct_match,MATCHED,direct_match,Sinai Bridge Trading,A737
A60617,Silver Care Moontaza Main Road,743,76,2293,79.16666666666666,direct_match,MATCHED,direct_match,Horus Elite Logistics,A743
A60618,Silver Care Montaza br.2,748,91,2293,80.85106382978724,direct_match,MATCHED,direct_match,Karnak Medical Trading,A748
A60634,EL NASR Station St.,776,71,2801,82.35294117647058,direct_match,MATCHED,direct_match,Seven Palms Distribution,A776
A60635,Ph/El Nasr,776,71,2801,82.35294117647058,direct_match,MATCHED,direct_match,Seven Palms Distribution,A776
A60676,PH Elite Shubra 6th Zone,730,89,2683,83.33333333333334,area_disambiguated,MATCHED,area_disambiguated,Pyramid Health Supplies,A730
A60708,El Zahraa Faisal,709,82,1439,78.04878048780488,area_disambiguated,MATCHED,area_disambiguated,Horus Pharm Agencies,B709
A60721,PH angel nozha Branch 1,753,82,2672,82.35294117647058,area_disambiguated,MATCHED,area_disambiguated,Falcon Wholesale Co.,C753
A60730,PH care 24 seven faiasl 011,717,80,2308,80.85106382978724,area_disambiguated,MATCHED,area_disambiguated,Cairo Grand Supplies,A717
A60731,el care 24 seven faisal aMll,717,80,2308,83.33333333333334,area_disambiguated,MATCHED,area_disambiguated,Cairo Grand Supplies,A717
A60755,PY/Dr Medhat Faisal 011,703,83,2812,79.06976744186046,direct_match,MATCHED,direct_match,Blue Crescent Medical Supply Co.,A703
A60757,EL Dr Medhat Faisal (2),718,77,2812,81.81818181818181,direct_match,MATCHED,direct_match,Cairo Grand Supplies,B718
A60758,Dr Medhat Faisal-A,761,75,2812,82.92682926829268,direct_match,MATCHED,direct_match,Supreme Shelf Logistics,A761
A60772,PH Seha First Branch 2,755,95,1867,81.25,area_disambiguated,MATCHED,area_disambiguated,October Central Supply,B755
A60785,PH El Baraka-A,728,88,2800,86.66666666666667,direct_match,MATCHED,direct_match,Delta Star Medical Trade,A728
A60786,PH El Baraka,728,88,2800,85.71428571428572,direct_match,MATCHED,direct_match,Delta Star Medical Trade,A728
A60788,PHE L BARAKA-A,760,83,2800,80.0,direct_match,MATCHED,direct_match,Two Rivers Distribution,C760
A60806,PHH Omega Obour Station St.,767,95,2317,80.0,direct_match,MATCHED,direct_match,Khufu Line Agencies,A767
A60810,PY/Star Care Faisal Branch 1,700,83,1956,78.04878048780488,area_disambiguated,MATCHED,area_disambiguated,Al-Nour Pharmaceutical Distribution,A700
A60814,STAR CARE FAISAL,769,82,1956,78.04878048780488,area_disambiguated,MATCHED,area_disambiguated,Ocean Front Distributors,B769
A60832,El-El Shifa (2),719,89,2806,78.57142857142857,direct_match,MATCHED,direct_match,Lotus Medcare Distribution,A719
A60860,Ph/EL TOURATH ZAYED br.2,704,89,2324,78.04878048780488,direct_match,MATCHED,direct_match,Blue Crescent Medical Supply Co.,B704
A60862,el tourath zayed,720,90,2324,78.04878048780488,direct_match,MATCHED,direct_match,Lotus Medcare Distribution,B720
A60864,PH El Tourath Zayed,766,90,2324,86.36363636363636,direct_match,MATCHED,direct_match,Basil Corner Providers,B766
A60874,Ph/El Nasr br.2,704,90,2801,82.35294117647058,direct_match,MATCHED,direct_match,Blue Crescent Medical Supply Co.,B704
A60876,el nasr,715,73,2801,82.35294117647058,direct_match,MATCHED,direct_match,Delta Union Agencies,B715
A60887,El-Alpha Pharma 011,754,81,1241,78.94736842105263,direct_match,MATCHED,direct_match,October Central Supply,A754
A60905,PH El Shifa Montaza Mall,701,88,1169,86.36363636363636,area_disambiguated,MATCHED,area_disambiguated,Al-Nour Pharmaceutical Distribution,B701
A60910,EL SHIFA MONTAZA,747,78,1169,78.04878048780488,area_disambiguated,MATCHED,area_disambiguated,Southern Cross Pharma,C747
A60914,PH el shifa montaza-A,782,95,2330,82.6086956521739,area_disambiguated,MATCHED,area_disambiguated,Summit Crest Trading,A782
A60915,PY/EL SHIFA MONTAZA,782,95,2330,78.04878048780488,area_disambiguated,MATCHED,area_disambiguated,Summit Crest Trading,A782
A60971,Ph/Life Line Helwan 6th Zone,735,88,1039,78.04878048780488,area_disambiguated,MATCHED,area_disambiguated,Modern Chain Distributors,C735
A60989,Ph/El Tourath Oct City,703,86,2340,80.85106382978724,direct_match,MATCHED,direct_match,Blue Crescent Medical Supply Co.,A703
A60991,PY/El Tourath Oct City,739,89,2340,80.85106382978724,direct_match,MATCHED,direct_match,Sinai Bridge Trading,C739
A60992,EL TOURATH OOCT CITY br.2,739,89,2340,79.16666666666666,direct_match,MATCHED,direct_match,Sinai Bridge Trading,C739
A60996,PH El Tourath Oct City,770,101,2340,88.0,direct_match,MATCHED,direct_match,Marina Bay Trade,A770
A61023,PH Golden Care Marg Mall,745,74,2344,86.36363636363636,direct_match,MATCHED,direct_match,Southern Cross Pharma,A745
A61024,PY/Golden Care Marg Main Road,745,74,2344,78.04878048780488,direct_match,MATCHED,direct_match,Southern Cross Pharma,A745
A61025,PY/Golden Care Marg Mall,748,94,2344,78.04878048780488,direct_match,MATCHED,direct_match,Karnak Medical Trading,A748
A61052,PH CITY CARE MOHANDESSIN373,730,94,2497,84.21052631578947,area_disambiguated,MATCHED,area_disambiguated,Pyramid Health Supplies,A730
A61057,Ph/city care mohanessin Mall,753,85,2497,80.0,area_disambiguated,MATCHED,area_disambiguated,Falcon Wholesale Co.,C753
A61062,SILVER CARE HARAM Branch 2352,703,87,1191,86.48648648648648,area_disambiguated,MATCHED,area_disambiguated,Blue Crescent Medical Supply Co.,A703
A61063,SILVER CARE HARA (2),727,108,1191,84.21052631578947,area_disambiguated,MATCHED,area_disambiguated,White Nile Agencies,C727
A61065,el Siler Care Haram Branch 2,765,85,1931,78.26086956521739,direct_match,MATCHED,direct_match,Basil Corner Providers,A765
A61081,ANGEL MOHANDESSIN Branch 2,703,88,2820,91.89189189189189,direct_match,MATCHED,direct_match,Blue Crescent Medical Supply Co.,A703
A61082,PY/Angel Mohandessin-A278,708,90,2820,80.95238095238095,direct_match,MATCHED,direct_match,Horus Pharm Agencies,A708
A61083,El-angel mohandessin,708,90,2820,85.0,direct_match,MATCHED,direct_match,Horus Pharm Agencies,A708
A61085,el Angel Mohandessin Branch 2,718,81,2820,85.0,direct_match,MATCHED,direct_match,Cairo Grand Supplies,B718
A61086,Angel Mohandessin Station St.,732,98,2820,91.89189189189189,direct_match,MATCHED,direct_match,Pyramid Health Supplies,C732
A61087,El-Angel Mohandessin (2),732,98,2820,80.95238095238095,direct_match,MATCHED,direct_match,Pyramid Health Supplies,C732
A61088,Ph/Angel Mohandessin br.2,735,89,2820,91.89189189189189,direct_match,MATCHED,direct_match,Modern Chain Distributors,C735
A61089,ANGEL MOHANDESSIN br.2,735,89,2820,91.89189189189189,direct_match,MATCHED,direct_match,Modern Chain Distributors,C735
A61090,Ph/Angel Mohandessin Station St.,747,80,2820,91.89189189189189,direct_match,MATCHED,direct_match,Southern Cross Pharma,C747
A61091,EL Angel Mohandessin 04,747,80,2820,79.06976744186046,direct_match,MATCHED,direct_match,Southern Cross Pharma,C747
A61092,el Angel Mohandessin Station St.,756,98,2820,85.0,direct_match,MATCHED,direct_match,Al Wadi Medical Providers,A756
A61093,angel mohandessin 6th Zone,756,98,2820,91.89189189189189,direct_match,MATCHED,direct_match,Al Wadi Medical Providers,A756
A61094,El-Angel Mohandessin Station St.,772,95,2820,85.0,direct_match,MATCHED,direct_match,Desert Bloom Suppliers,A772
A61095,El-ANGEL MOHANDESSIN,772,95,2820,85.0,direct_match,MATCHED,direct_match,Desert Bloom Suppliers,A772
A61099,Ph/green leaf agami br.2,719,90,2353,78.04878048780488,direct_match,MATCHED,direct_match,Lotus Medcare Distribution,A719
A61102,GREEN LEAF AGAMI Branch 2,739,91,2353,78.04878048780488,direct_match,MATCHED,direct_match,Sinai Bridge Trading,C739
A61104,green leaf agami Branch 1,745,76,2353,78.04878048780488,direct_match,MATCHED,direct_match,Southern Cross Pharma,A745
A61233,Ph/Seha First Maadi Branch 2,718,82,2369,78.04878048780488,direct_match,MATCHED,direct_match,Cairo Grand Supplies,B718
A61234,P/YSEHA FIRST MAADI Main Road,720,96,2369,80.95238095238095,direct_match,MATCHED,direct_match,Lotus Medcare Distribution,B720
A61240,Ph/seha first maadi Branch 1,782,98,2369,78.04878048780488,direct_match,MATCHED,direct_match,Summit Crest Trading,A782
A61261,PH better life imbaba br.2,744,106,2108,87.5,area_disambiguated,MATCHED,area_disambiguated,Horus Elite Logistics,B744
A61262,better life imbaba Branch 2,744,106,2108,80.0,area_disambiguated,MATCHED,area_disambiguated,Horus Elite Logistics,B744
A61295,el shifa montaza Branch 1,705,92,1169,78.04878048780488,area_disambiguated,MATCHED,area_disambiguated,Blue Crescent Medical Supply Co.,C705
A61301,EL SHIFA MONTAZA 6th Zone,751,95,2330,78.04878048780488,area_disambiguated,MATCHED,area_disambiguated,Falcon Wholesale Co.,A751
A61302,PY/El Shifa Montaza Main Road,751,95,2330,78.04878048780488,area_disambiguated,MATCHED,area_disambiguated,Falcon Wholesale Co.,A751
A61304,Ph/EL SHIFA MONTAZA Branch 2,773,103,1169,78.04878048780488,area_disambiguated,MATCHED,area_disambiguated,Desert Bloom Suppliers,B773
A61329,Ph/el tourath imbaba br.2,737,93,2379,79.06976744186046,direct_match,MATCHED,direct_match,Sinai Bridge Trading,A737
A61331,PH EL TOURATH IMBABA 04,751,96,2379,81.63265306122449,direct_match,MATCHED,direct_match,Falcon Wholesale Co.,A751
A61334,El Tourath Imbaba 6th Zone,776,74,2379,79.06976744186046,direct_match,MATCHED,direct_match,Seven Palms Distribution,A776
A61335,Ph/BETTER LIFE BANHA Mall,711,84,2380,79.06976744186046,direct_match,MATCHED,direct_match,El-Masria Trading Co.,A711
A61338,Ph/Better Life Banha Branch 2,725,88,2380,79.06976744186046,direct_match,MATCHED,direct_match,White Nile Agencies,A725
A61340,Better Life Banha Branch 1,748,97,2380,79.06976744186046,direct_match,MATCHED,direct_match,Karnak Medical Trading,A748
A61343,PY/Better Life Banha,777,95,2380,79.06976744186046,direct_match,MATCHED,direct_match,Seven Palms Distribution,B777
A61349,omega rehab view Branch 2,740,94,2381,78.04878048780488,area_disambiguated,MATCHED,area_disambiguated,Green Delta Enterprises,A740
A61351,Hope Mohandessin,703,94,2818,91.42857142857143,direct_match,MATCHED,direct_match,Blue Crescent Medical Supply Co.,A703
A61352,EL HOPE MOHANDESSIN Main Road,726,115,2818,84.21052631578947,direct_match,MATCHED,direct_match,White Nile Agencies,B726
A61353,el hope mohandesin Mall,726,115,2818,81.08108108108108,direct_match,MATCHED,direct_match,White Nile Agencies,B726
A61355,El-Hope Mohndessin,749,85,2818,81.08108108108108,direct_match,MATCHED,direct_match,Karnak Medical Trading,B749
A61356,el Hope Mohandessin,759,81,2818,84.21052631578947,direct_match,MATCHED,direct_match,Two Rivers Distribution,B759
A61358,hope mohandessin 04804,777,96,2818,78.04878048780488,direct_match,MATCHED,direct_match,Seven Palms Distribution,B777
A61360,EL Hope Mohandessin Station St.,781,100,2818,84.21052631578947,direct_match,MATCHED,direct_match,Alex Marine Providers,B781
A61397,union pharm dokki 6th Zone,735,93,2387,100.0,exact_registry_name,MATCHED,exact_registry_name,Modern Chain Distributors,C735
A61398,El-Union Pharm Dokki (2),763,97,2387,87.17948717948718,direct_match,MATCHED,direct_match,Saqqara Trade House,A763
A61399,union pharm dokk i6th Zone,773,105,2387,79.06976744186046,direct_match,MATCHED,direct_match,Desert Bloom Suppliers,B773
A61400,Union Pharm Dokki br.2,773,105,2387,100.0,exact_registry_name,MATCHED,exact_registry_name,Desert Bloom Suppliers,B773
A61416,EL Angel Mohandessin Main Road,711,87,2820,85.0,direct_match,MATCHED,direct_match,El-Masria Trading Co.,A711
A61417,PH Angel Mohandessin,716,77,2820,100.0,direct_match,MATCHED,direct_match,Delta Union Agencies,C716
A61418,Angel Mohandessin Mall,720,97,2820,91.89189189189189,direct_match,MATCHED,direct_match,Lotus Medcare Distribution,B720
A61420,Angel Mohandessin,743,80,2820,91.89189189189189,direct_match,MATCHED,direct_match,Horus Elite Logistics,A743
A61421,Angel Mohandessin 011,764,81,2820,82.92682926829268,direct_match,MATCHED,direct_match,Saqqara Trade House,B764
A61422,EL Angel Mohandessin Branch 2,764,81,2820,85.0,direct_match,MATCHED,direct_match,Saqqara Trade House,B764
A61423,Ph/ANGEL MOHANDESSIN-A,771,95,2820,87.17948717948718,direct_match,MATCHED,direct_match,Marina Bay Trade,B771
A61424,Ph/angel mohandessin Station St.,771,95,2820,91.89189189189189,direct_match,MATCHED,direct_match,Marina Bay Trade,B771
A61426,ANGEL MOHANDESSIN-A520,775,91,2820,80.95238095238095,direct_match,MATCHED,direct_match,Corner Stone Medical,A775
A61427,angel mohandessin br.2230,776,75,2820,91.89189189189189,direct_match,MATCHED,direct_match,Seven Palms Distribution,A776
A61428,Angel Mohandessin Mall,776,75,2820,91.89189189189189,direct_match,MATCHED,direct_match,Seven Palms Distribution,A776
A61429,PH el tourath br.2,700,86,2815,86.66666666666667,direct_match,MATCHED,direct_match,Al-Nour Pharmaceutical Distribution,A700
A61431,El Tourath (2),707,73,2815,82.75862068965517,direct_match,MATCHED,direct_match,Tiba Distribution Group,A707
A61439,Ph/El Tourath (2),773,106,2815,82.75862068965517,direct_match,MATCHED,direct_match,Desert Bloom Suppliers,B773
A61463,PH Elite Branch 2,723,87,2813,100.0,direct_match,MATCHED,direct_match,Ramses Wholesale Partners,A723
A61475,PH better life helwan,743,82,2395,87.5,area_disambiguated,MATCHED,area_disambiguated,Horus Elite Logistics,A743
A61476,Ph/BETTER LIFE HELWAN,743,82,2395,80.0,area_disambiguated,MATCHED,area_disambiguated,Horus Elite Logistics,A743
A61480,better life helwan Branch 1,752,85,2395,80.0,area_disambiguated,MATCHED,area_disambiguated,Falcon Wholesale Co.,B752
A61481,Better Life Helwan br.2,775,92,2395,80.0,area_disambiguated,MATCHED,area_disambiguated,Corner Stone Medical,A775
A61490,al nozha mohandessin,738,97,2397,81.63265306122449,direct_match,MATCHED,direct_match,Sinai Bridge Trading,B738
A61530,Ph/Health Gate Smouha,755,98,1528,80.0,area_disambiguated,MATCHED,area_disambiguated,October Central Supply,B755
A61531,Health Gate Smouha Branch 2,758,87,1528,80.0,area_disambiguated,MATCHED,area_disambiguated,Two Rivers Distribution,A758
A61532,Ph/health gate smouha br.2,758,87,1528,80.0,area_disambiguated,MATCHED,area_disambiguated,Two Rivers Distribution,A758
A61538,HEALTH GATE SMOUHA br.2,781,103,1528,80.0,area_disambiguated,MATCHED,area_disambiguated,Alex Marine Providers,B781
A61544,EL CARE 24 SEVEN-A212,755,99,1095,78.04878048780488,direct_match,MATCHED,direct_match,October Central Supply,B755
A61557,Ph/salamtek mohandessin,740,98,2405,81.63265306122449,area_disambiguated,MATCHED,area_disambiguated,Green Delta Enterprises,A740
A61558,Salamtek Mohandessin,740,98,2405,81.63265306122449,area_disambiguated,MATCHED,area_disambiguated,Green Delta Enterprises,A740
A61562,EL TOURATH FAISAL,722,94,2406,79.06976744186046,area_disambiguated,MATCHED,area_disambiguated,Saraya Pharmaceutical Supply,B722
A61566,PY/EL TOURATH FAISAL Station St.,752,88,2406,79.06976744186046,area_disambiguated,MATCHED,area_disambiguated,Falcon Wholesale Co.,B752
A61586,EL Union Pharm BBranch 1,715,81,2645,78.04878048780488,direct_match,MATCHED,direct_match,Delta Union Agencies,B715
A61625,PH nile care Branch 2,708,92,2802,100.0,direct_match,MATCHED,direct_match,Horus Pharm Agencies,A708
A61627,Nile Care (2),737,94,2802,78.26086956521739,direct_match,MATCHED,direct_match,Sinai Bridge Trading,A737
A61628,PY/NILE CARRE Branch 1,776,77,2802,81.81818181818181,direct_match,MATCHED,direct_match,Seven Palms Distribution,A776
A61629,NILE CARE,776,77,2802,85.71428571428572,direct_match,MATCHED,direct_match,Seven Palms Distribution,A776
A61631,PH el tourath,738,99,2815,86.66666666666667,direct_match,MATCHED,direct_match,Sinai Bridge Trading,B738
A61632,PY/El Tourath (2),738,99,2815,82.75862068965517,direct_match,MATCHED,direct_match,Sinai Bridge Trading,B738
A61641,PY/El Tourath (2),782,103,2815,82.75862068965517,direct_match,MATCHED,direct_match,Summit Crest Trading,A782
A61650,PH Mira Banha Branch 1,704,99,1714,81.25,area_disambiguated,MATCHED,area_disambiguated,Blue Crescent Medical Supply Co.,B704
A61666,Ph/El Nasr Branch 2,740,99,2801,82.35294117647058,direct_match,MATCHED,direct_match,Green Delta Enterprises,A740
A61667,PY/El Nasr Branch 2,769,85,2801,82.35294117647058,direct_match,MATCHED,direct_match,Ocean Front Distributors,B769
A61676,PH El Baraka Haram br.2,707,75,2421,85.71428571428572,direct_match,MATCHED,direct_match,Tiba Distribution Group,A707
A61678,El Baraka Haram,729,98,1876,84.84848484848484,area_disambiguated,MATCHED,area_disambiguated,Delta Star Medical Trade,B729
A61679,El Baraka Haram,729,98,1876,84.84848484848484,area_disambiguated,MATCHED,area_disambiguated,Delta Star Medical Trade,B729
A61681,PH El Baraka Haram-A,768,101,2421,81.81818181818181,direct_match,MATCHED,direct_match,Ocean Front Distributors,A768
A61691,el Silver Care Haram 6th Zone,738,101,1191,80.85106382978724,area_disambiguated,MATCHED,area_disambiguated,Sinai Bridge Trading,B738
A61692,PH Silver Care Haram br.2,744,112,2028,86.95652173913044,area_disambiguated,MATCHED,area_disambiguated,Horus Elite Logistics,B744
A61695,SILVER CARE HARAM 6th Zone,765,90,1191,86.48648648648648,area_disambiguated,MATCHED,area_disambiguated,Basil Corner Providers,A765
A61696,PH Al Nozha,729,99,1614,78.57142857142857,area_disambiguated,MATCHED,area_disambiguated,Delta Star Medical Trade,B729
A61725,PH misr banha br.2,767,99,2427,81.25,direct_match,MATCHED,direct_match,Khufu Line Agencies,A767
A61754,PH ELITE OBOUR Main Road,712,107,2431,82.35294117647058,direct_match,MATCHED,direct_match,El-Masria Trading Co.,B712
A61758,PH Elite Obour,723,90,2431,82.35294117647058,direct_match,MATCHED,direct_match,Ramses Wholesale Partners,A723
A61794,Elite Mohandessin Branch 2,780,98,2735,79.06976744186046,area_disambiguated,MATCHED,area_disambiguated,Alex Marine Providers,A780
A61878,PH Misr 6th Zone,727,116,2805,100.0,direct_match,MATCHED,direct_match,White Nile Agencies,C727
A61896,PH el nas Station St.,709,90,2801,94.73684210526316,direct_match,MATCHED,direct_match,Horus Pharm Agencies,B709
A61898,Ph/el nasr Branch 2,711,91,2801,82.35294117647058,direct_match,MATCHED,direct_match,El-Masria Trading Co.,A711
A61902,PH Nile Care 04,728,97,2802,88.88888888888889,direct_match,MATCHED,direct_match,Delta Star Medical Trade,A728
A61904,Nile Care Branch 1,729,104,2802,85.71428571428572,direct_match,MATCHED,direct_match,Delta Star Medical Trade,B729
A61906,Nile Care-A,746,102,2802,78.26086956521739,direct_match,MATCHED,direct_match,Southern Cross Pharma,B746
A61907,Ph/NILE CARE Branch 1,756,105,2802,85.71428571428572,direct_match,MATCHED,direct_match,Al Wadi Medical Providers,A756
A61931,STAR CARE SMOUHA,721,97,1605,78.04878048780488,area_disambiguated,MATCHED,area_disambiguated,Saraya Pharmaceutical Supply,A721
A61936,PY/Star Care Smouha Branch 2,757,100,1359,78.04878048780488,area_disambiguated,MATCHED,area_disambiguated,Al Wadi Medical Providers,B757
A61981,PH Nile Care Maadi (2),735,96,2458,81.81818181818181,direct_match,MATCHED,direct_match,Modern Chain Distributors,C735
A62052,PH sunrise obour Station St.,724,93,2465,84.21052631578947,direct_match,MATCHED,direct_match,Ramses Wholesale Partners,B724
A62060,PH SUNRISE HARAMM 6th Zone,769,87,2466,82.05128205128204,direct_match,MATCHED,direct_match,Ocean Front Distributors,B769
A62071,Ph/Ebn Sina Haram Mall,701,96,1421,83.87096774193549,area_disambiguated,MATCHED,area_disambiguated,Al-Nour Pharmaceutical Distribution,B701
A62072,EBN SINA HARAM,701,96,1421,83.87096774193549,area_disambiguated,MATCHED,area_disambiguated,Al-Nour Pharmaceutical Distribution,B701
A62077,PY/ebn sina haram Branch 1,757,102,1421,83.87096774193549,area_disambiguated,MATCHED,area_disambiguated,Al Wadi Medical Providers,B757
A62102,el nasr br.2,757,103,2801,82.35294117647058,direct_match,MATCHED,direct_match,Al Wadi Medical Providers,B757
A62105,PH el nasr 011,764,85,2801,83.33333333333334,direct_match,MATCHED,direct_match,Saqqara Trade House,B764
A62107,Ph/El Nasr Branch 1188,777,104,2801,82.35294117647058,direct_match,MATCHED,direct_match,Seven Palms Distribution,B777
A62108,PH EL NASR br.2786,778,98,2801,100.0,direct_match,MATCHED,direct_match,Seven Palms Distribution,C778
A62116,PH Famiily Oct City (2),753,92,2472,80.0,area_disambiguated,MATCHED,area_disambiguated,Falcon Wholesale Co.,C753
A62118,PH family oct city 011,776,81,2472,78.26086956521739,area_disambiguated,MATCHED,area_disambiguated,Seven Palms Distribution,A776
A62133,Phh/sunrise imbaba,732,112,2474,82.92682926829268,area_disambiguated,MATCHED,area_disambiguated,Pyramid Health Supplies,C732
A62139,PH Sunrise Imbaba 6th Zone,762,104,2038,85.0,area_disambiguated,MATCHED,area_disambiguated,Supreme Shelf Logistics,B762
A62144,PH nile care 04,745,87,2802,88.88888888888889,direct_match,MATCHED,direct_match,Southern Cross Pharma,A745
A62156,El Hokama Square Main Road,717,87,2478,78.04878048780488,direct_match,MATCHED,direct_match,Cairo Grand Supplies,A717
A62157,El Hokama Square,720,105,2478,78.04878048780488,direct_match,MATCHED,direct_match,Lotus Medcare Distribution,B720
A62160,El Hokama Square,740,106,2478,78.04878048780488,direct_match,MATCHED,direct_match,Green Delta Enterprises,A740
A62164,El Hokama Square Branch 1,751,106,2478,78.04878048780488,direct_match,MATCHED,direct_match,Falcon Wholesale Co.,A751
A62166,el hokama square Branch 1,781,106,2478,78.04878048780488,direct_match,MATCHED,direct_match,Alex Marine Providers,B781
A62174,Ph/PHARMA PLUS MARG 04,753,94,2480,91.42857142857143,direct_match,MATCHED,direct_match,Falcon Wholesale Co.,C753
A62175,pharma plus marg Mall,761,85,2480,100.0,exact_registry_name,MATCHED,exact_registry_name,Supreme Shelf Logistics,A761
A62176,PY/pharma plus marg br.2,761,85,2480,100.0,exact_registry_name,MATCHED,exact_registry_name,Supreme Shelf Logistics,A761
A62177,PH PHARMA PLUS MARG 011,773,113,2480,82.05128205128204,direct_match,MATCHED,direct_match,Desert Bloom Suppliers,B773
A62178,Ph/Pharma Plus Marg 0468,773,113,2480,86.48648648648648,direct_match,MATCHED,direct_match,Desert Bloom Suppliers,B773
A62203,Ph/HOPE MOHANDESSIN 6th Zone,707,78,2818,91.42857142857143,direct_match,MATCHED,direct_match,Tiba Distribution Group,A707
A62204,Hope Mohhandessin Mall,707,78,2818,88.88888888888889,direct_match,MATCHED,direct_match,Tiba Distribution Group,A707
A62205,Hope Mohandessin (2),732,114,2818,86.48648648648648,direct_match,MATCHED,direct_match,Pyramid Health Supplies,C732
A62206,HOPE MOHANDESSIN b.2,736,84,2818,82.05128205128204,direct_match,MATCHED,direct_match,United Bazaar Pharma,A736
A62207,Hope Mohandessin 011,736,84,2818,82.05128205128204,direct_match,MATCHED,direct_match,United Bazaar Pharma,A736
A62208,PYY/Hope Mohandessin Branch 2,740,107,2818,92.3076923076923,direct_match,MATCHED,direct_match,Green Delta Enterprises,A740
A62209,Ph/HOPE MOHANDESSIN (2),745,88,2818,86.48648648648648,direct_match,MATCHED,direct_match,Southern Cross Pharma,A745
A62211,hope mohandessin (2),781,107,2818,86.48648648648648,direct_match,MATCHED,direct_match,Alex Marine Providers,B781
A62213,Pharma Plus Mall504,723,93,2480,80.0,direct_match,MATCHED,direct_match,Ramses Wholesale Partners,A723
A62250,CARE 24 SEVEN OBOUR Main Road,724,96,1684,100.0,area_disambiguated,MATCHED,area_disambiguated,Ramses Wholesale Partners,B724
A62251,EL care 24 seven obour781,724,96,1684,86.36363636363636,area_disambiguated,MATCHED,area_disambiguated,Ramses Wholesale Partners,B724
A62281,PH El Baraka 6th Zone,730,106,2800,85.71428571428572,direct_match,MATCHED,direct_match,Pyramid Health Supplies,A730
A62290,PH Hope 6th Zone,743,89,2807,100.0,direct_match,MATCHED,direct_match,Horus Elite Logistics,A743
A62300,PH City Care Mohandessin 011962,736,86,2497,78.68852459016394,area_disambiguated,MATCHED,area_disambiguated,United Bazaar Pharma,A736
A62326,el Alpha Pharma Banh 011,705,99,2501,80.95238095238095,direct_match,MATCHED,direct_match,Blue Crescent Medical Supply Co.,C705
A62327,Ph/ALPHA HPARMA BANHA br.289,719,99,2501,94.44444444444444,direct_match,MATCHED,direct_match,Lotus Medcare Distribution,A719
A62328,el ALPHA PHARMA BANHA Branch 2,719,99,2501,92.3076923076923,direct_match,MATCHED,direct_match,Lotus Medcare Distribution,A719
A62329,PH ALPHA PHARRMA BANHA (2),723,94,2501,85.71428571428572,direct_match,MATCHED,direct_match,Ramses Wholesale Partners,A723
A62330,Ph/alpha pharma banha-A350,723,94,2501,87.8048780487805,direct_match,MATCHED,direct_match,Ramses Wholesale Partners,A723
A62331,alpha pharma banha br.2,726,125,2501,100.0,exact_registry_name,MATCHED,exact_registry_name,White Nile Agencies,B726
A62333,alpha pharma banha br.2,732,115,2501,100.0,exact_registry_name,MATCHED,exact_registry_name,Pyramid Health Supplies,C732
A62334,Ph/alpha pharma banha Branch 1847,763,102,2501,100.0,exact_registry_name,MATCHED,exact_registry_name,Saqqara Trade House,A763
A62343,PH El Nasr Branch 1,720,106,2801,100.0,direct_match,MATCHED,direct_match,Lotus Medcare Distribution,B720
A62346,Ph/EL NASR Mall,775,99,2801,82.35294117647058,direct_match,MATCHED,direct_match,Corner Stone Medical,A775
A62392,PH ell tourath br.2531,722,96,2815,83.87096774193549,direct_match,MATCHED,direct_match,Saraya Pharmaceutical Supply,B722
A62394,PH el tourath 011,738,107,2815,82.35294117647058,direct_match,MATCHED,direct_match,Sinai Bridge Trading,B738
A62438,Ph/Nile Care Oct City,753,98,2515,80.0,direct_match,MATCHED,direct_match,Falcon Wholesale Co.,C753
A62440,nile care oct city,772,103,2515,80.0,direct_match,MATCHED,direct_match,Desert Bloom Suppliers,A772
A62493,EL Silver Care Rehab View,703,97,2522,82.14285714285714,direct_match,MATCHED,direct_match,Blue Crescent Medical Supply Co.,A703
A62495,PY/silver care rehab view 04,716,86,2522,78.57142857142857,direct_match,MATCHED,direct_match,Delta Union Agencies,C716
A62496,Ph//silver care rehab view Branch 2,725,101,2522,83.01886792452831,direct_match,MATCHED,direct_match,White Nile Agencies,A725
A62497,PH Silver Care Rehab View,725,101,2522,89.28571428571429,direct_match,MATCHED,direct_match,White Nile Agencies,A725
A62498,PY/SILVER CARE REHAB VIEW,758,101,2522,83.01886792452831,direct_match,MATCHED,direct_match,Two Rivers Distribution,A758
A62501,el SILVER CARE REHAB VIEW br.2727,767,104,2522,82.14285714285714,direct_match,MATCHED,direct_match,Khufu Line Agencies,A767
A62502,SILVER CARE REHAB VIEW-A,780,104,2522,80.0,direct_match,MATCHED,direct_match,Alex Marine Providers,A780
A62531,PH E Tourath Shubra,710,95,2526,84.44444444444444,direct_match,MATCHED,direct_match,Horus Pharm Agencies,C710
A62533,El Tourath Shubra Branch 1605,740,110,2526,79.06976744186046,direct_match,MATCHED,direct_match,Green Delta Enterprises,A740
A62534,el tourath shubra Branch 2,774,90,2526,79.06976744186046,direct_match,MATCHED,direct_match,Desert Bloom Suppliers,C774
A62536,PY/el tourath shubra 6th Zone,782,114,2526,79.06976744186046,direct_match,MATCHED,direct_match,Summit Crest Trading,A782
A62557,Ph/EL SHIFA MOHANDESSIN br.2,742,100,2811,93.02325581395348,direct_match,MATCHED,direct_match,Green Delta Enterprises,C742
A62558,EL SHIFA MOHANDESSIN 6th Zone,742,100,2811,93.02325581395348,direct_match,MATCHED,direct_match,Green Delta Enterprises,C742
A62560,EL El Shifa Mohandessin,762,108,2811,86.95652173913044,direct_match,MATCHED,direct_match,Supreme Shelf Logistics,B762
A62561,el EL SHIFA MOHANDESSIN 6th Zone,762,108,2811,86.95652173913044,direct_match,MATCHED,direct_match,Supreme Shelf Logistics,B762
A62566,PH Hope Imbaba 6th Zone,734,99,2113,82.35294117647058,area_disambiguated,MATCHED,area_disambiguated,Modern Chain Distributors,B734
A62667,Ph/El Hokama Shubra Main Road,714,106,1264,78.04878048780488,area_disambiguated,MATCHED,area_disambiguated,Delta Union Agencies,A714
A62673,EL HOKAMA SHUBRA br.2,757,107,1264,78.04878048780488,area_disambiguated,MATCHED,area_disambiguated,Al Wadi Medical Providers,B757
A62674,El-silver care agami Branch 1,731,93,2543,78.26086956521739,direct_match,MATCHED,direct_match,Pyramid Health Supplies,B731
A62676,el silver care agami Station St.,732,118,2543,78.26086956521739,direct_match,MATCHED,direct_match,Pyramid Health Supplies,C732
A62677,PH Silver Care Agami,735,102,2543,86.95652173913044,direct_match,MATCHED,direct_match,Modern Chain Distributors,C735
A62678,SILVER CARE AGAMI,743,92,2543,79.06976744186046,direct_match,MATCHED,direct_match,Horus Elite Logistics,A743
A62679,Silver Care Agami 04,749,100,2756,82.05128205128204,direct_match,MATCHED,direct_match,Karnak Medical Trading,B749
A62682,PY/Silver Care Agami Branch 1,774,91,2543,79.06976744186046,direct_match,MATCHED,direct_match,Desert Bloom Suppliers,C774
A62719,PY/SILVER CARE MAADI br.2221,715,88,2549,79.06976744186046,direct_match,MATCHED,direct_match,Delta Union Agencies,B715
A62722,PY/Silver Care Maadi Mall,744,122,2549,79.06976744186046,direct_match,MATCHED,direct_match,Horus Elite Logistics,B744
A62733,PH el tourath haram Main Road,736,91,2550,86.36363636363636,area_disambiguated,MATCHED,area_disambiguated,United Bazaar Pharma,A736
A62735,PH el baraka nozha 04,705,105,2551,80.0,direct_match,MATCHED,direct_match,Blue Crescent Medical Supply Co.,C705
A62742,Blue Wave Helwan,733,99,2552,78.04878048780488,direct_match,MATCHED,direct_match,Modern Chain Distributors,A733
A62743,PH blue wave helwan-A,733,99,2552,82.6086956521739,direct_match,MATCHED,direct_match,Modern Chain Distributors,A733
A62744,Ph/BLUE WAVE HELWAN,747,87,2552,78.04878048780488,direct_match,MATCHED,direct_match,Southern Cross Pharma,C747
A62745,Blue Wave Helwan,762,109,2552,78.04878048780488,direct_match,MATCHED,direct_match,Supreme Shelf Logistics,B762
A62746,blue wave helwan Mall,762,109,2552,78.04878048780488,direct_match,MATCHED,direct_match,Supreme Shelf Logistics,B762
A62771,El-STAR CARE MOHANDESSIN-A,711,95,2825,84.0,direct_match,MATCHED,direct_match,El-Masria Trading Co.,A711
A62772,Star Care Mohandessin (2),711,95,2825,89.36170212765957,direct_match,MATCHED,direct_match,El-Masria Trading Co.,A711
A62773,el Star Care Mohandessin Main Road,722,97,2825,87.5,direct_match,MATCHED,direct_match,Saraya Pharmaceutical Supply,B722
A62774,Ph/STAR CARE MOHANDESSIN Station St.,740,112,2825,93.33333333333333,direct_match,MATCHED,direct_match,Green Delta Enterprises,A740
A62795,El-Star Care Mohandessin br.2,723,100,2825,87.5,direct_match,MATCHED,direct_match,Ramses Wholesale Partners,A723
A62796,Star Care Mohandessin (2),723,100,2825,89.36170212765957,direct_match,MATCHED,direct_match,Ramses Wholesale Partners,A723
A62797,PH Star Care Mohandessin 6th Zone,731,95,2825,100.0,direct_match,MATCHED,direct_match,Pyramid Health Supplies,B731
A62799,PY/star care mohandessin 04,761,89,2825,87.5,direct_match,MATCHED,direct_match,Supreme Shelf Logistics,A761
A62800,star care mohandessin 04,761,89,2825,87.5,direct_match,MATCHED,direct_match,Supreme Shelf Logistics,A761
A62801,El-STAR CARE MOHANDESSIIN 6th Zone,763,109,2825,85.71428571428572,direct_match,MATCHED,direct_match,Saqqara Trade House,A763
A62802,EL star care mohandessin,769,93,2825,87.5,direct_match,MATCHED,direct_match,Ocean Front Distributors,B769
A62803,PH Star Care Mohandessin (2),769,93,2825,96.0,direct_match,MATCHED,direct_match,Ocean Front Distributors,B769
A62822,GOLDEN CARE SMOUHA (2),719,102,1580,80.0,direct_match,MATCHED,direct_match,Lotus Medcare Distribution,A719
A62826,EL Hope Mohandessin 6th Zone,702,96,2818,84.21052631578947,direct_match,MATCHED,direct_match,Al-Nour Pharmaceutical Distribution,C702
A62827,El--Hope Mohandessin br.2,702,96,2818,84.21052631578947,direct_match,MATCHED,direct_match,Al-Nour Pharmaceutical Distribution,C702
A62828,PY/Hope Mohandessin Station St.531,723,101,2818,82.05128205128204,direct_match,MATCHED,direct_match,Ramses Wholesale Partners,A723
A62829,e Hope Mohandessin 011,723,101,2818,78.04878048780488,direct_match,MATCHED,direct_match,Ramses Wholesale Partners,A723
A62830,El-Hope Mohandessin Station St.,770,109,2818,84.21052631578947,direct_match,MATCHED,direct_match,Marina Bay Trade,A770
A62842,GREEN LEAF HELWAN Branch 1,743,93,2565,79.06976744186046,direct_match,MATCHED,direct_match,Horus Elite Logistics,A743
A62844,PY/Green Leaf Helwan 6th Zone,744,123,2565,79.06976744186046,direct_match,MATCHED,direct_match,Horus Elite Logistics,B744
A62845,Green Leaf Helwan br.2,744,123,2565,79.06976744186046,direct_match,MATCHED,direct_match,Horus Elite Logistics,B744
A62849,PY/Green Leaf Helwan Branch 1,747,88,2565,79.06976744186046,direct_match,MATCHED,direct_match,Southern Cross Pharma,C747
A62852,Green Leaf Helwan,773,117,2565,79.06976744186046,direct_match,MATCHED,direct_match,Desert Bloom Suppliers,B773
A62871,Nile Care Rehab View Branch 1,705,106,2568,81.63265306122449,direct_match,MATCHED,direct_match,Blue Crescent Medical Supply Co.,C705
A62876,nile care rehab view (2),775,103,2568,78.43137254901961,direct_match,MATCHED,direct_match,Corner Stone Medical,A775
A62881,El Nasr Mohandessin,740,114,2570,80.85106382978724,direct_match,MATCHED,direct_match,Green Delta Enterprises,A740
A62884,El Nasr Moandessin Main Road,761,90,2570,78.26086956521739,direct_match,MATCHED,direct_match,Supreme Shelf Logistics,A761
A62885,EL NASR MOHANDESSIN Mall,764,91,2570,80.85106382978724,direct_match,MATCHED,direct_match,Saqqara Trade House,B764
A62887,Ph/El Nasr Mohandessin Station St.,781,112,2570,80.85106382978724,direct_match,MATCHED,direct_match,Alex Marine Providers,B781
A62912,El Tourath (2),707,85,2815,82.75862068965517,direct_match,MATCHED,direct_match,Tiba Distribution Group,A707
A62913,Ph/el tourath (2),707,85,2815,82.75862068965517,direct_match,MATCHED,direct_match,Tiba Distribution Group,A707
A62923,EL El Tourath (2),766,102,2815,81.25,direct_match,MATCHED,direct_match,Basil Corner Providers,B766
A62944,life line rehab view 6th Zone,703,102,1122,81.63265306122449,area_disambiguated,MATCHED,area_disambiguated,Blue Crescent Medical Supply Co.,A703
A62945,PY/life line rehab view Branch 2546,703,102,1122,81.63265306122449,area_disambiguated,MATCHED,area_disambiguated,Blue Crescent Medical Supply Co.,A703
A62954,angel mohadessin 04,711,97,2820,82.05128205128204,direct_match,MATCHED,direct_match,El-Masria Trading Co.,A711
A62955,angel mohandessin br.2,719,104,2820,91.89189189189189,direct_match,MATCHED,direct_match,Lotus Medcare Distribution,A719
A62957,Ph/Angel Mohandessin (2)945,732,121,2820,79.06976744186046,direct_match,MATCHED,direct_match,Pyramid Health Supplies,C732
A62959,El-ANGEL MMOHANDESSIN,734,102,2820,82.92682926829268,direct_match,MATCHED,direct_match,Modern Chain Distributors,B734
A62960,ANGEL MOHANDESSIN br.2,768,113,2820,91.89189189189189,direct_match,MATCHED,direct_match,Ocean Front Distributors,A768
A62961,ANGEL MOHANDESSIN Mall,768,113,2820,91.89189189189189,direct_match,MATCHED,direct_match,Ocean Front Distributors,A768
A62962,Ph/Angel Mohandessin Branch 1,779,99,2820,91.89189189189189,direct_match,MATCHED,direct_match,Iron Gate Wholesale,A779
A62963,el Angel Mohandessin Mall,782,115,2820,85.0,direct_match,MATCHED,direct_match,Summit Crest Trading,A782
A62977,EL Salamtek Haram Branch 2,702,99,2768,78.04878048780488,area_disambiguated,MATCHED,area_disambiguated,Al-Nour Pharmaceutical Distribution,C702
A62980,PH Salamtek Haram 6th Zone,769,95,2580,85.0,direct_match,MATCHED,direct_match,Ocean Front Distributors,B769
A62991,el baraka shubra Mall,716,89,2582,78.04878048780488,direct_match,MATCHED,direct_match,Delta Union Agencies,C716
A62992,El Baraka Shubra Main Road,753,105,2582,78.04878048780488,direct_match,MATCHED,direct_match,Falcon Wholesale Co.,C753
A62993,PH el baraka shubra Branch 2,756,116,2582,86.36363636363636,direct_match,MATCHED,direct_match,Al Wadi Medical Providers,A756
A63006,Ph/AL NOZHA MONTAZA,722,101,2584,78.04878048780488,area_disambiguated,MATCHED,area_disambiguated,Saraya Pharmaceutical Supply,B722
A63008,AL NOZHA MONTAZA Station St.,753,106,2584,78.04878048780488,area_disambiguated,MATCHED,area_disambiguated,Falcon Wholesale Co.,C753
A63072,PH Nile Care-A,704,109,2802,92.3076923076923,direct_match,MATCHED,direct_match,Blue Crescent Medical Supply Co.,B704
A63073,PH Nile Care,713,94,2802,100.0,direct_match,MATCHED,direct_match,El-Masria Trading Co.,C713
A63074,Nilee Care,723,105,2802,81.81818181818181,direct_match,MATCHED,direct_match,Ramses Wholesale Partners,A723
A63076,PY/nile care (2),732,123,2802,78.26086956521739,direct_match,MATCHED,direct_match,Pyramid Health Supplies,C732
A63077,Nile Care,741,106,2802,85.71428571428572,direct_match,MATCHED,direct_match,Green Delta Enterprises,B741
A63078,nile care,741,106,2802,85.71428571428572,direct_match,MATCHED,direct_match,Green Delta Enterprises,B741
A63093,PH Elite 04,772,108,2813,84.21052631578947,direct_match,MATCHED,direct_match,Desert Bloom Suppliers,A772
A63142,Ph/Union Pharm Haram Mall,709,100,2600,100.0,exact_registry_name,MATCHED,exact_registry_name,Horus Pharm Agencies,B709
A63143,PY/union pharm haram 011522,716,93,2600,82.92682926829268,direct_match,MATCHED,direct_match,Delta Union Agencies,C716
A63144,UNION PHARM HARAM Branch 2,717,97,2600,100.0,exact_registry_name,MATCHED,exact_registry_name,Cairo Grand Supplies,A717
A63145,PY/union pharm haram Main Road,717,97,2600,100.0,exact_registry_name,MATCHED,exact_registry_name,Cairo Grand Supplies,A717
A63154,EL Care24 Seven Shubra-A,707,86,2602,81.81818181818181,direct_match,MATCHED,direct_match,Tiba Distribution Group,A707
A63155,care 24 seven shubra,707,86,2602,100.0,exact_registry_name,MATCHED,exact_registry_name,Tiba Distribution Group,A707
A63156,PY/Care 24 Seven Shubra Branch 2,727,123,2602,100.0,exact_registry_name,MATCHED,exact_registry_name,White Nile Agencies,C727
A63157,PY/Care 24 Seven Shubra Branch 1,727,123,2602,100.0,exact_registry_name,MATCHED,exact_registry_name,White Nile Agencies,C727
A63158,El-Care 24 Seven Shubra Mall,755,112,2602,93.02325581395348,direct_match,MATCHED,direct_match,October Central Supply,B755
A63159,Ph/care 24 seven shubra-A,761,94,2602,95.23809523809523,direct_match,MATCHED,direct_match,Supreme Shelf Logistics,A761
A63160,Care 42 Seven Shubra Branch 2,761,94,2602,95.0,direct_match,MATCHED,direct_match,Supreme Shelf Logistics,A761
A63161,EL care 24 seven shubra (2),782,118,2602,88.88888888888889,direct_match,MATCHED,direct_match,Summit Crest Trading,A782
A63162,Care 24 Seven Shubra Station St.,782,118,2602,100.0,exact_registry_name,MATCHED,exact_registry_name,Summit Crest Trading,A782
A63178,PH MISR MARG Branch 2,776,94,2605,80.0,direct_match,MATCHED,direct_match,Seven Palms Distribution,A776
A63197,EL HOPE MOHANDESSIN Station St.,716,94,2818,84.21052631578947,direct_match,MATCHED,direct_match,Delta Union Agencies,C716
A63198,PH Hope Mohandessin Station St.,716,94,2818,100.0,direct_match,MATCHED,direct_match,Delta Union Agencies,C716
A63199,EL Hope Mohandessin (2),726,133,2818,80.0,direct_match,MATCHED,direct_match,White Nile Agencies,B726
A63200,Ph/HOPE MOHANDESSIN424,735,108,2818,84.21052631578947,direct_match,MATCHED,direct_match,Modern Chain Distributors,C735
A63201,El-Hope Mohandessin-A,735,108,2818,80.0,direct_match,MATCHED,direct_match,Modern Chain Distributors,C735
A63202,PY/hope mohandessin (2),747,93,2818,86.48648648648648,direct_match,MATCHED,direct_match,Southern Cross Pharma,C747
A63203,el Hope Mohandessin98,757,112,2818,80.0,direct_match,MATCHED,direct_match,Al Wadi Medical Providers,B757
A63204,EL hope mohandessin br.2,758,105,2818,84.21052631578947,direct_match,MATCHED,direct_match,Two Rivers Distribution,A758
A63205,Ph/hope mohandessin Mall,758,105,2818,91.42857142857143,direct_match,MATCHED,direct_match,Two Rivers Distribution,A758
A63206,Ph/Hope Mohandessin 011,759,97,2818,82.05128205128204,direct_match,MATCHED,direct_match,Two Rivers Distribution,B759
A63207,el hope mohandessin br.2,774,94,2818,84.21052631578947,direct_match,MATCHED,direct_match,Desert Bloom Suppliers,C774
A63208,Ph/hope mohandessin 6th Zone,774,94,2818,91.42857142857143,direct_match,MATCHED,direct_match,Desert Bloom Suppliers,C774
A63209,SALAMTEK MOHANDESSIN04,740,116,2405,78.43137254901961,area_disambiguated,MATCHED,area_disambiguated,Green Delta Enterprises,A740
A63213,Health Gate Marg br.2,706,122,2610,78.04878048780488,direct_match,MATCHED,direct_match,Nile Med Wholesale,A706
A63214,PY/Health Gate Marg Branch 2,709,101,2610,78.04878048780488,direct_match,MATCHED,direct_match,Horus Pharm Agencies,B709
A63215,PH health gate marg 04,733,101,2610,80.85106382978724,direct_match,MATCHED,direct_match,Modern Chain Distributors,A733
A63220,health gate marg Branch 2,776,95,2610,78.04878048780488,direct_match,MATCHED,direct_match,Seven Palms Distribution,A776
A63256,PY/SEHA FIRST SHUBRA 6th Zone,748,111,2614,79.06976744186046,area_disambiguated,MATCHED,area_disambiguated,Karnak Medical Trading,A748
A63257,Ph/seha first shubra Branch 2959,748,111,2614,79.06976744186046,area_disambiguated,MATCHED,area_disambiguated,Karnak Medical Trading,A748
A63258,Ph/SEHA FIRST SHUBRA Mall,749,108,1327,79.06976744186046,area_disambiguated,MATCHED,area_disambiguated,Karnak Medical Trading,B749
A63259,seha first shubra Branch 1,750,106,2614,79.06976744186046,area_disambiguated,MATCHED,area_disambiguated,Pearl Route Agencies,A750
A63271,PH Seha First Zayed Mall,776,96,2615,86.36363636363636,area_disambiguated,MATCHED,area_disambiguated,Seven Palms Distribution,A776
A63272,Seha First Zayed Mall,776,96,2615,78.04878048780488,area_disambiguated,MATCHED,area_disambiguated,Seven Palms Distribution,A776
A63279,PH El Baraka Mall,705,109,2800,85.71428571428572,direct_match,MATCHED,direct_match,Blue Crescent Medical Supply Co.,C705
A63281,PH El Baraka-A,722,102,2800,86.66666666666667,direct_match,MATCHED,direct_match,Saraya Pharmaceutical Supply,B722
A63332,PY/Union Pharm Nozha,713,96,2623,100.0,exact_registry_name,MATCHED,exact_registry_name,El-Masria Trading Co.,C713
A63333,unioon pharm nozha 011,752,105,2623,87.17948717948718,direct_match,MATCHED,direct_match,Falcon Wholesale Co.,B752
A63334,Union Pharm Nozha,752,105,2623,100.0,exact_registry_name,MATCHED,exact_registry_name,Falcon Wholesale Co.,B752
A63335,PY/Union Pharm Nozha,756,118,2623,100.0,exact_registry_name,MATCHED,exact_registry_name,Al Wadi Medical Providers,A756
A63336,Union Pharm Nozha 011,756,118,2623,89.47368421052632,direct_match,MATCHED,direct_match,Al Wadi Medical Providers,A756
A63337,UNION PHARM NOZHA,772,111,2623,100.0,exact_registry_name,MATCHED,exact_registry_name,Desert Bloom Suppliers,A772
A63338,Union Pharm Nozha 04,772,111,2623,91.89189189189189,direct_match,MATCHED,direct_match,Desert Bloom Suppliers,A772
A63339,PH union pharm nozha Station St.,773,125,2623,91.89189189189189,direct_match,MATCHED,direct_match,Desert Bloom Suppliers,B773
A63340,El-union pharm nozha Main Road,773,125,2623,91.89189189189189,direct_match,MATCHED,direct_match,Desert Bloom Suppliers,B773
A63341,UNION PHAR NOZHA Branch 1,778,104,2623,96.96969696969697,direct_match,MATCHED,direct_match,Seven Palms Distribution,C778
A63343,UNION PHARM NOZHA (2),782,121,2623,94.44444444444444,direct_match,MATCHED,direct_match,Summit Crest Trading,A782
A63344,Ph/UNION PHARM NOHA 011,782,121,2623,86.48648648648648,direct_match,MATCHED,direct_match,Summit Crest Trading,A782
A63361,Ph/SILVER CARE SMOUHA,721,107,1580,80.0,area_disambiguated,MATCHED,area_disambiguated,Saraya Pharmaceutical Supply,A721
A63365,Ph/silver care smouha (2),771,110,1580,85.0,direct_match,MATCHED,direct_match,Marina Bay Trade,B771
A63439,PH Ebn Sina Dokki Branch 2,715,95,2637,85.0,direct_match,MATCHED,direct_match,Delta Union Agencies,B715
A63506,Union Pharm Banha 04,728,116,2645,91.89189189189189,direct_match,MATCHED,direct_match,Delta Star Medical Trade,A728
A63507,UNION PHARM BANHA Branch 1,751,118,2645,100.0,exact_registry_name,MATCHED,exact_registry_name,Falcon Wholesale Co.,A751
A63508,UNION PHARM BANHA br.2,756,119,2645,100.0,exact_registry_name,MATCHED,exact_registry_name,Al Wadi Medical Providers,A756
A63509,PY/Union Pharm Banha 6th Zone,757,115,2645,100.0,exact_registry_name,MATCHED,exact_registry_name,Al Wadi Medical Providers,B757
A63510,El-union pharm banha 011,757,115,2645,82.92682926829268,direct_match,MATCHED,direct_match,Al Wadi Medical Providers,B757
A63511,Ph/Union Pharm Banha 6th Zone,765,102,2645,100.0,exact_registry_name,MATCHED,exact_registry_name,Basil Corner Providers,A765
A63512,el Union Pharm Banha Branch 2,777,116,2645,91.89189189189189,direct_match,MATCHED,direct_match,Seven Palms Distribution,B777
A63513,Union Pharm Banha0 4,777,116,2645,91.89189189189189,direct_match,MATCHED,direct_match,Seven Palms Distribution,B777
A63514,EL UNION PHARM BANHA br.2,780,112,2645,91.89189189189189,direct_match,MATCHED,direct_match,Alex Marine Providers,A780
A63515,Ph/star care mohandessin Station St.,701,110,2825,93.33333333333333,direct_match,MATCHED,direct_match,Al-Nour Pharmaceutical Distribution,B701
A63516,Star Care Mohandessin,701,110,2825,93.33333333333333,direct_match,MATCHED,direct_match,Al-Nour Pharmaceutical Distribution,B701
A63517,el star care mohandessin,702,101,2825,87.5,direct_match,MATCHED,direct_match,Al-Nour Pharmaceutical Distribution,C702
A63518,PH star care mohhandessin (2)40,702,101,2825,88.88888888888889,direct_match,MATCHED,direct_match,Al-Nour Pharmaceutical Distribution,C702
A63520,Star Care Mohandessin,714,113,2825,93.33333333333333,direct_match,MATCHED,direct_match,Delta Union Agencies,A714
A63521,El-Star Care Mohandessin Branch 2,714,113,2825,87.5,direct_match,MATCHED,direct_match,Delta Union Agencies,A714
A63522,el Star Care Mohandessin-A,719,110,2825,84.0,direct_match,MATCHED,direct_match,Lotus Medcare Distribution,A719
A63523,Ph/Star Care Mohandessin-A,756,120,2825,89.36170212765957,direct_match,MATCHED,direct_match,Al Wadi Medical Providers,A756
A63524,Ph/star crae mohandessin,756,120,2825,88.88888888888889,direct_match,MATCHED,direct_match,Al Wadi Medical Providers,A756
A63525,PH STAR CARE MOHANDESSIN108,757,116,2825,94.11764705882352,direct_match,MATCHED,direct_match,Al Wadi Medical Providers,B757
A63526,Star Care Mohandessin Mall177,760,102,2825,79.24528301886792,direct_match,MATCHED,direct_match,Two Rivers Distribution,C760
A63527,EL STAR CARE MOHANDESSIN br.2654,760,102,2825,87.5,direct_match,MATCHED,direct_match,Two Rivers Distribution,C760
A63528,Ph/HOPE MOHANDESSIN 011,707,96,2818,82.05128205128204,direct_match,MATCHED,direct_match,Tiba Distribution Group,A707
A63529,HOPE MOHANDESSIN,707,96,2818,91.42857142857143,direct_match,MATCHED,direct_match,Tiba Distribution Group,A707
A63530,PH hope mohandessin,712,118,2818,100.0,direct_match,MATCHED,direct_match,El-Masria Trading Co.,B712
A63531,HOPE MOHANDESSIN Main Road,764,93,2818,91.42857142857143,direct_match,MATCHED,direct_match,Saqqara Trade House,B764
A63539,Ph/Health Gate Haram Mall,712,119,2649,79.06976744186046,direct_match,MATCHED,direct_match,El-Masria Trading Co.,B712
A63541,Health Gate Haram,715,96,2649,79.06976744186046,direct_match,MATCHED,direct_match,Delta Union Agencies,B715
A63542,Health Gate Haram Station St.,720,117,2649,79.06976744186046,direct_match,MATCHED,direct_match,Lotus Medcare Distribution,B720
A63544,HEALTH GATE HARAM br.2,775,107,2649,79.06976744186046,direct_match,MATCHED,direct_match,Corner Stone Medical,A775
A63559,PH Al Nozha Oct City,700,101,2652,86.95652173913044,direct_match,MATCHED,direct_match,Al-Nour Pharmaceutical Distribution,A700
A63563,PH AAl Nozha Oct City-A,714,114,2652,81.63265306122449,direct_match,MATCHED,direct_match,Delta Union Agencies,A714
A63574,Ph/UNION PHARM ZAYED 6th Zone,733,104,2654,100.0,area_disambiguated,MATCHED,area_disambiguated,Modern Chain Distributors,A733
A63575,El-Union Pharm Zayed Station St.,733,104,2654,91.89189189189189,area_disambiguated,MATCHED,area_disambiguated,Modern Chain Distributors,A733
A63579,Nile Care Imbaba Branch 1771,743,106,2655,78.04878048780488,direct_match,MATCHED,direct_match,Horus Elite Logistics,A743
A63583,NILE CARE IMBABA Branch 1,776,98,2655,78.04878048780488,direct_match,MATCHED,direct_match,Seven Palms Distribution,A776
A63584,Nile Care Imbaba Branch 1796,776,98,2655,78.04878048780488,direct_match,MATCHED,direct_match,Seven Palms Distribution,A776
A63596,PH Health Gate Maadi Branch 2,763,115,2657,86.95652173913044,area_disambiguated,MATCHED,area_disambiguated,Saqqara Trade House,A763
A63602,PY/seha first zayed Branch 142,718,100,2615,78.04878048780488,area_disambiguated,MATCHED,area_disambiguated,Cairo Grand Supplies,B718
A63603,PY/Seha First Zayed Main Road,718,100,2615,78.04878048780488,area_disambiguated,MATCHED,area_disambiguated,Cairo Grand Supplies,B718
A63604,Seha First Zayed Main Road,740,118,2615,78.04878048780488,area_disambiguated,MATCHED,area_disambiguated,Green Delta Enterprises,A740
A63605,Ph/Seha First Zayed Branch 2,740,118,2615,78.04878048780488,area_disambiguated,MATCHED,area_disambiguated,Green Delta Enterprises,A740
A63606,PY/seha first zayed br.278,750,107,2615,78.04878048780488,area_disambiguated,MATCHED,area_disambiguated,Pearl Route Agencies,A750
A63611,Ph/Better Life Faisal,736,97,2659,80.0,area_disambiguated,MATCHED,area_disambiguated,United Bazaar Pharma,A736
A63623,PH El Tourath Haram,743,107,2550,86.36363636363636,area_disambiguated,MATCHED,area_disambiguated,Horus Elite Logistics,A743
A63637,El-Care 24 Seven Zayed Mall,725,104,2662,92.6829268292683,direct_match,MATCHED,direct_match,White Nile Agencies,A725
A63638,PH Care 24 Seven Zayed Station St.,727,129,2662,92.6829268292683,direct_match,MATCHED,direct_match,White Nile Agencies,C727
A63639,Ph/Care 244 Seven Zayed Branch 1,732,130,2662,97.43589743589743,direct_match,MATCHED,direct_match,Pyramid Health Supplies,C732
A63640,EL CARE 24 SEVEN ZAYED Mall,733,106,2662,92.6829268292683,direct_match,MATCHED,direct_match,Modern Chain Distributors,A733
A63641,Ph/Care 24 SevenZayed Main Road,735,113,2662,97.2972972972973,direct_match,MATCHED,direct_match,Modern Chain Distributors,C735
A63642,el CARE 24 SEVEN ZAYED Branch 2617,739,105,2662,92.6829268292683,direct_match,MATCHED,direct_match,Sinai Bridge Trading,C739
A63643,PY/Care 24 Seven Zayed832,739,105,2662,92.6829268292683,direct_match,MATCHED,direct_match,Sinai Bridge Trading,C739
A63644,Care 24 Seven Zayed Station St.,748,115,2662,100.0,exact_registry_name,MATCHED,exact_registry_name,Karnak Medical Trading,A748
A63645,PH CARE 24 SEVEN ZAYED,776,99,2662,92.6829268292683,direct_match,MATCHED,direct_match,Seven Palms Distribution,A776
A63657,PH dr medhat Station St.,764,94,1552,80.0,area_disambiguated,MATCHED,area_disambiguated,Saqqara Trade House,B764
A63693,union pharm smouha 6th Zone,781,121,1806,100.0,area_disambiguated,MATCHED,area_disambiguated,Alex Marine Providers,B781
A63729,PH angel nnozha Mall,752,110,2672,80.0,area_disambiguated,MATCHED,area_disambiguated,Falcon Wholesale Co.,B752
A63763,El-better life haram-A,714,117,2808,78.26086956521739,direct_match,MATCHED,direct_match,Delta Union Agencies,A714
A63779,el el baraka rehab view Mll,781,124,1539,78.57142857142857,area_disambiguated,MATCHED,area_disambiguated,Alex Marine Providers,B781
A63797,PH star cre zayed Branch 1,716,102,2680,82.92682926829268,direct_match,MATCHED,direct_match,Delta Union Agencies,C716
A63808,El Shifa Mohandessin,713,101,2811,93.02325581395348,direct_match,MATCHED,direct_match,El-Masria Trading Co.,C713
A63809,PH El Shifa Mohandessin 011682,715,99,2811,86.79245283018868,direct_match,MATCHED,direct_match,Delta Union Agencies,B715
A63810,Ph/El Shifa Mohandessin Branch 1,715,99,2811,93.02325581395348,direct_match,MATCHED,direct_match,Delta Union Agencies,B715
A63811,Ph/el shifa mohandsesin 011,721,112,2811,80.85106382978724,direct_match,MATCHED,direct_match,Saraya Pharmaceutical Supply,A721
A63812,PY/el shifa mohandessin-A748,721,112,2811,83.33333333333334,direct_match,MATCHED,direct_match,Saraya Pharmaceutical Supply,A721
A63813,EL EL SHIFA MOHANDESSIN Branch 1,723,110,2811,86.95652173913044,direct_match,MATCHED,direct_match,Ramses Wholesale Partners,A723
A63814,EL SHIFA MOHANDESSIN br.2,723,110,2811,93.02325581395348,direct_match,MATCHED,direct_match,Ramses Wholesale Partners,A723
A63815,PY/El Shifa Mhandessin Station St.,752,112,2811,90.47619047619048,direct_match,MATCHED,direct_match,Falcon Wholesale Co.,B752
A63816,El Shifa Mohandessin Branch 2,754,104,2811,93.02325581395348,direct_match,MATCHED,direct_match,October Central Supply,A754
A63817,PY/EL SHIFA MOHANDESSIN br.2,754,104,2811,93.02325581395348,direct_match,MATCHED,direct_match,October Central Supply,A754
A63818,el El Shifa Mohandessin br.2,757,120,2811,86.95652173913044,direct_match,MATCHED,direct_match,Al Wadi Medical Providers,B757
A63820,el El Shifa Mohandessin,772,117,2811,86.95652173913044,direct_match,MATCHED,direct_match,Desert Bloom Suppliers,A772
A63821,PH elite shubra Main Road,710,107,2302,83.33333333333334,area_disambiguated,MATCHED,area_disambiguated,Horus Pharm Agencies,C710
A63825,PY/FAMILY REHAB VIEW,708,111,2684,79.06976744186046,direct_match,MATCHED,direct_match,Horus Pharm Agencies,A708
A63827,Family Rehab View,735,114,2684,79.06976744186046,direct_match,MATCHED,direct_match,Modern Chain Distributors,C735
A63828,FAMILY REHAB VIEW Branch 2,749,111,2684,79.06976744186046,direct_match,MATCHED,direct_match,Karnak Medical Trading,B749
A63829,PH Family Rehab View (2),761,96,2684,83.33333333333334,direct_match,MATCHED,direct_match,Supreme Shelf Logistics,A761
A63830,family rehab view br.2,761,96,2684,79.06976744186046,direct_match,MATCHED,direct_match,Supreme Shelf Logistics,A761
A63843,PH Angel Mohandessin Main Road,706,127,2820,100.0,direct_match,MATCHED,direct_match,Nile Med Wholesale,A706
A63844,el Angel Mohandessin (2),706,127,2820,80.95238095238095,direct_match,MATCHED,direct_match,Nile Med Wholesale,A706
A63845,angel mohandessin (2),709,105,2820,87.17948717948718,direct_match,MATCHED,direct_match,Horus Pharm Agencies,B709
A63846,PY/Angel Mohandessin (2),709,105,2820,87.17948717948718,direct_match,MATCHED,direct_match,Horus Pharm Agencies,B709
A63848,angel mohndessin Branch 2,717,100,2820,88.88888888888889,direct_match,MATCHED,direct_match,Cairo Grand Supplies,A717
A63850,El-Angel Mohandessin Branch 2,726,137,2820,85.0,direct_match,MATCHED,direct_match,White Nile Agencies,B726
A63852,El-ANGEL MOHANDESSIN Station St.,744,128,2820,85.0,direct_match,MATCHED,direct_match,Horus Elite Logistics,B744
A63867,PH health gatte helwan Branch 2,736,101,2688,85.71428571428572,area_disambiguated,MATCHED,area_disambiguated,United Bazaar Pharma,A736
A63881,PH El Zahraa Zayed Main Road,742,105,2690,85.71428571428572,direct_match,MATCHED,direct_match,Green Delta Enterprises,C742
A63923,PY/NILE CARE Branch 2,759,103,2802,85.71428571428572,direct_match,MATCHED,direct_match,Two Rivers Distribution,B759
A63957,HOPE MOHANDESSIN 04,725,105,2818,84.21052631578947,direct_match,MATCHED,direct_match,White Nile Agencies,A725
A63958,PY/Hope Mohhandessin-A,725,105,2818,84.21052631578947,direct_match,MATCHED,direct_match,White Nile Agencies,A725
A63959,PH HOPE MOHANDESSIN Station St.,728,122,2818,100.0,direct_match,MATCHED,direct_match,Delta Star Medical Trade,A728
A63960,Ph/hope mohandessin Mall,728,122,2818,91.42857142857143,direct_match,MATCHED,direct_match,Delta Star Medical Trade,A728
A63961,el Hope Mohandessin,743,112,2818,84.21052631578947,direct_match,MATCHED,direct_match,Horus Elite Logistics,A743
A63962,El-Hope Mohandessin (2),743,112,2818,80.0,direct_match,MATCHED,direct_match,Horus Elite Logistics,A743
A63974,Ph/sunrise mohandessin br.2,780,116,2519,80.85106382978724,area_disambiguated,MATCHED,area_disambiguated,Alex Marine Providers,A780
A63976,el shifa mohandessin Main Road,729,118,2811,93.02325581395348,direct_match,MATCHED,direct_match,Delta Star Medical Trade,B729
A63978,Ph/El Shifa Mohandessin,733,110,2811,93.02325581395348,direct_match,MATCHED,direct_match,Modern Chain Distributors,A733
A63979,El-El Shifa Mohandessin Station St.,753,112,2811,86.95652173913044,direct_match,MATCHED,direct_match,Falcon Wholesale Co.,C753
A63981,PH el shifa mohandessin 04929,754,106,2811,88.46153846153845,direct_match,MATCHED,direct_match,October Central Supply,A754
A64002,STAR CARE HELWAN,750,113,2356,78.04878048780488,area_disambiguated,MATCHED,area_disambiguated,Pearl Route Agencies,A750
A64004,Ph/Star Care Helwan Branch 2,753,113,2356,78.04878048780488,area_disambiguated,MATCHED,area_disambiguated,Falcon Wholesale Co.,C753
A64005,star care helwan Branch 2,753,113,2356,78.04878048780488,area_disambiguated,MATCHED,area_disambiguated,Falcon Wholesale Co.,C753
A64010,PY/star care helwan Mall,775,111,2356,78.04878048780488,area_disambiguated,MATCHED,area_disambiguated,Corner Stone Medical,A775
A64011,PY/Star Care Helwan Branch 1,775,111,2356,78.04878048780488,area_disambiguated,MATCHED,area_disambiguated,Corner Stone Medical,A775
A64014,PH ANGEL MONTAZA-A,728,124,2209,80.0,area_disambiguated,MATCHED,area_disambiguated,Delta Star Medical Trade,A728
A64021,El-blue wave dokki Mall,712,124,2823,80.0,direct_match,MATCHED,direct_match,El-Masria Trading Co.,B712
A64022,Blue Wave Dokki Branch 1,731,103,2823,81.08108108108108,direct_match,MATCHED,direct_match,Pyramid Health Supplies,B731
A64023,El-BLUE WAVE DOKKI 6th Zone,756,125,2823,80.0,direct_match,MATCHED,direct_match,Al Wadi Medical Providers,A756
A64026,PH al amal banha Branch 1,742,107,2710,84.21052631578947,direct_match,MATCHED,direct_match,Green Delta Enterprises,C742
A64053,PH bbetter life (2),770,121,2808,78.04878048780488,direct_match,MATCHED,direct_match,Marina Bay Trade,A770
A64056,Ph/PHARMA PLUS HAAM Main Road,730,124,2714,96.96969696969697,direct_match,MATCHED,direct_match,Pyramid Health Supplies,A730
A64057,PY/Pharma Plus Haram 04,731,104,2714,91.89189189189189,direct_match,MATCHED,direct_match,Pyramid Health Supplies,B731
A64058,Pharma Plus Haram,731,104,2714,100.0,exact_registry_name,MATCHED,exact_registry_name,Pyramid Health Supplies,B731
A64059,El-PHARMA PLUS HARAM Mall,750,114,2714,91.89189189189189,direct_match,MATCHED,direct_match,Pearl Route Agencies,A750
A64060,Pharma Plus Haram,750,114,2714,100.0,exact_registry_name,MATCHED,exact_registry_name,Pearl Route Agencies,A750
A64061,PY/El Shifa Mohandessin-A,724,111,2811,88.88888888888889,direct_match,MATCHED,direct_match,Ramses Wholesale Partners,B724
A64062,Ph/El Shifa Mohandessin 04178,724,111,2811,81.63265306122449,direct_match,MATCHED,direct_match,Ramses Wholesale Partners,B724
A64063,El-EL SHIFA MOHANDESSIN,748,120,2811,86.95652173913044,direct_match,MATCHED,direct_match,Karnak Medical Trading,A748
A64064,EL EL SHIFA MOHANDESSIN,748,120,2811,86.95652173913044,direct_match,MATCHED,direct_match,Karnak Medical Trading,A748
A64065,El Shifa Mohandessin 04686,778,112,2811,81.63265306122449,direct_match,MATCHED,direct_match,Seven Palms Distribution,C778
A64066,EL SHIFA MOHANDESSIN-A,778,112,2811,88.88888888888889,direct_match,MATCHED,direct_match,Seven Palms Distribution,C778
A64068,PH Elite,735,116,2813,100.0,direct_match,MATCHED,direct_match,Modern Chain Distributors,C735
A64071,PH Elite Mall,776,104,2813,100.0,direct_match,MATCHED,direct_match,Seven Palms Distribution,A776
A64087,PY/el nasr Branch 1,760,105,2801,82.35294117647058,direct_match,MATCHED,direct_match,Two Rivers Distribution,C760
A64092,PH EL SHIFA MOHANDESSIN Branch 1,732,132,2811,100.0,direct_match,MATCHED,direct_match,Pyramid Health Supplies,C732
A64093,El Shifa Moandessin-A,766,113,2811,86.36363636363636,direct_match,MATCHED,direct_match,Basil Corner Providers,B766
A64096,Elite Mohandessin Station St.,720,120,2735,79.06976744186046,area_disambiguated,MATCHED,area_disambiguated,Lotus Medcare Distribution,B720
A64136,el baraka mohandessin br.2,702,103,2725,82.35294117647058,direct_match,MATCHED,direct_match,Al-Nour Pharmaceutical Distribution,C702
A64137,El Baraka Mohandessin,717,105,2725,82.35294117647058,direct_match,MATCHED,direct_match,Cairo Grand Supplies,A717
A64138,PY/El Baraka Mohandessin (2),717,105,2725,79.24528301886792,direct_match,MATCHED,direct_match,Cairo Grand Supplies,A717
A64139,PH el baraka mohandessin 04,735,118,2725,84.21052631578947,direct_match,MATCHED,direct_match,Modern Chain Distributors,C735
A64140,Ph/el baraka mohandessin Station St.,750,115,2725,82.35294117647058,direct_match,MATCHED,direct_match,Pearl Route Agencies,A750
A64141,Ph/El Baraka Mohandessin Branch 1,750,115,2725,82.35294117647058,direct_match,MATCHED,direct_match,Pearl Route Agencies,A750
A64146,BETTER LIFE AGAMI 6th Zone,729,120,2726,79.06976744186046,direct_match,MATCHED,direct_match,Delta Star Medical Trade,B729
A64148,better life agami Station St.,757,123,2726,79.06976744186046,direct_match,MATCHED,direct_match,Al Wadi Medical Providers,B757
A64151,BETTER LIFE AGAMI,777,118,2726,79.06976744186046,direct_match,MATCHED,direct_match,Seven Palms Distribution,B777
A64152,Better Life Agami br.2,780,118,2726,79.06976744186046,direct_match,MATCHED,direct_match,Alex Marine Providers,A780
A64157,PH ANGEL SMOUHA Branch 2,747,103,1401,83.33333333333334,area_disambiguated,MATCHED,area_disambiguated,Southern Cross Pharma,C747
A64188,Better Life Obour,719,114,1010,79.06976744186046,area_disambiguated,MATCHED,area_disambiguated,Lotus Medcare Distribution,A719
A64198,PY/El Shifa (2),717,106,2806,80.0,direct_match,MATCHED,direct_match,Cairo Grand Supplies,A717
A64200,PH EL SHIFA 04,724,112,2806,82.75862068965517,direct_match,MATCHED,direct_match,Ramses Wholesale Partners,B724
A64203,el shifa (2),771,120,2806,80.0,direct_match,MATCHED,direct_match,Marina Bay Trade,B771
A64217,Union Pharm Marg (2),700,106,2733,94.11764705882352,direct_match,MATCHED,direct_match,Al-Nour Pharmaceutical Distribution,A700
A64218,EL union pharm marg Branch 1,703,115,2733,91.42857142857143,direct_match,MATCHED,direct_match,Blue Crescent Medical Supply Co.,A703
A64220,PH Union Phar Marg Branch 2,733,113,2733,88.23529411764706,direct_match,MATCHED,direct_match,Modern Chain Distributors,A733
A64221,UNION PHARM MARG Branch 1,733,113,2733,100.0,exact_registry_name,MATCHED,exact_registry_name,Modern Chain Distributors,A733
A64222,PY/UNION PHARM MARG Mall544,743,114,2733,80.0,direct_match,MATCHED,direct_match,Horus Elite Logistics,A743
A64223,EL UNION PHARM MARG,743,114,2733,91.42857142857143,direct_match,MATCHED,direct_match,Horus Elite Logistics,A743
A64224,Ph/Union Pharm Marg 6th Zone,770,123,2733,100.0,exact_registry_name,MATCHED,exact_registry_name,Marina Bay Trade,A770
A64225,Union Pharm Marg (2),782,127,2733,94.11764705882352,direct_match,MATCHED,direct_match,Summit Crest Trading,A782
A64226,PY/UNION PHARM MARG 011,782,127,2733,88.88888888888889,direct_match,MATCHED,direct_match,Summit Crest Trading,A782
A64230,PH life line maadi Branch 2210,730,126,2734,85.71428571428572,direct_match,MATCHED,direct_match,Pyramid Health Supplies,A730
A64233,PH life line maadi 011,761,98,2734,78.26086956521739,direct_match,MATCHED,direct_match,Supreme Shelf Logistics,A761
A64236,PH Life Line Maadi Station St.,767,117,2734,85.71428571428572,direct_match,MATCHED,direct_match,Khufu Line Agencies,A767
A64240,Ph/ELITE MOHANDESSIN Branch 1,753,116,2735,79.06976744186046,area_disambiguated,MATCHED,area_disambiguated,Falcon Wholesale Co.,C753
A64272,PH EBN SINA SMOUHA br.2,721,117,1640,85.71428571428572,area_disambiguated,MATCHED,area_disambiguated,Saraya Pharmaceutical Supply,A721
A64348,Ph/Star Care Montaza,720,123,2749,79.06976744186046,area_disambiguated,MATCHED,area_disambiguated,Lotus Medcare Distribution,B720
A64352,star care montaza,752,116,2749,79.06976744186046,area_disambiguated,MATCHED,area_disambiguated,Falcon Wholesale Co.,B752
A64402,PY/care 24 seven agami 6th Zone,721,120,2756,100.0,exact_registry_name,MATCHED,exact_registry_name,Saraya Pharmaceutical Supply,A721
A64403,El-care 24 seven agami br.2,721,120,2756,92.6829268292683,direct_match,MATCHED,direct_match,Saraya Pharmaceutical Supply,A721
A64404,Care 24 Seven Agami br.2598,741,112,2756,100.0,exact_registry_name,MATCHED,exact_registry_name,Green Delta Enterprises,B741
A64405,PY/care 24 seven agami (2),741,112,2756,95.0,direct_match,MATCHED,direct_match,Green Delta Enterprises,B741
A64406,CARE 24 SEVEN AGAMI-A,744,133,2756,95.0,direct_match,MATCHED,direct_match,Horus Elite Logistics,B744
A64407,Care 24 Seven Agami (2),757,125,2756,95.0,direct_match,MATCHED,direct_match,Al Wadi Medical Providers,B757
A64408,EL Care 24 Seven Agami Branch 1,757,125,2756,92.6829268292683,direct_match,MATCHED,direct_match,Al Wadi Medical Providers,B757
A64409,care 24 seven agami (2),776,106,2756,95.0,direct_match,MATCHED,direct_match,Seven Palms Distribution,A776
A64410,PY/Care 24 Seven Agami Branch 2,776,106,2756,100.0,exact_registry_name,MATCHED,exact_registry_name,Seven Palms Distribution,A776
A64413,PH Blue Wave Mohandessin Station St.,717,109,2757,88.88888888888889,direct_match,MATCHED,direct_match,Cairo Grand Supplies,A717
A64414,Blue Wave Mohandessin Branch 1,717,109,2757,82.35294117647058,direct_match,MATCHED,direct_match,Cairo Grand Supplies,A717
A64418,Blue Wave Mohandessin,749,114,2757,82.35294117647058,direct_match,MATCHED,direct_match,Karnak Medical Trading,B749
A64432,el CARE 24 SVEEN (2),735,123,1095,78.94736842105263,direct_match,MATCHED,direct_match,Modern Chain Distributors,C735
A64479,GREEN LEAF DOKKI Branch 2,706,135,2765,78.04878048780488,direct_match,MATCHED,direct_match,Nile Med Wholesale,A706
A64481,Green Leaf Dokki Branch 2,734,112,2765,78.04878048780488,direct_match,MATCHED,direct_match,Modern Chain Distributors,B734
A64485,Green Leaf Dokki Branch 1,768,126,2765,78.04878048780488,direct_match,MATCHED,direct_match,Ocean Front Distributors,A768
A64515,PH Family Imbaba,734,113,2770,84.21052631578947,direct_match,MATCHED,direct_match,Modern Chain Distributors,B734
A64563,PH Omega Square,726,145,2776,83.33333333333334,area_disambiguated,MATCHED,area_disambiguated,White Nile Agencies,B726
A64578,Omega Rehab View,767,120,1721,78.04878048780488,area_disambiguated,MATCHED,area_disambiguated,Khufu Line Agencies,A767
A64579,Omega Rehab View br.2,774,106,2381,78.04878048780488,area_disambiguated,MATCHED,area_disambiguated,Desert Bloom Suppliers,C774
A64654,PH En Sina Nozha,752,120,2788,82.05128205128204,area_disambiguated,MATCHED,area_disambiguated,Falcon Wholesale Co.,B752
A64693,Ph/Salamtek Mohandessin-A,774,109,2405,78.43137254901961,area_disambiguated,MATCHED,area_disambiguated,Desert Bloom Suppliers,C774
A64694,PH Salamtek Mohandessin Branch 1908,774,109,2405,88.46153846153845,area_disambiguated,MATCHED,area_disambiguated,Desert Bloom Suppliers,C774
A64695,PH LIFE LINE,704,122,1885,80.0,area_disambiguated,MATCHED,area_disambiguated,Blue Crescent Medical Supply Co.,B704
A64740,EL STAR CARE MOHANDESSIN (2),703,119,2825,84.0,direct_match,MATCHED,direct_match,Blue Crescent Medical Supply Co.,A703
A64741,PY/Star Care Mohandessin Station St.,713,113,2825,93.33333333333333,direct_match,MATCHED,direct_match,El-Masria Trading Co.,C713
A64742,PY/Star Care Mohandessin,713,113,2825,93.33333333333333,direct_match,MATCHED,direct_match,El-Masria Trading Co.,C713
A64743,EL Star Care Mohandessin,732,138,2825,87.5,direct_match,MATCHED,direct_match,Pyramid Health Supplies,C732
A64744,star care mohandessin-A,732,138,2825,89.36170212765957,direct_match,MATCHED,direct_match,Pyramid Health Supplies,C732
A64745,El-Star Care Mohandessin 011,734,116,2825,80.76923076923077,direct_match,MATCHED,direct_match,Modern Chain Distributors,B734
A64746,el Star Care Mohandessin Station St.,738,127,2825,87.5,direct_match,MATCHED,direct_match,Sinai Bridge Trading,B738
A64747,STAR CARE MOHANDESSIN Main Rooad,778,117,2825,78.57142857142857,direct_match,MATCHED,direct_match,Seven Palms Distribution,C778
A64748,el Star Care Mohandessin 6th Zone,778,117,2825,87.5,direct_match,MATCHED,direct_match,Seven Palms Distribution,C778
A64755,PY/El Baraka PH. 2nd 6th Zone,712,127,2800,100.0,exact_registry_name,MATCHED,exact_registry_name,El-Masria Trading Co.,B712
A64756,El-El Baraka PH. 2nd 011,743,120,2800,82.05128205128204,direct_match,MATCHED,direct_match,Horus Elite Logistics,A743
A64757,PH El Baraka PH. 2nd,743,120,2800,91.42857142857143,direct_match,MATCHED,direct_match,Horus Elite Logistics,A743
A64758,EL EL BARAKA PH. 2ND br.2,763,124,2800,91.42857142857143,direct_match,MATCHED,direct_match,Saqqara Trade House,A763
A64759,EL BARAKA PH. 2ND 6th Zone,768,129,2800,100.0,exact_registry_name,MATCHED,exact_registry_name,Ocean Front Distributors,A768
A64760,PY/el baraka ph. 2nd br.2,773,136,2800,100.0,exact_registry_name,MATCHED,exact_registry_name,Desert Bloom Suppliers,B773
A64761,EL El Baraka PH. 2nd Mall,773,136,2800,91.42857142857143,direct_match,MATCHED,direct_match,Desert Bloom Suppliers,B773
A64762,EL El Nasr PH.,714,128,2801,86.95652173913044,direct_match,MATCHED,direct_match,Delta Union Agencies,A714
A64763,EL NASR PH.,714,128,2801,100.0,exact_registry_name,MATCHED,exact_registry_name,Delta Union Agencies,A714
A64764,el nasr ph. Branch 2,741,116,2801,100.0,exact_registry_name,MATCHED,exact_registry_name,Green Delta Enterprises,B741
A64766,PH el nasr ph.,756,131,2801,86.95652173913044,direct_match,MATCHED,direct_match,Al Wadi Medical Providers,A756
A64767,El Nasr PH.,777,120,2801,100.0,exact_registry_name,MATCHED,exact_registry_name,Seven Palms Distribution,B777
A64768,el nasr ph. (2),777,120,2801,90.9090909090909,direct_match,MATCHED,direct_match,Seven Palms Distribution,B777
A64769,Ph/NILE CARE PH. Mall,723,116,2802,100.0,exact_registry_name,MATCHED,exact_registry_name,Ramses Wholesale Partners,A723
A64770,EL Nilee Care PH.-A,745,104,2802,80.0,direct_match,MATCHED,direct_match,Southern Cross Pharma,A745
A64771,nile care ph. 04,766,116,2802,88.88888888888889,direct_match,MATCHED,direct_match,Basil Corner Providers,B766
A64772,EL NILE CARE PH.,766,116,2802,88.88888888888889,direct_match,MATCHED,direct_match,Basil Corner Providers,B766
A64773,EL EL TOURATH PH. SMOUHA 2ND (2),710,116,2803,90.56603773584906,direct_match,MATCHED,direct_match,Horus Pharm Agencies,C710
A64774,EL TOURATH PH. SMOUHA 2ND 6th Zone,711,113,2803,100.0,exact_registry_name,MATCHED,exact_registry_name,El-Masria Trading Co.,A711
A64775,PY/EL TOURATH PH. SMOUHA 2ND,770,128,2803,100.0,exact_registry_name,MATCHED,exact_registry_name,Marina Bay Trade,A770
A64776,PH El Tourath PH. Smouha 2nd,770,128,2803,94.11764705882352,direct_match,MATCHED,direct_match,Marina Bay Trade,A770
A64778,El-Green Leaf PH. Imbaba Branch 2,722,113,2804,93.02325581395348,direct_match,MATCHED,direct_match,Saraya Pharmaceutical Supply,B722
A64779,PY/Green Leaf PHH. Imbaba Main Road,768,130,2804,97.5609756097561,direct_match,MATCHED,direct_match,Ocean Front Distributors,A768
A64780,Ph/GREEN LEAF PH. IMBABA Branch 2,768,130,2804,100.0,exact_registry_name,MATCHED,exact_registry_name,Ocean Front Distributors,A768
A64781,PY/green leaf ph. imbaba 6th Zone,770,129,2804,100.0,exact_registry_name,MATCHED,exact_registry_name,Marina Bay Trade,A770
A64782,EL Green Leaf PH. Imbaba 011847,770,129,2804,80.0,direct_match,MATCHED,direct_match,Marina Bay Trade,A770
A64783,El-Green Leaf PH. Imbaba-A70,782,131,2804,85.1063829787234,direct_match,MATCHED,direct_match,Summit Crest Trading,A782
A64784,Ph/MISR PH. Mall,703,120,2805,100.0,exact_registry_name,MATCHED,exact_registry_name,Blue Crescent Medical Supply Co.,A703
A64785,PH Misr PH. br.2,726,147,2805,82.35294117647058,direct_match,MATCHED,direct_match,White Nile Agencies,B726
A64787,PH el shia ph. 2nd,715,114,2806,87.5,direct_match,MATCHED,direct_match,Delta Union Agencies,B715
A64788,EL el shifa ph. 2nd (2),719,119,2806,85.71428571428572,direct_match,MATCHED,direct_match,Lotus Medcare Distribution,A719
A64789,EL El Shifa PH. 2nd 011,722,114,2806,81.08108108108108,direct_match,MATCHED,direct_match,Saraya Pharmaceutical Supply,B722
A64790,PH El Shifa PH. 2nd Main Road,730,131,2806,90.9090909090909,direct_match,MATCHED,direct_match,Pyramid Health Supplies,A730
A64791,Ph/El Shifa PH. 2nd Branc 1,730,131,2806,78.94736842105263,direct_match,MATCHED,direct_match,Pyramid Health Supplies,A730
A64792,el El Shifa PH. 2nd,766,117,2806,90.9090909090909,direct_match,MATCHED,direct_match,Basil Corner Providers,B766
A64793,el el shifa ph. 2nd,766,117,2806,90.9090909090909,direct_match,MATCHED,direct_match,Basil Corner Providers,B766
A64794,Phel shifa ph. 2nd br.2,767,124,2806,81.25,direct_match,MATCHED,direct_match,Khufu Line Agencies,A767
A64795,El-El Shifa PH. 2nd-A,773,137,2806,85.71428571428572,direct_match,MATCHED,direct_match,Desert Bloom Suppliers,B773
A64796,El ShifaP H. 2nd,781,130,2806,93.33333333333333,direct_match,MATCHED,direct_match,Alex Marine Providers,B781
A64797,PY/EL SHIFAPH. 2ND,781,130,2806,82.75862068965517,direct_match,MATCHED,direct_match,Alex Marine Providers,B781
A64798,PY/HOPE PH. Main Road,719,120,2807,100.0,exact_registry_name,MATCHED,exact_registry_name,Lotus Medcare Distribution,A719
A64799,PH Hope PH. Branch 2,719,120,2807,82.35294117647058,direct_match,MATCHED,direct_match,Lotus Medcare Distribution,A719
A64800,HOPE PH.-A,722,115,2807,87.5,direct_match,MATCHED,direct_match,Saraya Pharmaceutical Supply,B722
A64804,EL HOPE PH. br.2454,772,129,2807,82.35294117647058,direct_match,MATCHED,direct_match,Desert Bloom Suppliers,A772
A64805,PH Better ife PH. Haram 2nd,700,110,2808,92.0,direct_match,MATCHED,direct_match,Al-Nour Pharmaceutical Distribution,A700
A64806,EL Better Life PH. Haram 2nd,720,127,2808,94.11764705882352,direct_match,MATCHED,direct_match,Lotus Medcare Distribution,B720
A64807,Better Life PH. Haram 2nd (2),760,109,2808,96.0,direct_match,MATCHED,direct_match,Two Rivers Distribution,C760
A64808,Better Life PH. Haram 2nd-A,760,109,2808,96.0,direct_match,MATCHED,direct_match,Two Rivers Distribution,C760
A64809,El-Better Life PH. Hraam 2nd Station St.,767,125,2808,90.19607843137256,direct_match,MATCHED,direct_match,Khufu Line Agencies,A767
A64810,BETTER LIFE PH. HARAM 2ND Main Road386,777,121,2808,78.68852459016394,direct_match,MATCHED,direct_match,Seven Palms Distribution,B777
A64811,PH BETTER LIFE PH. HARAM 2ND-A,779,106,2808,90.56603773584906,direct_match,MATCHED,direct_match,Iron Gate Wholesale,A779
A64812,better life ph. haram 2nd-A,779,106,2808,96.0,direct_match,MATCHED,direct_match,Iron Gate Wholesale,A779
A64814,star care ph. square 2nd 6th Zone,722,116,2809,100.0,exact_registry_name,MATCHED,exact_registry_name,Saraya Pharmaceutical Supply,B722
A64815,star care ph. square 2nd Mall,722,116,2809,100.0,exact_registry_name,MATCHED,exact_registry_name,Saraya Pharmaceutical Supply,B722
A64816,PY/STAR CARE PH. SQUARE 2ND br.2,723,117,2809,100.0,exact_registry_name,MATCHED,exact_registry_name,Ramses Wholesale Partners,A723
A64817,E-Star Care PH. Square 2nd,723,117,2809,95.83333333333334,direct_match,MATCHED,direct_match,Ramses Wholesale Partners,A723
A64818,Star Care PH. Square 2nd Station St.,738,128,2809,100.0,exact_registry_name,MATCHED,exact_registry_name,Sinai Bridge Trading,B738
A64819,Star Care PH. Square 2nd-A,743,121,2809,95.83333333333334,direct_match,MATCHED,direct_match,Horus Elite Logistics,A743
A64820,el Star Care PH. Square 2nd-A,743,121,2809,90.19607843137256,direct_match,MATCHED,direct_match,Horus Elite Logistics,A743
A64821,PY/Star Care PH. Square 2nd Main Road,752,122,2809,100.0,exact_registry_name,MATCHED,exact_registry_name,Falcon Wholesale Co.,B752
A64822,PY/Star Care PH. Square 2nd Main Road,770,130,2809,100.0,exact_registry_name,MATCHED,exact_registry_name,Marina Bay Trade,A770
A64828,El Shifa PH. Mohandessin,737,115,2811,100.0,exact_registry_name,MATCHED,exact_registry_name,Sinai Bridge Trading,A737
A64829,El Shifa PH. Mohandessin 04,761,102,2811,93.87755102040816,direct_match,MATCHED,direct_match,Supreme Shelf Logistics,A761
A64830,Ph/El Shifa PH. Mohandessin 011,761,102,2811,92.0,direct_match,MATCHED,direct_match,Supreme Shelf Logistics,A761
A64831,PH el shifa ph. mohandessin-A798,767,126,2811,85.18518518518519,direct_match,MATCHED,direct_match,Khufu Line Agencies,A767
A64832,Ph/el shifa ph. mohandessin 04,767,126,2811,93.87755102040816,direct_match,MATCHED,direct_match,Khufu Line Agencies,A767
A64833,El-El Shifa PH. Mohandessin 6th Zone,774,111,2811,93.87755102040816,direct_match,MATCHED,direct_match,Desert Bloom Suppliers,C774
A64834,Ph/El Shifa PH. Mohandessin 6th Zone,774,111,2811,100.0,exact_registry_name,MATCHED,exact_registry_name,Desert Bloom Suppliers,C774
A64835,El-Dr Medhat PH. Faisal 2nd (2),718,109,2812,90.19607843137256,direct_match,MATCHED,direct_match,Cairo Grand Supplies,B718
A64836,el Dr Medhat PH. Faisal 2nd 011,718,109,2812,86.79245283018868,direct_match,MATCHED,direct_match,Cairo Grand Supplies,B718
A64837,EL DR MEDHAT PH. FAISAL 2ND,743,122,2812,93.87755102040816,direct_match,MATCHED,direct_match,Horus Elite Logistics,A743
A64838,Dr Medhat PH. Faisal 2nd Mall195,746,127,2812,85.18518518518519,direct_match,MATCHED,direct_match,Southern Cross Pharma,B746
A64839,El-DR MEDHAT PH. FAISAL 2ND 04,746,127,2812,88.46153846153845,direct_match,MATCHED,direct_match,Southern Cross Pharma,B746
A64840,PY/dr medhat ph. faisal 2nd Mall,749,115,2812,100.0,exact_registry_name,MATCHED,exact_registry_name,Karnak Medical Trading,B749
A64841,dr medhat ph. faisal 2nd,754,112,2812,100.0,exact_registry_name,MATCHED,exact_registry_name,October Central Supply,A754
A64842,el dr medhat ph. faisal 2nd Branch 2,758,116,2812,93.87755102040816,direct_match,MATCHED,direct_match,Two Rivers Distribution,A758
A64843,dr medhat ph. faisal 2nd 6th Zone,760,110,2812,100.0,exact_registry_name,MATCHED,exact_registry_name,Two Rivers Distribution,C760
A64844,PY/ELITE PH.,704,123,2813,100.0,exact_registry_name,MATCHED,exact_registry_name,Blue Crescent Medical Supply Co.,B704
A64845,EL ELITE PH.,719,121,2813,84.21052631578947,direct_match,MATCHED,direct_match,Lotus Medcare Distribution,A719
A64846,el ELITE PH. Branch 2,719,121,2813,84.21052631578947,direct_match,MATCHED,direct_match,Lotus Medcare Distribution,A719
A64848,PY/Elite PH.,766,118,2813,100.0,exact_registry_name,MATCHED,exact_registry_name,Basil Corner Providers,B766
A64849,El-elite ph.,769,105,2813,84.21052631578947,direct_match,MATCHED,direct_match,Ocean Front Distributors,B769
A64850,EL care 24 seven maadi 2nd 04,703,121,2814,88.46153846153845,direct_match,MATCHED,direct_match,Blue Crescent Medical Supply Co.,A703
A64851,PH Care 24 Seven Maadi 2nd br.2,703,121,2814,93.87755102040816,direct_match,MATCHED,direct_match,Blue Crescent Medical Supply Co.,A703
A64852,Care 24 Seven Maadi 2nd,722,117,2814,100.0,exact_registry_name,MATCHED,exact_registry_name,Saraya Pharmaceutical Supply,B722
A64853,PY/care 24 seven maadi 2nd 6th Znoe,726,148,2814,83.63636363636364,direct_match,MATCHED,direct_match,White Nile Agencies,B726
A64854,El-Care 24 Seven Maadi 2nd br.2,726,148,2814,93.87755102040816,direct_match,MATCHED,direct_match,White Nile Agencies,B726
A64856,care 24 seven maadi 2nd Mall,752,123,2814,100.0,exact_registry_name,MATCHED,exact_registry_name,Falcon Wholesale Co.,B752
A64857,Care 24 Seven Maadi 2nd,762,125,2814,100.0,exact_registry_name,MATCHED,exact_registry_name,Supreme Shelf Logistics,B762
A64859,EL care 24 seven maadi 2nd Branch 1,764,101,2814,93.87755102040816,direct_match,MATCHED,direct_match,Saqqara Trade House,B764
A64860,Care 24 Seven Maadi 2nd Branch 1,764,101,2814,100.0,exact_registry_name,MATCHED,exact_registry_name,Saqqara Trade House,B764
A64861,PH care 24 seven maadi 2nd04526,765,114,2814,85.18518518518519,direct_match,MATCHED,direct_match,Basil Corner Providers,A765
A64862,El-CARE 24 SEVEN MAADI 2ND 04,765,114,2814,88.46153846153845,direct_match,MATCHED,direct_match,Basil Corner Providers,A765
A64863,El-Care 24 Seven Maadi 2nd (2),768,131,2814,90.19607843137256,direct_match,MATCHED,direct_match,Ocean Front Distributors,A768
A64864,PY/El Tourath PH. 2nd645,705,119,2815,91.89189189189189,direct_match,MATCHED,direct_match,Blue Crescent Medical Supply Co.,C705
A64865,Ph/El Tourath PH. 2nd Main Road,705,119,2815,100.0,exact_registry_name,MATCHED,exact_registry_name,Blue Crescent Medical Supply Co.,C705
A64866,El Tourath PH. 2nd Main Road,720,128,2815,100.0,exact_registry_name,MATCHED,exact_registry_name,Lotus Medcare Distribution,B720
A64867,el EL TOURATH PH. 2ND Main Road,723,118,2815,91.89189189189189,direct_match,MATCHED,direct_match,Ramses Wholesale Partners,A723
A64868,EL TOUARTH PH. 2ND 011,723,118,2815,84.21052631578947,direct_match,MATCHED,direct_match,Ramses Wholesale Partners,A723
A64869,el el tourath ph. 2nd-A,762,126,2815,87.17948717948718,direct_match,MATCHED,direct_match,Supreme Shelf Logistics,B762
A64870,Ph/El Tourath PH. 2nd Main Road,762,126,2815,100.0,exact_registry_name,MATCHED,exact_registry_name,Supreme Shelf Logistics,B762
A64871,ELITE PH. NASR 2ND br.2,701,118,2816,100.0,exact_registry_name,MATCHED,exact_registry_name,Al-Nour Pharmaceutical Distribution,B701
A64872,El-elte ph. nasr 2nd Branch 2,706,138,2816,88.88888888888889,direct_match,MATCHED,direct_match,Nile Med Wholesale,A706
A64873,Ph/elite ph. nasr 2nd 011743,706,138,2816,82.92682926829268,direct_match,MATCHED,direct_match,Nile Med Wholesale,A706
A64874,Elite PH. Nasr 2nd (2),727,137,2816,94.44444444444444,direct_match,MATCHED,direct_match,White Nile Agencies,C727
A64875,EL Elite PH. Nasr 2nd,727,137,2816,91.89189189189189,direct_match,MATCHED,direct_match,White Nile Agencies,C727
A64876,ELITE PH. NASR 2ND Station St.,749,116,2816,100.0,exact_registry_name,MATCHED,exact_registry_name,Karnak Medical Trading,B749
A64878,el elite ph. nasr 2nd-A,775,117,2816,87.17948717948718,direct_match,MATCHED,direct_match,Corner Stone Medical,A775
A64879,El-Elite PH. Nasr 2nd 04,775,117,2816,85.0,direct_match,MATCHED,direct_match,Corner Stone Medical,A775
A64880,el elite ph. nasr 2nd,780,122,2816,91.89189189189189,direct_match,MATCHED,direct_match,Alex Marine Providers,A780
A64881,Elite PH. Nasr 2nd-A,780,122,2816,94.44444444444444,direct_match,MATCHED,direct_match,Alex Marine Providers,A780
A64882,Dr Medhat PH. Nasr 2nd (2),765,115,2817,95.45454545454545,direct_match,MATCHED,direct_match,Basil Corner Providers,A765
A64883,El-dr medhat ph. nasr 2nd Main Road,780,123,2817,93.33333333333333,direct_match,MATCHED,direct_match,Alex Marine Providers,A780
A64884,DR MEDHAT PH. NASR 2ND Main Road,781,131,2817,100.0,exact_registry_name,MATCHED,exact_registry_name,Alex Marine Providers,B781
A64886,PY/hope ph. mohandessin Mall,737,116,2818,100.0,exact_registry_name,MATCHED,exact_registry_name,Sinai Bridge Trading,A737
A64887,PH Hope PH. Mohandessin 6th Zone,737,116,2818,92.6829268292683,direct_match,MATCHED,direct_match,Sinai Bridge Trading,A737
A64888,EL HOPE PH. MOHANDESSIN br.2,739,112,2818,92.6829268292683,direct_match,MATCHED,direct_match,Sinai Bridge Trading,C739
A64889,hope ph. mohandessin 04,739,112,2818,92.6829268292683,direct_match,MATCHED,direct_match,Sinai Bridge Trading,C739
A64890,hope ph. mohandessin 6thh Zone,750,120,2818,79.16666666666666,direct_match,MATCHED,direct_match,Pearl Route Agencies,A750
A64891,Hope PH. Mohandessin 0483,750,120,2818,88.37209302325581,direct_match,MATCHED,direct_match,Pearl Route Agencies,A750
A64892,el HOPE PH. MOHANDESSIN793,756,132,2818,86.36363636363636,direct_match,MATCHED,direct_match,Al Wadi Medical Providers,A756
A64893,el Hope PH. Mohandessin 04,771,127,2818,86.36363636363636,direct_match,MATCHED,direct_match,Marina Bay Trade,B771
A64894,HOPE PH. MOHANDESSIN Branch 1,771,127,2818,100.0,exact_registry_name,MATCHED,exact_registry_name,Marina Bay Trade,B771
A64895,Ph/hope ph. mohandessin Main Road,780,124,2818,100.0,exact_registry_name,MATCHED,exact_registry_name,Alex Marine Providers,A780
A64896,MIRA PH. 2ND Mall,703,122,2819,100.0,exact_registry_name,MATCHED,exact_registry_name,Blue Crescent Medical Supply Co.,A703
A64897,Ph/MIRA PPH. 2ND Station St.,703,122,2819,95.65217391304348,direct_match,MATCHED,direct_match,Blue Crescent Medical Supply Co.,A703
A64898,EL mira ph. 2nd,704,124,2819,88.0,direct_match,MATCHED,direct_match,Blue Crescent Medical Supply Co.,B704
A64899,EL Mira PH. 2nd br.2,704,124,2819,88.0,direct_match,MATCHED,direct_match,Blue Crescent Medical Supply Co.,B704
A64900,EL MIRA PH. 2ND 6th Zone,728,128,2819,88.0,direct_match,MATCHED,direct_match,Delta Star Medical Trade,A728
A64902,el MIRA PH. 2ND,729,123,2819,88.0,direct_match,MATCHED,direct_match,Delta Star Medical Trade,B729
A64903,el Mira PHH. 2nd21,739,113,2819,78.57142857142857,direct_match,MATCHED,direct_match,Sinai Bridge Trading,C739
A64904,PY/Mira PH. 2nd 011,741,118,2819,84.61538461538461,direct_match,MATCHED,direct_match,Green Delta Enterprises,B741
A64906,PY/Mira PH. 2nd,756,133,2819,100.0,exact_registry_name,MATCHED,exact_registry_name,Al Wadi Medical Providers,A756
A64907,Mira PH. 2nd Branch 1,773,138,2819,100.0,exact_registry_name,MATCHED,exact_registry_name,Desert Bloom Suppliers,B773
A64908,el Angel PH. Mohandessin 011271,707,105,2820,80.0,direct_match,MATCHED,direct_match,Tiba Distribution Group,A707
A64909,EL ANGEL PH. MOHANDESSIN Branch 2,755,123,2820,93.02325581395348,direct_match,MATCHED,direct_match,October Central Supply,B755
A64910,PH Angel PH. Mohandessin Branch 1,773,139,2820,93.02325581395348,direct_match,MATCHED,direct_match,Desert Bloom Suppliers,B773
A64911,Angel PH. Mohandessin Mall514,773,139,2820,83.33333333333334,direct_match,MATCHED,direct_match,Desert Bloom Suppliers,B773
A64921,PH al nozha ph. smouha 04,703,123,2822,85.71428571428572,direct_match,MATCHED,direct_match,Blue Crescent Medical Supply Co.,A703
A64922,Al Nozha PH. Smouha 011,711,115,2822,90.0,direct_match,MATCHED,direct_match,El-Masria Trading Co.,A711
A64923,EL AL NOZHA PH.SMOUHA br.2,711,115,2822,92.3076923076923,direct_match,MATCHED,direct_match,El-Masria Trading Co.,A711
A64925,el Al Nozha PH. Smouha Branch 2,722,118,2822,92.3076923076923,direct_match,MATCHED,direct_match,Saraya Pharmaceutical Supply,B722
A64926,AL NOZHA PH. SMOUHA Branch 1,722,118,2822,100.0,exact_registry_name,MATCHED,exact_registry_name,Saraya Pharmaceutical Supply,B722
A64927,Ph/AL NOZHA PH. SMOUHA,746,128,2822,100.0,exact_registry_name,MATCHED,exact_registry_name,Southern Cross Pharma,B746
A64928,Ph/Al Nozha PH. Smouha,779,107,2822,100.0,exact_registry_name,MATCHED,exact_registry_name,Iron Gate Wholesale,A779
A64930,AL NOZHA PH. SMOUHA 04,781,132,2822,92.3076923076923,direct_match,MATCHED,direct_match,Alex Marine Providers,B781
A64931,EL Blue Wave PH. Dokki 2nd,756,134,2823,93.61702127659575,direct_match,MATCHED,direct_match,Al Wadi Medical Providers,A756
A64932,PY/Blue Wave PH. Dokki 2nd 6th Zone433,764,102,2823,78.57142857142857,direct_match,MATCHED,direct_match,Saqqara Trade House,B764
A64933,BLUE WAVE PH. DOKKI 2ND-A,764,102,2823,95.65217391304348,direct_match,MATCHED,direct_match,Saqqara Trade House,B764
A64934,Blue Wavee PH. Dokki 2nd Branch 1,769,106,2823,97.77777777777777,direct_match,MATCHED,direct_match,Ocean Front Distributors,B769
A64935,el Blue Wave PH. Dokki 2nd Branch 1,769,106,2823,93.61702127659575,direct_match,MATCHED,direct_match,Ocean Front Distributors,B769
A64936,el Misr PH. Nasr br.2,714,130,2824,88.88888888888889,direct_match,MATCHED,direct_match,Delta Union Agencies,A714
A64937,el misr ph. nasr,714,130,2824,88.88888888888889,direct_match,MATCHED,direct_match,Delta Union Agencies,A714
A64938,PH MISR PH. NASR,725,113,2824,88.88888888888889,direct_match,MATCHED,direct_match,White Nile Agencies,A725
A64939,EL Misr PH. Nasr Branch 2,725,113,2824,88.88888888888889,direct_match,MATCHED,direct_match,White Nile Agencies,A725
A64940,Ph/misr ph. nasr Branch 1,729,124,2824,100.0,exact_registry_name,MATCHED,exact_registry_name,Delta Star Medical Trade,B729
A64941,el MISR PH. NASR-A,729,124,2824,82.75862068965517,direct_match,MATCHED,direct_match,Delta Star Medical Trade,B729
A64943,Ph/Misr PH. Nasr Branch 1,737,117,2824,100.0,exact_registry_name,MATCHED,exact_registry_name,Sinai Bridge Trading,A737
A64944,El-Misr PH.. Nasr,750,121,2824,88.88888888888889,direct_match,MATCHED,direct_match,Pearl Route Agencies,A750
A64946,El-Misr PH. Nasr Main Road,774,112,2824,88.88888888888889,direct_match,MATCHED,direct_match,Desert Bloom Suppliers,C774
A64947,el Star Care PH. Mohandessin,703,124,2825,94.11764705882352,direct_match,MATCHED,direct_match,Blue Crescent Medical Supply Co.,A703
A64948,star care ph. mohandessin516,703,124,2825,94.11764705882352,direct_match,MATCHED,direct_match,Blue Crescent Medical Supply Co.,A703
A64949,Star Care PH. Mohandessin Branch 1,731,111,2825,100.0,exact_registry_name,MATCHED,exact_registry_name,Pyramid Health Supplies,B731
A64950,Star Care PH. Mohandessin Mall239,731,111,2825,85.71428571428572,direct_match,MATCHED,direct_match,Pyramid Health Supplies,B731
A64951,star care ph. mohandessin 011,734,117,2825,92.3076923076923,direct_match,MATCHED,direct_match,Modern Chain Distributors,B734
A64952,star care ph. mohandessin Main Road,766,119,2825,100.0,exact_registry_name,MATCHED,exact_registry_name,Basil Corner Providers,B766
A64953,Star Care PH. Mohandessin,768,132,2825,100.0,exact_registry_name,MATCHED,exact_registry_name,Ocean Front Distributors,A768
