visit_id,rep_id,pharmacy_id,visit_date,arrived_at,departed_at,cancelled_flag,stop_index
1,1,1054,01/07/2025,09:26,09:51,0,1
2,1,1175,01/07/2025,09:57,10:29,0,2
3,1,1434,01/07/2025,10:33,10:51,0,3
4,1,1087,01/07/2025,10:58,11:05,0,4
5,1,1431,01/07/2025,11:18,11:25,0,5
6,1,1387,01/07/2025,11:31,11:51,0,6
7,1,1220,01/07/2025,11:58,12:08,0,7
8,1,1138,02/07/2025,09:05,09:22,0,1
9,1,1145,02/07/2025,09:31,10:02,0,2
10,1,1293,02/07/2025,10:09,10:19,0,3
11,1,1160,02/07/2025,10:25,,0,4
12,1,1379,02/07/2025,10:47,,0,5
13,1,1111,02/07/2025,11:17,11:32,0,6
14,1,1085,03/07/2025,09:35,09:42,0,1
15,1,1380,03/07/2025,09:51,09:59,0,2
16,1,1361,03/07/2025,10:06,10:29,0,3
17,1,1267,03/07/2025,10:35,10:44,0,4
18,1,1028,03/07/2025,10:51,11:08,0,5
19,1,1139,03/07/2025,11:13,11:22,0,6
20,1,1174,03/07/2025,11:26,11:50,0,7
21,1,1194,03/07/2025,11:57,12:14,0,8
22,1,1025,03/07/2025,12:19,12:28,0,9
23,1,1037,05/07/2025,09:25,09:44,0,1
24,1,1137,05/07/2025,09:48,10:17,0,2
25,1,1074,05/07/2025,10:23,10:48,0,3
26,1,1157,05/07/2025,10:52,11:02,0,4
27,1,1196,05/07/2025,11:09,11:25,0,5
28,1,1250,05/07/2025,11:31,11:54,0,6
29,1,1173,05/07/2025,12:01,12:25,0,7
30,1,1010,05/07/2025,12:32,12:52,0,8
31,1,1426,05/07/2025,12:57,13:11,0,9
32,1,1312,06/07/2025,09:20,09:38,0,1
33,1,1432,06/07/2025,09:48,10:01,0,2
34,1,1034,06/07/2025,10:13,10:26,0,3
35,1,1258,06/07/2025,10:32,10:59,0,4
36,1,1150,06/07/2025,11:04,11:17,0,5
37,1,1206,06/07/2025,11:23,11:39,0,6
38,1,1280,06/07/2025,11:52,12:19,0,7
39,1,1179,06/07/2025,12:24,12:42,0,8
40,1,1262,07/07/2025,09:21,09:39,0,1
41,1,1421,07/07/2025,09:43,09:50,0,2
42,1,1173,07/07/2025,09:56,10:08,0,3
43,1,2803,07/07/2025,10:14,10:26,0,4
44,1,1378,07/07/2025,10:34,10:42,0,5
45,1,1213,07/07/2025,10:46,10:54,0,6
46,1,1215,07/07/2025,11:01,11:19,0,7
47,1,1026,07/07/2025,11:26,11:44,0,8
48,1,1023,07/07/2025,11:48,11:55,0,9
49,1,1216,07/07/2025,12:04,12:18,0,10
50,1,1038,07/07/2025,12:24,12:34,0,11
51,1,1407,08/07/2025,09:36,09:54,0,1
52,1,1417,08/07/2025,10:02,10:21,0,2
53,1,1038,08/07/2025,10:28,10:52,0,3
54,1,1134,08/07/2025,10:59,11:20,0,4
55,1,1222,08/07/2025,11:25,11:32,0,5
56,1,1181,08/07/2025,11:37,12:03,0,6
57,1,1324,08/07/2025,12:08,12:17,0,7
58,1,1040,08/07/2025,12:23,12:35,0,8
59,1,1284,08/07/2025,12:41,12:56,0,9
60,1,1359,08/07/2025,13:03,13:15,0,10
61,1,1016,09/07/2025,09:14,09:27,0,1
62,1,1330,09/07/2025,09:31,09:47,0,2
63,1,1206,09/07/2025,09:53,10:05,0,3
64,1,1084,09/07/2025,10:13,10:27,0,4
65,1,1425,09/07/2025,10:31,10:46,0,5
66,1,1201,09/07/2025,10:52,11:21,0,6
67,1,1239,09/07/2025,11:30,11:44,0,7
68,1,1018,10/07/2025,09:28,09:54,0,1
69,1,1004,10/07/2025,10:00,10:16,0,2
70,1,1336,10/07/2025,10:26,10:44,0,3
71,1,1236,10/07/2025,10:49,10:59,0,4
72,1,1418,10/07/2025,11:03,,1,5
73,1,1315,10/07/2025,11:26,11:34,0,6
74,1,1058,10/07/2025,11:38,11:54,0,7
75,1,1409,10/07/2025,11:58,12:18,0,8
76,1,1300,10/07/2025,12:28,12:35,0,9
77,1,1084,10/07/2025,12:39,12:48,0,10
78,1,1135,10/07/2025,13:00,13:23,0,11
79,1,1040,12/07/2025,09:13,09:20,0,1
80,1,1009,12/07/2025,09:25,09:51,0,2
81,1,1182,12/07/2025,10:00,10:21,0,3
82,1,1038,12/07/2025,10:27,11:02,0,4
83,1,1205,12/07/2025,11:12,11:19,0,5
84,1,1359,12/07/2025,11:24,11:39,0,6
85,1,1021,12/07/2025,11:48,12:10,0,7
86,1,1182,12/07/2025,12:14,12:21,0,8
87,1,1143,12/07/2025,12:32,12:47,0,9
88,1,1127,12/07/2025,12:57,13:06,0,10
89,1,1025,12/07/2025,13:10,13:23,0,11
90,1,1119,13/07/2025,09:14,09:24,0,1
91,1,1429,13/07/2025,09:30,09:37,0,2
92,1,1146,13/07/2025,09:41,,0,3
93,1,1247,13/07/2025,10:03,10:16,0,4
94,1,1057,13/07/2025,10:21,10:33,0,5
95,1,1367,13/07/2025,10:41,11:07,0,6
96,1,1315,14/07/2025,09:12,09:23,0,1
97,1,1390,14/07/2025,09:27,09:39,0,2
98,1,1101,14/07/2025,09:43,09:55,0,3
99,1,1277,14/07/2025,10:06,10:29,0,4
100,1,1388,14/07/2025,10:39,10:55,0,5
101,1,1164,14/07/2025,11:03,11:16,0,6
102,1,1152,14/07/2025,11:23,11:49,0,7
103,1,1367,14/07/2025,11:55,12:09,0,8
104,1,1403,15/07/2025,09:09,09:25,0,1
105,1,1276,15/07/2025,09:34,09:50,0,2
106,1,1196,15/07/2025,09:54,10:01,0,3
107,1,1342,15/07/2025,10:10,10:31,0,4
108,1,1239,15/07/2025,10:37,11:03,0,5
109,1,1110,15/07/2025,11:11,11:24,0,6
110,1,1050,16/07/2025,09:10,09:28,0,1
111,1,1363,16/07/2025,09:39,10:00,0,2
112,1,1317,16/07/2025,10:08,10:16,0,3
113,1,1383,16/07/2025,10:26,10:42,0,4
114,1,1434,16/07/2025,10:52,11:00,0,5
115,1,1055,16/07/2025,11:09,11:23,0,6
116,1,1143,16/07/2025,11:34,11:52,0,7
117,1,1278,16/07/2025,11:59,12:18,0,8
118,1,1107,16/07/2025,12:26,13:04,0,9
119,1,1407,17/07/2025,09:24,09:42,0,1
120,1,1352,17/07/2025,09:49,10:00,0,2
121,1,1281,17/07/2025,10:06,10:15,0,3
122,1,1121,17/07/2025,10:22,,1,4
123,1,1037,17/07/2025,10:37,,0,5
124,1,1239,17/07/2025,10:48,,0,6
125,1,1060,17/07/2025,11:15,11:42,0,7
126,1,1150,17/07/2025,11:46,12:08,0,8
127,1,1286,17/07/2025,12:19,12:30,0,9
128,1,1420,19/07/2025,09:28,09:45,0,1
129,1,1061,19/07/2025,09:51,10:17,0,2
130,1,1225,19/07/2025,10:24,10:31,0,3
131,1,1091,19/07/2025,10:42,11:09,0,4
132,1,1090,19/07/2025,11:20,11:27,0,5
133,1,1405,19/07/2025,11:36,11:45,0,6
134,1,1349,19/07/2025,11:50,12:06,0,7
135,1,1379,19/07/2025,12:16,12:41,0,8
136,1,1226,20/07/2025,09:19,09:39,0,1
137,1,1157,20/07/2025,09:43,10:10,0,2
138,1,1158,20/07/2025,10:20,,0,3
139,1,1036,20/07/2025,10:38,10:58,0,4
140,1,1101,20/07/2025,11:03,,0,5
141,1,1146,20/07/2025,11:34,11:47,0,6
142,1,1286,20/07/2025,11:55,12:11,0,7
143,1,1257,20/07/2025,12:15,12:22,0,8
144,1,1109,21/07/2025,09:19,09:37,0,1
145,1,1006,21/07/2025,09:46,10:04,0,2
146,1,1055,21/07/2025,10:11,10:27,0,3
147,1,1282,21/07/2025,10:34,10:51,0,4
148,1,1285,21/07/2025,10:56,11:06,0,5
149,1,1135,21/07/2025,11:10,11:23,0,6
150,1,1287,22/07/2025,09:13,09:31,0,1
151,1,1426,22/07/2025,09:36,09:50,0,2
152,1,1341,22/07/2025,10:00,10:19,0,3
153,1,1382,22/07/2025,10:25,10:39,0,4
154,1,1376,22/07/2025,10:44,11:06,0,5
155,1,1214,22/07/2025,11:12,11:36,0,6
156,1,1032,22/07/2025,11:50,12:02,0,7
157,1,1061,22/07/2025,12:08,12:23,0,8
158,1,1012,22/07/2025,12:36,12:43,0,9
159,1,1239,22/07/2025,12:47,,0,10
160,1,1330,23/07/2025,09:16,09:29,0,1
161,1,1285,23/07/2025,09:40,10:08,0,2
162,1,1268,23/07/2025,10:14,,1,3
163,1,1438,23/07/2025,10:41,10:58,0,4
164,1,1154,23/07/2025,11:02,11:15,0,5
165,1,2803,23/07/2025,11:19,11:36,0,6
166,1,1337,24/07/2025,09:21,09:45,0,1
167,1,1318,24/07/2025,09:50,10:22,0,2
168,1,1414,24/07/2025,10:32,10:41,0,3
169,1,1389,24/07/2025,10:50,11:18,0,4
170,1,1378,24/07/2025,11:29,11:55,0,5
171,1,1210,24/07/2025,12:01,12:13,0,6
172,1,1100,24/07/2025,12:17,12:35,0,7
173,1,1094,26/07/2025,09:20,09:43,0,1
174,1,1273,26/07/2025,09:47,10:08,0,2
175,1,1421,26/07/2025,10:12,10:19,0,3
176,1,1179,26/07/2025,10:23,10:44,0,4
177,1,1232,26/07/2025,10:55,11:05,0,5
178,1,1037,26/07/2025,11:12,11:28,0,6
179,1,1061,26/07/2025,11:37,11:46,0,7
180,1,1274,26/07/2025,11:50,12:05,0,8
181,1,1373,27/07/2025,09:22,09:48,0,1
182,1,1339,27/07/2025,10:00,10:13,0,2
183,1,1138,27/07/2025,10:19,10:26,0,3
184,1,1368,27/07/2025,10:40,11:00,0,4
185,1,1002,27/07/2025,11:12,11:25,0,5
186,1,1127,27/07/2025,11:36,12:01,0,6
187,1,1415,27/07/2025,12:05,12:19,0,7
188,1,1183,27/07/2025,12:23,12:46,0,8
189,1,1415,27/07/2025,12:54,13:13,0,9
190,1,1139,27/07/2025,13:21,13:41,0,10
191,1,1034,28/07/2025,09:15,09:22,0,1
192,1,1257,28/07/2025,09:28,09:37,0,2
193,1,1016,28/07/2025,09:47,10:07,0,3
194,1,1026,28/07/2025,10:13,10:37,0,4
195,1,1238,28/07/2025,10:43,11:02,0,5
196,1,1354,28/07/2025,11:06,11:21,0,6
197,1,1263,28/07/2025,11:25,11:32,0,7
198,1,1118,28/07/2025,11:44,12:02,0,8
199,1,1224,29/07/2025,09:31,09:48,0,1
200,1,1284,29/07/2025,09:57,10:16,0,2
201,1,1248,29/07/2025,10:21,10:34,0,3
202,1,1263,29/07/2025,10:39,10:46,0,4
203,1,1322,29/07/2025,10:50,10:57,0,5
204,1,1181,29/07/2025,11:03,11:13,0,6
205,1,1064,29/07/2025,11:22,11:41,0,7
206,1,1051,29/07/2025,11:47,12:12,0,8
207,1,1239,29/07/2025,12:18,12:40,0,9
208,1,1272,29/07/2025,12:50,13:10,0,10
209,1,1236,30/07/2025,09:35,09:42,0,1
210,1,1187,30/07/2025,09:48,10:02,0,2
211,1,1318,30/07/2025,10:11,10:37,0,3
212,1,1395,30/07/2025,10:42,11:08,0,4
213,1,1210,30/07/2025,11:12,11:22,0,5
214,1,1120,30/07/2025,11:28,11:43,0,6
215,1,1279,30/07/2025,11:47,11:54,0,7
216,1,1161,30/07/2025,11:59,12:15,0,8
217,1,1285,30/07/2025,12:20,12:37,0,9
218,1,1141,30/07/2025,12:42,12:52,0,10
219,1,1294,30/07/2025,12:57,13:04,0,11
220,1,1068,31/07/2025,09:22,09:32,0,1
221,1,1055,31/07/2025,09:45,10:05,0,2
222,1,1046,31/07/2025,10:09,10:21,0,3
223,1,1132,31/07/2025,10:28,10:48,0,4
224,1,1017,31/07/2025,11:02,11:26,0,5
225,1,1121,31/07/2025,11:35,11:56,0,6
226,1,1013,31/07/2025,12:02,12:09,0,7
227,1,1302,31/07/2025,12:19,12:31,0,8
228,1,1153,02/08/2025,09:11,09:21,0,1
229,1,1438,02/08/2025,09:29,09:52,0,2
230,1,1190,02/08/2025,10:00,10:17,0,3
231,1,1209,02/08/2025,10:28,10:41,0,4
232,1,1398,02/08/2025,10:46,10:55,0,5
233,1,1336,02/08/2025,11:05,11:28,0,6
234,1,1049,02/08/2025,11:33,11:49,0,7
235,1,1076,02/08/2025,11:55,12:09,0,8
236,1,1247,03/08/2025,09:33,09:40,0,1
237,1,1020,03/08/2025,09:45,09:57,0,2
238,1,1160,03/08/2025,10:03,10:27,0,3
239,1,1148,03/08/2025,10:40,10:53,0,4
240,1,1224,03/08/2025,10:59,11:23,0,5
241,1,2822,03/08/2025,11:27,11:37,0,6
242,1,1394,03/08/2025,11:43,,0,7
243,1,1286,03/08/2025,12:12,12:19,0,8
244,1,1435,03/08/2025,12:23,12:30,0,9
245,1,1058,03/08/2025,12:35,,0,10
246,1,1131,04/08/2025,09:24,09:31,0,1
247,1,1196,04/08/2025,09:39,09:46,0,2
248,1,1320,04/08/2025,09:50,10:05,0,3
249,1,1196,04/08/2025,10:10,10:21,0,4
250,1,1391,04/08/2025,10:25,10:41,0,5
251,1,1269,04/08/2025,10:46,10:59,0,6
252,1,1266,04/08/2025,11:04,11:18,0,7
253,1,1138,04/08/2025,11:28,11:37,0,8
254,1,1387,04/08/2025,11:42,11:49,0,9
255,1,1116,04/08/2025,11:55,12:15,0,10
256,1,1230,05/08/2025,09:18,09:36,0,1
257,1,1085,05/08/2025,09:44,09:53,0,2
258,1,1113,05/08/2025,10:01,10:22,0,3
259,1,1032,05/08/2025,10:26,10:36,0,4
260,1,1242,05/08/2025,10:42,10:58,0,5
261,1,1272,05/08/2025,11:02,11:23,0,6
262,1,1359,05/08/2025,11:27,11:36,0,7
263,1,1061,05/08/2025,11:40,11:57,0,8
264,1,1428,05/08/2025,12:07,12:19,0,9
265,1,1106,05/08/2025,12:29,12:43,0,10
266,1,1081,05/08/2025,12:51,13:06,0,11
267,1,1376,06/08/2025,09:21,09:46,0,1
268,1,1083,06/08/2025,09:52,09:59,0,2
269,1,1344,06/08/2025,10:03,10:27,0,3
270,1,1252,06/08/2025,10:31,,1,4
271,1,1085,06/08/2025,11:02,11:10,0,5
272,1,1214,06/08/2025,11:17,11:37,0,6
273,1,1256,07/08/2025,09:20,09:27,0,1
274,1,1189,07/08/2025,09:35,09:44,0,2
275,1,1438,07/08/2025,09:53,10:18,0,3
276,1,1274,07/08/2025,10:28,10:40,0,4
277,1,1104,07/08/2025,10:47,11:08,0,5
278,1,1297,07/08/2025,11:14,11:32,0,6
279,1,1368,07/08/2025,11:36,11:50,0,7
280,1,1161,07/08/2025,12:01,12:32,0,8
281,1,1256,07/08/2025,12:41,12:50,0,9
282,1,1257,09/08/2025,09:33,09:40,0,1
283,1,1349,09/08/2025,09:49,10:20,0,2
284,1,1123,09/08/2025,10:24,10:36,0,3
285,1,1112,09/08/2025,10:46,10:58,0,4
286,1,1068,09/08/2025,11:05,11:27,0,5
287,1,1317,09/08/2025,11:42,11:54,0,6
288,1,1252,09/08/2025,11:58,12:12,0,7
289,1,1228,09/08/2025,12:17,12:24,0,8
290,1,1001,09/08/2025,12:33,12:49,0,9
291,1,1321,09/08/2025,12:53,13:00,0,10
292,1,1101,09/08/2025,13:08,,0,11
293,1,1002,10/08/2025,09:24,,0,1
294,1,1368,10/08/2025,09:42,10:03,0,2
295,1,1290,10/08/2025,10:07,10:29,0,3
296,1,1077,10/08/2025,10:36,10:49,0,4
297,1,1360,10/08/2025,10:53,11:11,0,5
298,1,1064,10/08/2025,11:16,11:38,0,6
299,1,1023,10/08/2025,11:42,11:49,0,7
300,1,1319,10/08/2025,11:54,12:01,0,8
301,1,1227,11/08/2025,09:05,09:32,0,1
302,1,1180,11/08/2025,09:38,09:59,0,2
303,1,1351,11/08/2025,10:04,10:20,0,3
304,1,1179,11/08/2025,10:25,10:52,0,4
305,1,1225,11/08/2025,10:59,11:15,0,5
306,1,1275,11/08/2025,11:22,11:29,0,6
307,1,1077,11/08/2025,11:37,11:53,0,7
308,1,1053,11/08/2025,12:02,12:16,0,8
309,1,1177,12/08/2025,09:25,,0,1
310,1,1040,12/08/2025,09:41,10:05,0,2
311,1,1104,12/08/2025,10:15,10:30,0,3
312,1,1131,12/08/2025,10:37,10:48,0,4
313,1,1152,12/08/2025,10:57,,0,5
314,1,1185,12/08/2025,11:18,,0,6
315,1,1212,12/08/2025,11:43,11:53,0,7
316,1,1219,13/08/2025,09:25,,0,1
317,1,1104,13/08/2025,09:53,10:00,0,2
318,1,1370,13/08/2025,10:04,,0,3
319,1,1429,13/08/2025,10:33,10:50,0,4
320,1,1311,13/08/2025,10:59,,0,5
321,1,1039,13/08/2025,11:14,11:37,0,6
322,1,1032,13/08/2025,11:43,12:01,0,7
323,1,1090,13/08/2025,12:06,12:19,0,8
324,1,1148,13/08/2025,12:27,12:40,0,9
325,1,1390,13/08/2025,12:49,13:05,0,10
326,1,1336,13/08/2025,13:20,13:53,0,11
327,1,1083,14/08/2025,09:16,09:48,0,1
328,1,1297,14/08/2025,09:53,,0,2
329,1,1089,14/08/2025,10:16,10:39,0,3
330,1,1093,14/08/2025,10:43,10:50,0,4
331,1,1398,14/08/2025,10:58,11:08,0,5
332,1,1161,14/08/2025,11:15,11:31,0,6
333,1,1409,16/08/2025,09:17,09:34,0,1
334,1,1416,16/08/2025,09:41,10:03,0,2
335,1,1094,16/08/2025,10:13,10:38,0,3
336,1,1031,16/08/2025,10:42,10:57,0,4
337,1,1188,16/08/2025,11:01,11:23,0,5
338,1,1309,16/08/2025,11:28,11:50,0,6
339,1,1160,16/08/2025,11:56,12:23,0,7
340,1,2822,16/08/2025,12:28,12:52,0,8
341,1,1013,16/08/2025,13:03,,0,9
342,1,1103,16/08/2025,13:17,13:45,0,10
343,1,2803,16/08/2025,13:55,14:20,0,11
344,1,1185,17/08/2025,09:26,09:44,0,1
345,1,1311,17/08/2025,09:52,10:02,0,2
346,1,1388,17/08/2025,10:09,10:27,0,3
347,1,1236,17/08/2025,10:31,10:41,0,4
348,1,1042,17/08/2025,10:45,11:10,0,5
349,1,1256,17/08/2025,11:20,11:32,0,6
350,1,1000,17/08/2025,11:36,11:45,0,7
351,1,1420,17/08/2025,11:51,12:17,0,8
352,1,1388,17/08/2025,12:29,12:40,0,9
353,1,1275,18/08/2025,09:15,09:35,0,1
354,1,1143,18/08/2025,09:39,09:51,0,2
355,1,1035,18/08/2025,09:55,10:14,0,3
356,1,1370,18/08/2025,10:26,10:53,0,4
357,1,1258,18/08/2025,11:04,11:11,0,5
358,1,1305,18/08/2025,11:18,11:33,0,6
359,1,1197,18/08/2025,11:45,12:00,0,7
360,1,1026,18/08/2025,12:08,12:22,0,8
361,1,1021,18/08/2025,12:29,,0,9
362,1,1195,18/08/2025,12:59,13:09,0,10
363,1,1426,18/08/2025,13:16,13:23,0,11
364,1,1260,19/08/2025,09:19,,0,1
365,1,1327,19/08/2025,09:56,10:12,0,2
366,1,1360,19/08/2025,10:19,,1,3
367,1,1418,19/08/2025,10:52,11:14,0,4
368,1,1098,19/08/2025,11:20,11:34,0,5
369,1,1121,19/08/2025,11:38,11:45,0,6
370,1,1325,20/08/2025,09:19,09:42,0,1
371,1,1209,20/08/2025,09:46,09:55,0,2
372,1,1399,20/08/2025,10:02,10:18,0,3
373,1,1075,20/08/2025,10:22,10:56,0,4
374,1,1243,20/08/2025,11:00,11:21,0,5
375,1,1053,20/08/2025,11:31,11:49,0,6
376,1,1135,21/08/2025,09:24,09:48,0,1
377,1,1256,21/08/2025,09:54,10:10,0,2
378,1,1121,21/08/2025,10:14,10:30,0,3
379,1,1033,21/08/2025,10:42,11:13,0,4
380,1,1151,21/08/2025,11:23,11:35,0,5
381,1,1112,21/08/2025,11:44,12:00,0,6
382,1,1376,21/08/2025,12:08,12:29,0,7
383,1,1394,23/08/2025,09:12,09:29,0,1
384,1,1079,23/08/2025,09:38,10:00,0,2
385,1,1346,23/08/2025,10:07,10:31,0,3
386,1,1111,23/08/2025,10:36,10:57,0,4
387,1,1168,23/08/2025,11:03,11:15,0,5
388,1,1077,23/08/2025,11:19,11:26,0,6
389,1,1437,23/08/2025,11:30,11:38,0,7
390,1,1053,24/08/2025,09:14,09:38,0,1
391,1,1324,24/08/2025,09:42,10:01,0,2
392,1,1358,24/08/2025,10:07,10:22,0,3
393,1,1013,24/08/2025,10:26,10:33,0,4
394,1,1185,24/08/2025,10:40,10:52,0,5
395,1,1220,24/08/2025,10:58,11:13,0,6
396,1,1274,24/08/2025,11:19,11:26,0,7
397,1,1173,24/08/2025,11:30,11:41,0,8
398,1,1006,24/08/2025,11:45,12:08,0,9
399,1,1163,24/08/2025,12:14,12:30,0,10
400,1,1089,24/08/2025,12:38,13:02,0,11
401,1,1319,25/08/2025,09:07,09:23,0,1
402,1,1162,25/08/2025,09:35,09:58,0,2
403,1,1115,25/08/2025,10:10,10:22,0,3
404,1,1325,25/08/2025,10:26,10:43,0,4
405,1,1302,25/08/2025,10:47,11:15,0,5
406,1,1437,25/08/2025,11:23,11:30,0,6
407,1,1378,26/08/2025,09:27,09:34,0,1
408,1,1247,26/08/2025,09:43,09:56,0,2
409,1,1076,26/08/2025,10:02,10:18,0,3
410,1,1224,26/08/2025,10:22,,1,4
411,1,1384,26/08/2025,10:53,11:11,0,5
412,1,1091,26/08/2025,11:15,11:33,0,6
413,1,1168,26/08/2025,11:38,11:54,0,7
414,1,1271,26/08/2025,12:00,12:15,0,8
415,1,1315,27/08/2025,09:33,09:40,0,1
416,1,1134,27/08/2025,09:46,10:04,0,2
417,1,1436,27/08/2025,10:16,10:29,0,3
418,1,1230,27/08/2025,10:36,10:48,0,4
419,1,1124,27/08/2025,10:57,11:11,0,5
420,1,1073,27/08/2025,11:18,,0,6
421,1,1312,28/08/2025,09:11,09:23,0,1
422,1,1078,28/08/2025,09:27,09:35,0,2
423,1,1383,28/08/2025,09:39,09:46,0,3
424,1,1137,28/08/2025,09:50,10:12,0,4
425,1,1168,28/08/2025,10:19,10:41,0,5
426,1,1309,28/08/2025,10:49,11:03,0,6
427,1,1381,28/08/2025,11:08,11:29,0,7
428,1,1079,28/08/2025,11:39,11:56,0,8
429,1,1038,28/08/2025,12:03,12:26,0,9
430,1,1038,30/08/2025,09:10,,0,1
431,1,1009,30/08/2025,09:35,09:50,0,2
432,1,1252,30/08/2025,09:55,10:13,0,3
433,1,1071,30/08/2025,10:25,10:32,0,4
434,1,1046,30/08/2025,10:41,10:59,0,5
435,1,1000,30/08/2025,11:05,11:19,0,6
436,1,1025,31/08/2025,09:32,09:52,0,1
437,1,1417,31/08/2025,09:59,10:32,0,2
438,1,1105,31/08/2025,10:38,11:01,0,3
439,1,1365,31/08/2025,11:05,11:16,0,4
440,1,1202,31/08/2025,11:21,11:40,0,5
441,1,1010,31/08/2025,11:44,11:55,0,6
442,1,1052,31/08/2025,12:01,12:22,0,7
443,1,1220,31/08/2025,12:28,12:35,0,8
444,1,1208,01/09/2025,09:19,09:30,0,1
445,1,1238,01/09/2025,09:35,09:54,0,2
446,1,1388,01/09/2025,10:07,10:32,0,3
447,1,1413,01/09/2025,10:41,10:55,0,4
448,1,1133,01/09/2025,11:00,11:16,0,5
449,1,1031,01/09/2025,11:26,11:43,0,6
450,1,1319,01/09/2025,11:49,12:01,0,7
451,1,1182,02/09/2025,09:12,09:26,0,1
452,1,1418,02/09/2025,09:30,09:51,0,2
453,1,1133,02/09/2025,10:00,10:17,0,3
454,1,1074,02/09/2025,10:23,10:38,0,4
455,1,1225,02/09/2025,10:45,11:06,0,5
456,1,1221,02/09/2025,11:11,11:37,0,6
457,1,1107,02/09/2025,11:45,12:02,0,7
458,1,1188,02/09/2025,12:08,12:17,0,8
459,1,1317,03/09/2025,09:16,09:24,0,1
460,1,1419,03/09/2025,09:32,09:52,0,2
461,1,1048,03/09/2025,09:56,10:20,0,3
462,1,1421,03/09/2025,10:25,10:34,0,4
463,1,1179,03/09/2025,10:43,11:03,0,5
464,1,1120,03/09/2025,11:07,,0,6
465,1,1174,03/09/2025,11:37,12:01,0,7
466,1,1109,03/09/2025,12:08,12:19,0,8
467,1,1352,03/09/2025,12:25,12:32,0,9
468,1,1278,04/09/2025,09:11,09:26,0,1
469,1,1151,04/09/2025,09:31,09:47,0,2
470,1,1001,04/09/2025,09:56,10:21,0,3
471,1,1269,04/09/2025,10:26,10:39,0,4
472,1,1269,04/09/2025,10:47,10:58,0,5
473,1,1083,04/09/2025,11:04,11:15,0,6
474,1,1376,04/09/2025,11:22,11:35,0,7
475,1,1309,06/09/2025,09:23,,0,1
476,1,1382,06/09/2025,09:59,10:13,0,2
477,1,1017,06/09/2025,10:21,10:41,0,3
478,1,1248,06/09/2025,10:45,11:01,0,4
479,1,1051,06/09/2025,11:05,11:13,0,5
480,1,1215,06/09/2025,11:20,11:41,0,6
481,1,1410,06/09/2025,11:49,12:07,0,7
482,1,1363,06/09/2025,12:13,12:34,0,8
483,1,1436,06/09/2025,12:45,12:55,0,9
484,1,1163,06/09/2025,13:02,13:22,0,10
485,1,1362,07/09/2025,09:30,09:43,0,1
486,1,1319,07/09/2025,09:49,09:56,0,2
487,1,1061,07/09/2025,10:00,10:19,0,3
488,1,1232,07/09/2025,10:27,10:51,0,4
489,1,1238,07/09/2025,11:02,11:22,0,5
490,1,1407,07/09/2025,11:26,,0,6
491,1,1211,07/09/2025,11:50,11:57,0,7
492,1,1199,07/09/2025,12:01,12:17,0,8
493,1,1202,07/09/2025,12:23,12:41,0,9
494,1,1370,07/09/2025,12:45,,0,10
495,1,1309,07/09/2025,13:10,13:21,0,11
496,1,1342,08/09/2025,09:12,09:25,0,1
497,1,1373,08/09/2025,09:29,09:36,0,2
498,1,1123,08/09/2025,09:43,09:58,0,3
499,1,1306,08/09/2025,10:07,10:26,0,4
500,1,1160,08/09/2025,10:33,10:46,0,5
501,1,1093,08/09/2025,10:51,11:00,0,6
502,1,1345,08/09/2025,11:09,11:28,0,7
503,1,1264,08/09/2025,11:35,11:56,0,8
504,1,1343,08/09/2025,12:00,12:12,0,9
505,1,1321,08/09/2025,12:16,12:25,0,10
506,1,1319,09/09/2025,09:11,09:25,0,1
507,1,1020,09/09/2025,09:35,10:01,0,2
508,1,1376,09/09/2025,10:11,10:37,0,3
509,1,1022,09/09/2025,10:44,,0,4
510,1,1416,09/09/2025,11:10,11:20,0,5
511,1,1139,09/09/2025,11:25,11:38,0,6
512,1,1288,09/09/2025,11:42,12:14,0,7
513,1,1084,09/09/2025,12:21,12:49,0,8
514,1,1098,10/09/2025,09:31,09:44,0,1
515,1,1013,10/09/2025,09:53,,1,2
516,1,1378,10/09/2025,10:18,10:32,0,3
517,1,1151,10/09/2025,10:39,10:46,0,4
518,1,1130,10/09/2025,10:50,11:09,0,5
519,1,1300,10/09/2025,11:15,11:22,0,6
520,1,1217,10/09/2025,11:27,11:34,0,7
521,1,1269,10/09/2025,11:40,11:55,0,8
522,1,1267,10/09/2025,12:08,12:21,0,9
523,1,1151,11/09/2025,09:34,09:44,0,1
524,1,1386,11/09/2025,09:49,10:03,0,2
525,1,1227,11/09/2025,10:11,10:29,0,3
526,1,1044,11/09/2025,10:33,10:41,0,4
527,1,1250,11/09/2025,10:49,11:08,0,5
528,1,1155,11/09/2025,11:14,11:33,0,6
529,1,1054,11/09/2025,11:40,11:52,0,7
530,1,1010,13/09/2025,09:12,09:19,0,1
531,1,1033,13/09/2025,09:23,09:49,0,2
532,1,1220,13/09/2025,09:53,10:11,0,3
533,1,1415,13/09/2025,10:15,10:42,0,4
534,1,1279,13/09/2025,10:47,10:54,0,5
535,1,1216,13/09/2025,11:04,,1,6
536,1,1092,13/09/2025,11:30,11:53,0,7
537,1,1169,13/09/2025,11:57,12:13,0,8
538,1,1111,13/09/2025,12:26,,0,9
539,1,1130,13/09/2025,12:49,13:12,0,10
540,1,1048,13/09/2025,13:18,13:37,0,11
541,1,1083,14/09/2025,09:28,09:46,0,1
542,1,1235,14/09/2025,09:50,10:07,0,2
543,1,1307,14/09/2025,10:14,10:30,0,3
544,1,1319,14/09/2025,10:34,10:41,0,4
545,1,1365,14/09/2025,10:49,11:07,0,5
546,1,1054,14/09/2025,11:16,11:37,0,6
547,1,1160,14/09/2025,11:46,12:02,0,7
548,1,1092,14/09/2025,12:06,12:27,0,8
549,1,1419,14/09/2025,12:39,12:58,0,9
550,1,1037,14/09/2025,13:02,13:09,0,10
551,1,1025,14/09/2025,13:17,13:29,0,11
552,1,1344,15/09/2025,09:25,09:38,0,1
553,1,1253,15/09/2025,09:44,10:03,0,2
554,1,1143,15/09/2025,10:13,10:35,0,3
555,1,1084,15/09/2025,10:49,11:09,0,4
556,1,1054,15/09/2025,11:13,11:26,0,5
557,1,1439,15/09/2025,11:31,11:44,0,6
558,1,1127,15/09/2025,11:48,12:11,0,7
559,1,1121,15/09/2025,12:15,12:34,0,8
560,1,1020,16/09/2025,09:19,09:31,0,1
561,1,1195,16/09/2025,09:35,09:44,0,2
562,1,1064,16/09/2025,09:52,10:05,0,3
563,1,2800,16/09/2025,10:14,10:24,0,4
564,1,1155,16/09/2025,10:31,10:51,0,5
565,1,1150,16/09/2025,10:55,11:02,0,6
566,1,1159,16/09/2025,11:10,11:29,0,7
567,1,1253,16/09/2025,11:38,12:06,0,8
568,1,1236,16/09/2025,12:14,12:30,0,9
569,1,1390,16/09/2025,12:38,12:54,0,10
570,1,1154,16/09/2025,12:59,13:13,0,11
571,1,1199,17/09/2025,09:25,09:47,0,1
572,1,1094,17/09/2025,09:55,10:22,0,2
573,1,1409,17/09/2025,10:31,10:44,0,3
574,1,1054,17/09/2025,10:49,10:56,0,4
575,1,1362,17/09/2025,11:07,11:24,0,5
576,1,1370,17/09/2025,11:29,11:43,0,6
577,1,1293,17/09/2025,11:52,12:02,0,7
578,1,1407,17/09/2025,12:10,12:28,0,8
579,1,1143,17/09/2025,12:38,12:45,0,9
580,1,1356,17/09/2025,12:49,13:08,0,10
581,1,1279,18/09/2025,09:10,09:21,0,1
582,1,1175,18/09/2025,09:27,09:52,0,2
583,1,1076,18/09/2025,09:57,10:23,0,3
584,1,1288,18/09/2025,10:29,10:48,0,4
585,1,1421,18/09/2025,10:59,11:09,0,5
586,1,1290,18/09/2025,11:13,11:20,0,6
587,1,1220,18/09/2025,11:29,,0,7
588,1,1108,20/09/2025,09:31,09:52,0,1
589,1,1116,20/09/2025,10:00,10:21,0,2
590,1,1187,20/09/2025,10:25,10:32,0,3
591,1,1243,20/09/2025,10:36,10:54,0,4
592,1,1377,20/09/2025,11:00,11:07,0,5
593,1,1253,20/09/2025,11:11,11:36,0,6
594,1,1053,20/09/2025,11:42,,0,7
595,1,1224,20/09/2025,12:22,12:43,0,8
596,1,1207,21/09/2025,09:22,09:34,0,1
597,1,1098,21/09/2025,09:46,09:59,0,2
598,1,1351,21/09/2025,10:03,10:10,0,3
599,1,1040,21/09/2025,10:18,10:36,0,4
600,1,1206,21/09/2025,10:47,11:09,0,5
601,1,1333,21/09/2025,11:19,11:45,0,6
602,1,1101,21/09/2025,11:54,12:01,0,7
603,1,1243,22/09/2025,09:29,09:50,0,1
604,1,2812,22/09/2025,09:54,10:09,0,2
605,1,1145,22/09/2025,10:16,10:30,0,3
606,1,1428,22/09/2025,10:38,10:54,0,4
607,1,1142,22/09/2025,11:01,11:23,0,5
608,1,1362,22/09/2025,11:27,11:44,0,6
609,1,1261,22/09/2025,11:50,12:08,0,7
610,1,1429,22/09/2025,12:17,12:41,0,8
611,1,1252,22/09/2025,12:47,13:06,0,9
612,1,1191,22/09/2025,13:13,13:24,0,10
613,1,1062,22/09/2025,13:29,13:50,0,11
614,1,1279,23/09/2025,09:20,09:33,0,1
615,1,1324,23/09/2025,09:40,10:03,0,2
616,1,1035,23/09/2025,10:10,10:37,0,3
617,1,1020,23/09/2025,10:47,,0,4
618,1,1220,23/09/2025,11:10,11:17,0,5
619,1,1003,23/09/2025,11:30,11:47,0,6
620,1,1209,23/09/2025,11:52,12:11,0,7
621,1,1004,24/09/2025,09:33,09:40,0,1
622,1,1341,24/09/2025,09:46,10:17,0,2
623,1,1336,24/09/2025,10:25,10:38,0,3
624,1,1341,24/09/2025,10:48,11:01,0,4
625,1,1243,24/09/2025,11:12,11:33,0,5
626,1,1055,24/09/2025,11:39,12:03,0,6
627,1,1247,24/09/2025,12:10,12:27,0,7
628,1,1157,24/09/2025,12:38,12:55,0,8
629,1,1088,24/09/2025,12:59,13:12,0,9
630,1,1102,25/09/2025,09:10,09:30,0,1
631,1,1407,25/09/2025,09:36,09:51,0,2
632,1,1034,25/09/2025,09:59,10:06,0,3
633,1,1091,25/09/2025,10:11,10:22,0,4
634,1,1423,25/09/2025,10:28,10:52,0,5
635,1,1336,25/09/2025,10:56,11:17,0,6
636,1,1037,25/09/2025,11:24,11:38,0,7
637,1,1285,25/09/2025,11:43,11:57,0,8
638,1,1049,25/09/2025,12:04,12:11,0,9
639,1,1248,25/09/2025,12:15,12:30,0,10
640,1,1427,25/09/2025,12:39,12:54,0,11
641,1,1400,27/09/2025,09:07,09:18,0,1
642,1,1438,27/09/2025,09:23,09:35,0,2
643,1,1196,27/09/2025,09:39,09:52,0,3
644,1,1386,27/09/2025,10:02,10:26,0,4
645,1,1351,27/09/2025,10:33,,0,5
646,1,1306,27/09/2025,10:51,11:09,0,6
647,1,1001,27/09/2025,11:14,11:41,0,7
648,1,1114,27/09/2025,11:49,12:09,0,8
649,1,1136,27/09/2025,12:13,12:26,0,9
650,1,1261,27/09/2025,12:37,12:55,0,10
651,1,1015,27/09/2025,13:01,13:13,0,11
652,1,1307,28/09/2025,09:34,09:42,0,1
653,1,1365,28/09/2025,09:52,10:01,0,2
654,1,1149,28/09/2025,10:06,10:20,0,3
655,1,1321,28/09/2025,10:28,10:36,0,4
656,1,1318,28/09/2025,10:40,11:02,0,5
657,1,1251,28/09/2025,11:07,11:21,0,6
658,1,1062,28/09/2025,11:27,11:34,0,7
659,1,1413,28/09/2025,11:40,11:52,0,8
660,1,1273,28/09/2025,11:56,12:04,0,9
661,1,1326,29/09/2025,09:08,09:27,0,1
662,1,1120,29/09/2025,09:40,09:59,0,2
663,1,1215,29/09/2025,10:07,10:26,0,3
664,1,1087,29/09/2025,10:33,10:47,0,4
665,1,1279,29/09/2025,10:51,11:08,0,5
666,1,1225,29/09/2025,11:15,11:36,0,6
667,1,1120,30/09/2025,09:27,09:34,0,1
668,1,1092,30/09/2025,09:44,10:02,0,2
669,1,1132,30/09/2025,10:06,10:18,0,3
670,1,1416,30/09/2025,10:25,10:43,0,4
671,1,1416,30/09/2025,10:50,11:00,0,5
672,1,1071,30/09/2025,11:05,11:14,0,6
673,1,1073,30/09/2025,11:23,11:30,0,7
674,1,1262,30/09/2025,11:34,12:01,0,8
675,1,1390,30/09/2025,12:09,12:20,0,9
676,1,1286,01/10/2025,09:28,,1,1
677,1,1394,01/10/2025,09:49,10:15,0,2
678,1,1089,01/10/2025,10:25,10:40,0,3
679,1,1211,01/10/2025,10:47,11:09,0,4
680,1,1134,01/10/2025,11:13,11:28,0,5
681,1,1366,01/10/2025,11:32,11:44,0,6
682,1,1399,01/10/2025,11:55,12:15,0,7
683,1,1020,02/10/2025,09:20,09:43,0,1
684,1,1348,02/10/2025,09:47,10:11,0,2
685,1,1327,02/10/2025,10:21,10:52,0,3
686,1,1281,02/10/2025,10:58,11:05,0,4
687,1,1146,02/10/2025,11:14,,1,5
688,1,1052,02/10/2025,11:51,12:07,0,6
689,1,1417,02/10/2025,12:11,12:36,0,7
690,1,1436,02/10/2025,12:48,13:14,0,8
691,1,1100,02/10/2025,13:25,13:42,0,9
692,1,1086,02/10/2025,13:46,14:05,0,10
693,1,1175,02/10/2025,14:09,14:22,0,11
694,1,1372,04/10/2025,09:33,09:47,0,1
695,1,1390,04/10/2025,09:58,10:21,0,2
696,1,1318,04/10/2025,10:25,10:46,0,3
697,1,1119,04/10/2025,10:51,10:58,0,4
698,1,1339,04/10/2025,11:05,11:20,0,5
699,1,1062,04/10/2025,11:24,11:38,0,6
700,1,1042,04/10/2025,11:42,12:05,0,7
701,1,1058,05/10/2025,09:08,09:27,0,1
702,1,1003,05/10/2025,09:37,09:58,0,2
703,1,1310,05/10/2025,10:07,10:22,0,3
704,1,1288,05/10/2025,10:26,10:42,0,4
705,1,1090,05/10/2025,10:47,11:03,0,5
706,1,1024,05/10/2025,11:07,11:28,0,6
707,1,1395,05/10/2025,11:32,11:47,0,7
708,1,1272,05/10/2025,11:54,12:21,0,8
709,1,1322,05/10/2025,12:25,,0,9
710,1,1010,06/10/2025,09:07,09:14,0,1
711,1,1175,06/10/2025,09:24,09:54,0,2
712,1,2800,06/10/2025,10:01,10:10,0,3
713,1,1135,06/10/2025,10:15,,0,4
714,1,1333,06/10/2025,10:51,11:07,0,5
715,1,1373,06/10/2025,11:13,11:36,0,6
716,1,1237,06/10/2025,11:47,12:07,0,7
717,1,1188,07/10/2025,09:08,09:29,0,1
718,1,1380,07/10/2025,09:38,09:57,0,2
719,1,1253,07/10/2025,10:07,10:36,0,3
720,1,1187,07/10/2025,10:44,10:56,0,4
721,1,1091,07/10/2025,11:00,11:25,0,5
722,1,1274,07/10/2025,11:29,11:39,0,6
723,1,1120,07/10/2025,11:43,11:50,0,7
724,1,1087,08/10/2025,09:15,09:22,0,1
725,1,1341,08/10/2025,09:28,09:54,0,2
726,1,1384,08/10/2025,09:58,10:05,0,3
727,1,1207,08/10/2025,10:09,10:29,0,4
728,1,1320,08/10/2025,10:33,10:40,0,5
729,1,1202,08/10/2025,10:45,11:05,0,6
730,1,1407,08/10/2025,11:17,11:24,0,7
731,1,1158,08/10/2025,11:35,11:49,0,8
732,1,1302,09/10/2025,09:21,09:39,0,1
733,1,1284,09/10/2025,09:43,09:58,0,2
734,1,1137,09/10/2025,10:06,10:15,0,3
735,1,1187,09/10/2025,10:21,10:37,0,4
736,1,1199,09/10/2025,10:41,,0,5
737,1,1367,09/10/2025,11:12,11:32,0,6
738,1,1093,09/10/2025,11:36,11:43,0,7
739,1,1296,09/10/2025,11:48,12:08,0,8
740,1,1279,09/10/2025,12:12,,0,9
741,1,1269,09/10/2025,12:30,12:42,0,10
742,1,1250,09/10/2025,12:47,13:00,0,11
743,1,1372,11/10/2025,09:31,09:51,0,1
744,1,1294,11/10/2025,09:55,10:12,0,2
745,1,1013,11/10/2025,10:18,10:36,0,3
746,1,1158,11/10/2025,10:44,11:05,0,4
747,1,1121,11/10/2025,11:13,11:20,0,5
748,1,1054,11/10/2025,11:31,12:00,0,6
749,1,1117,11/10/2025,12:04,12:17,0,7
750,1,1035,11/10/2025,12:24,12:48,0,8
751,1,1065,12/10/2025,09:33,09:51,0,1
752,1,1391,12/10/2025,09:56,10:13,0,2
753,1,1037,12/10/2025,10:21,10:38,0,3
754,1,1241,12/10/2025,10:44,10:58,0,4
755,1,1010,12/10/2025,11:05,11:14,0,5
756,1,1415,12/10/2025,11:22,11:39,0,6
757,1,1145,12/10/2025,11:50,12:03,0,7
758,1,1359,12/10/2025,12:11,12:18,0,8
759,1,1304,13/10/2025,09:36,09:43,0,1
760,1,1268,13/10/2025,09:53,10:19,0,2
761,1,1415,13/10/2025,10:24,10:35,0,3
762,1,1074,13/10/2025,10:42,10:56,0,4
763,1,1373,13/10/2025,11:09,11:19,0,5
764,1,1094,13/10/2025,11:25,11:45,0,6
765,1,1382,14/10/2025,09:22,09:38,0,1
766,1,1437,14/10/2025,09:46,10:07,0,2
767,1,1321,14/10/2025,10:11,10:29,0,3
768,1,1168,14/10/2025,10:42,10:49,0,4
769,1,1383,14/10/2025,10:53,11:10,0,5
770,1,1024,14/10/2025,11:15,11:27,0,6
771,1,1415,14/10/2025,11:32,12:03,0,7
772,1,1146,14/10/2025,12:08,,0,8
773,1,1204,14/10/2025,12:31,12:45,0,9
774,1,1225,14/10/2025,12:52,13:14,0,10
775,1,1037,15/10/2025,09:29,09:42,0,1
776,1,1212,15/10/2025,09:50,10:13,0,2
777,1,1299,15/10/2025,10:17,10:47,0,3
778,1,1110,15/10/2025,10:52,11:06,0,4
779,1,1021,15/10/2025,11:12,11:35,0,5
780,1,1286,15/10/2025,11:40,11:52,0,6
781,1,1316,15/10/2025,11:56,12:12,0,7
782,1,1159,15/10/2025,12:21,12:28,0,8
783,1,1312,15/10/2025,12:36,12:56,0,9
784,1,1131,15/10/2025,13:02,13:17,0,10
785,1,1024,16/10/2025,09:19,09:38,0,1
786,1,1102,16/10/2025,09:43,10:07,0,2
787,1,1252,16/10/2025,10:11,,1,3
788,1,1064,16/10/2025,10:37,11:10,0,4
789,1,1160,16/10/2025,11:19,11:34,0,5
790,1,1121,16/10/2025,11:38,11:46,0,6
791,1,1048,18/10/2025,09:27,09:42,0,1
792,1,1054,18/10/2025,09:47,10:12,0,2
793,1,1311,18/10/2025,10:17,10:34,0,3
794,1,1175,18/10/2025,10:46,11:08,0,4
795,1,1207,18/10/2025,11:14,11:39,0,5
796,1,1075,18/10/2025,11:43,12:04,0,6
797,1,1173,18/10/2025,12:10,12:28,0,7
798,1,1202,18/10/2025,12:37,13:00,0,8
799,1,1438,18/10/2025,13:07,13:26,0,9
800,1,1256,18/10/2025,13:30,13:38,0,10
801,1,1326,19/10/2025,09:21,09:46,0,1
802,1,1160,19/10/2025,09:50,10:05,0,2
803,1,1403,19/10/2025,10:14,10:24,0,3
804,1,1316,19/10/2025,10:30,10:55,0,4
805,1,1185,19/10/2025,11:01,11:18,0,5
806,1,1301,19/10/2025,11:23,11:30,0,6
807,1,1313,19/10/2025,11:39,11:49,0,7
808,1,1030,20/10/2025,09:26,09:43,0,1
809,1,1301,20/10/2025,09:47,09:54,0,2
810,1,1167,20/10/2025,10:05,10:20,0,3
811,1,1126,20/10/2025,10:26,10:35,0,4
812,1,1051,20/10/2025,10:41,10:52,0,5
813,1,1294,20/10/2025,10:56,11:17,0,6
814,1,1337,20/10/2025,11:26,11:46,0,7
815,1,1281,20/10/2025,11:55,12:09,0,8
816,1,1340,20/10/2025,12:13,12:51,0,9
817,1,1086,21/10/2025,09:15,09:30,0,1
818,1,1377,21/10/2025,09:38,09:47,0,2
819,1,1210,21/10/2025,09:56,10:03,0,3
820,1,1039,21/10/2025,10:07,10:29,0,4
821,1,1312,21/10/2025,10:33,10:53,0,5
822,1,1235,21/10/2025,10:59,11:14,0,6
823,1,1103,21/10/2025,11:20,11:39,0,7
824,1,1237,21/10/2025,11:48,12:10,0,8
825,1,1238,22/10/2025,09:10,09:33,0,1
826,1,1039,22/10/2025,09:41,09:53,0,2
827,1,1263,22/10/2025,09:58,10:05,0,3
828,1,1114,22/10/2025,10:09,10:38,0,4
829,1,1014,22/10/2025,10:48,,1,5
830,1,1309,22/10/2025,11:15,11:45,0,6
831,1,1281,22/10/2025,11:52,12:02,0,7
832,1,1030,22/10/2025,12:06,12:28,0,8
833,1,1003,22/10/2025,12:32,12:54,0,9
834,1,1280,22/10/2025,13:07,13:27,0,10
835,1,1266,22/10/2025,13:34,13:45,0,11
836,1,1199,23/10/2025,09:23,09:44,0,1
837,1,1341,23/10/2025,09:48,09:55,0,2
838,1,1262,23/10/2025,10:02,10:24,0,3
839,1,1284,23/10/2025,10:30,10:51,0,4
840,1,1359,23/10/2025,10:55,11:07,0,5
841,1,1005,23/10/2025,11:11,11:26,0,6
842,1,1099,23/10/2025,11:35,11:47,0,7
843,1,1351,23/10/2025,11:51,12:05,0,8
844,1,1147,25/10/2025,09:21,09:32,0,1
845,1,1158,25/10/2025,09:36,09:54,0,2
846,1,1331,25/10/2025,10:03,10:12,0,3
847,1,1438,25/10/2025,10:19,10:31,0,4
848,1,1033,25/10/2025,10:38,10:56,0,5
849,1,1430,25/10/2025,11:03,11:20,0,6
850,1,1075,26/10/2025,09:29,09:39,0,1
851,1,1077,26/10/2025,09:46,09:56,0,2
852,1,1118,26/10/2025,10:04,10:19,0,3
853,1,1380,26/10/2025,10:27,10:42,0,4
854,1,1372,26/10/2025,10:51,11:10,0,5
855,1,1370,26/10/2025,11:14,11:32,0,6
856,1,1239,27/10/2025,09:16,,0,1
857,1,1054,27/10/2025,09:39,09:58,0,2
858,1,1055,27/10/2025,10:02,10:15,0,3
859,1,1157,27/10/2025,10:19,10:39,0,4
860,1,1418,27/10/2025,10:51,11:14,0,5
861,1,1044,27/10/2025,11:21,11:34,0,6
862,1,1351,27/10/2025,11:39,11:58,0,7
863,1,1270,28/10/2025,09:30,09:54,0,1
864,1,1168,28/10/2025,10:03,10:10,0,2
865,1,1351,28/10/2025,10:17,10:33,0,3
866,1,1412,28/10/2025,10:38,,0,4
867,1,1132,28/10/2025,10:55,11:11,0,5
868,1,1016,28/10/2025,11:15,11:23,0,6
869,1,1078,28/10/2025,11:29,11:36,0,7
870,1,1212,28/10/2025,11:40,12:02,0,8
871,1,1037,29/10/2025,09:25,09:38,0,1
872,1,1067,29/10/2025,09:46,10:03,0,2
873,1,1222,29/10/2025,10:12,10:22,0,3
874,1,1345,29/10/2025,10:26,,0,4
875,1,1091,29/10/2025,10:54,11:18,0,5
876,1,1142,29/10/2025,11:23,11:42,0,6
877,1,1158,29/10/2025,11:47,12:10,0,7
878,1,1372,30/10/2025,09:30,09:47,0,1
879,1,1430,30/10/2025,09:52,10:10,0,2
880,1,1306,30/10/2025,10:17,10:35,0,3
881,1,1296,30/10/2025,10:43,11:04,0,4
882,1,1081,30/10/2025,11:08,11:32,0,5
883,1,1216,30/10/2025,11:39,11:57,0,6
884,1,1022,30/10/2025,12:04,12:20,0,7
885,1,1366,30/10/2025,12:29,12:41,0,8
886,1,1327,30/10/2025,12:48,,0,9
887,1,1351,30/10/2025,13:19,13:28,0,10
888,1,1194,30/10/2025,13:32,13:45,0,11
889,1,1243,01/11/2025,09:32,09:58,0,1
890,1,1435,01/11/2025,10:06,10:32,0,2
891,1,1028,01/11/2025,10:47,11:08,0,3
892,1,1115,01/11/2025,11:12,11:21,0,4
893,1,1188,01/11/2025,11:25,11:41,0,5
894,1,1304,01/11/2025,11:50,12:17,0,6
895,1,1301,01/11/2025,12:23,12:46,0,7
896,1,1004,01/11/2025,12:51,13:08,0,8
897,1,1051,01/11/2025,13:12,13:30,0,9
898,1,1276,01/11/2025,13:36,14:03,0,10
899,1,1305,02/11/2025,09:32,09:50,0,1
900,1,1050,02/11/2025,09:54,10:01,0,2
901,1,1167,02/11/2025,10:06,10:22,0,3
902,1,1326,02/11/2025,10:26,10:40,0,4
903,1,1420,02/11/2025,10:45,11:05,0,5
904,1,2800,02/11/2025,11:12,11:25,0,6
905,1,1046,02/11/2025,11:34,11:51,0,7
906,1,1295,02/11/2025,11:56,12:07,0,8
907,1,1013,02/11/2025,12:13,12:25,0,9
908,1,1151,02/11/2025,12:29,12:46,0,10
909,1,1258,02/11/2025,12:51,13:13,0,11
910,1,1159,03/11/2025,09:14,09:37,0,1
911,1,1351,03/11/2025,09:44,10:02,0,2
912,1,1324,03/11/2025,10:12,10:32,0,3
913,1,1133,03/11/2025,10:38,10:59,0,4
914,1,1383,03/11/2025,11:07,11:22,0,5
915,1,2800,03/11/2025,11:27,11:38,0,6
916,1,1281,03/11/2025,11:43,11:50,0,7
917,1,1220,03/11/2025,11:58,12:05,0,8
918,1,1116,04/11/2025,09:13,09:33,0,1
919,1,1169,04/11/2025,09:37,09:49,0,2
920,1,1152,04/11/2025,09:57,,0,3
921,1,1219,04/11/2025,10:20,10:29,0,4
922,1,1262,04/11/2025,10:34,10:53,0,5
923,1,1333,04/11/2025,10:59,11:08,0,6
924,1,1259,04/11/2025,11:17,11:34,0,7
925,1,1091,04/11/2025,11:39,12:04,0,8
926,1,1381,04/11/2025,12:09,12:30,0,9
927,1,1108,05/11/2025,09:28,09:45,0,1
928,1,1124,05/11/2025,09:54,10:09,0,2
929,1,1058,05/11/2025,10:15,10:32,0,3
930,1,1242,05/11/2025,10:37,10:45,0,4
931,1,1297,05/11/2025,10:55,11:14,0,5
932,1,1295,05/11/2025,11:18,11:26,0,6
933,1,1141,05/11/2025,11:35,,0,7
934,1,1251,05/11/2025,11:59,12:19,0,8
935,1,1200,05/11/2025,12:27,12:50,0,9
936,1,1317,05/11/2025,12:55,13:02,0,10
937,1,1208,05/11/2025,13:10,,0,11
938,1,1105,06/11/2025,09:13,09:36,0,1
939,1,1074,06/11/2025,09:44,09:56,0,2
940,1,1362,06/11/2025,10:00,10:14,0,3
941,1,2803,06/11/2025,10:19,10:39,0,4
942,1,1105,06/11/2025,10:43,10:52,0,5
943,1,1077,06/11/2025,11:01,11:15,0,6
944,1,1189,06/11/2025,11:26,11:43,0,7
945,1,1100,06/11/2025,11:51,12:12,0,8
946,1,1325,06/11/2025,12:20,12:32,0,9
947,1,1351,08/11/2025,09:21,09:33,0,1
948,1,1303,08/11/2025,09:39,09:54,0,2
949,1,1018,08/11/2025,09:58,10:05,0,3
950,1,1293,08/11/2025,10:13,10:22,0,4
951,1,1142,08/11/2025,10:27,10:47,0,5
952,1,1276,08/11/2025,10:53,11:10,0,6
953,1,1098,09/11/2025,09:24,09:46,0,1
954,1,1103,09/11/2025,09:58,10:09,0,2
955,1,1384,09/11/2025,10:15,10:37,0,3
956,1,1033,09/11/2025,10:42,10:49,0,4
957,1,1302,09/11/2025,10:57,11:25,0,5
958,1,1310,09/11/2025,11:29,11:47,0,6
959,1,1073,10/11/2025,09:20,09:35,0,1
960,1,1142,10/11/2025,09:43,10:11,0,2
961,1,1126,10/11/2025,10:18,10:27,0,3
962,1,1190,10/11/2025,10:31,10:44,0,4
963,1,1306,10/11/2025,10:57,11:15,0,5
964,1,1188,10/11/2025,11:22,11:39,0,6
965,1,1287,11/11/2025,09:09,09:31,0,1
966,1,1348,11/11/2025,09:35,10:02,0,2
967,1,1431,11/11/2025,10:15,10:22,0,3
968,1,1133,11/11/2025,10:28,10:55,0,4
969,1,1377,11/11/2025,11:00,11:08,0,5
970,1,1394,11/11/2025,11:15,11:28,0,6
971,1,1107,11/11/2025,11:37,11:54,0,7
972,1,1268,11/11/2025,12:00,12:16,0,8
973,1,1099,11/11/2025,12:24,12:43,0,9
974,1,1275,12/11/2025,09:08,09:19,0,1
975,1,1266,12/11/2025,09:28,09:44,0,2
976,1,1152,12/11/2025,09:53,10:11,0,3
977,1,1162,12/11/2025,10:15,10:38,0,4
978,1,1219,12/11/2025,10:47,10:54,0,5
979,1,1049,12/11/2025,11:03,11:34,0,6
980,1,1040,13/11/2025,09:14,09:28,0,1
981,1,1383,13/11/2025,09:35,09:51,0,2
982,1,1087,13/11/2025,09:58,10:05,0,3
983,1,1407,13/11/2025,10:11,10:18,0,4
984,1,1253,13/11/2025,10:23,10:42,0,5
985,1,1359,13/11/2025,10:47,10:54,0,6
986,1,1271,15/11/2025,09:28,09:38,0,1
987,1,1190,15/11/2025,09:42,10:06,0,2
988,1,1002,15/11/2025,10:13,10:27,0,3
989,1,1377,15/11/2025,10:43,10:55,0,4
990,1,1130,15/11/2025,11:03,,1,5
991,1,1083,15/11/2025,11:31,11:48,0,6
992,1,1431,15/11/2025,11:55,12:02,0,7
993,1,1330,15/11/2025,12:06,12:26,0,8
994,1,1179,16/11/2025,09:10,09:26,0,1
995,1,1025,16/11/2025,09:39,10:03,0,2
996,1,1128,16/11/2025,10:09,10:27,0,3
997,1,1398,16/11/2025,10:31,10:41,0,4
998,1,1130,16/11/2025,10:50,11:08,0,5
999,1,1235,16/11/2025,11:13,11:20,0,6
1000,1,1030,16/11/2025,11:29,11:52,0,7
1001,1,1382,17/11/2025,09:14,09:30,0,1
1002,1,1319,17/11/2025,09:36,09:51,0,2
1003,1,1407,17/11/2025,09:58,10:18,0,3
1004,1,1138,17/11/2025,10:24,10:39,0,4
1005,1,1246,17/11/2025,10:44,10:59,0,5
1006,1,1437,17/11/2025,11:09,11:16,0,6
1007,1,1048,17/11/2025,11:21,11:35,0,7
1008,1,1041,17/11/2025,11:41,11:52,0,8
1009,1,1100,17/11/2025,11:57,12:18,0,9
1010,1,1057,17/11/2025,12:25,12:37,0,10
1011,1,1190,18/11/2025,09:10,09:22,0,1
1012,1,1435,18/11/2025,09:26,09:39,0,2
1013,1,1090,18/11/2025,09:43,09:58,0,3
1014,1,1415,18/11/2025,10:06,10:25,0,4
1015,1,1086,18/11/2025,10:29,10:47,0,5
1016,1,1394,18/11/2025,10:57,11:04,0,6
1017,1,1320,18/11/2025,11:12,11:23,0,7
1018,1,1133,18/11/2025,11:28,11:55,0,8
1019,1,1405,19/11/2025,09:18,09:30,0,1
1020,1,1071,19/11/2025,09:35,09:42,0,2
1021,1,1394,19/11/2025,09:46,09:55,0,3
1022,1,1093,19/11/2025,09:59,10:09,0,4
1023,1,1436,19/11/2025,10:16,10:27,0,5
1024,1,1256,19/11/2025,10:38,10:51,0,6
1025,1,1394,19/11/2025,11:00,11:13,0,7
1026,1,1180,19/11/2025,11:21,11:36,0,8
1027,1,1151,19/11/2025,11:44,11:58,0,9
1028,1,1020,19/11/2025,12:12,12:26,0,10
1029,1,1211,20/11/2025,09:31,09:51,0,1
1030,1,1407,20/11/2025,09:55,10:04,0,2
1031,1,1285,20/11/2025,10:16,10:33,0,3
1032,1,1060,20/11/2025,10:41,10:53,0,4
1033,1,1173,20/11/2025,10:58,11:13,0,5
1034,1,2806,20/11/2025,11:22,11:41,0,6
1035,1,1161,22/11/2025,09:26,09:48,0,1
1036,1,2800,22/11/2025,09:55,10:06,0,2
1037,1,1295,22/11/2025,10:10,10:20,0,3
1038,1,1345,22/11/2025,10:27,10:39,0,4
1039,1,1405,22/11/2025,10:47,11:02,0,5
1040,1,1249,22/11/2025,11:14,11:27,0,6
1041,1,1213,22/11/2025,11:39,11:46,0,7
1042,1,1242,23/11/2025,09:17,,0,1
1043,1,2812,23/11/2025,09:47,10:07,0,2
1044,1,1020,23/11/2025,10:15,10:31,0,3
1045,1,1113,23/11/2025,10:41,,0,4
1046,1,1271,23/11/2025,11:12,11:24,0,5
1047,1,2803,23/11/2025,11:31,11:55,0,6
1048,1,1194,23/11/2025,11:59,12:12,0,7
1049,1,1243,23/11/2025,12:19,,0,8
1050,1,1217,23/11/2025,12:43,13:03,0,9
1051,1,1367,24/11/2025,09:09,09:30,0,1
1052,1,1061,24/11/2025,09:37,,1,2
1053,1,1310,24/11/2025,10:07,10:31,0,3
1054,1,1202,24/11/2025,10:35,10:55,0,4
1055,1,1373,24/11/2025,11:02,11:15,0,5
1056,1,1372,24/11/2025,11:22,11:42,0,6
1057,1,1269,24/11/2025,11:46,12:00,0,7
1058,1,1118,24/11/2025,12:06,12:13,0,8
1059,1,1038,24/11/2025,12:20,,0,9
1060,1,1222,25/11/2025,09:25,09:33,0,1
1061,1,1278,25/11/2025,09:38,09:48,0,2
1062,1,1064,25/11/2025,09:52,10:05,0,3
1063,1,1022,25/11/2025,10:09,10:28,0,4
1064,1,1086,25/11/2025,10:32,,0,5
1065,1,1142,25/11/2025,10:57,11:12,0,6
1066,1,1330,25/11/2025,11:20,11:43,0,7
1067,1,1368,25/11/2025,11:49,12:17,0,8
1068,1,1136,25/11/2025,12:27,12:43,0,9
1069,1,1116,26/11/2025,09:12,09:22,0,1
1070,1,1326,26/11/2025,09:34,09:48,0,2
1071,1,1221,26/11/2025,09:55,10:04,0,3
1072,1,1181,26/11/2025,10:17,10:39,0,4
1073,1,1267,26/11/2025,10:48,10:58,0,5
1074,1,1368,26/11/2025,11:04,11:23,0,6
1075,1,1249,26/11/2025,11:34,11:46,0,7
1076,1,1373,26/11/2025,11:55,12:23,0,8
1077,1,1330,26/11/2025,12:32,,1,9
1078,1,1237,27/11/2025,09:20,09:41,0,1
1079,1,2800,27/11/2025,09:48,09:55,0,2
1080,1,1354,27/11/2025,10:04,10:38,0,3
1081,1,1032,27/11/2025,10:42,11:03,0,4
1082,1,1330,27/11/2025,11:10,11:21,0,5
1083,1,1349,27/11/2025,11:28,11:38,0,6
1084,1,1320,27/11/2025,11:51,12:06,0,7
1085,1,1010,29/11/2025,09:21,09:30,0,1
1086,1,1270,29/11/2025,09:34,,1,2
1087,1,1026,29/11/2025,10:06,,0,3
1088,1,1224,29/11/2025,10:39,,0,4
1089,1,1001,29/11/2025,11:01,11:16,0,5
1090,1,1153,29/11/2025,11:24,11:38,0,6
1091,1,1037,29/11/2025,11:43,11:50,0,7
1092,1,1410,29/11/2025,11:56,12:14,0,8
1093,1,1052,29/11/2025,12:21,12:36,0,9
1094,1,1150,29/11/2025,12:41,13:00,0,10
1095,1,1277,30/11/2025,09:32,09:57,0,1
1096,1,1109,30/11/2025,10:02,,0,2
1097,1,1157,30/11/2025,10:23,10:42,0,3
1098,1,1412,30/11/2025,10:48,10:55,0,4
1099,1,1046,30/11/2025,10:59,,0,5
1100,1,1311,30/11/2025,11:22,11:29,0,6
1101,1,1321,30/11/2025,11:33,11:40,0,7
1102,1,1427,01/12/2025,09:22,09:41,0,1
1103,1,1228,01/12/2025,09:46,10:01,0,2
1104,1,1419,01/12/2025,10:08,10:28,0,3
1105,1,1068,01/12/2025,10:36,11:00,0,4
1106,1,1237,01/12/2025,11:08,11:16,0,5
1107,1,1262,01/12/2025,11:24,11:31,0,6
1108,1,1076,01/12/2025,11:37,12:05,0,7
1109,1,1367,01/12/2025,12:09,12:40,0,8
1110,1,1249,01/12/2025,12:45,12:55,0,9
1111,1,1039,02/12/2025,09:26,09:35,0,1
1112,1,1159,02/12/2025,09:44,10:14,0,2
1113,1,1167,02/12/2025,10:19,10:30,0,3
1114,1,1360,02/12/2025,10:34,10:51,0,4
1115,1,1182,02/12/2025,11:04,11:24,0,5
1116,1,1030,02/12/2025,11:31,11:53,0,6
1117,1,1341,02/12/2025,12:08,12:28,0,7
1118,1,1214,02/12/2025,12:38,13:03,0,8
1119,1,1412,02/12/2025,13:09,13:18,0,9
1120,1,1340,03/12/2025,09:26,09:45,0,1
1121,1,1415,03/12/2025,09:49,10:11,0,2
1122,1,1179,03/12/2025,10:19,10:44,0,3
1123,1,1419,03/12/2025,10:48,10:57,0,4
1124,1,1164,03/12/2025,11:01,11:24,0,5
1125,1,1216,03/12/2025,11:34,11:54,0,6
1126,1,1150,03/12/2025,11:58,12:11,0,7
1127,1,1093,03/12/2025,12:20,12:27,0,8
1128,1,2800,04/12/2025,09:14,09:25,0,1
1129,1,1333,04/12/2025,09:29,09:47,0,2
1130,1,1078,04/12/2025,09:51,09:58,0,3
1131,1,1326,04/12/2025,10:04,10:26,0,4
1132,1,1113,04/12/2025,10:38,10:58,0,5
1133,1,1013,04/12/2025,11:04,11:11,0,6
1134,1,1227,06/12/2025,09:09,09:28,0,1
1135,1,1200,06/12/2025,09:33,09:40,0,2
1136,1,1028,06/12/2025,09:47,09:54,0,3
1137,1,1258,06/12/2025,10:02,,0,4
1138,1,1157,06/12/2025,10:32,10:55,0,5
1139,1,1336,06/12/2025,11:03,11:28,0,6
1140,1,1392,06/12/2025,11:36,11:57,0,7
1141,1,1188,07/12/2025,09:26,09:43,0,1
1142,1,1265,07/12/2025,09:49,10:05,0,2
1143,1,1149,07/12/2025,10:15,10:28,0,3
1144,1,1358,07/12/2025,10:41,10:59,0,4
1145,1,1430,07/12/2025,11:04,11:15,0,5
1146,1,1270,07/12/2025,11:23,11:42,0,6
1147,1,1361,07/12/2025,11:52,12:17,0,7
1148,1,1130,07/12/2025,12:23,,0,8
1149,1,1064,07/12/2025,12:54,13:21,0,9
1150,1,1169,07/12/2025,13:30,13:39,0,10
1151,1,1368,08/12/2025,09:28,09:45,0,1
1152,1,1349,08/12/2025,09:52,,0,2
1153,1,1120,08/12/2025,10:22,10:36,0,3
1154,1,1089,08/12/2025,10:45,10:55,0,4
1155,1,1180,08/12/2025,11:00,11:10,0,5
1156,1,1000,08/12/2025,11:18,11:41,0,6
1157,1,1376,08/12/2025,11:51,12:15,0,7
1158,1,1362,08/12/2025,12:20,12:35,0,8
1159,1,1262,08/12/2025,12:47,13:02,0,9
1160,1,1115,09/12/2025,09:16,09:23,0,1
1161,1,1405,09/12/2025,09:28,09:49,0,2
1162,1,1241,09/12/2025,09:58,10:05,0,3
1163,1,1286,09/12/2025,10:13,10:20,0,4
1164,1,1116,09/12/2025,10:28,10:49,0,5
1165,1,1238,09/12/2025,10:54,,0,6
1166,1,1064,09/12/2025,11:06,11:23,0,7
1167,1,1382,09/12/2025,11:31,11:59,0,8
1168,1,1136,09/12/2025,12:05,12:30,0,9
1169,1,1358,10/12/2025,09:12,09:42,0,1
1170,1,1116,10/12/2025,09:52,10:14,0,2
1171,1,1146,10/12/2025,10:24,10:41,0,3
1172,1,2822,10/12/2025,10:46,11:04,0,4
1173,1,1358,10/12/2025,11:13,11:31,0,5
1174,1,1226,10/12/2025,11:35,11:55,0,6
1175,1,1185,10/12/2025,12:02,12:29,0,7
1176,1,1015,11/12/2025,09:18,09:39,0,1
1177,1,1211,11/12/2025,09:47,09:54,0,2
1178,1,1218,11/12/2025,09:58,10:21,0,3
1179,1,1111,11/12/2025,10:27,10:46,0,4
1180,1,1393,11/12/2025,10:57,11:15,0,5
1181,1,1147,11/12/2025,11:26,11:38,0,6
1182,1,1243,11/12/2025,11:44,12:02,0,7
1183,1,1231,13/12/2025,09:30,09:49,0,1
1184,1,1411,13/12/2025,09:55,10:24,0,2
1185,1,1150,13/12/2025,10:36,10:43,0,3
1186,1,1187,13/12/2025,10:48,10:58,0,4
1187,1,1373,13/12/2025,11:06,11:33,0,5
1188,1,1337,13/12/2025,11:39,11:59,0,6
1189,1,1266,13/12/2025,12:05,12:31,0,7
1190,1,1118,13/12/2025,12:37,,0,8
1191,1,1017,14/12/2025,09:25,09:46,0,1
1192,1,1437,14/12/2025,09:51,09:58,0,2
1193,1,1158,14/12/2025,10:07,10:31,0,3
1194,1,1250,14/12/2025,10:40,,0,4
1195,1,1147,14/12/2025,10:59,11:18,0,5
1196,1,1203,14/12/2025,11:24,11:34,0,6
1197,1,1320,14/12/2025,11:46,11:55,0,7
1198,1,1187,14/12/2025,12:02,,0,8
1199,1,1278,15/12/2025,09:09,,1,1
1200,1,1272,15/12/2025,09:40,10:02,0,2
1201,1,1181,15/12/2025,10:08,10:25,0,3
1202,1,1304,15/12/2025,10:29,10:50,0,4
1203,1,1250,15/12/2025,10:54,11:17,0,5
1204,1,1341,15/12/2025,11:25,11:48,0,6
1205,1,1149,15/12/2025,11:57,12:18,0,7
1206,1,1274,15/12/2025,12:24,12:36,0,8
1207,1,1340,15/12/2025,12:45,13:18,0,9
1208,1,1020,15/12/2025,13:24,13:44,0,10
1209,1,1037,16/12/2025,09:24,09:36,0,1
1210,1,1100,16/12/2025,09:44,10:10,0,2
1211,1,1017,16/12/2025,10:17,10:44,0,3
1212,1,1361,16/12/2025,10:48,11:05,0,4
1213,1,1022,16/12/2025,11:09,11:29,0,5
1214,1,1272,16/12/2025,11:35,12:00,0,6
1215,1,1077,16/12/2025,12:05,12:24,0,7
1216,1,1058,16/12/2025,12:34,12:44,0,8
1217,1,1114,16/12/2025,12:48,13:15,0,9
1218,1,1161,16/12/2025,13:23,13:32,0,10
1219,1,1354,16/12/2025,13:36,13:45,0,11
1220,1,1046,17/12/2025,09:24,09:40,0,1
1221,1,1145,17/12/2025,09:46,10:05,0,2
1222,1,1306,17/12/2025,10:10,10:27,0,3
1223,1,1058,17/12/2025,10:31,10:50,0,4
1224,1,1013,17/12/2025,10:55,11:15,0,5
1225,1,1411,17/12/2025,11:19,11:43,0,6
1226,1,1149,18/12/2025,09:22,09:29,0,1
1227,1,1085,18/12/2025,09:33,09:47,0,2
1228,1,1417,18/12/2025,09:54,10:23,0,3
1229,1,1241,18/12/2025,10:28,10:35,0,4
1230,1,1221,18/12/2025,10:44,11:00,0,5
1231,1,1228,18/12/2025,11:04,11:13,0,6
1232,1,1211,18/12/2025,11:21,11:33,0,7
1233,1,1341,18/12/2025,11:38,11:55,0,8
1234,1,1000,18/12/2025,12:08,12:25,0,9
1235,1,1168,20/12/2025,09:26,09:48,0,1
1236,1,1271,20/12/2025,09:52,10:13,0,2
1237,1,1331,20/12/2025,10:17,10:25,0,3
1238,1,1153,20/12/2025,10:29,10:39,0,4
1239,1,1062,20/12/2025,10:47,11:01,0,5
1240,1,1395,20/12/2025,11:05,,0,6
1241,1,1360,20/12/2025,11:41,11:56,0,7
1242,1,1003,20/12/2025,12:03,12:22,0,8
1243,1,1010,21/12/2025,09:29,09:39,0,1
1244,1,1231,21/12/2025,09:44,09:51,0,2
1245,1,1020,21/12/2025,09:55,10:19,0,3
1246,1,1280,21/12/2025,10:26,10:51,0,4
1247,1,1006,21/12/2025,10:58,11:23,0,5
1248,1,1367,21/12/2025,11:29,,0,6
1249,1,1067,21/12/2025,11:54,12:15,0,7
1250,1,1431,21/12/2025,12:21,12:32,0,8
1251,1,1212,21/12/2025,12:36,12:49,0,9
1252,1,1109,21/12/2025,12:53,13:07,0,10
1253,1,1189,21/12/2025,13:13,13:20,0,11
1254,1,1259,22/12/2025,09:33,09:58,0,1
1255,1,1220,22/12/2025,10:07,10:17,0,2
1256,1,1330,22/12/2025,10:21,10:32,0,3
1257,1,1421,22/12/2025,10:36,10:48,0,4
1258,1,1028,22/12/2025,10:56,11:21,0,5
1259,1,1063,22/12/2025,11:26,11:45,0,6
1260,1,1130,22/12/2025,11:49,12:16,0,7
1261,1,1383,22/12/2025,12:20,12:27,0,8
1262,1,1207,22/12/2025,12:32,12:55,0,9
1263,1,1160,22/12/2025,12:59,,0,10
1264,1,1158,23/12/2025,09:07,09:26,0,1
1265,1,1117,23/12/2025,09:32,,0,2
1266,1,1190,23/12/2025,09:54,10:05,0,3
1267,1,1310,23/12/2025,10:14,10:26,0,4
1268,1,1190,23/12/2025,10:32,10:40,0,5
1269,1,1207,23/12/2025,10:46,10:55,0,6
1270,1,1099,23/12/2025,11:07,11:18,0,7
1271,1,1351,23/12/2025,11:25,11:32,0,8
1272,1,1106,23/12/2025,11:38,11:48,0,9
1273,1,1124,23/12/2025,11:52,12:11,0,10
1274,1,1190,24/12/2025,09:24,09:40,0,1
1275,1,1075,24/12/2025,09:44,10:04,0,2
1276,1,1337,24/12/2025,10:13,10:34,0,3
1277,1,1006,24/12/2025,10:40,11:04,0,4
1278,1,1104,24/12/2025,11:08,11:21,0,5
1279,1,1242,24/12/2025,11:28,11:39,0,6
1280,1,1140,25/12/2025,09:31,09:43,0,1
1281,1,1208,25/12/2025,09:54,10:01,0,2
1282,1,1102,25/12/2025,10:05,10:19,0,3
1283,1,1287,25/12/2025,10:23,10:40,0,4
1284,1,1022,25/12/2025,10:48,10:55,0,5
1285,1,1112,25/12/2025,10:59,11:12,0,6
1286,1,1312,25/12/2025,11:17,11:37,0,7
1287,1,1238,25/12/2025,11:41,11:58,0,8
1288,1,1333,25/12/2025,12:03,12:11,0,9
1289,1,1001,27/12/2025,09:09,09:27,0,1
1290,1,1231,27/12/2025,09:39,09:57,0,2
1291,1,1027,27/12/2025,10:08,10:27,0,3
1292,1,1268,27/12/2025,10:31,10:43,0,4
1293,1,1142,27/12/2025,10:49,,1,5
1294,1,1382,27/12/2025,11:20,11:42,0,6
1295,1,1418,28/12/2025,09:29,09:49,0,1
1296,1,1081,28/12/2025,09:57,10:22,0,2
1297,1,1181,28/12/2025,10:26,10:41,0,3
1298,1,1300,28/12/2025,10:50,11:01,0,4
1299,1,1055,28/12/2025,11:10,11:28,0,5
1300,1,1154,28/12/2025,11:34,11:45,0,6
1301,1,1107,28/12/2025,11:49,12:04,0,7
1302,1,1031,28/12/2025,12:09,12:34,0,8
1303,1,1222,29/12/2025,09:16,09:31,0,1
1304,1,1078,29/12/2025,09:36,09:50,0,2
1305,1,1302,29/12/2025,09:54,10:13,0,3
1306,1,1124,29/12/2025,10:22,10:46,0,4
1307,1,1378,29/12/2025,10:50,11:01,0,5
1308,1,1377,29/12/2025,11:11,11:31,0,6
1309,1,1210,29/12/2025,11:42,11:54,0,7
1310,1,1188,29/12/2025,11:58,12:21,0,8
1311,1,1034,29/12/2025,12:29,12:42,0,9
1312,1,1370,29/12/2025,12:46,13:11,0,10
1313,1,1181,30/12/2025,09:31,09:46,0,1
1314,1,1285,30/12/2025,09:50,10:08,0,2
1315,1,1195,30/12/2025,10:12,10:25,0,3
1316,1,1104,30/12/2025,10:35,10:49,0,4
1317,1,1027,30/12/2025,10:53,11:12,0,5
1318,1,1257,30/12/2025,11:24,11:41,0,6
1319,1,1026,30/12/2025,11:45,11:55,0,7
1320,1,1100,30/12/2025,12:05,12:26,0,8
1321,1,1126,30/12/2025,12:36,12:53,0,9
1322,1,1279,31/12/2025,09:24,09:31,0,1
1323,1,1105,31/12/2025,09:35,10:02,0,2
1324,1,1366,31/12/2025,10:14,10:28,0,3
1325,1,1359,31/12/2025,10:41,10:53,0,4
1326,1,1054,31/12/2025,10:57,11:23,0,5
1327,1,1090,31/12/2025,11:33,11:40,0,6
1328,1,1242,31/12/2025,11:49,,0,7
1329,1,1403,31/12/2025,12:12,12:32,0,8
1330,1,1319,31/12/2025,12:38,12:50,0,9
1331,1,1089,31/12/2025,12:59,13:06,0,10
1332,1,1126,01/01/2026,09:11,09:18,0,1
1333,1,1133,01/01/2026,09:22,,1,2
1334,1,1042,01/01/2026,09:51,10:13,0,3
1335,1,1201,01/01/2026,10:20,10:40,0,4
1336,1,1068,01/01/2026,10:48,11:06,0,5
1337,1,1389,01/01/2026,11:10,11:31,0,6
1338,1,1363,01/01/2026,11:35,11:44,0,7
1339,1,1436,01/01/2026,11:49,11:58,0,8
1340,1,1034,01/01/2026,12:02,12:14,0,9
1341,1,1363,03/01/2026,09:22,09:44,0,1
1342,1,1074,03/01/2026,09:48,10:06,0,2
1343,1,1026,03/01/2026,10:11,10:29,0,3
1344,1,1290,03/01/2026,10:33,10:52,0,4
1345,1,1159,03/01/2026,11:02,11:30,0,5
1346,1,1436,03/01/2026,11:41,11:53,0,6
1347,1,1395,03/01/2026,11:57,12:25,0,7
1348,1,1342,03/01/2026,12:32,12:47,0,8
1349,1,1297,03/01/2026,12:51,13:01,0,9
1350,1,1344,03/01/2026,13:08,13:25,0,10
1351,1,1064,03/01/2026,13:36,13:54,0,11
1352,1,1392,04/01/2026,09:22,09:32,0,1
1353,1,1201,04/01/2026,09:38,10:01,0,2
1354,1,1275,04/01/2026,10:06,10:13,0,3
1355,1,1155,04/01/2026,10:23,10:38,0,4
1356,1,1010,04/01/2026,10:46,11:00,0,5
1357,1,1231,04/01/2026,11:07,11:14,0,6
1358,1,1339,04/01/2026,11:23,11:44,0,7
1359,1,1389,04/01/2026,11:50,,1,8
1360,1,1248,04/01/2026,12:11,12:32,0,9
1361,1,1075,04/01/2026,12:36,13:03,0,10
1362,1,1230,04/01/2026,13:10,13:42,0,11
1363,1,1346,05/01/2026,09:15,09:40,0,1
1364,1,1342,05/01/2026,09:47,10:09,0,2
1365,1,1299,05/01/2026,10:19,10:36,0,3
1366,1,1358,05/01/2026,10:42,10:56,0,4
1367,1,1219,05/01/2026,11:00,11:09,0,5
1368,1,1425,05/01/2026,11:14,11:25,0,6
1369,1,1071,05/01/2026,11:33,,0,7
1370,1,1301,05/01/2026,11:44,12:01,0,8
1371,1,1169,05/01/2026,12:05,12:22,0,9
1372,1,1025,05/01/2026,12:27,12:49,0,10
1373,1,1146,05/01/2026,12:58,13:22,0,11
1374,1,1150,06/01/2026,09:12,09:19,0,1
1375,1,1002,06/01/2026,09:23,09:33,0,2
1376,1,1160,06/01/2026,09:39,10:02,0,3
1377,1,1262,06/01/2026,10:13,10:31,0,4
1378,1,1159,06/01/2026,10:36,10:45,0,5
1379,1,1317,06/01/2026,10:49,10:56,0,6
1380,1,1330,06/01/2026,11:08,11:18,0,7
1381,1,1094,07/01/2026,09:12,09:23,0,1
1382,1,2812,07/01/2026,09:35,,0,2
1383,1,1224,07/01/2026,09:53,10:16,0,3
1384,1,1079,07/01/2026,10:24,10:41,0,4
1385,1,1098,07/01/2026,10:46,10:57,0,5
1386,1,1302,07/01/2026,11:03,11:17,0,6
1387,1,2822,07/01/2026,11:21,11:36,0,7
1388,1,1135,08/01/2026,09:32,09:51,0,1
1389,1,1041,08/01/2026,09:59,10:06,0,2
1390,1,1387,08/01/2026,10:11,10:21,0,3
1391,1,1151,08/01/2026,10:32,10:40,0,4
1392,1,1342,08/01/2026,10:48,10:59,0,5
1393,1,1348,08/01/2026,11:03,11:19,0,6
1394,1,1263,08/01/2026,11:25,11:41,0,7
1395,1,1242,08/01/2026,11:45,12:01,0,8
1396,1,1061,10/01/2026,09:08,09:35,0,1
1397,1,1260,10/01/2026,09:43,09:50,0,2
1398,1,1257,10/01/2026,09:57,10:20,0,3
1399,1,1169,10/01/2026,10:27,10:37,0,4
1400,1,1179,10/01/2026,10:47,11:02,0,5
1401,1,1085,10/01/2026,11:17,11:32,0,6
1402,1,1192,11/01/2026,09:25,09:46,0,1
1403,1,1361,11/01/2026,09:54,10:16,0,2
1404,1,1169,11/01/2026,10:26,10:34,0,3
1405,1,1083,11/01/2026,10:45,,0,4
1406,1,2803,11/01/2026,11:12,11:32,0,5
1407,1,1174,11/01/2026,11:37,11:53,0,6
1408,1,1294,11/01/2026,12:02,12:13,0,7
1409,1,1325,11/01/2026,12:17,12:37,0,8
1410,1,1435,11/01/2026,12:43,13:03,0,9
1411,1,1432,12/01/2026,09:17,09:33,0,1
1412,1,1130,12/01/2026,09:38,09:55,0,2
1413,1,1280,12/01/2026,10:04,10:24,0,3
1414,1,1311,12/01/2026,10:28,10:40,0,4
1415,1,1113,12/01/2026,10:51,11:13,0,5
1416,1,1118,12/01/2026,11:21,11:30,0,6
1417,1,1187,12/01/2026,11:43,12:03,0,7
1418,1,1411,13/01/2026,09:11,09:40,0,1
1419,1,1063,13/01/2026,09:44,10:09,0,2
1420,1,1206,13/01/2026,10:20,10:27,0,3
1421,1,1264,13/01/2026,10:33,11:02,0,4
1422,1,1093,13/01/2026,11:07,11:23,0,5
1423,1,1362,13/01/2026,11:29,11:48,0,6
1424,1,1123,14/01/2026,09:34,09:54,0,1
1425,1,1062,14/01/2026,10:04,10:12,0,2
1426,1,1161,14/01/2026,10:19,10:38,0,3
1427,1,1258,14/01/2026,10:46,10:58,0,4
1428,1,1382,14/01/2026,11:06,11:24,0,5
1429,1,1014,14/01/2026,11:28,11:47,0,6
1430,1,1135,14/01/2026,11:51,12:17,0,7
1431,1,1030,14/01/2026,12:28,12:56,0,8
1432,1,1299,14/01/2026,13:00,13:19,0,9
1433,1,1365,15/01/2026,09:20,09:38,0,1
1434,1,1419,15/01/2026,09:45,09:59,0,2
1435,1,1302,15/01/2026,10:11,10:31,0,3
1436,1,1215,15/01/2026,10:39,10:56,0,4
1437,1,1044,15/01/2026,11:00,11:17,0,5
1438,1,1101,15/01/2026,11:26,11:33,0,6
1439,1,1100,17/01/2026,09:18,09:33,0,1
1440,1,1026,17/01/2026,09:38,10:00,0,2
1441,1,1079,17/01/2026,10:10,10:22,0,3
1442,1,1195,17/01/2026,10:31,10:40,0,4
1443,1,1177,17/01/2026,10:48,10:55,0,5
1444,1,1079,17/01/2026,10:59,11:17,0,6
1445,1,1351,17/01/2026,11:24,11:32,0,7
1446,1,1179,17/01/2026,11:42,11:56,0,8
1447,1,1213,18/01/2026,09:18,09:34,0,1
1448,1,1426,18/01/2026,09:39,10:07,0,2
1449,1,1384,18/01/2026,10:12,10:24,0,3
1450,1,1137,18/01/2026,10:28,10:42,0,4
1451,1,1182,18/01/2026,10:47,11:12,0,5
1452,1,1104,18/01/2026,11:16,11:32,0,6
1453,1,1215,18/01/2026,11:41,12:04,0,7
1454,1,1398,18/01/2026,12:08,12:18,0,8
1455,1,1239,19/01/2026,09:31,09:56,0,1
1456,1,1261,19/01/2026,10:00,,1,2
1457,1,1317,19/01/2026,10:28,10:36,0,3
1458,1,1345,19/01/2026,10:41,10:53,0,4
1459,1,1362,19/01/2026,11:00,11:13,0,5
1460,1,1361,19/01/2026,11:20,11:45,0,6
1461,1,1145,19/01/2026,11:49,12:13,0,7
1462,1,1089,19/01/2026,12:24,12:50,0,8
1463,1,1327,19/01/2026,12:55,13:06,0,9
1464,1,1431,20/01/2026,09:12,09:26,0,1
1465,1,1327,20/01/2026,09:31,,0,2
1466,1,1236,20/01/2026,09:54,10:09,0,3
1467,1,1079,20/01/2026,10:17,10:35,0,4
1468,1,1325,20/01/2026,10:39,11:03,0,5
1469,1,1021,20/01/2026,11:11,11:31,0,6
1470,1,1142,20/01/2026,11:37,11:53,0,7
1471,1,2806,20/01/2026,12:00,12:23,0,8
1472,1,1112,20/01/2026,12:30,12:45,0,9
1473,1,1437,20/01/2026,12:54,13:17,0,10
1474,1,1281,21/01/2026,09:31,09:54,0,1
1475,1,1251,21/01/2026,10:04,10:23,0,2
1476,1,1359,21/01/2026,10:27,10:34,0,3
1477,1,1403,21/01/2026,10:43,11:00,0,4
1478,1,1136,21/01/2026,11:12,,0,5
1479,1,2800,21/01/2026,11:57,12:04,0,6
1480,1,1286,21/01/2026,12:08,12:21,0,7
1481,1,1168,21/01/2026,12:25,12:35,0,8
1482,1,1015,21/01/2026,12:40,13:03,0,9
1483,1,1432,21/01/2026,13:11,13:23,0,10
1484,1,1354,22/01/2026,09:18,09:39,0,1
1485,1,1250,22/01/2026,09:45,09:56,0,2
1486,1,1431,22/01/2026,10:07,10:15,0,3
1487,1,1237,22/01/2026,10:19,10:33,0,4
1488,1,1257,22/01/2026,10:44,11:06,0,5
1489,1,1034,22/01/2026,11:16,11:23,0,6
1490,1,1137,22/01/2026,11:28,11:47,0,7
1491,1,1052,22/01/2026,11:51,12:05,0,8
1492,1,1373,22/01/2026,12:12,12:34,0,9
1493,1,1091,22/01/2026,12:39,12:57,0,10
1494,1,1051,24/01/2026,09:18,09:47,0,1
1495,1,1426,24/01/2026,09:51,10:00,0,2
1496,1,1286,24/01/2026,10:06,10:16,0,3
1497,1,1313,24/01/2026,10:25,10:38,0,4
1498,1,1189,24/01/2026,10:44,,0,5
1499,1,1068,24/01/2026,11:03,11:23,0,6
1500,1,1034,24/01/2026,11:29,11:39,0,7
1501,1,1309,24/01/2026,11:44,12:04,0,8
1502,1,1434,24/01/2026,12:08,12:35,0,9
1503,1,1210,24/01/2026,12:40,13:04,0,10
1504,1,1207,25/01/2026,09:25,09:38,0,1
1505,1,1061,25/01/2026,09:44,10:04,0,2
1506,1,1273,25/01/2026,10:16,10:33,0,3
1507,1,1410,25/01/2026,10:40,11:04,0,4
1508,1,1142,25/01/2026,11:08,11:18,0,5
1509,1,1411,25/01/2026,11:24,11:48,0,6
1510,1,1093,26/01/2026,09:18,09:34,0,1
1511,1,1236,26/01/2026,09:40,10:01,0,2
1512,1,1425,26/01/2026,10:10,10:17,0,3
1513,1,1094,26/01/2026,10:21,10:39,0,4
1514,1,1200,26/01/2026,10:43,,0,5
1515,1,1001,26/01/2026,11:03,11:25,0,6
1516,1,1102,26/01/2026,11:33,11:42,0,7
1517,1,1402,26/01/2026,11:46,12:04,0,8
1518,1,1410,26/01/2026,12:12,12:27,0,9
1519,1,1344,26/01/2026,12:31,12:46,0,10
1520,1,1131,26/01/2026,12:52,13:00,0,11
1521,1,1138,27/01/2026,09:24,09:37,0,1
1522,1,1323,27/01/2026,09:43,09:57,0,2
1523,1,1231,27/01/2026,10:01,10:20,0,3
1524,1,1152,27/01/2026,10:27,10:50,0,4
1525,1,1006,27/01/2026,10:54,11:08,0,5
1526,1,1015,27/01/2026,11:16,11:27,0,6
1527,1,1323,27/01/2026,11:31,11:38,0,7
1528,1,1074,27/01/2026,11:45,12:12,0,8
1529,1,1099,27/01/2026,12:16,12:29,0,9
1530,1,1148,27/01/2026,12:34,12:45,0,10
1531,1,1400,28/01/2026,09:10,09:29,0,1
1532,1,1071,28/01/2026,09:36,09:50,0,2
1533,1,1213,28/01/2026,09:56,10:15,0,3
1534,1,1309,28/01/2026,10:26,10:47,0,4
1535,1,1200,28/01/2026,11:00,11:14,0,5
1536,1,1132,28/01/2026,11:18,11:38,0,6
1537,1,1132,28/01/2026,11:45,12:08,0,7
1538,1,1021,28/01/2026,12:12,12:30,0,8
1539,1,1285,29/01/2026,09:25,09:44,0,1
1540,1,1132,29/01/2026,09:49,10:06,0,2
1541,1,1395,29/01/2026,10:16,10:34,0,3
1542,1,1414,29/01/2026,10:41,10:55,0,4
1543,1,1417,29/01/2026,10:59,11:11,0,5
1544,1,1214,29/01/2026,11:19,11:26,0,6
1545,1,1130,29/01/2026,11:30,12:01,0,7
1546,1,1153,29/01/2026,12:05,12:24,0,8
1547,1,1399,29/01/2026,12:35,12:58,0,9
1548,1,1076,29/01/2026,13:03,13:25,0,10
1549,1,1060,31/01/2026,09:26,09:42,0,1
1550,1,1368,31/01/2026,09:48,10:11,0,2
1551,1,1341,31/01/2026,10:18,10:40,0,3
1552,1,1034,31/01/2026,10:46,10:54,0,4
1553,1,1325,31/01/2026,10:59,11:28,0,5
1554,1,1243,31/01/2026,11:35,11:54,0,6
1555,1,1423,01/02/2026,09:10,09:24,0,1
1556,1,1162,01/02/2026,09:28,,0,2
1557,1,1224,01/02/2026,09:54,10:18,0,3
1558,1,1010,01/02/2026,10:26,10:47,0,4
1559,1,1313,01/02/2026,10:51,11:10,0,5
1560,1,1116,01/02/2026,11:18,11:46,0,6
1561,1,2803,01/02/2026,11:51,12:12,0,7
1562,1,1325,01/02/2026,12:16,12:32,0,8
1563,1,1191,01/02/2026,12:44,13:07,0,9
1564,1,1383,01/02/2026,13:13,13:20,0,10
1565,1,1276,01/02/2026,13:26,13:34,0,11
1566,1,1145,02/02/2026,09:23,09:41,0,1
1567,1,1201,02/02/2026,09:49,10:15,0,2
1568,1,1121,02/02/2026,10:19,10:27,0,3
1569,1,1164,02/02/2026,10:34,10:52,0,4
1570,1,1051,02/02/2026,11:06,11:21,0,5
1571,1,1386,02/02/2026,11:25,11:42,0,6
1572,1,1201,02/02/2026,11:46,12:00,0,7
1573,1,1319,02/02/2026,12:07,12:15,0,8
1574,1,1026,03/02/2026,09:17,09:27,0,1
1575,1,1260,03/02/2026,09:34,09:53,0,2
1576,1,1427,03/02/2026,10:02,10:24,0,3
1577,1,1103,03/02/2026,10:28,,0,4
1578,1,1076,03/02/2026,10:48,11:23,0,5
1579,1,1090,03/02/2026,11:32,11:39,0,6
1580,1,1105,03/02/2026,11:47,11:55,0,7
1581,1,1274,03/02/2026,12:00,12:07,0,8
1582,1,1350,03/02/2026,12:16,12:43,0,9
1583,1,1268,03/02/2026,12:47,13:08,0,10
1584,1,1086,03/02/2026,13:12,13:37,0,11
1585,1,1151,04/02/2026,09:35,09:55,0,1
1586,1,1307,04/02/2026,10:04,10:23,0,2
1587,1,1110,04/02/2026,10:30,10:39,0,3
1588,1,1058,04/02/2026,10:47,11:06,0,4
1589,1,1280,04/02/2026,11:10,11:22,0,5
1590,1,1033,04/02/2026,11:26,11:50,0,6
1591,1,1132,04/02/2026,11:55,12:20,0,7
1592,1,1139,04/02/2026,12:27,12:42,0,8
1593,1,1411,04/02/2026,12:46,13:04,0,9
1594,1,1307,04/02/2026,13:11,13:30,0,10
1595,1,1415,04/02/2026,13:39,13:53,0,11
1596,1,1194,05/02/2026,09:25,09:36,0,1
1597,1,1266,05/02/2026,09:41,09:58,0,2
1598,1,1264,05/02/2026,10:02,10:22,0,3
1599,1,1081,05/02/2026,10:26,10:49,0,4
1600,1,1145,05/02/2026,10:55,11:31,0,5
1601,1,1039,05/02/2026,11:38,11:55,0,6
1602,1,1162,05/02/2026,12:04,12:30,0,7
1603,1,1064,07/02/2026,09:17,09:37,0,1
1604,1,1343,07/02/2026,09:43,10:02,0,2
1605,1,1217,07/02/2026,10:07,10:19,0,3
1606,1,1416,07/02/2026,10:25,10:40,0,4
1607,1,1275,07/02/2026,10:46,10:55,0,5
1608,1,1037,07/02/2026,11:04,11:15,0,6
1609,1,1164,07/02/2026,11:19,11:42,0,7
1610,1,1050,08/02/2026,09:13,09:22,0,1
1611,1,1091,08/02/2026,09:29,09:51,0,2
1612,1,1270,08/02/2026,09:55,10:19,0,3
1613,1,1187,08/02/2026,10:23,10:30,0,4
1614,1,1429,08/02/2026,10:38,10:57,0,5
1615,1,1185,08/02/2026,11:01,11:13,0,6
1616,1,1063,08/02/2026,11:18,11:37,0,7
1617,1,1267,08/02/2026,11:41,11:54,0,8
1618,1,1187,08/02/2026,12:00,12:17,0,9
1619,1,1351,09/02/2026,09:25,09:32,0,1
1620,1,1086,09/02/2026,09:36,09:57,0,2
1621,1,1010,09/02/2026,10:07,10:14,0,3
1622,1,1174,09/02/2026,10:18,10:32,0,4
1623,1,1423,09/02/2026,10:36,10:50,0,5
1624,1,1075,09/02/2026,10:56,11:23,0,6
1625,1,1047,09/02/2026,11:36,11:59,0,7
1626,1,1301,09/02/2026,12:06,12:27,0,8
1627,1,1210,09/02/2026,12:33,12:48,0,9
1628,1,1349,09/02/2026,12:57,,1,10
1629,1,1181,10/02/2026,09:28,09:45,0,1
1630,1,1276,10/02/2026,09:49,10:04,0,2
1631,1,1210,10/02/2026,10:08,10:18,0,3
1632,1,1084,10/02/2026,10:27,10:43,0,4
1633,1,1040,10/02/2026,10:47,10:59,0,5
1634,1,1251,10/02/2026,11:09,11:20,0,6
1635,1,1316,11/02/2026,09:17,09:39,0,1
1636,1,1434,11/02/2026,09:45,10:10,0,2
1637,1,1051,11/02/2026,10:20,10:36,0,3
1638,1,1264,11/02/2026,10:44,11:03,0,4
1639,1,1084,11/02/2026,11:07,11:26,0,5
1640,1,1006,11/02/2026,11:32,11:54,0,6
1641,1,1304,11/02/2026,12:03,12:14,0,7
1642,1,1074,11/02/2026,12:21,12:41,0,8
1643,1,1366,11/02/2026,12:45,12:58,0,9
1644,1,1010,12/02/2026,09:15,09:28,0,1
1645,1,1058,12/02/2026,09:36,09:52,0,2
1646,1,1294,12/02/2026,09:56,10:03,0,3
1647,1,1190,12/02/2026,10:07,10:16,0,4
1648,1,1215,12/02/2026,10:26,10:51,0,5
1649,1,1132,12/02/2026,10:59,11:18,0,6
1650,1,1149,12/02/2026,11:23,11:36,0,7
1651,1,1384,12/02/2026,11:40,12:06,0,8
1652,1,1304,12/02/2026,12:14,12:33,0,9
1653,1,2806,12/02/2026,12:39,12:58,0,10
1654,1,1361,12/02/2026,13:02,13:14,0,11
1655,1,1331,14/02/2026,09:08,09:23,0,1
1656,1,1067,14/02/2026,09:36,09:58,0,2
1657,1,1025,14/02/2026,10:02,10:23,0,3
1658,1,1250,14/02/2026,10:27,10:49,0,4
1659,1,1189,14/02/2026,10:54,11:04,0,5
1660,1,1004,14/02/2026,11:08,11:22,0,6
1661,1,1024,14/02/2026,11:31,11:52,0,7
1662,1,1226,14/02/2026,11:58,,1,8
1663,1,1390,14/02/2026,12:17,,0,9
1664,1,1414,15/02/2026,09:15,09:34,0,1
1665,1,1274,15/02/2026,09:41,09:49,0,2
1666,1,1227,15/02/2026,09:54,10:12,0,3
1667,1,1168,15/02/2026,10:16,10:34,0,4
1668,1,1025,15/02/2026,10:38,10:54,0,5
1669,1,1111,15/02/2026,11:05,11:12,0,6
1670,1,1142,15/02/2026,11:16,11:46,0,7
1671,1,1389,15/02/2026,11:52,12:10,0,8
1672,1,1157,16/02/2026,09:23,09:40,0,1
1673,1,1205,16/02/2026,09:46,,0,2
1674,1,1036,16/02/2026,10:07,10:25,0,3
1675,1,1222,16/02/2026,10:31,10:38,0,4
1676,1,1120,16/02/2026,10:43,11:05,0,5
1677,1,1222,16/02/2026,11:14,11:30,0,6
1678,1,1071,16/02/2026,11:37,11:55,0,7
1679,1,1419,17/02/2026,09:18,09:56,0,1
1680,1,1253,17/02/2026,10:02,10:24,0,2
1681,1,1187,17/02/2026,10:30,10:44,0,3
1682,1,1272,17/02/2026,10:54,,0,4
1683,1,1304,17/02/2026,11:34,11:53,0,5
1684,1,1102,17/02/2026,11:57,12:20,0,6
1685,1,1022,17/02/2026,12:25,12:37,0,7
1686,1,1049,18/02/2026,09:19,09:33,0,1
1687,1,1296,18/02/2026,09:42,10:05,0,2
1688,1,1259,18/02/2026,10:11,10:32,0,3
1689,1,1060,18/02/2026,10:36,11:00,0,4
1690,1,1398,18/02/2026,11:05,,0,5
1691,1,1437,18/02/2026,11:27,11:41,0,6
1692,1,1313,18/02/2026,11:48,11:57,0,7
1693,1,1101,19/02/2026,09:25,09:40,0,1
1694,1,1421,19/02/2026,09:50,10:05,0,2
1695,1,1354,19/02/2026,10:13,10:40,0,3
1696,1,1203,19/02/2026,10:46,10:53,0,4
1697,1,1395,19/02/2026,10:57,11:16,0,5
1698,1,1297,19/02/2026,11:26,,0,6
1699,1,1431,19/02/2026,11:41,11:53,0,7
1700,1,1183,19/02/2026,11:58,12:26,0,8
1701,1,1209,21/02/2026,09:13,09:28,0,1
1702,1,1327,21/02/2026,09:37,09:59,0,2
1703,1,1290,21/02/2026,10:08,10:25,0,3
1704,1,1191,21/02/2026,10:30,10:51,0,4
1705,1,1092,21/02/2026,10:58,11:09,0,5
1706,1,1290,21/02/2026,11:13,11:32,0,6
1707,1,1431,22/02/2026,09:26,09:33,0,1
1708,1,1143,22/02/2026,09:39,09:59,0,2
1709,1,1197,22/02/2026,10:07,10:35,0,3
1710,1,1299,22/02/2026,10:39,10:55,0,4
1711,1,1060,22/02/2026,11:04,11:24,0,5
1712,1,1162,22/02/2026,11:31,11:56,0,6
1713,1,1241,22/02/2026,12:03,12:20,0,7
1714,1,1120,22/02/2026,12:26,12:33,0,8
1715,1,1061,22/02/2026,12:37,12:45,0,9
1716,1,1220,22/02/2026,12:50,13:11,0,10
1717,1,1434,22/02/2026,13:18,13:27,0,11
1718,1,1256,23/02/2026,09:08,09:29,0,1
1719,1,1083,23/02/2026,09:36,10:07,0,2
1720,1,1412,23/02/2026,10:16,10:25,0,3
1721,1,1051,23/02/2026,10:29,10:50,0,4
1722,1,1084,23/02/2026,10:54,11:10,0,5
1723,1,1427,23/02/2026,11:15,11:26,0,6
1724,1,1050,24/02/2026,09:11,09:20,0,1
1725,1,2806,24/02/2026,09:26,09:52,0,2
1726,1,1269,24/02/2026,09:58,10:11,0,3
1727,1,1239,24/02/2026,10:19,,0,4
1728,1,1418,24/02/2026,10:32,10:49,0,5
1729,1,1405,24/02/2026,10:54,11:15,0,6
1730,1,1388,24/02/2026,11:26,11:36,0,7
1731,1,1149,24/02/2026,11:40,11:52,0,8
1732,1,1425,24/02/2026,11:57,12:06,0,9
1733,1,1232,24/02/2026,12:11,12:30,0,10
1734,1,1127,24/02/2026,12:34,13:03,0,11
1735,1,1180,25/02/2026,09:23,09:41,0,1
1736,1,1106,25/02/2026,09:49,10:07,0,2
1737,1,1333,25/02/2026,10:14,10:25,0,3
1738,1,1238,25/02/2026,10:29,10:56,0,4
1739,1,1305,25/02/2026,11:02,,0,5
1740,1,1417,25/02/2026,11:38,11:48,0,6
1741,1,1211,25/02/2026,11:52,11:59,0,7
1742,1,1118,26/02/2026,09:26,,0,1
1743,1,1225,26/02/2026,09:48,10:05,0,2
1744,1,1327,26/02/2026,10:09,10:26,0,3
1745,1,1347,26/02/2026,10:33,10:45,0,4
1746,1,1321,26/02/2026,10:49,,0,5
1747,1,1217,26/02/2026,11:12,11:29,0,6
1748,1,1081,28/02/2026,09:27,09:49,0,1
1749,1,1288,28/02/2026,09:58,10:24,0,2
1750,1,1358,28/02/2026,10:35,10:53,0,3
1751,1,1092,28/02/2026,10:58,,0,4
1752,1,1213,28/02/2026,11:24,11:45,0,5
1753,1,1090,28/02/2026,11:49,12:17,0,6
1754,1,1265,28/02/2026,12:25,12:43,0,7
1755,1,1395,28/02/2026,12:48,13:06,0,8
1756,1,1251,28/02/2026,13:16,13:29,0,9
1757,1,1114,28/02/2026,13:37,13:58,0,10
1758,1,1342,28/02/2026,14:02,14:24,0,11
1759,1,1428,01/03/2026,09:09,09:24,0,1
1760,1,1136,01/03/2026,09:29,09:55,0,2
1761,1,1101,01/03/2026,09:59,10:10,0,3
1762,1,1423,01/03/2026,10:20,10:38,0,4
1763,1,1202,01/03/2026,10:47,11:07,0,5
1764,1,1426,01/03/2026,11:14,11:22,0,6
1765,1,1225,02/03/2026,09:14,09:49,0,1
1766,1,1296,02/03/2026,09:58,10:18,0,2
1767,1,1141,02/03/2026,10:24,10:48,0,3
1768,1,1280,02/03/2026,10:56,11:06,0,4
1769,1,1189,02/03/2026,11:13,11:30,0,5
1770,1,1257,02/03/2026,11:38,11:55,0,6
1771,1,1002,02/03/2026,11:59,12:11,0,7
1772,1,1024,03/03/2026,09:25,09:44,0,1
1773,1,1392,03/03/2026,09:51,10:03,0,2
1774,1,1226,03/03/2026,10:10,10:23,0,3
1775,1,1180,03/03/2026,10:32,10:41,0,4
1776,1,1001,03/03/2026,10:54,11:13,0,5
1777,1,1290,03/03/2026,11:18,11:25,0,6
1778,1,1285,03/03/2026,11:30,11:55,0,7
1779,1,1159,04/03/2026,09:19,09:38,0,1
1780,1,1023,04/03/2026,09:51,09:58,0,2
1781,1,1216,04/03/2026,10:03,10:22,0,3
1782,1,1191,04/03/2026,10:29,10:48,0,4
1783,1,1249,04/03/2026,10:52,11:06,0,5
1784,1,1084,04/03/2026,11:11,,1,6
1785,1,1352,04/03/2026,11:36,11:44,0,7
1786,1,1037,05/03/2026,09:19,09:31,0,1
1787,1,1030,05/03/2026,09:39,10:03,0,2
1788,1,1361,05/03/2026,10:17,10:24,0,3
1789,1,1118,05/03/2026,10:28,10:47,0,4
1790,1,1017,05/03/2026,10:54,11:10,0,5
1791,1,1239,05/03/2026,11:17,11:42,0,6
1792,1,1436,05/03/2026,11:50,12:05,0,7
1793,1,1115,05/03/2026,12:09,,0,8
1794,1,1185,05/03/2026,12:28,,0,9
1795,1,1381,07/03/2026,09:28,09:50,0,1
1796,1,1018,07/03/2026,09:54,10:19,0,2
1797,1,1053,07/03/2026,10:25,10:42,0,3
1798,1,1361,07/03/2026,10:50,11:04,0,4
1799,1,1413,07/03/2026,11:09,11:26,0,5
1800,1,1424,07/03/2026,11:33,11:46,0,6
1801,1,1423,07/03/2026,11:50,12:10,0,7
1802,1,1265,07/03/2026,12:14,12:43,0,8
1803,1,1145,07/03/2026,12:50,,0,9
1804,1,1303,08/03/2026,09:21,09:30,0,1
1805,1,1430,08/03/2026,09:43,10:00,0,2
1806,1,1155,08/03/2026,10:08,10:26,0,3
1807,1,1001,08/03/2026,10:33,10:53,0,4
1808,1,1420,08/03/2026,11:00,11:20,0,5
1809,1,1285,08/03/2026,11:24,,0,6
1810,1,1321,08/03/2026,11:41,,0,7
1811,1,1034,08/03/2026,12:02,12:17,0,8
1812,1,1162,08/03/2026,12:26,12:50,0,9
1813,1,1103,09/03/2026,09:12,09:27,0,1
1814,1,1137,09/03/2026,09:33,09:58,0,2
1815,1,1197,09/03/2026,10:03,10:15,0,3
1816,1,1068,09/03/2026,10:22,10:41,0,4
1817,1,1046,09/03/2026,10:52,11:12,0,5
1818,1,1301,09/03/2026,11:16,11:25,0,6
1819,1,1005,09/03/2026,11:29,11:49,0,7
1820,1,1005,09/03/2026,11:57,,0,8
1821,1,1197,10/03/2026,09:26,09:54,0,1
1822,1,1121,10/03/2026,10:02,10:22,0,2
1823,1,1363,10/03/2026,10:29,10:53,0,3
1824,1,1134,10/03/2026,10:57,11:12,0,4
1825,1,1225,10/03/2026,11:17,11:47,0,5
1826,1,1092,10/03/2026,11:52,12:02,0,6
1827,1,1214,10/03/2026,12:09,12:18,0,7
1828,1,1137,10/03/2026,12:24,12:54,0,8
1829,1,1235,10/03/2026,13:05,13:12,0,9
1830,1,1140,10/03/2026,13:16,,0,10
1831,1,1365,10/03/2026,13:27,13:41,0,11
1832,1,1303,11/03/2026,09:24,09:36,0,1
1833,1,1348,11/03/2026,09:40,09:58,0,2
1834,1,1363,11/03/2026,10:03,10:20,0,3
1835,1,1222,11/03/2026,10:24,10:32,0,4
1836,1,1416,11/03/2026,10:39,10:57,0,5
1837,1,1174,11/03/2026,11:02,11:23,0,6
1838,1,1382,11/03/2026,11:31,11:59,0,7
1839,1,1187,11/03/2026,12:05,12:19,0,8
1840,1,1247,11/03/2026,12:29,12:43,0,9
1841,1,1380,11/03/2026,12:52,12:59,0,10
1842,1,1162,11/03/2026,13:06,13:16,0,11
1843,1,1336,12/03/2026,09:10,09:17,0,1
1844,1,1323,12/03/2026,09:23,09:34,0,2
1845,1,1237,12/03/2026,09:41,10:11,0,3
1846,1,1161,12/03/2026,10:22,10:36,0,4
1847,1,1075,12/03/2026,10:43,11:03,0,5
1848,1,1181,12/03/2026,11:07,11:30,0,6
1849,1,1362,12/03/2026,11:34,11:57,0,7
1850,1,1403,14/03/2026,09:31,10:02,0,1
1851,1,1424,14/03/2026,10:06,10:26,0,2
1852,1,1145,14/03/2026,10:32,10:54,0,3
1853,1,1074,14/03/2026,10:58,11:13,0,4
1854,1,1074,14/03/2026,11:19,11:42,0,5
1855,1,1258,14/03/2026,11:47,12:04,0,6
1856,1,1224,14/03/2026,12:12,12:38,0,7
1857,1,1410,14/03/2026,12:42,13:03,0,8
1858,1,1387,14/03/2026,13:12,13:31,0,9
1859,1,1117,14/03/2026,13:39,13:58,0,10
1860,1,1060,15/03/2026,09:30,09:39,0,1
1861,1,1073,15/03/2026,09:50,10:16,0,2
1862,1,1012,15/03/2026,10:22,10:29,0,3
1863,1,1014,15/03/2026,10:37,11:03,0,4
1864,1,1368,15/03/2026,11:12,11:29,0,5
1865,1,1106,15/03/2026,11:33,11:42,0,6
1866,1,1325,15/03/2026,11:46,12:00,0,7
1867,1,1377,15/03/2026,12:06,12:19,0,8
1868,1,1381,15/03/2026,12:24,12:42,0,9
1869,1,1063,15/03/2026,12:46,13:02,0,10
1870,1,1266,15/03/2026,13:11,13:36,0,11
1871,1,1322,16/03/2026,09:32,09:39,0,1
1872,1,1164,16/03/2026,09:46,10:12,0,2
1873,1,1152,16/03/2026,10:24,10:58,0,3
1874,1,1142,16/03/2026,11:08,11:27,0,4
1875,1,1321,16/03/2026,11:31,11:53,0,5
1876,1,1063,16/03/2026,11:59,12:17,0,6
1877,1,1201,16/03/2026,12:23,12:51,0,7
1878,1,1062,16/03/2026,12:55,13:02,0,8
1879,1,1434,16/03/2026,13:10,13:31,0,9
1880,1,1380,16/03/2026,13:40,13:53,0,10
1881,1,1042,17/03/2026,09:10,09:27,0,1
1882,1,1227,17/03/2026,09:31,09:49,0,2
1883,1,1114,17/03/2026,09:56,10:14,0,3
1884,1,1010,17/03/2026,10:21,10:36,0,4
1885,1,1047,17/03/2026,10:42,11:00,0,5
1886,1,1025,17/03/2026,11:06,11:29,0,6
1887,1,1006,17/03/2026,11:37,12:15,0,7
1888,1,1337,17/03/2026,12:19,12:40,0,8
1889,1,1405,17/03/2026,12:46,13:03,0,9
1890,1,1217,18/03/2026,09:22,09:35,0,1
1891,1,1275,18/03/2026,09:42,09:49,0,2
1892,1,1128,18/03/2026,09:57,10:08,0,3
1893,1,2822,18/03/2026,10:15,,1,4
1894,1,1117,18/03/2026,10:40,10:47,0,5
1895,1,1102,18/03/2026,10:51,11:06,0,6
1896,1,1287,18/03/2026,11:11,11:35,0,7
1897,1,1222,18/03/2026,11:39,11:54,0,8
1898,1,1333,18/03/2026,12:01,12:29,0,9
1899,1,1293,19/03/2026,09:10,09:28,0,1
1900,1,1368,19/03/2026,09:32,09:45,0,2
1901,1,1386,19/03/2026,09:55,10:15,0,3
1902,1,1114,19/03/2026,10:20,,1,4
1903,1,1239,19/03/2026,10:44,,0,5
1904,1,1301,19/03/2026,11:08,11:15,0,6
1905,1,1190,19/03/2026,11:27,11:37,0,7
1906,1,1199,19/03/2026,11:45,12:06,0,8
1907,1,1436,21/03/2026,09:21,09:28,0,1
1908,1,1356,21/03/2026,09:38,10:10,0,2
1909,1,1152,21/03/2026,10:14,10:28,0,3
1910,1,1064,21/03/2026,10:34,10:45,0,4
1911,1,1002,21/03/2026,10:55,11:02,0,5
1912,1,1254,21/03/2026,11:11,11:36,0,6
1913,1,1310,21/03/2026,11:40,11:54,0,7
1914,1,1437,21/03/2026,12:03,12:21,0,8
1915,1,1428,21/03/2026,12:26,12:47,0,9
1916,1,1347,22/03/2026,09:24,09:50,0,1
1917,1,1368,22/03/2026,09:54,10:15,0,2
1918,1,1123,22/03/2026,10:26,10:39,0,3
1919,1,1100,22/03/2026,10:49,11:10,0,4
1920,1,1187,22/03/2026,11:17,11:32,0,5
1921,1,1273,22/03/2026,11:37,11:48,0,6
1922,1,1402,22/03/2026,11:55,12:02,0,7
1923,1,1345,23/03/2026,09:13,09:43,0,1
1924,1,1269,23/03/2026,09:47,10:03,0,2
1925,1,1247,23/03/2026,10:14,10:27,0,3
1926,1,1052,23/03/2026,10:33,10:50,0,4
1927,1,1243,23/03/2026,11:00,,0,5
1928,1,1321,23/03/2026,11:24,11:38,0,6
1929,1,1157,24/03/2026,09:29,09:45,0,1
1930,1,1194,24/03/2026,09:54,10:06,0,2
1931,1,1038,24/03/2026,10:15,10:32,0,3
1932,1,1074,24/03/2026,10:41,10:57,0,4
1933,1,1235,24/03/2026,11:08,11:29,0,5
1934,1,1112,24/03/2026,11:37,11:51,0,6
1935,1,1079,25/03/2026,09:20,09:38,0,1
1936,1,1188,25/03/2026,09:44,09:53,0,2
1937,1,1158,25/03/2026,09:58,10:22,0,3
1938,1,1106,25/03/2026,10:26,10:41,0,4
1939,1,1042,25/03/2026,10:49,11:05,0,5
1940,1,1036,25/03/2026,11:09,11:16,0,6
1941,1,1439,25/03/2026,11:24,11:40,0,7
1942,1,1136,25/03/2026,11:47,12:14,0,8
1943,1,1423,26/03/2026,09:26,09:43,0,1
1944,1,1403,26/03/2026,09:52,10:02,0,2
1945,1,1251,26/03/2026,10:09,10:17,0,3
1946,1,1048,26/03/2026,10:22,10:37,0,4
1947,1,1202,26/03/2026,10:46,11:00,0,5
1948,1,1304,26/03/2026,11:04,11:24,0,6
1949,1,1107,26/03/2026,11:33,11:55,0,7
1950,1,1123,26/03/2026,12:04,12:22,0,8
1951,1,1099,26/03/2026,12:28,12:39,0,9
1952,1,1142,28/03/2026,09:33,10:02,0,1
1953,1,1145,28/03/2026,10:06,10:22,0,2
1954,1,1078,28/03/2026,10:29,10:42,0,3
1955,1,1046,28/03/2026,10:47,11:03,0,4
1956,1,1088,28/03/2026,11:07,11:30,0,5
1957,1,1288,28/03/2026,11:38,11:55,0,6
1958,1,1216,28/03/2026,11:59,12:24,0,7
1959,1,1275,29/03/2026,09:33,09:42,0,1
1960,1,1346,29/03/2026,09:51,10:17,0,2
1961,1,1327,29/03/2026,10:22,10:33,0,3
1962,1,1124,29/03/2026,10:42,11:07,0,4
1963,1,1266,29/03/2026,11:11,11:41,0,5
1964,1,1035,29/03/2026,11:49,12:05,0,6
1965,1,1340,29/03/2026,12:13,12:28,0,7
1966,1,1052,30/03/2026,09:26,09:46,0,1
1967,1,2806,30/03/2026,09:51,10:13,0,2
1968,1,1428,30/03/2026,10:17,10:43,0,3
1969,1,1260,30/03/2026,10:47,10:55,0,4
1970,1,1389,30/03/2026,11:05,11:28,0,5
1971,1,1210,30/03/2026,11:35,11:58,0,6
1972,1,1303,31/03/2026,09:35,09:56,0,1
1973,1,1084,31/03/2026,10:02,10:19,0,2
1974,1,1257,31/03/2026,10:23,10:33,0,3
1975,1,1218,31/03/2026,10:40,10:59,0,4
1976,1,1273,31/03/2026,11:06,11:16,0,5
1977,1,1398,31/03/2026,11:20,11:34,0,6
1978,1,1370,31/03/2026,11:40,12:03,0,7
1979,1,1012,31/03/2026,12:07,12:29,0,8
1980,1,1094,31/03/2026,12:33,12:51,0,9
1981,1,1218,31/03/2026,13:02,13:21,0,10
1982,1,1068,31/03/2026,13:28,13:35,0,11
1983,1,1409,01/04/2026,09:19,09:38,0,1
1984,1,1286,01/04/2026,09:47,09:59,0,2
1985,1,1219,01/04/2026,10:08,10:20,0,3
1986,1,1000,01/04/2026,10:28,10:45,0,4
1987,1,1258,01/04/2026,10:53,11:11,0,5
1988,1,1346,01/04/2026,11:20,11:34,0,6
1989,1,1117,01/04/2026,11:39,11:57,0,7
1990,1,1410,01/04/2026,12:04,12:25,0,8
1991,1,1119,01/04/2026,12:34,12:41,0,9
1992,1,1324,01/04/2026,12:50,,0,10
1993,1,1105,01/04/2026,13:11,13:21,0,11
1994,1,1191,02/04/2026,09:16,09:31,0,1
1995,1,1140,02/04/2026,09:37,10:01,0,2
1996,1,1014,02/04/2026,10:07,10:26,0,3
1997,1,1431,02/04/2026,10:35,10:56,0,4
1998,1,1117,02/04/2026,11:06,11:22,0,5
1999,1,1376,02/04/2026,11:31,12:05,0,6
2000,1,1140,02/04/2026,12:15,12:39,0,7
2001,1,1001,02/04/2026,12:49,13:15,0,8
2002,1,1124,02/04/2026,13:20,13:32,0,9
2003,1,1073,02/04/2026,13:39,13:55,0,10
2004,1,1086,02/04/2026,14:00,14:16,0,11
2005,1,1284,04/04/2026,09:17,09:30,0,1
2006,1,1286,04/04/2026,09:36,09:56,0,2
2007,1,1391,04/04/2026,10:03,10:26,0,3
2008,1,1010,04/04/2026,10:34,10:55,0,4
2009,1,1438,04/04/2026,11:00,11:17,0,5
2010,1,1044,04/04/2026,11:28,11:37,0,6
2011,1,1091,04/04/2026,11:46,12:06,0,7
2012,1,1155,04/04/2026,12:12,12:35,0,8
2013,1,1294,05/04/2026,09:16,09:35,0,1
2014,1,1299,05/04/2026,09:43,09:59,0,2
2015,1,1162,05/04/2026,10:10,10:31,0,3
2016,1,1160,05/04/2026,10:41,11:02,0,4
2017,1,1093,05/04/2026,11:06,,0,5
2018,1,1400,05/04/2026,11:30,11:47,0,6
2019,1,1237,05/04/2026,11:52,,0,7
2020,1,1278,06/04/2026,09:09,09:30,0,1
2021,1,1090,06/04/2026,09:34,09:41,0,2
2022,1,1384,06/04/2026,09:47,09:59,0,3
2023,1,1036,06/04/2026,10:04,10:27,0,4
2024,1,1161,06/04/2026,10:34,10:57,0,5
2025,1,1437,06/04/2026,11:06,11:19,0,6
2026,1,1299,06/04/2026,11:24,11:39,0,7
2027,1,1020,06/04/2026,11:46,12:03,0,8
2028,1,1169,06/04/2026,12:14,12:32,0,9
2029,1,1140,06/04/2026,12:36,,0,10
2030,1,1021,07/04/2026,09:24,09:42,0,1
2031,1,1349,07/04/2026,09:52,10:11,0,2
2032,1,1409,07/04/2026,10:18,10:30,0,3
2033,1,1071,07/04/2026,10:37,10:44,0,4
2034,1,1346,07/04/2026,10:52,11:13,0,5
2035,1,1264,07/04/2026,11:17,11:28,0,6
2036,1,1025,07/04/2026,11:35,12:05,0,7
2037,1,1280,07/04/2026,12:10,,1,8
2038,1,1202,07/04/2026,12:39,12:46,0,9
2039,1,1208,08/04/2026,09:21,09:39,0,1
2040,1,1272,08/04/2026,09:45,09:59,0,2
2041,1,1231,08/04/2026,10:03,10:19,0,3
2042,1,1358,08/04/2026,10:24,10:45,0,4
2043,1,1350,08/04/2026,10:49,11:13,0,5
2044,1,1201,08/04/2026,11:18,11:39,0,6
2045,1,1220,08/04/2026,11:43,11:50,0,7
2046,1,1382,08/04/2026,12:01,12:27,0,8
2047,1,1304,08/04/2026,12:36,13:00,0,9
2048,1,1392,09/04/2026,09:10,09:27,0,1
2049,1,1102,09/04/2026,09:37,09:46,0,2
2050,1,1005,09/04/2026,09:55,10:22,0,3
2051,1,1153,09/04/2026,10:26,10:33,0,4
2052,1,1333,09/04/2026,10:42,11:02,0,5
2053,1,1256,09/04/2026,11:13,11:27,0,6
2054,1,1277,09/04/2026,11:34,11:42,0,7
2055,1,1236,11/04/2026,09:29,09:36,0,1
2056,1,1219,11/04/2026,09:40,09:54,0,2
2057,1,1203,11/04/2026,10:03,10:10,0,3
2058,1,1207,11/04/2026,10:20,10:39,0,4
2059,1,1216,11/04/2026,10:46,11:07,0,5
2060,1,1089,11/04/2026,11:13,11:23,0,6
2061,1,1429,11/04/2026,11:30,11:55,0,7
2062,1,1261,11/04/2026,12:07,12:25,0,8
2063,1,1164,11/04/2026,12:30,12:51,0,9
2064,1,1089,11/04/2026,12:58,13:23,0,10
2065,1,1320,11/04/2026,13:30,13:55,0,11
2066,1,1331,12/04/2026,09:29,09:36,0,1
2067,1,1272,12/04/2026,09:44,09:57,0,2
2068,1,1100,12/04/2026,10:06,,0,3
2069,1,1343,12/04/2026,10:29,10:39,0,4
2070,1,1154,12/04/2026,10:43,11:05,0,5
2071,1,1209,12/04/2026,11:11,11:20,0,6
2072,1,1339,12/04/2026,11:27,11:44,0,7
2073,1,1345,12/04/2026,11:52,12:08,0,8
2074,1,1267,12/04/2026,12:14,12:25,0,9
2075,1,1145,13/04/2026,09:12,09:22,0,1
2076,1,1219,13/04/2026,09:31,09:40,0,2
2077,1,1106,13/04/2026,09:44,09:59,0,3
2078,1,1118,13/04/2026,10:04,10:21,0,4
2079,1,1216,13/04/2026,10:25,10:45,0,5
2080,1,1126,13/04/2026,10:53,11:00,0,6
2081,1,1316,13/04/2026,11:07,11:24,0,7
2082,1,1390,14/04/2026,09:25,09:52,0,1
2083,1,1333,14/04/2026,09:58,10:18,0,2
2084,1,1084,14/04/2026,10:28,10:49,0,3
2085,1,1016,14/04/2026,10:58,11:11,0,4
2086,1,1319,14/04/2026,11:20,11:41,0,5
2087,1,1243,14/04/2026,11:45,12:15,0,6
2088,1,1248,14/04/2026,12:22,12:30,0,7
2089,1,1425,15/04/2026,09:08,09:19,0,1
2090,1,1121,15/04/2026,09:23,09:35,0,2
2091,1,1104,15/04/2026,09:44,10:01,0,3
2092,1,1252,15/04/2026,10:05,10:23,0,4
2093,1,1081,15/04/2026,10:31,,0,5
2094,1,1160,15/04/2026,10:56,11:11,0,6
2095,1,1062,16/04/2026,09:33,09:46,0,1
2096,1,1020,16/04/2026,09:50,10:10,0,2
2097,1,1391,16/04/2026,10:14,10:36,0,3
2098,1,1061,16/04/2026,10:42,11:12,0,4
2099,1,1114,16/04/2026,11:17,11:50,0,5
2100,1,1149,16/04/2026,11:56,12:07,0,6
2101,1,1098,16/04/2026,12:12,12:31,0,7
2102,1,1098,16/04/2026,12:41,13:13,0,8
2103,1,1138,16/04/2026,13:21,13:28,0,9
2104,1,1180,16/04/2026,13:32,13:39,0,10
2105,1,1141,16/04/2026,13:43,14:00,0,11
2106,1,1010,18/04/2026,09:30,09:53,0,1
2107,1,1183,18/04/2026,10:02,10:26,0,2
2108,1,1093,18/04/2026,10:34,10:47,0,3
2109,1,1327,18/04/2026,10:55,11:12,0,4
2110,1,1004,18/04/2026,11:20,11:40,0,5
2111,1,1120,18/04/2026,11:52,12:04,0,6
2112,1,1344,19/04/2026,09:32,09:47,0,1
2113,1,1293,19/04/2026,09:56,10:04,0,2
2114,1,1437,19/04/2026,10:11,10:18,0,3
2115,1,1424,19/04/2026,10:22,10:35,0,4
2116,1,1092,19/04/2026,10:42,11:05,0,5
2117,1,1075,19/04/2026,11:09,11:30,0,6
2118,1,1280,19/04/2026,11:44,11:58,0,7
2119,1,1179,19/04/2026,12:07,12:32,0,8
2120,1,1339,20/04/2026,09:12,09:32,0,1
2121,1,1054,20/04/2026,09:41,09:54,0,2
2122,1,1257,20/04/2026,10:02,10:09,0,3
2123,1,1331,20/04/2026,10:13,10:20,0,4
2124,1,1009,20/04/2026,10:28,10:40,0,5
2125,1,1071,20/04/2026,10:47,11:01,0,6
2126,1,1054,21/04/2026,09:27,09:44,0,1
2127,1,1436,21/04/2026,09:52,10:04,0,2
2128,1,1241,21/04/2026,10:08,10:19,0,3
2129,1,1301,21/04/2026,10:24,10:35,0,4
2130,1,1427,21/04/2026,10:44,11:10,0,5
2131,1,1016,21/04/2026,11:14,11:32,0,6
2132,1,1131,21/04/2026,11:36,11:57,0,7
2133,1,1336,21/04/2026,12:01,12:16,0,8
2134,1,1137,21/04/2026,12:20,12:44,0,9
2135,1,1270,21/04/2026,12:48,12:57,0,10
2136,1,1231,21/04/2026,13:09,13:16,0,11
2137,1,1253,22/04/2026,09:19,09:40,0,1
2138,1,1053,22/04/2026,09:46,10:02,0,2
2139,1,1219,22/04/2026,10:09,10:18,0,3
2140,1,1147,22/04/2026,10:27,10:34,0,4
2141,1,1117,22/04/2026,10:38,10:50,0,5
2142,1,1067,22/04/2026,11:03,11:10,0,6
2143,1,1311,22/04/2026,11:14,11:22,0,7
2144,1,1378,22/04/2026,11:30,11:41,0,8
2145,1,1148,22/04/2026,11:53,,0,9
2146,1,1179,23/04/2026,09:26,09:48,0,1
2147,1,1241,23/04/2026,09:52,10:04,0,2
2148,1,1054,23/04/2026,10:13,10:26,0,3
2149,1,1320,23/04/2026,10:30,10:45,0,4
2150,1,1173,23/04/2026,10:50,11:10,0,5
2151,1,1284,23/04/2026,11:20,11:40,0,6
2152,1,1020,23/04/2026,11:50,12:17,0,7
2153,1,1296,23/04/2026,12:21,12:37,0,8
2154,1,1047,25/04/2026,09:29,09:46,0,1
2155,1,1154,25/04/2026,09:53,10:09,0,2
2156,1,1307,25/04/2026,10:13,10:35,0,3
2157,1,1195,25/04/2026,10:39,10:46,0,4
2158,1,1315,25/04/2026,10:51,11:01,0,5
2159,1,1236,25/04/2026,11:05,11:14,0,6
2160,1,1136,25/04/2026,11:23,11:47,0,7
2161,1,1025,25/04/2026,11:51,12:09,0,8
2162,1,1273,25/04/2026,12:20,12:27,0,9
2163,1,1426,25/04/2026,12:37,12:44,0,10
2164,1,1154,25/04/2026,12:49,13:07,0,11
2165,1,1198,26/04/2026,09:26,09:37,0,1
2166,1,1051,26/04/2026,09:43,10:07,0,2
2167,1,1208,26/04/2026,10:12,10:29,0,3
2168,1,1437,26/04/2026,10:33,10:43,0,4
2169,1,1330,26/04/2026,10:50,11:08,0,5
2170,1,1348,26/04/2026,11:18,11:47,0,6
2171,1,1346,26/04/2026,11:55,12:22,0,7
2172,1,1360,27/04/2026,09:13,09:32,0,1
2173,1,1366,27/04/2026,09:37,09:44,0,2
2174,1,1339,27/04/2026,09:53,10:07,0,3
2175,1,1057,27/04/2026,10:14,10:26,0,4
2176,1,1431,27/04/2026,10:32,,0,5
2177,1,1384,27/04/2026,10:48,11:08,0,6
2178,1,1409,28/04/2026,09:11,09:22,0,1
2179,1,1143,28/04/2026,09:39,09:51,0,2
2180,1,1241,28/04/2026,09:55,10:08,0,3
2181,1,1086,28/04/2026,10:14,10:33,0,4
2182,1,1105,28/04/2026,10:41,10:55,0,5
2183,1,1309,28/04/2026,11:06,11:25,0,6
2184,1,1189,28/04/2026,11:34,11:48,0,7
2185,1,1136,28/04/2026,11:55,12:08,0,8
2186,1,1047,29/04/2026,09:18,09:36,0,1
2187,1,1004,29/04/2026,09:43,,1,2
2188,1,1435,29/04/2026,10:04,10:19,0,3
2189,1,1269,29/04/2026,10:23,10:37,0,4
2190,1,1386,29/04/2026,10:44,10:55,0,5
2191,1,1151,29/04/2026,11:03,11:15,0,6
2192,1,1146,29/04/2026,11:23,11:37,0,7
2193,1,1141,29/04/2026,11:41,11:56,0,8
2194,1,1042,30/04/2026,09:15,09:34,0,1
2195,1,1243,30/04/2026,09:38,09:57,0,2
2196,1,1305,30/04/2026,10:11,10:24,0,3
2197,1,1061,30/04/2026,10:28,10:47,0,4
2198,1,1027,30/04/2026,10:51,11:08,0,5
2199,1,1025,30/04/2026,11:13,11:28,0,6
2200,1,1205,30/04/2026,11:36,11:43,0,7
2201,1,1038,30/04/2026,11:51,12:05,0,8
2202,1,1262,30/04/2026,12:14,12:27,0,9
2203,1,1180,02/05/2026,09:13,09:27,0,1
2204,1,1302,02/05/2026,09:31,09:54,0,2
2205,1,1251,02/05/2026,10:02,10:17,0,3
2206,1,1148,02/05/2026,10:26,10:33,0,4
2207,1,1403,02/05/2026,10:42,11:04,0,5
2208,1,1296,02/05/2026,11:18,11:34,0,6
2209,1,1294,02/05/2026,11:42,11:49,0,7
2210,1,1417,02/05/2026,11:56,12:15,0,8
2211,1,1368,02/05/2026,12:20,12:35,0,9
2212,1,1021,03/05/2026,09:20,09:40,0,1
2213,1,1131,03/05/2026,09:49,09:57,0,2
2214,1,1302,03/05/2026,10:02,10:34,0,3
2215,1,1022,03/05/2026,10:38,10:51,0,4
2216,1,1432,03/05/2026,11:02,11:19,0,5
2217,1,1136,03/05/2026,11:24,11:45,0,6
2218,1,1259,04/05/2026,09:10,09:27,0,1
2219,1,1281,04/05/2026,09:38,09:45,0,2
2220,1,1425,04/05/2026,09:52,10:03,0,3
2221,1,1293,04/05/2026,10:08,10:28,0,4
2222,1,1230,04/05/2026,10:42,10:52,0,5
2223,1,1238,04/05/2026,10:58,11:12,0,6
2224,1,1296,04/05/2026,11:17,11:43,0,7
2225,1,1175,04/05/2026,11:52,12:09,0,8
2226,1,1047,04/05/2026,12:15,12:31,0,9
2227,1,1139,05/05/2026,09:27,09:41,0,1
2228,1,1061,05/05/2026,09:52,10:08,0,2
2229,1,1315,05/05/2026,10:12,10:36,0,3
2230,1,1099,05/05/2026,10:44,11:03,0,4
2231,1,1270,05/05/2026,11:08,,0,5
2232,1,1426,05/05/2026,11:38,11:54,0,6
2233,1,1074,05/05/2026,12:05,12:29,0,7
2234,1,1316,05/05/2026,12:34,12:58,0,8
2235,1,1388,05/05/2026,13:03,13:17,0,9
2236,1,1158,06/05/2026,09:20,09:31,0,1
2237,1,1141,06/05/2026,09:37,09:53,0,2
2238,1,1018,06/05/2026,10:00,10:30,0,3
2239,1,1379,06/05/2026,10:34,10:47,0,4
2240,1,1047,06/05/2026,10:51,11:10,0,5
2241,1,1028,06/05/2026,11:14,11:30,0,6
2242,1,1086,06/05/2026,11:39,,1,7
2243,1,1284,06/05/2026,12:09,12:28,0,8
2244,1,1118,06/05/2026,12:34,12:55,0,9
2245,1,1263,06/05/2026,12:59,13:17,0,10
2246,1,1420,06/05/2026,13:23,13:52,0,11
2247,1,1310,07/05/2026,09:26,09:35,0,1
2248,1,1402,07/05/2026,09:41,09:55,0,2
2249,1,1236,07/05/2026,09:59,10:06,0,3
2250,1,1133,07/05/2026,10:15,10:34,0,4
2251,1,1387,07/05/2026,10:45,10:52,0,5
2252,1,1049,07/05/2026,11:00,11:17,0,6
2253,1,1205,07/05/2026,11:27,11:47,0,7
2254,1,1322,07/05/2026,11:51,11:58,0,8
2255,1,1086,07/05/2026,12:04,12:36,0,9
2256,1,1413,07/05/2026,12:40,12:55,0,10
2257,1,1051,09/05/2026,09:24,09:51,0,1
2258,1,1167,09/05/2026,10:00,10:07,0,2
2259,1,1319,09/05/2026,10:12,10:19,0,3
2260,1,1201,09/05/2026,10:23,10:37,0,4
2261,1,1217,09/05/2026,10:42,10:49,0,5
2262,1,1387,09/05/2026,10:59,11:10,0,6
2263,1,1034,09/05/2026,11:20,11:29,0,7
2264,1,1181,09/05/2026,11:35,12:05,0,8
2265,1,1048,09/05/2026,12:13,12:32,0,9
2266,1,1212,10/05/2026,09:20,09:40,0,1
2267,1,1250,10/05/2026,09:49,10:11,0,2
2268,1,1217,10/05/2026,10:15,10:22,0,3
2269,1,1141,10/05/2026,10:27,10:53,0,4
2270,1,1276,10/05/2026,11:02,11:26,0,5
2271,1,1094,10/05/2026,11:31,11:52,0,6
2272,1,1013,10/05/2026,11:56,12:18,0,7
2273,1,1187,10/05/2026,12:23,12:42,0,8
2274,1,1247,10/05/2026,12:46,12:53,0,9
2275,1,1367,11/05/2026,09:26,09:43,0,1
2276,1,1051,11/05/2026,09:53,10:22,0,2
2277,1,1217,11/05/2026,10:28,10:45,0,3
2278,1,1031,11/05/2026,10:50,11:04,0,4
2279,1,1012,11/05/2026,11:09,11:29,0,5
2280,1,1163,11/05/2026,11:33,11:55,0,6
2281,1,1260,11/05/2026,12:03,12:18,0,7
2282,1,1214,11/05/2026,12:22,12:43,0,8
2283,1,1179,12/05/2026,09:31,09:56,0,1
2284,1,1284,12/05/2026,10:04,10:14,0,2
2285,1,1399,12/05/2026,10:19,10:36,0,3
2286,1,1146,12/05/2026,10:45,10:58,0,4
2287,1,1048,12/05/2026,11:04,,0,5
2288,1,1031,12/05/2026,11:29,11:41,0,6
2289,1,1301,12/05/2026,11:51,12:05,0,7
2290,1,1071,12/05/2026,12:14,12:27,0,8
2291,1,1412,13/05/2026,09:30,09:43,0,1
2292,1,1297,13/05/2026,09:49,10:18,0,2
2293,1,1326,13/05/2026,10:22,10:36,0,3
2294,1,1203,13/05/2026,10:42,10:55,0,4
2295,1,1103,13/05/2026,11:05,11:24,0,5
2296,1,1293,13/05/2026,11:31,11:46,0,6
2297,1,1316,13/05/2026,11:50,12:08,0,7
2298,1,1430,13/05/2026,12:14,12:31,0,8
2299,1,1231,13/05/2026,12:35,12:42,0,9
2300,1,1204,13/05/2026,12:48,13:06,0,10
2301,1,1311,13/05/2026,13:13,13:26,0,11
2302,1,1126,14/05/2026,09:18,09:31,0,1
2303,1,1199,14/05/2026,09:36,09:58,0,2
2304,1,1188,14/05/2026,10:03,,0,3
2305,1,1021,14/05/2026,10:29,10:46,0,4
2306,1,1003,14/05/2026,10:50,11:22,0,5
2307,1,1274,14/05/2026,11:26,11:34,0,6
2308,1,1213,14/05/2026,11:42,12:02,0,7
2309,1,1164,14/05/2026,12:10,12:30,0,8
2310,1,1237,14/05/2026,12:38,12:55,0,9
2311,1,1126,14/05/2026,13:03,,0,10
2312,1,1429,16/05/2026,09:33,09:53,0,1
2313,1,1077,16/05/2026,09:58,10:19,0,2
2314,1,1228,16/05/2026,10:28,10:43,0,3
2315,1,1277,16/05/2026,10:50,11:01,0,4
2316,1,1257,16/05/2026,11:05,11:12,0,5
2317,1,1294,16/05/2026,11:16,11:28,0,6
2318,1,1438,16/05/2026,11:36,11:46,0,7
2319,1,1250,16/05/2026,11:52,12:10,0,8
2320,1,1320,16/05/2026,12:16,,0,9
2321,1,2812,17/05/2026,09:12,09:33,0,1
2322,1,1146,17/05/2026,09:38,09:53,0,2
2323,1,1437,17/05/2026,09:57,10:09,0,3
2324,1,1236,17/05/2026,10:17,10:24,0,4
2325,1,1294,17/05/2026,10:29,10:47,0,5
2326,1,1022,17/05/2026,10:56,11:30,0,6
2327,1,1269,17/05/2026,11:34,11:43,0,7
2328,1,1236,17/05/2026,11:55,12:07,0,8
2329,1,1323,18/05/2026,09:23,09:38,0,1
2330,1,1288,18/05/2026,09:51,10:15,0,2
2331,1,1005,18/05/2026,10:19,10:37,0,3
2332,1,1268,18/05/2026,10:46,10:56,0,4
2333,1,1092,18/05/2026,11:00,11:15,0,5
2334,1,1222,18/05/2026,11:19,11:30,0,6
2335,1,1302,18/05/2026,11:36,11:51,0,7
2336,1,1179,19/05/2026,09:33,09:58,0,1
2337,1,1243,19/05/2026,10:06,10:26,0,2
2338,1,1439,19/05/2026,10:32,10:57,0,3
2339,1,1038,19/05/2026,11:02,11:21,0,4
2340,1,1339,19/05/2026,11:31,11:54,0,5
2341,1,1061,19/05/2026,12:02,12:24,0,6
2342,1,1266,19/05/2026,12:30,12:52,0,7
2343,1,1197,19/05/2026,13:01,13:25,0,8
2344,1,1132,19/05/2026,13:32,13:57,0,9
2345,1,1415,19/05/2026,14:01,14:21,0,10
2346,1,1250,19/05/2026,14:27,14:38,0,11
2347,1,1316,20/05/2026,09:25,09:35,0,1
2348,1,1197,20/05/2026,09:42,09:49,0,2
2349,1,1438,20/05/2026,09:59,10:17,0,3
2350,1,1147,20/05/2026,10:23,10:30,0,4
2351,1,1382,20/05/2026,10:38,10:57,0,5
2352,1,1174,20/05/2026,11:05,11:34,0,6
2353,1,1090,21/05/2026,09:27,09:46,0,1
2354,1,1253,21/05/2026,09:50,10:02,0,2
2355,1,1377,21/05/2026,10:12,10:19,0,3
2356,1,1271,21/05/2026,10:24,10:36,0,4
2357,1,1231,21/05/2026,10:44,10:51,0,5
2358,1,1349,21/05/2026,10:55,11:17,0,6
2359,1,1268,21/05/2026,11:24,11:41,0,7
2360,1,1390,23/05/2026,09:23,09:52,0,1
2361,1,1343,23/05/2026,09:58,10:10,0,2
2362,1,1012,23/05/2026,10:14,10:31,0,3
2363,1,1014,23/05/2026,10:42,11:03,0,4
2364,1,1402,23/05/2026,11:08,11:17,0,5
2365,1,1117,23/05/2026,11:24,11:31,0,6
2366,1,1039,24/05/2026,09:27,09:35,0,1
2367,1,1194,24/05/2026,09:42,10:02,0,2
2368,1,1317,24/05/2026,10:12,10:22,0,3
2369,1,1214,24/05/2026,10:32,10:48,0,4
2370,1,1099,24/05/2026,10:55,,0,5
2371,1,1305,24/05/2026,11:16,11:27,0,6
2372,1,1108,24/05/2026,11:35,11:54,0,7
2373,1,1068,24/05/2026,11:59,12:14,0,8
2374,1,1179,24/05/2026,12:19,12:36,0,9
2375,1,1286,25/05/2026,09:17,09:29,0,1
2376,1,1268,25/05/2026,09:34,09:53,0,2
2377,1,1194,25/05/2026,10:00,10:20,0,3
2378,1,1090,25/05/2026,10:24,10:37,0,4
2379,1,1238,25/05/2026,10:45,11:01,0,5
2380,1,1389,25/05/2026,11:12,11:27,0,6
2381,1,1280,25/05/2026,11:38,11:45,0,7
2382,1,1002,25/05/2026,11:59,12:16,0,8
2383,1,1318,26/05/2026,09:21,09:42,0,1
2384,1,1198,26/05/2026,09:50,10:16,0,2
2385,1,1349,26/05/2026,10:22,10:35,0,3
2386,1,1195,26/05/2026,10:41,10:51,0,4
2387,1,1147,26/05/2026,10:56,11:16,0,5
2388,1,1200,26/05/2026,11:20,11:29,0,6
2389,1,1316,26/05/2026,11:35,11:54,0,7
2390,1,1225,26/05/2026,12:05,12:18,0,8
2391,1,1114,27/05/2026,09:23,09:45,0,1
2392,1,1065,27/05/2026,09:50,10:02,0,2
2393,1,1039,27/05/2026,10:07,10:15,0,3
2394,1,1345,27/05/2026,10:27,10:39,0,4
2395,1,1257,27/05/2026,10:49,11:03,0,5
2396,1,1089,27/05/2026,11:11,11:21,0,6
2397,1,1139,27/05/2026,11:31,11:43,0,7
2398,1,1427,27/05/2026,11:49,12:10,0,8
2399,1,1321,28/05/2026,09:18,09:25,0,1
2400,1,1211,28/05/2026,09:32,09:43,0,2
2401,1,1032,28/05/2026,09:51,10:06,0,3
2402,1,1181,28/05/2026,10:13,10:34,0,4
2403,1,1054,28/05/2026,10:42,,0,5
2404,1,2822,28/05/2026,11:09,11:21,0,6
2405,1,1068,28/05/2026,11:28,11:49,0,7
2406,1,1272,30/05/2026,09:30,09:46,0,1
2407,1,1085,30/05/2026,09:59,10:13,0,2
2408,1,1242,30/05/2026,10:21,10:28,0,3
2409,1,1200,30/05/2026,10:32,10:47,0,4
2410,1,1270,30/05/2026,10:53,11:15,0,5
2411,1,1015,30/05/2026,11:22,11:43,0,6
2412,1,1414,30/05/2026,11:51,12:15,0,7
2413,1,1154,30/05/2026,12:19,12:32,0,8
2414,1,1085,31/05/2026,09:15,09:25,0,1
2415,1,1164,31/05/2026,09:31,09:55,0,2
2416,1,1222,31/05/2026,10:02,10:09,0,3
2417,1,1113,31/05/2026,10:19,10:35,0,4
2418,1,1243,31/05/2026,10:41,11:00,0,5
2419,1,1342,31/05/2026,11:04,11:18,0,6
2420,1,1425,31/05/2026,11:22,11:35,0,7
2421,1,1207,31/05/2026,11:49,12:10,0,8
2422,1,2812,31/05/2026,12:21,12:32,0,9
2423,1,1266,01/06/2026,09:29,09:43,0,1
2424,1,1067,01/06/2026,09:51,10:10,0,2
2425,1,1103,01/06/2026,10:18,10:38,0,3
2426,1,1219,01/06/2026,10:50,10:57,0,4
2427,1,1331,01/06/2026,11:01,11:11,0,5
2428,1,1362,01/06/2026,11:22,11:35,0,6
2429,1,1161,01/06/2026,11:45,11:59,0,7
2430,1,1131,01/06/2026,12:03,12:12,0,8
2431,1,1333,01/06/2026,12:22,12:47,0,9
2432,1,1300,02/06/2026,09:29,09:42,0,1
2433,1,1365,02/06/2026,09:49,10:00,0,2
2434,1,1183,02/06/2026,10:06,10:29,0,3
2435,1,1427,02/06/2026,10:36,10:48,0,4
2436,1,1376,02/06/2026,10:52,10:59,0,5
2437,1,1345,02/06/2026,11:06,11:18,0,6
2438,1,1274,02/06/2026,11:22,,0,7
2439,1,1243,03/06/2026,09:29,09:47,0,1
2440,1,1264,03/06/2026,09:52,10:12,0,2
2441,1,1326,03/06/2026,10:20,10:41,0,3
2442,1,1057,03/06/2026,10:52,11:01,0,4
2443,1,1164,03/06/2026,11:10,11:31,0,5
2444,1,1417,03/06/2026,11:38,11:52,0,6
2445,1,1194,03/06/2026,11:58,12:11,0,7
2446,1,1276,04/06/2026,09:13,09:30,0,1
2447,1,1046,04/06/2026,09:38,10:01,0,2
2448,1,1135,04/06/2026,10:08,,0,3
2449,1,1284,04/06/2026,10:44,10:51,0,4
2450,1,1246,04/06/2026,11:01,11:23,0,5
2451,1,1257,04/06/2026,11:33,11:40,0,6
2452,1,1209,04/06/2026,11:52,12:00,0,7
2453,1,1006,04/06/2026,12:07,12:14,0,8
2454,1,1079,06/06/2026,09:12,09:27,0,1
2455,1,1174,06/06/2026,09:31,09:52,0,2
2456,1,2822,06/06/2026,09:58,10:13,0,3
2457,1,1318,06/06/2026,10:17,10:39,0,4
2458,1,1181,06/06/2026,10:47,11:06,0,5
2459,1,1051,06/06/2026,11:14,11:32,0,6
2460,1,1098,06/06/2026,11:41,12:00,0,7
2461,1,1431,06/06/2026,12:05,,0,8
2462,1,1350,07/06/2026,09:15,09:36,0,1
2463,1,1336,07/06/2026,09:40,10:01,0,2
2464,1,1388,07/06/2026,10:10,10:27,0,3
2465,1,1352,07/06/2026,10:37,,0,4
2466,1,1114,07/06/2026,10:52,,0,5
2467,1,1068,07/06/2026,11:20,11:30,0,6
2468,1,1199,07/06/2026,11:38,11:54,0,7
2469,1,1388,07/06/2026,12:03,12:24,0,8
2470,1,1216,07/06/2026,12:32,12:47,0,9
2471,1,1211,07/06/2026,12:55,13:08,0,10
2472,1,1064,08/06/2026,09:28,09:54,0,1
2473,1,1141,08/06/2026,10:06,10:23,0,2
2474,1,1381,08/06/2026,10:31,10:46,0,3
2475,1,1425,08/06/2026,10:55,11:10,0,4
2476,1,1297,08/06/2026,11:18,11:43,0,5
2477,1,1318,08/06/2026,11:50,12:06,0,6
2478,1,1288,08/06/2026,12:10,12:19,0,7
2479,1,1438,09/06/2026,09:27,09:46,0,1
2480,1,1272,09/06/2026,09:55,10:17,0,2
2481,1,1225,09/06/2026,10:26,10:47,0,3
2482,1,1061,09/06/2026,10:51,11:06,0,4
2483,1,1337,09/06/2026,11:14,11:34,0,5
2484,1,1135,09/06/2026,11:45,12:07,0,6
2485,1,1204,09/06/2026,12:16,,0,7
2486,1,1215,09/06/2026,12:50,13:09,0,8
2487,1,1435,09/06/2026,13:17,13:35,0,9
2488,1,1123,10/06/2026,09:24,09:41,0,1
2489,1,1024,10/06/2026,09:45,10:02,0,2
2490,1,1321,10/06/2026,10:11,10:29,0,3
2491,1,1033,10/06/2026,10:33,10:49,0,4
2492,1,1435,10/06/2026,10:59,11:18,0,5
2493,1,1174,10/06/2026,11:22,11:45,0,6
2494,1,1224,10/06/2026,11:49,12:00,0,7
2495,1,1411,10/06/2026,12:09,12:16,0,8
2496,1,1241,10/06/2026,12:21,12:43,0,9
2497,1,1151,11/06/2026,09:24,,0,1
2498,1,1055,11/06/2026,09:39,10:03,0,2
2499,1,1148,11/06/2026,10:08,10:22,0,3
2500,1,1315,11/06/2026,10:28,10:41,0,4
2501,1,1412,11/06/2026,10:45,10:52,0,5
2502,1,1028,11/06/2026,10:56,11:15,0,6
2503,1,1413,11/06/2026,11:19,11:30,0,7
2504,1,1362,11/06/2026,11:34,11:57,0,8
2505,1,1326,11/06/2026,12:04,12:24,0,9
2506,1,1092,13/06/2026,09:33,09:47,0,1
2507,1,1188,13/06/2026,09:55,10:03,0,2
2508,1,1262,13/06/2026,10:13,10:40,0,3
2509,1,1091,13/06/2026,10:48,11:20,0,4
2510,1,1182,13/06/2026,11:24,11:43,0,5
2511,1,1430,13/06/2026,11:51,11:58,0,6
2512,1,1278,13/06/2026,12:05,12:22,0,7
2513,1,1126,13/06/2026,12:31,,0,8
2514,1,1018,14/06/2026,09:08,09:30,0,1
2515,1,1128,14/06/2026,09:34,09:42,0,2
2516,1,1117,14/06/2026,09:48,09:55,0,3
2517,1,1143,14/06/2026,10:07,10:24,0,4
2518,1,1060,14/06/2026,10:34,11:00,0,5
2519,1,1257,14/06/2026,11:04,11:23,0,6
2520,1,2812,14/06/2026,11:30,11:56,0,7
2521,1,1399,14/06/2026,12:05,,0,8
2522,1,1276,15/06/2026,09:30,09:51,0,1
2523,1,1058,15/06/2026,09:58,10:14,0,2
2524,1,1383,15/06/2026,10:18,,0,3
2525,1,1212,15/06/2026,10:29,10:41,0,4
2526,1,1254,15/06/2026,10:45,11:10,0,5
2527,1,1373,15/06/2026,11:14,11:39,0,6
2528,1,1141,15/06/2026,11:43,12:08,0,7
2529,1,1123,16/06/2026,09:21,09:34,0,1
2530,1,1154,16/06/2026,09:38,09:59,0,2
2531,1,1284,16/06/2026,10:03,10:24,0,3
2532,1,1250,16/06/2026,10:28,10:54,0,4
2533,1,1354,16/06/2026,10:58,11:18,0,5
2534,1,1141,16/06/2026,11:22,11:38,0,6
2535,1,1076,16/06/2026,11:43,12:00,0,7
2536,1,1295,16/06/2026,12:05,12:15,0,8
2537,1,1202,16/06/2026,12:23,12:45,0,9
2538,1,1159,17/06/2026,09:25,09:49,0,1
2539,1,1287,17/06/2026,09:54,10:11,0,2
2540,1,1331,17/06/2026,10:17,10:35,0,3
2541,1,1169,17/06/2026,10:42,11:03,0,4
2542,1,1263,17/06/2026,11:14,11:21,0,5
2543,1,1092,17/06/2026,11:33,12:00,0,6
2544,1,1093,17/06/2026,12:04,12:26,0,7
2545,1,1086,17/06/2026,12:31,12:59,0,8
2546,1,1344,18/06/2026,09:30,09:55,0,1
2547,1,1048,18/06/2026,10:02,10:28,0,2
2548,1,1050,18/06/2026,10:35,10:42,0,3
2549,1,1352,18/06/2026,10:54,,0,4
2550,1,1361,18/06/2026,11:20,11:39,0,5
2551,1,1189,18/06/2026,11:47,12:10,0,6
2552,1,1286,18/06/2026,12:14,12:31,0,7
2553,1,1230,18/06/2026,12:37,12:54,0,8
2554,1,1090,18/06/2026,12:59,13:12,0,9
2555,1,1392,18/06/2026,13:19,13:39,0,10
2556,1,1196,18/06/2026,13:46,13:56,0,11
2557,1,1320,20/06/2026,09:28,09:39,0,1
2558,1,1276,20/06/2026,09:49,10:00,0,2
2559,1,1218,20/06/2026,10:04,10:23,0,3
2560,1,1136,20/06/2026,10:32,10:39,0,4
2561,1,1359,20/06/2026,10:50,11:05,0,5
2562,1,1068,20/06/2026,11:09,11:30,0,6
2563,1,1099,20/06/2026,11:35,11:47,0,7
2564,1,1084,20/06/2026,11:51,12:04,0,8
2565,1,1271,20/06/2026,12:14,12:32,0,9
2566,1,1005,20/06/2026,12:38,12:51,0,10
2567,1,1204,21/06/2026,09:19,09:33,0,1
2568,1,1384,21/06/2026,09:37,10:01,0,2
2569,1,1246,21/06/2026,10:05,10:31,0,3
2570,1,1354,21/06/2026,10:39,10:51,0,4
2571,1,1266,21/06/2026,10:55,11:14,0,5
2572,1,1222,21/06/2026,11:20,11:27,0,6
2573,1,1348,21/06/2026,11:38,11:52,0,7
2574,1,1203,22/06/2026,09:10,09:27,0,1
2575,1,1368,22/06/2026,09:34,09:49,0,2
2576,1,1109,22/06/2026,09:56,10:12,0,3
2577,1,1084,22/06/2026,10:19,10:39,0,4
2578,1,1333,22/06/2026,10:44,11:05,0,5
2579,1,1307,22/06/2026,11:11,11:35,0,6
2580,1,1017,22/06/2026,11:43,11:55,0,7
2581,1,1299,22/06/2026,12:04,12:22,0,8
2582,1,1383,22/06/2026,12:29,12:38,0,9
2583,1,1368,23/06/2026,09:16,09:46,0,1
2584,1,1296,23/06/2026,09:54,10:05,0,2
2585,1,1251,23/06/2026,10:16,10:32,0,3
2586,1,1266,23/06/2026,10:41,10:50,0,4
2587,1,1150,23/06/2026,10:56,11:08,0,5
2588,1,1293,23/06/2026,11:12,11:21,0,6
2589,1,1033,23/06/2026,11:25,11:46,0,7
2590,1,1290,23/06/2026,11:52,12:00,0,8
2591,1,1429,23/06/2026,12:08,12:28,0,9
2592,1,1168,23/06/2026,12:35,12:51,0,10
2593,1,1247,23/06/2026,12:58,13:05,0,11
2594,1,1347,24/06/2026,09:30,09:54,0,1
2595,1,1381,24/06/2026,10:03,10:21,0,2
2596,1,1206,24/06/2026,10:25,10:37,0,3
2597,1,1286,24/06/2026,10:44,10:51,0,4
2598,1,1230,24/06/2026,11:01,11:25,0,5
2599,1,1158,24/06/2026,11:32,11:49,0,6
2600,1,1301,24/06/2026,11:57,12:06,0,7
2601,1,1276,25/06/2026,09:17,09:27,0,1
2602,1,1316,25/06/2026,09:34,09:50,0,2
2603,1,1121,25/06/2026,09:54,,0,3
2604,1,1109,25/06/2026,10:20,10:46,0,4
2605,1,1391,25/06/2026,10:56,11:16,0,5
2606,1,1198,25/06/2026,11:21,11:47,0,6
2607,1,1090,27/06/2026,09:28,09:42,0,1
2608,1,1091,27/06/2026,09:50,10:14,0,2
2609,1,1368,27/06/2026,10:18,10:29,0,3
2610,1,1251,27/06/2026,10:34,10:41,0,4
2611,1,1098,27/06/2026,10:51,11:07,0,5
2612,1,1437,27/06/2026,11:11,11:19,0,6
2613,1,1409,27/06/2026,11:23,11:34,0,7
2614,1,1377,27/06/2026,11:43,11:54,0,8
2615,1,1262,27/06/2026,11:58,12:15,0,9
2616,1,1368,27/06/2026,12:24,12:44,0,10
2617,1,1003,28/06/2026,09:26,09:47,0,1
2618,1,1077,28/06/2026,09:52,10:07,0,2
2619,1,1052,28/06/2026,10:15,10:35,0,3
2620,1,1278,28/06/2026,10:40,10:50,0,4
2621,1,1270,28/06/2026,10:55,11:02,0,5
2622,1,1103,28/06/2026,11:10,11:31,0,6
2623,1,1360,29/06/2026,09:35,09:58,0,1
2624,1,1083,29/06/2026,10:08,10:32,0,2
2625,1,1079,29/06/2026,10:41,10:57,0,3
2626,1,1384,29/06/2026,11:01,11:20,0,4
2627,1,1054,29/06/2026,11:28,11:47,0,5
2628,1,1090,29/06/2026,11:51,12:06,0,6
2629,1,1253,29/06/2026,12:13,12:29,0,7
2630,1,1197,29/06/2026,12:34,,1,8
2631,1,1177,29/06/2026,13:10,,0,9
2632,1,1055,30/06/2026,09:30,09:50,0,1
2633,1,1226,30/06/2026,09:54,10:14,0,2
2634,1,1116,30/06/2026,10:18,10:39,0,3
2635,1,2822,30/06/2026,10:46,11:15,0,4
2636,1,1341,30/06/2026,11:25,11:42,0,5
2637,1,1210,30/06/2026,11:46,11:53,0,6
2638,1,1220,30/06/2026,12:01,12:21,0,7
2639,1,1098,30/06/2026,12:30,12:46,0,8
2640,1,1089,01/07/2026,09:23,09:47,0,1
2641,1,1363,01/07/2026,09:51,10:09,0,2
2642,1,1231,01/07/2026,10:18,10:25,0,3
2643,1,1379,01/07/2026,10:31,10:53,0,4
2644,1,1242,01/07/2026,11:00,11:07,0,5
2645,1,1195,01/07/2026,11:13,11:33,0,6
2646,1,1424,01/07/2026,11:43,,1,7
2647,1,1002,01/07/2026,12:12,12:25,0,8
2648,1,1206,01/07/2026,12:33,12:47,0,9
2649,1,1196,01/07/2026,12:51,12:58,0,10
2650,1,1054,02/07/2026,09:30,09:48,0,1
2651,1,1288,02/07/2026,09:55,10:17,0,2
2652,1,1363,02/07/2026,10:24,10:43,0,3
2653,1,1405,02/07/2026,10:51,11:01,0,4
2654,1,1394,02/07/2026,11:08,11:32,0,5
2655,1,1268,02/07/2026,11:40,12:02,0,6
2656,1,2822,02/07/2026,12:08,12:32,0,7
2657,1,1210,02/07/2026,12:36,12:47,0,8
2658,1,1053,02/07/2026,12:54,13:17,0,9
2659,1,1107,02/07/2026,13:22,13:46,0,10
2660,1,1337,04/07/2026,09:09,09:29,0,1
2661,1,1154,04/07/2026,09:34,09:49,0,2
2662,1,1087,04/07/2026,10:00,10:07,0,3
2663,1,1320,04/07/2026,10:11,10:31,0,4
2664,1,1100,04/07/2026,10:40,10:50,0,5
2665,1,1057,04/07/2026,10:56,11:03,0,6
2666,1,1026,04/07/2026,11:07,11:28,0,7
2667,1,1055,05/07/2026,09:24,09:34,0,1
2668,1,1210,05/07/2026,09:39,09:55,0,2
2669,1,1207,05/07/2026,10:03,10:28,0,3
2670,1,1154,05/07/2026,10:33,10:59,0,4
2671,1,1376,05/07/2026,11:06,11:33,0,5
2672,1,1259,05/07/2026,11:41,11:49,0,6
2673,1,1197,05/07/2026,11:58,12:14,0,7
2674,1,1372,05/07/2026,12:20,12:48,0,8
2675,1,1438,05/07/2026,12:55,13:07,0,9
2676,1,1303,05/07/2026,13:12,13:20,0,10
2677,1,1333,06/07/2026,09:12,09:32,0,1
2678,1,1140,06/07/2026,09:40,09:53,0,2
2679,1,1434,06/07/2026,10:05,10:23,0,3
2680,1,1361,06/07/2026,10:27,10:43,0,4
2681,1,1119,06/07/2026,10:50,,0,5
2682,1,1035,06/07/2026,11:13,11:41,0,6
2683,1,1426,06/07/2026,11:46,,0,7
2684,1,1005,06/07/2026,12:00,12:30,0,8
2685,1,1036,06/07/2026,12:34,12:59,0,9
2686,1,1047,07/07/2026,09:21,09:46,0,1
2687,1,1109,07/07/2026,09:54,10:08,0,2
2688,1,1305,07/07/2026,10:15,10:29,0,3
2689,1,2806,07/07/2026,10:40,11:10,0,4
2690,1,1206,07/07/2026,11:16,11:30,0,5
2691,1,1399,07/07/2026,11:38,11:57,0,6
2692,1,1241,07/07/2026,12:05,12:31,0,7
2693,1,1295,07/07/2026,12:41,12:55,0,8
2694,1,1215,07/07/2026,13:05,13:12,0,9
2695,1,1120,07/07/2026,13:16,13:23,0,10
2696,1,1366,08/07/2026,09:25,09:40,0,1
2697,1,1218,08/07/2026,09:48,10:05,0,2
2698,1,1151,08/07/2026,10:14,10:28,0,3
2699,1,1090,08/07/2026,10:38,10:45,0,4
2700,1,1356,08/07/2026,10:49,11:11,0,5
2701,1,1377,08/07/2026,11:18,11:32,0,6
2702,1,1212,08/07/2026,11:38,11:56,0,7
2703,1,1279,08/07/2026,12:00,12:18,0,8
2704,1,1085,09/07/2026,09:15,09:24,0,1
2705,1,1054,09/07/2026,09:28,09:37,0,2
2706,1,1214,09/07/2026,09:44,10:03,0,3
2707,1,1319,09/07/2026,10:09,10:16,0,4
2708,1,1112,09/07/2026,10:24,10:40,0,5
2709,1,1303,09/07/2026,10:45,11:03,0,6
2710,1,1091,09/07/2026,11:10,11:29,0,7
2711,1,1017,11/07/2026,09:28,09:40,0,1
2712,1,2800,11/07/2026,09:50,10:10,0,2
2713,1,1253,11/07/2026,10:15,10:39,0,3
2714,1,1312,11/07/2026,10:46,11:08,0,4
2715,1,1430,11/07/2026,11:12,11:20,0,5
2716,1,1281,11/07/2026,11:28,11:47,0,6
2717,1,1009,11/07/2026,11:58,12:08,0,7
2718,1,1235,11/07/2026,12:17,12:26,0,8
2719,1,1128,11/07/2026,12:34,12:52,0,9
2720,1,1055,12/07/2026,09:20,09:47,0,1
2721,1,1212,12/07/2026,09:54,10:02,0,2
2722,1,1083,12/07/2026,10:10,10:26,0,3
2723,1,1150,12/07/2026,10:36,10:47,0,4
2724,1,1054,12/07/2026,10:54,11:21,0,5
2725,1,1415,12/07/2026,11:31,11:42,0,6
2726,1,1036,12/07/2026,11:47,12:00,0,7
2727,1,1092,12/07/2026,12:05,12:30,0,8
2728,1,1088,12/07/2026,12:40,12:59,0,9
2729,1,1430,13/07/2026,09:09,09:24,0,1
2730,1,1321,13/07/2026,09:29,09:36,0,2
2731,1,1018,13/07/2026,09:43,09:55,0,3
2732,1,1197,13/07/2026,10:05,10:41,0,4
2733,1,1425,13/07/2026,10:49,11:07,0,5
2734,1,1425,13/07/2026,11:13,11:20,0,6
2735,1,1318,13/07/2026,11:29,11:40,0,7
2736,1,1168,13/07/2026,11:49,12:07,0,8
2737,1,1342,13/07/2026,12:16,12:30,0,9
2738,1,1055,13/07/2026,12:38,12:49,0,10
2739,1,1090,14/07/2026,09:12,09:28,0,1
2740,1,1213,14/07/2026,09:34,09:59,0,2
2741,1,1267,14/07/2026,10:10,10:22,0,3
2742,1,1198,14/07/2026,10:32,11:00,0,4
2743,1,1430,14/07/2026,11:09,11:17,0,5
2744,1,1022,14/07/2026,11:24,11:39,0,6
2745,1,1363,14/07/2026,11:49,12:04,0,7
2746,1,1247,14/07/2026,12:08,12:16,0,8
2747,1,1258,14/07/2026,12:25,12:41,0,9
2748,1,1299,15/07/2026,09:22,09:37,0,1
2749,1,1147,15/07/2026,09:44,10:14,0,2
2750,1,1285,15/07/2026,10:22,10:39,0,3
2751,1,1010,15/07/2026,10:44,10:59,0,4
2752,1,1131,15/07/2026,11:06,11:28,0,5
2753,1,1316,15/07/2026,11:33,11:48,0,6
2754,1,1046,16/07/2026,09:28,09:56,0,1
2755,1,1146,16/07/2026,10:00,10:22,0,2
2756,1,1428,16/07/2026,10:29,10:46,0,3
2757,1,1377,16/07/2026,10:53,11:11,0,4
2758,1,1127,16/07/2026,11:17,11:34,0,5
2759,1,1407,16/07/2026,11:40,12:00,0,6
2760,1,1342,16/07/2026,12:09,12:40,0,7
2761,1,1260,16/07/2026,12:49,12:57,0,8
2762,1,1278,16/07/2026,13:07,13:24,0,9
2763,1,1025,18/07/2026,09:28,09:46,0,1
2764,1,1252,18/07/2026,09:52,10:10,0,2
2765,1,1049,18/07/2026,10:17,10:41,0,3
2766,1,1263,18/07/2026,10:45,10:52,0,4
2767,1,1121,18/07/2026,10:57,11:08,0,5
2768,1,1211,18/07/2026,11:13,11:23,0,6
2769,1,1198,18/07/2026,11:33,12:03,0,7
2770,1,1301,18/07/2026,12:12,12:19,0,8
2771,1,1091,18/07/2026,12:29,12:40,0,9
2772,1,1386,19/07/2026,09:23,09:50,0,1
2773,1,1232,19/07/2026,09:56,10:10,0,2
2774,1,1090,19/07/2026,10:14,10:26,0,3
2775,1,1102,19/07/2026,10:36,,0,4
2776,1,1143,19/07/2026,10:56,11:18,0,5
2777,1,1225,19/07/2026,11:27,11:47,0,6
2778,1,1264,19/07/2026,11:53,12:10,0,7
2779,1,1426,19/07/2026,12:19,12:29,0,8
2780,1,1439,19/07/2026,12:36,12:46,0,9
2781,1,1221,19/07/2026,12:50,13:13,0,10
2782,1,1341,20/07/2026,09:16,09:29,0,1
2783,1,1387,20/07/2026,09:35,09:54,0,2
2784,1,1205,20/07/2026,10:02,10:11,0,3
2785,1,1266,20/07/2026,10:15,10:28,0,4
2786,1,1239,20/07/2026,10:33,10:56,0,5
2787,1,1342,20/07/2026,11:03,11:26,0,6
2788,1,1318,20/07/2026,11:32,11:39,0,7
2789,1,1060,20/07/2026,11:47,12:09,0,8
2790,1,1209,20/07/2026,12:19,,0,9
2791,1,1347,21/07/2026,09:14,09:32,0,1
2792,1,1102,21/07/2026,09:38,,0,2
2793,1,1281,21/07/2026,10:05,10:16,0,3
2794,1,1052,21/07/2026,10:25,10:32,0,4
2795,1,1051,21/07/2026,10:36,10:52,0,5
2796,1,1327,21/07/2026,11:02,11:25,0,6
2797,1,1352,21/07/2026,11:29,11:39,0,7
2798,1,1237,22/07/2026,09:31,,0,1
2799,1,1118,22/07/2026,09:54,10:13,0,2
2800,1,1326,22/07/2026,10:19,10:36,0,3
2801,1,1271,22/07/2026,10:42,10:57,0,4
2802,1,1152,22/07/2026,11:01,11:20,0,5
2803,1,1260,22/07/2026,11:24,11:32,0,6
2804,1,1076,22/07/2026,11:36,11:54,0,7
2805,1,1205,22/07/2026,12:01,12:21,0,8
2806,1,1392,22/07/2026,12:26,12:41,0,9
2807,1,1242,23/07/2026,09:14,09:24,0,1
2808,1,1065,23/07/2026,09:29,09:39,0,2
2809,1,1275,23/07/2026,09:43,10:02,0,3
2810,1,1101,23/07/2026,10:11,10:23,0,4
2811,1,1119,23/07/2026,10:31,10:42,0,5
2812,1,1407,23/07/2026,10:46,11:02,0,6
2813,1,1435,23/07/2026,11:06,11:29,0,7
2814,1,1439,23/07/2026,11:42,11:55,0,8
2815,1,1429,25/07/2026,09:28,09:50,0,1
2816,1,1203,25/07/2026,09:55,10:15,0,2
2817,1,1191,25/07/2026,10:21,10:38,0,3
2818,1,1151,25/07/2026,10:42,10:52,0,4
2819,1,1310,25/07/2026,11:04,11:25,0,5
2820,1,1426,25/07/2026,11:32,11:52,0,6
2821,1,1287,25/07/2026,11:57,12:28,0,7
2822,1,1015,25/07/2026,12:35,13:06,0,8
2823,1,1142,25/07/2026,13:11,13:31,0,9
2824,1,1269,26/07/2026,09:07,09:14,0,1
2825,1,1238,26/07/2026,09:20,09:33,0,2
2826,1,1263,26/07/2026,09:37,09:46,0,3
2827,1,1004,26/07/2026,09:51,10:00,0,4
2828,1,1297,26/07/2026,10:04,10:26,0,5
2829,1,1146,26/07/2026,10:37,10:54,0,6
2830,1,1157,26/07/2026,10:59,11:14,0,7
2831,1,1167,27/07/2026,09:28,09:41,0,1
2832,1,1305,27/07/2026,09:53,10:16,0,2
2833,1,1231,27/07/2026,10:22,10:41,0,3
2834,1,1155,27/07/2026,10:46,10:53,0,4
2835,1,1383,27/07/2026,11:00,11:10,0,5
2836,1,1356,27/07/2026,11:14,,0,6
2837,1,1146,27/07/2026,11:46,12:12,0,7
2838,1,1311,27/07/2026,12:18,12:34,0,8
2839,1,1252,27/07/2026,12:38,12:49,0,9
2840,1,1372,28/07/2026,09:27,09:43,0,1
2841,1,1301,28/07/2026,09:47,10:01,0,2
2842,1,1246,28/07/2026,10:06,10:23,0,3
2843,1,1182,28/07/2026,10:27,10:43,0,4
2844,1,1368,28/07/2026,10:54,11:10,0,5
2845,1,1325,28/07/2026,11:18,11:33,0,6
2846,1,1187,29/07/2026,09:33,09:53,0,1
2847,1,1429,29/07/2026,10:00,10:15,0,2
2848,1,1105,29/07/2026,10:26,10:54,0,3
2849,1,1117,29/07/2026,11:06,11:24,0,4
2850,1,1145,29/07/2026,11:32,11:55,0,5
2851,1,1266,29/07/2026,11:59,12:24,0,6
2852,1,1102,29/07/2026,12:28,12:43,0,7
2853,1,1169,29/07/2026,12:49,13:00,0,8
2854,1,1175,29/07/2026,13:07,13:17,0,9
2855,1,1242,29/07/2026,13:24,13:43,0,10
2856,1,1270,29/07/2026,13:49,14:03,0,11
2857,1,1344,30/07/2026,09:29,09:49,0,1
2858,1,1061,30/07/2026,09:57,10:09,0,2
2859,1,1318,30/07/2026,10:17,10:36,0,3
2860,1,1319,30/07/2026,10:40,10:51,0,4
2861,1,1347,30/07/2026,10:58,11:22,0,5
2862,1,1173,30/07/2026,11:26,11:43,0,6
2863,1,1052,30/07/2026,11:49,12:11,0,7
2864,1,1203,01/08/2026,09:33,09:50,0,1
2865,1,1142,01/08/2026,10:01,10:24,0,2
2866,1,1387,01/08/2026,10:28,10:47,0,3
2867,1,1040,01/08/2026,10:57,11:16,0,4
2868,1,1373,01/08/2026,11:20,11:34,0,5
2869,1,1348,01/08/2026,11:38,11:57,0,6
2870,1,1033,02/08/2026,09:17,09:38,0,1
2871,1,1394,02/08/2026,09:45,09:55,0,2
2872,1,1023,02/08/2026,10:03,,0,3
2873,1,1103,02/08/2026,10:17,10:31,0,4
2874,1,1116,02/08/2026,10:43,11:10,0,5
2875,1,1109,02/08/2026,11:14,11:34,0,6
2876,1,1370,02/08/2026,11:42,11:57,0,7
2877,1,1180,02/08/2026,12:03,12:12,0,8
2878,1,1027,02/08/2026,12:16,12:37,0,9
2879,1,1164,02/08/2026,12:43,12:53,0,10
2880,1,1281,03/08/2026,09:23,09:35,0,1
2881,1,1367,03/08/2026,09:39,09:57,0,2
2882,1,1212,03/08/2026,10:01,10:08,0,3
2883,1,1424,03/08/2026,10:13,10:40,0,4
2884,1,1044,03/08/2026,10:48,11:09,0,5
2885,1,1005,03/08/2026,11:14,11:52,0,6
2886,1,1416,03/08/2026,11:59,,0,7
2887,1,1326,03/08/2026,12:23,12:34,0,8
2888,1,1140,03/08/2026,12:44,12:58,0,9
2889,1,1326,04/08/2026,09:30,09:49,0,1
2890,1,1033,04/08/2026,09:53,10:16,0,2
2891,1,1108,04/08/2026,10:24,10:39,0,3
2892,1,1191,04/08/2026,10:47,11:01,0,4
2893,1,1041,04/08/2026,11:07,11:22,0,5
2894,1,1190,04/08/2026,11:28,11:40,0,6
2895,1,1084,04/08/2026,11:47,11:55,0,7
2896,1,1392,05/08/2026,09:08,09:15,0,1
2897,1,1101,05/08/2026,09:21,09:38,0,2
2898,1,1132,05/08/2026,09:46,09:58,0,3
2899,1,1260,05/08/2026,10:08,10:17,0,4
2900,1,1287,05/08/2026,10:21,10:28,0,5
2901,1,1183,05/08/2026,10:36,10:49,0,6
2902,1,1103,05/08/2026,11:01,11:09,0,7
2903,1,1243,06/08/2026,09:27,09:48,0,1
2904,1,1151,06/08/2026,09:57,10:07,0,2
2905,1,1350,06/08/2026,10:12,10:31,0,3
2906,1,2812,06/08/2026,10:39,10:58,0,4
2907,1,1286,06/08/2026,11:07,11:20,0,5
2908,1,1060,06/08/2026,11:34,11:51,0,6
2909,1,1341,06/08/2026,11:58,12:19,0,7
2910,1,1368,06/08/2026,12:27,12:42,0,8
2911,1,1132,06/08/2026,12:46,13:00,0,9
2912,1,1303,06/08/2026,13:04,13:21,0,10
2913,1,1017,06/08/2026,13:28,13:41,0,11
2914,1,1367,08/08/2026,09:20,09:36,0,1
2915,1,1009,08/08/2026,09:40,09:47,0,2
2916,1,1040,08/08/2026,09:55,10:09,0,3
2917,1,1319,08/08/2026,10:22,10:32,0,4
2918,1,1093,08/08/2026,10:43,10:50,0,5
2919,1,1346,08/08/2026,10:57,11:11,0,6
2920,1,1014,08/08/2026,11:19,11:35,0,7
2921,1,1395,08/08/2026,11:41,12:07,0,8
2922,1,1206,08/08/2026,12:13,12:29,0,9
2923,1,1124,08/08/2026,12:36,13:00,0,10
2924,1,1047,08/08/2026,13:04,13:24,0,11
2925,1,1121,09/08/2026,09:27,09:40,0,1
2926,1,1151,09/08/2026,09:44,,1,2
2927,1,1062,09/08/2026,10:23,10:33,0,3
2928,1,1036,09/08/2026,10:38,11:05,0,4
2929,1,1260,09/08/2026,11:16,11:33,0,5
2930,1,1038,09/08/2026,11:42,11:50,0,6
2931,1,1133,09/08/2026,11:54,,0,7
2932,1,1358,09/08/2026,12:24,12:45,0,8
2933,1,1046,09/08/2026,12:53,,0,9
2934,1,1362,09/08/2026,13:20,,0,10
2935,1,1033,09/08/2026,13:39,13:52,0,11
2936,1,1235,10/08/2026,09:23,09:34,0,1
2937,1,1348,10/08/2026,09:43,09:57,0,2
2938,1,1429,10/08/2026,10:06,10:22,0,3
2939,1,1215,10/08/2026,10:33,10:53,0,4
2940,1,1367,10/08/2026,11:01,11:22,0,5
2941,1,1037,10/08/2026,11:26,11:42,0,6
2942,1,1403,10/08/2026,11:47,12:03,0,7
2943,1,1046,11/08/2026,09:24,09:52,0,1
2944,1,1181,11/08/2026,09:57,10:08,0,2
2945,1,1020,11/08/2026,10:17,10:40,0,3
2946,1,1376,11/08/2026,10:45,10:52,0,4
2947,1,1373,11/08/2026,10:56,11:18,0,5
2948,1,1160,11/08/2026,11:26,11:39,0,6
2949,1,1024,12/08/2026,09:18,09:34,0,1
2950,1,1258,12/08/2026,09:41,,0,2
2951,1,1149,12/08/2026,09:56,10:11,0,3
2952,1,1016,12/08/2026,10:19,10:44,0,4
2953,1,1150,12/08/2026,10:53,11:06,0,5
2954,1,1261,12/08/2026,11:15,11:27,0,6
2955,1,1315,12/08/2026,11:33,11:40,0,7
2956,1,1294,12/08/2026,11:44,11:53,0,8
2957,1,1191,12/08/2026,12:02,12:16,0,9
2958,1,1006,13/08/2026,09:06,09:27,0,1
2959,1,1388,13/08/2026,09:35,09:47,0,2
2960,1,1147,13/08/2026,09:54,10:03,0,3
2961,1,1126,13/08/2026,10:08,10:18,0,4
2962,1,1256,13/08/2026,10:28,10:36,0,5
2963,1,1181,13/08/2026,10:42,10:56,0,6
2964,1,1425,13/08/2026,11:06,11:21,0,7
2965,1,1377,13/08/2026,11:29,11:36,0,8
2966,1,1407,13/08/2026,11:43,11:50,0,9
2967,1,1410,13/08/2026,11:58,12:12,0,10
2968,1,1230,15/08/2026,09:29,09:42,0,1
2969,1,1302,15/08/2026,09:46,10:03,0,2
2970,1,1268,15/08/2026,10:07,10:27,0,3
2971,1,1322,15/08/2026,10:35,10:47,0,4
2972,1,1017,15/08/2026,10:51,,0,5
2973,1,1342,15/08/2026,11:14,11:31,0,6
2974,1,1236,15/08/2026,11:35,11:42,0,7
2975,1,1017,16/08/2026,09:16,09:29,0,1
2976,1,1158,16/08/2026,09:36,10:02,0,2
2977,1,1307,16/08/2026,10:08,10:39,0,3
2978,1,1386,16/08/2026,10:44,10:58,0,4
2979,1,1110,16/08/2026,11:07,11:32,0,5
2980,1,1132,16/08/2026,11:37,,0,6
2981,1,1247,16/08/2026,12:06,12:16,0,7
2982,1,1430,16/08/2026,12:24,12:31,0,8
2983,1,1153,16/08/2026,12:35,,0,9
2984,1,1187,17/08/2026,09:08,,0,1
2985,1,1177,17/08/2026,09:24,09:38,0,2
2986,1,1112,17/08/2026,09:48,09:55,0,3
2987,1,1372,17/08/2026,10:00,10:18,0,4
2988,1,1293,17/08/2026,10:26,10:36,0,5
2989,1,1155,17/08/2026,10:45,10:57,0,6
2990,1,1272,17/08/2026,11:08,11:25,0,7
2991,1,1381,17/08/2026,11:31,11:48,0,8
2992,1,1423,17/08/2026,11:52,12:12,0,9
2993,1,1236,18/08/2026,09:18,09:25,0,1
2994,1,1057,18/08/2026,09:29,09:44,0,2
2995,1,1159,18/08/2026,09:53,10:08,0,3
2996,1,1068,18/08/2026,10:12,10:25,0,4
2997,1,1183,18/08/2026,10:29,10:37,0,5
2998,1,1099,18/08/2026,10:52,10:59,0,6
2999,1,1099,18/08/2026,11:11,11:18,0,7
3000,1,1038,18/08/2026,11:27,,0,8
3001,1,1382,18/08/2026,11:54,12:06,0,9
3002,1,1323,18/08/2026,12:10,12:17,0,10
3003,1,1016,18/08/2026,12:23,12:33,0,11
3004,1,1151,19/08/2026,09:31,09:42,0,1
3005,1,1294,19/08/2026,09:58,10:12,0,2
3006,1,1348,19/08/2026,10:19,10:32,0,3
3007,1,1405,19/08/2026,10:41,10:53,0,4
3008,1,1212,19/08/2026,11:00,11:10,0,5
3009,1,1424,19/08/2026,11:16,11:23,0,6
3010,2,1556,01/07/2025,09:15,09:36,0,1
3011,2,1691,01/07/2025,09:45,09:52,0,2
3012,2,1869,01/07/2025,10:01,10:10,0,3
3013,2,1728,01/07/2025,10:14,10:44,0,4
3014,2,1461,01/07/2025,10:50,11:01,0,5
3015,2,2817,01/07/2025,11:07,11:21,0,6
3016,2,1514,01/07/2025,11:30,11:48,0,7
3017,2,1660,01/07/2025,11:52,12:12,0,8
3018,2,1774,01/07/2025,12:16,12:26,0,9
3019,2,1854,02/07/2025,09:30,09:47,0,1
3020,2,1592,02/07/2025,09:51,10:06,0,2
3021,2,1664,02/07/2025,10:10,10:38,0,3
3022,2,1792,02/07/2025,10:46,11:06,0,4
3023,2,1836,02/07/2025,11:16,11:37,0,5
3024,2,1860,02/07/2025,11:43,11:54,0,6
3025,2,1547,02/07/2025,12:03,12:22,0,7
3026,2,1465,02/07/2025,12:35,12:43,0,8
3027,2,1812,03/07/2025,09:32,09:48,0,1
3028,2,1454,03/07/2025,09:52,09:59,0,2
3029,2,1557,03/07/2025,10:10,10:36,0,3
3030,2,1502,03/07/2025,10:44,10:54,0,4
3031,2,1473,03/07/2025,10:58,11:05,0,5
3032,2,1846,03/07/2025,11:09,11:33,0,6
3033,2,1737,03/07/2025,11:43,12:05,0,7
3034,2,1670,03/07/2025,12:11,12:30,0,8
3035,2,1493,03/07/2025,12:36,12:46,0,9
3036,2,1625,05/07/2025,09:25,09:32,0,1
3037,2,1663,05/07/2025,09:37,09:48,0,2
3038,2,1852,05/07/2025,09:53,10:06,0,3
3039,2,1769,05/07/2025,10:11,10:32,0,4
3040,2,1472,05/07/2025,10:36,10:52,0,5
3041,2,1569,05/07/2025,10:56,11:10,0,6
3042,2,1766,05/07/2025,11:17,11:43,0,7
3043,2,1855,05/07/2025,11:49,,0,8
3044,2,1704,05/07/2025,12:12,12:31,0,9
3045,2,1709,05/07/2025,12:37,12:50,0,10
3046,2,1684,06/07/2025,09:14,09:38,0,1
3047,2,1442,06/07/2025,09:43,09:59,0,2
3048,2,1763,06/07/2025,10:04,10:15,0,3
3049,2,1740,06/07/2025,10:24,10:43,0,4
3050,2,1635,06/07/2025,10:47,11:00,0,5
3051,2,1733,06/07/2025,11:08,11:32,0,6
3052,2,1837,06/07/2025,11:36,12:08,0,7
3053,2,1684,06/07/2025,12:14,12:40,0,8
3054,2,1862,07/07/2025,09:10,09:17,0,1
3055,2,1556,07/07/2025,09:25,09:39,0,2
3056,2,1480,07/07/2025,09:43,10:00,0,3
3057,2,1620,07/07/2025,10:12,10:22,0,4
3058,2,1450,07/07/2025,10:26,10:46,0,5
3059,2,1762,07/07/2025,10:55,11:05,0,6
3060,2,2809,07/07/2025,11:15,,1,7
3061,2,1854,08/07/2025,09:06,09:35,0,1
3062,2,1458,08/07/2025,09:39,09:49,0,2
3063,2,1664,08/07/2025,09:55,10:17,0,3
3064,2,1761,08/07/2025,10:24,10:34,0,4
3065,2,1532,08/07/2025,10:44,10:52,0,5
3066,2,1486,08/07/2025,10:56,11:16,0,6
3067,2,1774,08/07/2025,11:20,,0,7
3068,2,1626,08/07/2025,11:52,12:07,0,8
3069,2,1596,08/07/2025,12:14,12:29,0,9
3070,2,1502,08/07/2025,12:36,12:48,0,10
3071,2,2809,08/07/2025,12:57,13:18,0,11
3072,2,1693,09/07/2025,09:22,09:44,0,1
3073,2,1533,09/07/2025,09:51,,0,2
3074,2,1842,09/07/2025,10:14,10:39,0,3
3075,2,1793,09/07/2025,10:48,11:09,0,4
3076,2,1826,09/07/2025,11:16,11:35,0,5
3077,2,1622,09/07/2025,11:39,12:01,0,6
3078,2,1501,09/07/2025,12:05,12:14,0,7
3079,2,1888,09/07/2025,12:26,12:43,0,8
3080,2,1477,09/07/2025,12:48,,0,9
3081,2,1739,09/07/2025,13:08,13:22,0,10
3082,2,1751,10/07/2025,09:13,09:28,0,1
3083,2,1676,10/07/2025,09:33,,0,2
3084,2,1841,10/07/2025,10:01,10:15,0,3
3085,2,1762,10/07/2025,10:22,10:29,0,4
3086,2,1573,10/07/2025,10:35,10:59,0,5
3087,2,1488,10/07/2025,11:09,11:25,0,6
3088,2,1773,10/07/2025,11:32,11:52,0,7
3089,2,1727,10/07/2025,11:56,12:12,0,8
3090,2,1680,10/07/2025,12:19,12:35,0,9
3091,2,1537,10/07/2025,12:41,13:08,0,10
3092,2,1777,10/07/2025,13:12,,0,11
3093,2,1539,12/07/2025,09:15,09:46,0,1
3094,2,1768,12/07/2025,09:50,,0,2
3095,2,1690,12/07/2025,10:21,10:32,0,3
3096,2,1889,12/07/2025,10:36,10:59,0,4
3097,2,2810,12/07/2025,11:04,11:11,0,5
3098,2,1719,12/07/2025,11:16,11:30,0,6
3099,2,1670,12/07/2025,11:34,11:47,0,7
3100,2,1710,12/07/2025,12:01,12:25,0,8
3101,2,1527,12/07/2025,12:33,12:55,0,9
3102,2,1530,12/07/2025,12:59,,0,10
3103,2,1732,13/07/2025,09:17,09:26,0,1
3104,2,1780,13/07/2025,09:34,09:53,0,2
3105,2,1583,13/07/2025,09:59,10:06,0,3
3106,2,1736,13/07/2025,10:10,10:29,0,4
3107,2,1762,13/07/2025,10:34,10:49,0,5
3108,2,1538,13/07/2025,10:59,11:20,0,6
3109,2,1519,13/07/2025,11:28,11:41,0,7
3110,2,1818,13/07/2025,11:45,12:03,0,8
3111,2,1777,13/07/2025,12:10,12:17,0,9
3112,2,1440,13/07/2025,12:27,12:50,0,10
3113,2,1696,14/07/2025,09:19,09:26,0,1
3114,2,1718,14/07/2025,09:34,09:52,0,2
3115,2,1687,14/07/2025,09:58,10:21,0,3
3116,2,1587,14/07/2025,10:26,10:40,0,4
3117,2,1549,14/07/2025,10:45,11:00,0,5
3118,2,1525,14/07/2025,11:05,11:12,0,6
3119,2,1689,14/07/2025,11:17,11:24,0,7
3120,2,1843,14/07/2025,11:28,11:42,0,8
3121,2,1736,14/07/2025,11:49,11:56,0,9
3122,2,1486,14/07/2025,12:04,12:20,0,10
3123,2,1878,14/07/2025,12:25,12:40,0,11
3124,2,1676,15/07/2025,09:10,09:27,0,1
3125,2,1584,15/07/2025,09:37,09:52,0,2
3126,2,1741,15/07/2025,09:58,10:05,0,3
3127,2,1889,15/07/2025,10:12,10:35,0,4
3128,2,1818,15/07/2025,10:39,,0,5
3129,2,1633,15/07/2025,11:02,11:17,0,6
3130,2,1793,16/07/2025,09:28,09:40,0,1
3131,2,1474,16/07/2025,09:47,09:59,0,2
3132,2,1785,16/07/2025,10:09,10:30,0,3
3133,2,1869,16/07/2025,10:34,10:41,0,4
3134,2,1587,16/07/2025,10:45,10:52,0,5
3135,2,1584,16/07/2025,11:00,11:24,0,6
3136,2,1706,17/07/2025,09:32,09:45,0,1
3137,2,1474,17/07/2025,09:53,10:00,0,2
3138,2,1671,17/07/2025,10:11,10:40,0,3
3139,2,1713,17/07/2025,10:44,10:59,0,4
3140,2,1780,17/07/2025,11:06,11:24,0,5
3141,2,1563,17/07/2025,11:31,11:43,0,6
3142,2,1608,17/07/2025,11:47,11:55,0,7
3143,2,1666,17/07/2025,11:59,12:06,0,8
3144,2,1679,19/07/2025,09:23,09:40,0,1
3145,2,1574,19/07/2025,09:44,10:10,0,2
3146,2,1641,19/07/2025,10:15,10:22,0,3
3147,2,1577,19/07/2025,10:28,10:35,0,4
3148,2,1761,19/07/2025,10:39,10:51,0,5
3149,2,1833,19/07/2025,10:55,11:02,0,6
3150,2,1638,19/07/2025,11:10,11:18,0,7
3151,2,1707,20/07/2025,09:23,09:41,0,1
3152,2,1589,20/07/2025,09:52,10:12,0,2
3153,2,1840,20/07/2025,10:20,10:34,0,3
3154,2,1725,20/07/2025,10:38,10:52,0,4
3155,2,1815,20/07/2025,10:59,11:06,0,5
3156,2,1552,20/07/2025,11:14,11:30,0,6
3157,2,1475,20/07/2025,11:34,11:41,0,7
3158,2,1823,20/07/2025,11:47,,0,8
3159,2,1815,20/07/2025,12:14,12:24,0,9
3160,2,1609,20/07/2025,12:31,12:46,0,10
3161,2,1683,21/07/2025,09:18,09:33,0,1
3162,2,1762,21/07/2025,09:38,09:49,0,2
3163,2,1689,21/07/2025,09:53,10:02,0,3
3164,2,1836,21/07/2025,10:07,10:22,0,4
3165,2,1520,21/07/2025,10:32,10:55,0,5
3166,2,1488,21/07/2025,11:02,11:31,0,6
3167,2,1780,21/07/2025,11:35,11:47,0,7
3168,2,1484,21/07/2025,11:54,12:06,0,8
3169,2,1700,21/07/2025,12:10,12:26,0,9
3170,2,1762,21/07/2025,12:30,12:37,0,10
3171,2,1681,21/07/2025,12:47,13:11,0,11
3172,2,1467,22/07/2025,09:34,09:50,0,1
3173,2,1771,22/07/2025,10:02,10:09,0,2
3174,2,1584,22/07/2025,10:14,,0,3
3175,2,1820,22/07/2025,10:47,11:10,0,4
3176,2,1803,22/07/2025,11:14,11:37,0,5
3177,2,1696,22/07/2025,11:41,11:50,0,6
3178,2,1502,22/07/2025,11:56,12:12,0,7
3179,2,1794,22/07/2025,12:20,12:39,0,8
3180,2,1853,22/07/2025,12:46,13:05,0,9
3181,2,1579,23/07/2025,09:08,09:29,0,1
3182,2,1878,23/07/2025,09:38,09:49,0,2
3183,2,1847,23/07/2025,09:54,10:11,0,3
3184,2,1861,23/07/2025,10:17,10:44,0,4
3185,2,1741,23/07/2025,10:54,11:10,0,5
3186,2,1667,23/07/2025,11:16,11:36,0,6
3187,2,1769,24/07/2025,09:13,09:42,0,1
3188,2,1775,24/07/2025,09:47,10:04,0,2
3189,2,1587,24/07/2025,10:13,10:33,0,3
3190,2,1782,24/07/2025,10:37,11:03,0,4
3191,2,1648,24/07/2025,11:16,11:28,0,5
3192,2,1480,24/07/2025,11:35,11:50,0,6
3193,2,1711,24/07/2025,12:00,12:13,0,7
3194,2,1584,24/07/2025,12:23,12:53,0,8
3195,2,1674,26/07/2025,09:25,09:52,0,1
3196,2,1816,26/07/2025,09:56,10:08,0,2
3197,2,1449,26/07/2025,10:18,10:43,0,3
3198,2,1672,26/07/2025,10:48,,0,4
3199,2,1693,26/07/2025,10:59,11:13,0,5
3200,2,1814,26/07/2025,11:22,11:40,0,6
3201,2,1708,26/07/2025,11:46,12:00,0,7
3202,2,1477,27/07/2025,09:12,09:23,0,1
3203,2,1540,27/07/2025,09:28,09:47,0,2
3204,2,1575,27/07/2025,09:53,10:12,0,3
3205,2,1607,27/07/2025,10:19,10:29,0,4
3206,2,1646,27/07/2025,10:37,10:44,0,5
3207,2,1647,27/07/2025,10:48,11:01,0,6
3208,2,1697,27/07/2025,11:05,11:23,0,7
3209,2,1661,27/07/2025,11:36,11:55,0,8
3210,2,1578,27/07/2025,12:04,12:26,0,9
3211,2,1628,27/07/2025,12:30,12:42,0,10
3212,2,1572,28/07/2025,09:32,10:02,0,1
3213,2,1629,28/07/2025,10:12,10:19,0,2
3214,2,1682,28/07/2025,10:23,10:30,0,3
3215,2,1540,28/07/2025,10:34,10:42,0,4
3216,2,1710,28/07/2025,10:49,11:04,0,5
3217,2,1553,28/07/2025,11:16,11:35,0,6
3218,2,1458,28/07/2025,11:39,11:59,0,7
3219,2,1693,28/07/2025,12:03,12:27,0,8
3220,2,1541,29/07/2025,09:24,09:51,0,1
3221,2,1690,29/07/2025,09:57,10:06,0,2
3222,2,1638,29/07/2025,10:10,10:32,0,3
3223,2,1799,29/07/2025,10:39,10:56,0,4
3224,2,1553,29/07/2025,11:02,11:15,0,5
3225,2,1628,29/07/2025,11:19,11:26,0,6
3226,2,1567,30/07/2025,09:24,09:42,0,1
3227,2,1706,30/07/2025,09:53,10:11,0,2
3228,2,1813,30/07/2025,10:15,10:39,0,3
3229,2,1619,30/07/2025,10:45,10:58,0,4
3230,2,1718,30/07/2025,11:03,11:27,0,5
3231,2,1579,30/07/2025,11:37,11:44,0,6
3232,2,1448,30/07/2025,11:53,12:18,0,7
3233,2,1782,30/07/2025,12:23,12:40,0,8
3234,2,1826,30/07/2025,12:46,13:02,0,9
3235,2,1812,30/07/2025,13:06,13:18,0,10
3236,2,1575,31/07/2025,09:32,09:45,0,1
3237,2,1826,31/07/2025,09:55,10:11,0,2
3238,2,1718,31/07/2025,10:15,10:27,0,3
3239,2,1876,31/07/2025,10:34,10:43,0,4
3240,2,1477,31/07/2025,10:49,11:01,0,5
3241,2,1450,31/07/2025,11:09,11:33,0,6
3242,2,1802,31/07/2025,11:42,11:49,0,7
3243,2,1836,31/07/2025,11:53,12:18,0,8
3244,2,1538,31/07/2025,12:25,12:46,0,9
3245,2,1656,02/08/2025,09:13,09:36,0,1
3246,2,1770,02/08/2025,09:42,10:19,0,2
3247,2,1555,02/08/2025,10:29,10:36,0,3
3248,2,1874,02/08/2025,10:46,11:04,0,4
3249,2,1443,02/08/2025,11:12,,0,5
3250,2,1579,02/08/2025,11:37,11:44,0,6
3251,2,1628,03/08/2025,09:24,09:36,0,1
3252,2,1806,03/08/2025,09:40,10:02,0,2
3253,2,1708,03/08/2025,10:06,10:23,0,3
3254,2,1541,03/08/2025,10:30,,0,4
3255,2,1543,03/08/2025,11:06,11:22,0,5
3256,2,1608,03/08/2025,11:30,11:40,0,6
3257,2,1882,03/08/2025,11:47,12:02,0,7
3258,2,1559,04/08/2025,09:32,09:47,0,1
3259,2,1831,04/08/2025,10:00,10:07,0,2
3260,2,1756,04/08/2025,10:13,10:25,0,3
3261,2,1656,04/08/2025,10:32,10:50,0,4
3262,2,1683,04/08/2025,10:56,11:12,0,5
3263,2,1846,04/08/2025,11:16,,0,6
3264,2,1710,04/08/2025,11:35,11:52,0,7
3265,2,1599,04/08/2025,12:00,12:18,0,8
3266,2,1876,04/08/2025,12:22,,0,9
3267,2,1656,04/08/2025,12:33,12:48,0,10
3268,2,2817,05/08/2025,09:09,09:28,0,1
3269,2,1502,05/08/2025,09:32,09:48,0,2
3270,2,1495,05/08/2025,09:58,10:12,0,3
3271,2,1663,05/08/2025,10:20,10:39,0,4
3272,2,1506,05/08/2025,10:45,,1,5
3273,2,1528,05/08/2025,11:00,11:23,0,6
3274,2,1735,05/08/2025,11:30,11:44,0,7
3275,2,1873,05/08/2025,11:53,12:05,0,8
3276,2,1818,05/08/2025,12:11,12:18,0,9
3277,2,1456,05/08/2025,12:24,12:49,0,10
3278,2,1516,06/08/2025,09:30,09:37,0,1
3279,2,1540,06/08/2025,09:42,09:54,0,2
3280,2,1691,06/08/2025,10:00,10:17,0,3
3281,2,1662,06/08/2025,10:24,10:48,0,4
3282,2,1567,06/08/2025,10:57,11:25,0,5
3283,2,1735,06/08/2025,11:33,12:03,0,6
3284,2,1788,06/08/2025,12:10,12:39,0,7
3285,2,1657,06/08/2025,12:43,12:53,0,8
3286,2,1534,06/08/2025,12:57,13:14,0,9
3287,2,1833,06/08/2025,13:22,13:29,0,10
3288,2,1783,06/08/2025,13:33,13:51,0,11
3289,2,1721,07/08/2025,09:12,09:39,0,1
3290,2,1478,07/08/2025,09:44,09:57,0,2
3291,2,1581,07/08/2025,10:04,10:23,0,3
3292,2,1561,07/08/2025,10:36,,0,4
3293,2,1530,07/08/2025,11:02,11:12,0,5
3294,2,1714,07/08/2025,11:26,11:49,0,6
3295,2,1719,07/08/2025,11:53,12:19,0,7
3296,2,1510,07/08/2025,12:23,12:38,0,8
3297,2,1642,07/08/2025,12:43,12:56,0,9
3298,2,1776,07/08/2025,13:00,13:07,0,10
3299,2,1451,07/08/2025,13:17,13:45,0,11
3300,2,1649,09/08/2025,09:23,09:40,0,1
3301,2,1454,09/08/2025,09:49,09:58,0,2
3302,2,1682,09/08/2025,10:05,10:30,0,3
3303,2,1581,09/08/2025,10:39,10:46,0,4
3304,2,1574,09/08/2025,10:52,11:06,0,5
3305,2,1657,09/08/2025,11:10,11:25,0,6
3306,2,1638,09/08/2025,11:34,11:53,0,7
3307,2,1483,09/08/2025,11:58,12:17,0,8
3308,2,1689,09/08/2025,12:23,12:32,0,9
3309,2,1829,10/08/2025,09:15,09:23,0,1
3310,2,1475,10/08/2025,09:31,09:54,0,2
3311,2,1513,10/08/2025,09:58,10:09,0,3
3312,2,2814,10/08/2025,10:13,10:27,0,4
3313,2,1448,10/08/2025,10:37,10:58,0,5
3314,2,1684,10/08/2025,11:07,11:27,0,6
3315,2,1604,10/08/2025,11:34,11:58,0,7
3316,2,1475,11/08/2025,09:15,09:28,0,1
3317,2,1473,11/08/2025,09:37,09:54,0,2
3318,2,1687,11/08/2025,09:58,10:26,0,3
3319,2,1447,11/08/2025,10:36,10:55,0,4
3320,2,1776,11/08/2025,11:01,11:16,0,5
3321,2,1574,11/08/2025,11:24,11:40,0,6
3322,2,1636,11/08/2025,11:44,12:11,0,7
3323,2,1704,11/08/2025,12:16,12:35,0,8
3324,2,1592,11/08/2025,12:39,12:58,0,9
3325,2,1610,12/08/2025,09:33,09:50,0,1
3326,2,1625,12/08/2025,09:54,,0,2
3327,2,1783,12/08/2025,10:16,10:30,0,3
3328,2,1676,12/08/2025,10:35,10:52,0,4
3329,2,1551,12/08/2025,11:02,11:22,0,5
3330,2,1478,12/08/2025,11:28,11:47,0,6
3331,2,1792,13/08/2025,09:16,09:35,0,1
3332,2,1661,13/08/2025,09:40,10:02,0,2
3333,2,1586,13/08/2025,10:06,10:25,0,3
3334,2,1523,13/08/2025,10:32,10:39,0,4
3335,2,1473,13/08/2025,10:47,10:54,0,5
3336,2,1610,13/08/2025,11:03,11:18,0,6
3337,2,1846,13/08/2025,11:27,11:34,0,7
3338,2,1754,13/08/2025,11:43,12:05,0,8
3339,2,1698,14/08/2025,09:26,09:35,0,1
3340,2,1583,14/08/2025,09:39,09:47,0,2
3341,2,1700,14/08/2025,09:55,10:16,0,3
3342,2,1709,14/08/2025,10:28,10:44,0,4
3343,2,1455,14/08/2025,10:48,11:05,0,5
3344,2,1633,14/08/2025,11:12,,0,6
3345,2,1766,14/08/2025,11:26,11:49,0,7
3346,2,1640,14/08/2025,11:53,12:12,0,8
3347,2,1766,14/08/2025,12:24,12:42,0,9
3348,2,1443,16/08/2025,09:10,09:23,0,1
3349,2,1719,16/08/2025,09:33,09:42,0,2
3350,2,1619,16/08/2025,09:50,09:57,0,3
3351,2,1670,16/08/2025,10:06,10:18,0,4
3352,2,1690,16/08/2025,10:23,10:40,0,5
3353,2,1480,16/08/2025,10:44,,1,6
3354,2,1871,16/08/2025,11:15,11:34,0,7
3355,2,1604,16/08/2025,11:39,11:58,0,8
3356,2,1867,16/08/2025,12:05,12:14,0,9
3357,2,1878,17/08/2025,09:07,09:14,0,1
3358,2,1757,17/08/2025,09:21,09:30,0,2
3359,2,1706,17/08/2025,09:38,09:56,0,3
3360,2,1776,17/08/2025,10:07,,0,4
3361,2,1646,17/08/2025,10:27,,0,5
3362,2,1492,17/08/2025,10:50,11:11,0,6
3363,2,1456,17/08/2025,11:16,11:43,0,7
3364,2,1722,17/08/2025,11:51,12:05,0,8
3365,2,1477,18/08/2025,09:16,09:39,0,1
3366,2,1665,18/08/2025,09:43,09:50,0,2
3367,2,1833,18/08/2025,10:00,10:08,0,3
3368,2,1862,18/08/2025,10:12,10:30,0,4
3369,2,1628,18/08/2025,10:35,10:57,0,5
3370,2,1552,18/08/2025,11:01,11:32,0,6
3371,2,1851,18/08/2025,11:44,11:53,0,7
3372,2,1635,19/08/2025,09:22,09:42,0,1
3373,2,1498,19/08/2025,09:49,10:09,0,2
3374,2,1531,19/08/2025,10:20,10:35,0,3
3375,2,1800,19/08/2025,10:40,10:49,0,4
3376,2,1534,19/08/2025,10:56,11:03,0,5
3377,2,1666,19/08/2025,11:14,,1,6
3378,2,1828,19/08/2025,11:30,11:48,0,7
3379,2,1532,19/08/2025,11:54,12:05,0,8
3380,2,1584,19/08/2025,12:09,12:29,0,9
3381,2,1774,20/08/2025,09:11,09:32,0,1
3382,2,1536,20/08/2025,09:46,10:06,0,2
3383,2,1794,20/08/2025,10:14,10:35,0,3
3384,2,1872,20/08/2025,10:39,10:53,0,4
3385,2,1501,20/08/2025,11:01,11:18,0,5
3386,2,1775,20/08/2025,11:28,11:51,0,6
3387,2,1698,20/08/2025,11:59,12:08,0,7
3388,2,1768,21/08/2025,09:20,09:37,0,1
3389,2,1576,21/08/2025,09:45,09:56,0,2
3390,2,1576,21/08/2025,10:00,10:22,0,3
3391,2,1794,21/08/2025,10:28,10:50,0,4
3392,2,1809,21/08/2025,10:54,11:19,0,5
3393,2,1693,21/08/2025,11:24,11:43,0,6
3394,2,1641,21/08/2025,11:47,11:54,0,7
3395,2,1616,23/08/2025,09:10,09:32,0,1
3396,2,1819,23/08/2025,09:41,09:48,0,2
3397,2,1461,23/08/2025,09:52,09:59,0,3
3398,2,1450,23/08/2025,10:08,10:33,0,4
3399,2,1747,23/08/2025,10:39,10:48,0,5
3400,2,1446,23/08/2025,10:57,11:16,0,6
3401,2,1833,23/08/2025,11:22,11:30,0,7
3402,2,1680,23/08/2025,11:34,11:41,0,8
3403,2,1652,23/08/2025,11:45,12:04,0,9
3404,2,1802,23/08/2025,12:12,12:24,0,10
3405,2,1610,23/08/2025,12:29,12:55,0,11
3406,2,1803,24/08/2025,09:22,09:37,0,1
3407,2,1630,24/08/2025,09:47,10:02,0,2
3408,2,1681,24/08/2025,10:06,10:22,0,3
3409,2,1832,24/08/2025,10:26,10:40,0,4
3410,2,1865,24/08/2025,10:44,11:10,0,5
3411,2,1851,24/08/2025,11:17,11:28,0,6
3412,2,1488,24/08/2025,11:35,11:54,0,7
3413,2,1772,25/08/2025,09:24,09:44,0,1
3414,2,1726,25/08/2025,09:52,10:01,0,2
3415,2,1534,25/08/2025,10:05,10:19,0,3
3416,2,1464,25/08/2025,10:27,10:43,0,4
3417,2,1445,25/08/2025,10:47,11:03,0,5
3418,2,1785,25/08/2025,11:13,11:29,0,6
3419,2,1754,26/08/2025,09:27,09:47,0,1
3420,2,1766,26/08/2025,09:54,10:23,0,2
3421,2,1744,26/08/2025,10:27,10:41,0,3
3422,2,1480,26/08/2025,10:47,11:09,0,4
3423,2,1521,26/08/2025,11:20,11:39,0,5
3424,2,1708,26/08/2025,11:44,12:05,0,6
3425,2,1553,26/08/2025,12:09,12:27,0,7
3426,2,1757,26/08/2025,12:33,12:40,0,8
3427,2,1768,26/08/2025,12:49,,0,9
3428,2,1837,26/08/2025,13:06,13:22,0,10
3429,2,1504,26/08/2025,13:31,13:51,0,11
3430,2,1775,27/08/2025,09:24,09:46,0,1
3431,2,1449,27/08/2025,09:50,09:57,0,2
3432,2,1745,27/08/2025,10:02,10:27,0,3
3433,2,1620,27/08/2025,10:31,10:53,0,4
3434,2,1449,27/08/2025,11:02,11:21,0,5
3435,2,1863,27/08/2025,11:27,11:40,0,6
3436,2,1518,27/08/2025,11:45,12:01,0,7
3437,2,1808,28/08/2025,09:12,09:27,0,1
3438,2,1605,28/08/2025,09:32,09:57,0,2
3439,2,1646,28/08/2025,10:07,,0,3
3440,2,1521,28/08/2025,10:26,10:50,0,4
3441,2,1588,28/08/2025,10:54,11:01,0,5
3442,2,1462,28/08/2025,11:10,,0,6
3443,2,1655,28/08/2025,11:36,12:13,0,7
3444,2,1759,30/08/2025,09:24,09:47,0,1
3445,2,1671,30/08/2025,09:51,10:10,0,2
3446,2,1742,30/08/2025,10:17,10:24,0,3
3447,2,1515,30/08/2025,10:30,10:37,0,4
3448,2,1559,30/08/2025,10:43,11:06,0,5
3449,2,1869,30/08/2025,11:16,11:23,0,6
3450,2,1669,30/08/2025,11:30,11:42,0,7
3451,2,1854,31/08/2025,09:12,09:32,0,1
3452,2,1537,31/08/2025,09:40,10:05,0,2
3453,2,1452,31/08/2025,10:18,10:37,0,3
3454,2,1697,31/08/2025,10:42,10:58,0,4
3455,2,1470,31/08/2025,11:03,11:14,0,5
3456,2,1879,31/08/2025,11:19,11:35,0,6
3457,2,1600,31/08/2025,11:40,11:59,0,7
3458,2,1445,01/09/2025,09:16,09:36,0,1
3459,2,1751,01/09/2025,09:46,10:23,0,2
3460,2,1849,01/09/2025,10:29,10:37,0,3
3461,2,1774,01/09/2025,10:43,11:02,0,4
3462,2,1821,01/09/2025,11:06,11:30,0,5
3463,2,2816,01/09/2025,11:36,12:03,0,6
3464,2,1829,01/09/2025,12:12,12:40,0,7
3465,2,1591,01/09/2025,12:48,13:08,0,8
3466,2,1819,02/09/2025,09:21,,0,1
3467,2,1692,02/09/2025,09:48,10:00,0,2
3468,2,1520,02/09/2025,10:10,10:30,0,3
3469,2,1440,02/09/2025,10:34,10:49,0,4
3470,2,1745,02/09/2025,10:59,11:09,0,5
3471,2,1608,02/09/2025,11:14,11:28,0,6
3472,2,1563,03/09/2025,09:32,09:48,0,1
3473,2,1467,03/09/2025,09:52,10:02,0,2
3474,2,1594,03/09/2025,10:10,10:30,0,3
3475,2,1852,03/09/2025,10:36,,0,4
3476,2,1618,03/09/2025,10:52,11:08,0,5
3477,2,1876,03/09/2025,11:12,11:19,0,6
3478,2,1476,03/09/2025,11:25,11:36,0,7
3479,2,1870,04/09/2025,09:33,,0,1
3480,2,1847,04/09/2025,10:01,10:30,0,2
3481,2,1486,04/09/2025,10:36,10:51,0,3
3482,2,1779,04/09/2025,10:57,11:05,0,4
3483,2,1840,04/09/2025,11:11,11:18,0,5
3484,2,1818,04/09/2025,11:22,11:49,0,6
3485,2,1492,04/09/2025,11:57,12:16,0,7
3486,2,1747,04/09/2025,12:21,12:33,0,8
3487,2,1633,06/09/2025,09:16,09:29,0,1
3488,2,1537,06/09/2025,09:33,09:54,0,2
3489,2,1665,06/09/2025,10:00,10:17,0,3
3490,2,1594,06/09/2025,10:21,10:37,0,4
3491,2,1617,06/09/2025,10:43,11:03,0,5
3492,2,1694,06/09/2025,11:07,11:26,0,6
3493,2,1851,06/09/2025,11:38,11:46,0,7
3494,2,1833,06/09/2025,11:53,12:07,0,8
3495,2,1451,06/09/2025,12:12,12:42,0,9
3496,2,1599,06/09/2025,12:46,13:05,0,10
3497,2,1559,07/09/2025,09:29,09:36,0,1
3498,2,1530,07/09/2025,09:40,09:53,0,2
3499,2,1882,07/09/2025,09:59,10:19,0,3
3500,2,1446,07/09/2025,10:31,,0,4
3501,2,1582,07/09/2025,10:53,11:19,0,5
3502,2,1576,07/09/2025,11:27,11:50,0,6
3503,2,1609,07/09/2025,11:54,12:01,0,7
3504,2,1625,07/09/2025,12:06,12:16,0,8
3505,2,1783,08/09/2025,09:11,09:33,0,1
3506,2,1547,08/09/2025,09:39,10:03,0,2
3507,2,1617,08/09/2025,10:09,10:50,0,3
3508,2,1641,08/09/2025,10:58,11:17,0,4
3509,2,1601,08/09/2025,11:21,11:28,0,5
3510,2,1807,08/09/2025,11:37,11:52,0,6
3511,2,2817,08/09/2025,11:56,12:14,0,7
3512,2,1543,08/09/2025,12:18,12:43,0,8
3513,2,1661,08/09/2025,12:51,,0,9
3514,2,1542,08/09/2025,13:19,13:33,0,10
3515,2,1845,08/09/2025,13:43,13:50,0,11
3516,2,1832,09/09/2025,09:27,09:35,0,1
3517,2,1739,09/09/2025,09:43,09:59,0,2
3518,2,1570,09/09/2025,10:09,10:26,0,3
3519,2,1592,09/09/2025,10:31,10:48,0,4
3520,2,1773,09/09/2025,10:56,11:13,0,5
3521,2,1714,09/09/2025,11:19,11:35,0,6
3522,2,1717,10/09/2025,09:12,09:22,0,1
3523,2,1530,10/09/2025,09:29,,0,2
3524,2,1604,10/09/2025,09:42,09:49,0,3
3525,2,1516,10/09/2025,09:55,10:10,0,4
3526,2,1729,10/09/2025,10:15,10:32,0,5
3527,2,1699,10/09/2025,10:39,10:46,0,6
3528,2,1479,10/09/2025,10:53,11:06,0,7
3529,2,1864,10/09/2025,11:14,11:31,0,8
3530,2,1782,10/09/2025,11:36,12:00,0,9
3531,2,1451,11/09/2025,09:09,09:17,0,1
3532,2,1711,11/09/2025,09:24,09:43,0,2
3533,2,1454,11/09/2025,09:47,09:54,0,3
3534,2,1469,11/09/2025,10:04,10:25,0,4
3535,2,1870,11/09/2025,10:30,,0,5
3536,2,1646,11/09/2025,10:52,11:07,0,6
3537,2,1695,11/09/2025,11:11,11:19,0,7
3538,2,1727,11/09/2025,11:26,11:50,0,8
3539,2,1732,11/09/2025,11:59,12:14,0,9
3540,2,1484,13/09/2025,09:15,09:22,0,1
3541,2,1788,13/09/2025,09:28,09:44,0,2
3542,2,1765,13/09/2025,09:48,10:02,0,3
3543,2,1531,13/09/2025,10:06,10:18,0,4
3544,2,1530,13/09/2025,10:28,10:36,0,5
3545,2,1607,13/09/2025,10:40,10:56,0,6
3546,2,1475,13/09/2025,11:04,11:16,0,7
3547,2,1762,14/09/2025,09:23,09:36,0,1
3548,2,1590,14/09/2025,09:41,09:59,0,2
3549,2,1738,14/09/2025,10:07,10:35,0,3
3550,2,1666,14/09/2025,10:48,11:01,0,4
3551,2,1585,14/09/2025,11:07,11:24,0,5
3552,2,1530,14/09/2025,11:30,11:46,0,6
3553,2,1842,14/09/2025,11:54,12:23,0,7
3554,2,1718,14/09/2025,12:30,12:50,0,8
3555,2,2809,14/09/2025,12:56,13:12,0,9
3556,2,1524,14/09/2025,13:18,13:29,0,10
3557,2,1449,15/09/2025,09:19,09:32,0,1
3558,2,1698,15/09/2025,09:39,09:53,0,2
3559,2,1697,15/09/2025,10:03,10:22,0,3
3560,2,1683,15/09/2025,10:26,10:43,0,4
3561,2,1885,15/09/2025,10:49,11:05,0,5
3562,2,1822,15/09/2025,11:15,11:35,0,6
3563,2,1534,15/09/2025,11:40,11:59,0,7
3564,2,1490,15/09/2025,12:07,12:18,0,8
3565,2,1810,15/09/2025,12:25,12:45,0,9
3566,2,1603,16/09/2025,09:30,09:47,0,1
3567,2,1799,16/09/2025,09:52,10:10,0,2
3568,2,1645,16/09/2025,10:18,10:41,0,3
3569,2,1793,16/09/2025,10:48,,0,4
3570,2,1646,16/09/2025,11:06,11:29,0,5
3571,2,1633,16/09/2025,11:35,,0,6
3572,2,1481,16/09/2025,11:49,11:56,0,7
3573,2,1569,16/09/2025,12:02,12:23,0,8
3574,2,1515,16/09/2025,12:32,13:02,0,9
3575,2,1765,17/09/2025,09:12,09:27,0,1
3576,2,1541,17/09/2025,09:31,09:48,0,2
3577,2,1510,17/09/2025,09:53,10:01,0,3
3578,2,2817,17/09/2025,10:10,10:24,0,4
3579,2,1634,17/09/2025,10:28,10:44,0,5
3580,2,1486,17/09/2025,10:48,11:06,0,6
3581,2,1787,17/09/2025,11:12,11:25,0,7
3582,2,1566,17/09/2025,11:29,11:49,0,8
3583,2,1475,17/09/2025,11:56,12:11,0,9
3584,2,1567,17/09/2025,12:16,12:36,0,10
3585,2,1667,18/09/2025,09:18,09:48,0,1
3586,2,1458,18/09/2025,09:52,10:06,0,2
3587,2,1732,18/09/2025,10:17,10:42,0,3
3588,2,1780,18/09/2025,10:46,10:53,0,4
3589,2,1467,18/09/2025,10:57,11:15,0,5
3590,2,1472,18/09/2025,11:19,11:38,0,6
3591,2,1837,18/09/2025,11:42,11:59,0,7
3592,2,1818,18/09/2025,12:03,12:23,0,8
3593,2,1727,20/09/2025,09:21,09:30,0,1
3594,2,1574,20/09/2025,09:38,09:58,0,2
3595,2,1455,20/09/2025,10:06,10:33,0,3
3596,2,1481,20/09/2025,10:40,,0,4
3597,2,1700,20/09/2025,11:01,11:17,0,5
3598,2,1609,20/09/2025,11:26,11:39,0,6
3599,2,1599,20/09/2025,11:43,12:01,0,7
3600,2,1483,20/09/2025,12:08,12:27,0,8
3601,2,1850,20/09/2025,12:37,12:55,0,9
3602,2,1856,21/09/2025,09:29,09:49,0,1
3603,2,1858,21/09/2025,09:53,10:19,0,2
3604,2,1575,21/09/2025,10:26,10:49,0,3
3605,2,1687,21/09/2025,10:55,11:07,0,4
3606,2,1777,21/09/2025,11:11,11:29,0,5
3607,2,1606,21/09/2025,11:35,11:47,0,6
3608,2,1630,22/09/2025,09:21,09:36,0,1
3609,2,1694,22/09/2025,09:42,10:10,0,2
3610,2,1808,22/09/2025,10:18,10:35,0,3
3611,2,1473,22/09/2025,10:40,10:47,0,4
3612,2,1483,22/09/2025,10:52,11:13,0,5
3613,2,1708,22/09/2025,11:18,,0,6
3614,2,1858,22/09/2025,11:45,11:59,0,7
3615,2,1486,22/09/2025,12:03,12:27,0,8
3616,2,1767,22/09/2025,12:31,12:44,0,9
3617,2,1464,22/09/2025,12:48,13:12,0,10
3618,2,1759,22/09/2025,13:19,13:47,0,11
3619,2,1529,23/09/2025,09:16,09:34,0,1
3620,2,1509,23/09/2025,09:38,09:56,0,2
3621,2,1799,23/09/2025,10:05,10:15,0,3
3622,2,1447,23/09/2025,10:20,10:27,0,4
3623,2,1619,23/09/2025,10:34,10:49,0,5
3624,2,1792,23/09/2025,10:53,11:15,0,6
3625,2,1870,23/09/2025,11:21,11:47,0,7
3626,2,1536,24/09/2025,09:19,09:37,0,1
3627,2,1888,24/09/2025,09:41,09:56,0,2
3628,2,2824,24/09/2025,10:00,10:19,0,3
3629,2,1481,24/09/2025,10:28,10:41,0,4
3630,2,1454,24/09/2025,10:54,11:02,0,5
3631,2,1494,24/09/2025,11:11,11:32,0,6
3632,2,1493,24/09/2025,11:38,12:02,0,7
3633,2,1869,24/09/2025,12:10,12:17,0,8
3634,2,1649,24/09/2025,12:26,12:48,0,9
3635,2,1513,24/09/2025,12:55,13:12,0,10
3636,2,1686,24/09/2025,13:17,13:24,0,11
3637,2,1617,25/09/2025,09:27,09:43,0,1
3638,2,1523,25/09/2025,09:49,10:07,0,2
3639,2,1601,25/09/2025,10:17,10:24,0,3
3640,2,1525,25/09/2025,10:30,10:48,0,4
3641,2,1683,25/09/2025,10:59,11:20,0,5
3642,2,1868,25/09/2025,11:24,11:35,0,6
3643,2,1672,25/09/2025,11:47,11:54,0,7
3644,2,1517,25/09/2025,11:58,12:10,0,8
3645,2,1797,25/09/2025,12:14,12:29,0,9
3646,2,1816,27/09/2025,09:16,09:31,0,1
3647,2,1789,27/09/2025,09:35,09:47,0,2
3648,2,1578,27/09/2025,09:55,10:07,0,3
3649,2,1540,27/09/2025,10:13,10:37,0,4
3650,2,1532,27/09/2025,10:41,10:48,0,5
3651,2,1640,27/09/2025,10:52,10:59,0,6
3652,2,1843,27/09/2025,11:05,11:26,0,7
3653,2,1620,27/09/2025,11:30,11:40,0,8
3654,2,1450,27/09/2025,11:53,,1,9
3655,2,1883,27/09/2025,12:11,12:29,0,10
3656,2,1563,28/09/2025,09:22,09:53,0,1
3657,2,1725,28/09/2025,10:00,10:22,0,2
3658,2,1515,28/09/2025,10:30,10:52,0,3
3659,2,1579,28/09/2025,11:05,11:26,0,4
3660,2,1880,28/09/2025,11:33,11:46,0,5
3661,2,1497,28/09/2025,11:50,12:11,0,6
3662,2,1700,28/09/2025,12:16,12:37,0,7
3663,2,1641,28/09/2025,12:41,13:02,0,8
3664,2,1707,29/09/2025,09:22,09:40,0,1
3665,2,1556,29/09/2025,09:49,09:59,0,2
3666,2,1733,29/09/2025,10:11,10:22,0,3
3667,2,1818,29/09/2025,10:30,10:37,0,4
3668,2,1576,29/09/2025,10:43,,0,5
3669,2,1748,29/09/2025,11:01,11:19,0,6
3670,2,1882,29/09/2025,11:28,11:45,0,7
3671,2,1495,29/09/2025,11:51,12:17,0,8
3672,2,1523,29/09/2025,12:28,12:49,0,9
3673,2,1597,29/09/2025,12:56,13:15,0,10
3674,2,1843,29/09/2025,13:27,13:44,0,11
3675,2,1855,30/09/2025,09:26,09:49,0,1
3676,2,1838,30/09/2025,09:57,10:08,0,2
3677,2,1822,30/09/2025,10:12,10:28,0,3
3678,2,1631,30/09/2025,10:32,10:47,0,4
3679,2,1488,30/09/2025,10:54,11:10,0,5
3680,2,1811,30/09/2025,11:14,11:36,0,6
3681,2,1862,01/10/2025,09:25,09:34,0,1
3682,2,1528,01/10/2025,09:40,09:59,0,2
3683,2,1635,01/10/2025,10:06,10:27,0,3
3684,2,1600,01/10/2025,10:39,11:00,0,4
3685,2,1451,01/10/2025,11:04,11:21,0,5
3686,2,1484,01/10/2025,11:29,11:57,0,6
3687,2,1497,01/10/2025,12:06,,0,7
3688,2,1796,01/10/2025,12:30,12:43,0,8
3689,2,1718,01/10/2025,12:48,13:04,0,9
3690,2,1679,02/10/2025,09:17,09:24,0,1
3691,2,1516,02/10/2025,09:31,09:47,0,2
3692,2,1711,02/10/2025,09:54,,1,3
3693,2,1889,02/10/2025,10:26,10:50,0,4
3694,2,1674,02/10/2025,10:54,11:01,0,5
3695,2,1579,02/10/2025,11:05,11:25,0,6
3696,2,1603,02/10/2025,11:29,11:49,0,7
3697,2,1631,04/10/2025,09:15,09:30,0,1
3698,2,1772,04/10/2025,09:38,09:55,0,2
3699,2,1883,04/10/2025,10:01,10:08,0,3
3700,2,1842,04/10/2025,10:12,10:21,0,4
3701,2,1509,04/10/2025,10:26,10:47,0,5
3702,2,1769,04/10/2025,10:57,11:22,0,6
3703,2,1692,04/10/2025,11:31,11:48,0,7
3704,2,1861,04/10/2025,11:52,12:11,0,8
3705,2,1466,04/10/2025,12:15,12:38,0,9
3706,2,1519,04/10/2025,12:42,13:02,0,10
3707,2,1767,05/10/2025,09:19,,1,1
3708,2,1881,05/10/2025,09:55,10:11,0,2
3709,2,1642,05/10/2025,10:17,10:49,0,3
3710,2,2817,05/10/2025,10:53,,0,4
3711,2,1449,05/10/2025,11:20,11:41,0,5
3712,2,1684,05/10/2025,11:47,,0,6
3713,2,1794,05/10/2025,12:10,12:33,0,7
3714,2,1622,05/10/2025,12:39,12:59,0,8
3715,2,1624,05/10/2025,13:04,13:21,0,9
3716,2,1665,06/10/2025,09:31,09:47,0,1
3717,2,1667,06/10/2025,09:54,10:21,0,2
3718,2,1786,06/10/2025,10:25,10:39,0,3
3719,2,1829,06/10/2025,10:46,10:59,0,4
3720,2,1580,06/10/2025,11:07,11:30,0,5
3721,2,1760,06/10/2025,11:36,11:53,0,6
3722,2,1660,07/10/2025,09:10,09:39,0,1
3723,2,1868,07/10/2025,09:47,09:56,0,2
3724,2,1530,07/10/2025,10:05,10:16,0,3
3725,2,1479,07/10/2025,10:20,10:34,0,4
3726,2,1575,07/10/2025,10:45,11:09,0,5
3727,2,1856,07/10/2025,11:18,11:40,0,6
3728,2,1647,07/10/2025,11:44,11:51,0,7
3729,2,1772,07/10/2025,12:02,12:21,0,8
3730,2,1857,07/10/2025,12:26,12:43,0,9
3731,2,1594,07/10/2025,12:53,13:16,0,10
3732,2,1833,07/10/2025,13:20,13:30,0,11
3733,2,1767,08/10/2025,09:17,09:32,0,1
3734,2,1570,08/10/2025,09:40,10:00,0,2
3735,2,1583,08/10/2025,10:05,10:15,0,3
3736,2,1687,08/10/2025,10:21,,0,4
3737,2,1537,08/10/2025,10:46,11:09,0,5
3738,2,1647,08/10/2025,11:13,11:30,0,6
3739,2,1490,08/10/2025,11:41,11:57,0,7
3740,2,1806,08/10/2025,12:01,,0,8
3741,2,1556,08/10/2025,12:21,12:33,0,9
3742,2,1543,08/10/2025,12:39,13:09,0,10
3743,2,1596,08/10/2025,13:13,13:33,0,11
3744,2,1843,09/10/2025,09:30,09:50,0,1
3745,2,1881,09/10/2025,09:59,10:20,0,2
3746,2,1486,09/10/2025,10:24,10:43,0,3
3747,2,1633,09/10/2025,10:48,11:07,0,4
3748,2,1809,09/10/2025,11:17,11:37,0,5
3749,2,1606,09/10/2025,11:43,12:03,0,6
3750,2,1709,09/10/2025,12:07,12:22,0,7
3751,2,1689,11/10/2025,09:19,09:26,0,1
3752,2,1699,11/10/2025,09:32,09:50,0,2
3753,2,1482,11/10/2025,09:54,10:06,0,3
3754,2,1541,11/10/2025,10:16,10:37,0,4
3755,2,1577,11/10/2025,10:45,11:10,0,5
3756,2,1873,11/10/2025,11:14,11:21,0,6
3757,2,1749,11/10/2025,11:32,11:47,0,7
3758,2,1883,11/10/2025,11:52,12:06,0,8
3759,2,1871,11/10/2025,12:15,12:31,0,9
3760,2,1483,11/10/2025,12:40,13:13,0,10
3761,2,1525,12/10/2025,09:12,09:28,0,1
3762,2,1721,12/10/2025,09:39,09:59,0,2
3763,2,1551,12/10/2025,10:09,10:24,0,3
3764,2,1697,12/10/2025,10:34,,0,4
3765,2,1559,12/10/2025,11:01,11:18,0,5
3766,2,1875,12/10/2025,11:24,,0,6
3767,2,1559,13/10/2025,09:32,09:45,0,1
3768,2,1692,13/10/2025,09:56,10:08,0,2
3769,2,2814,13/10/2025,10:13,10:25,0,3
3770,2,1826,13/10/2025,10:32,10:49,0,4
3771,2,1473,13/10/2025,10:57,11:12,0,5
3772,2,1628,13/10/2025,11:18,11:29,0,6
3773,2,1841,13/10/2025,11:34,11:50,0,7
3774,2,1858,13/10/2025,11:58,12:08,0,8
3775,2,1488,14/10/2025,09:28,,1,1
3776,2,1444,14/10/2025,09:49,10:05,0,2
3777,2,1681,14/10/2025,10:17,10:40,0,3
3778,2,1843,14/10/2025,10:44,10:59,0,4
3779,2,2814,14/10/2025,11:06,11:27,0,5
3780,2,1482,14/10/2025,11:34,11:56,0,6
3781,2,1739,14/10/2025,12:02,12:22,0,7
3782,2,1581,14/10/2025,12:26,12:40,0,8
3783,2,1654,14/10/2025,12:48,13:06,0,9
3784,2,1685,14/10/2025,13:10,13:26,0,10
3785,2,1632,14/10/2025,13:37,13:54,0,11
3786,2,1646,15/10/2025,09:25,09:38,0,1
3787,2,1634,15/10/2025,09:44,10:09,0,2
3788,2,1713,15/10/2025,10:13,10:27,0,3
3789,2,1520,15/10/2025,10:36,10:58,0,4
3790,2,1811,15/10/2025,11:09,,0,5
3791,2,1839,15/10/2025,11:32,11:51,0,6
3792,2,1590,16/10/2025,09:32,,0,1
3793,2,1784,16/10/2025,09:52,10:03,0,2
3794,2,1843,16/10/2025,10:12,10:38,0,3
3795,2,1510,16/10/2025,10:45,10:57,0,4
3796,2,1725,16/10/2025,11:05,,0,5
3797,2,1521,16/10/2025,11:26,11:49,0,6
3798,2,1838,16/10/2025,11:58,12:12,0,7
3799,2,1776,16/10/2025,12:20,12:39,0,8
3800,2,1535,16/10/2025,12:47,13:08,0,9
3801,2,1628,16/10/2025,13:17,13:26,0,10
3802,2,1744,18/10/2025,09:26,09:40,0,1
3803,2,1583,18/10/2025,09:47,10:06,0,2
3804,2,1725,18/10/2025,10:10,10:23,0,3
3805,2,1566,18/10/2025,10:31,10:46,0,4
3806,2,1458,18/10/2025,10:51,11:11,0,5
3807,2,1593,18/10/2025,11:15,11:22,0,6
3808,2,1845,18/10/2025,11:26,11:44,0,7
3809,2,1698,18/10/2025,11:54,12:01,0,8
3810,2,1832,19/10/2025,09:24,09:31,0,1
3811,2,1581,19/10/2025,09:45,09:54,0,2
3812,2,1502,19/10/2025,09:58,10:05,0,3
3813,2,1509,19/10/2025,10:13,10:27,0,4
3814,2,1755,19/10/2025,10:32,10:49,0,5
3815,2,1674,19/10/2025,10:53,,0,6
3816,2,1744,19/10/2025,11:17,11:41,0,7
3817,2,1682,20/10/2025,09:23,09:48,0,1
3818,2,1724,20/10/2025,09:53,10:12,0,2
3819,2,1640,20/10/2025,10:23,10:30,0,3
3820,2,1579,20/10/2025,10:40,11:01,0,4
3821,2,1547,20/10/2025,11:05,11:25,0,5
3822,2,1888,20/10/2025,11:30,,0,6
3823,2,1831,20/10/2025,12:05,12:27,0,7
3824,2,1825,20/10/2025,12:33,12:58,0,8
3825,2,1855,20/10/2025,13:05,,0,9
3826,2,1674,21/10/2025,09:26,09:36,0,1
3827,2,1600,21/10/2025,09:42,09:58,0,2
3828,2,1772,21/10/2025,10:02,10:18,0,3
3829,2,1718,21/10/2025,10:23,10:33,0,4
3830,2,1578,21/10/2025,10:37,,0,5
3831,2,1494,21/10/2025,11:15,11:22,0,6
3832,2,1780,21/10/2025,11:27,11:34,0,7
3833,2,1860,22/10/2025,09:14,09:26,0,1
3834,2,1537,22/10/2025,09:37,09:48,0,2
3835,2,1576,22/10/2025,09:55,10:20,0,3
3836,2,1664,22/10/2025,10:26,10:37,0,4
3837,2,1516,22/10/2025,10:42,11:07,0,5
3838,2,1882,22/10/2025,11:13,11:29,0,6
3839,2,1871,22/10/2025,11:37,11:54,0,7
3840,2,1614,22/10/2025,11:58,12:07,0,8
3841,2,1725,22/10/2025,12:12,12:28,0,9
3842,2,1594,22/10/2025,12:33,12:51,0,10
3843,2,1657,22/10/2025,12:58,13:23,0,11
3844,2,1740,23/10/2025,09:29,09:44,0,1
3845,2,1540,23/10/2025,09:49,10:12,0,2
3846,2,1525,23/10/2025,10:17,10:26,0,3
3847,2,1527,23/10/2025,10:35,10:44,0,4
3848,2,1774,23/10/2025,10:51,11:09,0,5
3849,2,1822,23/10/2025,11:14,11:30,0,6
3850,2,1736,23/10/2025,11:34,11:52,0,7
3851,2,1547,25/10/2025,09:09,09:36,0,1
3852,2,1688,25/10/2025,09:44,09:59,0,2
3853,2,1523,25/10/2025,10:05,10:32,0,3
3854,2,1442,25/10/2025,10:38,11:01,0,4
3855,2,1771,25/10/2025,11:05,11:20,0,5
3856,2,1879,25/10/2025,11:27,11:37,0,6
3857,2,1691,25/10/2025,11:44,11:59,0,7
3858,2,1763,25/10/2025,12:05,,0,8
3859,2,1847,25/10/2025,12:17,12:24,0,9
3860,2,1862,25/10/2025,12:31,12:38,0,10
3861,2,1724,25/10/2025,12:44,13:00,0,11
3862,2,1769,26/10/2025,09:21,09:42,0,1
3863,2,1566,26/10/2025,09:51,10:06,0,2
3864,2,1865,26/10/2025,10:11,10:29,0,3
3865,2,1743,26/10/2025,10:33,10:49,0,4
3866,2,1563,26/10/2025,10:57,11:23,0,5
3867,2,1483,26/10/2025,11:27,11:48,0,6
3868,2,1718,27/10/2025,09:14,,0,1
3869,2,1469,27/10/2025,09:35,09:54,0,2
3870,2,1761,27/10/2025,10:02,10:14,0,3
3871,2,1748,27/10/2025,10:19,10:32,0,4
3872,2,1561,27/10/2025,10:36,10:43,0,5
3873,2,1739,27/10/2025,10:47,11:06,0,6
3874,2,1775,27/10/2025,11:12,11:33,0,7
3875,2,1532,27/10/2025,11:43,12:00,0,8
3876,2,1842,27/10/2025,12:07,12:18,0,9
3877,2,1871,27/10/2025,12:25,12:33,0,10
3878,2,1493,27/10/2025,12:41,13:03,0,11
3879,2,1710,28/10/2025,09:24,09:48,0,1
3880,2,1667,28/10/2025,09:55,10:14,0,2
3881,2,1886,28/10/2025,10:23,10:35,0,3
3882,2,1537,28/10/2025,10:42,11:00,0,4
3883,2,1472,28/10/2025,11:06,11:15,0,5
3884,2,1734,28/10/2025,11:19,11:26,0,6
3885,2,1455,28/10/2025,11:30,11:52,0,7
3886,2,1756,28/10/2025,11:59,12:20,0,8
3887,2,1537,29/10/2025,09:09,09:25,0,1
3888,2,1802,29/10/2025,09:29,09:37,0,2
3889,2,1844,29/10/2025,09:42,10:06,0,3
3890,2,1564,29/10/2025,10:10,10:26,0,4
3891,2,1788,29/10/2025,10:30,10:47,0,5
3892,2,1645,29/10/2025,10:51,,0,6
3893,2,1853,29/10/2025,11:12,11:39,0,7
3894,2,2810,29/10/2025,11:49,,0,8
3895,2,1551,29/10/2025,12:12,12:33,0,9
3896,2,1467,29/10/2025,12:39,12:58,0,10
3897,2,1784,30/10/2025,09:30,09:40,0,1
3898,2,1512,30/10/2025,09:44,09:56,0,2
3899,2,1588,30/10/2025,10:04,10:15,0,3
3900,2,1586,30/10/2025,10:19,10:36,0,4
3901,2,1490,30/10/2025,10:49,11:14,0,5
3902,2,1768,30/10/2025,11:18,11:34,0,6
3903,2,1861,01/11/2025,09:15,09:36,0,1
3904,2,1755,01/11/2025,09:43,10:01,0,2
3905,2,1733,01/11/2025,10:08,10:18,0,3
3906,2,1541,01/11/2025,10:22,10:50,0,4
3907,2,1732,01/11/2025,10:56,11:06,0,5
3908,2,1474,01/11/2025,11:16,11:23,0,6
3909,2,1586,01/11/2025,11:27,11:44,0,7
3910,2,1704,01/11/2025,11:52,12:21,0,8
3911,2,1727,01/11/2025,12:25,12:39,0,9
3912,2,1724,02/11/2025,09:21,09:47,0,1
3913,2,1734,02/11/2025,09:54,10:14,0,2
3914,2,1513,02/11/2025,10:19,10:34,0,3
3915,2,1838,02/11/2025,10:39,10:55,0,4
3916,2,1672,02/11/2025,11:02,11:12,0,5
3917,2,1569,02/11/2025,11:18,11:35,0,6
3918,2,1729,02/11/2025,11:41,,0,7
3919,2,1820,02/11/2025,12:01,12:10,0,8
3920,2,1878,03/11/2025,09:31,09:38,0,1
3921,2,1769,03/11/2025,09:43,10:06,0,2
3922,2,1862,03/11/2025,10:12,10:33,0,3
3923,2,1857,03/11/2025,10:37,11:07,0,4
3924,2,1665,03/11/2025,11:11,11:27,0,5
3925,2,1664,03/11/2025,11:31,11:51,0,6
3926,2,1755,03/11/2025,11:55,12:21,0,7
3927,2,1815,03/11/2025,12:31,12:38,0,8
3928,2,1810,03/11/2025,12:42,12:56,0,9
3929,2,1448,03/11/2025,13:01,,0,10
3930,2,1509,04/11/2025,09:13,09:33,0,1
3931,2,1745,04/11/2025,09:41,09:59,0,2
3932,2,1816,04/11/2025,10:04,10:31,0,3
3933,2,1588,04/11/2025,10:40,10:50,0,4
3934,2,1576,04/11/2025,10:56,11:20,0,5
3935,2,1477,04/11/2025,11:24,11:42,0,6
3936,2,1665,04/11/2025,11:48,11:57,0,7
3937,2,1842,04/11/2025,12:08,12:24,0,8
3938,2,1655,04/11/2025,12:35,12:53,0,9
3939,2,1495,04/11/2025,13:03,13:10,0,10
3940,2,1525,04/11/2025,13:16,13:23,0,11
3941,2,1683,05/11/2025,09:25,09:39,0,1
3942,2,1695,05/11/2025,09:44,09:55,0,2
3943,2,1680,05/11/2025,09:59,10:08,0,3
3944,2,1440,05/11/2025,10:21,10:45,0,4
3945,2,1472,05/11/2025,10:51,,0,5
3946,2,1555,05/11/2025,11:15,11:25,0,6
3947,2,1621,05/11/2025,11:34,11:45,0,7
3948,2,1532,05/11/2025,11:53,12:15,0,8
3949,2,1854,06/11/2025,09:24,09:40,0,1
3950,2,1594,06/11/2025,09:47,10:11,0,2
3951,2,1716,06/11/2025,10:15,10:27,0,3
3952,2,1686,06/11/2025,10:35,10:43,0,4
3953,2,1572,06/11/2025,10:49,11:08,0,5
3954,2,1676,06/11/2025,11:12,11:19,0,6
3955,2,1464,06/11/2025,11:24,11:51,0,7
3956,2,1734,06/11/2025,11:59,12:18,0,8
3957,2,1591,06/11/2025,12:24,12:31,0,9
3958,2,1735,06/11/2025,12:45,12:55,0,10
3959,2,1654,08/11/2025,09:27,09:34,0,1
3960,2,1783,08/11/2025,09:41,09:56,0,2
3961,2,1510,08/11/2025,10:01,10:16,0,3
3962,2,1641,08/11/2025,10:21,10:30,0,4
3963,2,1506,08/11/2025,10:40,10:47,0,5
3964,2,1474,08/11/2025,10:53,11:02,0,6
3965,2,1492,08/11/2025,11:08,11:33,0,7
3966,2,1596,08/11/2025,11:37,11:52,0,8
3967,2,1464,08/11/2025,12:01,12:18,0,9
3968,2,1588,08/11/2025,12:23,12:35,0,10
3969,2,1561,09/11/2025,09:30,09:44,0,1
3970,2,1636,09/11/2025,09:53,10:15,0,2
3971,2,1447,09/11/2025,10:22,10:34,0,3
3972,2,1665,09/11/2025,10:39,,1,4
3973,2,1652,09/11/2025,11:10,11:20,0,5
3974,2,1567,09/11/2025,11:26,11:51,0,6
3975,2,1867,09/11/2025,11:59,12:06,0,7
3976,2,1812,09/11/2025,12:14,12:21,0,8
3977,2,1616,09/11/2025,12:34,12:54,0,9
3978,2,1688,10/11/2025,09:11,09:33,0,1
3979,2,1870,10/11/2025,09:37,09:48,0,2
3980,2,1563,10/11/2025,09:59,10:22,0,3
3981,2,1532,10/11/2025,10:31,10:43,0,4
3982,2,1829,10/11/2025,10:48,11:13,0,5
3983,2,1745,10/11/2025,11:17,11:44,0,6
3984,2,1622,10/11/2025,11:50,12:07,0,7
3985,2,1561,10/11/2025,12:11,12:23,0,8
3986,2,1814,11/11/2025,09:27,09:45,0,1
3987,2,1878,11/11/2025,09:54,10:01,0,2
3988,2,1634,11/11/2025,10:05,10:28,0,3
3989,2,1563,11/11/2025,10:35,10:46,0,4
3990,2,1466,11/11/2025,10:56,11:27,0,5
3991,2,1771,11/11/2025,11:31,11:48,0,6
3992,2,1743,11/11/2025,11:53,12:01,0,7
3993,2,1777,11/11/2025,12:05,12:15,0,8
3994,2,1802,12/11/2025,09:16,09:24,0,1
3995,2,1495,12/11/2025,09:32,09:57,0,2
3996,2,1477,12/11/2025,10:06,10:34,0,3
3997,2,1804,12/11/2025,10:41,10:56,0,4
3998,2,1492,12/11/2025,11:05,11:12,0,5
3999,2,1877,12/11/2025,11:20,11:36,0,6
4000,2,1700,12/11/2025,11:48,12:11,0,7
4001,2,1683,13/11/2025,09:29,09:38,0,1
4002,2,1726,13/11/2025,09:44,10:00,0,2
4003,2,1604,13/11/2025,10:16,10:30,0,3
4004,2,1757,13/11/2025,10:39,11:02,0,4
4005,2,1609,13/11/2025,11:13,11:24,0,5
4006,2,1808,13/11/2025,11:28,11:42,0,6
4007,2,1726,13/11/2025,11:51,12:14,0,7
4008,2,1609,15/11/2025,09:29,09:40,0,1
4009,2,1610,15/11/2025,09:48,10:00,0,2
4010,2,1882,15/11/2025,10:06,10:32,0,3
4011,2,1755,15/11/2025,10:36,10:51,0,4
4012,2,1797,15/11/2025,10:59,11:06,0,5
4013,2,1855,15/11/2025,11:13,11:27,0,6
4014,2,1518,15/11/2025,11:31,11:38,0,7
4015,2,1642,15/11/2025,11:45,12:02,0,8
4016,2,1738,15/11/2025,12:08,12:26,0,9
4017,2,1763,15/11/2025,12:30,12:58,0,10
4018,2,1451,16/11/2025,09:14,09:40,0,1
4019,2,1522,16/11/2025,09:44,09:51,0,2
4020,2,1695,16/11/2025,09:55,10:08,0,3
4021,2,1633,16/11/2025,10:16,,0,4
4022,2,1860,16/11/2025,10:34,10:52,0,5
4023,2,1749,16/11/2025,10:57,11:10,0,6
4024,2,1484,16/11/2025,11:14,11:31,0,7
4025,2,1796,16/11/2025,11:39,12:06,0,8
4026,2,1472,16/11/2025,12:14,,1,9
4027,2,1883,16/11/2025,12:42,12:54,0,10
4028,2,1888,16/11/2025,12:58,,0,11
4029,2,1771,17/11/2025,09:21,09:31,0,1
4030,2,1506,17/11/2025,09:39,09:47,0,2
4031,2,1780,17/11/2025,09:55,10:07,0,3
4032,2,1681,17/11/2025,10:15,10:37,0,4
4033,2,1736,17/11/2025,10:42,10:54,0,5
4034,2,1669,17/11/2025,10:59,11:11,0,6
4035,2,1481,17/11/2025,11:16,11:29,0,7
4036,2,1462,17/11/2025,11:34,11:45,0,8
4037,2,1563,18/11/2025,09:19,09:41,0,1
4038,2,1526,18/11/2025,09:45,09:52,0,2
4039,2,1888,18/11/2025,09:57,10:13,0,3
4040,2,1770,18/11/2025,10:20,10:40,0,4
4041,2,1648,18/11/2025,10:44,11:08,0,5
4042,2,1652,18/11/2025,11:15,11:30,0,6
4043,2,1819,18/11/2025,11:39,11:46,0,7
4044,2,1842,18/11/2025,11:51,12:05,0,8
4045,2,1448,19/11/2025,09:31,09:45,0,1
4046,2,1525,19/11/2025,09:54,10:01,0,2
4047,2,1642,19/11/2025,10:06,10:29,0,3
4048,2,1608,19/11/2025,10:33,10:41,0,4
4049,2,1489,19/11/2025,10:45,11:03,0,5
4050,2,1631,19/11/2025,11:09,11:23,0,6
4051,2,1826,20/11/2025,09:23,09:43,0,1
4052,2,1532,20/11/2025,09:56,10:17,0,2
4053,2,1622,20/11/2025,10:27,10:48,0,3
4054,2,1725,20/11/2025,10:55,11:11,0,4
4055,2,1654,20/11/2025,11:17,11:31,0,5
4056,2,1491,20/11/2025,11:38,11:53,0,6
4057,2,1552,20/11/2025,12:02,12:14,0,7
4058,2,1621,20/11/2025,12:18,12:32,0,8
4059,2,1592,22/11/2025,09:14,09:44,0,1
4060,2,1646,22/11/2025,09:50,09:58,0,2
4061,2,1466,22/11/2025,10:07,10:19,0,3
4062,2,1670,22/11/2025,10:23,10:36,0,4
4063,2,1698,22/11/2025,10:42,10:52,0,5
4064,2,1840,22/11/2025,10:57,11:09,0,6
4065,2,1541,22/11/2025,11:16,11:37,0,7
4066,2,1693,22/11/2025,11:49,,0,8
4067,2,1506,22/11/2025,12:08,12:19,0,9
4068,2,1654,23/11/2025,09:13,09:26,0,1
4069,2,2814,23/11/2025,09:36,09:53,0,2
4070,2,1832,23/11/2025,09:57,10:18,0,3
4071,2,2824,23/11/2025,10:22,10:41,0,4
4072,2,1769,23/11/2025,10:50,11:08,0,5
4073,2,1665,23/11/2025,11:15,11:37,0,6
4074,2,1707,23/11/2025,11:46,12:13,0,7
4075,2,1869,23/11/2025,12:22,12:35,0,8
4076,2,1809,23/11/2025,12:39,12:54,0,9
4077,2,1584,24/11/2025,09:14,09:31,0,1
4078,2,1513,24/11/2025,09:40,09:51,0,2
4079,2,1564,24/11/2025,09:55,10:12,0,3
4080,2,1525,24/11/2025,10:16,10:25,0,4
4081,2,2814,24/11/2025,10:34,11:02,0,5
4082,2,1661,24/11/2025,11:06,11:15,0,6
4083,2,1478,25/11/2025,09:20,09:44,0,1
4084,2,1842,25/11/2025,09:50,10:10,0,2
4085,2,1574,25/11/2025,10:14,10:26,0,3
4086,2,1773,25/11/2025,10:39,10:55,0,4
4087,2,1523,25/11/2025,10:59,11:14,0,5
4088,2,1770,25/11/2025,11:19,11:40,0,6
4089,2,1539,25/11/2025,11:44,12:10,0,7
4090,2,1749,25/11/2025,12:18,12:25,0,8
4091,2,1577,26/11/2025,09:28,,0,1
4092,2,1844,26/11/2025,09:45,10:10,0,2
4093,2,1656,26/11/2025,10:24,10:48,0,3
4094,2,1563,26/11/2025,10:54,11:01,0,4
4095,2,1802,26/11/2025,11:09,11:16,0,5
4096,2,1721,26/11/2025,11:27,11:35,0,6
4097,2,1645,26/11/2025,11:39,12:01,0,7
4098,2,1522,26/11/2025,12:11,12:22,0,8
4099,2,1573,26/11/2025,12:26,12:51,0,9
4100,2,1870,27/11/2025,09:26,09:43,0,1
4101,2,1531,27/11/2025,09:56,10:07,0,2
4102,2,1446,27/11/2025,10:11,10:27,0,3
4103,2,1780,27/11/2025,10:38,10:56,0,4
4104,2,1691,27/11/2025,11:01,11:18,0,5
4105,2,1742,27/11/2025,11:26,11:36,0,6
4106,2,1754,27/11/2025,11:46,,0,7
4107,2,1808,27/11/2025,12:12,12:31,0,8
4108,2,1747,27/11/2025,12:38,13:03,0,9
4109,2,1844,27/11/2025,13:08,13:30,0,10
4110,2,1761,29/11/2025,09:11,09:21,0,1
4111,2,1734,29/11/2025,09:25,,1,2
4112,2,1823,29/11/2025,09:51,10:02,0,3
4113,2,1704,29/11/2025,10:14,10:28,0,4
4114,2,1722,29/11/2025,10:35,10:54,0,5
4115,2,1533,29/11/2025,11:01,11:19,0,6
4116,2,1706,29/11/2025,11:27,11:45,0,7
4117,2,1573,30/11/2025,09:34,09:49,0,1
4118,2,1573,30/11/2025,09:53,,1,2
4119,2,1641,30/11/2025,10:18,10:37,0,3
4120,2,1597,30/11/2025,10:42,11:04,0,4
4121,2,1552,30/11/2025,11:08,11:15,0,5
4122,2,1577,30/11/2025,11:19,11:36,0,6
4123,2,1787,30/11/2025,11:43,12:14,0,7
4124,2,1497,30/11/2025,12:23,12:32,0,8
4125,2,1870,01/12/2025,09:19,09:40,0,1
4126,2,1764,01/12/2025,09:49,10:05,0,2
4127,2,1697,01/12/2025,10:12,10:37,0,3
4128,2,1661,01/12/2025,10:42,11:03,0,4
4129,2,1766,01/12/2025,11:09,11:34,0,5
4130,2,1660,01/12/2025,11:42,12:06,0,6
4131,2,1520,01/12/2025,12:11,12:35,0,7
4132,2,1537,01/12/2025,12:42,13:01,0,8
4133,2,1511,01/12/2025,13:06,13:15,0,9
4134,2,1456,02/12/2025,09:06,09:28,0,1
4135,2,1744,02/12/2025,09:35,09:53,0,2
4136,2,1800,02/12/2025,09:57,10:13,0,3
4137,2,1557,02/12/2025,10:20,,0,4
4138,2,1760,02/12/2025,10:36,10:50,0,5
4139,2,1593,02/12/2025,10:57,11:04,0,6
4140,2,1538,02/12/2025,11:12,11:33,0,7
4141,2,1564,03/12/2025,09:21,09:41,0,1
4142,2,1858,03/12/2025,09:45,09:56,0,2
4143,2,1478,03/12/2025,10:04,10:23,0,3
4144,2,1829,03/12/2025,10:31,10:49,0,4
4145,2,1842,03/12/2025,10:54,11:12,0,5
4146,2,1551,03/12/2025,11:22,11:43,0,6
4147,2,1600,03/12/2025,11:50,11:57,0,7
4148,2,1466,04/12/2025,09:26,09:42,0,1
4149,2,1440,04/12/2025,09:48,10:06,0,2
4150,2,1873,04/12/2025,10:18,10:26,0,3
4151,2,1846,04/12/2025,10:34,10:47,0,4
4152,2,1751,04/12/2025,10:57,11:09,0,5
4153,2,1495,04/12/2025,11:15,11:43,0,6
4154,2,1850,04/12/2025,11:49,12:08,0,7
4155,2,1810,04/12/2025,12:12,12:20,0,8
4156,2,1456,04/12/2025,12:27,12:45,0,9
4157,2,1570,04/12/2025,12:54,13:28,0,10
4158,2,1687,04/12/2025,13:35,13:46,0,11
4159,2,1490,06/12/2025,09:23,09:36,0,1
4160,2,1784,06/12/2025,09:40,09:47,0,2
4161,2,1864,06/12/2025,09:53,10:08,0,3
4162,2,1796,06/12/2025,10:19,10:37,0,4
4163,2,1518,06/12/2025,10:45,10:58,0,5
4164,2,1588,06/12/2025,11:03,11:12,0,6
4165,2,1538,06/12/2025,11:16,11:33,0,7
4166,2,1680,06/12/2025,11:41,11:48,0,8
4167,2,1538,07/12/2025,09:19,09:41,0,1
4168,2,1620,07/12/2025,09:45,10:04,0,2
4169,2,1782,07/12/2025,10:10,10:22,0,3
4170,2,1684,07/12/2025,10:26,10:40,0,4
4171,2,1674,07/12/2025,10:44,11:08,0,5
4172,2,1483,07/12/2025,11:15,11:41,0,6
4173,2,1491,07/12/2025,11:45,11:54,0,7
4174,2,1839,07/12/2025,12:03,12:26,0,8
4175,2,1685,07/12/2025,12:33,12:53,0,9
4176,2,1542,08/12/2025,09:16,09:43,0,1
4177,2,1661,08/12/2025,09:49,10:09,0,2
4178,2,1760,08/12/2025,10:16,10:43,0,3
4179,2,1748,08/12/2025,10:48,11:05,0,4
4180,2,1632,08/12/2025,11:09,11:27,0,5
4181,2,1811,08/12/2025,11:34,12:01,0,6
4182,2,1652,08/12/2025,12:05,12:18,0,7
4183,2,1541,08/12/2025,12:22,12:52,0,8
4184,2,1699,08/12/2025,12:56,13:09,0,9
4185,2,1756,09/12/2025,09:25,09:48,0,1
4186,2,1714,09/12/2025,09:55,10:07,0,2
4187,2,1869,09/12/2025,10:13,10:20,0,3
4188,2,1863,09/12/2025,10:26,10:33,0,4
4189,2,1504,09/12/2025,10:44,11:06,0,5
4190,2,1856,09/12/2025,11:13,11:34,0,6
4191,2,1559,09/12/2025,11:46,11:58,0,7
4192,2,1641,10/12/2025,09:05,,0,1
4193,2,1596,10/12/2025,09:39,10:02,0,2
4194,2,1528,10/12/2025,10:06,10:14,0,3
4195,2,1514,10/12/2025,10:18,10:35,0,4
4196,2,1768,10/12/2025,10:42,11:03,0,5
4197,2,1861,10/12/2025,11:13,11:27,0,6
4198,2,1850,10/12/2025,11:39,11:46,0,7
4199,2,1587,10/12/2025,11:54,12:17,0,8
4200,2,1713,11/12/2025,09:20,09:36,0,1
4201,2,1857,11/12/2025,09:41,10:03,0,2
4202,2,1589,11/12/2025,10:12,10:35,0,3
4203,2,1733,11/12/2025,10:40,10:47,0,4
4204,2,1676,11/12/2025,10:52,10:59,0,5
4205,2,1808,11/12/2025,11:04,11:27,0,6
4206,2,1857,11/12/2025,11:33,11:44,0,7
4207,2,1600,11/12/2025,11:51,12:02,0,8
4208,2,1844,11/12/2025,12:11,12:34,0,9
4209,2,1456,11/12/2025,12:40,12:58,0,10
4210,2,1537,11/12/2025,13:05,,0,11
4211,2,1608,13/12/2025,09:37,09:47,0,1
4212,2,1746,13/12/2025,09:52,10:10,0,2
4213,2,1540,13/12/2025,10:16,10:30,0,3
4214,2,1784,13/12/2025,10:40,10:47,0,4
4215,2,1880,13/12/2025,10:51,11:13,0,5
4216,2,1824,13/12/2025,11:21,11:45,0,6
4217,2,1583,13/12/2025,11:55,12:18,0,7
4218,2,1779,13/12/2025,12:30,12:49,0,8
4219,2,1629,13/12/2025,12:53,13:00,0,9
4220,2,1467,13/12/2025,13:04,13:22,0,10
4221,2,1863,14/12/2025,09:08,09:33,0,1
4222,2,1818,14/12/2025,09:38,09:58,0,2
4223,2,1628,14/12/2025,10:02,10:10,0,3
4224,2,1851,14/12/2025,10:19,10:26,0,4
4225,2,1717,14/12/2025,10:33,10:50,0,5
4226,2,1800,14/12/2025,10:56,11:03,0,6
4227,2,1803,15/12/2025,09:33,09:47,0,1
4228,2,1639,15/12/2025,09:52,10:07,0,2
4229,2,1799,15/12/2025,10:11,10:34,0,3
4230,2,1490,15/12/2025,10:38,10:50,0,4
4231,2,2824,15/12/2025,10:56,11:17,0,5
4232,2,1693,15/12/2025,11:22,11:29,0,6
4233,2,1880,15/12/2025,11:36,11:59,0,7
4234,2,1735,15/12/2025,12:08,12:35,0,8
4235,2,1625,15/12/2025,12:41,12:48,0,9
4236,2,1719,16/12/2025,09:08,09:18,0,1
4237,2,1652,16/12/2025,09:22,09:49,0,2
4238,2,1600,16/12/2025,09:55,,0,3
4239,2,2816,16/12/2025,10:20,,1,4
4240,2,1619,16/12/2025,10:45,10:52,0,5
4241,2,1820,16/12/2025,10:58,11:25,0,6
4242,2,1511,16/12/2025,11:29,11:37,0,7
4243,2,1473,16/12/2025,11:41,11:56,0,8
4244,2,1689,17/12/2025,09:14,09:27,0,1
4245,2,1700,17/12/2025,09:33,09:57,0,2
4246,2,1566,17/12/2025,10:02,10:26,0,3
4247,2,1857,17/12/2025,10:33,11:01,0,4
4248,2,1788,17/12/2025,11:06,11:25,0,5
4249,2,1555,17/12/2025,11:34,11:48,0,6
4250,2,1740,17/12/2025,11:56,12:12,0,7
4251,2,1770,17/12/2025,12:16,12:39,0,8
4252,2,1789,17/12/2025,12:44,12:51,0,9
4253,2,1745,17/12/2025,13:01,13:28,0,10
4254,2,1814,17/12/2025,13:39,14:06,0,11
4255,2,1543,18/12/2025,09:11,,0,1
4256,2,1751,18/12/2025,09:30,09:47,0,2
4257,2,1607,18/12/2025,09:51,10:10,0,3
4258,2,1874,18/12/2025,10:19,10:37,0,4
4259,2,1635,18/12/2025,10:41,10:57,0,5
4260,2,1622,18/12/2025,11:01,11:16,0,6
4261,2,1527,20/12/2025,09:26,09:33,0,1
4262,2,1560,20/12/2025,09:46,09:53,0,2
4263,2,1515,20/12/2025,09:57,10:11,0,3
4264,2,1533,20/12/2025,10:20,10:36,0,4
4265,2,1593,20/12/2025,10:46,10:55,0,5
4266,2,1489,20/12/2025,11:04,11:22,0,6
4267,2,1564,20/12/2025,11:29,11:53,0,7
4268,2,1776,20/12/2025,11:57,12:04,0,8
4269,2,1666,21/12/2025,09:22,09:30,0,1
4270,2,1759,21/12/2025,09:34,09:44,0,2
4271,2,1560,21/12/2025,09:48,09:55,0,3
4272,2,1763,21/12/2025,10:04,10:12,0,4
4273,2,1881,21/12/2025,10:22,10:37,0,5
4274,2,1685,21/12/2025,10:45,11:00,0,6
4275,2,1807,22/12/2025,09:30,09:47,0,1
4276,2,1711,22/12/2025,09:54,10:17,0,2
4277,2,1794,22/12/2025,10:22,10:44,0,3
4278,2,1674,22/12/2025,10:50,11:19,0,4
4279,2,1574,22/12/2025,11:25,,1,5
4280,2,1473,22/12/2025,11:44,11:55,0,6
4281,2,1469,22/12/2025,11:59,12:14,0,7
4282,2,1490,22/12/2025,12:25,12:32,0,8
4283,2,1699,23/12/2025,09:16,09:29,0,1
4284,2,1451,23/12/2025,09:33,09:42,0,2
4285,2,1444,23/12/2025,09:47,10:07,0,3
4286,2,1688,23/12/2025,10:14,10:28,0,4
4287,2,1826,23/12/2025,10:32,10:49,0,5
4288,2,1469,23/12/2025,10:53,11:14,0,6
4289,2,1854,23/12/2025,11:21,11:30,0,7
4290,2,1654,24/12/2025,09:11,09:18,0,1
4291,2,1844,24/12/2025,09:22,09:45,0,2
4292,2,1755,24/12/2025,09:49,09:56,0,3
4293,2,1469,24/12/2025,10:02,,0,4
4294,2,1510,24/12/2025,10:33,10:53,0,5
4295,2,2817,24/12/2025,10:57,11:08,0,6
4296,2,1721,24/12/2025,11:14,11:35,0,7
4297,2,1794,24/12/2025,11:39,11:54,0,8
4298,2,1833,24/12/2025,12:02,12:13,0,9
4299,2,1858,24/12/2025,12:17,12:35,0,10
4300,2,1788,25/12/2025,09:29,09:53,0,1
4301,2,1648,25/12/2025,09:57,10:14,0,2
4302,2,1867,25/12/2025,10:23,10:34,0,3
4303,2,1708,25/12/2025,10:38,10:49,0,4
4304,2,1832,25/12/2025,10:53,11:17,0,5
4305,2,1573,25/12/2025,11:21,11:39,0,6
4306,2,1624,25/12/2025,11:44,12:02,0,7
4307,2,1867,25/12/2025,12:06,,0,8
4308,2,1825,25/12/2025,12:19,12:48,0,9
4309,2,1749,27/12/2025,09:23,09:37,0,1
4310,2,1838,27/12/2025,09:43,09:57,0,2
4311,2,1802,27/12/2025,10:04,10:11,0,3
4312,2,1531,27/12/2025,10:19,10:26,0,4
4313,2,1573,27/12/2025,10:36,11:00,0,5
4314,2,1620,27/12/2025,11:06,,0,6
4315,2,1527,27/12/2025,11:44,11:51,0,7
4316,2,1871,27/12/2025,11:55,12:16,0,8
4317,2,1572,28/12/2025,09:15,09:35,0,1
4318,2,1779,28/12/2025,09:44,10:03,0,2
4319,2,1686,28/12/2025,10:09,10:26,0,3
4320,2,1744,28/12/2025,10:31,10:42,0,4
4321,2,1881,28/12/2025,10:51,11:02,0,5
4322,2,1820,28/12/2025,11:09,11:21,0,6
4323,2,1575,29/12/2025,09:19,09:39,0,1
4324,2,1853,29/12/2025,09:49,09:56,0,2
4325,2,1464,29/12/2025,10:01,10:08,0,3
4326,2,1792,29/12/2025,10:14,10:42,0,4
4327,2,1577,29/12/2025,10:46,10:58,0,5
4328,2,1846,29/12/2025,11:05,,0,6
4329,2,1618,29/12/2025,11:23,11:33,0,7
4330,2,1444,29/12/2025,11:37,12:04,0,8
4331,2,1720,29/12/2025,12:08,12:19,0,9
4332,2,1453,29/12/2025,12:25,12:39,0,10
4333,2,1741,29/12/2025,12:45,12:54,0,11
4334,2,1629,30/12/2025,09:29,09:38,0,1
4335,2,1525,30/12/2025,09:42,09:59,0,2
4336,2,1440,30/12/2025,10:07,10:35,0,3
4337,2,1585,30/12/2025,10:39,11:04,0,4
4338,2,1645,30/12/2025,11:13,11:36,0,5
4339,2,1481,30/12/2025,11:41,11:48,0,6
4340,2,1489,30/12/2025,11:52,12:19,0,7
4341,2,1587,30/12/2025,12:25,12:43,0,8
4342,2,1640,30/12/2025,12:47,13:04,0,9
4343,2,1782,30/12/2025,13:12,13:31,0,10
4344,2,1692,30/12/2025,13:38,13:56,0,11
4345,2,1606,31/12/2025,09:21,09:32,0,1
4346,2,1745,31/12/2025,09:36,09:51,0,2
4347,2,1698,31/12/2025,09:59,10:11,0,3
4348,2,1479,31/12/2025,10:20,10:31,0,4
4349,2,1729,31/12/2025,10:43,11:04,0,5
4350,2,1504,31/12/2025,11:08,11:30,0,6
4351,2,1684,31/12/2025,11:38,12:02,0,7
4352,2,1770,31/12/2025,12:08,12:19,0,8
4353,2,1683,01/01/2026,09:31,09:57,0,1
4354,2,1663,01/01/2026,10:01,10:13,0,2
4355,2,1542,01/01/2026,10:18,10:25,0,3
4356,2,1783,01/01/2026,10:31,10:50,0,4
4357,2,1672,01/01/2026,10:55,11:05,0,5
4358,2,1588,01/01/2026,11:12,11:32,0,6
4359,2,1759,01/01/2026,11:40,11:47,0,7
4360,2,2810,01/01/2026,11:56,12:18,0,8
4361,2,1492,01/01/2026,12:26,12:53,0,9
4362,2,1763,01/01/2026,13:05,13:32,0,10
4363,2,1770,03/01/2026,09:18,09:47,0,1
4364,2,1765,03/01/2026,09:52,10:16,0,2
4365,2,1641,03/01/2026,10:28,10:44,0,3
4366,2,1630,03/01/2026,10:54,11:08,0,4
4367,2,1509,03/01/2026,11:16,11:42,0,5
4368,2,1567,03/01/2026,11:50,12:11,0,6
4369,2,1877,03/01/2026,12:19,12:26,0,7
4370,2,1491,03/01/2026,12:34,12:47,0,8
4371,2,1881,04/01/2026,09:10,09:19,0,1
4372,2,1671,04/01/2026,09:26,09:45,0,2
4373,2,1729,04/01/2026,09:53,10:05,0,3
4374,2,1619,04/01/2026,10:09,10:29,0,4
4375,2,1869,04/01/2026,10:35,10:46,0,5
4376,2,1885,04/01/2026,10:57,11:04,0,6
4377,2,1786,04/01/2026,11:08,11:30,0,7
4378,2,1616,04/01/2026,11:36,,1,8
4379,2,1509,04/01/2026,11:58,12:14,0,9
4380,2,1616,04/01/2026,12:20,12:34,0,10
4381,2,1631,05/01/2026,09:19,09:26,0,1
4382,2,1690,05/01/2026,09:30,09:39,0,2
4383,2,1486,05/01/2026,09:43,09:55,0,3
4384,2,1516,05/01/2026,10:06,10:23,0,4
4385,2,1601,05/01/2026,10:27,10:39,0,5
4386,2,1553,05/01/2026,10:44,11:04,0,6
4387,2,1814,05/01/2026,11:12,11:37,0,7
4388,2,1855,05/01/2026,11:41,11:57,0,8
4389,2,1711,06/01/2026,09:17,09:30,0,1
4390,2,1481,06/01/2026,09:34,09:41,0,2
4391,2,1818,06/01/2026,09:48,10:13,0,3
4392,2,2817,06/01/2026,10:20,10:41,0,4
4393,2,1450,06/01/2026,10:48,11:03,0,5
4394,2,1574,06/01/2026,11:08,11:30,0,6
4395,2,1560,06/01/2026,11:38,11:49,0,7
4396,2,1513,06/01/2026,11:57,12:30,0,8
4397,2,1792,07/01/2026,09:15,09:42,0,1
4398,2,1765,07/01/2026,09:49,10:07,0,2
4399,2,1475,07/01/2026,10:11,10:22,0,3
4400,2,1722,07/01/2026,10:34,,0,4
4401,2,1547,07/01/2026,10:58,11:18,0,5
4402,2,1725,07/01/2026,11:22,11:34,0,6
4403,2,1648,08/01/2026,09:22,09:50,0,1
4404,2,1581,08/01/2026,09:59,10:10,0,2
4405,2,1614,08/01/2026,10:18,,0,3
4406,2,1608,08/01/2026,10:43,10:50,0,4
4407,2,1530,08/01/2026,10:54,11:02,0,5
4408,2,1684,08/01/2026,11:06,11:13,0,6
4409,2,1612,08/01/2026,11:17,11:28,0,7
4410,2,1729,10/01/2026,09:12,09:28,0,1
4411,2,1813,10/01/2026,09:32,09:39,0,2
4412,2,1501,10/01/2026,09:45,09:57,0,3
4413,2,1820,10/01/2026,10:01,10:17,0,4
4414,2,1726,10/01/2026,10:21,10:46,0,5
4415,2,1880,10/01/2026,10:53,11:05,0,6
4416,2,1702,10/01/2026,11:09,11:33,0,7
4417,2,1556,10/01/2026,11:38,11:46,0,8
4418,2,1625,11/01/2026,09:11,09:21,0,1
4419,2,1777,11/01/2026,09:29,09:46,0,2
4420,2,1513,11/01/2026,09:50,10:06,0,3
4421,2,1822,11/01/2026,10:11,10:30,0,4
4422,2,1851,11/01/2026,10:35,10:44,0,5
4423,2,1522,11/01/2026,10:49,10:56,0,6
4424,2,1742,11/01/2026,11:02,11:14,0,7
4425,2,1515,11/01/2026,11:18,11:36,0,8
4426,2,1506,11/01/2026,11:41,11:48,0,9
4427,2,1770,11/01/2026,11:52,12:06,0,10
4428,2,1553,11/01/2026,12:16,12:25,0,11
4429,2,1776,12/01/2026,09:13,09:27,0,1
4430,2,1856,12/01/2026,09:37,09:54,0,2
4431,2,1561,12/01/2026,09:59,10:09,0,3
4432,2,1518,12/01/2026,10:13,10:29,0,4
4433,2,1446,12/01/2026,10:33,10:44,0,5
4434,2,1521,12/01/2026,10:48,11:13,0,6
4435,2,1490,12/01/2026,11:18,11:38,0,7
4436,2,1812,12/01/2026,11:42,12:02,0,8
4437,2,1551,12/01/2026,12:06,12:14,0,9
4438,2,1852,12/01/2026,12:18,12:25,0,10
4439,2,1472,12/01/2026,12:30,,1,11
4440,2,1770,13/01/2026,09:25,09:41,0,1
4441,2,1850,13/01/2026,09:51,10:09,0,2
4442,2,1610,13/01/2026,10:13,10:36,0,3
4443,2,1855,13/01/2026,10:44,10:51,0,4
4444,2,1515,13/01/2026,11:00,,0,5
4445,2,1682,13/01/2026,11:27,11:50,0,6
4446,2,1533,13/01/2026,11:58,12:19,0,7
4447,2,1762,13/01/2026,12:23,12:30,0,8
4448,2,1856,13/01/2026,12:36,12:56,0,9
4449,2,1521,13/01/2026,13:02,13:22,0,10
4450,2,1501,14/01/2026,09:24,09:54,0,1
4451,2,1440,14/01/2026,10:05,10:22,0,2
4452,2,1645,14/01/2026,10:26,10:46,0,3
4453,2,1855,14/01/2026,10:50,11:00,0,4
4454,2,1442,14/01/2026,11:06,11:13,0,5
4455,2,1585,14/01/2026,11:25,,0,6
4456,2,1567,14/01/2026,11:43,12:10,0,7
4457,2,1453,14/01/2026,12:17,12:24,0,8
4458,2,1640,14/01/2026,12:29,12:46,0,9
4459,2,1501,14/01/2026,12:54,13:24,0,10
4460,2,1575,15/01/2026,09:21,09:32,0,1
4461,2,1474,15/01/2026,09:47,09:59,0,2
4462,2,1721,15/01/2026,10:03,10:16,0,3
4463,2,1582,15/01/2026,10:24,11:00,0,4
4464,2,1467,15/01/2026,11:05,11:18,0,5
4465,2,1770,15/01/2026,11:27,11:48,0,6
4466,2,1604,15/01/2026,11:54,12:07,0,7
4467,2,1589,17/01/2026,09:20,09:43,0,1
4468,2,1511,17/01/2026,09:53,,0,2
4469,2,1579,17/01/2026,10:11,10:18,0,3
4470,2,1502,17/01/2026,10:28,10:36,0,4
4471,2,1582,17/01/2026,10:47,11:10,0,5
4472,2,1530,17/01/2026,11:15,11:22,0,6
4473,2,1839,17/01/2026,11:27,11:42,0,7
4474,2,1578,17/01/2026,11:49,11:57,0,8
4475,2,1501,18/01/2026,09:15,09:38,0,1
4476,2,1461,18/01/2026,09:45,09:52,0,2
4477,2,1532,18/01/2026,09:56,10:18,0,3
4478,2,1796,18/01/2026,10:24,10:40,0,4
4479,2,1720,18/01/2026,10:47,10:58,0,5
4480,2,1469,18/01/2026,11:08,11:21,0,6
4481,2,1711,18/01/2026,11:30,11:48,0,7
4482,2,1636,18/01/2026,11:52,12:08,0,8
4483,2,1821,18/01/2026,12:15,12:35,0,9
4484,2,1597,18/01/2026,12:42,13:04,0,10
4485,2,1746,18/01/2026,13:11,13:26,0,11
4486,2,1591,19/01/2026,09:19,,0,1
4487,2,1865,19/01/2026,09:35,09:48,0,2
4488,2,1624,19/01/2026,09:57,10:07,0,3
4489,2,1585,19/01/2026,10:11,10:35,0,4
4490,2,1664,19/01/2026,10:39,10:58,0,5
4491,2,1691,19/01/2026,11:02,11:09,0,6
4492,2,1726,20/01/2026,09:23,09:34,0,1
4493,2,1691,20/01/2026,09:42,09:49,0,2
4494,2,1867,20/01/2026,09:53,10:00,0,3
4495,2,1606,20/01/2026,10:05,,0,4
4496,2,1602,20/01/2026,10:32,,0,5
4497,2,1761,20/01/2026,10:50,11:00,0,6
4498,2,1768,20/01/2026,11:09,11:31,0,7
4499,2,1454,20/01/2026,11:36,11:47,0,8
4500,2,1709,21/01/2026,09:25,09:46,0,1
4501,2,1845,21/01/2026,09:56,10:05,0,2
4502,2,1600,21/01/2026,10:11,,1,3
4503,2,1515,21/01/2026,10:31,10:54,0,4
4504,2,1582,21/01/2026,10:58,11:28,0,5
4505,2,1451,21/01/2026,11:32,11:46,0,6
4506,2,1465,22/01/2026,09:13,09:25,0,1
4507,2,1877,22/01/2026,09:29,09:39,0,2
4508,2,1462,22/01/2026,09:50,09:57,0,3
4509,2,1536,22/01/2026,10:01,10:11,0,4
4510,2,1663,22/01/2026,10:19,10:43,0,5
4511,2,1618,22/01/2026,10:50,11:07,0,6
4512,2,1529,22/01/2026,11:13,11:32,0,7
4513,2,1586,22/01/2026,11:41,12:04,0,8
4514,2,1860,24/01/2026,09:21,09:44,0,1
4515,2,1513,24/01/2026,09:48,10:09,0,2
4516,2,1466,24/01/2026,10:16,10:33,0,3
4517,2,1863,24/01/2026,10:37,10:49,0,4
4518,2,1883,24/01/2026,10:59,11:06,0,5
4519,2,1706,24/01/2026,11:10,11:45,0,6
4520,2,1449,24/01/2026,11:53,12:09,0,7
4521,2,1809,24/01/2026,12:13,12:33,0,8
4522,2,1601,25/01/2026,09:09,09:20,0,1
4523,2,1534,25/01/2026,09:28,09:42,0,2
4524,2,1774,25/01/2026,09:49,10:09,0,3
4525,2,1774,25/01/2026,10:13,10:36,0,4
4526,2,1838,25/01/2026,10:41,10:48,0,5
4527,2,1461,25/01/2026,10:52,11:03,0,6
4528,2,1744,25/01/2026,11:17,11:35,0,7
4529,2,1789,25/01/2026,11:39,11:51,0,8
4530,2,1608,25/01/2026,12:03,12:13,0,9
4531,2,1732,25/01/2026,12:17,12:35,0,10
4532,2,1684,25/01/2026,12:50,13:02,0,11
4533,2,1479,26/01/2026,09:30,09:44,0,1
4534,2,1782,26/01/2026,09:52,10:11,0,2
4535,2,1786,26/01/2026,10:18,10:34,0,3
4536,2,1814,26/01/2026,10:43,11:04,0,4
4537,2,1612,26/01/2026,11:14,11:37,0,5
4538,2,1466,26/01/2026,11:41,11:53,0,6
4539,2,1748,27/01/2026,09:10,,1,1
4540,2,1467,27/01/2026,09:39,09:49,0,2
4541,2,1617,27/01/2026,09:53,10:06,0,3
4542,2,1648,27/01/2026,10:21,10:43,0,4
4543,2,1670,27/01/2026,10:51,11:18,0,5
4544,2,1853,27/01/2026,11:22,11:47,0,6
4545,2,1511,27/01/2026,11:51,11:58,0,7
4546,2,1633,27/01/2026,12:04,12:11,0,8
4547,2,1501,27/01/2026,12:15,,0,9
4548,2,1727,27/01/2026,12:33,12:46,0,10
4549,2,1608,28/01/2026,09:19,09:34,0,1
4550,2,1814,28/01/2026,09:41,09:59,0,2
4551,2,1579,28/01/2026,10:03,10:15,0,3
4552,2,1744,28/01/2026,10:19,10:31,0,4
4553,2,1720,28/01/2026,10:41,,0,5
4554,2,1857,28/01/2026,11:01,11:19,0,6
4555,2,1552,28/01/2026,11:23,11:44,0,7
4556,2,1874,28/01/2026,11:51,12:15,0,8
4557,2,1733,28/01/2026,12:21,12:28,0,9
4558,2,1688,29/01/2026,09:27,09:40,0,1
4559,2,1664,29/01/2026,09:44,,0,2
4560,2,1734,29/01/2026,10:22,10:32,0,3
4561,2,1524,29/01/2026,10:37,10:50,0,4
4562,2,1541,29/01/2026,10:57,11:15,0,5
4563,2,1494,29/01/2026,11:22,11:37,0,6
4564,2,1811,29/01/2026,11:48,12:00,0,7
4565,2,1515,29/01/2026,12:04,12:25,0,8
4566,2,1690,31/01/2026,09:20,09:27,0,1
4567,2,1704,31/01/2026,09:34,09:52,0,2
4568,2,1502,31/01/2026,10:02,,1,3
4569,2,1599,31/01/2026,10:16,10:32,0,4
4570,2,1510,31/01/2026,10:41,11:11,0,5
4571,2,1575,31/01/2026,11:16,11:33,0,6
4572,2,1504,31/01/2026,11:45,,0,7
4573,2,1681,01/02/2026,09:09,09:35,0,1
4574,2,1863,01/02/2026,09:39,09:48,0,2
4575,2,1733,01/02/2026,09:56,10:15,0,3
4576,2,1608,01/02/2026,10:22,10:29,0,4
4577,2,1469,01/02/2026,10:34,10:43,0,5
4578,2,1491,01/02/2026,10:49,11:13,0,6
4579,2,1600,01/02/2026,11:19,11:47,0,7
4580,2,1664,01/02/2026,11:52,11:59,0,8
4581,2,1836,02/02/2026,09:18,09:43,0,1
4582,2,1652,02/02/2026,09:56,10:15,0,2
4583,2,1490,02/02/2026,10:24,,0,3
4584,2,1642,02/02/2026,10:38,10:49,0,4
4585,2,1887,02/02/2026,10:57,,0,5
4586,2,1652,02/02/2026,11:11,,0,6
4587,2,1555,02/02/2026,11:38,11:45,0,7
4588,2,1867,02/02/2026,11:56,12:07,0,8
4589,2,1700,02/02/2026,12:13,12:24,0,9
4590,2,1810,02/02/2026,12:32,12:55,0,10
4591,2,1840,03/02/2026,09:07,09:21,0,1
4592,2,1636,03/02/2026,09:29,09:51,0,2
4593,2,1516,03/02/2026,10:00,10:17,0,3
4594,2,1832,03/02/2026,10:26,10:44,0,4
4595,2,1803,03/02/2026,10:53,11:12,0,5
4596,2,1654,03/02/2026,11:16,11:24,0,6
4597,2,2809,04/02/2026,09:25,09:46,0,1
4598,2,1702,04/02/2026,09:52,09:59,0,2
4599,2,1784,04/02/2026,10:10,10:17,0,3
4600,2,1749,04/02/2026,10:21,10:29,0,4
4601,2,1625,04/02/2026,10:33,10:42,0,5
4602,2,1599,04/02/2026,10:48,11:03,0,6
4603,2,1764,05/02/2026,09:28,09:35,0,1
4604,2,1823,05/02/2026,09:42,09:58,0,2
4605,2,1806,05/02/2026,10:04,10:19,0,3
4606,2,1785,05/02/2026,10:26,10:33,0,4
4607,2,1509,05/02/2026,10:41,10:49,0,5
4608,2,1721,05/02/2026,10:53,11:06,0,6
4609,2,1466,05/02/2026,11:17,11:43,0,7
4610,2,1636,05/02/2026,11:55,12:13,0,8
4611,2,1594,05/02/2026,12:27,,0,9
4612,2,1748,05/02/2026,12:38,13:04,0,10
4613,2,1461,07/02/2026,09:18,09:25,0,1
4614,2,1812,07/02/2026,09:34,09:41,0,2
4615,2,1711,07/02/2026,09:47,10:10,0,3
4616,2,1585,07/02/2026,10:18,,1,4
4617,2,1440,07/02/2026,10:49,11:09,0,5
4618,2,1808,07/02/2026,11:14,11:31,0,6
4619,2,1683,07/02/2026,11:35,11:45,0,7
4620,2,1467,07/02/2026,11:55,12:11,0,8
4621,2,1518,08/02/2026,09:19,09:26,0,1
4622,2,1620,08/02/2026,09:36,09:44,0,2
4623,2,1518,08/02/2026,09:48,10:02,0,3
4624,2,1590,08/02/2026,10:09,10:25,0,4
4625,2,1604,08/02/2026,10:29,10:36,0,5
4626,2,1784,08/02/2026,10:49,10:57,0,6
4627,2,1889,08/02/2026,11:02,11:29,0,7
4628,2,1868,09/02/2026,09:08,09:15,0,1
4629,2,1682,09/02/2026,09:24,09:42,0,2
4630,2,1542,09/02/2026,09:51,10:12,0,3
4631,2,1819,09/02/2026,10:18,10:36,0,4
4632,2,1743,09/02/2026,10:48,10:55,0,5
4633,2,1525,09/02/2026,11:03,11:21,0,6
4634,2,1695,09/02/2026,11:25,,0,7
4635,2,1880,09/02/2026,11:57,12:21,0,8
4636,2,1811,09/02/2026,12:25,12:42,0,9
4637,2,1887,10/02/2026,09:12,09:20,0,1
4638,2,1855,10/02/2026,09:29,09:38,0,2
4639,2,1604,10/02/2026,09:45,10:12,0,3
4640,2,1531,10/02/2026,10:18,10:27,0,4
4641,2,1481,10/02/2026,10:32,10:48,0,5
4642,2,1495,10/02/2026,10:52,11:03,0,6
4643,2,1742,10/02/2026,11:09,11:16,0,7
4644,2,1707,10/02/2026,11:21,11:46,0,8
4645,2,1577,10/02/2026,11:53,,0,9
4646,2,1709,11/02/2026,09:05,09:24,0,1
4647,2,1620,11/02/2026,09:35,09:55,0,2
4648,2,1617,11/02/2026,10:03,10:25,0,3
4649,2,1694,11/02/2026,10:30,10:50,0,4
4650,2,1474,11/02/2026,11:01,11:08,0,5
4651,2,1764,11/02/2026,11:12,11:29,0,6
4652,2,1726,12/02/2026,09:09,09:27,0,1
4653,2,1739,12/02/2026,09:35,09:47,0,2
4654,2,1619,12/02/2026,09:53,10:17,0,3
4655,2,1607,12/02/2026,10:21,10:28,0,4
4656,2,1702,12/02/2026,10:36,11:02,0,5
4657,2,1478,12/02/2026,11:10,11:17,0,6
4658,2,1775,14/02/2026,09:09,09:27,0,1
4659,2,1840,14/02/2026,09:33,09:52,0,2
4660,2,1735,14/02/2026,09:56,10:29,0,3
4661,2,1889,14/02/2026,10:34,,0,4
4662,2,1467,14/02/2026,10:58,,0,5
4663,2,1552,14/02/2026,11:29,11:49,0,6
4664,2,1878,14/02/2026,12:00,12:12,0,7
4665,2,1764,14/02/2026,12:20,12:36,0,8
4666,2,1567,15/02/2026,09:28,09:43,0,1
4667,2,1714,15/02/2026,09:47,09:59,0,2
4668,2,1646,15/02/2026,10:06,10:19,0,3
4669,2,1809,15/02/2026,10:26,10:44,0,4
4670,2,1818,15/02/2026,10:48,11:02,0,5
4671,2,1692,15/02/2026,11:12,11:39,0,6
4672,2,1749,15/02/2026,11:45,12:04,0,7
4673,2,1764,15/02/2026,12:08,12:29,0,8
4674,2,1819,15/02/2026,12:35,12:42,0,9
4675,2,1606,15/02/2026,12:53,13:15,0,10
4676,2,1663,15/02/2026,13:22,13:34,0,11
4677,2,1492,16/02/2026,09:15,09:39,0,1
4678,2,1684,16/02/2026,09:45,10:13,0,2
4679,2,1684,16/02/2026,10:22,10:43,0,3
4680,2,1729,16/02/2026,10:51,11:10,0,4
4681,2,1495,16/02/2026,11:17,11:33,0,5
4682,2,1840,16/02/2026,11:37,11:50,0,6
4683,2,1878,16/02/2026,11:55,12:03,0,7
4684,2,1495,16/02/2026,12:07,12:19,0,8
4685,2,1732,17/02/2026,09:26,09:43,0,1
4686,2,1566,17/02/2026,09:50,10:04,0,2
4687,2,1734,17/02/2026,10:08,10:24,0,3
4688,2,1747,17/02/2026,10:28,10:54,0,4
4689,2,1815,17/02/2026,11:01,,0,5
4690,2,1704,17/02/2026,11:13,11:32,0,6
4691,2,1876,17/02/2026,11:40,11:47,0,7
4692,2,1807,17/02/2026,11:53,12:04,0,8
4693,2,1784,18/02/2026,09:27,09:37,0,1
4694,2,1878,18/02/2026,09:41,09:58,0,2
4695,2,1464,18/02/2026,10:05,10:29,0,3
4696,2,1872,18/02/2026,10:38,10:55,0,4
4697,2,1540,18/02/2026,11:01,,0,5
4698,2,1521,18/02/2026,11:16,11:30,0,6
4699,2,1679,18/02/2026,11:36,,1,7
4700,2,1883,18/02/2026,12:01,12:09,0,8
4701,2,1601,19/02/2026,09:30,09:37,0,1
4702,2,1702,19/02/2026,09:44,,0,2
4703,2,1604,19/02/2026,10:01,,1,3
4704,2,1878,19/02/2026,10:31,10:51,0,4
4705,2,1877,19/02/2026,11:00,11:22,0,5
4706,2,1584,19/02/2026,11:29,11:40,0,6
4707,2,1456,19/02/2026,11:47,12:02,0,7
4708,2,1606,21/02/2026,09:14,09:31,0,1
4709,2,1636,21/02/2026,09:41,09:56,0,2
4710,2,1825,21/02/2026,10:04,10:24,0,3
4711,2,1516,21/02/2026,10:33,10:59,0,4
4712,2,1475,21/02/2026,11:04,,0,5
4713,2,1473,21/02/2026,11:41,11:48,0,6
4714,2,1826,21/02/2026,11:57,12:16,0,7
4715,2,1618,21/02/2026,12:24,12:41,0,8
4716,2,1724,21/02/2026,12:47,12:55,0,9
4717,2,1444,21/02/2026,12:59,13:09,0,10
4718,2,1551,21/02/2026,13:17,13:33,0,11
4719,2,1584,22/02/2026,09:25,09:43,0,1
4720,2,1789,22/02/2026,09:47,09:56,0,2
4721,2,1711,22/02/2026,10:04,10:27,0,3
4722,2,1456,22/02/2026,10:31,10:38,0,4
4723,2,1683,22/02/2026,10:46,11:01,0,5
4724,2,1736,22/02/2026,11:09,11:16,0,6
4725,2,1652,22/02/2026,11:20,11:46,0,7
4726,2,1502,22/02/2026,11:54,12:01,0,8
4727,2,1685,22/02/2026,12:09,12:28,0,9
4728,2,1814,22/02/2026,12:32,12:48,0,10
4729,2,1636,22/02/2026,12:57,13:11,0,11
4730,2,1760,23/02/2026,09:19,09:30,0,1
4731,2,1748,23/02/2026,09:37,09:57,0,2
4732,2,1748,23/02/2026,10:05,10:19,0,3
4733,2,1857,23/02/2026,10:29,10:45,0,4
4734,2,1514,23/02/2026,10:54,11:21,0,5
4735,2,1564,23/02/2026,11:28,11:50,0,6
4736,2,1731,23/02/2026,12:02,12:25,0,7
4737,2,1494,23/02/2026,12:35,12:42,0,8
4738,2,1530,23/02/2026,12:51,13:12,0,9
4739,2,1612,24/02/2026,09:25,09:49,0,1
4740,2,1624,24/02/2026,10:00,10:17,0,2
4741,2,1458,24/02/2026,10:27,10:42,0,3
4742,2,1458,24/02/2026,10:51,11:05,0,4
4743,2,1580,24/02/2026,11:09,11:32,0,5
4744,2,1605,24/02/2026,11:36,,0,6
4745,2,1672,24/02/2026,11:57,12:09,0,7
4746,2,1764,24/02/2026,12:14,,0,8
4747,2,1800,25/02/2026,09:08,09:22,0,1
4748,2,1803,25/02/2026,09:30,09:41,0,2
4749,2,1802,25/02/2026,09:48,10:07,0,3
4750,2,1766,25/02/2026,10:15,10:34,0,4
4751,2,1567,25/02/2026,10:47,11:02,0,5
4752,2,1446,25/02/2026,11:14,11:29,0,6
4753,2,1564,25/02/2026,11:36,11:45,0,7
4754,2,1695,26/02/2026,09:17,09:36,0,1
4755,2,1601,26/02/2026,09:40,09:47,0,2
4756,2,1764,26/02/2026,09:54,10:03,0,3
4757,2,1484,26/02/2026,10:07,,1,4
4758,2,1738,26/02/2026,10:35,11:01,0,5
4759,2,1809,26/02/2026,11:05,11:21,0,6
4760,2,1766,26/02/2026,11:28,11:57,0,7
4761,2,1744,28/02/2026,09:26,09:35,0,1
4762,2,1718,28/02/2026,09:41,10:09,0,2
4763,2,1635,28/02/2026,10:17,10:35,0,3
4764,2,1483,28/02/2026,10:42,11:02,0,4
4765,2,1770,28/02/2026,11:08,11:32,0,5
4766,2,1594,28/02/2026,11:41,12:00,0,6
4767,2,1724,28/02/2026,12:06,12:26,0,7
4768,2,1861,28/02/2026,12:34,12:54,0,8
4769,2,1875,28/02/2026,12:58,13:11,0,9
4770,2,1685,28/02/2026,13:15,,1,10
4771,2,1729,28/02/2026,13:31,13:46,0,11
4772,2,1746,01/03/2026,09:24,09:39,0,1
4773,2,1572,01/03/2026,09:46,10:08,0,2
4774,2,1851,01/03/2026,10:15,10:33,0,3
4775,2,1687,01/03/2026,10:37,10:59,0,4
4776,2,1520,01/03/2026,11:03,11:13,0,5
4777,2,1725,01/03/2026,11:19,11:42,0,6
4778,2,1494,01/03/2026,11:46,12:02,0,7
4779,2,1607,01/03/2026,12:09,12:31,0,8
4780,2,1828,01/03/2026,12:36,12:54,0,9
4781,2,1855,01/03/2026,13:00,13:22,0,10
4782,2,1783,02/03/2026,09:15,09:27,0,1
4783,2,1797,02/03/2026,09:34,09:58,0,2
4784,2,1852,02/03/2026,10:02,,0,3
4785,2,1524,02/03/2026,10:22,10:29,0,4
4786,2,1699,02/03/2026,10:37,,0,5
4787,2,1479,02/03/2026,11:10,11:18,0,6
4788,2,1538,02/03/2026,11:28,11:50,0,7
4789,2,1646,02/03/2026,11:55,12:02,0,8
4790,2,1537,02/03/2026,12:08,12:25,0,9
4791,2,1648,03/03/2026,09:34,09:48,0,1
4792,2,1845,03/03/2026,09:54,10:17,0,2
4793,2,1731,03/03/2026,10:26,10:34,0,3
4794,2,1462,03/03/2026,10:39,,0,4
4795,2,1535,03/03/2026,10:59,11:21,0,5
4796,2,1647,03/03/2026,11:25,11:34,0,6
4797,2,1641,03/03/2026,11:39,11:52,0,7
4798,2,1838,03/03/2026,12:00,12:09,0,8
4799,2,1829,03/03/2026,12:17,12:38,0,9
4800,2,1614,03/03/2026,12:42,13:03,0,10
4801,2,1553,03/03/2026,13:08,13:15,0,11
4802,2,1573,04/03/2026,09:27,09:53,0,1
4803,2,1581,04/03/2026,10:00,10:07,0,2
4804,2,1820,04/03/2026,10:13,10:24,0,3
4805,2,1574,04/03/2026,10:28,10:40,0,4
4806,2,1660,04/03/2026,10:44,11:04,0,5
4807,2,1467,04/03/2026,11:13,11:34,0,6
4808,2,1889,04/03/2026,11:43,12:11,0,7
4809,2,1453,04/03/2026,12:20,12:27,0,8
4810,2,1692,04/03/2026,12:39,13:01,0,9
4811,2,1744,05/03/2026,09:27,09:46,0,1
4812,2,1619,05/03/2026,09:57,10:11,0,2
4813,2,1808,05/03/2026,10:18,,0,3
4814,2,1517,05/03/2026,10:38,10:56,0,4
4815,2,2817,05/03/2026,11:14,11:33,0,5
4816,2,1666,05/03/2026,11:37,11:44,0,6
4817,2,1861,05/03/2026,11:48,12:02,0,7
4818,2,1511,05/03/2026,12:11,12:18,0,8
4819,2,1577,05/03/2026,12:22,12:29,0,9
4820,2,1551,05/03/2026,12:33,12:55,0,10
4821,2,1767,07/03/2026,09:25,09:38,0,1
4822,2,1694,07/03/2026,09:45,10:03,0,2
4823,2,1811,07/03/2026,10:10,10:27,0,3
4824,2,1820,07/03/2026,10:40,11:06,0,4
4825,2,1616,07/03/2026,11:10,11:29,0,5
4826,2,1737,07/03/2026,11:34,11:54,0,6
4827,2,1578,07/03/2026,12:02,12:21,0,7
4828,2,1879,07/03/2026,12:26,12:48,0,8
4829,2,1492,07/03/2026,12:53,13:16,0,9
4830,2,1717,08/03/2026,09:32,09:51,0,1
4831,2,1557,08/03/2026,09:58,10:16,0,2
4832,2,1770,08/03/2026,10:20,10:38,0,3
4833,2,1692,08/03/2026,10:47,10:57,0,4
4834,2,1682,08/03/2026,11:05,11:36,0,5
4835,2,1652,08/03/2026,11:40,11:57,0,6
4836,2,1704,08/03/2026,12:07,,0,7
4837,2,1770,08/03/2026,12:37,13:07,0,8
4838,2,1560,08/03/2026,13:15,13:23,0,9
4839,2,1740,08/03/2026,13:34,13:46,0,10
4840,2,1702,09/03/2026,09:09,09:30,0,1
4841,2,1521,09/03/2026,09:40,09:57,0,2
4842,2,1719,09/03/2026,10:06,10:22,0,3
4843,2,1451,09/03/2026,10:31,10:48,0,4
4844,2,1674,09/03/2026,10:54,11:15,0,5
4845,2,1786,09/03/2026,11:23,11:32,0,6
4846,2,1527,09/03/2026,11:39,,0,7
4847,2,1828,10/03/2026,09:16,09:37,0,1
4848,2,1772,10/03/2026,09:42,10:00,0,2
4849,2,1506,10/03/2026,10:07,10:14,0,3
4850,2,1726,10/03/2026,10:23,10:30,0,4
4851,2,1777,10/03/2026,10:38,10:45,0,5
4852,2,1442,10/03/2026,10:49,11:07,0,6
4853,2,1681,11/03/2026,09:20,09:40,0,1
4854,2,1741,11/03/2026,09:46,10:15,0,2
4855,2,1515,11/03/2026,10:24,10:32,0,3
4856,2,1787,11/03/2026,10:41,10:57,0,4
4857,2,1737,11/03/2026,11:01,11:25,0,5
4858,2,1648,11/03/2026,11:32,12:01,0,6
4859,2,1858,11/03/2026,12:10,12:17,0,7
4860,2,1861,11/03/2026,12:21,12:42,0,8
4861,2,1555,12/03/2026,09:12,09:20,0,1
4862,2,1838,12/03/2026,09:32,09:39,0,2
4863,2,1713,12/03/2026,09:45,10:03,0,3
4864,2,1530,12/03/2026,10:10,10:33,0,4
4865,2,1780,12/03/2026,10:37,11:00,0,5
4866,2,1867,12/03/2026,11:10,,0,6
4867,2,1814,12/03/2026,11:38,11:51,0,7
4868,2,1524,12/03/2026,11:57,12:21,0,8
4869,2,1528,12/03/2026,12:29,,0,9
4870,2,1845,14/03/2026,09:30,09:38,0,1
4871,2,1713,14/03/2026,09:45,10:00,0,2
4872,2,2824,14/03/2026,10:14,10:27,0,3
4873,2,1617,14/03/2026,10:38,11:05,0,4
4874,2,1493,14/03/2026,11:16,11:39,0,5
4875,2,1672,14/03/2026,11:43,11:53,0,6
4876,2,1713,14/03/2026,11:57,12:11,0,7
4877,2,1491,14/03/2026,12:19,12:41,0,8
4878,2,1688,14/03/2026,12:49,13:03,0,9
4879,2,1851,14/03/2026,13:08,13:17,0,10
4880,2,1511,14/03/2026,13:23,13:35,0,11
4881,2,1687,15/03/2026,09:26,09:46,0,1
4882,2,1737,15/03/2026,09:50,10:09,0,2
4883,2,1635,15/03/2026,10:13,10:32,0,3
4884,2,1814,15/03/2026,10:38,10:56,0,4
4885,2,1814,15/03/2026,11:02,11:26,0,5
4886,2,1580,15/03/2026,11:33,11:55,0,6
4887,2,1456,16/03/2026,09:12,09:29,0,1
4888,2,1865,16/03/2026,09:36,09:53,0,2
4889,2,1601,16/03/2026,09:57,10:12,0,3
4890,2,1513,16/03/2026,10:16,10:23,0,4
4891,2,1629,16/03/2026,10:29,,0,5
4892,2,1724,16/03/2026,10:42,10:50,0,6
4893,2,1857,16/03/2026,10:56,11:06,0,7
4894,2,1560,16/03/2026,11:10,11:23,0,8
4895,2,1672,16/03/2026,11:30,11:39,0,9
4896,2,1731,16/03/2026,11:50,12:08,0,10
4897,2,1825,16/03/2026,12:12,12:38,0,11
4898,2,1489,17/03/2026,09:18,09:38,0,1
4899,2,1442,17/03/2026,09:50,10:11,0,2
4900,2,1638,17/03/2026,10:22,10:29,0,3
4901,2,1852,17/03/2026,10:38,10:52,0,4
4902,2,1695,17/03/2026,10:57,11:16,0,5
4903,2,1721,17/03/2026,11:27,11:41,0,6
4904,2,1693,18/03/2026,09:23,09:44,0,1
4905,2,1629,18/03/2026,09:52,10:02,0,2
4906,2,1813,18/03/2026,10:08,10:15,0,3
4907,2,1551,18/03/2026,10:21,10:55,0,4
4908,2,1572,18/03/2026,10:59,11:24,0,5
4909,2,1444,18/03/2026,11:29,11:47,0,6
4910,2,1725,18/03/2026,12:00,12:27,0,7
4911,2,1799,18/03/2026,12:35,,0,8
4912,2,1516,18/03/2026,12:50,13:04,0,9
4913,2,1519,18/03/2026,13:14,13:38,0,10
4914,2,1666,19/03/2026,09:14,09:36,0,1
4915,2,1854,19/03/2026,09:44,,0,2
4916,2,1731,19/03/2026,10:05,10:22,0,3
4917,2,1530,19/03/2026,10:26,10:35,0,4
4918,2,1861,19/03/2026,10:43,11:05,0,5
4919,2,1630,19/03/2026,11:14,11:27,0,6
4920,2,1771,19/03/2026,11:31,11:45,0,7
4921,2,1586,19/03/2026,11:49,11:58,0,8
4922,2,1820,19/03/2026,12:07,12:29,0,9
4923,2,1797,21/03/2026,09:23,09:30,0,1
4924,2,1803,21/03/2026,09:34,09:46,0,2
4925,2,1526,21/03/2026,09:55,10:05,0,3
4926,2,1885,21/03/2026,10:14,10:25,0,4
4927,2,1889,21/03/2026,10:31,10:48,0,5
4928,2,1719,21/03/2026,10:54,11:09,0,6
4929,2,1736,21/03/2026,11:13,11:26,0,7
4930,2,1588,21/03/2026,11:31,11:40,0,8
4931,2,1557,21/03/2026,11:44,11:56,0,9
4932,2,1453,21/03/2026,12:02,12:22,0,10
4933,2,1476,22/03/2026,09:23,09:30,0,1
4934,2,1771,22/03/2026,09:41,10:06,0,2
4935,2,1575,22/03/2026,10:12,10:38,0,3
4936,2,2817,22/03/2026,10:45,11:06,0,4
4937,2,1765,22/03/2026,11:10,11:24,0,5
4938,2,1789,22/03/2026,11:28,11:42,0,6
4939,2,1538,22/03/2026,11:51,12:14,0,7
4940,2,1832,22/03/2026,12:27,12:46,0,8
4941,2,1537,22/03/2026,12:53,13:12,0,9
4942,2,1814,22/03/2026,13:22,13:44,0,10
4943,2,1710,23/03/2026,09:25,09:45,0,1
4944,2,1810,23/03/2026,09:56,10:14,0,2
4945,2,1785,23/03/2026,10:18,10:25,0,3
4946,2,1732,23/03/2026,10:31,10:48,0,4
4947,2,2814,23/03/2026,10:56,11:19,0,5
4948,2,1877,23/03/2026,11:25,11:43,0,6
4949,2,1474,23/03/2026,11:48,12:21,0,7
4950,2,1759,23/03/2026,12:26,12:48,0,8
4951,2,1652,23/03/2026,12:53,13:12,0,9
4952,2,1800,24/03/2026,09:11,09:18,0,1
4953,2,1566,24/03/2026,09:27,09:47,0,2
4954,2,1765,24/03/2026,09:51,10:05,0,3
4955,2,1648,24/03/2026,10:11,10:40,0,4
4956,2,1472,24/03/2026,10:44,11:03,0,5
4957,2,1777,24/03/2026,11:11,11:18,0,6
4958,2,1720,24/03/2026,11:22,11:29,0,7
4959,2,1769,24/03/2026,11:35,11:52,0,8
4960,2,1502,24/03/2026,11:56,12:05,0,9
4961,2,1739,24/03/2026,12:14,12:33,0,10
4962,2,1551,25/03/2026,09:15,09:52,0,1
4963,2,1482,25/03/2026,09:57,10:18,0,2
4964,2,1689,25/03/2026,10:26,10:45,0,3
4965,2,1516,25/03/2026,10:51,11:03,0,4
4966,2,1802,25/03/2026,11:13,11:38,0,5
4967,2,1684,25/03/2026,11:46,11:59,0,6
4968,2,1456,25/03/2026,12:03,12:22,0,7
4969,2,1655,25/03/2026,12:28,,0,8
4970,2,1622,25/03/2026,13:08,13:29,0,9
4971,2,1504,25/03/2026,13:37,13:50,0,10
4972,2,1883,25/03/2026,14:05,14:12,0,11
4973,2,1833,26/03/2026,09:12,09:19,0,1
4974,2,1720,26/03/2026,09:23,09:41,0,2
4975,2,1649,26/03/2026,09:45,10:04,0,3
4976,2,1784,26/03/2026,10:08,10:19,0,4
4977,2,1465,26/03/2026,10:26,10:39,0,5
4978,2,1484,26/03/2026,10:47,11:01,0,6
4979,2,1793,28/03/2026,09:32,09:39,0,1
4980,2,1809,28/03/2026,09:48,10:05,0,2
4981,2,1854,28/03/2026,10:10,10:32,0,3
4982,2,1495,28/03/2026,10:36,10:57,0,4
4983,2,1512,28/03/2026,11:05,11:12,0,5
4984,2,1871,28/03/2026,11:16,11:42,0,6
4985,2,1472,28/03/2026,11:49,,0,7
4986,2,1732,28/03/2026,12:10,12:17,0,8
4987,2,1630,28/03/2026,12:25,12:32,0,9
4988,2,1821,28/03/2026,12:40,12:48,0,10
4989,2,2814,29/03/2026,09:10,09:19,0,1
4990,2,2809,29/03/2026,09:23,09:33,0,2
4991,2,1776,29/03/2026,09:37,09:59,0,3
4992,2,1526,29/03/2026,10:06,10:35,0,4
4993,2,1853,29/03/2026,10:39,10:57,0,5
4994,2,1462,29/03/2026,11:06,11:16,0,6
4995,2,1563,29/03/2026,11:26,11:46,0,7
4996,2,1780,29/03/2026,11:50,12:02,0,8
4997,2,1728,29/03/2026,12:10,,0,9
4998,2,1739,30/03/2026,09:28,09:35,0,1
4999,2,1590,30/03/2026,09:41,10:03,0,2
5000,2,1815,30/03/2026,10:07,10:14,0,3
5001,2,1502,30/03/2026,10:18,10:30,0,4
5002,2,1672,30/03/2026,10:34,10:53,0,5
5003,2,1710,30/03/2026,11:00,11:25,0,6
5004,2,1683,30/03/2026,11:29,11:57,0,7
5005,2,1502,30/03/2026,12:09,12:25,0,8
5006,2,1756,30/03/2026,12:32,12:57,0,9
5007,2,1556,30/03/2026,13:01,13:12,0,10
5008,2,1578,30/03/2026,13:19,13:35,0,11
5009,2,1821,31/03/2026,09:13,09:34,0,1
5010,2,1768,31/03/2026,09:38,09:45,0,2
5011,2,1736,31/03/2026,09:57,10:13,0,3
5012,2,1618,31/03/2026,10:19,10:26,0,4
5013,2,1868,31/03/2026,10:32,10:43,0,5
5014,2,1501,31/03/2026,10:53,,0,6
5015,2,1741,31/03/2026,11:27,11:42,0,7
5016,2,1793,01/04/2026,09:24,09:38,0,1
5017,2,1605,01/04/2026,09:42,09:53,0,2
5018,2,1687,01/04/2026,10:01,10:19,0,3
5019,2,1685,01/04/2026,10:23,10:36,0,4
5020,2,1676,01/04/2026,10:40,10:47,0,5
5021,2,1631,01/04/2026,10:54,11:14,0,6
5022,2,1458,01/04/2026,11:18,11:44,0,7
5023,2,1796,02/04/2026,09:24,09:44,0,1
5024,2,1477,02/04/2026,09:53,10:08,0,2
5025,2,1839,02/04/2026,10:15,10:39,0,3
5026,2,1861,02/04/2026,10:43,11:00,0,4
5027,2,1683,02/04/2026,11:16,11:30,0,5
5028,2,1879,02/04/2026,11:34,11:47,0,6
5029,2,1725,02/04/2026,11:53,12:08,0,7
5030,2,1817,02/04/2026,12:20,12:36,0,8
5031,2,1687,02/04/2026,12:41,12:58,0,9
5032,2,1567,04/04/2026,09:11,09:34,0,1
5033,2,1741,04/04/2026,09:45,10:04,0,2
5034,2,1779,04/04/2026,10:09,10:18,0,3
5035,2,1853,04/04/2026,10:24,10:42,0,4
5036,2,1856,04/04/2026,10:49,11:14,0,5
5037,2,1473,04/04/2026,11:18,11:26,0,6
5038,2,1684,04/04/2026,11:30,11:53,0,7
5039,2,1537,04/04/2026,11:57,12:12,0,8
5040,2,1709,04/04/2026,12:24,12:45,0,9
5041,2,1452,04/04/2026,12:55,13:09,0,10
5042,2,1592,04/04/2026,13:15,13:42,0,11
5043,2,1856,05/04/2026,09:19,09:37,0,1
5044,2,1842,05/04/2026,09:46,10:05,0,2
5045,2,1811,05/04/2026,10:17,10:35,0,3
5046,2,1716,05/04/2026,10:41,10:48,0,4
5047,2,1483,05/04/2026,10:53,11:14,0,5
5048,2,1851,05/04/2026,11:20,11:38,0,6
5049,2,1844,05/04/2026,11:44,12:01,0,7
5050,2,1693,05/04/2026,12:08,12:27,0,8
5051,2,1804,05/04/2026,12:32,13:00,0,9
5052,2,1696,06/04/2026,09:21,09:31,0,1
5053,2,1541,06/04/2026,09:37,10:08,0,2
5054,2,1660,06/04/2026,10:15,10:40,0,3
5055,2,1680,06/04/2026,10:47,11:02,0,4
5056,2,1867,06/04/2026,11:07,,0,5
5057,2,1474,06/04/2026,11:25,11:38,0,6
5058,2,1816,06/04/2026,11:42,11:51,0,7
5059,2,1789,06/04/2026,11:56,12:05,0,8
5060,2,1635,06/04/2026,12:10,12:34,0,9
5061,2,1477,06/04/2026,12:39,13:02,0,10
5062,2,1622,07/04/2026,09:09,09:26,0,1
5063,2,1486,07/04/2026,09:32,09:47,0,2
5064,2,1473,07/04/2026,09:56,10:17,0,3
5065,2,1855,07/04/2026,10:22,10:42,0,4
5066,2,1741,07/04/2026,10:48,10:58,0,5
5067,2,1796,07/04/2026,11:04,11:30,0,6
5068,2,1731,08/04/2026,09:12,09:33,0,1
5069,2,1687,08/04/2026,09:42,10:00,0,2
5070,2,1739,08/04/2026,10:05,10:19,0,3
5071,2,1538,08/04/2026,10:28,,0,4
5072,2,1577,08/04/2026,10:53,11:06,0,5
5073,2,1794,08/04/2026,11:10,11:28,0,6
5074,2,1542,08/04/2026,11:32,11:48,0,7
5075,2,1862,08/04/2026,11:55,12:02,0,8
5076,2,1889,08/04/2026,12:10,12:29,0,9
5077,2,1480,08/04/2026,12:33,12:50,0,10
5078,2,1566,09/04/2026,09:34,09:51,0,1
5079,2,1622,09/04/2026,09:55,10:08,0,2
5080,2,1686,09/04/2026,10:12,,1,3
5081,2,1721,09/04/2026,10:23,10:48,0,4
5082,2,1822,09/04/2026,10:57,11:06,0,5
5083,2,1557,09/04/2026,11:10,11:31,0,6
5084,2,1647,09/04/2026,11:41,11:51,0,7
5085,2,1652,09/04/2026,11:55,12:10,0,8
5086,2,1811,11/04/2026,09:15,09:42,0,1
5087,2,1614,11/04/2026,09:46,09:55,0,2
5088,2,1642,11/04/2026,10:07,10:22,0,3
5089,2,1521,11/04/2026,10:31,10:53,0,4
5090,2,1530,11/04/2026,10:58,11:12,0,5
5091,2,1875,11/04/2026,11:16,11:34,0,6
5092,2,1883,11/04/2026,11:38,11:57,0,7
5093,2,1874,12/04/2026,09:12,09:23,0,1
5094,2,1537,12/04/2026,09:32,,0,2
5095,2,1731,12/04/2026,10:10,10:33,0,3
5096,2,1869,12/04/2026,10:41,10:57,0,4
5097,2,1454,12/04/2026,11:03,11:14,0,5
5098,2,1883,12/04/2026,11:22,11:29,0,6
5099,2,1807,12/04/2026,11:40,11:54,0,7
5100,2,1881,12/04/2026,12:04,,0,8
5101,2,1811,12/04/2026,12:32,12:52,0,9
5102,2,2809,13/04/2026,09:21,09:45,0,1
5103,2,1462,13/04/2026,09:58,10:13,0,2
5104,2,1583,13/04/2026,10:25,10:40,0,3
5105,2,1737,13/04/2026,10:47,,1,4
5106,2,1549,13/04/2026,11:09,,0,5
5107,2,1639,13/04/2026,11:23,11:42,0,6
5108,2,1526,13/04/2026,11:46,11:53,0,7
5109,2,1577,13/04/2026,12:00,12:18,0,8
5110,2,1682,14/04/2026,09:32,09:39,0,1
5111,2,1631,14/04/2026,09:47,09:54,0,2
5112,2,1733,14/04/2026,10:02,10:11,0,3
5113,2,1880,14/04/2026,10:19,,1,4
5114,2,1736,14/04/2026,10:43,11:03,0,5
5115,2,1888,14/04/2026,11:15,11:27,0,6
5116,2,1788,14/04/2026,11:31,11:56,0,7
5117,2,1523,14/04/2026,12:01,12:27,0,8
5118,2,1854,14/04/2026,12:31,12:51,0,9
5119,2,1882,15/04/2026,09:21,09:34,0,1
5120,2,1809,15/04/2026,09:43,10:03,0,2
5121,2,1584,15/04/2026,10:07,10:38,0,3
5122,2,1610,15/04/2026,10:48,11:10,0,4
5123,2,1520,15/04/2026,11:14,11:21,0,5
5124,2,1886,15/04/2026,11:31,11:38,0,6
5125,2,1559,15/04/2026,11:47,12:15,0,7
5126,2,1825,15/04/2026,12:19,12:38,0,8
5127,2,1741,16/04/2026,09:22,09:32,0,1
5128,2,1749,16/04/2026,09:36,09:48,0,2
5129,2,1461,16/04/2026,10:01,10:10,0,3
5130,2,1693,16/04/2026,10:16,10:41,0,4
5131,2,1521,16/04/2026,10:47,11:05,0,5
5132,2,1600,16/04/2026,11:16,11:24,0,6
5133,2,1883,16/04/2026,11:28,11:37,0,7
5134,2,1541,16/04/2026,11:46,12:00,0,8
5135,2,1833,16/04/2026,12:05,12:12,0,9
5136,2,1823,16/04/2026,12:23,12:33,0,10
5137,2,1606,16/04/2026,12:43,13:06,0,11
5138,2,1719,18/04/2026,09:14,09:29,0,1
5139,2,1588,18/04/2026,09:34,09:41,0,2
5140,2,1820,18/04/2026,09:45,10:07,0,3
5141,2,1641,18/04/2026,10:12,10:35,0,4
5142,2,1541,18/04/2026,10:43,11:04,0,5
5143,2,1609,18/04/2026,11:08,11:24,0,6
5144,2,1775,18/04/2026,11:32,11:53,0,7
5145,2,1776,18/04/2026,11:57,12:04,0,8
5146,2,1498,18/04/2026,12:10,12:29,0,9
5147,2,1602,18/04/2026,12:33,12:48,0,10
5148,2,1557,18/04/2026,12:57,13:19,0,11
5149,2,1869,19/04/2026,09:22,09:29,0,1
5150,2,1482,19/04/2026,09:36,09:57,0,2
5151,2,1871,19/04/2026,10:08,10:40,0,3
5152,2,1803,19/04/2026,10:51,,1,4
5153,2,1709,19/04/2026,11:11,11:31,0,5
5154,2,1666,19/04/2026,11:37,11:49,0,6
5155,2,1612,19/04/2026,11:53,12:15,0,7
5156,2,1885,20/04/2026,09:16,09:31,0,1
5157,2,1697,20/04/2026,09:39,09:54,0,2
5158,2,1530,20/04/2026,10:01,10:12,0,3
5159,2,1744,20/04/2026,10:16,10:23,0,4
5160,2,1779,20/04/2026,10:29,10:38,0,5
5161,2,1799,20/04/2026,10:46,11:09,0,6
5162,2,1774,20/04/2026,11:17,11:27,0,7
5163,2,1578,20/04/2026,11:36,,0,8
5164,2,1616,20/04/2026,12:09,12:30,0,9
5165,2,1716,20/04/2026,12:34,,0,10
5166,2,1523,20/04/2026,12:45,13:01,0,11
5167,2,1458,21/04/2026,09:10,09:24,0,1
5168,2,1873,21/04/2026,09:31,09:41,0,2
5169,2,1852,21/04/2026,09:46,10:03,0,3
5170,2,1593,21/04/2026,10:09,10:29,0,4
5171,2,1740,21/04/2026,10:37,10:56,0,5
5172,2,1593,21/04/2026,11:02,11:09,0,6
5173,2,1524,21/04/2026,11:17,11:28,0,7
5174,2,1622,21/04/2026,11:34,11:58,0,8
5175,2,1521,21/04/2026,12:02,12:13,0,9
5176,2,1605,21/04/2026,12:20,12:42,0,10
5177,2,1826,21/04/2026,12:46,13:08,0,11
5178,2,1583,22/04/2026,09:32,09:55,0,1
5179,2,1878,22/04/2026,10:02,10:18,0,2
5180,2,1628,22/04/2026,10:25,10:36,0,3
5181,2,1516,22/04/2026,10:46,11:08,0,4
5182,2,1746,22/04/2026,11:12,11:33,0,5
5183,2,1648,22/04/2026,11:39,11:52,0,6
5184,2,1509,22/04/2026,11:58,12:17,0,7
5185,2,1818,22/04/2026,12:24,12:41,0,8
5186,2,1605,22/04/2026,12:49,13:12,0,9
5187,2,1706,22/04/2026,13:21,13:48,0,10
5188,2,1680,23/04/2026,09:21,09:39,0,1
5189,2,1833,23/04/2026,09:44,09:54,0,2
5190,2,1492,23/04/2026,10:01,10:14,0,3
5191,2,1665,23/04/2026,10:21,10:37,0,4
5192,2,1464,23/04/2026,10:44,11:06,0,5
5193,2,1692,23/04/2026,11:11,11:29,0,6
5194,2,1762,23/04/2026,11:33,11:40,0,7
5195,2,1638,23/04/2026,11:46,11:54,0,8
5196,2,1504,23/04/2026,12:03,,0,9
5197,2,1484,23/04/2026,12:21,12:37,0,10
5198,2,1871,23/04/2026,12:41,12:58,0,11
5199,2,1744,25/04/2026,09:09,09:28,0,1
5200,2,1762,25/04/2026,09:36,09:47,0,2
5201,2,1888,25/04/2026,09:57,10:11,0,3
5202,2,1686,25/04/2026,10:15,10:26,0,4
5203,2,1661,25/04/2026,10:30,,0,5
5204,2,1517,25/04/2026,10:49,11:04,0,6
5205,2,1761,25/04/2026,11:13,11:30,0,7
5206,2,1766,25/04/2026,11:36,11:51,0,8
5207,2,1684,25/04/2026,12:02,12:19,0,9
5208,2,1454,25/04/2026,12:23,12:32,0,10
5209,2,1816,25/04/2026,12:36,,0,11
5210,2,1761,26/04/2026,09:28,09:38,0,1
5211,2,1584,26/04/2026,09:47,09:59,0,2
5212,2,1452,26/04/2026,10:03,10:29,0,3
5213,2,1539,26/04/2026,10:33,11:03,0,4
5214,2,1740,26/04/2026,11:10,11:29,0,5
5215,2,1551,26/04/2026,11:33,11:51,0,6
5216,2,1687,27/04/2026,09:29,09:42,0,1
5217,2,1516,27/04/2026,09:52,10:03,0,2
5218,2,1666,27/04/2026,10:11,10:23,0,3
5219,2,1771,27/04/2026,10:33,11:07,0,4
5220,2,1491,27/04/2026,11:14,11:32,0,5
5221,2,1549,27/04/2026,11:38,11:45,0,6
5222,2,1607,27/04/2026,11:53,12:12,0,7
5223,2,1680,27/04/2026,12:20,12:27,0,8
5224,2,1576,27/04/2026,12:31,12:50,0,9
5225,2,1559,28/04/2026,09:13,09:31,0,1
5226,2,1661,28/04/2026,09:38,09:47,0,2
5227,2,1682,28/04/2026,09:51,10:13,0,3
5228,2,1793,28/04/2026,10:25,10:34,0,4
5229,2,1882,28/04/2026,10:38,10:47,0,5
5230,2,1779,28/04/2026,10:54,11:01,0,6
5231,2,1512,28/04/2026,11:12,11:19,0,7
5232,2,1876,28/04/2026,11:32,11:43,0,8
5233,2,1863,29/04/2026,09:25,09:39,0,1
5234,2,1810,29/04/2026,09:50,10:03,0,2
5235,2,1744,29/04/2026,10:09,10:30,0,3
5236,2,1590,29/04/2026,10:37,10:50,0,4
5237,2,1774,29/04/2026,10:54,11:14,0,5
5238,2,1528,29/04/2026,11:22,,0,6
5239,2,1486,29/04/2026,11:51,,0,7
5240,2,1845,29/04/2026,12:22,12:42,0,8
5241,2,1483,29/04/2026,12:53,13:10,0,9
5242,2,1769,30/04/2026,09:08,09:21,0,1
5243,2,1776,30/04/2026,09:32,09:49,0,2
5244,2,1525,30/04/2026,09:56,10:11,0,3
5245,2,1560,30/04/2026,10:15,10:22,0,4
5246,2,1694,30/04/2026,10:27,10:47,0,5
5247,2,1775,30/04/2026,10:52,11:11,0,6
5248,2,1511,02/05/2026,09:36,09:48,0,1
5249,2,1780,02/05/2026,09:52,10:23,0,2
5250,2,1741,02/05/2026,10:28,10:44,0,3
5251,2,1811,02/05/2026,10:54,11:18,0,4
5252,2,1551,02/05/2026,11:24,11:44,0,5
5253,2,1584,02/05/2026,11:48,12:08,0,6
5254,2,1871,03/05/2026,09:16,09:30,0,1
5255,2,1696,03/05/2026,09:36,09:43,0,2
5256,2,2817,03/05/2026,09:49,10:04,0,3
5257,2,1620,03/05/2026,10:08,,0,4
5258,2,1875,03/05/2026,10:32,10:40,0,5
5259,2,1630,03/05/2026,10:49,10:56,0,6
5260,2,1619,03/05/2026,11:06,11:16,0,7
5261,2,1618,03/05/2026,11:20,11:46,0,8
5262,2,1691,04/05/2026,09:11,09:20,0,1
5263,2,1797,04/05/2026,09:25,09:47,0,2
5264,2,1497,04/05/2026,09:51,10:06,0,3
5265,2,1573,04/05/2026,10:14,10:34,0,4
5266,2,1844,04/05/2026,10:43,10:59,0,5
5267,2,1708,04/05/2026,11:04,11:12,0,6
5268,2,1656,04/05/2026,11:18,11:34,0,7
5269,2,1474,04/05/2026,11:40,11:47,0,8
5270,2,1529,04/05/2026,11:54,12:01,0,9
5271,2,1639,05/05/2026,09:12,09:38,0,1
5272,2,1889,05/05/2026,09:43,10:04,0,2
5273,2,1484,05/05/2026,10:14,10:35,0,3
5274,2,1777,05/05/2026,10:39,11:00,0,4
5275,2,1855,05/05/2026,11:05,11:15,0,5
5276,2,1592,05/05/2026,11:20,11:32,0,6
5277,2,1530,06/05/2026,09:22,09:35,0,1
5278,2,1737,06/05/2026,09:42,10:13,0,2
5279,2,1855,06/05/2026,10:18,10:31,0,3
5280,2,1454,06/05/2026,10:41,11:00,0,4
5281,2,1850,06/05/2026,11:06,11:29,0,5
5282,2,1655,06/05/2026,11:39,11:51,0,6
5283,2,1622,07/05/2026,09:09,09:29,0,1
5284,2,1739,07/05/2026,09:38,09:56,0,2
5285,2,1588,07/05/2026,10:10,10:17,0,3
5286,2,1849,07/05/2026,10:22,10:38,0,4
5287,2,1597,07/05/2026,10:46,11:04,0,5
5288,2,1746,07/05/2026,11:12,11:37,0,6
5289,2,1561,07/05/2026,11:42,11:49,0,7
5290,2,1734,07/05/2026,11:58,12:11,0,8
5291,2,1642,09/05/2026,09:07,09:27,0,1
5292,2,1756,09/05/2026,09:37,09:53,0,2
5293,2,1761,09/05/2026,10:03,10:17,0,3
5294,2,1853,09/05/2026,10:29,10:46,0,4
5295,2,1605,09/05/2026,10:50,11:13,0,5
5296,2,1836,09/05/2026,11:17,11:28,0,6
5297,2,2810,10/05/2026,09:24,09:45,0,1
5298,2,1624,10/05/2026,09:49,10:00,0,2
5299,2,1772,10/05/2026,10:10,10:17,0,3
5300,2,1886,10/05/2026,10:26,,0,4
5301,2,1488,10/05/2026,10:49,11:08,0,5
5302,2,1831,10/05/2026,11:12,11:22,0,6
5303,2,1725,10/05/2026,11:30,11:39,0,7
5304,2,1792,10/05/2026,11:45,12:10,0,8
5305,2,1452,10/05/2026,12:20,12:38,0,9
5306,2,1456,10/05/2026,12:42,13:01,0,10
5307,2,1666,10/05/2026,13:07,13:14,0,11
5308,2,1578,11/05/2026,09:28,09:47,0,1
5309,2,1491,11/05/2026,09:59,10:16,0,2
5310,2,1450,11/05/2026,10:24,10:39,0,3
5311,2,1501,11/05/2026,10:49,11:13,0,4
5312,2,1833,11/05/2026,11:21,11:28,0,5
5313,2,1782,11/05/2026,11:35,11:53,0,6
5314,2,1886,11/05/2026,12:00,,0,7
5315,2,1473,12/05/2026,09:15,09:22,0,1
5316,2,1751,12/05/2026,09:26,09:44,0,2
5317,2,1649,12/05/2026,09:51,10:05,0,3
5318,2,1585,12/05/2026,10:16,10:40,0,4
5319,2,1700,12/05/2026,10:49,11:04,0,5
5320,2,1479,12/05/2026,11:12,,0,6
5321,2,1525,12/05/2026,11:36,11:48,0,7
5322,2,1594,12/05/2026,11:56,12:20,0,8
5323,2,1506,13/05/2026,09:31,,0,1
5324,2,1492,13/05/2026,10:02,10:30,0,2
5325,2,1695,13/05/2026,10:34,10:48,0,3
5326,2,1820,13/05/2026,10:56,11:11,0,4
5327,2,1846,13/05/2026,11:15,11:23,0,5
5328,2,1716,13/05/2026,11:34,11:41,0,6
5329,2,1862,13/05/2026,11:49,11:57,0,7
5330,2,1800,13/05/2026,12:06,12:13,0,8
5331,2,1742,14/05/2026,09:18,09:28,0,1
5332,2,1776,14/05/2026,09:34,09:56,0,2
5333,2,1645,14/05/2026,10:01,10:18,0,3
5334,2,1826,14/05/2026,10:22,10:49,0,4
5335,2,1843,14/05/2026,10:55,11:08,0,5
5336,2,1846,14/05/2026,11:13,11:22,0,6
5337,2,1456,14/05/2026,11:30,11:48,0,7
5338,2,1513,14/05/2026,11:52,12:09,0,8
5339,2,1889,16/05/2026,09:31,09:51,0,1
5340,2,1590,16/05/2026,09:59,10:32,0,2
5341,2,1716,16/05/2026,10:36,10:46,0,3
5342,2,1527,16/05/2026,10:51,11:12,0,4
5343,2,1616,16/05/2026,11:18,11:39,0,5
5344,2,1773,16/05/2026,11:45,12:03,0,6
5345,2,1649,16/05/2026,12:10,12:20,0,7
5346,2,1538,16/05/2026,12:30,12:51,0,8
5347,2,1885,16/05/2026,12:56,13:05,0,9
5348,2,1713,17/05/2026,09:17,09:41,0,1
5349,2,1586,17/05/2026,09:47,10:11,0,2
5350,2,1593,17/05/2026,10:18,10:29,0,3
5351,2,1641,17/05/2026,10:34,10:47,0,4
5352,2,1638,17/05/2026,10:55,,1,5
5353,2,1763,17/05/2026,11:16,11:38,0,6
5354,2,1729,18/05/2026,09:22,09:50,0,1
5355,2,1581,18/05/2026,09:54,,0,2
5356,2,1586,18/05/2026,10:08,10:26,0,3
5357,2,1602,18/05/2026,10:30,10:45,0,4
5358,2,1597,18/05/2026,10:54,11:17,0,5
5359,2,1445,18/05/2026,11:23,,0,6
5360,2,1551,18/05/2026,11:50,12:13,0,7
5361,2,1501,18/05/2026,12:22,12:37,0,8
5362,2,1513,18/05/2026,12:45,13:10,0,9
5363,2,1829,19/05/2026,09:09,09:22,0,1
5364,2,1663,19/05/2026,09:29,09:56,0,2
5365,2,1601,19/05/2026,10:00,10:17,0,3
5366,2,1699,19/05/2026,10:27,10:41,0,4
5367,2,1855,19/05/2026,10:46,11:11,0,5
5368,2,1773,19/05/2026,11:20,11:36,0,6
5369,2,1735,19/05/2026,11:42,11:50,0,7
5370,2,1748,20/05/2026,09:28,09:44,0,1
5371,2,1886,20/05/2026,09:50,09:57,0,2
5372,2,1475,20/05/2026,10:06,10:28,0,3
5373,2,1552,20/05/2026,10:34,10:51,0,4
5374,2,1861,20/05/2026,10:55,11:02,0,5
5375,2,1608,20/05/2026,11:06,11:30,0,6
5376,2,1567,20/05/2026,11:34,11:48,0,7
5377,2,1782,20/05/2026,11:59,12:25,0,8
5378,2,1621,20/05/2026,12:33,12:51,0,9
5379,2,1564,21/05/2026,09:11,09:47,0,1
5380,2,1860,21/05/2026,09:51,10:06,0,2
5381,2,1528,21/05/2026,10:12,10:22,0,3
5382,2,1443,21/05/2026,10:28,10:50,0,4
5383,2,1785,21/05/2026,10:58,11:06,0,5
5384,2,1697,21/05/2026,11:10,11:31,0,6
5385,2,1690,23/05/2026,09:28,09:39,0,1
5386,2,1491,23/05/2026,09:48,10:07,0,2
5387,2,1726,23/05/2026,10:11,10:36,0,3
5388,2,1585,23/05/2026,10:45,10:55,0,4
5389,2,1862,23/05/2026,10:59,11:15,0,5
5390,2,1443,23/05/2026,11:19,11:41,0,6
5391,2,1743,23/05/2026,11:47,11:59,0,7
5392,2,1685,23/05/2026,12:10,12:18,0,8
5393,2,1814,23/05/2026,12:26,12:41,0,9
5394,2,1540,23/05/2026,12:53,13:10,0,10
5395,2,1764,23/05/2026,13:14,13:30,0,11
5396,2,1586,24/05/2026,09:09,09:40,0,1
5397,2,1625,24/05/2026,09:46,10:02,0,2
5398,2,1785,24/05/2026,10:09,10:18,0,3
5399,2,1630,24/05/2026,10:24,10:31,0,4
5400,2,1699,24/05/2026,10:35,11:04,0,5
5401,2,1826,24/05/2026,11:10,11:37,0,6
5402,2,1700,25/05/2026,09:13,09:32,0,1
5403,2,1600,25/05/2026,09:42,09:54,0,2
5404,2,1875,25/05/2026,09:58,10:09,0,3
5405,2,1465,25/05/2026,10:13,10:36,0,4
5406,2,1652,25/05/2026,10:42,10:58,0,5
5407,2,1445,25/05/2026,11:02,11:20,0,6
5408,2,1559,25/05/2026,11:30,11:56,0,7
5409,2,1640,25/05/2026,12:03,12:10,0,8
5410,2,1815,25/05/2026,12:18,12:25,0,9
5411,2,1689,26/05/2026,09:14,09:35,0,1
5412,2,1579,26/05/2026,09:41,09:59,0,2
5413,2,2810,26/05/2026,10:03,,1,3
5414,2,1464,26/05/2026,10:31,10:51,0,4
5415,2,1553,26/05/2026,10:59,11:22,0,5
5416,2,1518,26/05/2026,11:30,11:37,0,6
5417,2,1446,27/05/2026,09:16,09:27,0,1
5418,2,1796,27/05/2026,09:34,09:57,0,2
5419,2,1579,27/05/2026,10:02,10:12,0,3
5420,2,2810,27/05/2026,10:16,10:32,0,4
5421,2,1782,27/05/2026,10:41,11:02,0,5
5422,2,1794,27/05/2026,11:11,11:36,0,6
5423,2,1733,27/05/2026,11:43,,0,7
5424,2,1465,27/05/2026,12:16,12:31,0,8
5425,2,1713,28/05/2026,09:32,09:49,0,1
5426,2,1882,28/05/2026,09:56,10:17,0,2
5427,2,1504,28/05/2026,10:25,10:40,0,3
5428,2,1765,28/05/2026,10:44,10:56,0,4
5429,2,1717,28/05/2026,11:03,11:26,0,5
5430,2,1676,28/05/2026,11:30,11:38,0,6
5431,2,1501,28/05/2026,11:42,11:56,0,7
5432,2,1597,30/05/2026,09:12,09:34,0,1
5433,2,1647,30/05/2026,09:42,10:00,0,2
5434,2,1724,30/05/2026,10:07,10:31,0,3
5435,2,1885,30/05/2026,10:36,10:46,0,4
5436,2,1773,30/05/2026,10:52,11:12,0,5
5437,2,1674,30/05/2026,11:18,11:39,0,6
5438,2,1646,31/05/2026,09:08,09:17,0,1
5439,2,1874,31/05/2026,09:21,09:39,0,2
5440,2,1583,31/05/2026,09:43,09:54,0,3
5441,2,1579,31/05/2026,09:58,10:12,0,4
5442,2,1718,31/05/2026,10:23,10:54,0,5
5443,2,1630,31/05/2026,11:02,11:19,0,6
5444,2,1856,31/05/2026,11:23,11:33,0,7
5445,2,1874,01/06/2026,09:19,09:43,0,1
5446,2,1626,01/06/2026,09:51,10:09,0,2
5447,2,1663,01/06/2026,10:14,10:32,0,3
5448,2,1757,01/06/2026,10:43,10:56,0,4
5449,2,1552,01/06/2026,11:03,11:27,0,5
5450,2,1854,01/06/2026,11:31,,1,6
5451,2,1868,01/06/2026,11:56,12:03,0,7
5452,2,1833,01/06/2026,12:17,12:24,0,8
5453,2,1448,01/06/2026,12:31,12:45,0,9
5454,2,1852,01/06/2026,12:52,13:00,0,10
5455,2,1531,01/06/2026,13:08,13:25,0,11
5456,2,1636,02/06/2026,09:29,09:37,0,1
5457,2,1447,02/06/2026,09:45,09:52,0,2
5458,2,1687,02/06/2026,09:56,10:21,0,3
5459,2,1660,02/06/2026,10:26,10:42,0,4
5460,2,1582,02/06/2026,10:55,11:14,0,5
5461,2,1766,02/06/2026,11:22,11:45,0,6
5462,2,1826,02/06/2026,11:54,12:03,0,7
5463,2,1488,02/06/2026,12:13,12:40,0,8
5464,2,1743,02/06/2026,12:48,13:01,0,9
5465,2,1708,02/06/2026,13:05,13:23,0,10
5466,2,1863,02/06/2026,13:28,13:47,0,11
5467,2,1444,03/06/2026,09:12,09:42,0,1
5468,2,1785,03/06/2026,09:49,10:01,0,2
5469,2,1626,03/06/2026,10:05,10:12,0,3
5470,2,1661,03/06/2026,10:16,10:38,0,4
5471,2,1704,03/06/2026,10:46,11:05,0,5
5472,2,1570,03/06/2026,11:12,11:19,0,6
5473,2,1684,03/06/2026,11:32,11:46,0,7
5474,2,1482,03/06/2026,11:56,12:18,0,8
5475,2,1482,03/06/2026,12:22,12:38,0,9
5476,2,1761,04/06/2026,09:33,09:46,0,1
5477,2,1721,04/06/2026,09:50,10:05,0,2
5478,2,1770,04/06/2026,10:14,10:21,0,3
5479,2,1681,04/06/2026,10:30,10:55,0,4
5480,2,1646,04/06/2026,11:01,11:11,0,5
5481,2,1517,04/06/2026,11:18,11:28,0,6
5482,2,1818,06/06/2026,09:23,09:32,0,1
5483,2,1663,06/06/2026,09:42,10:02,0,2
5484,2,1587,06/06/2026,10:06,,1,3
5485,2,1853,06/06/2026,10:32,10:45,0,4
5486,2,1585,06/06/2026,10:56,11:22,0,5
5487,2,1736,06/06/2026,11:31,11:48,0,6
5488,2,1858,06/06/2026,11:52,12:14,0,7
5489,2,1477,06/06/2026,12:18,12:32,0,8
5490,2,1453,06/06/2026,12:43,,0,9
5491,2,2816,06/06/2026,12:54,13:05,0,10
5492,2,1608,07/06/2026,09:16,09:23,0,1
5493,2,1766,07/06/2026,09:29,09:38,0,2
5494,2,1661,07/06/2026,09:44,10:02,0,3
5495,2,1559,07/06/2026,10:07,10:27,0,4
5496,2,1772,07/06/2026,10:33,10:59,0,5
5497,2,1631,07/06/2026,11:06,11:13,0,6
5498,2,1838,07/06/2026,11:20,11:27,0,7
5499,2,1706,07/06/2026,11:31,11:55,0,8
5500,2,1584,07/06/2026,12:00,12:23,0,9
5501,2,1836,08/06/2026,09:31,,0,1
5502,2,2814,08/06/2026,10:04,10:25,0,2
5503,2,1484,08/06/2026,10:30,10:52,0,3
5504,2,1652,08/06/2026,10:56,11:30,0,4
5505,2,1607,08/06/2026,11:42,11:53,0,5
5506,2,1491,08/06/2026,12:01,12:16,0,6
5507,2,1729,08/06/2026,12:23,12:43,0,7
5508,2,1528,08/06/2026,12:53,13:07,0,8
5509,2,1684,08/06/2026,13:11,13:35,0,9
5510,2,1520,09/06/2026,09:12,09:19,0,1
5511,2,1449,09/06/2026,09:25,09:37,0,2
5512,2,1704,09/06/2026,09:47,10:12,0,3
5513,2,1883,09/06/2026,10:23,10:34,0,4
5514,2,1497,09/06/2026,10:43,,0,5
5515,2,1465,09/06/2026,11:17,,0,6
5516,2,1449,09/06/2026,11:31,11:49,0,7
5517,2,1596,09/06/2026,11:57,12:05,0,8
5518,2,1775,09/06/2026,12:13,,1,9
5519,2,1515,09/06/2026,12:36,12:59,0,10
5520,2,1783,09/06/2026,13:03,13:14,0,11
5521,2,1709,10/06/2026,09:20,,0,1
5522,2,1748,10/06/2026,09:39,,0,2
5523,2,1735,10/06/2026,10:00,10:16,0,3
5524,2,1669,10/06/2026,10:24,10:31,0,4
5525,2,1599,10/06/2026,10:37,11:06,0,5
5526,2,1654,10/06/2026,11:11,11:36,0,6
5527,2,1681,10/06/2026,11:40,11:59,0,7
5528,2,1501,11/06/2026,09:17,09:25,0,1
5529,2,1563,11/06/2026,09:30,09:39,0,2
5530,2,1686,11/06/2026,09:43,09:59,0,3
5531,2,1521,11/06/2026,10:06,10:21,0,4
5532,2,1603,11/06/2026,10:30,10:56,0,5
5533,2,1540,11/06/2026,11:00,11:17,0,6
5534,2,1559,11/06/2026,11:25,11:45,0,7
5535,2,1707,11/06/2026,11:52,12:10,0,8
5536,2,1889,11/06/2026,12:17,12:29,0,9
5537,2,1829,11/06/2026,12:33,12:51,0,10
5538,2,2810,11/06/2026,13:01,13:20,0,11
5539,2,1535,13/06/2026,09:18,09:35,0,1
5540,2,1446,13/06/2026,09:43,09:59,0,2
5541,2,1867,13/06/2026,10:10,10:27,0,3
5542,2,2814,13/06/2026,10:34,10:51,0,4
5543,2,1878,13/06/2026,11:01,11:15,0,5
5544,2,2824,13/06/2026,11:22,11:42,0,6
5545,2,1864,13/06/2026,11:49,12:01,0,7
5546,2,1622,13/06/2026,12:05,12:21,0,8
5547,2,1742,13/06/2026,12:31,12:47,0,9
5548,2,1518,13/06/2026,12:53,13:01,0,10
5549,2,1519,13/06/2026,13:11,13:24,0,11
5550,2,1490,14/06/2026,09:21,09:28,0,1
5551,2,1726,14/06/2026,09:32,09:39,0,2
5552,2,1551,14/06/2026,09:43,09:54,0,3
5553,2,1737,14/06/2026,10:04,10:30,0,4
5554,2,1649,14/06/2026,10:36,,0,5
5555,2,1855,14/06/2026,11:01,11:26,0,6
5556,2,1574,14/06/2026,11:36,11:59,0,7
5557,2,1666,14/06/2026,12:11,12:22,0,8
5558,2,1727,14/06/2026,12:26,12:46,0,9
5559,2,1553,15/06/2026,09:07,09:34,0,1
5560,2,1720,15/06/2026,09:40,09:47,0,2
5561,2,1579,15/06/2026,09:51,10:18,0,3
5562,2,1861,15/06/2026,10:27,10:41,0,4
5563,2,1784,15/06/2026,10:48,11:04,0,5
5564,2,1879,15/06/2026,11:16,11:38,0,6
5565,2,1886,15/06/2026,11:42,11:51,0,7
5566,2,1669,15/06/2026,11:58,,0,8
5567,2,2824,15/06/2026,12:32,12:51,0,9
5568,2,1476,15/06/2026,12:58,13:08,0,10
5569,2,1647,16/06/2026,09:28,09:37,0,1
5570,2,1656,16/06/2026,09:48,10:07,0,2
5571,2,1609,16/06/2026,10:15,,1,3
5572,2,1482,16/06/2026,10:34,10:57,0,4
5573,2,1529,16/06/2026,11:02,11:12,0,5
5574,2,1879,16/06/2026,11:16,11:27,0,6
5575,2,1707,17/06/2026,09:16,09:39,0,1
5576,2,1614,17/06/2026,09:45,09:56,0,2
5577,2,1638,17/06/2026,10:00,10:18,0,3
5578,2,1456,17/06/2026,10:28,,0,4
5579,2,1854,17/06/2026,10:42,11:06,0,5
5580,2,1804,17/06/2026,11:10,11:46,0,6
5581,2,1617,17/06/2026,11:50,12:11,0,7
5582,2,1561,17/06/2026,12:16,12:37,0,8
5583,2,1509,17/06/2026,12:46,13:05,0,9
5584,2,1704,17/06/2026,13:12,,1,10
5585,2,1700,17/06/2026,13:51,14:10,0,11
5586,2,1662,18/06/2026,09:26,09:46,0,1
5587,2,1645,18/06/2026,09:51,10:10,0,2
5588,2,1667,18/06/2026,10:14,10:29,0,3
5589,2,1725,18/06/2026,10:33,11:00,0,4
5590,2,1452,18/06/2026,11:08,11:27,0,5
5591,2,1492,18/06/2026,11:35,11:51,0,6
5592,2,1469,18/06/2026,11:57,,0,7
5593,2,1542,18/06/2026,12:23,12:46,0,8
5594,2,1656,20/06/2026,09:09,09:26,0,1
5595,2,1757,20/06/2026,09:36,09:57,0,2
5596,2,1534,20/06/2026,10:01,10:25,0,3
5597,2,1762,20/06/2026,10:32,,0,4
5598,2,1765,20/06/2026,10:51,11:22,0,5
5599,2,1583,20/06/2026,11:31,11:43,0,6
5600,2,1811,20/06/2026,11:48,12:09,0,7
5601,2,1854,21/06/2026,09:16,09:35,0,1
5602,2,1591,21/06/2026,09:39,09:55,0,2
5603,2,1862,21/06/2026,09:59,10:20,0,3
5604,2,1601,21/06/2026,10:27,10:39,0,4
5605,2,1549,21/06/2026,10:45,11:03,0,5
5606,2,1576,21/06/2026,11:07,11:20,0,6
5607,2,1664,21/06/2026,11:27,11:36,0,7
5608,2,1800,21/06/2026,11:40,11:47,0,8
5609,2,1664,21/06/2026,11:53,12:17,0,9
5610,2,2809,22/06/2026,09:21,09:37,0,1
5611,2,1616,22/06/2026,09:45,10:16,0,2
5612,2,1632,22/06/2026,10:24,10:51,0,3
5613,2,1870,22/06/2026,10:55,11:29,0,4
5614,2,1784,22/06/2026,11:33,11:46,0,5
5615,2,1854,22/06/2026,11:53,12:20,0,6
5616,2,1850,22/06/2026,12:30,12:37,0,7
5617,2,1449,22/06/2026,12:44,12:51,0,8
5618,2,1575,22/06/2026,13:02,13:29,0,9
5619,2,1787,22/06/2026,13:38,13:47,0,10
5620,2,1877,23/06/2026,09:26,09:45,0,1
5621,2,1482,23/06/2026,09:57,10:18,0,2
5622,2,1633,23/06/2026,10:26,10:40,0,3
5623,2,1693,23/06/2026,10:46,,0,4
5624,2,1719,23/06/2026,11:24,,1,5
5625,2,1823,23/06/2026,11:42,11:54,0,6
5626,2,1511,23/06/2026,12:03,12:10,0,7
5627,2,1473,23/06/2026,12:16,12:24,0,8
5628,2,1466,23/06/2026,12:30,13:00,0,9
5629,2,1863,24/06/2026,09:09,09:22,0,1
5630,2,1782,24/06/2026,09:29,09:47,0,2
5631,2,1833,24/06/2026,09:57,10:11,0,3
5632,2,1680,24/06/2026,10:16,10:26,0,4
5633,2,1763,24/06/2026,10:34,10:41,0,5
5634,2,1719,24/06/2026,10:50,10:57,0,6
5635,2,1469,24/06/2026,11:07,11:35,0,7
5636,2,1746,24/06/2026,11:39,11:59,0,8
5637,2,1559,24/06/2026,12:07,12:31,0,9
5638,2,1726,24/06/2026,12:38,12:45,0,10
5639,2,1692,24/06/2026,12:49,13:13,0,11
5640,2,1813,25/06/2026,09:25,09:33,0,1
5641,2,1489,25/06/2026,09:48,10:04,0,2
5642,2,1539,25/06/2026,10:08,10:18,0,3
5643,2,1514,25/06/2026,10:22,10:39,0,4
5644,2,1853,25/06/2026,10:48,10:59,0,5
5645,2,1479,25/06/2026,11:09,11:17,0,6
5646,2,1541,25/06/2026,11:24,11:41,0,7
5647,2,1713,25/06/2026,11:45,,0,8
5648,2,1693,27/06/2026,09:35,09:51,0,1
5649,2,1610,27/06/2026,09:58,10:13,0,2
5650,2,1551,27/06/2026,10:18,10:43,0,3
5651,2,1761,27/06/2026,10:50,10:57,0,4
5652,2,1523,27/06/2026,11:07,11:14,0,5
5653,2,1862,27/06/2026,11:26,11:40,0,6
5654,2,1622,27/06/2026,11:54,12:16,0,7
5655,2,1467,27/06/2026,12:20,12:30,0,8
5656,2,1605,27/06/2026,12:38,12:50,0,9
5657,2,1635,28/06/2026,09:32,09:52,0,1
5658,2,1536,28/06/2026,10:03,10:25,0,2
5659,2,1694,28/06/2026,10:31,10:59,0,3
5660,2,1718,28/06/2026,11:06,11:19,0,4
5661,2,1513,28/06/2026,11:23,11:30,0,5
5662,2,1871,28/06/2026,11:37,11:48,0,6
5663,2,1666,28/06/2026,11:57,12:18,0,7
5664,2,1794,28/06/2026,12:25,12:35,0,8
5665,2,1455,28/06/2026,12:47,13:07,0,9
5666,2,1756,29/06/2026,09:18,09:37,0,1
5667,2,1581,29/06/2026,09:43,09:56,0,2
5668,2,1810,29/06/2026,10:00,10:13,0,3
5669,2,1787,29/06/2026,10:17,10:24,0,4
5670,2,1826,29/06/2026,10:30,10:49,0,5
5671,2,1476,29/06/2026,10:55,11:09,0,6
5672,2,1728,29/06/2026,11:15,11:29,0,7
5673,2,1887,29/06/2026,11:34,,0,8
5674,2,1555,29/06/2026,11:54,12:01,0,9
5675,2,1754,29/06/2026,12:11,12:30,0,10
5676,2,1759,29/06/2026,12:44,13:15,0,11
5677,2,1576,30/06/2026,09:20,,0,1
5678,2,1514,30/06/2026,09:44,10:02,0,2
5679,2,1652,30/06/2026,10:09,,0,3
5680,2,1855,30/06/2026,10:28,10:50,0,4
5681,2,1742,30/06/2026,10:56,11:07,0,5
5682,2,1576,30/06/2026,11:11,11:28,0,6
5683,2,1634,30/06/2026,11:33,11:58,0,7
5684,2,1777,30/06/2026,12:03,12:14,0,8
5685,2,1622,30/06/2026,12:20,12:36,0,9
5686,2,1829,30/06/2026,12:50,13:12,0,10
5687,2,1843,01/07/2026,09:20,09:41,0,1
5688,2,1481,01/07/2026,09:48,09:56,0,2
5689,2,1716,01/07/2026,10:03,10:25,0,3
5690,2,1580,01/07/2026,10:29,10:44,0,4
5691,2,1451,01/07/2026,10:48,11:00,0,5
5692,2,1654,01/07/2026,11:10,11:24,0,6
5693,2,1549,01/07/2026,11:34,11:43,0,7
5694,2,1445,01/07/2026,11:55,12:14,0,8
5695,2,1879,02/07/2026,09:23,09:51,0,1
5696,2,1517,02/07/2026,09:55,10:07,0,2
5697,2,1718,02/07/2026,10:11,10:23,0,3
5698,2,1850,02/07/2026,10:34,10:47,0,4
5699,2,1684,02/07/2026,10:53,,0,5
5700,2,1535,02/07/2026,11:14,11:37,0,6
5701,2,1465,02/07/2026,11:46,11:54,0,7
5702,2,1819,02/07/2026,12:00,12:11,0,8
5703,2,1813,02/07/2026,12:19,12:39,0,9
5704,2,1741,02/07/2026,12:45,12:53,0,10
5705,2,1856,02/07/2026,12:58,13:11,0,11
5706,2,1482,04/07/2026,09:23,09:39,0,1
5707,2,1498,04/07/2026,09:50,09:57,0,2
5708,2,1824,04/07/2026,10:04,10:19,0,3
5709,2,1847,04/07/2026,10:23,10:32,0,4
5710,2,1779,04/07/2026,10:39,11:00,0,5
5711,2,1470,04/07/2026,11:09,11:25,0,6
5712,2,1755,04/07/2026,11:32,11:57,0,7
5713,2,1821,04/07/2026,12:06,12:13,0,8
5714,2,1593,04/07/2026,12:17,12:43,0,9
5715,2,1840,04/07/2026,12:47,12:56,0,10
5716,2,1692,05/07/2026,09:17,09:37,0,1
5717,2,1845,05/07/2026,09:45,09:54,0,2
5718,2,1846,05/07/2026,10:05,10:19,0,3
5719,2,1462,05/07/2026,10:24,10:39,0,4
5720,2,1547,05/07/2026,10:43,10:53,0,5
5721,2,1717,05/07/2026,10:57,11:25,0,6
5722,2,1452,06/07/2026,09:24,09:45,0,1
5723,2,1646,06/07/2026,09:54,10:06,0,2
5724,2,1573,06/07/2026,10:10,10:23,0,3
5725,2,1524,06/07/2026,10:30,,0,4
5726,2,1490,06/07/2026,10:53,11:17,0,5
5727,2,1536,06/07/2026,11:21,11:39,0,6
5728,2,1510,06/07/2026,11:49,12:09,0,7
5729,2,1694,07/07/2026,09:25,09:49,0,1
5730,2,1774,07/07/2026,09:56,10:17,0,2
5731,2,1516,07/07/2026,10:25,10:44,0,3
5732,2,1630,07/07/2026,10:54,,0,4
5733,2,1498,07/07/2026,11:10,11:19,0,5
5734,2,1672,07/07/2026,11:23,11:43,0,6
5735,2,1523,07/07/2026,11:48,12:07,0,7
5736,2,1518,07/07/2026,12:17,12:33,0,8
5737,2,1484,07/07/2026,12:37,12:44,0,9
5738,2,1692,07/07/2026,12:53,13:12,0,10
5739,2,1692,07/07/2026,13:19,13:48,0,11
5740,2,1577,08/07/2026,09:28,09:41,0,1
5741,2,1559,08/07/2026,09:51,10:07,0,2
5742,2,1608,08/07/2026,10:14,10:22,0,3
5743,2,1473,08/07/2026,10:27,10:41,0,4
5744,2,1738,08/07/2026,10:45,11:02,0,5
5745,2,1464,08/07/2026,11:10,11:27,0,6
5746,2,1713,08/07/2026,11:34,11:41,0,7
5747,2,1823,08/07/2026,11:45,11:57,0,8
5748,2,1551,08/07/2026,12:02,12:16,0,9
5749,2,1772,09/07/2026,09:15,09:37,0,1
5750,2,1743,09/07/2026,09:49,10:00,0,2
5751,2,1641,09/07/2026,10:05,10:24,0,3
5752,2,1612,09/07/2026,10:33,10:54,0,4
5753,2,1519,09/07/2026,11:00,11:20,0,5
5754,2,1819,09/07/2026,11:24,11:39,0,6
5755,2,1689,11/07/2026,09:17,09:31,0,1
5756,2,1706,11/07/2026,09:43,09:51,0,2
5757,2,1789,11/07/2026,09:57,10:04,0,3
5758,2,1466,11/07/2026,10:08,10:21,0,4
5759,2,1512,11/07/2026,10:25,10:32,0,5
5760,2,1479,11/07/2026,10:37,10:53,0,6
5761,2,1559,11/07/2026,11:02,11:29,0,7
5762,2,1587,11/07/2026,11:37,11:52,0,8
5763,2,1748,11/07/2026,11:56,12:25,0,9
5764,2,1516,11/07/2026,12:35,13:03,0,10
5765,2,1799,12/07/2026,09:28,09:39,0,1
5766,2,1575,12/07/2026,09:44,10:10,0,2
5767,2,1792,12/07/2026,10:24,10:35,0,3
5768,2,1635,12/07/2026,10:46,11:06,0,4
5769,2,1713,12/07/2026,11:14,11:32,0,5
5770,2,1501,12/07/2026,11:39,11:51,0,6
5771,2,1654,13/07/2026,09:26,09:52,0,1
5772,2,1529,13/07/2026,09:59,10:07,0,2
5773,2,1697,13/07/2026,10:16,10:39,0,3
5774,2,2817,13/07/2026,10:49,,0,4
5775,2,1787,13/07/2026,11:12,11:29,0,5
5776,2,1569,13/07/2026,11:33,11:56,0,6
5777,2,1455,13/07/2026,12:02,12:17,0,7
5778,2,1688,14/07/2026,09:20,09:32,0,1
5779,2,1850,14/07/2026,09:36,09:47,0,2
5780,2,1769,14/07/2026,09:51,10:11,0,3
5781,2,1764,14/07/2026,10:15,10:29,0,4
5782,2,1793,14/07/2026,10:37,10:50,0,5
5783,2,1573,14/07/2026,11:01,11:14,0,6
5784,2,1578,14/07/2026,11:22,11:33,0,7
5785,2,1480,14/07/2026,11:37,11:50,0,8
5786,2,1521,14/07/2026,11:57,12:20,0,9
5787,2,1688,14/07/2026,12:25,12:48,0,10
5788,2,1737,15/07/2026,09:20,09:34,0,1
5789,2,1755,15/07/2026,09:40,09:52,0,2
5790,2,1560,15/07/2026,09:59,10:19,0,3
5791,2,1841,15/07/2026,10:27,10:44,0,4
5792,2,1751,15/07/2026,10:53,11:14,0,5
5793,2,1820,15/07/2026,11:19,11:43,0,6
5794,2,1776,15/07/2026,11:52,12:08,0,7
5795,2,1475,16/07/2026,09:10,,1,1
5796,2,1693,16/07/2026,09:46,,1,2
5797,2,1812,16/07/2026,10:06,10:13,0,3
5798,2,1782,16/07/2026,10:25,10:32,0,4
5799,2,1465,16/07/2026,10:39,10:52,0,5
5800,2,1874,16/07/2026,10:58,11:27,0,6
5801,2,1861,18/07/2026,09:23,09:48,0,1
5802,2,1665,18/07/2026,09:59,10:18,0,2
5803,2,1847,18/07/2026,10:28,10:45,0,3
5804,2,1600,18/07/2026,10:50,11:15,0,4
5805,2,2817,18/07/2026,11:24,11:40,0,5
5806,2,1825,18/07/2026,11:48,12:04,0,6
5807,2,1477,18/07/2026,12:15,12:34,0,7
5808,2,1776,18/07/2026,12:46,13:01,0,8
5809,2,1731,18/07/2026,13:10,13:31,0,9
5810,2,1716,18/07/2026,13:39,13:46,0,10
5811,2,1529,19/07/2026,09:32,09:39,0,1
5812,2,1708,19/07/2026,09:48,10:16,0,2
5813,2,1620,19/07/2026,10:22,10:29,0,3
5814,2,1580,19/07/2026,10:38,11:01,0,4
5815,2,1524,19/07/2026,11:08,11:23,0,5
5816,2,1737,19/07/2026,11:32,11:49,0,6
5817,2,1575,19/07/2026,11:58,12:16,0,7
5818,2,1803,19/07/2026,12:23,12:38,0,8
5819,2,1511,19/07/2026,12:51,13:13,0,9
5820,2,1874,19/07/2026,13:26,13:39,0,10
5821,2,1865,20/07/2026,09:35,09:53,0,1
5822,2,1829,20/07/2026,09:58,10:21,0,2
5823,2,1736,20/07/2026,10:29,10:36,0,3
5824,2,1742,20/07/2026,10:45,10:52,0,4
5825,2,1662,20/07/2026,11:00,11:27,0,5
5826,2,1654,20/07/2026,11:31,11:38,0,6
5827,2,1787,20/07/2026,11:48,12:02,0,7
5828,2,1667,20/07/2026,12:09,12:24,0,8
5829,2,1478,20/07/2026,12:36,12:55,0,9
5830,2,1524,21/07/2026,09:22,09:29,0,1
5831,2,1597,21/07/2026,09:35,09:51,0,2
5832,2,1857,21/07/2026,09:58,,1,3
5833,2,1706,21/07/2026,10:17,10:37,0,4
5834,2,1853,21/07/2026,10:41,11:00,0,5
5835,2,1755,21/07/2026,11:08,11:31,0,6
5836,2,1694,21/07/2026,11:40,11:55,0,7
5837,2,1586,21/07/2026,12:01,12:22,0,8
5838,2,1660,21/07/2026,12:26,12:38,0,9
5839,2,1585,22/07/2026,09:21,09:48,0,1
5840,2,1638,22/07/2026,09:52,10:05,0,2
5841,2,1768,22/07/2026,10:10,10:35,0,3
5842,2,1534,22/07/2026,10:47,11:02,0,4
5843,2,1527,22/07/2026,11:12,11:22,0,5
5844,2,1484,22/07/2026,11:29,11:43,0,6
5845,2,1726,22/07/2026,11:48,12:08,0,7
5846,2,1734,22/07/2026,12:17,12:38,0,8
5847,2,1606,22/07/2026,12:43,13:02,0,9
5848,2,1465,23/07/2026,09:31,09:38,0,1
5849,2,1458,23/07/2026,09:44,,0,2
5850,2,1576,23/07/2026,10:06,10:23,0,3
5851,2,1810,23/07/2026,10:41,11:02,0,4
5852,2,1708,23/07/2026,11:10,11:26,0,5
5853,2,1724,23/07/2026,11:34,11:54,0,6
5854,2,1614,23/07/2026,11:59,12:08,0,7
5855,2,1819,23/07/2026,12:14,12:31,0,8
5856,2,1748,23/07/2026,12:35,12:48,0,9
5857,2,1620,23/07/2026,12:52,13:03,0,10
5858,2,1710,23/07/2026,13:09,13:24,0,11
5859,2,1616,25/07/2026,09:21,09:46,0,1
5860,2,1850,25/07/2026,09:53,10:14,0,2
5861,2,1664,25/07/2026,10:24,10:45,0,3
5862,2,1850,25/07/2026,10:56,11:10,0,4
5863,2,1804,25/07/2026,11:20,11:37,0,5
5864,2,1656,25/07/2026,11:47,11:55,0,6
5865,2,1714,25/07/2026,12:02,12:21,0,7
5866,2,1519,25/07/2026,12:33,12:57,0,8
5867,2,1780,26/07/2026,09:12,09:33,0,1
5868,2,1490,26/07/2026,09:40,09:47,0,2
5869,2,1458,26/07/2026,09:51,10:05,0,3
5870,2,1452,26/07/2026,10:13,10:42,0,4
5871,2,1700,26/07/2026,10:46,10:58,0,5
5872,2,1883,26/07/2026,11:03,11:15,0,6
5873,2,1543,26/07/2026,11:19,11:34,0,7
5874,2,1574,26/07/2026,11:45,12:07,0,8
5875,2,1448,27/07/2026,09:25,09:43,0,1
5876,2,1671,27/07/2026,09:50,10:24,0,2
5877,2,1495,27/07/2026,10:31,10:51,0,3
5878,2,1620,27/07/2026,10:57,,0,4
5879,2,1708,27/07/2026,11:27,11:43,0,5
5880,2,1810,27/07/2026,11:53,12:16,0,6
5881,2,1552,28/07/2026,09:35,09:54,0,1
5882,2,1846,28/07/2026,09:59,10:11,0,2
5883,2,1817,28/07/2026,10:21,10:41,0,3
5884,2,1477,28/07/2026,10:48,11:08,0,4
5885,2,1576,28/07/2026,11:15,11:29,0,5
5886,2,1610,28/07/2026,11:41,12:04,0,6
5887,2,1788,28/07/2026,12:14,12:38,0,7
5888,2,1586,29/07/2026,09:17,09:45,0,1
5889,2,1517,29/07/2026,09:49,10:09,0,2
5890,2,1628,29/07/2026,10:13,10:25,0,3
5891,2,1478,29/07/2026,10:33,10:54,0,4
5892,2,1888,29/07/2026,11:00,11:17,0,5
5893,2,1476,29/07/2026,11:26,11:46,0,6
5894,2,1777,29/07/2026,11:58,12:07,0,7
5895,2,1748,30/07/2026,09:24,09:45,0,1
5896,2,1839,30/07/2026,09:49,10:03,0,2
5897,2,1849,30/07/2026,10:10,10:19,0,3
5898,2,1533,30/07/2026,10:24,10:36,0,4
5899,2,1535,30/07/2026,10:46,11:01,0,5
5900,2,1641,30/07/2026,11:05,11:21,0,6
5901,2,1711,30/07/2026,11:31,11:53,0,7
5902,2,1819,30/07/2026,12:04,12:16,0,8
5903,2,1535,30/07/2026,12:25,12:50,0,9
5904,2,1733,01/08/2026,09:36,09:56,0,1
5905,2,1589,01/08/2026,10:05,,0,2
5906,2,1670,01/08/2026,10:29,10:43,0,3
5907,2,1533,01/08/2026,10:49,11:09,0,4
5908,2,1525,01/08/2026,11:15,11:22,0,5
5909,2,1838,01/08/2026,11:26,11:39,0,6
5910,2,1491,02/08/2026,09:09,09:28,0,1
5911,2,1640,02/08/2026,09:33,09:40,0,2
5912,2,1826,02/08/2026,09:44,10:04,0,3
5913,2,1626,02/08/2026,10:08,10:15,0,4
5914,2,1539,02/08/2026,10:21,10:44,0,5
5915,2,1850,02/08/2026,10:48,11:09,0,6
5916,2,1870,02/08/2026,11:16,11:29,0,7
5917,2,1495,02/08/2026,11:34,11:45,0,8
5918,2,1687,02/08/2026,11:57,12:12,0,9
5919,2,1872,02/08/2026,12:16,12:23,0,10
5920,2,1724,03/08/2026,09:15,09:28,0,1
5921,2,1748,03/08/2026,09:37,10:05,0,2
5922,2,1640,03/08/2026,10:09,10:16,0,3
5923,2,1694,03/08/2026,10:23,10:43,0,4
5924,2,1530,03/08/2026,10:51,11:04,0,5
5925,2,1592,03/08/2026,11:08,11:23,0,6
5926,2,1746,03/08/2026,11:30,11:50,0,7
5927,2,1733,03/08/2026,11:54,12:01,0,8
5928,2,1721,03/08/2026,12:08,12:24,0,9
5929,2,1489,03/08/2026,12:31,12:48,0,10
5930,2,1691,04/08/2026,09:10,09:20,0,1
5931,2,1879,04/08/2026,09:24,09:50,0,2
5932,2,1811,04/08/2026,09:57,10:08,0,3
5933,2,1787,04/08/2026,10:16,10:25,0,4
5934,2,1633,04/08/2026,10:32,10:39,0,5
5935,2,1541,04/08/2026,10:43,11:05,0,6
5936,2,1596,04/08/2026,11:12,11:38,0,7
5937,2,1557,04/08/2026,11:42,11:57,0,8
5938,2,1476,04/08/2026,12:01,12:17,0,9
5939,2,1448,05/08/2026,09:22,09:38,0,1
5940,2,1841,05/08/2026,09:45,09:52,0,2
5941,2,1575,05/08/2026,09:56,10:17,0,3
5942,2,1549,05/08/2026,10:23,10:33,0,4
5943,2,1655,05/08/2026,10:41,10:56,0,5
5944,2,1484,05/08/2026,11:04,11:17,0,6
5945,2,1842,05/08/2026,11:27,11:48,0,7
5946,2,1733,05/08/2026,11:56,12:09,0,8
5947,2,1724,05/08/2026,12:18,12:49,0,9
5948,2,1619,05/08/2026,12:57,13:05,0,10
5949,2,1828,06/08/2026,09:32,09:44,0,1
5950,2,1535,06/08/2026,09:54,10:19,0,2
5951,2,1474,06/08/2026,10:23,10:42,0,3
5952,2,1632,06/08/2026,10:49,11:08,0,4
5953,2,1607,06/08/2026,11:12,11:38,0,5
5954,2,1453,06/08/2026,11:42,12:00,0,6
5955,2,1646,06/08/2026,12:04,12:11,0,7
5956,2,1445,08/08/2026,09:09,09:26,0,1
5957,2,1814,08/08/2026,09:33,09:46,0,2
5958,2,1547,08/08/2026,09:55,,0,3
5959,2,1721,08/08/2026,10:19,10:34,0,4
5960,2,1446,08/08/2026,10:40,10:47,0,5
5961,2,1590,08/08/2026,10:57,11:21,0,6
5962,2,1619,08/08/2026,11:27,11:40,0,7
5963,2,1841,08/08/2026,11:49,11:59,0,8
5964,2,1764,08/08/2026,12:04,12:13,0,9
5965,2,1879,08/08/2026,12:20,,1,10
5966,2,1718,09/08/2026,09:17,,0,1
5967,2,1629,09/08/2026,09:53,10:00,0,2
5968,2,1840,09/08/2026,10:08,10:15,0,3
5969,2,1679,09/08/2026,10:19,10:40,0,4
5970,2,1493,09/08/2026,10:50,11:13,0,5
5971,2,1682,09/08/2026,11:24,11:38,0,6
5972,2,1454,09/08/2026,11:47,12:00,0,7
5973,2,1524,09/08/2026,12:08,12:18,0,8
5974,2,1481,09/08/2026,12:26,,0,9
5975,2,1475,10/08/2026,09:17,09:35,0,1
5976,2,1815,10/08/2026,09:41,09:48,0,2
5977,2,1440,10/08/2026,09:52,10:11,0,3
5978,2,1604,10/08/2026,10:26,10:52,0,4
5979,2,1494,10/08/2026,10:58,11:13,0,5
5980,2,1466,10/08/2026,11:17,11:27,0,6
5981,2,1632,10/08/2026,11:36,11:54,0,7
5982,2,1702,10/08/2026,12:00,,0,8
5983,2,1851,10/08/2026,12:30,12:51,0,9
5984,2,1539,10/08/2026,12:57,13:24,0,10
5985,2,1551,10/08/2026,13:32,13:52,0,11
5986,2,1706,11/08/2026,09:22,09:42,0,1
5987,2,1726,11/08/2026,09:49,09:56,0,2
5988,2,1860,11/08/2026,10:03,10:13,0,3
5989,2,1534,11/08/2026,10:19,10:43,0,4
5990,2,1858,11/08/2026,10:48,11:06,0,5
5991,2,1640,11/08/2026,11:13,11:27,0,6
5992,2,1555,12/08/2026,09:18,09:29,0,1
5993,2,1466,12/08/2026,09:33,09:57,0,2
5994,2,1770,12/08/2026,10:01,,0,3
5995,2,1458,12/08/2026,10:19,10:34,0,4
5996,2,1492,12/08/2026,10:41,10:57,0,5
5997,2,1857,12/08/2026,11:05,11:16,0,6
5998,2,1521,12/08/2026,11:31,11:46,0,7
5999,2,1490,12/08/2026,11:54,12:04,0,8
6000,2,1551,13/08/2026,09:08,09:36,0,1
6001,2,1725,13/08/2026,09:48,,1,2
6002,2,1854,13/08/2026,10:07,10:26,0,3
6003,2,1800,13/08/2026,10:36,10:51,0,4
6004,2,1886,13/08/2026,10:58,11:13,0,5
6005,2,1789,13/08/2026,11:20,,0,6
6006,2,1541,13/08/2026,11:41,11:55,0,7
6007,2,1771,15/08/2026,09:15,,0,1
6008,2,1539,15/08/2026,09:35,09:48,0,2
6009,2,1743,15/08/2026,09:52,10:02,0,3
6010,2,1814,15/08/2026,10:12,10:34,0,4
6011,2,1582,15/08/2026,10:40,10:48,0,5
6012,2,1506,15/08/2026,10:56,11:16,0,6
6013,2,1735,15/08/2026,11:20,11:36,0,7
6014,2,1671,16/08/2026,09:11,09:27,0,1
6015,2,1645,16/08/2026,09:33,09:58,0,2
6016,2,1602,16/08/2026,10:02,10:18,0,3
6017,2,1872,16/08/2026,10:26,10:41,0,4
6018,2,1696,16/08/2026,10:45,10:56,0,5
6019,2,1567,16/08/2026,11:00,11:18,0,6
6020,2,1564,16/08/2026,11:26,11:49,0,7
6021,2,1596,17/08/2026,09:13,,0,1
6022,2,1760,17/08/2026,09:33,09:54,0,2
6023,2,1593,17/08/2026,09:58,10:10,0,3
6024,2,1442,17/08/2026,10:21,,0,4
6025,2,1743,17/08/2026,10:41,10:52,0,5
6026,2,1632,17/08/2026,11:01,11:24,0,6
6027,2,1553,18/08/2026,09:25,,0,1
6028,2,1744,18/08/2026,09:51,10:12,0,2
6029,2,1622,18/08/2026,10:16,10:35,0,3
6030,2,1718,18/08/2026,10:42,11:06,0,4
6031,2,1622,18/08/2026,11:13,11:20,0,5
6032,2,1534,18/08/2026,11:28,11:44,0,6
6033,2,1856,18/08/2026,11:49,12:07,0,7
6034,2,1869,19/08/2026,09:34,09:42,0,1
6035,2,1763,19/08/2026,09:49,,0,2
6036,2,1490,19/08/2026,10:04,,0,3
6037,2,1660,19/08/2026,10:32,10:47,0,4
6038,2,1676,19/08/2026,10:51,10:59,0,5
6039,2,1482,19/08/2026,11:06,11:21,0,6
6040,2,1670,19/08/2026,11:26,11:46,0,7
6041,2,1492,19/08/2026,11:51,12:04,0,8
6042,2,1646,19/08/2026,12:11,12:18,0,9
6043,2,1474,19/08/2026,12:26,12:43,0,10
6044,3,1905,01/07/2025,09:30,09:37,0,1
6045,3,2227,01/07/2025,09:41,10:04,0,2
6046,3,2179,01/07/2025,10:09,10:16,0,3
6047,3,1912,01/07/2025,10:26,10:43,0,4
6048,3,2090,01/07/2025,10:47,10:54,0,5
6049,3,1918,01/07/2025,11:02,11:22,0,6
6050,3,2211,01/07/2025,11:26,11:39,0,7
6051,3,2304,01/07/2025,11:45,11:52,0,8
6052,3,2267,02/07/2025,09:15,09:35,0,1
6053,3,1941,02/07/2025,09:41,09:58,0,2
6054,3,1993,02/07/2025,10:05,10:30,0,3
6055,3,2302,02/07/2025,10:36,10:54,0,4
6056,3,2316,02/07/2025,11:07,11:14,0,5
6057,3,2192,02/07/2025,11:19,11:49,0,6
6058,3,2044,02/07/2025,11:53,12:02,0,7
6059,3,1909,03/07/2025,09:26,09:33,0,1
6060,3,1959,03/07/2025,09:37,09:53,0,2
6061,3,2247,03/07/2025,10:00,10:12,0,3
6062,3,2088,03/07/2025,10:19,10:30,0,4
6063,3,2058,03/07/2025,10:35,10:53,0,5
6064,3,1974,03/07/2025,10:58,11:08,0,6
6065,3,1970,05/07/2025,09:12,09:19,0,1
6066,3,2232,05/07/2025,09:30,09:47,0,2
6067,3,2065,05/07/2025,09:51,10:07,0,3
6068,3,2242,05/07/2025,10:11,10:18,0,4
6069,3,2146,05/07/2025,10:24,10:31,0,5
6070,3,2164,05/07/2025,10:42,11:00,0,6
6071,3,2129,05/07/2025,11:06,11:33,0,7
6072,3,2089,05/07/2025,11:41,12:03,0,8
6073,3,2089,05/07/2025,12:14,12:29,0,9
6074,3,1995,06/07/2025,09:27,09:50,0,1
6075,3,2017,06/07/2025,09:58,,0,2
6076,3,2093,06/07/2025,10:26,10:37,0,3
6077,3,1926,06/07/2025,10:46,,0,4
6078,3,2258,06/07/2025,11:16,11:31,0,5
6079,3,2802,06/07/2025,11:35,11:53,0,6
6080,3,1904,06/07/2025,11:57,12:16,0,7
6081,3,2157,06/07/2025,12:20,12:45,0,8
6082,3,1969,07/07/2025,09:07,09:30,0,1
6083,3,2081,07/07/2025,09:42,09:51,0,2
6084,3,1963,07/07/2025,10:03,10:19,0,3
6085,3,2199,07/07/2025,10:24,10:47,0,4
6086,3,2124,07/07/2025,10:57,11:26,0,5
6087,3,1939,07/07/2025,11:38,12:00,0,6
6088,3,1992,08/07/2025,09:30,09:38,0,1
6089,3,2137,08/07/2025,09:42,09:58,0,2
6090,3,1987,08/07/2025,10:03,10:25,0,3
6091,3,2208,08/07/2025,10:33,10:56,0,4
6092,3,1984,08/07/2025,11:04,11:20,0,5
6093,3,2801,08/07/2025,11:31,11:38,0,6
6094,3,1944,09/07/2025,09:18,09:33,0,1
6095,3,1963,09/07/2025,09:40,09:47,0,2
6096,3,2012,09/07/2025,09:54,10:03,0,3
6097,3,1905,09/07/2025,10:11,10:28,0,4
6098,3,1965,09/07/2025,10:38,,0,5
6099,3,2106,09/07/2025,11:13,11:32,0,6
6100,3,2801,09/07/2025,11:40,11:47,0,7
6101,3,2327,09/07/2025,11:56,12:16,0,8
6102,3,2093,09/07/2025,12:20,12:28,0,9
6103,3,2062,09/07/2025,12:36,13:01,0,10
6104,3,2201,10/07/2025,09:28,09:48,0,1
6105,3,2201,10/07/2025,09:52,10:02,0,2
6106,3,2293,10/07/2025,10:09,10:25,0,3
6107,3,2181,10/07/2025,10:30,10:51,0,4
6108,3,2123,10/07/2025,10:55,11:12,0,5
6109,3,1980,10/07/2025,11:16,11:23,0,6
6110,3,1905,12/07/2025,09:29,09:40,0,1
6111,3,2065,12/07/2025,09:49,10:01,0,2
6112,3,2272,12/07/2025,10:05,10:23,0,3
6113,3,2335,12/07/2025,10:34,10:51,0,4
6114,3,1970,12/07/2025,10:57,11:14,0,5
6115,3,2336,12/07/2025,11:24,11:39,0,6
6116,3,1919,12/07/2025,11:43,12:06,0,7
6117,3,2234,13/07/2025,09:04,09:27,0,1
6118,3,2331,13/07/2025,09:31,09:45,0,2
6119,3,2066,13/07/2025,09:56,10:19,0,3
6120,3,2290,13/07/2025,10:30,10:52,0,4
6121,3,1972,13/07/2025,11:03,11:16,0,5
6122,3,1927,13/07/2025,11:25,11:39,0,6
6123,3,2063,13/07/2025,11:46,12:00,0,7
6124,3,2040,13/07/2025,12:08,12:19,0,8
6125,3,2321,13/07/2025,12:26,12:42,0,9
6126,3,2019,13/07/2025,12:46,12:53,0,10
6127,3,2002,13/07/2025,13:01,13:18,0,11
6128,3,2802,14/07/2025,09:33,09:46,0,1
6129,3,1969,14/07/2025,09:56,10:15,0,2
6130,3,2079,14/07/2025,10:19,10:26,0,3
6131,3,2130,14/07/2025,10:30,10:47,0,4
6132,3,2144,14/07/2025,10:51,10:58,0,5
6133,3,2283,14/07/2025,11:02,11:22,0,6
6134,3,2128,14/07/2025,11:28,11:51,0,7
6135,3,2115,15/07/2025,09:14,09:36,0,1
6136,3,2329,15/07/2025,09:40,09:50,0,2
6137,3,2043,15/07/2025,09:55,10:10,0,3
6138,3,1991,15/07/2025,10:14,,0,4
6139,3,2235,15/07/2025,10:38,10:50,0,5
6140,3,1904,15/07/2025,10:59,,0,6
6141,3,2148,16/07/2025,09:18,,0,1
6142,3,1915,16/07/2025,09:33,09:43,0,2
6143,3,2819,16/07/2025,09:51,10:08,0,3
6144,3,1977,16/07/2025,10:19,10:34,0,4
6145,3,2089,16/07/2025,10:41,10:58,0,5
6146,3,2203,16/07/2025,11:02,11:22,0,6
6147,3,2056,16/07/2025,11:28,11:40,0,7
6148,3,2161,16/07/2025,11:44,12:03,0,8
6149,3,2056,17/07/2025,09:15,09:28,0,1
6150,3,1923,17/07/2025,09:32,09:51,0,2
6151,3,2331,17/07/2025,09:58,10:13,0,3
6152,3,2159,17/07/2025,10:18,10:35,0,4
6153,3,2310,17/07/2025,10:41,10:53,0,5
6154,3,2257,17/07/2025,11:02,11:09,0,6
6155,3,1943,17/07/2025,11:22,11:29,0,7
6156,3,1951,17/07/2025,11:36,11:49,0,8
6157,3,2249,17/07/2025,11:53,12:01,0,9
6158,3,2060,17/07/2025,12:05,12:12,0,10
6159,3,2313,19/07/2025,09:23,09:40,0,1
6160,3,2274,19/07/2025,09:55,10:08,0,2
6161,3,1991,19/07/2025,10:12,10:24,0,3
6162,3,1959,19/07/2025,10:29,10:48,0,4
6163,3,2143,19/07/2025,10:58,11:14,0,5
6164,3,2318,19/07/2025,11:21,11:40,0,6
6165,3,2204,20/07/2025,09:15,09:27,0,1
6166,3,1962,20/07/2025,09:34,09:59,0,2
6167,3,1921,20/07/2025,10:04,10:19,0,3
6168,3,2236,20/07/2025,10:24,10:39,0,4
6169,3,1989,20/07/2025,10:45,11:03,0,5
6170,3,2254,20/07/2025,11:11,11:32,0,6
6171,3,2278,20/07/2025,11:41,11:53,0,7
6172,3,2238,20/07/2025,11:57,12:04,0,8
6173,3,1979,20/07/2025,12:15,12:22,0,9
6174,3,2125,20/07/2025,12:26,12:49,0,10
6175,3,2302,21/07/2025,09:12,09:27,0,1
6176,3,2135,21/07/2025,09:31,09:41,0,2
6177,3,2086,21/07/2025,09:45,10:09,0,3
6178,3,2140,21/07/2025,10:17,10:40,0,4
6179,3,2083,21/07/2025,10:49,10:57,0,5
6180,3,2118,21/07/2025,11:03,11:15,0,6
6181,3,1907,21/07/2025,11:31,11:48,0,7
6182,3,2116,21/07/2025,11:58,12:11,0,8
6183,3,2191,21/07/2025,12:19,12:41,0,9
6184,3,2200,21/07/2025,12:45,12:52,0,10
6185,3,2064,21/07/2025,12:59,13:12,0,11
6186,3,2091,22/07/2025,09:16,09:31,0,1
6187,3,2051,22/07/2025,09:35,09:48,0,2
6188,3,1994,22/07/2025,09:54,10:15,0,3
6189,3,2183,22/07/2025,10:20,10:35,0,4
6190,3,1908,22/07/2025,10:43,11:06,0,5
6191,3,2325,22/07/2025,11:15,11:37,0,6
6192,3,2289,22/07/2025,11:45,11:56,0,7
6193,3,2186,22/07/2025,12:05,,0,8
6194,3,2234,22/07/2025,12:22,12:41,0,9
6195,3,2081,22/07/2025,12:46,12:56,0,10
6196,3,2024,22/07/2025,13:03,,0,11
6197,3,2135,23/07/2025,09:25,09:49,0,1
6198,3,2214,23/07/2025,09:56,10:07,0,2
6199,3,2161,23/07/2025,10:11,10:27,0,3
6200,3,1969,23/07/2025,10:34,10:54,0,4
6201,3,2079,23/07/2025,11:01,11:17,0,5
6202,3,2041,23/07/2025,11:26,11:42,0,6
6203,3,2215,23/07/2025,11:50,12:09,0,7
6204,3,1984,23/07/2025,12:20,12:38,0,8
6205,3,2169,23/07/2025,12:44,12:52,0,9
6206,3,2205,24/07/2025,09:22,09:44,0,1
6207,3,2313,24/07/2025,09:53,10:16,0,2
6208,3,2204,24/07/2025,10:20,10:27,0,3
6209,3,1962,24/07/2025,10:34,10:41,0,4
6210,3,1961,24/07/2025,10:48,10:55,0,5
6211,3,2232,24/07/2025,10:59,11:08,0,6
6212,3,2268,24/07/2025,11:15,11:31,0,7
6213,3,2089,26/07/2025,09:11,09:22,0,1
6214,3,2306,26/07/2025,09:32,10:00,0,2
6215,3,2333,26/07/2025,10:04,10:17,0,3
6216,3,2151,26/07/2025,10:24,10:41,0,4
6217,3,1932,26/07/2025,10:47,11:00,0,5
6218,3,2237,26/07/2025,11:08,11:28,0,6
6219,3,2135,27/07/2025,09:30,09:50,0,1
6220,3,2139,27/07/2025,09:58,10:08,0,2
6221,3,2100,27/07/2025,10:16,10:27,0,3
6222,3,2153,27/07/2025,10:34,,0,4
6223,3,2339,27/07/2025,10:50,10:57,0,5
6224,3,2221,27/07/2025,11:02,11:11,0,6
6225,3,2193,27/07/2025,11:20,11:41,0,7
6226,3,2311,27/07/2025,11:52,12:04,0,8
6227,3,1976,28/07/2025,09:15,09:50,0,1
6228,3,2248,28/07/2025,10:01,10:08,0,2
6229,3,2228,28/07/2025,10:15,10:25,0,3
6230,3,2045,28/07/2025,10:34,10:41,0,4
6231,3,1955,28/07/2025,10:51,10:59,0,5
6232,3,2169,28/07/2025,11:07,11:17,0,6
6233,3,2248,29/07/2025,09:14,09:22,0,1
6234,3,1953,29/07/2025,09:29,09:50,0,2
6235,3,2248,29/07/2025,09:56,10:13,0,3
6236,3,2041,29/07/2025,10:24,10:43,0,4
6237,3,2330,29/07/2025,10:47,11:14,0,5
6238,3,2337,29/07/2025,11:21,11:42,0,6
6239,3,2195,29/07/2025,11:48,12:07,0,7
6240,3,1977,29/07/2025,12:12,12:19,0,8
6241,3,1897,29/07/2025,12:23,12:32,0,9
6242,3,2297,30/07/2025,09:25,09:44,0,1
6243,3,2267,30/07/2025,09:53,10:05,0,2
6244,3,2199,30/07/2025,10:12,10:29,0,3
6245,3,2066,30/07/2025,10:38,10:58,0,4
6246,3,1992,30/07/2025,11:07,11:14,0,5
6247,3,2154,30/07/2025,11:24,11:49,0,6
6248,3,2271,30/07/2025,11:53,12:11,0,7
6249,3,2196,30/07/2025,12:18,,1,8
6250,3,2302,30/07/2025,12:32,12:49,0,9
6251,3,2104,31/07/2025,09:15,09:31,0,1
6252,3,2204,31/07/2025,09:39,09:48,0,2
6253,3,2170,31/07/2025,09:56,10:24,0,3
6254,3,2267,31/07/2025,10:28,10:39,0,4
6255,3,2055,31/07/2025,10:52,,0,5
6256,3,2079,31/07/2025,11:03,11:14,0,6
6257,3,2268,31/07/2025,11:18,11:49,0,7
6258,3,2247,31/07/2025,11:58,12:19,0,8
6259,3,1907,31/07/2025,12:31,12:38,0,9
6260,3,1958,02/08/2025,09:27,09:43,0,1
6261,3,2082,02/08/2025,09:49,10:03,0,2
6262,3,2001,02/08/2025,10:11,,1,3
6263,3,2322,02/08/2025,10:26,10:45,0,4
6264,3,2092,02/08/2025,10:49,11:03,0,5
6265,3,2159,02/08/2025,11:14,11:23,0,6
6266,3,2042,02/08/2025,11:29,11:41,0,7
6267,3,2265,03/08/2025,09:04,09:31,0,1
6268,3,2225,03/08/2025,09:38,09:59,0,2
6269,3,2176,03/08/2025,10:08,10:21,0,3
6270,3,1984,03/08/2025,10:27,10:52,0,4
6271,3,2011,03/08/2025,10:56,11:05,0,5
6272,3,2164,03/08/2025,11:11,11:33,0,6
6273,3,2204,03/08/2025,11:39,11:49,0,7
6274,3,1956,03/08/2025,11:55,12:05,0,8
6275,3,2038,04/08/2025,09:06,09:17,0,1
6276,3,2118,04/08/2025,09:22,09:40,0,2
6277,3,1922,04/08/2025,09:44,10:10,0,3
6278,3,2143,04/08/2025,10:18,10:32,0,4
6279,3,2311,04/08/2025,10:39,11:05,0,5
6280,3,2311,04/08/2025,11:09,11:25,0,6
6281,3,2265,04/08/2025,11:30,11:49,0,7
6282,3,2192,05/08/2025,09:14,,0,1
6283,3,2234,05/08/2025,09:44,09:58,0,2
6284,3,1901,05/08/2025,10:02,10:15,0,3
6285,3,2173,05/08/2025,10:23,10:42,0,4
6286,3,2306,05/08/2025,10:49,11:11,0,5
6287,3,2123,05/08/2025,11:15,11:38,0,6
6288,3,2031,05/08/2025,11:44,12:09,0,7
6289,3,1997,05/08/2025,12:13,12:34,0,8
6290,3,1965,05/08/2025,12:40,12:49,0,9
6291,3,2276,05/08/2025,12:56,13:08,0,10
6292,3,2021,05/08/2025,13:14,,1,11
6293,3,2209,06/08/2025,09:19,,0,1
6294,3,2156,06/08/2025,09:40,09:52,0,2
6295,3,1943,06/08/2025,10:04,10:30,0,3
6296,3,1988,06/08/2025,10:34,10:42,0,4
6297,3,2256,06/08/2025,10:46,11:03,0,5
6298,3,2269,06/08/2025,11:09,11:22,0,6
6299,3,2206,07/08/2025,09:17,09:38,0,1
6300,3,2231,07/08/2025,09:44,09:58,0,2
6301,3,2268,07/08/2025,10:11,10:18,0,3
6302,3,2011,07/08/2025,10:30,10:53,0,4
6303,3,2059,07/08/2025,11:03,11:13,0,5
6304,3,2322,07/08/2025,11:20,11:38,0,6
6305,3,2172,07/08/2025,11:42,11:50,0,7
6306,3,1989,07/08/2025,11:59,12:21,0,8
6307,3,1918,07/08/2025,12:29,,0,9
6308,3,1962,07/08/2025,12:54,13:20,0,10
6309,3,1980,07/08/2025,13:26,13:41,0,11
6310,3,1920,09/08/2025,09:20,09:38,0,1
6311,3,2002,09/08/2025,09:44,09:53,0,2
6312,3,2299,09/08/2025,10:04,10:30,0,3
6313,3,1921,09/08/2025,10:36,10:58,0,4
6314,3,2215,09/08/2025,11:07,11:26,0,5
6315,3,2228,09/08/2025,11:32,11:45,0,6
6316,3,2229,09/08/2025,11:52,12:06,0,7
6317,3,2234,09/08/2025,12:11,12:28,0,8
6318,3,2277,09/08/2025,12:32,12:49,0,9
6319,3,2063,10/08/2025,09:13,09:37,0,1
6320,3,2227,10/08/2025,09:44,10:04,0,2
6321,3,1987,10/08/2025,10:11,10:40,0,3
6322,3,2324,10/08/2025,10:51,10:58,0,4
6323,3,2114,10/08/2025,11:05,11:31,0,5
6324,3,2191,10/08/2025,11:39,11:48,0,6
6325,3,1910,11/08/2025,09:14,09:26,0,1
6326,3,2319,11/08/2025,09:37,10:04,0,2
6327,3,1944,11/08/2025,10:08,10:27,0,3
6328,3,1988,11/08/2025,10:33,11:00,0,4
6329,3,2216,11/08/2025,11:04,11:11,0,5
6330,3,1961,11/08/2025,11:15,11:26,0,6
6331,3,1996,11/08/2025,11:35,11:47,0,7
6332,3,2089,11/08/2025,11:56,12:17,0,8
6333,3,1934,11/08/2025,12:23,12:30,0,9
6334,3,2262,12/08/2025,09:10,09:29,0,1
6335,3,2142,12/08/2025,09:40,10:03,0,2
6336,3,2103,12/08/2025,10:10,10:33,0,3
6337,3,2179,12/08/2025,10:37,10:54,0,4
6338,3,2118,12/08/2025,11:03,11:20,0,5
6339,3,2020,12/08/2025,11:28,11:39,0,6
6340,3,2184,13/08/2025,09:18,09:52,0,1
6341,3,2048,13/08/2025,10:02,10:15,0,2
6342,3,1979,13/08/2025,10:19,10:30,0,3
6343,3,1903,13/08/2025,10:35,10:53,0,4
6344,3,1956,13/08/2025,11:01,11:24,0,5
6345,3,1955,13/08/2025,11:31,11:38,0,6
6346,3,2169,13/08/2025,11:42,11:49,0,7
6347,3,2125,13/08/2025,11:58,12:19,0,8
6348,3,2252,13/08/2025,12:23,12:52,0,9
6349,3,2192,14/08/2025,09:15,09:32,0,1
6350,3,1980,14/08/2025,09:39,09:48,0,2
6351,3,1941,14/08/2025,09:59,10:17,0,3
6352,3,2228,14/08/2025,10:25,10:42,0,4
6353,3,1995,14/08/2025,10:46,,0,5
6354,3,2207,14/08/2025,11:00,11:21,0,6
6355,3,1895,14/08/2025,11:25,11:32,0,7
6356,3,1927,14/08/2025,11:36,11:57,0,8
6357,3,2269,14/08/2025,12:02,12:25,0,9
6358,3,2268,16/08/2025,09:12,09:27,0,1
6359,3,2105,16/08/2025,09:39,09:58,0,2
6360,3,2207,16/08/2025,10:05,10:19,0,3
6361,3,2228,16/08/2025,10:26,10:53,0,4
6362,3,2064,16/08/2025,11:00,11:07,0,5
6363,3,1947,16/08/2025,11:13,11:37,0,6
6364,3,2045,17/08/2025,09:10,09:27,0,1
6365,3,2189,17/08/2025,09:31,09:53,0,2
6366,3,2247,17/08/2025,09:57,10:22,0,3
6367,3,2181,17/08/2025,10:27,10:48,0,4
6368,3,2136,17/08/2025,10:52,11:08,0,5
6369,3,2159,17/08/2025,11:14,11:28,0,6
6370,3,2179,17/08/2025,11:35,11:43,0,7
6371,3,2159,17/08/2025,11:48,12:00,0,8
6372,3,2331,17/08/2025,12:07,12:25,0,9
6373,3,2144,17/08/2025,12:31,12:47,0,10
6374,3,2043,18/08/2025,09:25,09:38,0,1
6375,3,1970,18/08/2025,09:46,,0,2
6376,3,2241,18/08/2025,10:07,10:41,0,3
6377,3,2069,18/08/2025,10:47,,0,4
6378,3,2101,18/08/2025,11:09,11:22,0,5
6379,3,1904,18/08/2025,11:27,11:34,0,6
6380,3,1965,18/08/2025,11:40,11:58,0,7
6381,3,2107,18/08/2025,12:08,12:21,0,8
6382,3,1974,18/08/2025,12:27,12:44,0,9
6383,3,1947,19/08/2025,09:11,,0,1
6384,3,2017,19/08/2025,09:36,09:58,0,2
6385,3,2186,19/08/2025,10:06,10:25,0,3
6386,3,2183,19/08/2025,10:30,10:38,0,4
6387,3,2081,19/08/2025,10:44,10:57,0,5
6388,3,2168,19/08/2025,11:04,11:21,0,6
6389,3,2034,19/08/2025,11:28,11:54,0,7
6390,3,1896,19/08/2025,11:58,12:19,0,8
6391,3,2254,19/08/2025,12:23,12:44,0,9
6392,3,2280,20/08/2025,09:31,,1,1
6393,3,2159,20/08/2025,09:52,10:04,0,2
6394,3,2152,20/08/2025,10:12,10:36,0,3
6395,3,2087,20/08/2025,10:40,10:57,0,4
6396,3,1979,20/08/2025,11:02,11:09,0,5
6397,3,1998,20/08/2025,11:13,11:20,0,6
6398,3,1976,20/08/2025,11:28,11:41,0,7
6399,3,1963,20/08/2025,11:48,12:11,0,8
6400,3,2148,20/08/2025,12:15,12:34,0,9
6401,3,2106,21/08/2025,09:12,,1,1
6402,3,2019,21/08/2025,09:28,,0,2
6403,3,2222,21/08/2025,09:49,10:02,0,3
6404,3,2152,21/08/2025,10:06,10:30,0,4
6405,3,2169,21/08/2025,10:40,,1,5
6406,3,2076,21/08/2025,11:04,11:15,0,6
6407,3,2283,21/08/2025,11:21,11:28,0,7
6408,3,2300,21/08/2025,11:41,11:54,0,8
6409,3,2221,21/08/2025,11:58,12:17,0,9
6410,3,2212,23/08/2025,09:17,09:38,0,1
6411,3,1922,23/08/2025,09:42,10:08,0,2
6412,3,2298,23/08/2025,10:12,10:33,0,3
6413,3,1970,23/08/2025,10:38,10:45,0,4
6414,3,2120,23/08/2025,10:52,11:08,0,5
6415,3,1912,23/08/2025,11:17,11:36,0,6
6416,3,2200,24/08/2025,09:18,09:29,0,1
6417,3,2105,24/08/2025,09:33,09:59,0,2
6418,3,2096,24/08/2025,10:03,,0,3
6419,3,2191,24/08/2025,10:34,10:57,0,4
6420,3,2208,24/08/2025,11:06,11:33,0,5
6421,3,2136,24/08/2025,11:38,12:00,0,6
6422,3,2216,24/08/2025,12:10,12:18,0,7
6423,3,2114,25/08/2025,09:09,09:23,0,1
6424,3,2082,25/08/2025,09:27,09:44,0,2
6425,3,2227,25/08/2025,09:49,10:11,0,3
6426,3,2202,25/08/2025,10:19,10:45,0,4
6427,3,2137,25/08/2025,10:49,11:08,0,5
6428,3,2142,25/08/2025,11:15,11:23,0,6
6429,3,2202,25/08/2025,11:27,11:41,0,7
6430,3,1939,26/08/2025,09:19,09:39,0,1
6431,3,2184,26/08/2025,09:45,10:06,0,2
6432,3,2243,26/08/2025,10:10,10:23,0,3
6433,3,1906,26/08/2025,10:32,10:39,0,4
6434,3,2282,26/08/2025,10:45,10:58,0,5
6435,3,2239,26/08/2025,11:03,11:19,0,6
6436,3,2073,26/08/2025,11:28,11:51,0,7
6437,3,2053,26/08/2025,11:56,12:04,0,8
6438,3,2006,26/08/2025,12:09,12:21,0,9
6439,3,2009,26/08/2025,12:25,12:46,0,10
6440,3,1956,26/08/2025,12:56,13:22,0,11
6441,3,2057,27/08/2025,09:26,09:52,0,1
6442,3,1994,27/08/2025,09:56,10:09,0,2
6443,3,2233,27/08/2025,10:13,10:34,0,3
6444,3,2093,27/08/2025,10:41,10:48,0,4
6445,3,1946,27/08/2025,10:52,11:11,0,5
6446,3,1901,27/08/2025,11:21,11:48,0,6
6447,3,2189,27/08/2025,11:57,12:25,0,7
6448,3,2044,27/08/2025,12:30,12:38,0,8
6449,3,1902,27/08/2025,12:50,12:59,0,9
6450,3,2317,28/08/2025,09:13,09:21,0,1
6451,3,2181,28/08/2025,09:25,,0,2
6452,3,2243,28/08/2025,09:42,09:49,0,3
6453,3,2053,28/08/2025,09:58,10:05,0,4
6454,3,2232,28/08/2025,10:13,10:29,0,5
6455,3,2154,28/08/2025,10:37,10:52,0,6
6456,3,1953,28/08/2025,11:02,11:30,0,7
6457,3,2199,28/08/2025,11:34,11:54,0,8
6458,3,2022,28/08/2025,12:00,12:18,0,9
6459,3,2267,30/08/2025,09:23,09:47,0,1
6460,3,2092,30/08/2025,09:53,,0,2
6461,3,2137,30/08/2025,10:13,10:31,0,3
6462,3,2166,30/08/2025,10:36,10:51,0,4
6463,3,2016,30/08/2025,10:55,11:13,0,5
6464,3,2243,30/08/2025,11:17,11:33,0,6
6465,3,2027,31/08/2025,09:19,09:33,0,1
6466,3,2253,31/08/2025,09:39,09:47,0,2
6467,3,1935,31/08/2025,09:55,,1,3
6468,3,2805,31/08/2025,10:24,10:42,0,4
6469,3,1976,31/08/2025,10:46,11:10,0,5
6470,3,1946,31/08/2025,11:14,11:38,0,6
6471,3,1973,31/08/2025,11:44,12:02,0,7
6472,3,1918,31/08/2025,12:07,12:18,0,8
6473,3,1916,01/09/2025,09:18,09:38,0,1
6474,3,1971,01/09/2025,09:46,10:11,0,2
6475,3,2130,01/09/2025,10:18,10:38,0,3
6476,3,2256,01/09/2025,10:47,11:19,0,4
6477,3,2180,01/09/2025,11:27,11:40,0,5
6478,3,2268,01/09/2025,11:48,11:55,0,6
6479,3,2174,01/09/2025,12:09,12:25,0,7
6480,3,2117,01/09/2025,12:41,13:05,0,8
6481,3,2087,02/09/2025,09:06,09:23,0,1
6482,3,1932,02/09/2025,09:27,09:45,0,2
6483,3,2150,02/09/2025,09:57,10:08,0,3
6484,3,2095,02/09/2025,10:13,10:20,0,4
6485,3,1908,02/09/2025,10:28,10:48,0,5
6486,3,2207,02/09/2025,10:52,11:23,0,6
6487,3,2212,02/09/2025,11:27,11:37,0,7
6488,3,2320,02/09/2025,11:44,12:01,0,8
6489,3,2244,02/09/2025,12:07,12:26,0,9
6490,3,2243,02/09/2025,12:30,12:42,0,10
6491,3,1984,03/09/2025,09:26,09:42,0,1
6492,3,2336,03/09/2025,09:49,10:08,0,2
6493,3,1919,03/09/2025,10:16,10:35,0,3
6494,3,1952,03/09/2025,10:41,10:48,0,4
6495,3,2337,03/09/2025,10:52,11:09,0,5
6496,3,2057,03/09/2025,11:15,11:22,0,6
6497,3,2042,03/09/2025,11:31,11:45,0,7
6498,3,2079,03/09/2025,11:55,12:12,0,8
6499,3,2080,03/09/2025,12:20,12:31,0,9
6500,3,1954,04/09/2025,09:15,09:23,0,1
6501,3,2008,04/09/2025,09:27,09:49,0,2
6502,3,2254,04/09/2025,09:53,10:21,0,3
6503,3,2060,04/09/2025,10:28,10:41,0,4
6504,3,2017,04/09/2025,10:47,11:01,0,5
6505,3,1941,04/09/2025,11:07,11:21,0,6
6506,3,1933,04/09/2025,11:31,11:43,0,7
6507,3,2084,04/09/2025,11:54,12:16,0,8
6508,3,2339,04/09/2025,12:23,12:31,0,9
6509,3,2298,06/09/2025,09:14,,0,1
6510,3,2106,06/09/2025,09:47,09:54,0,2
6511,3,2034,06/09/2025,10:03,10:30,0,3
6512,3,2219,06/09/2025,10:34,10:43,0,4
6513,3,1994,06/09/2025,10:53,11:11,0,5
6514,3,2284,06/09/2025,11:22,11:35,0,6
6515,3,2200,06/09/2025,11:40,12:03,0,7
6516,3,2308,06/09/2025,12:10,12:22,0,8
6517,3,2186,06/09/2025,12:26,12:42,0,9
6518,3,2153,06/09/2025,12:46,13:07,0,10
6519,3,2003,06/09/2025,13:13,13:30,0,11
6520,3,2154,07/09/2025,09:26,09:43,0,1
6521,3,1938,07/09/2025,09:52,10:08,0,2
6522,3,2085,07/09/2025,10:15,10:28,0,3
6523,3,1998,07/09/2025,10:35,10:55,0,4
6524,3,2274,07/09/2025,11:01,11:22,0,5
6525,3,2326,07/09/2025,11:26,11:35,0,6
6526,3,2303,07/09/2025,11:40,12:01,0,7
6527,3,2156,07/09/2025,12:05,12:13,0,8
6528,3,1938,07/09/2025,12:20,12:37,0,9
6529,3,1936,07/09/2025,12:44,12:51,0,10
6530,3,2267,08/09/2025,09:36,09:52,0,1
6531,3,2038,08/09/2025,10:00,10:11,0,2
6532,3,2041,08/09/2025,10:15,10:34,0,3
6533,3,2176,08/09/2025,10:40,10:57,0,4
6534,3,1943,08/09/2025,11:04,11:29,0,5
6535,3,1976,08/09/2025,11:38,11:57,0,6
6536,3,2011,08/09/2025,12:01,12:17,0,7
6537,3,2320,08/09/2025,12:28,12:51,0,8
6538,3,2263,08/09/2025,13:01,13:15,0,9
6539,3,2048,09/09/2025,09:06,09:13,0,1
6540,3,2312,09/09/2025,09:18,09:39,0,2
6541,3,2164,09/09/2025,09:51,10:22,0,3
6542,3,2024,09/09/2025,10:27,10:34,0,4
6543,3,1926,09/09/2025,10:41,11:06,0,5
6544,3,2317,09/09/2025,11:11,11:31,0,6
6545,3,1911,09/09/2025,11:40,11:56,0,7
6546,3,2286,09/09/2025,12:05,12:39,0,8
6547,3,2178,09/09/2025,12:47,13:03,0,9
6548,3,2327,09/09/2025,13:09,13:19,0,10
6549,3,2178,09/09/2025,13:28,,0,11
6550,3,1905,10/09/2025,09:22,09:43,0,1
6551,3,2234,10/09/2025,09:51,10:16,0,2
6552,3,2167,10/09/2025,10:20,10:34,0,3
6553,3,2072,10/09/2025,10:39,10:46,0,4
6554,3,2095,10/09/2025,10:53,11:07,0,5
6555,3,2046,10/09/2025,11:11,11:23,0,6
6556,3,1999,10/09/2025,11:28,11:51,0,7
6557,3,2030,10/09/2025,11:58,12:17,0,8
6558,3,2069,10/09/2025,12:26,12:45,0,9
6559,3,2082,11/09/2025,09:22,09:35,0,1
6560,3,2061,11/09/2025,09:39,09:58,0,2
6561,3,1910,11/09/2025,10:02,10:10,0,3
6562,3,2021,11/09/2025,10:16,10:36,0,4
6563,3,2276,11/09/2025,10:47,11:06,0,5
6564,3,2140,11/09/2025,11:16,11:29,0,6
6565,3,2152,11/09/2025,11:37,11:59,0,7
6566,3,2303,13/09/2025,09:29,09:45,0,1
6567,3,2069,13/09/2025,09:53,10:11,0,2
6568,3,2289,13/09/2025,10:23,10:46,0,3
6569,3,2088,13/09/2025,10:53,11:08,0,4
6570,3,2271,13/09/2025,11:12,,1,5
6571,3,1923,13/09/2025,11:29,12:01,0,6
6572,3,2004,13/09/2025,12:10,12:25,0,7
6573,3,2270,13/09/2025,12:29,12:48,0,8
6574,3,2266,14/09/2025,09:15,09:23,0,1
6575,3,2324,14/09/2025,09:28,09:48,0,2
6576,3,1968,14/09/2025,09:54,10:01,0,3
6577,3,1973,14/09/2025,10:05,10:13,0,4
6578,3,2324,14/09/2025,10:19,10:26,0,5
6579,3,2316,14/09/2025,10:33,10:44,0,6
6580,3,2189,14/09/2025,10:52,11:09,0,7
6581,3,1902,14/09/2025,11:15,11:35,0,8
6582,3,2195,14/09/2025,11:39,11:58,0,9
6583,3,2140,14/09/2025,12:03,12:10,0,10
6584,3,2164,14/09/2025,12:19,12:37,0,11
6585,3,2064,15/09/2025,09:10,09:25,0,1
6586,3,1994,15/09/2025,09:29,09:42,0,2
6587,3,1926,15/09/2025,09:48,09:58,0,3
6588,3,2017,15/09/2025,10:07,10:14,0,4
6589,3,1923,15/09/2025,10:20,10:27,0,5
6590,3,1973,15/09/2025,10:31,10:53,0,6
6591,3,2184,15/09/2025,11:01,11:17,0,7
6592,3,2018,15/09/2025,11:27,11:43,0,8
6593,3,2152,15/09/2025,11:51,12:11,0,9
6594,3,2135,15/09/2025,12:16,12:31,0,10
6595,3,2105,15/09/2025,12:36,12:57,0,11
6596,3,2138,16/09/2025,09:28,,0,1
6597,3,2149,16/09/2025,09:46,10:03,0,2
6598,3,2112,16/09/2025,10:10,10:25,0,3
6599,3,1999,16/09/2025,10:29,10:45,0,4
6600,3,2276,16/09/2025,10:51,11:01,0,5
6601,3,2177,16/09/2025,11:12,11:36,0,6
6602,3,2103,16/09/2025,11:40,11:48,0,7
6603,3,2268,16/09/2025,11:56,12:03,0,8
6604,3,1929,16/09/2025,12:08,12:15,0,9
6605,3,2203,16/09/2025,12:19,12:26,0,10
6606,3,2097,16/09/2025,12:30,12:46,0,11
6607,3,2137,17/09/2025,09:24,09:39,0,1
6608,3,2024,17/09/2025,09:43,09:54,0,2
6609,3,2252,17/09/2025,10:03,10:28,0,3
6610,3,2111,17/09/2025,10:33,10:50,0,4
6611,3,2064,17/09/2025,10:54,11:01,0,5
6612,3,2272,17/09/2025,11:05,11:25,0,6
6613,3,2025,17/09/2025,11:36,11:48,0,7
6614,3,2228,17/09/2025,11:54,12:14,0,8
6615,3,2073,17/09/2025,12:22,12:39,0,9
6616,3,2070,18/09/2025,09:15,09:34,0,1
6617,3,2091,18/09/2025,09:38,09:45,0,2
6618,3,2257,18/09/2025,09:54,10:01,0,3
6619,3,1974,18/09/2025,10:14,10:21,0,4
6620,3,2082,18/09/2025,10:25,10:32,0,5
6621,3,2011,18/09/2025,10:37,11:05,0,6
6622,3,2062,18/09/2025,11:10,11:17,0,7
6623,3,2114,20/09/2025,09:16,09:26,0,1
6624,3,1921,20/09/2025,09:32,09:44,0,2
6625,3,2116,20/09/2025,09:49,09:56,0,3
6626,3,2181,20/09/2025,10:00,10:13,0,4
6627,3,2186,20/09/2025,10:23,10:41,0,5
6628,3,1899,20/09/2025,10:49,11:18,0,6
6629,3,2053,20/09/2025,11:24,11:31,0,7
6630,3,1986,21/09/2025,09:29,09:43,0,1
6631,3,2023,21/09/2025,09:47,09:54,0,2
6632,3,2144,21/09/2025,09:58,10:18,0,3
6633,3,1890,21/09/2025,10:22,10:32,0,4
6634,3,2172,21/09/2025,10:42,11:02,0,5
6635,3,2184,21/09/2025,11:11,11:23,0,6
6636,3,2298,21/09/2025,11:30,11:57,0,7
6637,3,2308,22/09/2025,09:37,09:55,0,1
6638,3,2276,22/09/2025,10:07,10:22,0,2
6639,3,2211,22/09/2025,10:30,10:37,0,3
6640,3,2117,22/09/2025,10:45,10:56,0,4
6641,3,2227,22/09/2025,11:06,11:27,0,5
6642,3,2063,22/09/2025,11:34,11:56,0,6
6643,3,1971,22/09/2025,12:04,,0,7
6644,3,2241,22/09/2025,12:18,12:31,0,8
6645,3,2069,22/09/2025,12:37,13:03,0,9
6646,3,2257,22/09/2025,13:07,13:24,0,10
6647,3,1911,22/09/2025,13:29,13:36,0,11
6648,3,2285,23/09/2025,09:27,09:40,0,1
6649,3,2298,23/09/2025,09:49,10:02,0,2
6650,3,2199,23/09/2025,10:17,10:37,0,3
6651,3,2175,23/09/2025,10:42,10:53,0,4
6652,3,2254,23/09/2025,11:03,11:20,0,5
6653,3,2020,23/09/2025,11:29,11:54,0,6
6654,3,2317,23/09/2025,11:58,12:17,0,7
6655,3,2114,24/09/2025,09:13,09:24,0,1
6656,3,2111,24/09/2025,09:36,09:47,0,2
6657,3,2132,24/09/2025,09:55,10:11,0,3
6658,3,2079,24/09/2025,10:18,10:37,0,4
6659,3,2151,24/09/2025,10:44,10:54,0,5
6660,3,2819,24/09/2025,10:58,11:20,0,6
6661,3,2802,24/09/2025,11:30,11:37,0,7
6662,3,2130,24/09/2025,11:41,12:01,0,8
6663,3,1946,24/09/2025,12:06,12:23,0,9
6664,3,2112,24/09/2025,12:31,12:49,0,10
6665,3,1896,25/09/2025,09:22,09:32,0,1
6666,3,2068,25/09/2025,09:36,09:43,0,2
6667,3,2107,25/09/2025,09:51,10:11,0,3
6668,3,2258,25/09/2025,10:16,,0,4
6669,3,2053,25/09/2025,10:46,10:53,0,5
6670,3,2135,25/09/2025,11:00,11:28,0,6
6671,3,2161,25/09/2025,11:32,11:59,0,7
6672,3,2297,25/09/2025,12:03,12:12,0,8
6673,3,2009,27/09/2025,09:07,,0,1
6674,3,2068,27/09/2025,09:21,09:32,0,2
6675,3,2082,27/09/2025,09:36,09:45,0,3
6676,3,2071,27/09/2025,09:52,,0,4
6677,3,2298,27/09/2025,10:16,10:26,0,5
6678,3,2231,27/09/2025,10:31,10:49,0,6
6679,3,2204,27/09/2025,11:00,11:21,0,7
6680,3,1989,28/09/2025,09:29,,0,1
6681,3,2241,28/09/2025,09:58,10:19,0,2
6682,3,2097,28/09/2025,10:25,10:53,0,3
6683,3,2118,28/09/2025,11:00,11:20,0,4
6684,3,1993,28/09/2025,11:24,11:45,0,5
6685,3,2237,28/09/2025,11:56,12:13,0,6
6686,3,2017,28/09/2025,12:22,12:34,0,7
6687,3,2154,28/09/2025,12:42,13:06,0,8
6688,3,2270,28/09/2025,13:10,13:28,0,9
6689,3,1995,29/09/2025,09:15,09:25,0,1
6690,3,1901,29/09/2025,09:35,09:59,0,2
6691,3,2103,29/09/2025,10:03,10:25,0,3
6692,3,2181,29/09/2025,10:35,10:42,0,4
6693,3,2199,29/09/2025,10:55,11:20,0,5
6694,3,2214,29/09/2025,11:25,11:36,0,6
6695,3,1923,30/09/2025,09:29,09:52,0,1
6696,3,2295,30/09/2025,09:57,10:06,0,2
6697,3,2285,30/09/2025,10:16,10:23,0,3
6698,3,2059,30/09/2025,10:29,10:49,0,4
6699,3,2241,30/09/2025,10:53,11:20,0,5
6700,3,2223,30/09/2025,11:29,11:49,0,6
6701,3,2175,30/09/2025,11:54,12:16,0,7
6702,3,1936,30/09/2025,12:22,12:32,0,8
6703,3,1917,30/09/2025,12:36,13:02,0,9
6704,3,2107,30/09/2025,13:08,13:27,0,10
6705,3,1978,30/09/2025,13:32,13:43,0,11
6706,3,1954,01/10/2025,09:17,09:24,0,1
6707,3,2285,01/10/2025,09:28,09:35,0,2
6708,3,2802,01/10/2025,09:39,09:46,0,3
6709,3,2265,01/10/2025,09:52,10:07,0,4
6710,3,2063,01/10/2025,10:17,10:28,0,5
6711,3,2140,01/10/2025,10:36,10:50,0,6
6712,3,2020,01/10/2025,11:05,11:13,0,7
6713,3,1979,01/10/2025,11:18,11:29,0,8
6714,3,2258,01/10/2025,11:42,12:11,0,9
6715,3,2038,02/10/2025,09:27,09:57,0,1
6716,3,2299,02/10/2025,10:07,10:29,0,2
6717,3,2271,02/10/2025,10:37,10:47,0,3
6718,3,2318,02/10/2025,10:51,11:09,0,4
6719,3,2235,02/10/2025,11:13,11:35,0,5
6720,3,1922,02/10/2025,11:44,12:07,0,6
6721,3,2210,02/10/2025,12:15,12:31,0,7
6722,3,2085,02/10/2025,12:41,12:53,0,8
6723,3,1984,04/10/2025,09:35,10:05,0,1
6724,3,2024,04/10/2025,10:11,10:21,0,2
6725,3,1993,04/10/2025,10:30,,1,3
6726,3,1891,04/10/2025,10:56,11:19,0,4
6727,3,2813,04/10/2025,11:26,11:50,0,5
6728,3,1964,04/10/2025,12:00,12:15,0,6
6729,3,2268,04/10/2025,12:25,,0,7
6730,3,2214,05/10/2025,09:15,09:22,0,1
6731,3,2302,05/10/2025,09:30,09:49,0,2
6732,3,2074,05/10/2025,09:58,10:15,0,3
6733,3,2017,05/10/2025,10:21,10:37,0,4
6734,3,2159,05/10/2025,10:41,10:54,0,5
6735,3,2214,05/10/2025,10:58,,0,6
6736,3,1955,05/10/2025,11:18,11:35,0,7
6737,3,2195,05/10/2025,11:46,,1,8
6738,3,1996,05/10/2025,12:13,12:36,0,9
6739,3,2318,05/10/2025,12:41,12:51,0,10
6740,3,2230,05/10/2025,12:55,13:11,0,11
6741,3,2301,06/10/2025,09:29,09:48,0,1
6742,3,2229,06/10/2025,09:56,10:09,0,2
6743,3,1945,06/10/2025,10:13,10:20,0,3
6744,3,2151,06/10/2025,10:30,10:57,0,4
6745,3,2314,06/10/2025,11:07,11:22,0,5
6746,3,2014,06/10/2025,11:27,11:45,0,6
6747,3,2191,06/10/2025,11:55,12:22,0,7
6748,3,2300,06/10/2025,12:27,12:54,0,8
6749,3,1902,06/10/2025,12:59,13:10,0,9
6750,3,2072,07/10/2025,09:17,09:24,0,1
6751,3,2136,07/10/2025,09:33,09:40,0,2
6752,3,2238,07/10/2025,09:46,10:00,0,3
6753,3,2018,07/10/2025,10:08,10:23,0,4
6754,3,2259,07/10/2025,10:27,10:54,0,5
6755,3,2245,07/10/2025,11:02,11:15,0,6
6756,3,2299,08/10/2025,09:08,09:29,0,1
6757,3,2162,08/10/2025,09:33,09:46,0,2
6758,3,2287,08/10/2025,09:54,10:16,0,3
6759,3,1926,08/10/2025,10:23,,0,4
6760,3,2208,08/10/2025,10:42,11:04,0,5
6761,3,2146,08/10/2025,11:13,11:26,0,6
6762,3,2120,09/10/2025,09:30,09:48,0,1
6763,3,2229,09/10/2025,09:59,10:16,0,2
6764,3,2815,09/10/2025,10:27,10:34,0,3
6765,3,2161,09/10/2025,10:41,11:00,0,4
6766,3,2207,09/10/2025,11:08,11:26,0,5
6767,3,2317,09/10/2025,11:36,11:58,0,6
6768,3,1903,11/10/2025,09:31,,0,1
6769,3,2006,11/10/2025,09:47,10:01,0,2
6770,3,2211,11/10/2025,10:06,10:24,0,3
6771,3,1992,11/10/2025,10:30,10:37,0,4
6772,3,2269,11/10/2025,10:41,10:48,0,5
6773,3,2216,11/10/2025,11:00,11:17,0,6
6774,3,1984,11/10/2025,11:21,11:41,0,7
6775,3,2121,11/10/2025,11:51,11:58,0,8
6776,3,2333,11/10/2025,12:02,12:09,0,9
6777,3,2204,11/10/2025,12:15,12:36,0,10
6778,3,2268,11/10/2025,12:44,12:58,0,11
6779,3,2013,12/10/2025,09:20,,1,1
6780,3,2012,12/10/2025,09:40,10:05,0,2
6781,3,2125,12/10/2025,10:09,10:21,0,3
6782,3,2299,12/10/2025,10:27,10:51,0,4
6783,3,2003,12/10/2025,10:56,11:17,0,5
6784,3,2234,12/10/2025,11:25,11:44,0,6
6785,3,2038,12/10/2025,11:52,12:15,0,7
6786,3,2250,12/10/2025,12:22,12:48,0,8
6787,3,2105,13/10/2025,09:26,09:44,0,1
6788,3,2280,13/10/2025,09:53,10:18,0,2
6789,3,2096,13/10/2025,10:22,10:50,0,3
6790,3,2148,13/10/2025,10:59,11:06,0,4
6791,3,2069,13/10/2025,11:13,11:32,0,5
6792,3,1919,13/10/2025,11:39,11:54,0,6
6793,3,2116,14/10/2025,09:26,09:39,0,1
6794,3,2076,14/10/2025,09:43,09:58,0,2
6795,3,2062,14/10/2025,10:09,10:17,0,3
6796,3,1895,14/10/2025,10:21,10:34,0,4
6797,3,2083,14/10/2025,10:39,10:46,0,5
6798,3,2162,14/10/2025,10:51,11:10,0,6
6799,3,2222,14/10/2025,11:18,11:37,0,7
6800,3,1926,14/10/2025,11:47,12:06,0,8
6801,3,2292,14/10/2025,12:13,12:48,0,9
6802,3,2169,14/10/2025,12:52,13:04,0,10
6803,3,2100,15/10/2025,09:27,09:44,0,1
6804,3,2044,15/10/2025,09:48,,1,2
6805,3,2318,15/10/2025,10:02,10:17,0,3
6806,3,2057,15/10/2025,10:21,10:43,0,4
6807,3,2027,15/10/2025,10:53,11:11,0,5
6808,3,1895,15/10/2025,11:15,11:25,0,6
6809,3,1908,15/10/2025,11:30,11:58,0,7
6810,3,1961,15/10/2025,12:02,12:21,0,8
6811,3,2166,15/10/2025,12:28,12:41,0,9
6812,3,2216,15/10/2025,12:46,13:12,0,10
6813,3,2182,15/10/2025,13:24,13:40,0,11
6814,3,2092,16/10/2025,09:29,09:46,0,1
6815,3,2276,16/10/2025,09:55,10:05,0,2
6816,3,2024,16/10/2025,10:12,10:29,0,3
6817,3,2201,16/10/2025,10:38,11:07,0,4
6818,3,1988,16/10/2025,11:16,11:37,0,5
6819,3,1927,16/10/2025,11:44,12:10,0,6
6820,3,2265,16/10/2025,12:14,12:33,0,7
6821,3,2030,18/10/2025,09:18,09:30,0,1
6822,3,2308,18/10/2025,09:34,09:53,0,2
6823,3,2305,18/10/2025,10:01,10:08,0,3
6824,3,1954,18/10/2025,10:17,10:30,0,4
6825,3,2815,18/10/2025,10:36,10:48,0,5
6826,3,2154,18/10/2025,10:59,11:20,0,6
6827,3,2052,18/10/2025,11:28,11:49,0,7
6828,3,2115,18/10/2025,11:56,12:12,0,8
6829,3,2211,19/10/2025,09:29,09:42,0,1
6830,3,2043,19/10/2025,09:48,10:05,0,2
6831,3,2268,19/10/2025,10:10,10:28,0,3
6832,3,2129,19/10/2025,10:34,11:00,0,4
6833,3,2034,19/10/2025,11:08,11:32,0,5
6834,3,2104,19/10/2025,11:36,11:51,0,6
6835,3,2333,19/10/2025,11:55,12:16,0,7
6836,3,2085,19/10/2025,12:24,12:33,0,8
6837,3,2076,19/10/2025,12:46,13:19,0,9
6838,3,2094,20/10/2025,09:24,09:45,0,1
6839,3,2297,20/10/2025,09:53,10:03,0,2
6840,3,2167,20/10/2025,10:07,10:22,0,3
6841,3,2004,20/10/2025,10:28,10:38,0,4
6842,3,2027,20/10/2025,10:49,11:04,0,5
6843,3,2315,20/10/2025,11:08,11:24,0,6
6844,3,2019,20/10/2025,11:28,11:38,0,7
6845,3,2176,20/10/2025,11:43,11:57,0,8
6846,3,1991,21/10/2025,09:26,09:47,0,1
6847,3,2321,21/10/2025,09:58,10:19,0,2
6848,3,2284,21/10/2025,10:27,10:38,0,3
6849,3,2112,21/10/2025,10:42,10:59,0,4
6850,3,2264,21/10/2025,11:08,11:27,0,5
6851,3,1903,21/10/2025,11:37,11:46,0,6
6852,3,2338,21/10/2025,11:50,12:01,0,7
6853,3,2231,22/10/2025,09:25,09:44,0,1
6854,3,2060,22/10/2025,09:50,09:57,0,2
6855,3,2255,22/10/2025,10:01,10:20,0,3
6856,3,2191,22/10/2025,10:29,10:36,0,4
6857,3,2127,22/10/2025,10:40,10:55,0,5
6858,3,2801,22/10/2025,10:59,11:10,0,6
6859,3,2173,22/10/2025,11:16,11:23,0,7
6860,3,2263,22/10/2025,11:29,11:36,0,8
6861,3,2070,23/10/2025,09:24,,0,1
6862,3,2219,23/10/2025,09:47,10:10,0,2
6863,3,2040,23/10/2025,10:14,10:30,0,3
6864,3,2318,23/10/2025,10:38,10:45,0,4
6865,3,2219,23/10/2025,10:49,11:05,0,5
6866,3,2281,23/10/2025,11:12,11:28,0,6
6867,3,2013,23/10/2025,11:32,11:43,0,7
6868,3,2336,23/10/2025,11:51,12:10,0,8
6869,3,1910,23/10/2025,12:15,,0,9
6870,3,1894,23/10/2025,12:36,12:47,0,10
6871,3,1971,23/10/2025,12:54,13:07,0,11
6872,3,2130,25/10/2025,09:24,09:49,0,1
6873,3,2081,25/10/2025,09:54,,0,2
6874,3,2073,25/10/2025,10:05,10:30,0,3
6875,3,2296,25/10/2025,10:35,10:55,0,4
6876,3,2272,25/10/2025,11:01,11:23,0,5
6877,3,2234,25/10/2025,11:30,11:41,0,6
6878,3,2805,25/10/2025,11:47,12:02,0,7
6879,3,2086,25/10/2025,12:08,12:23,0,8
6880,3,2230,25/10/2025,12:30,12:48,0,9
6881,3,2025,25/10/2025,12:58,13:15,0,10
6882,3,2802,26/10/2025,09:22,09:38,0,1
6883,3,1906,26/10/2025,09:42,09:55,0,2
6884,3,1949,26/10/2025,09:59,10:08,0,3
6885,3,2311,26/10/2025,10:19,10:31,0,4
6886,3,2006,26/10/2025,10:41,10:52,0,5
6887,3,2306,26/10/2025,10:58,11:28,0,6
6888,3,2097,26/10/2025,11:32,11:47,0,7
6889,3,2273,26/10/2025,11:52,12:04,0,8
6890,3,2073,26/10/2025,12:08,12:21,0,9
6891,3,2285,27/10/2025,09:24,09:31,0,1
6892,3,1938,27/10/2025,09:36,09:56,0,2
6893,3,2136,27/10/2025,10:03,10:16,0,3
6894,3,2255,27/10/2025,10:26,10:47,0,4
6895,3,2291,27/10/2025,10:53,11:09,0,5
6896,3,2269,27/10/2025,11:16,11:37,0,6
6897,3,2031,27/10/2025,11:43,12:08,0,7
6898,3,2080,28/10/2025,09:13,09:29,0,1
6899,3,2150,28/10/2025,09:33,09:54,0,2
6900,3,2017,28/10/2025,10:00,10:12,0,3
6901,3,2065,28/10/2025,10:16,10:39,0,4
6902,3,2083,28/10/2025,10:45,11:01,0,5
6903,3,2083,28/10/2025,11:07,11:16,0,6
6904,3,2046,28/10/2025,11:21,11:32,0,7
6905,3,2112,28/10/2025,11:38,,0,8
6906,3,1894,28/10/2025,12:07,12:31,0,9
6907,3,2301,29/10/2025,09:20,,0,1
6908,3,1998,29/10/2025,09:43,09:53,0,2
6909,3,2012,29/10/2025,09:58,10:17,0,3
6910,3,1955,29/10/2025,10:23,10:30,0,4
6911,3,2202,29/10/2025,10:36,11:00,0,5
6912,3,2148,29/10/2025,11:04,11:22,0,6
6913,3,2162,29/10/2025,11:31,11:53,0,7
6914,3,2244,29/10/2025,11:58,,1,8
6915,3,2149,30/10/2025,09:13,,0,1
6916,3,2159,30/10/2025,09:32,09:39,0,2
6917,3,2271,30/10/2025,09:47,,0,3
6918,3,2128,30/10/2025,10:15,10:34,0,4
6919,3,2239,30/10/2025,10:44,11:11,0,5
6920,3,2281,30/10/2025,11:23,11:34,0,6
6921,3,2192,30/10/2025,11:41,11:50,0,7
6922,3,2116,30/10/2025,11:56,12:03,0,8
6923,3,2277,30/10/2025,12:10,12:26,0,9
6924,3,1988,30/10/2025,12:38,13:03,0,10
6925,3,2286,30/10/2025,13:07,13:34,0,11
6926,3,2022,01/11/2025,09:23,09:35,0,1
6927,3,2223,01/11/2025,09:39,09:47,0,2
6928,3,1974,01/11/2025,09:54,10:01,0,3
6929,3,1936,01/11/2025,10:09,10:16,0,4
6930,3,2248,01/11/2025,10:23,10:31,0,5
6931,3,1961,01/11/2025,10:39,10:51,0,6
6932,3,2315,01/11/2025,10:59,11:21,0,7
6933,3,2322,01/11/2025,11:26,11:49,0,8
6934,3,2013,01/11/2025,11:53,12:10,0,9
6935,3,2123,02/11/2025,09:12,09:29,0,1
6936,3,2120,02/11/2025,09:35,09:48,0,2
6937,3,2205,02/11/2025,09:56,10:18,0,3
6938,3,2045,02/11/2025,10:22,10:46,0,4
6939,3,1985,02/11/2025,10:57,11:25,0,5
6940,3,2011,02/11/2025,11:33,11:49,0,6
6941,3,1921,02/11/2025,11:53,12:20,0,7
6942,3,2804,02/11/2025,12:24,12:47,0,8
6943,3,2061,03/11/2025,09:29,,0,1
6944,3,2147,03/11/2025,09:51,09:58,0,2
6945,3,2299,03/11/2025,10:08,10:22,0,3
6946,3,2037,03/11/2025,10:32,10:49,0,4
6947,3,2327,03/11/2025,10:53,11:03,0,5
6948,3,2338,03/11/2025,11:09,11:16,0,6
6949,3,2319,04/11/2025,09:27,09:54,0,1
6950,3,2016,04/11/2025,10:04,10:31,0,2
6951,3,2271,04/11/2025,10:37,10:51,0,3
6952,3,1919,04/11/2025,10:56,11:18,0,4
6953,3,1897,04/11/2025,11:30,11:41,0,5
6954,3,2129,04/11/2025,11:45,11:57,0,6
6955,3,2140,04/11/2025,12:01,12:10,0,7
6956,3,2819,05/11/2025,09:25,09:37,0,1
6957,3,2169,05/11/2025,09:49,10:01,0,2
6958,3,2001,05/11/2025,10:11,10:18,0,3
6959,3,1952,05/11/2025,10:24,10:43,0,4
6960,3,2033,05/11/2025,10:47,11:01,0,5
6961,3,2016,05/11/2025,11:07,11:28,0,6
6962,3,1910,05/11/2025,11:38,11:45,0,7
6963,3,1909,06/11/2025,09:23,09:45,0,1
6964,3,2320,06/11/2025,09:51,10:02,0,2
6965,3,2171,06/11/2025,10:10,10:33,0,3
6966,3,2287,06/11/2025,10:42,11:04,0,4
6967,3,2121,06/11/2025,11:13,11:20,0,5
6968,3,2225,06/11/2025,11:24,11:42,0,6
6969,3,1914,06/11/2025,11:52,12:17,0,7
6970,3,2326,06/11/2025,12:21,12:32,0,8
6971,3,2283,06/11/2025,12:36,12:54,0,9
6972,3,1945,06/11/2025,13:05,13:15,0,10
6973,3,2098,06/11/2025,13:21,13:47,0,11
6974,3,1945,08/11/2025,09:17,09:28,0,1
6975,3,2199,08/11/2025,09:36,09:50,0,2
6976,3,2186,08/11/2025,10:02,10:17,0,3
6977,3,1961,08/11/2025,10:24,,0,4
6978,3,2168,08/11/2025,10:48,11:07,0,5
6979,3,2098,08/11/2025,11:11,11:21,0,6
6980,3,2084,08/11/2025,11:27,11:47,0,7
6981,3,1921,08/11/2025,11:58,12:22,0,8
6982,3,2056,08/11/2025,12:31,12:44,0,9
6983,3,2003,09/11/2025,09:19,09:37,0,1
6984,3,2248,09/11/2025,09:41,09:54,0,2
6985,3,2298,09/11/2025,10:03,10:18,0,3
6986,3,2016,09/11/2025,10:26,10:38,0,4
6987,3,2100,09/11/2025,10:47,11:10,0,5
6988,3,2182,09/11/2025,11:16,11:40,0,6
6989,3,2290,09/11/2025,11:49,12:02,0,7
6990,3,2074,09/11/2025,12:07,12:23,0,8
6991,3,1956,09/11/2025,12:29,12:49,0,9
6992,3,2003,10/11/2025,09:35,,0,1
6993,3,2091,10/11/2025,09:53,10:10,0,2
6994,3,2145,10/11/2025,10:18,10:31,0,3
6995,3,2277,10/11/2025,10:38,10:59,0,4
6996,3,2265,10/11/2025,11:10,11:23,0,5
6997,3,2082,10/11/2025,11:29,,0,6
6998,3,2256,10/11/2025,11:40,11:59,0,7
6999,3,2264,10/11/2025,12:07,12:24,0,8
7000,3,1935,10/11/2025,12:28,12:50,0,9
7001,3,2058,10/11/2025,12:54,13:18,0,10
7002,3,2182,10/11/2025,13:25,13:48,0,11
7003,3,2052,11/11/2025,09:18,09:40,0,1
7004,3,1942,11/11/2025,09:48,10:02,0,2
7005,3,2339,11/11/2025,10:10,10:23,0,3
7006,3,2092,11/11/2025,10:30,10:52,0,4
7007,3,2006,11/11/2025,10:56,11:03,0,5
7008,3,2181,11/11/2025,11:11,11:31,0,6
7009,3,2199,11/11/2025,11:42,11:56,0,7
7010,3,2259,12/11/2025,09:26,09:53,0,1
7011,3,1962,12/11/2025,09:58,10:16,0,2
7012,3,2096,12/11/2025,10:21,10:35,0,3
7013,3,2273,12/11/2025,10:42,11:03,0,4
7014,3,2153,12/11/2025,11:09,11:17,0,5
7015,3,1998,12/11/2025,11:27,11:34,0,6
7016,3,1961,12/11/2025,11:41,11:48,0,7
7017,3,2211,12/11/2025,12:04,12:23,0,8
7018,3,1977,13/11/2025,09:22,09:43,0,1
7019,3,2073,13/11/2025,09:52,10:08,0,2
7020,3,2276,13/11/2025,10:12,10:22,0,3
7021,3,1907,13/11/2025,10:30,,0,4
7022,3,2332,13/11/2025,11:01,11:14,0,5
7023,3,2098,13/11/2025,11:25,11:42,0,6
7024,3,1938,13/11/2025,11:46,12:03,0,7
7025,3,1959,13/11/2025,12:07,12:25,0,8
7026,3,2320,13/11/2025,12:29,12:45,0,9
7027,3,2098,13/11/2025,12:49,13:07,0,10
7028,3,1897,15/11/2025,09:26,09:44,0,1
7029,3,2046,15/11/2025,09:52,10:18,0,2
7030,3,2052,15/11/2025,10:28,10:48,0,3
7031,3,2271,15/11/2025,10:54,11:06,0,4
7032,3,2175,15/11/2025,11:18,11:33,0,5
7033,3,2227,15/11/2025,11:37,11:48,0,6
7034,3,2200,15/11/2025,11:56,12:09,0,7
7035,3,1961,15/11/2025,12:17,12:31,0,8
7036,3,1895,15/11/2025,12:40,12:47,0,9
7037,3,1989,15/11/2025,12:51,13:09,0,10
7038,3,1954,15/11/2025,13:16,13:29,0,11
7039,3,2289,16/11/2025,09:36,09:55,0,1
7040,3,2125,16/11/2025,10:05,10:20,0,2
7041,3,2238,16/11/2025,10:29,10:44,0,3
7042,3,2280,16/11/2025,10:50,11:13,0,4
7043,3,2088,16/11/2025,11:20,11:32,0,5
7044,3,1955,16/11/2025,11:41,11:54,0,6
7045,3,2099,16/11/2025,12:00,12:16,0,7
7046,3,2135,16/11/2025,12:26,12:44,0,8
7047,3,2236,16/11/2025,12:50,13:07,0,9
7048,3,2243,16/11/2025,13:13,13:33,0,10
7049,3,2270,16/11/2025,13:39,13:55,0,11
7050,3,2099,17/11/2025,09:24,,1,1
7051,3,2284,17/11/2025,09:46,10:02,0,2
7052,3,2278,17/11/2025,10:17,10:32,0,3
7053,3,1945,17/11/2025,10:39,10:54,0,4
7054,3,1933,17/11/2025,10:58,11:12,0,5
7055,3,1985,17/11/2025,11:22,11:48,0,6
7056,3,1951,17/11/2025,11:56,12:09,0,7
7057,3,2249,17/11/2025,12:18,12:38,0,8
7058,3,1984,17/11/2025,12:46,13:04,0,9
7059,3,2171,17/11/2025,13:11,13:49,0,10
7060,3,1904,17/11/2025,13:53,14:00,0,11
7061,3,1997,18/11/2025,09:30,09:42,0,1
7062,3,2195,18/11/2025,09:57,10:22,0,2
7063,3,1895,18/11/2025,10:30,10:49,0,3
7064,3,2097,18/11/2025,10:55,11:07,0,4
7065,3,1890,18/11/2025,11:11,11:21,0,5
7066,3,2137,18/11/2025,11:25,11:41,0,6
7067,3,1952,19/11/2025,09:21,09:28,0,1
7068,3,2161,19/11/2025,09:35,09:51,0,2
7069,3,2040,19/11/2025,09:57,10:16,0,3
7070,3,2237,19/11/2025,10:21,10:57,0,4
7071,3,1965,19/11/2025,11:06,11:28,0,5
7072,3,2179,19/11/2025,11:32,11:42,0,6
7073,3,2001,19/11/2025,11:46,11:58,0,7
7074,3,2192,19/11/2025,12:04,12:27,0,8
7075,3,1989,19/11/2025,12:31,12:41,0,9
7076,3,2310,19/11/2025,12:50,12:57,0,10
7077,3,2802,19/11/2025,13:03,13:15,0,11
7078,3,1994,20/11/2025,09:21,09:35,0,1
7079,3,2104,20/11/2025,09:39,10:02,0,2
7080,3,2018,20/11/2025,10:13,10:23,0,3
7081,3,2202,20/11/2025,10:34,10:52,0,4
7082,3,2063,20/11/2025,10:59,11:22,0,5
7083,3,2182,20/11/2025,11:28,11:52,0,6
7084,3,2072,20/11/2025,12:02,12:11,0,7
7085,3,1987,20/11/2025,12:20,12:42,0,8
7086,3,2107,20/11/2025,12:47,13:05,0,9
7087,3,2333,22/11/2025,09:09,09:32,0,1
7088,3,2310,22/11/2025,09:39,09:51,0,2
7089,3,2264,22/11/2025,09:58,10:16,0,3
7090,3,2186,22/11/2025,10:24,10:41,0,4
7091,3,1985,22/11/2025,10:45,11:07,0,5
7092,3,2304,22/11/2025,11:12,11:19,0,6
7093,3,2272,22/11/2025,11:23,11:45,0,7
7094,3,2228,23/11/2025,09:15,09:35,0,1
7095,3,2027,23/11/2025,09:41,09:54,0,2
7096,3,2195,23/11/2025,09:59,10:20,0,3
7097,3,2310,23/11/2025,10:26,,0,4
7098,3,2061,23/11/2025,10:49,10:56,0,5
7099,3,1927,23/11/2025,11:04,11:34,0,6
7100,3,2020,23/11/2025,11:45,11:54,0,7
7101,3,2166,24/11/2025,09:08,09:18,0,1
7102,3,1927,24/11/2025,09:23,09:42,0,2
7103,3,2257,24/11/2025,09:50,09:59,0,3
7104,3,2042,24/11/2025,10:03,10:12,0,4
7105,3,1978,24/11/2025,10:25,10:45,0,5
7106,3,2306,24/11/2025,10:53,11:09,0,6
7107,3,2049,24/11/2025,11:15,11:27,0,7
7108,3,2297,24/11/2025,11:34,12:02,0,8
7109,3,2125,25/11/2025,09:11,,0,1
7110,3,2273,25/11/2025,09:39,09:46,0,2
7111,3,2209,25/11/2025,09:56,10:16,0,3
7112,3,2169,25/11/2025,10:22,10:40,0,4
7113,3,2162,25/11/2025,10:46,10:55,0,5
7114,3,1895,25/11/2025,11:04,11:18,0,6
7115,3,2047,25/11/2025,11:22,11:34,0,7
7116,3,1946,26/11/2025,09:17,09:33,0,1
7117,3,1916,26/11/2025,09:41,09:53,0,2
7118,3,2139,26/11/2025,09:59,10:16,0,3
7119,3,2247,26/11/2025,10:23,10:52,0,4
7120,3,1894,26/11/2025,10:57,11:10,0,5
7121,3,1903,26/11/2025,11:18,11:32,0,6
7122,3,1936,26/11/2025,11:42,11:57,0,7
7123,3,2012,26/11/2025,12:03,12:14,0,8
7124,3,2079,27/11/2025,09:21,09:38,0,1
7125,3,2204,27/11/2025,09:47,09:56,0,2
7126,3,2051,27/11/2025,10:00,10:13,0,3
7127,3,1986,27/11/2025,10:20,10:46,0,4
7128,3,1910,27/11/2025,10:52,11:00,0,5
7129,3,2231,27/11/2025,11:09,11:26,0,6
7130,3,2086,29/11/2025,09:23,09:37,0,1
7131,3,2291,29/11/2025,09:46,09:58,0,2
7132,3,2213,29/11/2025,10:05,10:13,0,3
7133,3,2045,29/11/2025,10:23,10:32,0,4
7134,3,2082,29/11/2025,10:40,10:55,0,5
7135,3,1944,29/11/2025,10:59,11:20,0,6
7136,3,1959,29/11/2025,11:24,,0,7
7137,3,2250,29/11/2025,11:55,12:13,0,8
7138,3,2017,29/11/2025,12:23,12:38,0,9
7139,3,2057,29/11/2025,12:42,12:56,0,10
7140,3,2085,30/11/2025,09:28,09:46,0,1
7141,3,2129,30/11/2025,09:53,10:05,0,2
7142,3,2178,30/11/2025,10:14,10:30,0,3
7143,3,2049,30/11/2025,10:37,10:54,0,4
7144,3,2089,30/11/2025,11:00,11:19,0,5
7145,3,2216,30/11/2025,11:26,11:33,0,6
7146,3,2215,01/12/2025,09:13,09:29,0,1
7147,3,2229,01/12/2025,09:33,09:50,0,2
7148,3,1933,01/12/2025,09:57,10:17,0,3
7149,3,2177,01/12/2025,10:25,10:47,0,4
7150,3,1995,01/12/2025,10:51,11:03,0,5
7151,3,1936,01/12/2025,11:07,11:21,0,6
7152,3,2802,01/12/2025,11:25,11:33,0,7
7153,3,2249,01/12/2025,11:41,11:57,0,8
7154,3,1985,01/12/2025,12:08,,0,9
7155,3,2238,02/12/2025,09:23,09:34,0,1
7156,3,2034,02/12/2025,09:43,10:06,0,2
7157,3,2162,02/12/2025,10:10,10:35,0,3
7158,3,2060,02/12/2025,10:42,,0,4
7159,3,1999,02/12/2025,11:11,11:23,0,5
7160,3,2815,02/12/2025,11:27,,1,6
7161,3,2208,02/12/2025,11:55,12:17,0,7
7162,3,2238,02/12/2025,12:24,12:41,0,8
7163,3,2042,02/12/2025,12:49,13:00,0,9
7164,3,2090,02/12/2025,13:04,13:17,0,10
7165,3,1991,02/12/2025,13:23,13:49,0,11
7166,3,2330,03/12/2025,09:25,09:42,0,1
7167,3,2802,03/12/2025,09:53,10:11,0,2
7168,3,2813,03/12/2025,10:15,10:33,0,3
7169,3,2225,03/12/2025,10:37,11:06,0,4
7170,3,2217,03/12/2025,11:17,11:33,0,5
7171,3,2186,03/12/2025,11:43,12:05,0,6
7172,3,2204,04/12/2025,09:13,09:20,0,1
7173,3,2276,04/12/2025,09:26,09:43,0,2
7174,3,2061,04/12/2025,09:52,09:59,0,3
7175,3,2244,04/12/2025,10:03,10:19,0,4
7176,3,2111,04/12/2025,10:29,,0,5
7177,3,2148,04/12/2025,10:46,10:53,0,6
7178,3,2235,06/12/2025,09:28,09:43,0,1
7179,3,2293,06/12/2025,09:49,10:05,0,2
7180,3,2262,06/12/2025,10:09,10:18,0,3
7181,3,1987,06/12/2025,10:22,10:41,0,4
7182,3,1939,06/12/2025,10:47,11:03,0,5
7183,3,2253,06/12/2025,11:07,11:14,0,6
7184,3,2022,06/12/2025,11:22,11:33,0,7
7185,3,1923,06/12/2025,11:39,12:04,0,8
7186,3,2061,06/12/2025,12:08,12:15,0,9
7187,3,2129,07/12/2025,09:11,09:32,0,1
7188,3,2066,07/12/2025,09:42,09:53,0,2
7189,3,1955,07/12/2025,09:58,10:08,0,3
7190,3,2280,07/12/2025,10:18,10:34,0,4
7191,3,1997,07/12/2025,10:40,11:03,0,5
7192,3,2104,07/12/2025,11:07,11:23,0,6
7193,3,2205,08/12/2025,09:10,09:28,0,1
7194,3,2322,08/12/2025,09:43,10:04,0,2
7195,3,2212,08/12/2025,10:14,10:35,0,3
7196,3,2121,08/12/2025,10:48,10:57,0,4
7197,3,1954,08/12/2025,11:04,11:21,0,5
7198,3,1984,08/12/2025,11:29,11:49,0,6
7199,3,1939,08/12/2025,11:55,12:08,0,7
7200,3,1903,09/12/2025,09:32,09:39,0,1
7201,3,2181,09/12/2025,09:44,10:00,0,2
7202,3,2139,09/12/2025,10:06,10:25,0,3
7203,3,2210,09/12/2025,10:34,10:41,0,4
7204,3,1943,09/12/2025,10:45,,0,5
7205,3,2044,09/12/2025,11:06,11:18,0,6
7206,3,2181,09/12/2025,11:22,11:34,0,7
7207,3,2042,09/12/2025,11:41,11:54,0,8
7208,3,2293,10/12/2025,09:31,09:42,0,1
7209,3,2045,10/12/2025,09:46,10:04,0,2
7210,3,1914,10/12/2025,10:09,10:40,0,3
7211,3,2055,10/12/2025,10:44,,0,4
7212,3,2300,10/12/2025,11:11,,0,5
7213,3,2009,10/12/2025,11:32,12:04,0,6
7214,3,2132,10/12/2025,12:08,12:38,0,7
7215,3,2199,10/12/2025,12:48,12:57,0,8
7216,3,2200,10/12/2025,13:05,13:15,0,9
7217,3,2293,10/12/2025,13:19,13:34,0,10
7218,3,1980,10/12/2025,13:44,14:04,0,11
7219,3,1992,11/12/2025,09:29,,1,1
7220,3,1966,11/12/2025,09:40,09:53,0,2
7221,3,2288,11/12/2025,10:02,10:17,0,3
7222,3,2237,11/12/2025,10:22,10:43,0,4
7223,3,2019,11/12/2025,10:49,,0,5
7224,3,2090,11/12/2025,11:02,11:18,0,6
7225,3,2268,11/12/2025,11:22,11:29,0,7
7226,3,2296,13/12/2025,09:15,09:32,0,1
7227,3,2133,13/12/2025,09:40,09:57,0,2
7228,3,1999,13/12/2025,10:02,10:15,0,3
7229,3,1952,13/12/2025,10:20,10:33,0,4
7230,3,1955,13/12/2025,10:41,10:51,0,5
7231,3,2244,13/12/2025,10:59,11:17,0,6
7232,3,1939,13/12/2025,11:26,11:53,0,7
7233,3,2258,13/12/2025,12:03,12:30,0,8
7234,3,2104,13/12/2025,12:38,12:46,0,9
7235,3,2071,13/12/2025,12:54,13:01,0,10
7236,3,2159,14/12/2025,09:11,09:26,0,1
7237,3,1976,14/12/2025,09:33,09:46,0,2
7238,3,2035,14/12/2025,09:55,10:02,0,3
7239,3,2819,14/12/2025,10:11,,1,4
7240,3,2253,14/12/2025,10:32,10:57,0,5
7241,3,2051,14/12/2025,11:10,11:26,0,6
7242,3,2088,14/12/2025,11:31,11:40,0,7
7243,3,1912,14/12/2025,11:47,12:03,0,8
7244,3,1949,14/12/2025,12:12,12:26,0,9
7245,3,2052,15/12/2025,09:31,09:44,0,1
7246,3,2070,15/12/2025,09:49,10:03,0,2
7247,3,1961,15/12/2025,10:14,10:24,0,3
7248,3,2308,15/12/2025,10:32,10:51,0,4
7249,3,2219,15/12/2025,10:55,11:16,0,5
7250,3,2170,15/12/2025,11:24,11:38,0,6
7251,3,2228,15/12/2025,11:47,11:58,0,7
7252,3,2264,15/12/2025,12:04,12:25,0,8
7253,3,2281,15/12/2025,12:29,12:36,0,9
7254,3,2008,15/12/2025,12:41,12:48,0,10
7255,3,2045,16/12/2025,09:27,09:44,0,1
7256,3,1944,16/12/2025,09:52,10:06,0,2
7257,3,1963,16/12/2025,10:11,10:23,0,3
7258,3,1895,16/12/2025,10:30,10:43,0,4
7259,3,2263,16/12/2025,10:53,11:12,0,5
7260,3,2290,16/12/2025,11:23,11:46,0,6
7261,3,2051,17/12/2025,09:23,09:30,0,1
7262,3,2160,17/12/2025,09:34,09:43,0,2
7263,3,2324,17/12/2025,09:48,09:55,0,3
7264,3,1980,17/12/2025,10:05,10:32,0,4
7265,3,2315,17/12/2025,10:39,10:46,0,5
7266,3,2299,17/12/2025,10:53,11:08,0,6
7267,3,2085,17/12/2025,11:12,11:31,0,7
7268,3,1940,17/12/2025,11:36,11:56,0,8
7269,3,1909,17/12/2025,12:02,12:18,0,9
7270,3,1998,18/12/2025,09:26,09:36,0,1
7271,3,2109,18/12/2025,09:40,10:00,0,2
7272,3,1901,18/12/2025,10:04,10:30,0,3
7273,3,1986,18/12/2025,10:35,10:42,0,4
7274,3,1959,18/12/2025,10:47,11:14,0,5
7275,3,2085,18/12/2025,11:20,11:41,0,6
7276,3,2025,18/12/2025,11:45,12:05,0,7
7277,3,2012,18/12/2025,12:15,12:38,0,8
7278,3,2056,20/12/2025,09:30,09:38,0,1
7279,3,2033,20/12/2025,09:45,10:01,0,2
7280,3,2167,20/12/2025,10:06,10:29,0,3
7281,3,2136,20/12/2025,10:35,10:52,0,4
7282,3,2310,20/12/2025,11:02,11:10,0,5
7283,3,2046,20/12/2025,11:16,11:41,0,6
7284,3,2267,20/12/2025,11:50,12:14,0,7
7285,3,2050,20/12/2025,12:22,,0,8
7286,3,1896,20/12/2025,12:51,13:14,0,9
7287,3,1969,20/12/2025,13:24,13:45,0,10
7288,3,2315,21/12/2025,09:12,09:21,0,1
7289,3,2212,21/12/2025,09:29,09:49,0,2
7290,3,2320,21/12/2025,09:53,10:10,0,3
7291,3,2269,21/12/2025,10:17,10:24,0,4
7292,3,2331,21/12/2025,10:36,11:00,0,5
7293,3,2021,21/12/2025,11:10,11:36,0,6
7294,3,2072,21/12/2025,11:40,11:53,0,7
7295,3,2153,21/12/2025,12:01,12:11,0,8
7296,3,2168,22/12/2025,09:18,09:36,0,1
7297,3,1907,22/12/2025,09:42,09:59,0,2
7298,3,2106,22/12/2025,10:05,10:16,0,3
7299,3,2035,22/12/2025,10:20,10:33,0,4
7300,3,2076,22/12/2025,10:43,11:07,0,5
7301,3,1952,22/12/2025,11:16,11:27,0,6
7302,3,1944,22/12/2025,11:31,11:57,0,7
7303,3,2819,22/12/2025,12:02,,0,8
7304,3,2321,22/12/2025,12:29,12:42,0,9
7305,3,1927,22/12/2025,12:50,13:12,0,10
7306,3,2121,23/12/2025,09:15,09:22,0,1
7307,3,2308,23/12/2025,09:29,09:43,0,2
7308,3,1974,23/12/2025,09:50,09:57,0,3
7309,3,2313,23/12/2025,10:04,10:18,0,4
7310,3,1935,23/12/2025,10:22,10:57,0,5
7311,3,2239,23/12/2025,11:06,11:33,0,6
7312,3,2304,23/12/2025,11:37,11:55,0,7
7313,3,1989,24/12/2025,09:22,09:43,0,1
7314,3,2147,24/12/2025,09:51,10:02,0,2
7315,3,2098,24/12/2025,10:12,10:26,0,3
7316,3,2028,24/12/2025,10:30,10:50,0,4
7317,3,2045,24/12/2025,10:54,11:19,0,5
7318,3,2043,24/12/2025,11:24,11:39,0,6
7319,3,2325,24/12/2025,11:45,11:52,0,7
7320,3,2100,25/12/2025,09:31,09:54,0,1
7321,3,1933,25/12/2025,10:01,10:21,0,2
7322,3,2059,25/12/2025,10:29,10:39,0,3
7323,3,2033,25/12/2025,10:45,10:56,0,4
7324,3,1935,25/12/2025,11:05,11:23,0,5
7325,3,2146,25/12/2025,11:27,,0,6
7326,3,2115,25/12/2025,11:39,12:04,0,7
7327,3,2303,27/12/2025,09:32,09:50,0,1
7328,3,1971,27/12/2025,09:56,10:20,0,2
7329,3,2237,27/12/2025,10:27,10:36,0,3
7330,3,2310,27/12/2025,10:42,10:55,0,4
7331,3,1890,27/12/2025,11:04,11:19,0,5
7332,3,1996,27/12/2025,11:29,11:42,0,6
7333,3,2249,27/12/2025,11:46,12:11,0,7
7334,3,2222,27/12/2025,12:19,12:32,0,8
7335,3,2045,27/12/2025,12:38,13:01,0,9
7336,3,1949,28/12/2025,09:33,09:40,0,1
7337,3,1897,28/12/2025,09:49,,0,2
7338,3,2139,28/12/2025,10:00,,0,3
7339,3,2231,28/12/2025,10:16,10:28,0,4
7340,3,2139,28/12/2025,10:35,10:47,0,5
7341,3,2258,28/12/2025,10:54,11:26,0,6
7342,3,2185,28/12/2025,11:34,11:55,0,7
7343,3,2244,28/12/2025,12:00,12:12,0,8
7344,3,1903,28/12/2025,12:16,12:26,0,9
7345,3,2001,28/12/2025,12:30,12:42,0,10
7346,3,1959,28/12/2025,12:49,13:04,0,11
7347,3,2291,29/12/2025,09:29,09:50,0,1
7348,3,2168,29/12/2025,09:55,10:03,0,2
7349,3,2098,29/12/2025,10:10,10:30,0,3
7350,3,1907,29/12/2025,10:35,10:45,0,4
7351,3,2209,29/12/2025,10:52,11:02,0,5
7352,3,2170,29/12/2025,11:12,11:34,0,6
7353,3,2008,29/12/2025,11:44,11:51,0,7
7354,3,2259,29/12/2025,12:03,12:23,0,8
7355,3,2081,30/12/2025,09:28,09:45,0,1
7356,3,2102,30/12/2025,09:50,10:05,0,2
7357,3,1992,30/12/2025,10:12,10:23,0,3
7358,3,2116,30/12/2025,10:28,10:35,0,4
7359,3,2069,30/12/2025,10:42,11:01,0,5
7360,3,2241,30/12/2025,11:09,11:31,0,6
7361,3,1922,30/12/2025,11:35,11:49,0,7
7362,3,1939,31/12/2025,09:14,09:38,0,1
7363,3,2317,31/12/2025,09:45,10:03,0,2
7364,3,2192,31/12/2025,10:10,10:32,0,3
7365,3,2041,31/12/2025,10:42,,0,4
7366,3,2177,31/12/2025,11:02,11:13,0,5
7367,3,1947,31/12/2025,11:19,11:27,0,6
7368,3,1920,31/12/2025,11:33,11:58,0,7
7369,3,2091,31/12/2025,12:03,12:21,0,8
7370,3,2151,31/12/2025,12:31,12:55,0,9
7371,3,1939,31/12/2025,13:04,13:14,0,10
7372,3,2084,01/01/2026,09:30,09:50,0,1
7373,3,2228,01/01/2026,09:59,10:20,0,2
7374,3,2184,01/01/2026,10:27,10:46,0,3
7375,3,2315,01/01/2026,10:53,11:02,0,4
7376,3,1933,01/01/2026,11:08,11:23,0,5
7377,3,2230,01/01/2026,11:27,11:59,0,6
7378,3,1935,01/01/2026,12:08,12:34,0,7
7379,3,2160,01/01/2026,12:42,12:59,0,8
7380,3,2147,01/01/2026,13:10,13:27,0,9
7381,3,2052,03/01/2026,09:25,09:46,0,1
7382,3,2289,03/01/2026,09:56,10:22,0,2
7383,3,2239,03/01/2026,10:28,10:46,0,3
7384,3,2330,03/01/2026,10:52,11:14,0,4
7385,3,2183,03/01/2026,11:18,11:35,0,5
7386,3,2304,03/01/2026,11:40,,1,6
7387,3,1980,04/01/2026,09:28,09:41,0,1
7388,3,2066,04/01/2026,09:51,10:06,0,2
7389,3,2153,04/01/2026,10:16,10:25,0,3
7390,3,2196,04/01/2026,10:32,10:47,0,4
7391,3,1941,04/01/2026,10:53,11:22,0,5
7392,3,2301,04/01/2026,11:29,11:40,0,6
7393,3,2123,04/01/2026,11:45,12:04,0,7
7394,3,2313,04/01/2026,12:10,,0,8
7395,3,2114,05/01/2026,09:18,09:33,0,1
7396,3,2085,05/01/2026,09:43,09:59,0,2
7397,3,2183,05/01/2026,10:07,10:36,0,3
7398,3,2139,05/01/2026,10:45,11:00,0,4
7399,3,1907,05/01/2026,11:07,,0,5
7400,3,2163,05/01/2026,11:36,11:53,0,6
7401,3,2076,05/01/2026,12:02,12:24,0,7
7402,3,2045,06/01/2026,09:19,09:35,0,1
7403,3,2101,06/01/2026,09:47,10:12,0,2
7404,3,2205,06/01/2026,10:18,10:47,0,3
7405,3,2101,06/01/2026,10:51,11:07,0,4
7406,3,1915,06/01/2026,11:16,11:23,0,5
7407,3,1994,06/01/2026,11:27,,0,6
7408,3,2160,06/01/2026,11:53,12:15,0,7
7409,3,2255,06/01/2026,12:19,12:36,0,8
7410,3,2082,06/01/2026,12:44,12:51,0,9
7411,3,1972,06/01/2026,12:56,13:03,0,10
7412,3,2160,06/01/2026,13:07,13:23,0,11
7413,3,2269,07/01/2026,09:11,09:25,0,1
7414,3,2017,07/01/2026,09:30,09:50,0,2
7415,3,1932,07/01/2026,09:57,10:22,0,3
7416,3,2200,07/01/2026,10:31,10:47,0,4
7417,3,2212,07/01/2026,10:51,11:03,0,5
7418,3,2144,07/01/2026,11:12,11:19,0,6
7419,3,2169,07/01/2026,11:23,11:31,0,7
7420,3,2298,07/01/2026,11:43,11:50,0,8
7421,3,1995,07/01/2026,11:55,,0,9
7422,3,2288,08/01/2026,09:35,10:04,0,1
7423,3,2157,08/01/2026,10:09,10:34,0,2
7424,3,1901,08/01/2026,10:49,11:02,0,3
7425,3,2107,08/01/2026,11:12,11:38,0,4
7426,3,2014,08/01/2026,11:46,12:10,0,5
7427,3,2093,08/01/2026,12:14,12:21,0,6
7428,3,2076,08/01/2026,12:26,12:47,0,7
7429,3,2024,08/01/2026,12:51,13:01,0,8
7430,3,2192,08/01/2026,13:15,13:33,0,9
7431,3,2213,10/01/2026,09:19,09:29,0,1
7432,3,2302,10/01/2026,09:39,10:10,0,2
7433,3,2115,10/01/2026,10:15,10:35,0,3
7434,3,2322,10/01/2026,10:39,10:56,0,4
7435,3,2114,10/01/2026,11:04,11:27,0,5
7436,3,2181,10/01/2026,11:32,11:40,0,6
7437,3,2173,10/01/2026,11:50,12:06,0,7
7438,3,2160,10/01/2026,12:18,,0,8
7439,3,2150,10/01/2026,12:31,12:47,0,9
7440,3,2297,10/01/2026,12:56,13:03,0,10
7441,3,2282,11/01/2026,09:26,09:38,0,1
7442,3,2313,11/01/2026,09:43,09:58,0,2
7443,3,2250,11/01/2026,10:02,10:25,0,3
7444,3,2109,11/01/2026,10:30,10:54,0,4
7445,3,1952,11/01/2026,10:58,11:14,0,5
7446,3,2318,11/01/2026,11:23,11:44,0,6
7447,3,2184,11/01/2026,11:54,12:16,0,7
7448,3,1977,11/01/2026,12:20,12:41,0,8
7449,3,1949,11/01/2026,12:45,12:52,0,9
7450,3,2080,11/01/2026,12:58,13:17,0,10
7451,3,2230,11/01/2026,13:25,13:38,0,11
7452,3,1912,12/01/2026,09:34,09:56,0,1
7453,3,2801,12/01/2026,10:06,10:15,0,2
7454,3,2272,12/01/2026,10:23,10:49,0,3
7455,3,2189,12/01/2026,10:55,11:18,0,4
7456,3,2130,12/01/2026,11:22,11:37,0,5
7457,3,1978,12/01/2026,11:44,11:57,0,6
7458,3,2329,12/01/2026,12:03,12:22,0,7
7459,3,1958,13/01/2026,09:20,09:38,0,1
7460,3,1894,13/01/2026,09:49,10:14,0,2
7461,3,2013,13/01/2026,10:18,10:25,0,3
7462,3,2147,13/01/2026,10:32,10:42,0,4
7463,3,2060,13/01/2026,10:50,11:07,0,5
7464,3,2265,13/01/2026,11:14,11:21,0,6
7465,3,2114,13/01/2026,11:25,11:43,0,7
7466,3,1897,13/01/2026,11:49,12:05,0,8
7467,3,1989,13/01/2026,12:12,12:24,0,9
7468,3,1968,13/01/2026,12:30,12:39,0,10
7469,3,2179,13/01/2026,12:47,12:55,0,11
7470,3,1890,14/01/2026,09:34,09:53,0,1
7471,3,2278,14/01/2026,09:59,10:07,0,2
7472,3,2079,14/01/2026,10:11,10:20,0,3
7473,3,2289,14/01/2026,10:27,10:39,0,4
7474,3,2267,14/01/2026,10:43,10:58,0,5
7475,3,2146,14/01/2026,11:08,11:26,0,6
7476,3,2258,14/01/2026,11:37,11:59,0,7
7477,3,2151,14/01/2026,12:03,12:29,0,8
7478,3,1950,14/01/2026,12:36,13:02,0,9
7479,3,2290,15/01/2026,09:11,09:29,0,1
7480,3,1952,15/01/2026,09:36,09:46,0,2
7481,3,2337,15/01/2026,09:51,10:13,0,3
7482,3,2086,15/01/2026,10:17,10:30,0,4
7483,3,1903,15/01/2026,10:34,10:51,0,5
7484,3,2206,15/01/2026,10:59,11:13,0,6
7485,3,2174,15/01/2026,11:22,11:36,0,7
7486,3,1994,15/01/2026,11:47,12:02,0,8
7487,3,2335,15/01/2026,12:11,12:32,0,9
7488,3,2335,17/01/2026,09:31,09:43,0,1
7489,3,1901,17/01/2026,09:48,10:01,0,2
7490,3,1910,17/01/2026,10:05,10:15,0,3
7491,3,1952,17/01/2026,10:24,10:43,0,4
7492,3,2206,17/01/2026,10:48,11:17,0,5
7493,3,1911,17/01/2026,11:23,11:30,0,6
7494,3,2316,17/01/2026,11:35,11:44,0,7
7495,3,2083,18/01/2026,09:28,09:46,0,1
7496,3,2306,18/01/2026,09:51,10:13,0,2
7497,3,2103,18/01/2026,10:21,10:44,0,3
7498,3,2293,18/01/2026,10:48,11:05,0,4
7499,3,2802,18/01/2026,11:12,11:19,0,5
7500,3,2176,18/01/2026,11:25,,0,6
7501,3,2018,18/01/2026,11:52,12:00,0,7
7502,3,1917,18/01/2026,12:04,12:18,0,8
7503,3,2231,18/01/2026,12:25,12:49,0,9
7504,3,2057,18/01/2026,12:55,13:07,0,10
7505,3,1916,18/01/2026,13:17,13:39,0,11
7506,3,2230,19/01/2026,09:12,09:23,0,1
7507,3,1948,19/01/2026,09:30,09:46,0,2
7508,3,1929,19/01/2026,09:50,10:08,0,3
7509,3,2270,19/01/2026,10:14,10:34,0,4
7510,3,2252,19/01/2026,10:44,11:00,0,5
7511,3,1999,19/01/2026,11:04,11:22,0,6
7512,3,1942,19/01/2026,11:32,11:56,0,7
7513,3,2121,20/01/2026,09:23,09:47,0,1
7514,3,2290,20/01/2026,09:54,10:16,0,2
7515,3,2140,20/01/2026,10:26,10:34,0,3
7516,3,2292,20/01/2026,10:38,10:56,0,4
7517,3,2030,20/01/2026,11:02,,0,5
7518,3,2091,20/01/2026,11:20,11:41,0,6
7519,3,2236,20/01/2026,11:45,11:59,0,7
7520,3,2259,20/01/2026,12:03,12:16,0,8
7521,3,1932,20/01/2026,12:22,12:43,0,9
7522,3,2332,20/01/2026,12:52,12:59,0,10
7523,3,2157,20/01/2026,13:09,13:33,0,11
7524,3,1961,21/01/2026,09:10,09:20,0,1
7525,3,2022,21/01/2026,09:26,,0,2
7526,3,2216,21/01/2026,09:47,09:58,0,3
7527,3,1910,21/01/2026,10:07,10:14,0,4
7528,3,1976,21/01/2026,10:22,,0,5
7529,3,2204,21/01/2026,10:53,11:01,0,6
7530,3,2040,21/01/2026,11:09,11:28,0,7
7531,3,2259,21/01/2026,11:37,11:58,0,8
7532,3,2097,21/01/2026,12:05,12:23,0,9
7533,3,1952,22/01/2026,09:21,09:37,0,1
7534,3,2013,22/01/2026,09:44,09:58,0,2
7535,3,1933,22/01/2026,10:02,10:24,0,3
7536,3,2042,22/01/2026,10:31,10:41,0,4
7537,3,1995,22/01/2026,10:47,11:00,0,5
7538,3,1891,22/01/2026,11:10,11:28,0,6
7539,3,2173,22/01/2026,11:40,12:03,0,7
7540,3,2314,22/01/2026,12:07,12:31,0,8
7541,3,1932,24/01/2026,09:23,09:57,0,1
7542,3,2262,24/01/2026,10:01,10:25,0,2
7543,3,2145,24/01/2026,10:35,10:49,0,3
7544,3,1904,24/01/2026,10:58,11:18,0,4
7545,3,1976,24/01/2026,11:23,11:42,0,5
7546,3,2002,24/01/2026,11:47,12:11,0,6
7547,3,1947,24/01/2026,12:16,12:35,0,7
7548,3,1933,24/01/2026,12:45,13:02,0,8
7549,3,2186,24/01/2026,13:08,13:25,0,9
7550,3,1964,24/01/2026,13:29,13:46,0,10
7551,3,2333,25/01/2026,09:25,09:32,0,1
7552,3,2212,25/01/2026,09:36,09:53,0,2
7553,3,2149,25/01/2026,10:00,10:19,0,3
7554,3,1966,25/01/2026,10:23,10:40,0,4
7555,3,2081,25/01/2026,10:44,10:54,0,5
7556,3,2268,25/01/2026,11:00,11:07,0,6
7557,3,2308,25/01/2026,11:20,11:32,0,7
7558,3,2113,25/01/2026,11:42,11:58,0,8
7559,3,1894,25/01/2026,12:02,12:23,0,9
7560,3,1966,25/01/2026,12:29,12:47,0,10
7561,3,2070,25/01/2026,12:54,13:09,0,11
7562,3,2143,26/01/2026,09:17,09:41,0,1
7563,3,1897,26/01/2026,09:45,09:59,0,2
7564,3,2313,26/01/2026,10:05,10:26,0,3
7565,3,2223,26/01/2026,10:32,10:59,0,4
7566,3,2192,26/01/2026,11:06,11:22,0,5
7567,3,2084,26/01/2026,11:33,,0,6
7568,3,2079,27/01/2026,09:10,09:26,0,1
7569,3,2093,27/01/2026,09:33,09:55,0,2
7570,3,2063,27/01/2026,10:01,10:24,0,3
7571,3,2237,27/01/2026,10:28,,1,4
7572,3,2159,27/01/2026,10:54,11:03,0,5
7573,3,2092,27/01/2026,11:13,11:28,0,6
7574,3,2335,27/01/2026,11:40,,0,7
7575,3,2152,27/01/2026,12:00,12:11,0,8
7576,3,2216,27/01/2026,12:17,12:26,0,9
7577,3,1945,28/01/2026,09:17,,0,1
7578,3,2231,28/01/2026,09:40,10:03,0,2
7579,3,2215,28/01/2026,10:07,10:23,0,3
7580,3,2288,28/01/2026,10:28,10:47,0,4
7581,3,1890,28/01/2026,10:53,11:09,0,5
7582,3,2109,28/01/2026,11:14,11:29,0,6
7583,3,2066,28/01/2026,11:37,11:54,0,7
7584,3,2004,28/01/2026,12:01,12:16,0,8
7585,3,2193,28/01/2026,12:25,12:32,0,9
7586,3,1947,28/01/2026,12:43,13:01,0,10
7587,3,2254,28/01/2026,13:07,13:18,0,11
7588,3,1954,29/01/2026,09:14,09:21,0,1
7589,3,2041,29/01/2026,09:31,09:52,0,2
7590,3,2097,29/01/2026,09:59,10:30,0,3
7591,3,2315,29/01/2026,10:35,10:47,0,4
7592,3,1998,29/01/2026,10:52,11:02,0,5
7593,3,1959,29/01/2026,11:09,11:29,0,6
7594,3,2304,29/01/2026,11:35,11:46,0,7
7595,3,2135,29/01/2026,11:52,12:15,0,8
7596,3,1985,31/01/2026,09:15,09:31,0,1
7597,3,2162,31/01/2026,09:39,10:08,0,2
7598,3,2085,31/01/2026,10:12,,0,3
7599,3,1939,31/01/2026,10:34,10:48,0,4
7600,3,2206,31/01/2026,10:52,11:10,0,5
7601,3,2212,31/01/2026,11:20,11:33,0,6
7602,3,2241,31/01/2026,11:38,11:57,0,7
7603,3,2051,31/01/2026,12:01,12:13,0,8
7604,3,1984,31/01/2026,12:19,12:33,0,9
7605,3,2265,31/01/2026,12:37,12:55,0,10
7606,3,2252,31/01/2026,13:01,13:20,0,11
7607,3,2137,01/02/2026,09:21,09:41,0,1
7608,3,2133,01/02/2026,09:49,10:06,0,2
7609,3,2297,01/02/2026,10:10,10:25,0,3
7610,3,2249,01/02/2026,10:31,10:51,0,4
7611,3,1993,01/02/2026,10:55,11:10,0,5
7612,3,2196,01/02/2026,11:17,11:29,0,6
7613,3,2206,01/02/2026,11:36,11:54,0,7
7614,3,2120,01/02/2026,12:01,12:32,0,8
7615,3,2302,01/02/2026,12:40,,0,9
7616,3,1894,01/02/2026,13:11,13:24,0,10
7617,3,2163,01/02/2026,13:29,13:48,0,11
7618,3,2303,02/02/2026,09:10,09:38,0,1
7619,3,2203,02/02/2026,09:42,09:59,0,2
7620,3,2255,02/02/2026,10:08,10:22,0,3
7621,3,2290,02/02/2026,10:31,10:49,0,4
7622,3,1993,02/02/2026,10:56,11:19,0,5
7623,3,2269,02/02/2026,11:24,11:39,0,6
7624,3,2088,02/02/2026,11:44,12:11,0,7
7625,3,1950,02/02/2026,12:15,12:41,0,8
7626,3,2319,02/02/2026,12:45,13:04,0,9
7627,3,2092,02/02/2026,13:11,13:24,0,10
7628,3,2206,03/02/2026,09:26,09:44,0,1
7629,3,2013,03/02/2026,09:48,10:03,0,2
7630,3,2109,03/02/2026,10:09,10:32,0,3
7631,3,2138,03/02/2026,10:36,10:48,0,4
7632,3,1997,03/02/2026,10:55,11:14,0,5
7633,3,2062,03/02/2026,11:22,11:33,0,6
7634,3,1912,03/02/2026,11:37,11:56,0,7
7635,3,2166,03/02/2026,12:08,12:28,0,8
7636,3,1980,03/02/2026,12:40,12:58,0,9
7637,3,1890,03/02/2026,13:06,,0,10
7638,3,2211,03/02/2026,13:22,13:38,0,11
7639,3,2113,04/02/2026,09:30,09:52,0,1
7640,3,2204,04/02/2026,10:00,10:18,0,2
7641,3,1897,04/02/2026,10:22,10:43,0,3
7642,3,2079,04/02/2026,10:51,,0,4
7643,3,2301,04/02/2026,11:02,11:19,0,5
7644,3,2229,04/02/2026,11:31,11:50,0,6
7645,3,2196,05/02/2026,09:10,09:20,0,1
7646,3,2118,05/02/2026,09:24,09:38,0,2
7647,3,2310,05/02/2026,09:44,09:56,0,3
7648,3,2262,05/02/2026,10:05,10:12,0,4
7649,3,2159,05/02/2026,10:16,10:27,0,5
7650,3,2092,05/02/2026,10:36,10:54,0,6
7651,3,1976,05/02/2026,11:02,11:25,0,7
7652,3,2261,05/02/2026,11:33,11:51,0,8
7653,3,2172,05/02/2026,11:57,12:07,0,9
7654,3,2337,05/02/2026,12:12,12:32,0,10
7655,3,2073,05/02/2026,12:39,12:59,0,11
7656,3,2025,07/02/2026,09:28,09:43,0,1
7657,3,1906,07/02/2026,09:51,10:12,0,2
7658,3,1943,07/02/2026,10:20,10:34,0,3
7659,3,2168,07/02/2026,10:44,11:01,0,4
7660,3,2265,07/02/2026,11:10,11:24,0,5
7661,3,2268,07/02/2026,11:29,11:43,0,6
7662,3,2161,07/02/2026,11:51,12:06,0,7
7663,3,1992,07/02/2026,12:14,12:21,0,8
7664,3,2300,08/02/2026,09:28,09:35,0,1
7665,3,2120,08/02/2026,09:39,,0,2
7666,3,2217,08/02/2026,09:59,10:11,0,3
7667,3,2204,08/02/2026,10:19,10:36,0,4
7668,3,2284,08/02/2026,10:46,11:01,0,5
7669,3,2293,08/02/2026,11:10,11:26,0,6
7670,3,1907,08/02/2026,11:30,11:45,0,7
7671,3,2332,08/02/2026,11:49,11:58,0,8
7672,3,2111,08/02/2026,12:05,12:15,0,9
7673,3,2094,08/02/2026,12:26,12:49,0,10
7674,3,1991,09/02/2026,09:24,09:44,0,1
7675,3,2313,09/02/2026,09:48,10:09,0,2
7676,3,2189,09/02/2026,10:19,10:32,0,3
7677,3,2319,09/02/2026,10:41,11:09,0,4
7678,3,2094,09/02/2026,11:18,11:38,0,5
7679,3,1916,09/02/2026,11:44,12:03,0,6
7680,3,2281,10/02/2026,09:32,09:39,0,1
7681,3,2046,10/02/2026,09:46,10:08,0,2
7682,3,1896,10/02/2026,10:12,10:30,0,3
7683,3,2337,10/02/2026,10:34,10:55,0,4
7684,3,2306,10/02/2026,11:00,11:16,0,5
7685,3,2086,10/02/2026,11:21,11:38,0,6
7686,3,2079,10/02/2026,11:42,12:01,0,7
7687,3,2130,10/02/2026,12:07,12:14,0,8
7688,3,2257,10/02/2026,12:27,12:42,0,9
7689,3,2001,10/02/2026,12:49,13:04,0,10
7690,3,2193,10/02/2026,13:15,13:40,0,11
7691,3,2114,11/02/2026,09:32,09:45,0,1
7692,3,1998,11/02/2026,09:56,10:03,0,2
7693,3,2265,11/02/2026,10:10,10:28,0,3
7694,3,2096,11/02/2026,10:35,10:52,0,4
7695,3,2070,11/02/2026,10:58,11:15,0,5
7696,3,2019,11/02/2026,11:22,11:42,0,6
7697,3,2269,11/02/2026,11:48,11:59,0,7
7698,3,2213,11/02/2026,12:03,12:11,0,8
7699,3,2262,11/02/2026,12:19,12:33,0,9
7700,3,2012,11/02/2026,12:38,13:07,0,10
7701,3,2128,11/02/2026,13:11,13:27,0,11
7702,3,2155,12/02/2026,09:05,09:17,0,1
7703,3,2138,12/02/2026,09:24,09:31,0,2
7704,3,2166,12/02/2026,09:38,10:02,0,3
7705,3,2089,12/02/2026,10:06,10:22,0,4
7706,3,1914,12/02/2026,10:32,10:59,0,5
7707,3,2204,12/02/2026,11:03,11:13,0,6
7708,3,2040,14/02/2026,09:12,09:24,0,1
7709,3,2203,14/02/2026,09:34,09:52,0,2
7710,3,2252,14/02/2026,09:57,10:19,0,3
7711,3,2148,14/02/2026,10:26,10:41,0,4
7712,3,2157,14/02/2026,10:45,11:00,0,5
7713,3,2115,14/02/2026,11:09,11:29,0,6
7714,3,1907,14/02/2026,11:34,11:57,0,7
7715,3,2006,15/02/2026,09:22,09:34,0,1
7716,3,1903,15/02/2026,09:39,09:46,0,2
7717,3,2204,15/02/2026,09:52,10:02,0,3
7718,3,2327,15/02/2026,10:06,10:22,0,4
7719,3,2123,15/02/2026,10:26,10:39,0,5
7720,3,2167,15/02/2026,10:44,10:57,0,6
7721,3,2254,15/02/2026,11:01,11:20,0,7
7722,3,2148,16/02/2026,09:28,09:38,0,1
7723,3,2299,16/02/2026,09:45,09:59,0,2
7724,3,2258,16/02/2026,10:06,10:30,0,3
7725,3,2163,16/02/2026,10:37,10:48,0,4
7726,3,2096,16/02/2026,10:58,,0,5
7727,3,2193,16/02/2026,11:30,11:46,0,6
7728,3,1973,16/02/2026,11:50,12:03,0,7
7729,3,2172,17/02/2026,09:20,,0,1
7730,3,2234,17/02/2026,09:38,09:47,0,2
7731,3,2139,17/02/2026,09:51,10:08,0,3
7732,3,2287,17/02/2026,10:12,10:25,0,4
7733,3,2204,17/02/2026,10:29,10:41,0,5
7734,3,1936,17/02/2026,10:45,10:58,0,6
7735,3,2041,17/02/2026,11:02,11:31,0,7
7736,3,2037,18/02/2026,09:05,09:12,0,1
7737,3,2298,18/02/2026,09:19,,0,2
7738,3,2153,18/02/2026,09:43,09:52,0,3
7739,3,2280,18/02/2026,10:01,10:23,0,4
7740,3,2186,18/02/2026,10:27,10:43,0,5
7741,3,1996,18/02/2026,10:49,11:04,0,6
7742,3,2183,19/02/2026,09:25,,0,1
7743,3,1951,19/02/2026,10:01,10:25,0,2
7744,3,2241,19/02/2026,10:31,10:46,0,3
7745,3,2021,19/02/2026,10:50,11:02,0,4
7746,3,2150,19/02/2026,11:10,11:18,0,5
7747,3,1970,19/02/2026,11:22,11:37,0,6
7748,3,2305,21/02/2026,09:09,09:19,0,1
7749,3,2033,21/02/2026,09:25,09:36,0,2
7750,3,2219,21/02/2026,09:40,10:00,0,3
7751,3,1912,21/02/2026,10:10,10:38,0,4
7752,3,2087,21/02/2026,10:43,11:13,0,5
7753,3,2112,21/02/2026,11:27,11:50,0,6
7754,3,2000,21/02/2026,11:56,12:11,0,7
7755,3,1933,21/02/2026,12:18,12:34,0,8
7756,3,2047,21/02/2026,12:42,12:57,0,9
7757,3,1941,21/02/2026,13:06,13:29,0,10
7758,3,2028,21/02/2026,13:36,13:48,0,11
7759,3,2177,22/02/2026,09:36,09:55,0,1
7760,3,2269,22/02/2026,10:04,10:11,0,2
7761,3,2236,22/02/2026,10:15,10:33,0,3
7762,3,2044,22/02/2026,10:42,10:52,0,4
7763,3,2252,22/02/2026,11:00,11:19,0,5
7764,3,2065,22/02/2026,11:26,11:43,0,6
7765,3,2113,23/02/2026,09:25,09:42,0,1
7766,3,2079,23/02/2026,09:46,10:01,0,2
7767,3,2068,23/02/2026,10:08,10:15,0,3
7768,3,2299,23/02/2026,10:25,10:50,0,4
7769,3,2318,23/02/2026,10:55,11:18,0,5
7770,3,2253,23/02/2026,11:23,11:37,0,6
7771,3,1926,23/02/2026,11:42,12:08,0,7
7772,3,1994,23/02/2026,12:12,12:24,0,8
7773,3,2301,24/02/2026,09:15,09:30,0,1
7774,3,2043,24/02/2026,09:34,09:47,0,2
7775,3,2008,24/02/2026,09:54,10:03,0,3
7776,3,2317,24/02/2026,10:08,10:29,0,4
7777,3,2268,24/02/2026,10:33,10:48,0,5
7778,3,1962,24/02/2026,10:58,,0,6
7779,3,1943,24/02/2026,11:29,11:49,0,7
7780,3,2018,24/02/2026,11:54,12:02,0,8
7781,3,2332,24/02/2026,12:12,12:24,0,9
7782,3,2055,24/02/2026,12:28,12:40,0,10
7783,3,2157,24/02/2026,12:47,12:58,0,11
7784,3,2081,25/02/2026,09:09,09:27,0,1
7785,3,2329,25/02/2026,09:35,09:45,0,2
7786,3,2289,25/02/2026,09:56,10:21,0,3
7787,3,2028,25/02/2026,10:26,10:34,0,4
7788,3,1999,25/02/2026,10:39,10:51,0,5
7789,3,2034,25/02/2026,11:02,11:23,0,6
7790,3,2815,25/02/2026,11:31,11:42,0,7
7791,3,1916,25/02/2026,11:49,12:07,0,8
7792,3,1903,26/02/2026,09:18,09:25,0,1
7793,3,1999,26/02/2026,09:33,09:57,0,2
7794,3,2311,26/02/2026,10:03,10:11,0,3
7795,3,1932,26/02/2026,10:20,,0,4
7796,3,1911,26/02/2026,10:42,10:55,0,5
7797,3,2105,26/02/2026,11:06,11:29,0,6
7798,3,2338,26/02/2026,11:36,11:53,0,7
7799,3,2128,26/02/2026,12:02,12:17,0,8
7800,3,2184,26/02/2026,12:21,12:45,0,9
7801,3,2215,28/02/2026,09:13,09:36,0,1
7802,3,2132,28/02/2026,09:43,10:03,0,2
7803,3,2804,28/02/2026,10:09,10:27,0,3
7804,3,2300,28/02/2026,10:36,10:59,0,4
7805,3,1970,28/02/2026,11:03,11:17,0,5
7806,3,2262,28/02/2026,11:21,11:28,0,6
7807,3,1923,28/02/2026,11:34,11:44,0,7
7808,3,2004,28/02/2026,11:48,12:07,0,8
7809,3,1998,01/03/2026,09:27,09:34,0,1
7810,3,2013,01/03/2026,09:44,09:59,0,2
7811,3,2183,01/03/2026,10:12,,0,3
7812,3,2196,01/03/2026,10:41,10:59,0,4
7813,3,2020,01/03/2026,11:03,11:26,0,5
7814,3,1977,01/03/2026,11:34,11:46,0,6
7815,3,1996,02/03/2026,09:31,10:02,0,1
7816,3,1973,02/03/2026,10:08,10:40,0,2
7817,3,2263,02/03/2026,10:44,11:05,0,3
7818,3,2286,02/03/2026,11:10,11:33,0,4
7819,3,2037,02/03/2026,11:38,11:53,0,5
7820,3,2009,02/03/2026,11:57,12:09,0,6
7821,3,2289,02/03/2026,12:13,12:34,0,7
7822,3,1945,02/03/2026,12:42,12:56,0,8
7823,3,2329,02/03/2026,13:02,13:24,0,9
7824,3,1998,02/03/2026,13:28,13:35,0,10
7825,3,1993,02/03/2026,13:42,13:55,0,11
7826,3,1933,03/03/2026,09:32,09:56,0,1
7827,3,1904,03/03/2026,10:01,,1,2
7828,3,1943,03/03/2026,10:21,,1,3
7829,3,2212,03/03/2026,10:46,11:05,0,4
7830,3,2024,03/03/2026,11:13,11:20,0,5
7831,3,1906,03/03/2026,11:29,11:48,0,6
7832,3,2301,03/03/2026,11:56,12:20,0,7
7833,3,2061,03/03/2026,12:24,12:38,0,8
7834,3,1974,03/03/2026,12:44,12:53,0,9
7835,3,2264,03/03/2026,13:01,13:16,0,10
7836,3,1916,04/03/2026,09:23,09:40,0,1
7837,3,2171,04/03/2026,09:49,10:05,0,2
7838,3,2068,04/03/2026,10:14,10:26,0,3
7839,3,1907,04/03/2026,10:31,10:41,0,4
7840,3,2100,04/03/2026,10:49,11:08,0,5
7841,3,2261,04/03/2026,11:12,11:27,0,6
7842,3,1945,04/03/2026,11:36,11:43,0,7
7843,3,2254,04/03/2026,11:52,12:11,0,8
7844,3,2070,04/03/2026,12:24,12:31,0,9
7845,3,2302,04/03/2026,12:42,12:58,0,10
7846,3,1945,04/03/2026,13:08,13:16,0,11
7847,3,2257,05/03/2026,09:28,,0,1
7848,3,2317,05/03/2026,09:58,10:24,0,2
7849,3,2223,05/03/2026,10:30,10:55,0,3
7850,3,2306,05/03/2026,11:02,11:17,0,4
7851,3,1956,05/03/2026,11:21,11:31,0,5
7852,3,2208,05/03/2026,11:37,11:57,0,6
7853,3,2018,05/03/2026,12:04,12:11,0,7
7854,3,1899,05/03/2026,12:18,12:26,0,8
7855,3,1896,05/03/2026,12:37,12:56,0,9
7856,3,2043,05/03/2026,13:07,,0,10
7857,3,2097,05/03/2026,13:29,13:51,0,11
7858,3,2309,07/03/2026,09:30,,0,1
7859,3,1938,07/03/2026,09:56,10:18,0,2
7860,3,1907,07/03/2026,10:23,10:41,0,3
7861,3,2243,07/03/2026,10:47,11:03,0,4
7862,3,1899,07/03/2026,11:09,11:35,0,5
7863,3,2184,07/03/2026,11:42,12:02,0,6
7864,3,2805,07/03/2026,12:06,12:25,0,7
7865,3,1965,07/03/2026,12:29,12:46,0,8
7866,3,2191,07/03/2026,12:58,13:13,0,9
7867,3,2071,08/03/2026,09:29,09:49,0,1
7868,3,2111,08/03/2026,09:55,10:06,0,2
7869,3,2254,08/03/2026,10:11,10:26,0,3
7870,3,2282,08/03/2026,10:30,,0,4
7871,3,2093,08/03/2026,10:59,11:13,0,5
7872,3,1919,08/03/2026,11:17,11:31,0,6
7873,3,2264,09/03/2026,09:20,09:30,0,1
7874,3,1964,09/03/2026,09:39,09:52,0,2
7875,3,2130,09/03/2026,09:58,10:18,0,3
7876,3,2125,09/03/2026,10:28,10:48,0,4
7877,3,2217,09/03/2026,10:52,11:02,0,5
7878,3,1909,09/03/2026,11:06,11:15,0,6
7879,3,1933,09/03/2026,11:27,11:41,0,7
7880,3,2148,10/03/2026,09:34,09:42,0,1
7881,3,2270,10/03/2026,09:51,10:09,0,2
7882,3,1913,10/03/2026,10:13,10:20,0,3
7883,3,2157,10/03/2026,10:25,10:51,0,4
7884,3,1917,10/03/2026,10:56,11:13,0,5
7885,3,1970,10/03/2026,11:21,11:38,0,6
7886,3,2132,10/03/2026,11:43,12:13,0,7
7887,3,2056,11/03/2026,09:23,09:37,0,1
7888,3,2182,11/03/2026,09:45,10:01,0,2
7889,3,2254,11/03/2026,10:08,10:26,0,3
7890,3,2168,11/03/2026,10:33,10:50,0,4
7891,3,1954,11/03/2026,10:56,11:05,0,5
7892,3,2326,11/03/2026,11:14,11:28,0,6
7893,3,2195,12/03/2026,09:12,,0,1
7894,3,2132,12/03/2026,09:38,09:58,0,2
7895,3,2338,12/03/2026,10:08,10:21,0,3
7896,3,2199,12/03/2026,10:28,10:50,0,4
7897,3,2239,12/03/2026,10:56,11:07,0,5
7898,3,2338,12/03/2026,11:15,11:25,0,6
7899,3,2193,12/03/2026,11:36,11:54,0,7
7900,3,1914,12/03/2026,11:58,12:08,0,8
7901,3,2023,12/03/2026,12:16,12:41,0,9
7902,3,2200,12/03/2026,12:52,13:03,0,10
7903,3,2254,12/03/2026,13:09,13:19,0,11
7904,3,1910,14/03/2026,09:11,09:27,0,1
7905,3,2040,14/03/2026,09:32,09:56,0,2
7906,3,1895,14/03/2026,10:05,10:20,0,3
7907,3,2058,14/03/2026,10:28,10:57,0,4
7908,3,2314,14/03/2026,11:03,11:30,0,5
7909,3,1918,14/03/2026,11:38,11:51,0,6
7910,3,2087,15/03/2026,09:25,09:44,0,1
7911,3,2112,15/03/2026,09:49,09:59,0,2
7912,3,1911,15/03/2026,10:03,10:15,0,3
7913,3,2038,15/03/2026,10:24,10:44,0,4
7914,3,2013,15/03/2026,10:53,11:03,0,5
7915,3,2257,15/03/2026,11:09,11:21,0,6
7916,3,2106,15/03/2026,11:27,,0,7
7917,3,2308,15/03/2026,11:52,12:04,0,8
7918,3,2284,16/03/2026,09:14,09:36,0,1
7919,3,1966,16/03/2026,09:46,10:09,0,2
7920,3,1971,16/03/2026,10:17,10:26,0,3
7921,3,2229,16/03/2026,10:32,10:55,0,4
7922,3,2272,16/03/2026,11:02,11:26,0,5
7923,3,1890,16/03/2026,11:31,,1,6
7924,3,2186,17/03/2026,09:24,09:45,0,1
7925,3,2284,17/03/2026,09:53,10:19,0,2
7926,3,2274,17/03/2026,10:26,10:45,0,3
7927,3,2154,17/03/2026,10:51,11:12,0,4
7928,3,2289,17/03/2026,11:22,11:38,0,5
7929,3,1998,17/03/2026,11:42,11:49,0,6
7930,3,2097,17/03/2026,11:54,12:19,0,7
7931,3,1899,17/03/2026,12:26,12:43,0,8
7932,3,2244,18/03/2026,09:14,09:35,0,1
7933,3,1991,18/03/2026,09:44,10:01,0,2
7934,3,2142,18/03/2026,10:10,10:17,0,3
7935,3,1971,18/03/2026,10:22,10:36,0,4
7936,3,2049,18/03/2026,10:41,10:52,0,5
7937,3,2309,18/03/2026,10:56,11:17,0,6
7938,3,2819,18/03/2026,11:25,11:41,0,7
7939,3,1902,18/03/2026,11:46,,0,8
7940,3,2153,18/03/2026,12:15,12:27,0,9
7941,3,2103,19/03/2026,09:31,09:59,0,1
7942,3,1905,19/03/2026,10:10,10:32,0,2
7943,3,2139,19/03/2026,10:36,10:47,0,3
7944,3,2309,19/03/2026,11:01,11:25,0,4
7945,3,1906,19/03/2026,11:33,11:57,0,5
7946,3,2210,19/03/2026,12:01,12:08,0,6
7947,3,2219,19/03/2026,12:12,12:42,0,7
7948,3,2022,19/03/2026,12:49,13:00,0,8
7949,3,2142,19/03/2026,13:04,,0,9
7950,3,2235,19/03/2026,13:25,13:43,0,10
7951,3,2038,21/03/2026,09:27,09:38,0,1
7952,3,1996,21/03/2026,09:42,10:05,0,2
7953,3,2117,21/03/2026,10:09,10:30,0,3
7954,3,1962,21/03/2026,10:35,10:46,0,4
7955,3,2293,21/03/2026,10:50,11:08,0,5
7956,3,1899,21/03/2026,11:15,11:28,0,6
7957,3,2272,22/03/2026,09:27,09:41,0,1
7958,3,2298,22/03/2026,09:49,,0,2
7959,3,2206,22/03/2026,10:18,10:37,0,3
7960,3,2191,22/03/2026,10:45,11:00,0,4
7961,3,2245,22/03/2026,11:05,11:34,0,5
7962,3,2143,22/03/2026,11:43,12:01,0,6
7963,3,2063,22/03/2026,12:05,12:18,0,7
7964,3,2296,23/03/2026,09:19,,0,1
7965,3,2222,23/03/2026,09:34,09:54,0,2
7966,3,2200,23/03/2026,10:01,10:08,0,3
7967,3,1976,23/03/2026,10:22,10:37,0,4
7968,3,2121,23/03/2026,10:45,11:11,0,5
7969,3,2819,23/03/2026,11:22,11:40,0,6
7970,3,2028,23/03/2026,11:48,12:12,0,7
7971,3,2087,23/03/2026,12:21,12:28,0,8
7972,3,2186,23/03/2026,12:32,12:56,0,9
7973,3,1933,23/03/2026,13:05,13:14,0,10
7974,3,2321,23/03/2026,13:23,13:41,0,11
7975,3,1980,24/03/2026,09:23,09:36,0,1
7976,3,2009,24/03/2026,09:42,09:52,0,2
7977,3,2819,24/03/2026,10:03,10:16,0,3
7978,3,1917,24/03/2026,10:23,10:40,0,4
7979,3,2173,24/03/2026,10:46,11:10,0,5
7980,3,2147,24/03/2026,11:19,11:32,0,6
7981,3,2084,25/03/2026,09:32,09:39,0,1
7982,3,2043,25/03/2026,09:44,09:57,0,2
7983,3,2034,25/03/2026,10:05,10:31,0,3
7984,3,2148,25/03/2026,10:37,,0,4
7985,3,2087,25/03/2026,10:53,11:10,0,5
7986,3,2208,25/03/2026,11:21,11:39,0,6
7987,3,1988,25/03/2026,11:45,12:00,0,7
7988,3,1958,25/03/2026,12:10,12:29,0,8
7989,3,1941,25/03/2026,12:36,12:58,0,9
7990,3,2292,25/03/2026,13:04,13:16,0,10
7991,3,2215,26/03/2026,09:15,09:32,0,1
7992,3,2094,26/03/2026,09:36,09:51,0,2
7993,3,1966,26/03/2026,09:59,10:06,0,3
7994,3,2209,26/03/2026,10:10,10:22,0,4
7995,3,2113,26/03/2026,10:26,10:55,0,5
7996,3,2241,26/03/2026,11:01,11:15,0,6
7997,3,2042,26/03/2026,11:19,11:34,0,7
7998,3,2116,26/03/2026,11:38,12:02,0,8
7999,3,2295,26/03/2026,12:06,12:26,0,9
8000,3,1998,28/03/2026,09:23,09:30,0,1
8001,3,2103,28/03/2026,09:40,09:58,0,2
8002,3,1927,28/03/2026,10:10,10:32,0,3
8003,3,2217,28/03/2026,10:37,10:57,0,4
8004,3,1969,28/03/2026,11:05,11:19,0,5
8005,3,1913,28/03/2026,11:25,11:43,0,6
8006,3,2153,28/03/2026,11:47,12:00,0,7
8007,3,2186,28/03/2026,12:09,12:28,0,8
8008,3,1958,29/03/2026,09:19,09:42,0,1
8009,3,2179,29/03/2026,09:46,,0,2
8010,3,2070,29/03/2026,10:01,10:08,0,3
8011,3,2142,29/03/2026,10:16,10:35,0,4
8012,3,2081,29/03/2026,10:39,10:56,0,5
8013,3,1903,29/03/2026,11:01,11:16,0,6
8014,3,2315,30/03/2026,09:14,09:33,0,1
8015,3,2195,30/03/2026,09:40,09:55,0,2
8016,3,2053,30/03/2026,10:05,10:16,0,3
8017,3,2239,30/03/2026,10:20,10:35,0,4
8018,3,2254,30/03/2026,10:39,10:55,0,5
8019,3,1909,30/03/2026,11:02,11:14,0,6
8020,3,1966,30/03/2026,11:22,11:38,0,7
8021,3,2089,30/03/2026,11:49,12:03,0,8
8022,3,2163,31/03/2026,09:16,09:28,0,1
8023,3,1966,31/03/2026,09:38,10:07,0,2
8024,3,2252,31/03/2026,10:15,,0,3
8025,3,2186,31/03/2026,10:47,10:59,0,4
8026,3,1932,31/03/2026,11:09,11:32,0,5
8027,3,2120,31/03/2026,11:37,11:45,0,6
8028,3,1906,31/03/2026,11:52,12:06,0,7
8029,3,2074,31/03/2026,12:17,12:29,0,8
8030,3,1962,31/03/2026,12:33,12:47,0,9
8031,3,1921,31/03/2026,12:55,13:17,0,10
8032,3,1984,01/04/2026,09:29,09:47,0,1
8033,3,2273,01/04/2026,09:55,10:11,0,2
8034,3,2815,01/04/2026,10:18,10:25,0,3
8035,3,2096,01/04/2026,10:31,10:47,0,4
8036,3,2111,01/04/2026,10:52,11:00,0,5
8037,3,1912,01/04/2026,11:04,11:31,0,6
8038,3,2180,02/04/2026,09:14,09:31,0,1
8039,3,2123,02/04/2026,09:36,09:56,0,2
8040,3,2196,02/04/2026,10:00,10:26,0,3
8041,3,1950,02/04/2026,10:37,10:44,0,4
8042,3,1989,02/04/2026,10:48,11:09,0,5
8043,3,2305,02/04/2026,11:17,11:30,0,6
8044,3,1906,02/04/2026,11:35,11:51,0,7
8045,3,2014,02/04/2026,11:57,12:13,0,8
8046,3,2312,02/04/2026,12:17,12:40,0,9
8047,3,1973,04/04/2026,09:31,09:50,0,1
8048,3,2244,04/04/2026,09:58,10:16,0,2
8049,3,2204,04/04/2026,10:21,10:33,0,3
8050,3,2214,04/04/2026,10:41,10:48,0,4
8051,3,2082,04/04/2026,10:59,11:16,0,5
8052,3,1917,04/04/2026,11:21,11:45,0,6
8053,3,1970,04/04/2026,11:53,12:00,0,7
8054,3,2114,04/04/2026,12:11,12:38,0,8
8055,3,2033,04/04/2026,12:42,13:02,0,9
8056,3,2265,04/04/2026,13:13,13:35,0,10
8057,3,2056,04/04/2026,13:41,13:48,0,11
8058,3,2241,05/04/2026,09:23,09:38,0,1
8059,3,1959,05/04/2026,09:45,10:04,0,2
8060,3,2277,05/04/2026,10:10,10:33,0,3
8061,3,2094,05/04/2026,10:39,10:51,0,4
8062,3,2061,05/04/2026,10:58,11:05,0,5
8063,3,2252,05/04/2026,11:10,11:21,0,6
8064,3,2151,05/04/2026,11:25,11:37,0,7
8065,3,2227,06/04/2026,09:29,09:52,0,1
8066,3,2276,06/04/2026,09:56,10:03,0,2
8067,3,2320,06/04/2026,10:07,10:31,0,3
8068,3,1947,06/04/2026,10:43,11:06,0,4
8069,3,1907,06/04/2026,11:10,11:27,0,5
8070,3,1908,06/04/2026,11:36,11:54,0,6
8071,3,2105,06/04/2026,11:59,12:26,0,7
8072,3,2175,06/04/2026,12:32,12:48,0,8
8073,3,2164,06/04/2026,12:59,13:18,0,9
8074,3,2120,06/04/2026,13:23,13:45,0,10
8075,3,1954,06/04/2026,13:58,14:08,0,11
8076,3,1917,07/04/2026,09:29,09:52,0,1
8077,3,2239,07/04/2026,09:56,10:16,0,2
8078,3,2116,07/04/2026,10:26,10:33,0,3
8079,3,2057,07/04/2026,10:41,10:50,0,4
8080,3,1953,07/04/2026,10:54,11:12,0,5
8081,3,2176,07/04/2026,11:16,11:36,0,6
8082,3,2013,07/04/2026,11:42,11:56,0,7
8083,3,2174,08/04/2026,09:15,09:34,0,1
8084,3,1939,08/04/2026,09:42,,0,2
8085,3,2272,08/04/2026,10:07,10:28,0,3
8086,3,1934,08/04/2026,10:32,10:41,0,4
8087,3,2306,08/04/2026,10:46,11:04,0,5
8088,3,2277,08/04/2026,11:15,11:33,0,6
8089,3,2257,08/04/2026,11:44,11:51,0,7
8090,3,1946,08/04/2026,11:55,12:15,0,8
8091,3,2095,08/04/2026,12:20,12:31,0,9
8092,3,2168,08/04/2026,12:35,12:58,0,10
8093,3,1929,09/04/2026,09:26,09:33,0,1
8094,3,2060,09/04/2026,09:37,09:52,0,2
8095,3,1944,09/04/2026,10:00,10:08,0,3
8096,3,2109,09/04/2026,10:12,10:38,0,4
8097,3,2232,09/04/2026,10:43,10:55,0,5
8098,3,1910,09/04/2026,11:03,11:11,0,6
8099,3,1969,09/04/2026,11:23,11:52,0,7
8100,3,2249,09/04/2026,11:57,12:14,0,8
8101,3,2248,09/04/2026,12:26,12:34,0,9
8102,3,1948,11/04/2026,09:22,09:32,0,1
8103,3,2293,11/04/2026,09:38,09:53,0,2
8104,3,1914,11/04/2026,09:58,10:20,0,3
8105,3,2050,11/04/2026,10:29,10:52,0,4
8106,3,2088,11/04/2026,10:56,11:05,0,5
8107,3,2022,11/04/2026,11:12,11:19,0,6
8108,3,2123,11/04/2026,11:25,11:43,0,7
8109,3,2289,11/04/2026,11:53,,0,8
8110,3,2049,11/04/2026,12:35,12:51,0,9
8111,3,1916,11/04/2026,13:04,13:25,0,10
8112,3,2234,12/04/2026,09:27,,0,1
8113,3,2116,12/04/2026,10:08,10:21,0,2
8114,3,1901,12/04/2026,10:30,10:50,0,3
8115,3,2255,12/04/2026,11:05,11:26,0,4
8116,3,2027,12/04/2026,11:31,12:02,0,5
8117,3,2219,12/04/2026,12:06,12:17,0,6
8118,3,2205,12/04/2026,12:28,12:41,0,7
8119,3,2180,12/04/2026,12:48,12:58,0,8
8120,3,2196,12/04/2026,13:05,13:17,0,9
8121,3,2127,12/04/2026,13:21,13:36,0,10
8122,3,2298,12/04/2026,13:47,14:10,0,11
8123,3,2819,13/04/2026,09:24,09:47,0,1
8124,3,1896,13/04/2026,09:56,10:22,0,2
8125,3,2215,13/04/2026,10:27,10:41,0,3
8126,3,2033,13/04/2026,10:48,11:02,0,4
8127,3,2157,13/04/2026,11:06,11:28,0,5
8128,3,2157,13/04/2026,11:40,11:59,0,6
8129,3,2147,13/04/2026,12:04,12:15,0,7
8130,3,2009,14/04/2026,09:16,09:30,0,1
8131,3,1961,14/04/2026,09:36,09:51,0,2
8132,3,2208,14/04/2026,10:03,10:19,0,3
8133,3,2315,14/04/2026,10:26,,0,4
8134,3,2202,14/04/2026,10:44,10:59,0,5
8135,3,2322,14/04/2026,11:05,11:22,0,6
8136,3,2148,14/04/2026,11:26,11:38,0,7
8137,3,2219,15/04/2026,09:11,09:29,0,1
8138,3,2085,15/04/2026,09:37,09:49,0,2
8139,3,1921,15/04/2026,09:57,10:17,0,3
8140,3,2050,15/04/2026,10:23,10:43,0,4
8141,3,2117,15/04/2026,10:48,11:07,0,5
8142,3,2316,15/04/2026,11:11,11:30,0,6
8143,3,2048,15/04/2026,11:35,,0,7
8144,3,2271,15/04/2026,12:00,12:19,0,8
8145,3,2098,16/04/2026,09:11,09:24,0,1
8146,3,2157,16/04/2026,09:28,09:46,0,2
8147,3,1961,16/04/2026,09:58,10:05,0,3
8148,3,2124,16/04/2026,10:15,10:31,0,4
8149,3,2151,16/04/2026,10:35,10:55,0,5
8150,3,2124,16/04/2026,10:59,11:17,0,6
8151,3,2172,16/04/2026,11:25,11:33,0,7
8152,3,1969,18/04/2026,09:22,09:41,0,1
8153,3,1907,18/04/2026,09:51,,0,2
8154,3,2144,18/04/2026,10:09,10:20,0,3
8155,3,1976,18/04/2026,10:24,10:52,0,4
8156,3,2209,18/04/2026,10:56,11:15,0,5
8157,3,1972,18/04/2026,11:19,11:39,0,6
8158,3,2061,18/04/2026,11:48,11:55,0,7
8159,3,1962,19/04/2026,09:29,09:42,0,1
8160,3,2265,19/04/2026,09:46,,0,2
8161,3,2242,19/04/2026,10:10,10:27,0,3
8162,3,1988,19/04/2026,10:36,10:58,0,4
8163,3,2270,19/04/2026,11:07,11:30,0,5
8164,3,2276,19/04/2026,11:34,11:57,0,6
8165,3,2290,20/04/2026,09:31,09:50,0,1
8166,3,2204,20/04/2026,09:57,10:04,0,2
8167,3,2025,20/04/2026,10:12,10:24,0,3
8168,3,1913,20/04/2026,10:33,10:40,0,4
8169,3,1958,20/04/2026,10:47,10:59,0,5
8170,3,2208,20/04/2026,11:05,,0,6
8171,3,2202,20/04/2026,11:33,11:58,0,7
8172,3,2325,20/04/2026,12:02,12:18,0,8
8173,3,1907,20/04/2026,12:27,12:40,0,9
8174,3,2320,21/04/2026,09:15,09:36,0,1
8175,3,2208,21/04/2026,09:43,10:04,0,2
8176,3,2023,21/04/2026,10:11,10:34,0,3
8177,3,1991,21/04/2026,10:38,11:10,0,4
8178,3,2024,21/04/2026,11:14,11:34,0,5
8179,3,1963,21/04/2026,11:42,12:07,0,6
8180,3,2136,22/04/2026,09:22,09:29,0,1
8181,3,2128,22/04/2026,09:38,10:01,0,2
8182,3,1996,22/04/2026,10:05,10:32,0,3
8183,3,2145,22/04/2026,10:41,10:59,0,4
8184,3,2285,22/04/2026,11:03,11:10,0,5
8185,3,2025,22/04/2026,11:21,11:38,0,6
8186,3,2192,22/04/2026,11:47,11:56,0,7
8187,3,2815,22/04/2026,12:02,12:09,0,8
8188,3,1938,22/04/2026,12:15,12:34,0,9
8189,3,2046,23/04/2026,09:23,09:41,0,1
8190,3,2152,23/04/2026,09:52,10:10,0,2
8191,3,2031,23/04/2026,10:16,10:36,0,3
8192,3,2324,23/04/2026,10:47,11:01,0,4
8193,3,2163,23/04/2026,11:05,11:24,0,5
8194,3,2261,23/04/2026,11:34,,1,6
8195,3,1934,23/04/2026,12:04,12:11,0,7
8196,3,2210,23/04/2026,12:15,12:34,0,8
8197,3,2073,25/04/2026,09:11,09:29,0,1
8198,3,2337,25/04/2026,09:33,09:55,0,2
8199,3,2104,25/04/2026,10:03,10:16,0,3
8200,3,2109,25/04/2026,10:22,10:36,0,4
8201,3,2051,25/04/2026,10:41,10:50,0,5
8202,3,2283,25/04/2026,10:54,11:06,0,6
8203,3,2238,25/04/2026,11:16,11:25,0,7
8204,3,2018,25/04/2026,11:29,11:47,0,8
8205,3,2088,26/04/2026,09:15,09:25,0,1
8206,3,1995,26/04/2026,09:32,09:51,0,2
8207,3,2265,26/04/2026,09:58,10:18,0,3
8208,3,2299,26/04/2026,10:30,10:43,0,4
8209,3,2267,26/04/2026,10:47,11:03,0,5
8210,3,2241,26/04/2026,11:09,11:24,0,6
8211,3,1992,26/04/2026,11:28,,0,7
8212,3,2127,27/04/2026,09:30,09:39,0,1
8213,3,2301,27/04/2026,09:47,09:58,0,2
8214,3,2048,27/04/2026,10:04,10:16,0,3
8215,3,2239,27/04/2026,10:25,10:45,0,4
8216,3,2298,27/04/2026,10:53,11:12,0,5
8217,3,2204,27/04/2026,11:19,11:26,0,6
8218,3,2130,27/04/2026,11:35,11:56,0,7
8219,3,2048,28/04/2026,09:12,09:23,0,1
8220,3,2314,28/04/2026,09:27,09:38,0,2
8221,3,2288,28/04/2026,09:47,10:07,0,3
8222,3,2172,28/04/2026,10:16,10:35,0,4
8223,3,1989,28/04/2026,10:48,11:03,0,5
8224,3,2284,28/04/2026,11:13,11:37,0,6
8225,3,1943,28/04/2026,11:44,12:06,0,7
8226,3,1991,28/04/2026,12:13,12:39,0,8
8227,3,1918,28/04/2026,12:49,13:02,0,9
8228,3,2019,28/04/2026,13:06,,0,10
8229,3,2324,29/04/2026,09:26,09:46,0,1
8230,3,2076,29/04/2026,09:55,,0,2
8231,3,2196,29/04/2026,10:28,10:45,0,3
8232,3,2305,29/04/2026,10:49,11:04,0,4
8233,3,2139,29/04/2026,11:10,11:21,0,5
8234,3,2140,29/04/2026,11:26,11:38,0,6
8235,3,1933,30/04/2026,09:24,09:40,0,1
8236,3,2016,30/04/2026,09:46,09:58,0,2
8237,3,2069,30/04/2026,10:03,10:24,0,3
8238,3,2255,30/04/2026,10:28,10:49,0,4
8239,3,1944,30/04/2026,10:53,11:08,0,5
8240,3,2175,30/04/2026,11:13,11:30,0,6
8241,3,2004,30/04/2026,11:34,,0,7
8242,3,2143,30/04/2026,11:46,,0,8
8243,3,2148,02/05/2026,09:29,09:46,0,1
8244,3,1932,02/05/2026,09:55,10:18,0,2
8245,3,2040,02/05/2026,10:27,10:45,0,3
8246,3,1941,02/05/2026,10:52,11:20,0,4
8247,3,2315,02/05/2026,11:36,,0,5
8248,3,2017,02/05/2026,11:49,11:58,0,6
8249,3,2208,02/05/2026,12:04,12:15,0,7
8250,3,2079,02/05/2026,12:21,12:44,0,8
8251,3,2140,02/05/2026,12:55,13:05,0,9
8252,3,2019,02/05/2026,13:09,13:26,0,10
8253,3,2073,02/05/2026,13:30,13:51,0,11
8254,3,2117,03/05/2026,09:25,09:39,0,1
8255,3,2065,03/05/2026,09:43,10:01,0,2
8256,3,2018,03/05/2026,10:08,10:33,0,3
8257,3,2200,03/05/2026,10:43,10:52,0,4
8258,3,2252,03/05/2026,10:56,11:06,0,5
8259,3,2223,03/05/2026,11:10,11:23,0,6
8260,3,1917,03/05/2026,11:36,11:48,0,7
8261,3,1988,03/05/2026,11:53,12:09,0,8
8262,3,1895,03/05/2026,12:13,12:29,0,9
8263,3,1998,03/05/2026,12:35,12:49,0,10
8264,3,2300,03/05/2026,12:57,13:05,0,11
8265,3,2310,04/05/2026,09:24,09:47,0,1
8266,3,2012,04/05/2026,09:54,,1,2
8267,3,1915,04/05/2026,10:21,10:43,0,3
8268,3,1911,04/05/2026,10:53,11:02,0,4
8269,3,1988,04/05/2026,11:06,11:22,0,5
8270,3,1999,04/05/2026,11:39,11:55,0,6
8271,3,2095,04/05/2026,11:59,12:06,0,7
8272,3,1985,04/05/2026,12:16,12:31,0,8
8273,3,2044,04/05/2026,12:42,12:55,0,9
8274,3,1909,05/05/2026,09:16,09:33,0,1
8275,3,2299,05/05/2026,09:37,09:54,0,2
8276,3,1970,05/05/2026,10:06,10:14,0,3
8277,3,2106,05/05/2026,10:18,10:28,0,4
8278,3,1904,05/05/2026,10:36,10:48,0,5
8279,3,2147,05/05/2026,10:52,10:59,0,6
8280,3,2336,05/05/2026,11:09,11:30,0,7
8281,3,2102,05/05/2026,11:34,11:57,0,8
8282,3,2293,05/05/2026,12:03,12:17,0,9
8283,3,2335,05/05/2026,12:26,12:54,0,10
8284,3,2182,06/05/2026,09:23,09:44,0,1
8285,3,2243,06/05/2026,09:48,10:23,0,2
8286,3,1921,06/05/2026,10:31,10:40,0,3
8287,3,2324,06/05/2026,10:47,11:03,0,4
8288,3,2221,06/05/2026,11:07,11:26,0,5
8289,3,2805,06/05/2026,11:32,12:02,0,6
8290,3,2093,06/05/2026,12:07,12:33,0,7
8291,3,2120,06/05/2026,12:38,13:06,0,8
8292,3,2041,06/05/2026,13:13,13:32,0,9
8293,3,2056,07/05/2026,09:22,09:29,0,1
8294,3,2283,07/05/2026,09:36,09:53,0,2
8295,3,2235,07/05/2026,10:00,10:14,0,3
8296,3,2225,07/05/2026,10:18,10:46,0,4
8297,3,2117,07/05/2026,10:56,11:22,0,5
8298,3,2287,07/05/2026,11:27,11:39,0,6
8299,3,2299,07/05/2026,11:47,12:17,0,7
8300,3,1998,07/05/2026,12:26,12:37,0,8
8301,3,2090,09/05/2026,09:35,09:45,0,1
8302,3,1935,09/05/2026,09:52,10:08,0,2
8303,3,2146,09/05/2026,10:16,10:28,0,3
8304,3,2157,09/05/2026,10:32,10:59,0,4
8305,3,2303,09/05/2026,11:06,11:14,0,5
8306,3,2302,09/05/2026,11:22,11:41,0,6
8307,3,2023,09/05/2026,11:47,12:03,0,7
8308,3,2153,10/05/2026,09:12,09:28,0,1
8309,3,1979,10/05/2026,09:37,09:44,0,2
8310,3,1933,10/05/2026,09:53,10:11,0,3
8311,3,2145,10/05/2026,10:28,10:51,0,4
8312,3,2273,10/05/2026,10:56,,0,5
8313,3,2168,10/05/2026,11:19,11:31,0,6
8314,3,2299,10/05/2026,11:39,11:50,0,7
8315,3,2020,10/05/2026,11:56,12:03,0,8
8316,3,2112,10/05/2026,12:12,12:35,0,9
8317,3,2082,10/05/2026,12:44,13:01,0,10
8318,3,2081,10/05/2026,13:07,13:24,0,11
8319,3,2153,11/05/2026,09:17,09:38,0,1
8320,3,1938,11/05/2026,09:42,09:53,0,2
8321,3,2295,11/05/2026,10:02,10:30,0,3
8322,3,2143,11/05/2026,10:38,11:04,0,4
8323,3,2221,11/05/2026,11:10,11:34,0,5
8324,3,2050,11/05/2026,11:40,11:52,0,6
8325,3,2169,11/05/2026,12:02,12:10,0,7
8326,3,1941,11/05/2026,12:20,12:35,0,8
8327,3,2095,11/05/2026,12:44,12:51,0,9
8328,3,2185,12/05/2026,09:16,09:30,0,1
8329,3,1914,12/05/2026,09:41,10:06,0,2
8330,3,2236,12/05/2026,10:10,10:34,0,3
8331,3,2249,12/05/2026,10:42,10:56,0,4
8332,3,2153,12/05/2026,11:00,,0,5
8333,3,2064,12/05/2026,11:11,11:18,0,6
8334,3,1908,12/05/2026,11:27,11:47,0,7
8335,3,2252,12/05/2026,11:51,12:10,0,8
8336,3,1914,12/05/2026,12:14,12:21,0,9
8337,3,2216,12/05/2026,12:31,12:38,0,10
8338,3,2023,13/05/2026,09:26,09:46,0,1
8339,3,2214,13/05/2026,09:55,10:04,0,2
8340,3,2243,13/05/2026,10:08,10:23,0,3
8341,3,2282,13/05/2026,10:34,10:47,0,4
8342,3,2013,13/05/2026,10:52,11:06,0,5
8343,3,2145,13/05/2026,11:13,11:33,0,6
8344,3,2238,13/05/2026,11:37,11:44,0,7
8345,3,2277,13/05/2026,11:54,12:04,0,8
8346,3,2129,13/05/2026,12:08,,1,9
8347,3,2095,14/05/2026,09:24,09:34,0,1
8348,3,1926,14/05/2026,09:41,09:49,0,2
8349,3,2207,14/05/2026,09:59,10:17,0,3
8350,3,1976,14/05/2026,10:21,10:36,0,4
8351,3,1995,14/05/2026,10:40,10:54,0,5
8352,3,1984,14/05/2026,11:00,11:28,0,6
8353,3,2317,14/05/2026,11:36,12:03,0,7
8354,3,2210,14/05/2026,12:11,,0,8
8355,3,2802,16/05/2026,09:11,09:29,0,1
8356,3,2297,16/05/2026,09:34,09:49,0,2
8357,3,2049,16/05/2026,09:55,10:24,0,3
8358,3,2150,16/05/2026,10:31,10:42,0,4
8359,3,2331,16/05/2026,10:46,11:04,0,5
8360,3,1935,16/05/2026,11:12,11:33,0,6
8361,3,2152,16/05/2026,11:37,11:50,0,7
8362,3,2000,16/05/2026,11:56,12:11,0,8
8363,3,2147,16/05/2026,12:19,12:28,0,9
8364,3,2180,16/05/2026,12:40,12:48,0,10
8365,3,2055,16/05/2026,12:56,13:17,0,11
8366,3,2805,17/05/2026,09:09,09:32,0,1
8367,3,1922,17/05/2026,09:38,09:54,0,2
8368,3,1958,17/05/2026,10:02,10:12,0,3
8369,3,1998,17/05/2026,10:18,10:25,0,4
8370,3,2128,17/05/2026,10:33,10:56,0,5
8371,3,2159,17/05/2026,11:05,,0,6
8372,3,2327,17/05/2026,11:25,11:42,0,7
8373,3,2087,17/05/2026,11:48,12:08,0,8
8374,3,2177,17/05/2026,12:13,12:37,0,9
8375,3,1945,17/05/2026,12:41,12:52,0,10
8376,3,2238,17/05/2026,12:56,13:03,0,11
8377,3,2059,18/05/2026,09:13,09:28,0,1
8378,3,2143,18/05/2026,09:39,10:06,0,2
8379,3,2137,18/05/2026,10:13,10:36,0,3
8380,3,2311,18/05/2026,10:45,11:05,0,4
8381,3,2127,18/05/2026,11:10,11:26,0,5
8382,3,2273,18/05/2026,11:39,11:46,0,6
8383,3,1991,18/05/2026,11:52,12:12,0,7
8384,3,2308,18/05/2026,12:16,12:23,0,8
8385,3,2080,19/05/2026,09:20,09:38,0,1
8386,3,2099,19/05/2026,09:42,09:51,0,2
8387,3,2097,19/05/2026,09:56,10:24,0,3
8388,3,2813,19/05/2026,10:30,,0,4
8389,3,2247,19/05/2026,11:01,11:28,0,5
8390,3,2212,19/05/2026,11:34,11:45,0,6
8391,3,1936,19/05/2026,11:52,12:01,0,7
8392,3,2144,19/05/2026,12:05,12:14,0,8
8393,3,2309,19/05/2026,12:18,12:32,0,9
8394,3,2050,19/05/2026,12:39,13:00,0,10
8395,3,2046,20/05/2026,09:18,09:34,0,1
8396,3,1948,20/05/2026,09:39,09:54,0,2
8397,3,2048,20/05/2026,10:00,10:07,0,3
8398,3,2125,20/05/2026,10:16,10:38,0,4
8399,3,2207,20/05/2026,10:51,11:08,0,5
8400,3,2018,20/05/2026,11:14,11:21,0,6
8401,3,2033,21/05/2026,09:22,09:40,0,1
8402,3,2321,21/05/2026,09:49,10:15,0,2
8403,3,2247,21/05/2026,10:23,10:45,0,3
8404,3,2021,21/05/2026,10:54,,0,4
8405,3,1976,21/05/2026,11:28,,0,5
8406,3,1927,21/05/2026,11:58,12:17,0,6
8407,3,2222,21/05/2026,12:27,12:34,0,7
8408,3,1929,21/05/2026,12:39,12:56,0,8
8409,3,1950,21/05/2026,13:05,13:20,0,9
8410,3,2338,23/05/2026,09:19,,0,1
8411,3,2297,23/05/2026,09:30,09:45,0,2
8412,3,2330,23/05/2026,09:50,10:12,0,3
8413,3,2093,23/05/2026,10:21,10:28,0,4
8414,3,2338,23/05/2026,10:32,10:40,0,5
8415,3,2018,23/05/2026,10:51,11:09,0,6
8416,3,2281,24/05/2026,09:22,09:38,0,1
8417,3,2247,24/05/2026,09:51,10:07,0,2
8418,3,1945,24/05/2026,10:15,10:24,0,3
8419,3,1978,24/05/2026,10:28,10:48,0,4
8420,3,2227,24/05/2026,10:59,11:12,0,5
8421,3,2337,24/05/2026,11:17,11:34,0,6
8422,3,2125,24/05/2026,11:40,12:04,0,7
8423,3,2116,25/05/2026,09:21,09:35,0,1
8424,3,2076,25/05/2026,09:40,09:58,0,2
8425,3,2193,25/05/2026,10:05,,1,3
8426,3,1926,25/05/2026,10:25,10:58,0,4
8427,3,2201,25/05/2026,11:07,11:29,0,5
8428,3,1996,25/05/2026,11:33,11:49,0,6
8429,3,2011,25/05/2026,11:55,12:14,0,7
8430,3,1964,25/05/2026,12:21,,0,8
8431,3,2331,26/05/2026,09:24,09:39,0,1
8432,3,1933,26/05/2026,09:43,10:08,0,2
8433,3,2049,26/05/2026,10:15,10:37,0,3
8434,3,2274,26/05/2026,10:46,,1,4
8435,3,2204,26/05/2026,11:09,11:16,0,5
8436,3,2109,26/05/2026,11:25,11:34,0,6
8437,3,2805,26/05/2026,11:38,12:00,0,7
8438,3,1946,26/05/2026,12:04,12:17,0,8
8439,3,2144,27/05/2026,09:28,09:41,0,1
8440,3,2044,27/05/2026,09:51,10:05,0,2
8441,3,2272,27/05/2026,10:12,10:35,0,3
8442,3,2267,27/05/2026,10:44,,0,4
8443,3,1891,27/05/2026,10:59,11:19,0,5
8444,3,2028,27/05/2026,11:23,11:44,0,6
8445,3,1908,27/05/2026,11:51,12:00,0,7
8446,3,1936,27/05/2026,12:07,,0,8
8447,3,2068,27/05/2026,12:39,12:46,0,9
8448,3,1917,27/05/2026,12:55,13:11,0,10
8449,3,2304,27/05/2026,13:15,13:25,0,11
8450,3,2282,28/05/2026,09:32,10:00,0,1
8451,3,2127,28/05/2026,10:07,10:14,0,2
8452,3,2297,28/05/2026,10:19,10:40,0,3
8453,3,2083,28/05/2026,10:44,10:58,0,4
8454,3,2086,28/05/2026,11:02,11:18,0,5
8455,3,2135,28/05/2026,11:24,11:39,0,6
8456,3,2089,28/05/2026,11:48,12:07,0,7
8457,3,2282,28/05/2026,12:16,12:41,0,8
8458,3,2074,28/05/2026,12:49,13:01,0,9
8459,3,1917,28/05/2026,13:05,13:27,0,10
8460,3,2805,30/05/2026,09:29,09:37,0,1
8461,3,1906,30/05/2026,09:46,10:10,0,2
8462,3,1955,30/05/2026,10:21,10:44,0,3
8463,3,2087,30/05/2026,10:55,11:09,0,4
8464,3,2125,30/05/2026,11:17,11:36,0,5
8465,3,1953,30/05/2026,11:44,12:06,0,6
8466,3,1909,30/05/2026,12:15,12:27,0,7
8467,3,2299,30/05/2026,12:31,12:58,0,8
8468,3,1908,30/05/2026,13:11,13:18,0,9
8469,3,1996,30/05/2026,13:29,13:48,0,10
8470,3,2200,31/05/2026,09:31,09:46,0,1
8471,3,2147,31/05/2026,09:50,09:57,0,2
8472,3,2195,31/05/2026,10:08,,1,3
8473,3,2071,31/05/2026,10:37,10:44,0,4
8474,3,2192,31/05/2026,10:48,,0,5
8475,3,2055,31/05/2026,11:13,11:28,0,6
8476,3,2137,31/05/2026,11:32,11:49,0,7
8477,3,2169,31/05/2026,11:55,12:09,0,8
8478,3,2305,31/05/2026,12:15,12:27,0,9
8479,3,2082,31/05/2026,12:34,12:41,0,10
8480,3,2123,31/05/2026,12:55,,0,11
8481,3,2002,01/06/2026,09:06,09:20,0,1
8482,3,2023,01/06/2026,09:27,09:43,0,2
8483,3,2094,01/06/2026,09:54,10:06,0,3
8484,3,2254,01/06/2026,10:10,10:21,0,4
8485,3,1926,01/06/2026,10:26,10:51,0,5
8486,3,1906,01/06/2026,11:00,11:23,0,6
8487,3,2221,02/06/2026,09:27,,0,1
8488,3,2281,02/06/2026,09:38,09:47,0,2
8489,3,2019,02/06/2026,10:00,10:11,0,3
8490,3,2317,02/06/2026,10:21,10:43,0,4
8491,3,2227,02/06/2026,10:51,11:02,0,5
8492,3,1997,02/06/2026,11:09,11:23,0,6
8493,3,1902,02/06/2026,11:30,11:42,0,7
8494,3,2801,02/06/2026,11:46,11:53,0,8
8495,3,2214,03/06/2026,09:16,09:28,0,1
8496,3,1916,03/06/2026,09:32,09:46,0,2
8497,3,2088,03/06/2026,09:55,10:30,0,3
8498,3,2167,03/06/2026,10:39,,0,4
8499,3,2201,03/06/2026,11:00,11:18,0,5
8500,3,2237,03/06/2026,11:23,11:43,0,6
8501,3,1949,03/06/2026,11:47,,1,7
8502,3,2037,04/06/2026,09:08,09:31,0,1
8503,3,2249,04/06/2026,09:35,09:47,0,2
8504,3,2296,04/06/2026,09:54,10:11,0,3
8505,3,2145,04/06/2026,10:21,10:42,0,4
8506,3,2034,04/06/2026,10:49,11:03,0,5
8507,3,2286,04/06/2026,11:14,11:33,0,6
8508,3,2106,04/06/2026,11:42,11:49,0,7
8509,3,2232,04/06/2026,11:54,12:01,0,8
8510,3,2133,04/06/2026,12:10,12:30,0,9
8511,3,1993,04/06/2026,12:34,,1,10
8512,3,2236,04/06/2026,13:09,13:27,0,11
8513,3,2135,06/06/2026,09:12,09:31,0,1
8514,3,2130,06/06/2026,09:38,10:05,0,2
8515,3,1977,06/06/2026,10:14,10:23,0,3
8516,3,2231,06/06/2026,10:32,10:41,0,4
8517,3,2117,06/06/2026,10:47,11:04,0,5
8518,3,2024,06/06/2026,11:15,11:30,0,6
8519,3,2230,06/06/2026,11:34,11:41,0,7
8520,3,2070,06/06/2026,11:46,11:53,0,8
8521,3,2111,07/06/2026,09:21,09:28,0,1
8522,3,2819,07/06/2026,09:34,09:53,0,2
8523,3,1894,07/06/2026,10:02,10:29,0,3
8524,3,1954,07/06/2026,10:35,10:46,0,4
8525,3,2105,07/06/2026,10:56,11:14,0,5
8526,3,1922,07/06/2026,11:22,11:44,0,6
8527,3,2270,08/06/2026,09:27,09:37,0,1
8528,3,1991,08/06/2026,09:46,10:01,0,2
8529,3,2316,08/06/2026,10:05,10:24,0,3
8530,3,1993,08/06/2026,10:30,10:45,0,4
8531,3,1972,08/06/2026,10:54,11:03,0,5
8532,3,2040,08/06/2026,11:10,11:22,0,6
8533,3,2056,08/06/2026,11:30,11:52,0,7
8534,3,1908,08/06/2026,11:56,12:14,0,8
8535,3,2050,08/06/2026,12:22,12:38,0,9
8536,3,2123,08/06/2026,12:46,13:05,0,10
8537,3,2231,09/06/2026,09:24,09:46,0,1
8538,3,2262,09/06/2026,09:52,10:11,0,2
8539,3,2210,09/06/2026,10:19,10:29,0,3
8540,3,2305,09/06/2026,10:36,10:53,0,4
8541,3,2322,09/06/2026,11:01,11:15,0,5
8542,3,2192,09/06/2026,11:27,11:34,0,6
8543,3,2083,10/06/2026,09:34,,0,1
8544,3,2045,10/06/2026,09:47,10:01,0,2
8545,3,1904,10/06/2026,10:05,10:29,0,3
8546,3,2043,10/06/2026,10:33,10:47,0,4
8547,3,1966,10/06/2026,10:51,11:04,0,5
8548,3,2002,10/06/2026,11:16,11:30,0,6
8549,3,2213,10/06/2026,11:34,11:44,0,7
8550,3,2212,10/06/2026,11:50,12:01,0,8
8551,3,2801,10/06/2026,12:09,12:18,0,9
8552,3,2085,10/06/2026,12:22,12:51,0,10
8553,3,2177,11/06/2026,09:19,09:37,0,1
8554,3,2096,11/06/2026,09:41,09:56,0,2
8555,3,2084,11/06/2026,10:05,10:29,0,3
8556,3,2084,11/06/2026,10:37,10:47,0,4
8557,3,2012,11/06/2026,10:59,,0,5
8558,3,1923,11/06/2026,11:25,,0,6
8559,3,2135,11/06/2026,12:06,12:22,0,7
8560,3,2245,13/06/2026,09:16,09:30,0,1
8561,3,1927,13/06/2026,09:36,09:53,0,2
8562,3,2322,13/06/2026,09:59,10:15,0,3
8563,3,2118,13/06/2026,10:27,10:49,0,4
8564,3,2309,13/06/2026,10:59,11:19,0,5
8565,3,1917,13/06/2026,11:23,11:43,0,6
8566,3,1961,14/06/2026,09:27,09:35,0,1
8567,3,2069,14/06/2026,09:41,,0,2
8568,3,2091,14/06/2026,10:03,10:28,0,3
8569,3,2186,14/06/2026,10:33,10:50,0,4
8570,3,2232,14/06/2026,11:01,11:15,0,5
8571,3,2232,14/06/2026,11:19,11:29,0,6
8572,3,2309,14/06/2026,11:37,11:47,0,7
8573,3,2299,14/06/2026,11:53,12:05,0,8
8574,3,2156,14/06/2026,12:11,12:20,0,9
8575,3,2167,14/06/2026,12:29,12:45,0,10
8576,3,2293,14/06/2026,12:49,13:02,0,11
8577,3,2335,15/06/2026,09:08,09:33,0,1
8578,3,2135,15/06/2026,09:40,09:47,0,2
8579,3,1906,15/06/2026,09:53,10:14,0,3
8580,3,1912,15/06/2026,10:18,10:44,0,4
8581,3,2057,15/06/2026,10:52,11:09,0,5
8582,3,2228,15/06/2026,11:13,11:35,0,6
8583,3,2048,16/06/2026,09:39,09:47,0,1
8584,3,2121,16/06/2026,09:51,10:01,0,2
8585,3,1986,16/06/2026,10:11,10:38,0,3
8586,3,2154,16/06/2026,10:43,11:16,0,4
8587,3,2217,16/06/2026,11:21,11:39,0,5
8588,3,2326,16/06/2026,11:47,11:56,0,6
8589,3,2048,16/06/2026,12:01,12:09,0,7
8590,3,2115,16/06/2026,12:16,12:40,0,8
8591,3,2335,16/06/2026,12:44,13:02,0,9
8592,3,2252,16/06/2026,13:13,13:26,0,10
8593,3,2250,16/06/2026,13:38,13:54,0,11
8594,3,2222,17/06/2026,09:32,09:57,0,1
8595,3,2314,17/06/2026,10:06,10:27,0,2
8596,3,2277,17/06/2026,10:35,10:54,0,3
8597,3,2071,17/06/2026,11:01,11:09,0,4
8598,3,1993,17/06/2026,11:18,11:39,0,5
8599,3,1915,17/06/2026,11:48,11:58,0,6
8600,3,1911,17/06/2026,12:06,12:27,0,7
8601,3,2255,17/06/2026,12:31,12:52,0,8
8602,3,1890,17/06/2026,13:03,13:19,0,9
8603,3,2070,17/06/2026,13:26,13:36,0,10
8604,3,2053,18/06/2026,09:34,,0,1
8605,3,2084,18/06/2026,09:48,10:04,0,2
8606,3,2133,18/06/2026,10:11,10:34,0,3
8607,3,2170,18/06/2026,10:41,10:59,0,4
8608,3,2207,18/06/2026,11:05,11:23,0,5
8609,3,2212,18/06/2026,11:27,11:42,0,6
8610,3,2184,18/06/2026,11:46,12:14,0,7
8611,3,2071,18/06/2026,12:18,12:29,0,8
8612,3,2073,18/06/2026,12:37,12:58,0,9
8613,3,2166,18/06/2026,13:04,13:31,0,10
8614,3,2088,20/06/2026,09:31,09:47,0,1
8615,3,2182,20/06/2026,09:51,10:00,0,2
8616,3,2135,20/06/2026,10:10,10:24,0,3
8617,3,1936,20/06/2026,10:34,10:42,0,4
8618,3,2801,20/06/2026,10:55,11:06,0,5
8619,3,2306,20/06/2026,11:11,11:29,0,6
8620,3,2297,20/06/2026,11:39,11:59,0,7
8621,3,2163,20/06/2026,12:07,12:33,0,8
8622,3,2161,20/06/2026,12:46,13:04,0,9
8623,3,1936,20/06/2026,13:09,13:21,0,10
8624,3,2319,20/06/2026,13:30,13:44,0,11
8625,3,2209,21/06/2026,09:06,09:22,0,1
8626,3,2121,21/06/2026,09:26,09:39,0,2
8627,3,2239,21/06/2026,09:48,09:59,0,3
8628,3,2288,21/06/2026,10:07,10:24,0,4
8629,3,2200,21/06/2026,10:38,10:55,0,5
8630,3,2327,21/06/2026,11:02,11:20,0,6
8631,3,2196,21/06/2026,11:24,11:44,0,7
8632,3,2236,21/06/2026,11:52,12:08,0,8
8633,3,2221,21/06/2026,12:16,12:23,0,9
8634,3,1890,22/06/2026,09:09,09:20,0,1
8635,3,2316,22/06/2026,09:24,09:33,0,2
8636,3,2024,22/06/2026,09:39,09:57,0,3
8637,3,2095,22/06/2026,10:03,10:20,0,4
8638,3,2101,22/06/2026,10:24,10:41,0,5
8639,3,2085,22/06/2026,10:47,11:11,0,6
8640,3,2173,22/06/2026,11:17,11:35,0,7
8641,3,1921,22/06/2026,11:39,12:05,0,8
8642,3,2235,22/06/2026,12:15,12:39,0,9
8643,3,2047,23/06/2026,09:18,09:28,0,1
8644,3,2064,23/06/2026,09:34,,0,2
8645,3,2292,23/06/2026,09:58,10:16,0,3
8646,3,1965,23/06/2026,10:28,10:41,0,4
8647,3,2219,23/06/2026,10:50,11:10,0,5
8648,3,2022,23/06/2026,11:15,11:27,0,6
8649,3,2300,23/06/2026,11:34,12:01,0,7
8650,3,2208,23/06/2026,12:06,12:35,0,8
8651,3,2308,23/06/2026,12:39,12:51,0,9
8652,3,1961,23/06/2026,12:57,,0,10
8653,3,2180,23/06/2026,13:17,13:35,0,11
8654,3,2083,24/06/2026,09:17,09:36,0,1
8655,3,2253,24/06/2026,09:46,10:11,0,2
8656,3,2000,24/06/2026,10:15,10:31,0,3
8657,3,2070,24/06/2026,10:36,10:43,0,4
8658,3,2315,24/06/2026,10:50,11:05,0,5
8659,3,1910,24/06/2026,11:09,11:23,0,6
8660,3,2269,24/06/2026,11:36,11:43,0,7
8661,3,2047,25/06/2026,09:18,09:48,0,1
8662,3,2088,25/06/2026,09:52,10:09,0,2
8663,3,1965,25/06/2026,10:13,10:29,0,3
8664,3,2114,25/06/2026,10:34,10:55,0,4
8665,3,1940,25/06/2026,11:06,11:13,0,5
8666,3,1984,25/06/2026,11:18,11:39,0,6
8667,3,2152,25/06/2026,11:47,12:06,0,7
8668,3,2022,27/06/2026,09:18,09:27,0,1
8669,3,2177,27/06/2026,09:34,09:45,0,2
8670,3,2257,27/06/2026,09:49,10:03,0,3
8671,3,2009,27/06/2026,10:08,10:20,0,4
8672,3,2148,27/06/2026,10:24,10:31,0,5
8673,3,2256,27/06/2026,10:36,,0,6
8674,3,1907,27/06/2026,11:02,11:13,0,7
8675,3,2243,27/06/2026,11:23,11:39,0,8
8676,3,2008,27/06/2026,11:44,11:53,0,9
8677,3,2157,27/06/2026,12:00,12:19,0,10
8678,3,1951,27/06/2026,12:31,12:39,0,11
8679,3,2174,28/06/2026,09:18,09:38,0,1
8680,3,1936,28/06/2026,09:42,09:58,0,2
8681,3,2066,28/06/2026,10:08,10:36,0,3
8682,3,2135,28/06/2026,10:47,11:02,0,4
8683,3,2193,28/06/2026,11:15,11:33,0,5
8684,3,2037,28/06/2026,11:40,12:07,0,6
8685,3,2314,28/06/2026,12:11,12:30,0,7
8686,3,2290,28/06/2026,12:34,12:55,0,8
8687,3,2087,28/06/2026,12:59,13:15,0,9
8688,3,1955,28/06/2026,13:20,13:33,0,10
8689,3,2024,29/06/2026,09:25,09:42,0,1
8690,3,2184,29/06/2026,09:47,10:06,0,2
8691,3,2169,29/06/2026,10:12,10:32,0,3
8692,3,2321,29/06/2026,10:39,11:00,0,4
8693,3,2161,29/06/2026,11:09,,0,5
8694,3,1927,29/06/2026,11:27,11:38,0,6
8695,3,2277,29/06/2026,11:48,12:00,0,7
8696,3,2813,29/06/2026,12:07,12:21,0,8
8697,3,2313,29/06/2026,12:29,12:47,0,9
8698,3,2200,29/06/2026,12:51,13:03,0,10
8699,3,2301,30/06/2026,09:35,09:57,0,1
8700,3,2128,30/06/2026,10:07,,0,2
8701,3,2052,30/06/2026,10:31,10:49,0,3
8702,3,2082,30/06/2026,10:56,11:03,0,4
8703,3,2233,30/06/2026,11:10,11:43,0,5
8704,3,2182,30/06/2026,11:50,12:10,0,6
8705,3,2235,30/06/2026,12:14,12:41,0,7
8706,3,2298,30/06/2026,12:45,13:01,0,8
8707,3,2012,30/06/2026,13:05,,0,9
8708,3,2802,30/06/2026,13:43,14:03,0,10
8709,3,2306,01/07/2026,09:30,09:42,0,1
8710,3,2256,01/07/2026,09:50,10:14,0,2
8711,3,2135,01/07/2026,10:23,10:40,0,3
8712,3,1956,01/07/2026,10:44,10:54,0,4
8713,3,2813,01/07/2026,11:03,11:18,0,5
8714,3,1923,01/07/2026,11:26,11:47,0,6
8715,3,2057,02/07/2026,09:28,09:47,0,1
8716,3,2185,02/07/2026,09:55,10:14,0,2
8717,3,2002,02/07/2026,10:20,10:27,0,3
8718,3,1938,02/07/2026,10:34,10:41,0,4
8719,3,2087,02/07/2026,10:52,11:20,0,5
8720,3,1894,02/07/2026,11:24,11:42,0,6
8721,3,2238,02/07/2026,11:46,11:56,0,7
8722,3,2068,02/07/2026,12:00,,0,8
8723,3,2295,02/07/2026,12:26,12:43,0,9
8724,3,2152,02/07/2026,12:49,13:15,0,10
8725,3,1947,04/07/2026,09:18,09:44,0,1
8726,3,2272,04/07/2026,09:51,10:17,0,2
8727,3,1985,04/07/2026,10:26,10:56,0,3
8728,3,2009,04/07/2026,11:00,11:19,0,4
8729,3,2221,04/07/2026,11:32,11:51,0,5
8730,3,1923,04/07/2026,11:55,12:16,0,6
8731,3,2285,04/07/2026,12:24,12:38,0,7
8732,3,2068,04/07/2026,12:45,12:54,0,8
8733,3,2115,04/07/2026,12:58,13:20,0,9
8734,3,1891,04/07/2026,13:26,13:38,0,10
8735,3,2309,05/07/2026,09:16,09:40,0,1
8736,3,2802,05/07/2026,09:47,09:56,0,2
8737,3,2042,05/07/2026,10:00,10:07,0,3
8738,3,1936,05/07/2026,10:11,,0,4
8739,3,2142,05/07/2026,10:46,11:03,0,5
8740,3,2071,05/07/2026,11:09,11:16,0,6
8741,3,1909,05/07/2026,11:22,11:36,0,7
8742,3,2019,05/07/2026,11:48,11:55,0,8
8743,3,1906,05/07/2026,12:00,12:20,0,9
8744,3,1993,06/07/2026,09:10,09:33,0,1
8745,3,2250,06/07/2026,09:39,09:57,0,2
8746,3,2152,06/07/2026,10:09,10:21,0,3
8747,3,2012,06/07/2026,10:28,10:51,0,4
8748,3,2070,06/07/2026,11:02,11:16,0,5
8749,3,2051,06/07/2026,11:28,11:58,0,6
8750,3,2255,07/07/2026,09:20,09:50,0,1
8751,3,2222,07/07/2026,10:01,10:17,0,2
8752,3,2247,07/07/2026,10:25,10:44,0,3
8753,3,2200,07/07/2026,10:49,11:07,0,4
8754,3,2241,07/07/2026,11:17,11:41,0,5
8755,3,1897,07/07/2026,11:46,12:02,0,6
8756,3,2031,07/07/2026,12:09,12:40,0,7
8757,3,2212,07/07/2026,12:44,12:55,0,8
8758,3,2329,07/07/2026,13:04,13:14,0,9
8759,3,2326,07/07/2026,13:18,13:28,0,10
8760,3,2008,08/07/2026,09:12,09:22,0,1
8761,3,2103,08/07/2026,09:26,09:43,0,2
8762,3,2096,08/07/2026,09:47,10:06,0,3
8763,3,2135,08/07/2026,10:10,10:22,0,4
8764,3,1904,08/07/2026,10:30,11:01,0,5
8765,3,2256,08/07/2026,11:05,11:16,0,6
8766,3,1987,09/07/2026,09:11,,0,1
8767,3,2306,09/07/2026,09:34,09:55,0,2
8768,3,2127,09/07/2026,10:02,10:11,0,3
8769,3,2086,09/07/2026,10:17,,0,4
8770,3,2127,09/07/2026,10:51,11:08,0,5
8771,3,2176,09/07/2026,11:16,11:36,0,6
8772,3,1971,09/07/2026,11:41,12:01,0,7
8773,3,2019,09/07/2026,12:11,12:23,0,8
8774,3,1969,09/07/2026,12:27,12:46,0,9
8775,3,2142,09/07/2026,12:54,13:08,0,10
8776,3,2104,11/07/2026,09:11,09:34,0,1
8777,3,2002,11/07/2026,09:42,10:02,0,2
8778,3,1934,11/07/2026,10:11,10:19,0,3
8779,3,2135,11/07/2026,10:28,10:46,0,4
8780,3,2291,11/07/2026,10:50,11:07,0,5
8781,3,2222,11/07/2026,11:11,11:22,0,6
8782,3,2303,11/07/2026,11:26,11:41,0,7
8783,3,1910,12/07/2026,09:20,09:38,0,1
8784,3,1985,12/07/2026,09:47,10:15,0,2
8785,3,2248,12/07/2026,10:22,10:34,0,3
8786,3,2210,12/07/2026,10:44,10:59,0,4
8787,3,2076,12/07/2026,11:09,11:20,0,5
8788,3,1989,12/07/2026,11:27,11:35,0,6
8789,3,2174,12/07/2026,11:40,11:58,0,7
8790,3,2117,13/07/2026,09:33,,0,1
8791,3,2051,13/07/2026,10:01,10:19,0,2
8792,3,2186,13/07/2026,10:27,10:42,0,3
8793,3,2177,13/07/2026,10:48,11:10,0,4
8794,3,2153,13/07/2026,11:14,11:29,0,5
8795,3,1977,13/07/2026,11:40,11:51,0,6
8796,3,2034,13/07/2026,11:55,12:09,0,7
8797,3,2180,13/07/2026,12:15,12:32,0,8
8798,3,2286,13/07/2026,12:43,,0,9
8799,3,2181,13/07/2026,12:56,13:16,0,10
8800,3,1962,13/07/2026,13:25,13:48,0,11
8801,3,1891,14/07/2026,09:33,09:52,0,1
8802,3,2102,14/07/2026,09:57,10:25,0,2
8803,3,1951,14/07/2026,10:32,10:50,0,3
8804,3,2199,14/07/2026,11:00,11:10,0,4
8805,3,2018,14/07/2026,11:22,11:38,0,5
8806,3,2330,14/07/2026,11:47,11:59,0,6
8807,3,1951,14/07/2026,12:04,12:21,0,7
8808,3,2225,14/07/2026,12:29,12:49,0,8
8809,3,2142,14/07/2026,12:53,13:07,0,9
8810,3,1962,15/07/2026,09:14,09:31,0,1
8811,3,2161,15/07/2026,09:38,09:51,0,2
8812,3,2050,15/07/2026,09:58,10:24,0,3
8813,3,2144,15/07/2026,10:32,,1,4
8814,3,2208,15/07/2026,10:46,10:56,0,5
8815,3,2298,15/07/2026,11:04,11:14,0,6
8816,3,1976,15/07/2026,11:24,11:45,0,7
8817,3,2249,16/07/2026,09:32,09:51,0,1
8818,3,2333,16/07/2026,09:58,10:17,0,2
8819,3,2002,16/07/2026,10:27,10:46,0,3
8820,3,2087,16/07/2026,10:55,11:14,0,4
8821,3,1988,16/07/2026,11:18,11:30,0,5
8822,3,1958,16/07/2026,11:34,11:51,0,6
8823,3,2281,16/07/2026,12:00,12:21,0,7
8824,3,2253,16/07/2026,12:32,12:56,0,8
8825,3,2058,16/07/2026,13:06,13:23,0,9
8826,3,1969,16/07/2026,13:27,13:54,0,10
8827,3,1891,16/07/2026,13:58,,0,11
8828,3,2281,18/07/2026,09:30,09:54,0,1
8829,3,2150,18/07/2026,10:02,10:19,0,2
8830,3,1970,18/07/2026,10:29,10:44,0,3
8831,3,2176,18/07/2026,10:48,11:07,0,4
8832,3,2268,18/07/2026,11:15,11:28,0,5
8833,3,1926,18/07/2026,11:37,11:54,0,6
8834,3,2327,18/07/2026,12:01,12:22,0,7
8835,3,1988,18/07/2026,12:26,12:46,0,8
8836,3,2047,18/07/2026,12:50,13:06,0,9
8837,3,2272,18/07/2026,13:13,13:33,0,10
8838,3,2277,19/07/2026,09:22,09:29,0,1
8839,3,2022,19/07/2026,09:33,09:55,0,2
8840,3,2231,19/07/2026,09:59,10:13,0,3
8841,3,2098,19/07/2026,10:20,10:32,0,4
8842,3,1970,19/07/2026,10:40,10:48,0,5
8843,3,1966,19/07/2026,10:59,11:19,0,6
8844,3,2033,19/07/2026,11:23,11:30,0,7
8845,3,1997,19/07/2026,11:39,12:04,0,8
8846,3,2114,19/07/2026,12:10,12:28,0,9
8847,3,2011,19/07/2026,12:38,13:04,0,10
8848,3,1933,20/07/2026,09:24,09:49,0,1
8849,3,2265,20/07/2026,09:56,10:14,0,2
8850,3,1999,20/07/2026,10:18,10:37,0,3
8851,3,2282,20/07/2026,10:42,11:03,0,4
8852,3,1990,20/07/2026,11:13,11:28,0,5
8853,3,1965,20/07/2026,11:34,11:59,0,6
8854,3,2318,20/07/2026,12:05,12:29,0,7
8855,3,1910,21/07/2026,09:12,09:22,0,1
8856,3,2137,21/07/2026,09:26,09:45,0,2
8857,3,2281,21/07/2026,09:52,10:03,0,3
8858,3,2277,21/07/2026,10:13,10:35,0,4
8859,3,2116,21/07/2026,10:44,10:52,0,5
8860,3,2057,21/07/2026,10:58,11:11,0,6
8861,3,2154,21/07/2026,11:16,11:36,0,7
8862,3,2316,22/07/2026,09:13,09:26,0,1
8863,3,1977,22/07/2026,09:30,09:37,0,2
8864,3,1911,22/07/2026,09:47,09:57,0,3
8865,3,1926,22/07/2026,10:04,10:27,0,4
8866,3,1969,22/07/2026,10:37,10:59,0,5
8867,3,1962,22/07/2026,11:04,11:27,0,6
8868,3,2019,22/07/2026,11:34,11:42,0,7
8869,3,2163,23/07/2026,09:24,09:36,0,1
8870,3,1956,23/07/2026,09:40,09:58,0,2
8871,3,2125,23/07/2026,10:04,10:25,0,3
8872,3,2048,23/07/2026,10:32,10:40,0,4
8873,3,1906,23/07/2026,10:51,11:07,0,5
8874,3,1952,23/07/2026,11:13,11:31,0,6
8875,3,2281,23/07/2026,11:39,11:46,0,7
8876,3,1984,23/07/2026,11:59,12:15,0,8
8877,3,2074,25/07/2026,09:24,09:35,0,1
8878,3,2250,25/07/2026,09:41,09:48,0,2
8879,3,2094,25/07/2026,09:58,10:26,0,3
8880,3,1979,25/07/2026,10:30,10:37,0,4
8881,3,2040,25/07/2026,10:41,10:53,0,5
8882,3,2157,25/07/2026,10:59,11:18,0,6
8883,3,2324,25/07/2026,11:25,11:45,0,7
8884,3,2316,25/07/2026,11:51,11:58,0,8
8885,3,2160,25/07/2026,12:07,12:21,0,9
8886,3,2286,25/07/2026,12:25,12:40,0,10
8887,3,2099,26/07/2026,09:19,09:30,0,1
8888,3,2071,26/07/2026,09:39,09:55,0,2
8889,3,2330,26/07/2026,10:04,10:20,0,3
8890,3,2092,26/07/2026,10:27,,0,4
8891,3,2277,26/07/2026,10:58,11:12,0,5
8892,3,2208,26/07/2026,11:21,11:42,0,6
8893,3,1944,26/07/2026,11:48,12:00,0,7
8894,3,2245,26/07/2026,12:05,12:27,0,8
8895,3,2142,27/07/2026,09:14,09:38,0,1
8896,3,2027,27/07/2026,09:51,10:20,0,2
8897,3,2167,27/07/2026,10:27,10:47,0,3
8898,3,1997,27/07/2026,10:51,11:20,0,4
8899,3,2295,27/07/2026,11:24,11:49,0,5
8900,3,2105,27/07/2026,11:58,12:11,0,6
8901,3,2172,27/07/2026,12:18,12:36,0,7
8902,3,2065,27/07/2026,12:46,13:11,0,8
8903,3,2154,27/07/2026,13:19,13:38,0,9
8904,3,2296,28/07/2026,09:25,09:34,0,1
8905,3,2023,28/07/2026,09:43,09:59,0,2
8906,3,2264,28/07/2026,10:09,,0,3
8907,3,2309,28/07/2026,10:24,10:47,0,4
8908,3,2332,28/07/2026,10:55,11:08,0,5
8909,3,1951,28/07/2026,11:13,11:29,0,6
8910,3,2004,29/07/2026,09:23,09:44,0,1
8911,3,2283,29/07/2026,09:57,10:11,0,2
8912,3,2306,29/07/2026,10:16,10:35,0,3
8913,3,2181,29/07/2026,10:43,11:05,0,4
8914,3,1990,29/07/2026,11:13,11:32,0,5
8915,3,2116,29/07/2026,11:36,11:47,0,6
8916,3,2153,29/07/2026,11:52,12:04,0,7
8917,3,2028,30/07/2026,09:18,09:33,0,1
8918,3,2257,30/07/2026,09:43,09:50,0,2
8919,3,2306,30/07/2026,09:57,10:10,0,3
8920,3,2243,30/07/2026,10:14,,0,4
8921,3,2045,30/07/2026,10:27,10:38,0,5
8922,3,2127,30/07/2026,10:42,10:54,0,6
8923,3,2269,30/07/2026,10:58,,0,7
8924,3,2302,30/07/2026,11:12,11:20,0,8
8925,3,2302,30/07/2026,11:28,11:45,0,9
8926,3,2143,30/07/2026,11:50,12:06,0,10
8927,3,2263,30/07/2026,12:13,12:30,0,11
8928,3,2237,01/08/2026,09:20,09:34,0,1
8929,3,2155,01/08/2026,09:38,09:50,0,2
8930,3,2212,01/08/2026,09:55,10:15,0,3
8931,3,2117,01/08/2026,10:19,10:40,0,4
8932,3,2265,01/08/2026,10:46,11:00,0,5
8933,3,2204,01/08/2026,11:10,11:24,0,6
8934,3,2091,01/08/2026,11:29,11:48,0,7
8935,3,2098,01/08/2026,11:57,12:21,0,8
8936,3,2102,01/08/2026,12:32,12:55,0,9
8937,3,2173,01/08/2026,13:01,13:18,0,10
8938,3,2130,01/08/2026,13:23,13:47,0,11
8939,3,1990,02/08/2026,09:29,09:45,0,1
8940,3,2069,02/08/2026,09:52,10:14,0,2
8941,3,1980,02/08/2026,10:18,10:29,0,3
8942,3,1938,02/08/2026,10:40,10:47,0,4
8943,3,2088,02/08/2026,10:55,11:15,0,5
8944,3,2235,02/08/2026,11:19,11:41,0,6
8945,3,2066,02/08/2026,11:52,12:20,0,7
8946,3,2088,03/08/2026,09:07,09:18,0,1
8947,3,2189,03/08/2026,09:24,09:44,0,2
8948,3,1929,03/08/2026,09:50,09:58,0,3
8949,3,2083,03/08/2026,10:04,10:13,0,4
8950,3,2181,03/08/2026,10:23,10:36,0,5
8951,3,2096,03/08/2026,10:41,10:57,0,6
8952,3,2186,04/08/2026,09:24,09:47,0,1
8953,3,1895,04/08/2026,09:52,10:00,0,2
8954,3,2802,04/08/2026,10:06,10:13,0,3
8955,3,2055,04/08/2026,10:22,10:29,0,4
8956,3,2185,04/08/2026,10:33,10:58,0,5
8957,3,2223,04/08/2026,11:02,11:11,0,6
8958,3,2337,04/08/2026,11:19,11:46,0,7
8959,3,2199,04/08/2026,11:50,12:13,0,8
8960,3,1968,04/08/2026,12:21,12:28,0,9
8961,3,2175,04/08/2026,12:33,12:44,0,10
8962,3,2208,04/08/2026,12:49,13:06,0,11
8963,3,1958,05/08/2026,09:28,09:47,0,1
8964,3,2248,05/08/2026,09:51,10:03,0,2
8965,3,2051,05/08/2026,10:08,10:19,0,3
8966,3,2055,05/08/2026,10:29,,0,4
8967,3,2287,05/08/2026,10:55,11:15,0,5
8968,3,2091,05/08/2026,11:23,11:34,0,6
8969,3,2338,05/08/2026,11:45,,0,7
8970,3,1968,06/08/2026,09:17,09:29,0,1
8971,3,2043,06/08/2026,09:35,10:00,0,2
8972,3,2031,06/08/2026,10:09,10:24,0,3
8973,3,2200,06/08/2026,10:31,10:43,0,4
8974,3,1891,06/08/2026,10:53,11:14,0,5
8975,3,2213,06/08/2026,11:21,11:28,0,6
8976,3,2145,06/08/2026,11:34,11:44,0,7
8977,3,2153,06/08/2026,11:54,12:04,0,8
8978,3,1927,06/08/2026,12:13,12:38,0,9
8979,3,1936,06/08/2026,12:44,13:08,0,10
8980,3,2199,06/08/2026,13:12,13:33,0,11
8981,3,2095,08/08/2026,09:24,09:36,0,1
8982,3,2051,08/08/2026,09:44,09:51,0,2
8983,3,2088,08/08/2026,10:00,10:21,0,3
8984,3,2327,08/08/2026,10:28,10:37,0,4
8985,3,1963,08/08/2026,10:42,10:59,0,5
8986,3,2262,08/08/2026,11:03,11:19,0,6
8987,3,2296,08/08/2026,11:24,11:55,0,7
8988,3,1890,08/08/2026,12:02,12:09,0,8
8989,3,2331,08/08/2026,12:13,12:29,0,9
8990,3,2170,08/08/2026,12:33,12:44,0,10
8991,3,1917,09/08/2026,09:11,09:28,0,1
8992,3,1901,09/08/2026,09:34,09:58,0,2
8993,3,1906,09/08/2026,10:03,10:21,0,3
8994,3,1919,09/08/2026,10:32,10:45,0,4
8995,3,1913,09/08/2026,10:53,11:01,0,5
8996,3,2104,09/08/2026,11:05,11:19,0,6
8997,3,1985,09/08/2026,11:23,11:40,0,7
8998,3,1941,09/08/2026,11:45,12:02,0,8
8999,3,2149,09/08/2026,12:08,12:15,0,9
9000,3,2152,10/08/2026,09:28,09:59,0,1
9001,3,1891,10/08/2026,10:04,10:24,0,2
9002,3,2208,10/08/2026,10:33,10:46,0,3
9003,3,2320,10/08/2026,10:57,11:18,0,4
9004,3,2028,10/08/2026,11:22,11:38,0,5
9005,3,2288,10/08/2026,11:42,12:08,0,6
9006,3,2073,10/08/2026,12:12,12:28,0,7
9007,3,2059,10/08/2026,12:32,12:47,0,8
9008,3,2006,10/08/2026,12:57,13:12,0,9
9009,3,2175,11/08/2026,09:15,09:27,0,1
9010,3,2259,11/08/2026,09:36,09:51,0,2
9011,3,2011,11/08/2026,09:58,10:21,0,3
9012,3,2136,11/08/2026,10:33,10:48,0,4
9013,3,2173,11/08/2026,10:55,11:15,0,5
9014,3,2006,11/08/2026,11:23,11:30,0,6
9015,3,2274,11/08/2026,11:37,12:04,0,7
9016,3,2247,12/08/2026,09:14,09:37,0,1
9017,3,2312,12/08/2026,09:41,10:05,0,2
9018,3,1918,12/08/2026,10:09,10:33,0,3
9019,3,2249,12/08/2026,10:41,10:56,0,4
9020,3,2258,12/08/2026,11:00,,1,5
9021,3,2801,12/08/2026,11:20,11:33,0,6
9022,3,2027,12/08/2026,11:37,11:59,0,7
9023,3,2059,12/08/2026,12:07,12:27,0,8
9024,3,2117,13/08/2026,09:23,09:48,0,1
9025,3,2113,13/08/2026,09:55,10:04,0,2
9026,3,2096,13/08/2026,10:08,10:27,0,3
9027,3,2330,13/08/2026,10:39,10:55,0,4
9028,3,2325,13/08/2026,10:59,11:06,0,5
9029,3,1914,13/08/2026,11:12,11:36,0,6
9030,3,2167,13/08/2026,11:40,11:58,0,7
9031,3,2057,13/08/2026,12:03,12:16,0,8
9032,3,1927,13/08/2026,12:20,12:39,0,9
9033,3,2177,13/08/2026,12:43,12:52,0,10
9034,3,2325,13/08/2026,12:56,13:08,0,11
9035,3,2214,15/08/2026,09:27,09:34,0,1
9036,3,2262,15/08/2026,09:44,10:03,0,2
9037,3,2044,15/08/2026,10:07,10:28,0,3
9038,3,2074,15/08/2026,10:32,10:39,0,4
9039,3,2132,15/08/2026,10:46,11:07,0,5
9040,3,1914,15/08/2026,11:11,11:25,0,6
9041,3,2208,15/08/2026,11:32,11:57,0,7
9042,3,1927,15/08/2026,12:02,12:24,0,8
9043,3,1961,15/08/2026,12:32,12:50,0,9
9044,3,2238,15/08/2026,12:57,13:04,0,10
9045,3,2209,16/08/2026,09:29,,0,1
9046,3,2116,16/08/2026,09:43,10:04,0,2
9047,3,2102,16/08/2026,10:11,10:22,0,3
9048,3,2003,16/08/2026,10:33,10:43,0,4
9049,3,2336,16/08/2026,10:49,11:12,0,5
9050,3,2185,16/08/2026,11:21,11:46,0,6
9051,3,2056,17/08/2026,09:21,09:34,0,1
9052,3,2315,17/08/2026,09:41,09:55,0,2
9053,3,2281,17/08/2026,09:59,10:14,0,3
9054,3,1964,17/08/2026,10:20,,0,4
9055,3,2317,17/08/2026,10:34,10:50,0,5
9056,3,2023,17/08/2026,10:55,11:16,0,6
9057,3,2181,18/08/2026,09:28,,1,1
9058,3,2249,18/08/2026,09:59,10:22,0,2
9059,3,2095,18/08/2026,10:30,10:37,0,3
9060,3,1992,18/08/2026,10:41,10:48,0,4
9061,3,2213,18/08/2026,10:52,10:59,0,5
9062,3,2038,18/08/2026,11:07,11:28,0,6
9063,3,2238,19/08/2026,09:25,09:32,0,1
9064,3,2248,19/08/2026,09:36,09:43,0,2
9065,3,2805,19/08/2026,09:49,,0,3
9066,3,2024,19/08/2026,10:10,10:17,0,4
9067,3,1942,19/08/2026,10:29,10:55,0,5
9068,3,2177,19/08/2026,10:59,11:14,0,6
9069,3,2051,19/08/2026,11:22,11:30,0,7
9070,4,2730,01/07/2025,09:16,09:32,0,1
9071,4,2509,01/07/2025,09:41,09:59,0,2
9072,4,2573,01/07/2025,10:03,10:27,0,3
9073,4,2570,01/07/2025,10:31,10:38,0,4
9074,4,2717,01/07/2025,10:42,10:49,0,5
9075,4,2593,01/07/2025,10:53,11:23,0,6
9076,4,2353,01/07/2025,11:31,11:51,0,7
9077,4,2612,02/07/2025,09:25,09:57,0,1
9078,4,2456,02/07/2025,10:05,10:26,0,2
9079,4,2519,02/07/2025,10:31,10:47,0,3
9080,4,2744,02/07/2025,10:53,11:10,0,4
9081,4,2554,02/07/2025,11:17,11:39,0,5
9082,4,2757,02/07/2025,11:47,11:59,0,6
9083,4,2700,02/07/2025,12:04,12:15,0,7
9084,4,2603,03/07/2025,09:21,09:37,0,1
9085,4,2632,03/07/2025,09:45,10:15,0,2
9086,4,2394,03/07/2025,10:24,10:51,0,3
9087,4,2475,03/07/2025,11:01,11:21,0,4
9088,4,2825,03/07/2025,11:25,11:42,0,5
9089,4,2517,03/07/2025,11:46,12:00,0,6
9090,4,2721,03/07/2025,12:07,12:21,0,7
9091,4,2464,03/07/2025,12:27,12:57,0,8
9092,4,2619,03/07/2025,13:06,13:13,0,9
9093,4,2351,03/07/2025,13:17,13:39,0,10
9094,4,2680,03/07/2025,13:43,14:11,0,11
9095,4,2528,05/07/2025,09:23,09:39,0,1
9096,4,2519,05/07/2025,09:44,,0,2
9097,4,2609,05/07/2025,10:10,10:28,0,3
9098,4,2771,05/07/2025,10:38,10:55,0,4
9099,4,2548,05/07/2025,10:59,11:12,0,5
9100,4,2725,05/07/2025,11:21,11:31,0,6
9101,4,2756,05/07/2025,11:36,11:48,0,7
9102,4,2493,05/07/2025,11:57,12:13,0,8
9103,4,2400,05/07/2025,12:24,,0,9
9104,4,2720,05/07/2025,12:43,13:02,0,10
9105,4,2713,05/07/2025,13:09,13:28,0,11
9106,4,2561,06/07/2025,09:22,09:33,0,1
9107,4,2705,06/07/2025,09:40,10:06,0,2
9108,4,2366,06/07/2025,10:10,10:32,0,3
9109,4,2715,06/07/2025,10:37,10:50,0,4
9110,4,2670,06/07/2025,10:55,11:22,0,5
9111,4,2797,06/07/2025,11:33,11:50,0,6
9112,4,2603,06/07/2025,11:56,12:20,0,7
9113,4,2428,06/07/2025,12:24,12:36,0,8
9114,4,2667,07/07/2025,09:20,09:40,0,1
9115,4,2639,07/07/2025,09:46,10:02,0,2
9116,4,2341,07/07/2025,10:06,10:32,0,3
9117,4,2431,07/07/2025,10:40,10:55,0,4
9118,4,2667,07/07/2025,11:04,11:23,0,5
9119,4,2684,07/07/2025,11:32,11:39,0,6
9120,4,2719,08/07/2025,09:09,09:35,0,1
9121,4,2481,08/07/2025,09:43,10:01,0,2
9122,4,2463,08/07/2025,10:10,10:17,0,3
9123,4,2722,08/07/2025,10:21,10:34,0,4
9124,4,2524,08/07/2025,10:38,10:45,0,5
9125,4,2628,08/07/2025,10:50,11:07,0,6
9126,4,2561,08/07/2025,11:11,11:30,0,7
9127,4,2588,09/07/2025,09:22,09:37,0,1
9128,4,2744,09/07/2025,09:45,09:55,0,2
9129,4,2750,09/07/2025,10:04,10:19,0,3
9130,4,2502,09/07/2025,10:31,10:56,0,4
9131,4,2602,09/07/2025,11:07,11:33,0,5
9132,4,2579,09/07/2025,11:44,11:59,0,6
9133,4,2659,09/07/2025,12:04,12:16,0,7
9134,4,2560,09/07/2025,12:23,12:36,0,8
9135,4,2408,09/07/2025,12:41,13:02,0,9
9136,4,2602,10/07/2025,09:19,09:42,0,1
9137,4,2731,10/07/2025,09:53,10:19,0,2
9138,4,2818,10/07/2025,10:25,,1,3
9139,4,2548,10/07/2025,10:56,11:03,0,4
9140,4,2389,10/07/2025,11:11,11:36,0,5
9141,4,2466,10/07/2025,11:45,11:52,0,6
9142,4,2340,10/07/2025,11:56,12:11,0,7
9143,4,2380,10/07/2025,12:15,12:37,0,8
9144,4,2605,10/07/2025,12:45,13:03,0,9
9145,4,2576,10/07/2025,13:10,13:30,0,10
9146,4,2602,10/07/2025,13:35,14:07,0,11
9147,4,2673,12/07/2025,09:32,09:59,0,1
9148,4,2649,12/07/2025,10:11,10:25,0,2
9149,4,2757,12/07/2025,10:32,10:54,0,3
9150,4,2792,12/07/2025,10:58,11:17,0,4
9151,4,2438,12/07/2025,11:23,11:32,0,5
9152,4,2785,12/07/2025,11:37,11:51,0,6
9153,4,2450,13/07/2025,09:24,09:46,0,1
9154,4,2651,13/07/2025,09:51,10:09,0,2
9155,4,2378,13/07/2025,10:15,10:35,0,3
9156,4,2613,13/07/2025,10:43,11:06,0,4
9157,4,2619,13/07/2025,11:11,11:32,0,5
9158,4,2737,13/07/2025,11:36,11:44,0,6
9159,4,2606,13/07/2025,11:50,11:57,0,7
9160,4,2692,14/07/2025,09:06,09:13,0,1
9161,4,2654,14/07/2025,09:24,09:37,0,2
9162,4,2720,14/07/2025,09:43,09:56,0,3
9163,4,2501,14/07/2025,10:07,10:24,0,4
9164,4,2640,14/07/2025,10:35,10:50,0,5
9165,4,2441,14/07/2025,10:58,11:21,0,6
9166,4,2572,14/07/2025,11:28,11:39,0,7
9167,4,2576,15/07/2025,09:13,09:24,0,1
9168,4,2707,15/07/2025,09:30,09:56,0,2
9169,4,2645,15/07/2025,10:02,10:15,0,3
9170,4,2753,15/07/2025,10:24,10:34,0,4
9171,4,2733,15/07/2025,10:40,10:58,0,5
9172,4,2477,15/07/2025,11:07,11:14,0,6
9173,4,2411,15/07/2025,11:18,11:25,0,7
9174,4,2762,16/07/2025,09:32,09:50,0,1
9175,4,2395,16/07/2025,10:00,10:19,0,2
9176,4,2763,16/07/2025,10:26,10:52,0,3
9177,4,2354,16/07/2025,11:02,11:15,0,4
9178,4,2710,16/07/2025,11:23,11:39,0,5
9179,4,2780,16/07/2025,11:43,,1,6
9180,4,2487,16/07/2025,11:59,12:10,0,7
9181,4,2369,16/07/2025,12:17,,0,8
9182,4,2702,16/07/2025,12:40,12:50,0,9
9183,4,2548,16/07/2025,12:56,,0,10
9184,4,2561,17/07/2025,09:15,09:28,0,1
9185,4,2556,17/07/2025,09:32,09:39,0,2
9186,4,2371,17/07/2025,09:45,10:00,0,3
9187,4,2429,17/07/2025,10:04,10:15,0,4
9188,4,2752,17/07/2025,10:19,10:29,0,5
9189,4,2430,17/07/2025,10:34,10:56,0,6
9190,4,2499,19/07/2025,09:25,09:36,0,1
9191,4,2488,19/07/2025,09:41,,0,2
9192,4,2348,19/07/2025,10:12,10:28,0,3
9193,4,2375,19/07/2025,10:34,10:53,0,4
9194,4,2694,19/07/2025,11:02,11:30,0,5
9195,4,2532,19/07/2025,11:40,11:55,0,6
9196,4,2582,20/07/2025,09:09,09:33,0,1
9197,4,2466,20/07/2025,09:38,09:49,0,2
9198,4,2404,20/07/2025,09:56,10:11,0,3
9199,4,2512,20/07/2025,10:16,10:27,0,4
9200,4,2381,20/07/2025,10:35,10:54,0,5
9201,4,2466,20/07/2025,11:05,,0,6
9202,4,2719,20/07/2025,11:16,11:42,0,7
9203,4,2400,20/07/2025,11:51,12:14,0,8
9204,4,2741,20/07/2025,12:18,12:30,0,9
9205,4,2632,20/07/2025,12:37,12:58,0,10
9206,4,2412,21/07/2025,09:25,09:39,0,1
9207,4,2457,21/07/2025,09:46,10:09,0,2
9208,4,2520,21/07/2025,10:14,10:21,0,3
9209,4,2371,21/07/2025,10:28,10:38,0,4
9210,4,2442,21/07/2025,10:43,10:59,0,5
9211,4,2661,21/07/2025,11:07,11:26,0,6
9212,4,2766,21/07/2025,11:38,12:02,0,7
9213,4,2683,21/07/2025,12:06,12:13,0,8
9214,4,2485,22/07/2025,09:22,09:37,0,1
9215,4,2799,22/07/2025,09:41,09:50,0,2
9216,4,2565,22/07/2025,09:55,10:04,0,3
9217,4,2669,22/07/2025,10:08,10:27,0,4
9218,4,2780,22/07/2025,10:38,10:57,0,5
9219,4,2345,22/07/2025,11:07,11:14,0,6
9220,4,2735,23/07/2025,09:17,09:37,0,1
9221,4,2425,23/07/2025,09:43,09:57,0,2
9222,4,2635,23/07/2025,10:04,10:20,0,3
9223,4,2350,23/07/2025,10:24,10:43,0,4
9224,4,2367,23/07/2025,10:53,11:01,0,5
9225,4,2634,23/07/2025,11:07,11:31,0,6
9226,4,2769,23/07/2025,11:38,11:54,0,7
9227,4,2736,23/07/2025,11:59,12:11,0,8
9228,4,2783,23/07/2025,12:16,12:34,0,9
9229,4,2438,23/07/2025,12:38,12:50,0,10
9230,4,2603,24/07/2025,09:16,09:29,0,1
9231,4,2652,24/07/2025,09:35,09:54,0,2
9232,4,2766,24/07/2025,09:58,10:17,0,3
9233,4,2787,24/07/2025,10:26,10:44,0,4
9234,4,2511,24/07/2025,10:53,11:12,0,5
9235,4,2511,24/07/2025,11:16,11:33,0,6
9236,4,2558,24/07/2025,11:39,11:50,0,7
9237,4,2688,24/07/2025,11:54,12:11,0,8
9238,4,2701,24/07/2025,12:16,12:35,0,9
9239,4,2756,24/07/2025,12:44,12:58,0,10
9240,4,2789,24/07/2025,13:03,13:13,0,11
9241,4,2542,26/07/2025,09:13,09:28,0,1
9242,4,2567,26/07/2025,09:32,09:39,0,2
9243,4,2447,26/07/2025,09:49,10:03,0,3
9244,4,2500,26/07/2025,10:17,10:36,0,4
9245,4,2763,26/07/2025,10:45,11:07,0,5
9246,4,2638,26/07/2025,11:12,,0,6
9247,4,2772,26/07/2025,11:30,,0,7
9248,4,2552,27/07/2025,09:08,09:30,0,1
9249,4,2500,27/07/2025,09:35,09:51,0,2
9250,4,2695,27/07/2025,09:57,10:15,0,3
9251,4,2413,27/07/2025,10:19,,0,4
9252,4,2706,27/07/2025,10:52,11:12,0,5
9253,4,2467,27/07/2025,11:19,11:37,0,6
9254,4,2407,28/07/2025,09:27,,0,1
9255,4,2572,28/07/2025,09:54,10:01,0,2
9256,4,2769,28/07/2025,10:09,10:22,0,3
9257,4,2711,28/07/2025,10:30,10:53,0,4
9258,4,2664,28/07/2025,11:00,11:23,0,5
9259,4,2577,28/07/2025,11:30,11:45,0,6
9260,4,2577,28/07/2025,11:50,12:04,0,7
9261,4,2582,28/07/2025,12:14,12:38,0,8
9262,4,2681,28/07/2025,12:42,13:04,0,9
9263,4,2415,28/07/2025,13:09,,0,10
9264,4,2558,28/07/2025,13:31,13:46,0,11
9265,4,2701,29/07/2025,09:13,09:27,0,1
9266,4,2598,29/07/2025,09:35,09:58,0,2
9267,4,2377,29/07/2025,10:02,10:29,0,3
9268,4,2382,29/07/2025,10:34,10:54,0,4
9269,4,2507,29/07/2025,11:02,11:13,0,5
9270,4,2385,29/07/2025,11:23,11:41,0,6
9271,4,2426,29/07/2025,11:53,12:08,0,7
9272,4,2384,30/07/2025,09:20,09:27,0,1
9273,4,2679,30/07/2025,09:34,09:43,0,2
9274,4,2705,30/07/2025,09:47,09:58,0,3
9275,4,2451,30/07/2025,10:10,10:33,0,4
9276,4,2743,30/07/2025,10:40,10:55,0,5
9277,4,2661,30/07/2025,11:03,11:22,0,6
9278,4,2682,30/07/2025,11:30,12:00,0,7
9279,4,2661,31/07/2025,09:25,09:47,0,1
9280,4,2590,31/07/2025,09:51,10:06,0,2
9281,4,2461,31/07/2025,10:16,10:30,0,3
9282,4,2481,31/07/2025,10:36,,0,4
9283,4,2755,31/07/2025,10:50,11:05,0,5
9284,4,2762,31/07/2025,11:11,11:18,0,6
9285,4,2699,31/07/2025,11:23,,0,7
9286,4,2670,31/07/2025,11:53,12:08,0,8
9287,4,2635,31/07/2025,12:19,12:29,0,9
9288,4,2351,31/07/2025,12:33,12:59,0,10
9289,4,2696,31/07/2025,13:06,13:26,0,11
9290,4,2540,02/08/2025,09:28,09:37,0,1
9291,4,2543,02/08/2025,09:41,09:52,0,2
9292,4,2752,02/08/2025,09:56,10:25,0,3
9293,4,2630,02/08/2025,10:32,10:51,0,4
9294,4,2755,02/08/2025,10:57,11:12,0,5
9295,4,2619,02/08/2025,11:23,11:39,0,6
9296,4,2764,02/08/2025,11:44,,0,7
9297,4,2564,02/08/2025,12:14,12:39,0,8
9298,4,2509,02/08/2025,12:45,12:52,0,9
9299,4,2651,02/08/2025,13:00,13:24,0,10
9300,4,2632,02/08/2025,13:28,13:51,0,11
9301,4,2655,03/08/2025,09:12,09:19,0,1
9302,4,2696,03/08/2025,09:27,09:50,0,2
9303,4,2708,03/08/2025,09:56,10:12,0,3
9304,4,2750,03/08/2025,10:17,10:42,0,4
9305,4,2395,03/08/2025,10:53,11:17,0,5
9306,4,2561,03/08/2025,11:22,11:52,0,6
9307,4,2649,03/08/2025,11:57,12:14,0,7
9308,4,2508,03/08/2025,12:23,12:35,0,8
9309,4,2748,03/08/2025,12:45,13:03,0,9
9310,4,2435,03/08/2025,13:08,13:30,0,10
9311,4,2604,04/08/2025,09:33,09:46,0,1
9312,4,2762,04/08/2025,09:51,10:02,0,2
9313,4,2498,04/08/2025,10:10,10:30,0,3
9314,4,2759,04/08/2025,10:37,10:52,0,4
9315,4,2343,04/08/2025,10:58,11:13,0,5
9316,4,2668,04/08/2025,11:17,11:26,0,6
9317,4,2373,04/08/2025,11:37,11:55,0,7
9318,4,2751,04/08/2025,12:02,12:25,0,8
9319,4,2482,04/08/2025,12:29,12:36,0,9
9320,4,2775,04/08/2025,12:42,12:51,0,10
9321,4,2730,05/08/2025,09:12,09:34,0,1
9322,4,2592,05/08/2025,09:38,09:45,0,2
9323,4,2719,05/08/2025,09:51,10:13,0,3
9324,4,2602,05/08/2025,10:19,10:32,0,4
9325,4,2489,05/08/2025,10:41,10:59,0,5
9326,4,2756,05/08/2025,11:04,11:18,0,6
9327,4,2479,05/08/2025,11:23,11:41,0,7
9328,4,2710,05/08/2025,11:48,12:01,0,8
9329,4,2553,05/08/2025,12:08,12:22,0,9
9330,4,2768,05/08/2025,12:30,12:43,0,10
9331,4,2504,05/08/2025,12:49,13:09,0,11
9332,4,2476,06/08/2025,09:25,09:51,0,1
9333,4,2471,06/08/2025,10:02,10:26,0,2
9334,4,2401,06/08/2025,10:33,10:48,0,3
9335,4,2731,06/08/2025,10:55,11:15,0,4
9336,4,2632,06/08/2025,11:23,11:39,0,5
9337,4,2739,06/08/2025,11:43,12:06,0,6
9338,4,2411,07/08/2025,09:20,09:35,0,1
9339,4,2429,07/08/2025,09:41,09:50,0,2
9340,4,2657,07/08/2025,09:58,10:12,0,3
9341,4,2549,07/08/2025,10:17,10:42,0,4
9342,4,2510,07/08/2025,10:52,11:12,0,5
9343,4,2739,07/08/2025,11:16,11:31,0,6
9344,4,2781,07/08/2025,11:38,12:01,0,7
9345,4,2370,09/08/2025,09:16,09:32,0,1
9346,4,2461,09/08/2025,09:42,,0,2
9347,4,2463,09/08/2025,10:17,10:32,0,3
9348,4,2512,09/08/2025,10:38,10:54,0,4
9349,4,2389,09/08/2025,10:58,11:18,0,5
9350,4,2444,09/08/2025,11:28,,0,6
9351,4,2695,09/08/2025,11:51,12:22,0,7
9352,4,2641,09/08/2025,12:31,12:45,0,8
9353,4,2670,09/08/2025,12:51,13:15,0,9
9354,4,2746,10/08/2025,09:25,09:49,0,1
9355,4,2737,10/08/2025,09:54,10:04,0,2
9356,4,2576,10/08/2025,10:11,10:32,0,3
9357,4,2527,10/08/2025,10:39,10:59,0,4
9358,4,2463,10/08/2025,11:03,11:17,0,5
9359,4,2741,10/08/2025,11:28,11:52,0,6
9360,4,2718,10/08/2025,11:59,12:08,0,7
9361,4,2341,10/08/2025,12:17,12:34,0,8
9362,4,2764,11/08/2025,09:11,09:19,0,1
9363,4,2530,11/08/2025,09:27,09:49,0,2
9364,4,2390,11/08/2025,10:01,10:33,0,3
9365,4,2396,11/08/2025,10:39,11:00,0,4
9366,4,2807,11/08/2025,11:09,11:30,0,5
9367,4,2346,11/08/2025,11:42,12:00,0,6
9368,4,2725,11/08/2025,12:09,12:16,0,7
9369,4,2371,11/08/2025,12:24,12:40,0,8
9370,4,2468,11/08/2025,12:48,13:06,0,9
9371,4,2385,12/08/2025,09:08,09:20,0,1
9372,4,2398,12/08/2025,09:24,09:48,0,2
9373,4,2357,12/08/2025,09:54,10:14,0,3
9374,4,2774,12/08/2025,10:18,10:39,0,4
9375,4,2453,12/08/2025,10:48,10:58,0,5
9376,4,2697,12/08/2025,11:05,11:15,0,6
9377,4,2717,12/08/2025,11:23,11:40,0,7
9378,4,2703,12/08/2025,11:48,12:07,0,8
9379,4,2351,12/08/2025,12:18,12:39,0,9
9380,4,2671,13/08/2025,09:26,09:50,0,1
9381,4,2763,13/08/2025,09:58,10:18,0,2
9382,4,2473,13/08/2025,10:24,10:44,0,3
9383,4,2403,13/08/2025,10:51,11:02,0,4
9384,4,2693,13/08/2025,11:06,11:17,0,5
9385,4,2522,13/08/2025,11:21,11:36,0,6
9386,4,2481,14/08/2025,09:15,09:24,0,1
9387,4,2561,14/08/2025,09:33,09:57,0,2
9388,4,2558,14/08/2025,10:07,10:14,0,3
9389,4,2722,14/08/2025,10:24,10:39,0,4
9390,4,2783,14/08/2025,10:48,10:58,0,5
9391,4,2479,14/08/2025,11:09,11:26,0,6
9392,4,2766,14/08/2025,11:30,11:48,0,7
9393,4,2680,14/08/2025,11:53,12:00,0,8
9394,4,2682,16/08/2025,09:29,09:47,0,1
9395,4,2673,16/08/2025,09:54,10:08,0,2
9396,4,2365,16/08/2025,10:12,10:22,0,3
9397,4,2376,16/08/2025,10:31,10:59,0,4
9398,4,2791,16/08/2025,11:08,11:15,0,5
9399,4,2790,16/08/2025,11:19,11:36,0,6
9400,4,2560,16/08/2025,11:43,11:52,0,7
9401,4,2386,16/08/2025,11:57,12:04,0,8
9402,4,2419,16/08/2025,12:18,12:39,0,9
9403,4,2446,17/08/2025,09:31,09:59,0,1
9404,4,2629,17/08/2025,10:03,10:25,0,2
9405,4,2699,17/08/2025,10:33,10:50,0,3
9406,4,2571,17/08/2025,10:58,11:10,0,4
9407,4,2589,17/08/2025,11:16,11:32,0,5
9408,4,2516,17/08/2025,11:36,11:55,0,6
9409,4,2358,17/08/2025,12:03,12:10,0,7
9410,4,2553,17/08/2025,12:21,12:28,0,8
9411,4,2537,17/08/2025,12:37,13:02,0,9
9412,4,2595,17/08/2025,13:10,13:30,0,10
9413,4,2619,17/08/2025,13:40,13:53,0,11
9414,4,2441,18/08/2025,09:31,09:51,0,1
9415,4,2647,18/08/2025,09:56,10:17,0,2
9416,4,2401,18/08/2025,10:23,10:30,0,3
9417,4,2620,18/08/2025,10:37,10:49,0,4
9418,4,2345,18/08/2025,10:54,11:27,0,5
9419,4,2573,18/08/2025,11:37,11:52,0,6
9420,4,2595,18/08/2025,12:00,12:31,0,7
9421,4,2763,18/08/2025,12:38,12:52,0,8
9422,4,2782,18/08/2025,12:56,13:11,0,9
9423,4,2351,18/08/2025,13:21,13:37,0,10
9424,4,2406,18/08/2025,13:45,14:05,0,11
9425,4,2444,19/08/2025,09:27,09:38,0,1
9426,4,2811,19/08/2025,09:42,09:56,0,2
9427,4,2736,19/08/2025,10:03,10:23,0,3
9428,4,2584,19/08/2025,10:27,10:50,0,4
9429,4,2407,19/08/2025,10:58,11:14,0,5
9430,4,2398,19/08/2025,11:18,11:29,0,6
9431,4,2761,19/08/2025,11:36,11:51,0,7
9432,4,2722,19/08/2025,11:55,12:02,0,8
9433,4,2655,19/08/2025,12:06,12:17,0,9
9434,4,2433,19/08/2025,12:27,12:34,0,10
9435,4,2792,20/08/2025,09:09,09:27,0,1
9436,4,2448,20/08/2025,09:36,09:51,0,2
9437,4,2549,20/08/2025,10:01,10:22,0,3
9438,4,2386,20/08/2025,10:27,10:50,0,4
9439,4,2371,20/08/2025,10:54,11:10,0,5
9440,4,2709,20/08/2025,11:14,11:33,0,6
9441,4,2477,20/08/2025,11:47,12:01,0,7
9442,4,2383,21/08/2025,09:21,09:52,0,1
9443,4,2722,21/08/2025,10:00,10:10,0,2
9444,4,2634,21/08/2025,10:19,10:46,0,3
9445,4,2444,21/08/2025,10:54,11:05,0,4
9446,4,2705,21/08/2025,11:10,11:34,0,5
9447,4,2386,21/08/2025,11:42,11:49,0,6
9448,4,2620,21/08/2025,11:54,12:13,0,7
9449,4,2650,21/08/2025,12:27,12:45,0,8
9450,4,2367,23/08/2025,09:07,09:17,0,1
9451,4,2787,23/08/2025,09:28,,1,2
9452,4,2609,23/08/2025,09:40,10:02,0,3
9453,4,2731,23/08/2025,10:09,10:27,0,4
9454,4,2775,23/08/2025,10:35,10:52,0,5
9455,4,2823,23/08/2025,10:59,11:20,0,6
9456,4,2694,23/08/2025,11:32,,0,7
9457,4,2354,24/08/2025,09:15,09:41,0,1
9458,4,2345,24/08/2025,09:49,10:07,0,2
9459,4,2595,24/08/2025,10:12,10:33,0,3
9460,4,2365,24/08/2025,10:40,11:00,0,4
9461,4,2460,24/08/2025,11:08,11:19,0,5
9462,4,2779,24/08/2025,11:23,11:37,0,6
9463,4,2640,25/08/2025,09:06,09:28,0,1
9464,4,2472,25/08/2025,09:32,09:50,0,2
9465,4,2714,25/08/2025,09:54,10:21,0,3
9466,4,2682,25/08/2025,10:29,10:54,0,4
9467,4,2467,25/08/2025,11:02,11:16,0,5
9468,4,2548,25/08/2025,11:24,11:36,0,6
9469,4,2434,26/08/2025,09:38,09:52,0,1
9470,4,2357,26/08/2025,10:03,10:24,0,2
9471,4,2475,26/08/2025,10:34,10:55,0,3
9472,4,2432,26/08/2025,11:01,11:14,0,4
9473,4,2821,26/08/2025,11:26,11:38,0,5
9474,4,2731,26/08/2025,11:45,,0,6
9475,4,2669,26/08/2025,12:08,12:27,0,7
9476,4,2663,26/08/2025,12:39,13:03,0,8
9477,4,2656,27/08/2025,09:08,09:23,0,1
9478,4,2756,27/08/2025,09:27,09:43,0,2
9479,4,2790,27/08/2025,09:50,10:05,0,3
9480,4,2728,27/08/2025,10:10,10:23,0,4
9481,4,2609,27/08/2025,10:29,10:49,0,5
9482,4,2785,27/08/2025,11:01,11:14,0,6
9483,4,2642,28/08/2025,09:18,09:34,0,1
9484,4,2528,28/08/2025,09:41,09:53,0,2
9485,4,2568,28/08/2025,09:57,10:06,0,3
9486,4,2770,28/08/2025,10:10,10:27,0,4
9487,4,2771,28/08/2025,10:32,10:48,0,5
9488,4,2388,28/08/2025,10:56,11:18,0,6
9489,4,2576,28/08/2025,11:22,11:38,0,7
9490,4,2619,28/08/2025,11:46,12:03,0,8
9491,4,2482,28/08/2025,12:07,12:17,0,9
9492,4,2789,28/08/2025,12:24,12:39,0,10
9493,4,2537,28/08/2025,12:46,13:05,0,11
9494,4,2375,30/08/2025,09:21,09:28,0,1
9495,4,2430,30/08/2025,09:34,09:41,0,2
9496,4,2613,30/08/2025,09:48,10:00,0,3
9497,4,2770,30/08/2025,10:07,10:20,0,4
9498,4,2594,30/08/2025,10:24,10:40,0,5
9499,4,2634,30/08/2025,10:44,11:02,0,6
9500,4,2398,30/08/2025,11:13,11:35,0,7
9501,4,2485,30/08/2025,11:45,12:00,0,8
9502,4,2551,30/08/2025,12:06,12:18,0,9
9503,4,2773,31/08/2025,09:26,09:37,0,1
9504,4,2608,31/08/2025,09:42,09:49,0,2
9505,4,2469,31/08/2025,10:01,10:16,0,3
9506,4,2778,31/08/2025,10:23,10:32,0,4
9507,4,2664,31/08/2025,10:39,,0,5
9508,4,2706,31/08/2025,11:13,11:27,0,6
9509,4,2369,31/08/2025,11:34,12:00,0,7
9510,4,2442,01/09/2025,09:15,09:30,0,1
9511,4,2376,01/09/2025,09:34,09:47,0,2
9512,4,2532,01/09/2025,09:53,10:12,0,3
9513,4,2574,01/09/2025,10:20,10:40,0,4
9514,4,2425,01/09/2025,10:49,11:01,0,5
9515,4,2487,01/09/2025,11:09,11:26,0,6
9516,4,2456,01/09/2025,11:33,12:01,0,7
9517,4,2666,01/09/2025,12:05,12:14,0,8
9518,4,2796,01/09/2025,12:26,12:48,0,9
9519,4,2729,01/09/2025,12:55,13:21,0,10
9520,4,2683,02/09/2025,09:17,09:24,0,1
9521,4,2719,02/09/2025,09:31,09:42,0,2
9522,4,2400,02/09/2025,09:48,10:15,0,3
9523,4,2418,02/09/2025,10:19,10:42,0,4
9524,4,2416,02/09/2025,10:52,11:09,0,5
9525,4,2649,02/09/2025,11:15,11:40,0,6
9526,4,2543,02/09/2025,11:52,12:05,0,7
9527,4,2458,03/09/2025,09:27,09:47,0,1
9528,4,2390,03/09/2025,09:58,10:07,0,2
9529,4,2799,03/09/2025,10:14,10:22,0,3
9530,4,2540,03/09/2025,10:28,10:42,0,4
9531,4,2697,03/09/2025,10:48,11:05,0,5
9532,4,2626,03/09/2025,11:15,11:34,0,6
9533,4,2644,03/09/2025,11:41,11:48,0,7
9534,4,2525,04/09/2025,09:18,09:45,0,1
9535,4,2737,04/09/2025,09:52,10:04,0,2
9536,4,2674,04/09/2025,10:10,10:24,0,3
9537,4,2347,04/09/2025,10:30,,0,4
9538,4,2560,04/09/2025,10:49,11:09,0,5
9539,4,2441,04/09/2025,11:15,11:40,0,6
9540,4,2658,06/09/2025,09:18,09:36,0,1
9541,4,2370,06/09/2025,09:42,09:59,0,2
9542,4,2719,06/09/2025,10:03,10:10,0,3
9543,4,2637,06/09/2025,10:15,10:22,0,4
9544,4,2820,06/09/2025,10:26,10:36,0,5
9545,4,2650,06/09/2025,10:41,10:56,0,6
9546,4,2467,06/09/2025,11:00,11:26,0,7
9547,4,2663,07/09/2025,09:20,09:44,0,1
9548,4,2364,07/09/2025,09:54,10:02,0,2
9549,4,2599,07/09/2025,10:11,10:31,0,3
9550,4,2552,07/09/2025,10:37,10:44,0,4
9551,4,2669,07/09/2025,10:50,10:59,0,5
9552,4,2624,07/09/2025,11:07,11:15,0,6
9553,4,2419,08/09/2025,09:09,09:29,0,1
9554,4,2631,08/09/2025,09:33,09:52,0,2
9555,4,2527,08/09/2025,09:59,10:13,0,3
9556,4,2413,08/09/2025,10:17,10:32,0,4
9557,4,2456,08/09/2025,10:37,10:56,0,5
9558,4,2581,08/09/2025,11:04,11:20,0,6
9559,4,2648,08/09/2025,11:24,11:49,0,7
9560,4,2560,08/09/2025,12:00,12:22,0,8
9561,4,2578,08/09/2025,12:32,12:49,0,9
9562,4,2539,08/09/2025,12:54,13:10,0,10
9563,4,2603,08/09/2025,13:16,13:33,0,11
9564,4,2539,09/09/2025,09:19,09:36,0,1
9565,4,2613,09/09/2025,09:41,09:54,0,2
9566,4,2820,09/09/2025,10:00,10:10,0,3
9567,4,2565,09/09/2025,10:17,10:24,0,4
9568,4,2356,09/09/2025,10:36,10:52,0,5
9569,4,2381,09/09/2025,11:02,11:19,0,6
9570,4,2604,09/09/2025,11:24,11:33,0,7
9571,4,2697,10/09/2025,09:17,09:40,0,1
9572,4,2366,10/09/2025,09:51,09:58,0,2
9573,4,2440,10/09/2025,10:08,10:36,0,3
9574,4,2385,10/09/2025,10:43,10:50,0,4
9575,4,2582,10/09/2025,10:58,11:14,0,5
9576,4,2430,10/09/2025,11:18,11:30,0,6
9577,4,2574,10/09/2025,11:35,11:59,0,7
9578,4,2691,10/09/2025,12:11,12:30,0,8
9579,4,2351,10/09/2025,12:36,,1,9
9580,4,2506,10/09/2025,12:55,13:10,0,10
9581,4,2350,11/09/2025,09:30,09:49,0,1
9582,4,2579,11/09/2025,09:53,10:15,0,2
9583,4,2818,11/09/2025,10:22,10:38,0,3
9584,4,2659,11/09/2025,10:48,11:00,0,4
9585,4,2478,11/09/2025,11:06,11:17,0,5
9586,4,2373,11/09/2025,11:27,11:40,0,6
9587,4,2771,11/09/2025,11:48,12:12,0,7
9588,4,2479,11/09/2025,12:17,12:40,0,8
9589,4,2539,13/09/2025,09:05,09:24,0,1
9590,4,2739,13/09/2025,09:28,09:44,0,2
9591,4,2595,13/09/2025,09:50,10:10,0,3
9592,4,2681,13/09/2025,10:18,10:32,0,4
9593,4,2452,13/09/2025,10:41,10:55,0,5
9594,4,2678,13/09/2025,11:06,,0,6
9595,4,2753,13/09/2025,11:26,11:52,0,7
9596,4,2619,13/09/2025,11:57,12:13,0,8
9597,4,2403,13/09/2025,12:21,,0,9
9598,4,2381,14/09/2025,09:29,09:36,0,1
9599,4,2522,14/09/2025,09:44,10:09,0,2
9600,4,2576,14/09/2025,10:13,10:25,0,3
9601,4,2609,14/09/2025,10:34,10:48,0,4
9602,4,2551,14/09/2025,10:53,11:11,0,5
9603,4,2820,14/09/2025,11:17,11:25,0,6
9604,4,2459,14/09/2025,11:29,11:43,0,7
9605,4,2798,15/09/2025,09:11,,0,1
9606,4,2666,15/09/2025,09:38,09:46,0,2
9607,4,2450,15/09/2025,09:53,10:05,0,3
9608,4,2780,15/09/2025,10:11,10:20,0,4
9609,4,2682,15/09/2025,10:24,10:54,0,5
9610,4,2397,15/09/2025,10:58,11:10,0,6
9611,4,2787,15/09/2025,11:14,11:22,0,7
9612,4,2743,16/09/2025,09:16,09:30,0,1
9613,4,2512,16/09/2025,09:39,09:56,0,2
9614,4,2375,16/09/2025,10:03,10:27,0,3
9615,4,2726,16/09/2025,10:33,,0,4
9616,4,2481,16/09/2025,11:04,11:22,0,5
9617,4,2346,16/09/2025,11:31,11:51,0,6
9618,4,2376,17/09/2025,09:14,09:24,0,1
9619,4,2550,17/09/2025,09:31,09:38,0,2
9620,4,2756,17/09/2025,09:46,10:04,0,3
9621,4,2615,17/09/2025,10:10,10:25,0,4
9622,4,2426,17/09/2025,10:30,10:46,0,5
9623,4,2347,17/09/2025,10:52,11:00,0,6
9624,4,2818,18/09/2025,09:34,09:44,0,1
9625,4,2729,18/09/2025,09:54,10:07,0,2
9626,4,2447,18/09/2025,10:16,,0,3
9627,4,2649,18/09/2025,10:31,10:47,0,4
9628,4,2708,18/09/2025,10:53,11:00,0,5
9629,4,2350,18/09/2025,11:09,11:30,0,6
9630,4,2542,18/09/2025,11:37,11:50,0,7
9631,4,2542,20/09/2025,09:25,09:32,0,1
9632,4,2397,20/09/2025,09:37,09:44,0,2
9633,4,2688,20/09/2025,09:50,10:10,0,3
9634,4,2347,20/09/2025,10:21,10:40,0,4
9635,4,2734,20/09/2025,10:45,11:08,0,5
9636,4,2651,20/09/2025,11:12,11:33,0,6
9637,4,2659,20/09/2025,11:38,11:50,0,7
9638,4,2746,20/09/2025,11:55,12:17,0,8
9639,4,2430,20/09/2025,12:21,,0,9
9640,4,2790,20/09/2025,12:58,13:19,0,10
9641,4,2486,20/09/2025,13:25,13:43,0,11
9642,4,2529,21/09/2025,09:08,09:18,0,1
9643,4,2513,21/09/2025,09:31,09:51,0,2
9644,4,2498,21/09/2025,09:57,10:07,0,3
9645,4,2521,21/09/2025,10:15,10:31,0,4
9646,4,2751,21/09/2025,10:41,11:00,0,5
9647,4,2704,21/09/2025,11:06,,0,6
9648,4,2440,21/09/2025,11:36,11:48,0,7
9649,4,2690,21/09/2025,11:56,12:16,0,8
9650,4,2453,21/09/2025,12:22,12:32,0,9
9651,4,2755,21/09/2025,12:37,12:44,0,10
9652,4,2711,21/09/2025,12:52,13:03,0,11
9653,4,2465,22/09/2025,09:11,09:23,0,1
9654,4,2493,22/09/2025,09:31,09:38,0,2
9655,4,2681,22/09/2025,09:44,10:04,0,3
9656,4,2594,22/09/2025,10:12,10:33,0,4
9657,4,2748,22/09/2025,10:37,10:51,0,5
9658,4,2699,22/09/2025,10:55,11:12,0,6
9659,4,2632,23/09/2025,09:16,09:34,0,1
9660,4,2757,23/09/2025,09:41,09:53,0,2
9661,4,2808,23/09/2025,10:01,10:18,0,3
9662,4,2763,23/09/2025,10:26,10:42,0,4
9663,4,2658,23/09/2025,10:51,11:14,0,5
9664,4,2679,23/09/2025,11:24,11:31,0,6
9665,4,2419,23/09/2025,11:35,11:58,0,7
9666,4,2576,23/09/2025,12:02,12:28,0,8
9667,4,2626,24/09/2025,09:27,09:52,0,1
9668,4,2753,24/09/2025,09:59,10:13,0,2
9669,4,2449,24/09/2025,10:17,10:26,0,3
9670,4,2704,24/09/2025,10:35,,0,4
9671,4,2456,24/09/2025,10:54,11:07,0,5
9672,4,2341,24/09/2025,11:11,11:27,0,6
9673,4,2762,24/09/2025,11:34,,0,7
9674,4,2414,24/09/2025,11:55,12:07,0,8
9675,4,2401,24/09/2025,12:15,12:40,0,9
9676,4,2755,24/09/2025,12:44,12:53,0,10
9677,4,2528,24/09/2025,12:57,13:05,0,11
9678,4,2659,25/09/2025,09:29,09:44,0,1
9679,4,2498,25/09/2025,09:48,10:03,0,2
9680,4,2448,25/09/2025,10:08,10:17,0,3
9681,4,2418,25/09/2025,10:30,10:43,0,4
9682,4,2464,25/09/2025,10:52,11:15,0,5
9683,4,2589,25/09/2025,11:20,11:40,0,6
9684,4,2634,25/09/2025,11:46,,0,7
9685,4,2649,27/09/2025,09:34,09:50,0,1
9686,4,2393,27/09/2025,09:55,10:18,0,2
9687,4,2553,27/09/2025,10:26,10:44,0,3
9688,4,2341,27/09/2025,10:48,,0,4
9689,4,2726,27/09/2025,11:12,11:26,0,5
9690,4,2651,27/09/2025,11:30,,0,6
9691,4,2539,27/09/2025,11:43,12:08,0,7
9692,4,2818,28/09/2025,09:29,09:53,0,1
9693,4,2600,28/09/2025,10:01,10:20,0,2
9694,4,2500,28/09/2025,10:27,10:34,0,3
9695,4,2442,28/09/2025,10:45,11:12,0,4
9696,4,2680,28/09/2025,11:21,11:39,0,5
9697,4,2818,28/09/2025,11:46,12:05,0,6
9698,4,2345,29/09/2025,09:19,09:44,0,1
9699,4,2430,29/09/2025,09:53,10:13,0,2
9700,4,2785,29/09/2025,10:25,10:33,0,3
9701,4,2754,29/09/2025,10:47,10:59,0,4
9702,4,2504,29/09/2025,11:03,11:22,0,5
9703,4,2621,29/09/2025,11:26,11:36,0,6
9704,4,2646,29/09/2025,11:43,12:02,0,7
9705,4,2620,29/09/2025,12:06,12:27,0,8
9706,4,2560,29/09/2025,12:31,12:50,0,9
9707,4,2648,29/09/2025,12:55,13:22,0,10
9708,4,2708,29/09/2025,13:27,13:51,0,11
9709,4,2422,30/09/2025,09:16,09:33,0,1
9710,4,2539,30/09/2025,09:41,10:00,0,2
9711,4,2618,30/09/2025,10:08,10:20,0,3
9712,4,2638,30/09/2025,10:26,10:37,0,4
9713,4,2743,30/09/2025,10:47,11:03,0,5
9714,4,2699,30/09/2025,11:07,11:34,0,6
9715,4,2573,01/10/2025,09:29,09:38,0,1
9716,4,2498,01/10/2025,09:44,09:58,0,2
9717,4,2371,01/10/2025,10:02,10:24,0,3
9718,4,2598,01/10/2025,10:30,10:52,0,4
9719,4,2796,01/10/2025,10:58,11:18,0,5
9720,4,2578,01/10/2025,11:27,11:38,0,6
9721,4,2785,01/10/2025,11:43,11:50,0,7
9722,4,2721,01/10/2025,12:02,12:09,0,8
9723,4,2396,01/10/2025,12:15,12:50,0,9
9724,4,2778,01/10/2025,12:58,13:18,0,10
9725,4,2667,02/10/2025,09:19,09:43,0,1
9726,4,2496,02/10/2025,09:47,09:58,0,2
9727,4,2670,02/10/2025,10:06,10:19,0,3
9728,4,2694,02/10/2025,10:23,,1,4
9729,4,2472,02/10/2025,10:54,11:07,0,5
9730,4,2408,02/10/2025,11:11,,0,6
9731,4,2409,02/10/2025,11:47,11:58,0,7
9732,4,2664,02/10/2025,12:05,12:24,0,8
9733,4,2698,04/10/2025,09:24,09:39,0,1
9734,4,2608,04/10/2025,09:44,09:58,0,2
9735,4,2581,04/10/2025,10:07,10:41,0,3
9736,4,2574,04/10/2025,10:45,11:02,0,4
9737,4,2747,04/10/2025,11:12,11:37,0,5
9738,4,2662,04/10/2025,11:41,11:56,0,6
9739,4,2486,04/10/2025,12:06,12:21,0,7
9740,4,2407,04/10/2025,12:31,12:56,0,8
9741,4,2627,04/10/2025,13:00,13:24,0,9
9742,4,2580,04/10/2025,13:33,13:48,0,10
9743,4,2667,05/10/2025,09:34,09:57,0,1
9744,4,2449,05/10/2025,10:08,10:30,0,2
9745,4,2558,05/10/2025,10:36,10:45,0,3
9746,4,2540,05/10/2025,10:54,11:18,0,4
9747,4,2487,05/10/2025,11:23,11:40,0,5
9748,4,2464,05/10/2025,11:44,11:57,0,6
9749,4,2427,05/10/2025,12:06,12:15,0,7
9750,4,2529,05/10/2025,12:26,12:36,0,8
9751,4,2375,05/10/2025,12:40,12:57,0,9
9752,4,2433,05/10/2025,13:01,13:08,0,10
9753,4,2692,05/10/2025,13:17,,0,11
9754,4,2799,06/10/2025,09:18,,1,1
9755,4,2690,06/10/2025,09:36,09:57,0,2
9756,4,2654,06/10/2025,10:02,10:20,0,3
9757,4,2523,06/10/2025,10:25,10:33,0,4
9758,4,2410,06/10/2025,10:41,10:54,0,5
9759,4,2512,06/10/2025,11:06,11:28,0,6
9760,4,2823,06/10/2025,11:32,11:46,0,7
9761,4,2578,06/10/2025,11:51,12:03,0,8
9762,4,2395,06/10/2025,12:07,12:27,0,9
9763,4,2595,06/10/2025,12:35,12:47,0,10
9764,4,2479,07/10/2025,09:06,09:30,0,1
9765,4,2573,07/10/2025,09:37,09:44,0,2
9766,4,2381,07/10/2025,09:50,10:10,0,3
9767,4,2721,07/10/2025,10:15,10:28,0,4
9768,4,2754,07/10/2025,10:37,,0,5
9769,4,2699,07/10/2025,11:05,11:36,0,6
9770,4,2521,08/10/2025,09:21,09:28,0,1
9771,4,2773,08/10/2025,09:32,09:43,0,2
9772,4,2688,08/10/2025,09:48,10:02,0,3
9773,4,2687,08/10/2025,10:06,10:27,0,4
9774,4,2533,08/10/2025,10:33,10:49,0,5
9775,4,2542,08/10/2025,10:55,11:02,0,6
9776,4,2676,08/10/2025,11:06,,0,7
9777,4,2579,08/10/2025,11:27,11:43,0,8
9778,4,2451,08/10/2025,11:51,12:08,0,9
9779,4,2639,08/10/2025,12:12,12:32,0,10
9780,4,2379,09/10/2025,09:32,,0,1
9781,4,2695,09/10/2025,09:49,10:06,0,2
9782,4,2630,09/10/2025,10:10,10:17,0,3
9783,4,2544,09/10/2025,10:25,10:38,0,4
9784,4,2363,09/10/2025,10:43,10:50,0,5
9785,4,2465,09/10/2025,10:54,11:14,0,6
9786,4,2811,09/10/2025,11:21,11:36,0,7
9787,4,2591,09/10/2025,11:42,11:56,0,8
9788,4,2573,09/10/2025,12:00,12:16,0,9
9789,4,2721,11/10/2025,09:16,09:32,0,1
9790,4,2428,11/10/2025,09:36,09:56,0,2
9791,4,2426,11/10/2025,10:06,10:27,0,3
9792,4,2637,11/10/2025,10:36,,0,4
9793,4,2530,11/10/2025,10:48,11:19,0,5
9794,4,2763,11/10/2025,11:23,11:41,0,6
9795,4,2756,11/10/2025,11:49,11:57,0,7
9796,4,2471,11/10/2025,12:01,12:27,0,8
9797,4,2729,11/10/2025,12:39,12:57,0,9
9798,4,2698,11/10/2025,13:05,13:26,0,10
9799,4,2619,11/10/2025,13:36,13:55,0,11
9800,4,2782,12/10/2025,09:18,09:32,0,1
9801,4,2696,12/10/2025,09:37,10:07,0,2
9802,4,2654,12/10/2025,10:11,10:22,0,3
9803,4,2373,12/10/2025,10:35,10:52,0,4
9804,4,2400,12/10/2025,10:58,11:27,0,5
9805,4,2448,12/10/2025,11:33,11:48,0,6
9806,4,2547,12/10/2025,11:52,12:15,0,7
9807,4,2452,12/10/2025,12:21,12:28,0,8
9808,4,2404,12/10/2025,12:35,12:42,0,9
9809,4,2727,12/10/2025,12:52,13:01,0,10
9810,4,2358,12/10/2025,13:13,13:20,0,11
9811,4,2414,13/10/2025,09:14,09:21,0,1
9812,4,2448,13/10/2025,09:25,09:52,0,2
9813,4,2466,13/10/2025,09:59,10:06,0,3
9814,4,2766,13/10/2025,10:16,10:41,0,4
9815,4,2725,13/10/2025,10:48,11:03,0,5
9816,4,2464,13/10/2025,11:08,11:27,0,6
9817,4,2459,13/10/2025,11:31,11:38,0,7
9818,4,2413,14/10/2025,09:12,09:31,0,1
9819,4,2357,14/10/2025,09:35,09:59,0,2
9820,4,2645,14/10/2025,10:05,10:18,0,3
9821,4,2497,14/10/2025,10:22,10:35,0,4
9822,4,2783,14/10/2025,10:51,11:11,0,5
9823,4,2639,14/10/2025,11:17,11:37,0,6
9824,4,2396,15/10/2025,09:24,09:36,0,1
9825,4,2554,15/10/2025,09:42,09:54,0,2
9826,4,2769,15/10/2025,09:58,10:21,0,3
9827,4,2594,15/10/2025,10:25,,1,4
9828,4,2460,15/10/2025,10:42,10:49,0,5
9829,4,2358,15/10/2025,10:57,11:17,0,6
9830,4,2684,15/10/2025,11:24,11:37,0,7
9831,4,2369,15/10/2025,11:45,12:01,0,8
9832,4,2592,15/10/2025,12:08,12:28,0,9
9833,4,2572,15/10/2025,12:37,12:57,0,10
9834,4,2703,16/10/2025,09:13,09:20,0,1
9835,4,2453,16/10/2025,09:24,09:31,0,2
9836,4,2375,16/10/2025,09:36,09:49,0,3
9837,4,2463,16/10/2025,09:55,10:09,0,4
9838,4,2655,16/10/2025,10:21,10:40,0,5
9839,4,2400,16/10/2025,10:44,11:08,0,6
9840,4,2717,16/10/2025,11:12,11:21,0,7
9841,4,2807,16/10/2025,11:33,12:06,0,8
9842,4,2478,18/10/2025,09:26,09:33,0,1
9843,4,2386,18/10/2025,09:39,09:57,0,2
9844,4,2635,18/10/2025,10:03,10:25,0,3
9845,4,2774,18/10/2025,10:35,10:59,0,4
9846,4,2604,18/10/2025,11:03,,0,5
9847,4,2447,18/10/2025,11:22,11:31,0,6
9848,4,2510,18/10/2025,11:36,12:00,0,7
9849,4,2690,19/10/2025,09:36,09:47,0,1
9850,4,2681,19/10/2025,09:55,10:19,0,2
9851,4,2375,19/10/2025,10:24,10:39,0,3
9852,4,2797,19/10/2025,10:55,11:11,0,4
9853,4,2546,19/10/2025,11:17,11:24,0,5
9854,4,2611,19/10/2025,11:30,11:51,0,6
9855,4,2789,19/10/2025,11:56,12:09,0,7
9856,4,2437,19/10/2025,12:17,12:33,0,8
9857,4,2390,19/10/2025,12:46,13:02,0,9
9858,4,2386,19/10/2025,13:06,13:14,0,10
9859,4,2511,19/10/2025,13:19,,1,11
9860,4,2626,20/10/2025,09:16,09:25,0,1
9861,4,2370,20/10/2025,09:36,10:03,0,2
9862,4,2554,20/10/2025,10:12,10:25,0,3
9863,4,2560,20/10/2025,10:29,10:48,0,4
9864,4,2823,20/10/2025,10:57,11:17,0,5
9865,4,2439,20/10/2025,11:23,11:41,0,6
9866,4,2754,20/10/2025,11:45,12:18,0,7
9867,4,2591,20/10/2025,12:29,13:00,0,8
9868,4,2670,20/10/2025,13:09,13:31,0,9
9869,4,2560,20/10/2025,13:35,13:55,0,10
9870,4,2595,20/10/2025,14:01,14:23,0,11
9871,4,2513,21/10/2025,09:20,09:34,0,1
9872,4,2769,21/10/2025,09:38,10:00,0,2
9873,4,2408,21/10/2025,10:07,10:18,0,3
9874,4,2426,21/10/2025,10:24,10:32,0,4
9875,4,2684,21/10/2025,10:36,10:46,0,5
9876,4,2368,21/10/2025,10:55,11:08,0,6
9877,4,2354,21/10/2025,11:18,11:35,0,7
9878,4,2811,21/10/2025,11:50,11:57,0,8
9879,4,2783,21/10/2025,12:05,12:12,0,9
9880,4,2594,21/10/2025,12:16,12:28,0,10
9881,4,2699,22/10/2025,09:18,09:38,0,1
9882,4,2557,22/10/2025,09:50,10:01,0,2
9883,4,2508,22/10/2025,10:08,10:36,0,3
9884,4,2485,22/10/2025,10:40,10:57,0,4
9885,4,2498,22/10/2025,11:02,11:21,0,5
9886,4,2591,22/10/2025,11:28,11:54,0,6
9887,4,2754,22/10/2025,12:01,12:20,0,7
9888,4,2560,22/10/2025,12:26,12:33,0,8
9889,4,2670,22/10/2025,12:37,12:57,0,9
9890,4,2787,22/10/2025,13:06,13:27,0,10
9891,4,2757,23/10/2025,09:10,09:34,0,1
9892,4,2640,23/10/2025,09:43,10:01,0,2
9893,4,2389,23/10/2025,10:05,10:19,0,3
9894,4,2429,23/10/2025,10:27,10:47,0,4
9895,4,2541,23/10/2025,10:53,,0,5
9896,4,2652,23/10/2025,11:22,11:29,0,6
9897,4,2533,23/10/2025,11:33,11:46,0,7
9898,4,2356,23/10/2025,11:53,12:14,0,8
9899,4,2508,23/10/2025,12:20,12:40,0,9
9900,4,2579,25/10/2025,09:24,09:49,0,1
9901,4,2343,25/10/2025,09:58,10:06,0,2
9902,4,2650,25/10/2025,10:14,10:29,0,3
9903,4,2508,25/10/2025,10:41,11:12,0,4
9904,4,2654,25/10/2025,11:16,11:38,0,5
9905,4,2659,25/10/2025,11:50,12:00,0,6
9906,4,2514,26/10/2025,09:22,09:44,0,1
9907,4,2568,26/10/2025,09:54,10:01,0,2
9908,4,2655,26/10/2025,10:05,10:26,0,3
9909,4,2548,26/10/2025,10:30,10:47,0,4
9910,4,2464,26/10/2025,10:56,11:20,0,5
9911,4,2715,26/10/2025,11:26,11:33,0,6
9912,4,2696,27/10/2025,09:33,09:54,0,1
9913,4,2401,27/10/2025,10:00,10:23,0,2
9914,4,2763,27/10/2025,10:29,10:43,0,3
9915,4,2424,27/10/2025,10:52,11:10,0,4
9916,4,2414,27/10/2025,11:16,11:34,0,5
9917,4,2396,27/10/2025,11:40,11:54,0,6
9918,4,2771,27/10/2025,12:04,12:16,0,7
9919,4,2381,27/10/2025,12:20,12:35,0,8
9920,4,2442,27/10/2025,12:44,12:54,0,9
9921,4,2371,28/10/2025,09:23,09:39,0,1
9922,4,2756,28/10/2025,09:43,09:52,0,2
9923,4,2605,28/10/2025,10:00,10:20,0,3
9924,4,2580,28/10/2025,10:26,10:43,0,4
9925,4,2553,28/10/2025,10:51,11:03,0,5
9926,4,2642,28/10/2025,11:11,11:30,0,6
9927,4,2467,28/10/2025,11:37,11:54,0,7
9928,4,2444,28/10/2025,11:58,12:18,0,8
9929,4,2823,28/10/2025,12:28,12:35,0,9
9930,4,2460,28/10/2025,12:40,12:57,0,10
9931,4,2630,28/10/2025,13:05,13:17,0,11
9932,4,2478,29/10/2025,09:20,09:32,0,1
9933,4,2449,29/10/2025,09:43,09:50,0,2
9934,4,2393,29/10/2025,09:58,10:20,0,3
9935,4,2408,29/10/2025,10:26,10:33,0,4
9936,4,2715,29/10/2025,10:48,10:58,0,5
9937,4,2765,29/10/2025,11:04,11:29,0,6
9938,4,2705,29/10/2025,11:33,11:45,0,7
9939,4,2359,30/10/2025,09:14,09:37,0,1
9940,4,2488,30/10/2025,09:46,10:07,0,2
9941,4,2690,30/10/2025,10:14,10:32,0,3
9942,4,2610,30/10/2025,10:38,10:56,0,4
9943,4,2558,30/10/2025,11:00,11:17,0,5
9944,4,2709,30/10/2025,11:26,11:45,0,6
9945,4,2769,30/10/2025,11:55,,1,7
9946,4,2409,30/10/2025,12:17,12:30,0,8
9947,4,2771,30/10/2025,12:36,12:54,0,9
9948,4,2688,30/10/2025,13:04,13:21,0,10
9949,4,2357,01/11/2025,09:15,09:30,0,1
9950,4,2544,01/11/2025,09:38,,0,2
9951,4,2715,01/11/2025,10:05,,0,3
9952,4,2767,01/11/2025,10:34,10:43,0,4
9953,4,2670,01/11/2025,10:51,11:22,0,5
9954,4,2391,01/11/2025,11:30,11:51,0,6
9955,4,2765,01/11/2025,11:55,12:19,0,7
9956,4,2752,01/11/2025,12:26,12:44,0,8
9957,4,2718,02/11/2025,09:09,09:36,0,1
9958,4,2415,02/11/2025,09:40,09:49,0,2
9959,4,2654,02/11/2025,10:00,10:23,0,3
9960,4,2555,02/11/2025,10:31,10:52,0,4
9961,4,2599,02/11/2025,11:03,11:24,0,5
9962,4,2370,02/11/2025,11:30,11:58,0,6
9963,4,2588,02/11/2025,12:07,,0,7
9964,4,2769,02/11/2025,12:32,12:49,0,8
9965,4,2787,02/11/2025,12:58,13:19,0,9
9966,4,2683,02/11/2025,13:24,13:39,0,10
9967,4,2446,02/11/2025,13:43,14:06,0,11
9968,4,2373,03/11/2025,09:13,09:21,0,1
9969,4,2648,03/11/2025,09:28,09:53,0,2
9970,4,2442,03/11/2025,10:00,10:11,0,3
9971,4,2675,03/11/2025,10:16,10:36,0,4
9972,4,2728,03/11/2025,10:40,10:53,0,5
9973,4,2651,03/11/2025,11:01,11:19,0,6
9974,4,2533,03/11/2025,11:28,11:47,0,7
9975,4,2478,03/11/2025,11:53,12:06,0,8
9976,4,2540,04/11/2025,09:07,09:39,0,1
9977,4,2419,04/11/2025,09:43,10:08,0,2
9978,4,2377,04/11/2025,10:14,10:33,0,3
9979,4,2432,04/11/2025,10:47,11:05,0,4
9980,4,2500,04/11/2025,11:16,11:28,0,5
9981,4,2460,04/11/2025,11:34,11:56,0,6
9982,4,2703,04/11/2025,12:04,12:22,0,7
9983,4,2352,04/11/2025,12:31,12:56,0,8
9984,4,2494,04/11/2025,13:00,13:12,0,9
9985,4,2495,05/11/2025,09:23,09:51,0,1
9986,4,2756,05/11/2025,09:59,10:21,0,2
9987,4,2757,05/11/2025,10:25,,0,3
9988,4,2773,05/11/2025,10:53,11:08,0,4
9989,4,2603,05/11/2025,11:16,11:28,0,5
9990,4,2532,05/11/2025,11:32,12:05,0,6
9991,4,2557,05/11/2025,12:11,12:32,0,7
9992,4,2419,05/11/2025,12:37,13:03,0,8
9993,4,2353,05/11/2025,13:07,13:38,0,9
9994,4,2766,05/11/2025,13:44,13:58,0,10
9995,4,2667,06/11/2025,09:29,09:44,0,1
9996,4,2666,06/11/2025,09:48,09:57,0,2
9997,4,2508,06/11/2025,10:01,10:11,0,3
9998,4,2486,06/11/2025,10:15,10:23,0,4
9999,4,2595,06/11/2025,10:28,10:48,0,5
10000,4,2551,06/11/2025,10:54,11:01,0,6
10001,4,2708,06/11/2025,11:05,11:16,0,7
10002,4,2754,06/11/2025,11:21,11:37,0,8
10003,4,2344,06/11/2025,11:45,12:01,0,9
10004,4,2564,06/11/2025,12:07,12:24,0,10
10005,4,2631,06/11/2025,12:33,12:43,0,11
10006,4,2649,08/11/2025,09:13,09:21,0,1
10007,4,2721,08/11/2025,09:25,09:39,0,2
10008,4,2659,08/11/2025,09:46,10:00,0,3
10009,4,2703,08/11/2025,10:06,10:22,0,4
10010,4,2573,08/11/2025,10:26,10:33,0,5
10011,4,2569,08/11/2025,10:37,10:56,0,6
10012,4,2482,08/11/2025,11:00,,0,7
10013,4,2462,09/11/2025,09:18,09:37,0,1
10014,4,2443,09/11/2025,09:42,10:06,0,2
10015,4,2520,09/11/2025,10:15,10:27,0,3
10016,4,2386,09/11/2025,10:35,10:45,0,4
10017,4,2547,09/11/2025,10:55,11:03,0,5
10018,4,2681,09/11/2025,11:13,11:39,0,6
10019,4,2775,10/11/2025,09:33,09:40,0,1
10020,4,2780,10/11/2025,09:45,10:06,0,2
10021,4,2552,10/11/2025,10:10,10:26,0,3
10022,4,2430,10/11/2025,10:32,10:54,0,4
10023,4,2723,10/11/2025,10:58,11:20,0,5
10024,4,2540,10/11/2025,11:24,11:34,0,6
10025,4,2715,10/11/2025,11:41,11:50,0,7
10026,4,2456,10/11/2025,11:55,12:16,0,8
10027,4,2683,10/11/2025,12:20,12:30,0,9
10028,4,2550,11/11/2025,09:28,09:35,0,1
10029,4,2577,11/11/2025,09:39,10:01,0,2
10030,4,2624,11/11/2025,10:11,10:19,0,3
10031,4,2606,11/11/2025,10:23,10:30,0,4
10032,4,2658,11/11/2025,10:34,10:49,0,5
10033,4,2502,11/11/2025,10:58,11:15,0,6
10034,4,2574,11/11/2025,11:23,11:36,0,7
10035,4,2782,11/11/2025,11:43,11:51,0,8
10036,4,2786,11/11/2025,11:55,12:17,0,9
10037,4,2713,12/11/2025,09:14,09:35,0,1
10038,4,2363,12/11/2025,09:39,09:46,0,2
10039,4,2711,12/11/2025,09:57,10:11,0,3
10040,4,2733,12/11/2025,10:21,,0,4
10041,4,2348,12/11/2025,10:49,11:10,0,5
10042,4,2573,12/11/2025,11:20,11:34,0,6
10043,4,2430,12/11/2025,11:42,12:01,0,7
10044,4,2777,12/11/2025,12:06,12:24,0,8
10045,4,2720,12/11/2025,12:34,,0,9
10046,4,2763,12/11/2025,12:57,13:13,0,10
10047,4,2572,12/11/2025,13:17,13:34,0,11
10048,4,2656,13/11/2025,09:37,09:52,0,1
10049,4,2387,13/11/2025,09:58,,1,2
10050,4,2391,13/11/2025,10:15,10:31,0,3
10051,4,2635,13/11/2025,10:37,10:47,0,4
10052,4,2422,13/11/2025,10:56,11:03,0,5
10053,4,2660,13/11/2025,11:07,11:19,0,6
10054,4,2356,13/11/2025,11:30,11:48,0,7
10055,4,2527,15/11/2025,09:17,09:39,0,1
10056,4,2403,15/11/2025,09:48,10:02,0,2
10057,4,2383,15/11/2025,10:10,10:21,0,3
10058,4,2691,15/11/2025,10:30,10:50,0,4
10059,4,2482,15/11/2025,10:56,11:03,0,5
10060,4,2420,15/11/2025,11:08,11:33,0,6
10061,4,2371,15/11/2025,11:45,12:04,0,7
10062,4,2383,15/11/2025,12:10,12:19,0,8
10063,4,2438,16/11/2025,09:17,09:32,0,1
10064,4,2731,16/11/2025,09:38,09:57,0,2
10065,4,2708,16/11/2025,10:05,10:21,0,3
10066,4,2723,16/11/2025,10:25,10:36,0,4
10067,4,2495,16/11/2025,10:40,10:58,0,5
10068,4,2356,16/11/2025,11:04,11:22,0,6
10069,4,2654,17/11/2025,09:19,09:47,0,1
10070,4,2469,17/11/2025,09:55,10:18,0,2
10071,4,2778,17/11/2025,10:27,10:36,0,3
10072,4,2546,17/11/2025,10:42,10:53,0,4
10073,4,2344,17/11/2025,11:01,11:15,0,5
10074,4,2555,17/11/2025,11:27,,0,6
10075,4,2576,17/11/2025,11:52,12:05,0,7
10076,4,2691,17/11/2025,12:11,12:27,0,8
10077,4,2763,17/11/2025,12:35,12:47,0,9
10078,4,2514,18/11/2025,09:27,09:52,0,1
10079,4,2385,18/11/2025,09:56,10:08,0,2
10080,4,2342,18/11/2025,10:15,10:41,0,3
10081,4,2781,18/11/2025,10:45,10:59,0,4
10082,4,2621,18/11/2025,11:09,11:29,0,5
10083,4,2564,18/11/2025,11:33,11:50,0,6
10084,4,2536,18/11/2025,11:58,12:15,0,7
10085,4,2393,18/11/2025,12:23,12:44,0,8
10086,4,2700,18/11/2025,12:48,12:59,0,9
10087,4,2500,19/11/2025,09:30,09:48,0,1
10088,4,2404,19/11/2025,09:53,10:13,0,2
10089,4,2487,19/11/2025,10:19,,1,3
10090,4,2746,19/11/2025,10:43,11:02,0,4
10091,4,2425,19/11/2025,11:11,11:26,0,5
10092,4,2478,19/11/2025,11:30,11:49,0,6
10093,4,2821,19/11/2025,11:55,12:06,0,7
10094,4,2692,20/11/2025,09:24,09:31,0,1
10095,4,2443,20/11/2025,09:35,09:52,0,2
10096,4,2348,20/11/2025,09:56,10:12,0,3
10097,4,2736,20/11/2025,10:21,10:37,0,4
10098,4,2635,20/11/2025,10:45,11:09,0,5
10099,4,2621,20/11/2025,11:14,11:36,0,6
10100,4,2383,20/11/2025,11:40,11:58,0,7
10101,4,2658,22/11/2025,09:20,09:39,0,1
10102,4,2520,22/11/2025,09:43,09:53,0,2
10103,4,2602,22/11/2025,09:59,10:10,0,3
10104,4,2477,22/11/2025,10:17,10:30,0,4
10105,4,2644,22/11/2025,10:38,10:52,0,5
10106,4,2754,22/11/2025,10:56,11:11,0,6
10107,4,2367,22/11/2025,11:17,11:41,0,7
10108,4,2510,23/11/2025,09:19,09:39,0,1
10109,4,2372,23/11/2025,09:44,09:59,0,2
10110,4,2798,23/11/2025,10:09,10:24,0,3
10111,4,2675,23/11/2025,10:28,10:51,0,4
10112,4,2353,23/11/2025,10:58,11:19,0,5
10113,4,2646,23/11/2025,11:31,11:47,0,6
10114,4,2707,23/11/2025,11:51,12:14,0,7
10115,4,2784,23/11/2025,12:18,12:39,0,8
10116,4,2384,23/11/2025,12:43,12:57,0,9
10117,4,2565,24/11/2025,09:13,09:23,0,1
10118,4,2409,24/11/2025,09:31,09:40,0,2
10119,4,2621,24/11/2025,09:52,10:07,0,3
10120,4,2380,24/11/2025,10:11,10:18,0,4
10121,4,2622,24/11/2025,10:22,10:36,0,5
10122,4,2765,24/11/2025,10:47,11:21,0,6
10123,4,2389,24/11/2025,11:31,11:44,0,7
10124,4,2719,24/11/2025,11:50,12:08,0,8
10125,4,2422,24/11/2025,12:13,12:25,0,9
10126,4,2621,24/11/2025,12:31,12:42,0,10
10127,4,2491,24/11/2025,12:50,12:58,0,11
10128,4,2414,25/11/2025,09:26,09:49,0,1
10129,4,2442,25/11/2025,09:54,10:08,0,2
10130,4,2471,25/11/2025,10:12,10:26,0,3
10131,4,2613,25/11/2025,10:36,10:50,0,4
10132,4,2780,25/11/2025,10:59,11:13,0,5
10133,4,2695,25/11/2025,11:24,11:44,0,6
10134,4,2497,26/11/2025,09:19,09:44,0,1
10135,4,2491,26/11/2025,09:53,10:16,0,2
10136,4,2380,26/11/2025,10:29,10:51,0,3
10137,4,2455,26/11/2025,11:01,11:08,0,4
10138,4,2707,26/11/2025,11:13,11:33,0,5
10139,4,2430,26/11/2025,11:43,12:11,0,6
10140,4,2472,26/11/2025,12:15,12:32,0,7
10141,4,2353,26/11/2025,12:36,12:49,0,8
10142,4,2358,26/11/2025,12:58,13:05,0,9
10143,4,2507,27/11/2025,09:22,09:35,0,1
10144,4,2621,27/11/2025,09:39,10:04,0,2
10145,4,2511,27/11/2025,10:12,10:28,0,3
10146,4,2674,27/11/2025,10:32,10:56,0,4
10147,4,2675,27/11/2025,11:02,11:23,0,5
10148,4,2491,27/11/2025,11:30,11:37,0,6
10149,4,2517,27/11/2025,11:48,12:10,0,7
10150,4,2553,27/11/2025,12:14,12:21,0,8
10151,4,2629,29/11/2025,09:25,09:48,0,1
10152,4,2785,29/11/2025,09:55,10:07,0,2
10153,4,2646,29/11/2025,10:11,10:39,0,3
10154,4,2659,29/11/2025,10:54,11:05,0,4
10155,4,2502,29/11/2025,11:12,11:28,0,5
10156,4,2473,29/11/2025,11:32,11:50,0,6
10157,4,2457,29/11/2025,12:01,12:18,0,7
10158,4,2719,29/11/2025,12:28,12:46,0,8
10159,4,2580,29/11/2025,12:53,13:04,0,9
10160,4,2441,29/11/2025,13:08,13:35,0,10
10161,4,2776,29/11/2025,13:44,13:51,0,11
10162,4,2757,30/11/2025,09:30,09:47,0,1
10163,4,2823,30/11/2025,09:51,,0,2
10164,4,2739,30/11/2025,10:27,10:44,0,3
10165,4,2782,30/11/2025,10:49,11:00,0,4
10166,4,2691,30/11/2025,11:12,11:24,0,5
10167,4,2759,30/11/2025,11:29,,0,6
10168,4,2631,30/11/2025,11:55,12:07,0,7
10169,4,2786,01/12/2025,09:30,10:00,0,1
10170,4,2656,01/12/2025,10:05,10:12,0,2
10171,4,2466,01/12/2025,10:20,10:38,0,3
10172,4,2401,01/12/2025,10:49,11:07,0,4
10173,4,2481,01/12/2025,11:12,11:23,0,5
10174,4,2516,01/12/2025,11:32,11:54,0,6
10175,4,2741,02/12/2025,09:10,09:39,0,1
10176,4,2494,02/12/2025,09:46,10:01,0,2
10177,4,2340,02/12/2025,10:10,10:24,0,3
10178,4,2675,02/12/2025,10:34,11:07,0,4
10179,4,2651,02/12/2025,11:15,11:29,0,5
10180,4,2578,02/12/2025,11:41,11:48,0,6
10181,4,2655,02/12/2025,11:55,12:13,0,7
10182,4,2773,02/12/2025,12:19,12:38,0,8
10183,4,2514,02/12/2025,12:42,12:51,0,9
10184,4,2530,02/12/2025,12:55,13:11,0,10
10185,4,2757,02/12/2025,13:22,13:34,0,11
10186,4,2673,03/12/2025,09:29,09:38,0,1
10187,4,2546,03/12/2025,09:42,09:49,0,2
10188,4,2786,03/12/2025,09:56,10:13,0,3
10189,4,2657,03/12/2025,10:20,10:35,0,4
10190,4,2351,03/12/2025,10:46,11:00,0,5
10191,4,2725,03/12/2025,11:05,11:16,0,6
10192,4,2412,03/12/2025,11:22,11:29,0,7
10193,4,2468,03/12/2025,11:37,11:54,0,8
10194,4,2463,03/12/2025,12:01,12:18,0,9
10195,4,2676,03/12/2025,12:25,12:46,0,10
10196,4,2722,03/12/2025,12:50,13:06,0,11
10197,4,2384,04/12/2025,09:11,09:26,0,1
10198,4,2820,04/12/2025,09:31,09:57,0,2
10199,4,2504,04/12/2025,10:02,10:20,0,3
10200,4,2599,04/12/2025,10:24,10:37,0,4
10201,4,2780,04/12/2025,10:41,11:05,0,5
10202,4,2599,04/12/2025,11:14,11:34,0,6
10203,4,2661,04/12/2025,11:42,12:10,0,7
10204,4,2645,04/12/2025,12:15,12:30,0,8
10205,4,2432,04/12/2025,12:35,12:48,0,9
10206,4,2689,06/12/2025,09:27,09:42,0,1
10207,4,2453,06/12/2025,09:46,09:58,0,2
10208,4,2439,06/12/2025,10:03,10:33,0,3
10209,4,2743,06/12/2025,10:43,11:03,0,4
10210,4,2671,06/12/2025,11:07,11:30,0,5
10211,4,2776,06/12/2025,11:34,11:49,0,6
10212,4,2385,06/12/2025,11:53,12:09,0,7
10213,4,2750,06/12/2025,12:18,12:33,0,8
10214,4,2671,07/12/2025,09:29,09:48,0,1
10215,4,2725,07/12/2025,09:52,09:59,0,2
10216,4,2707,07/12/2025,10:04,10:19,0,3
10217,4,2367,07/12/2025,10:28,10:37,0,4
10218,4,2352,07/12/2025,10:41,,0,5
10219,4,2497,07/12/2025,11:04,11:28,0,6
10220,4,2353,07/12/2025,11:32,11:44,0,7
10221,4,2382,07/12/2025,11:54,12:26,0,8
10222,4,2782,07/12/2025,12:31,12:41,0,9
10223,4,2442,07/12/2025,12:47,13:07,0,10
10224,4,2431,08/12/2025,09:26,09:48,0,1
10225,4,2677,08/12/2025,09:52,10:05,0,2
10226,4,2579,08/12/2025,10:11,10:39,0,3
10227,4,2472,08/12/2025,10:48,10:58,0,4
10228,4,2746,08/12/2025,11:03,11:29,0,5
10229,4,2783,08/12/2025,11:37,11:54,0,6
10230,4,2434,08/12/2025,12:00,12:21,0,7
10231,4,2408,08/12/2025,12:25,12:43,0,8
10232,4,2538,08/12/2025,12:49,12:58,0,9
10233,4,2711,08/12/2025,13:05,13:20,0,10
10234,4,2637,08/12/2025,13:24,13:31,0,11
10235,4,2769,09/12/2025,09:32,09:44,0,1
10236,4,2452,09/12/2025,09:48,09:55,0,2
10237,4,2763,09/12/2025,10:02,10:15,0,3
10238,4,2561,09/12/2025,10:19,,0,4
10239,4,2471,09/12/2025,10:50,11:00,0,5
10240,4,2787,09/12/2025,11:07,11:14,0,6
10241,4,2796,09/12/2025,11:18,11:51,0,7
10242,4,2744,09/12/2025,11:55,12:15,0,8
10243,4,2778,09/12/2025,12:19,12:38,0,9
10244,4,2479,09/12/2025,12:42,13:09,0,10
10245,4,2770,09/12/2025,13:20,13:31,0,11
10246,4,2605,10/12/2025,09:21,09:36,0,1
10247,4,2709,10/12/2025,09:44,10:02,0,2
10248,4,2777,10/12/2025,10:10,10:30,0,3
10249,4,2569,10/12/2025,10:34,11:00,0,4
10250,4,2682,10/12/2025,11:04,11:22,0,5
10251,4,2519,10/12/2025,11:32,11:56,0,6
10252,4,2663,10/12/2025,12:01,12:18,0,7
10253,4,2526,10/12/2025,12:28,12:49,0,8
10254,4,2790,10/12/2025,12:56,13:11,0,9
10255,4,2568,10/12/2025,13:19,13:33,0,10
10256,4,2695,11/12/2025,09:25,09:45,0,1
10257,4,2345,11/12/2025,09:55,10:19,0,2
10258,4,2650,11/12/2025,10:25,10:37,0,3
10259,4,2435,11/12/2025,10:45,11:11,0,4
10260,4,2646,11/12/2025,11:18,11:29,0,5
10261,4,2397,11/12/2025,11:38,11:58,0,6
10262,4,2655,11/12/2025,12:03,12:23,0,7
10263,4,2650,11/12/2025,12:29,12:52,0,8
10264,4,2544,11/12/2025,13:00,13:17,0,9
10265,4,2528,13/12/2025,09:21,09:28,0,1
10266,4,2611,13/12/2025,09:39,10:08,0,2
10267,4,2502,13/12/2025,10:12,10:37,0,3
10268,4,2386,13/12/2025,10:43,10:50,0,4
10269,4,2492,13/12/2025,10:56,,0,5
10270,4,2591,13/12/2025,11:13,11:30,0,6
10271,4,2634,13/12/2025,11:36,11:54,0,7
10272,4,2608,13/12/2025,11:58,12:17,0,8
10273,4,2392,13/12/2025,12:21,12:48,0,9
10274,4,2618,14/12/2025,09:26,09:39,0,1
10275,4,2772,14/12/2025,09:46,10:00,0,2
10276,4,2516,14/12/2025,10:07,10:21,0,3
10277,4,2495,14/12/2025,10:30,10:51,0,4
10278,4,2651,14/12/2025,10:59,11:19,0,5
10279,4,2392,14/12/2025,11:27,11:38,0,6
10280,4,2786,14/12/2025,11:51,12:10,0,7
10281,4,2748,14/12/2025,12:14,12:37,0,8
10282,4,2494,14/12/2025,12:41,12:52,0,9
10283,4,2364,14/12/2025,13:02,13:19,0,10
10284,4,2420,15/12/2025,09:26,09:41,0,1
10285,4,2380,15/12/2025,09:51,10:16,0,2
10286,4,2350,15/12/2025,10:20,10:47,0,3
10287,4,2340,15/12/2025,10:56,11:03,0,4
10288,4,2527,15/12/2025,11:12,11:37,0,5
10289,4,2533,15/12/2025,11:43,11:58,0,6
10290,4,2695,15/12/2025,12:09,12:28,0,7
10291,4,2552,15/12/2025,12:38,12:51,0,8
10292,4,2422,16/12/2025,09:26,09:33,0,1
10293,4,2681,16/12/2025,09:44,09:54,0,2
10294,4,2720,16/12/2025,09:58,10:16,0,3
10295,4,2406,16/12/2025,10:26,10:39,0,4
10296,4,2343,16/12/2025,10:47,10:54,0,5
10297,4,2428,16/12/2025,10:59,11:17,0,6
10298,4,2668,16/12/2025,11:21,11:39,0,7
10299,4,2781,16/12/2025,11:45,12:02,0,8
10300,4,2457,17/12/2025,09:18,09:25,0,1
10301,4,2598,17/12/2025,09:30,09:51,0,2
10302,4,2583,17/12/2025,10:04,10:27,0,3
10303,4,2431,17/12/2025,10:32,10:47,0,4
10304,4,2598,17/12/2025,10:52,11:08,0,5
10305,4,2431,17/12/2025,11:13,11:33,0,6
10306,4,2426,18/12/2025,09:30,09:49,0,1
10307,4,2668,18/12/2025,09:53,10:07,0,2
10308,4,2605,18/12/2025,10:11,10:30,0,3
10309,4,2511,18/12/2025,10:43,11:10,0,4
10310,4,2602,18/12/2025,11:14,11:34,0,5
10311,4,2659,18/12/2025,11:42,11:49,0,6
10312,4,2743,18/12/2025,11:53,12:03,0,7
10313,4,2516,18/12/2025,12:09,12:29,0,8
10314,4,2364,18/12/2025,12:35,12:45,0,9
10315,4,2797,18/12/2025,12:49,13:00,0,10
10316,4,2430,20/12/2025,09:20,09:41,0,1
10317,4,2456,20/12/2025,09:46,09:57,0,2
10318,4,2370,20/12/2025,10:03,10:30,0,3
10319,4,2447,20/12/2025,10:40,,0,4
10320,4,2549,20/12/2025,11:01,11:21,0,5
10321,4,2561,20/12/2025,11:25,11:41,0,6
10322,4,2497,20/12/2025,11:46,12:02,0,7
10323,4,2527,20/12/2025,12:07,12:33,0,8
10324,4,2437,20/12/2025,12:42,12:57,0,9
10325,4,2600,20/12/2025,13:05,13:22,0,10
10326,4,2359,20/12/2025,13:26,13:49,0,11
10327,4,2530,21/12/2025,09:12,09:35,0,1
10328,4,2770,21/12/2025,09:46,09:53,0,2
10329,4,2786,21/12/2025,09:58,10:18,0,3
10330,4,2613,21/12/2025,10:28,10:35,0,4
10331,4,2702,21/12/2025,10:41,10:50,0,5
10332,4,2768,21/12/2025,10:54,11:14,0,6
10333,4,2621,21/12/2025,11:21,11:29,0,7
10334,4,2778,22/12/2025,09:31,09:42,0,1
10335,4,2457,22/12/2025,09:50,10:22,0,2
10336,4,2682,22/12/2025,10:34,10:49,0,3
10337,4,2549,22/12/2025,10:53,11:10,0,4
10338,4,2821,22/12/2025,11:19,11:38,0,5
10339,4,2604,22/12/2025,11:46,11:53,0,6
10340,4,2372,22/12/2025,11:57,12:24,0,7
10341,4,2633,22/12/2025,12:35,12:52,0,8
10342,4,2638,22/12/2025,12:57,13:04,0,9
10343,4,2522,22/12/2025,13:12,13:28,0,10
10344,4,2371,23/12/2025,09:30,09:45,0,1
10345,4,2681,23/12/2025,09:54,10:23,0,2
10346,4,2807,23/12/2025,10:28,10:42,0,3
10347,4,2709,23/12/2025,10:46,11:08,0,4
10348,4,2411,23/12/2025,11:16,11:35,0,5
10349,4,2611,23/12/2025,11:39,11:53,0,6
10350,4,2498,24/12/2025,09:31,09:46,0,1
10351,4,2588,24/12/2025,09:50,10:09,0,2
10352,4,2595,24/12/2025,10:14,10:27,0,3
10353,4,2373,24/12/2025,10:33,10:46,0,4
10354,4,2383,24/12/2025,10:54,11:17,0,5
10355,4,2688,24/12/2025,11:25,11:39,0,6
10356,4,2753,24/12/2025,11:45,11:57,0,7
10357,4,2619,24/12/2025,12:04,12:14,0,8
10358,4,2502,24/12/2025,12:20,12:47,0,9
10359,4,2415,24/12/2025,12:52,12:59,0,10
10360,4,2687,24/12/2025,13:06,,1,11
10361,4,2381,25/12/2025,09:07,09:18,0,1
10362,4,2567,25/12/2025,09:23,09:40,0,2
10363,4,2799,25/12/2025,09:50,10:03,0,3
10364,4,2691,25/12/2025,10:07,10:20,0,4
10365,4,2514,25/12/2025,10:26,10:34,0,5
10366,4,2681,25/12/2025,10:40,11:00,0,6
10367,4,2618,25/12/2025,11:07,11:30,0,7
10368,4,2781,25/12/2025,11:35,11:50,0,8
10369,4,2550,25/12/2025,11:57,12:06,0,9
10370,4,2700,25/12/2025,12:13,12:28,0,10
10371,4,2721,25/12/2025,12:32,12:43,0,11
10372,4,2749,27/12/2025,09:12,09:31,0,1
10373,4,2670,27/12/2025,09:42,,0,2
10374,4,2714,27/12/2025,10:09,10:44,0,3
10375,4,2350,27/12/2025,10:52,11:12,0,4
10376,4,2538,27/12/2025,11:25,11:38,0,5
10377,4,2372,27/12/2025,11:42,12:04,0,6
10378,4,2634,27/12/2025,12:12,12:19,0,7
10379,4,2747,27/12/2025,12:26,12:36,0,8
10380,4,2495,27/12/2025,12:41,13:02,0,9
10381,4,2513,27/12/2025,13:15,13:40,0,10
10382,4,2493,27/12/2025,13:46,14:03,0,11
10383,4,2419,28/12/2025,09:28,09:52,0,1
10384,4,2471,28/12/2025,09:56,10:17,0,2
10385,4,2680,28/12/2025,10:23,10:42,0,3
10386,4,2723,28/12/2025,10:54,11:14,0,4
10387,4,2577,28/12/2025,11:20,11:52,0,5
10388,4,2457,28/12/2025,11:58,12:11,0,6
10389,4,2433,28/12/2025,12:24,12:41,0,7
10390,4,2495,28/12/2025,12:49,13:02,0,8
10391,4,2605,29/12/2025,09:27,09:35,0,1
10392,4,2700,29/12/2025,09:44,10:02,0,2
10393,4,2818,29/12/2025,10:10,10:32,0,3
10394,4,2425,29/12/2025,10:36,11:01,0,4
10395,4,2428,29/12/2025,11:11,11:22,0,5
10396,4,2390,29/12/2025,11:32,,0,6
10397,4,2640,29/12/2025,11:58,12:13,0,7
10398,4,2789,29/12/2025,12:17,12:34,0,8
10399,4,2343,29/12/2025,12:38,12:45,0,9
10400,4,2765,29/12/2025,12:50,12:59,0,10
10401,4,2715,29/12/2025,13:10,,0,11
10402,4,2682,30/12/2025,09:30,09:59,0,1
10403,4,2547,30/12/2025,10:03,10:17,0,2
10404,4,2682,30/12/2025,10:29,,0,3
10405,4,2654,30/12/2025,10:54,11:08,0,4
10406,4,2752,30/12/2025,11:19,11:35,0,5
10407,4,2635,30/12/2025,11:41,11:55,0,6
10408,4,2807,30/12/2025,12:00,12:17,0,7
10409,4,2621,31/12/2025,09:09,,1,1
10410,4,2619,31/12/2025,09:37,10:07,0,2
10411,4,2811,31/12/2025,10:20,10:38,0,3
10412,4,2666,31/12/2025,10:46,10:54,0,4
10413,4,2593,31/12/2025,11:00,,0,5
10414,4,2449,31/12/2025,11:22,11:36,0,6
10415,4,2528,01/01/2026,09:31,09:52,0,1
10416,4,2781,01/01/2026,10:00,10:13,0,2
10417,4,2622,01/01/2026,10:25,10:34,0,3
10418,4,2418,01/01/2026,10:40,10:48,0,4
10419,4,2458,01/01/2026,10:54,11:11,0,5
10420,4,2787,01/01/2026,11:17,11:36,0,6
10421,4,2504,01/01/2026,11:47,12:20,0,7
10422,4,2620,01/01/2026,12:33,12:58,0,8
10423,4,2709,01/01/2026,13:04,13:15,0,9
10424,4,2687,03/01/2026,09:26,09:56,0,1
10425,4,2536,03/01/2026,10:03,10:18,0,2
10426,4,2469,03/01/2026,10:27,10:42,0,3
10427,4,2358,03/01/2026,10:53,11:00,0,4
10428,4,2592,03/01/2026,11:04,11:28,0,5
10429,4,2479,03/01/2026,11:32,11:44,0,6
10430,4,2451,03/01/2026,11:55,12:02,0,7
10431,4,2714,03/01/2026,12:13,12:36,0,8
10432,4,2413,03/01/2026,12:42,13:04,0,9
10433,4,2576,03/01/2026,13:08,13:30,0,10
10434,4,2657,03/01/2026,13:38,,0,11
10435,4,2562,04/01/2026,09:24,09:42,0,1
10436,4,2799,04/01/2026,09:50,10:06,0,2
10437,4,2513,04/01/2026,10:13,10:21,0,3
10438,4,2570,04/01/2026,10:25,10:40,0,4
10439,4,2555,04/01/2026,10:47,11:04,0,5
10440,4,2388,04/01/2026,11:08,11:32,0,6
10441,4,2770,04/01/2026,11:39,11:46,0,7
10442,4,2407,04/01/2026,11:57,12:15,0,8
10443,4,2618,04/01/2026,12:20,12:27,0,9
10444,4,2497,05/01/2026,09:22,09:35,0,1
10445,4,2507,05/01/2026,09:41,09:57,0,2
10446,4,2786,05/01/2026,10:01,10:27,0,3
10447,4,2550,05/01/2026,10:31,10:44,0,4
10448,4,2427,05/01/2026,10:54,11:05,0,5
10449,4,2363,05/01/2026,11:09,11:22,0,6
10450,4,2414,05/01/2026,11:26,11:44,0,7
10451,4,2433,05/01/2026,11:53,12:02,0,8
10452,4,2825,06/01/2026,09:26,09:40,0,1
10453,4,2706,06/01/2026,09:51,10:18,0,2
10454,4,2375,06/01/2026,10:26,10:40,0,3
10455,4,2540,06/01/2026,10:44,10:58,0,4
10456,4,2743,06/01/2026,11:10,,0,5
10457,4,2756,06/01/2026,11:27,11:36,0,6
10458,4,2444,06/01/2026,11:40,12:03,0,7
10459,4,2354,07/01/2026,09:06,09:27,0,1
10460,4,2635,07/01/2026,09:35,09:46,0,2
10461,4,2610,07/01/2026,09:55,10:05,0,3
10462,4,2675,07/01/2026,10:09,10:35,0,4
10463,4,2344,07/01/2026,10:41,11:00,0,5
10464,4,2704,07/01/2026,11:04,11:14,0,6
10465,4,2646,07/01/2026,11:18,11:45,0,7
10466,4,2761,07/01/2026,11:49,12:05,0,8
10467,4,2429,08/01/2026,09:18,09:28,0,1
10468,4,2457,08/01/2026,09:32,09:51,0,2
10469,4,2418,08/01/2026,09:57,10:24,0,3
10470,4,2491,08/01/2026,10:30,,0,4
10471,4,2578,08/01/2026,10:42,10:59,0,5
10472,4,2440,08/01/2026,11:05,11:22,0,6
10473,4,2750,08/01/2026,11:27,,0,7
10474,4,2705,08/01/2026,11:53,12:04,0,8
10475,4,2488,08/01/2026,12:15,12:25,0,9
10476,4,2427,08/01/2026,12:29,12:49,0,10
10477,4,2605,10/01/2026,09:13,,0,1
10478,4,2780,10/01/2026,09:37,09:51,0,2
10479,4,2394,10/01/2026,09:58,,0,3
10480,4,2589,10/01/2026,10:09,10:38,0,4
10481,4,2649,10/01/2026,10:42,10:49,0,5
10482,4,2613,10/01/2026,10:57,11:16,0,6
10483,4,2419,10/01/2026,11:23,11:44,0,7
10484,4,2649,10/01/2026,11:56,12:20,0,8
10485,4,2602,10/01/2026,12:24,12:39,0,9
10486,4,2669,10/01/2026,12:49,13:17,0,10
10487,4,2727,10/01/2026,13:23,13:33,0,11
10488,4,2532,11/01/2026,09:20,09:39,0,1
10489,4,2552,11/01/2026,09:49,10:12,0,2
10490,4,2509,11/01/2026,10:19,,0,3
10491,4,2452,11/01/2026,10:46,11:08,0,4
10492,4,2526,11/01/2026,11:12,11:26,0,5
10493,4,2772,11/01/2026,11:33,11:54,0,6
10494,4,2678,11/01/2026,11:58,12:18,0,7
10495,4,2609,12/01/2026,09:15,09:40,0,1
10496,4,2796,12/01/2026,09:46,10:14,0,2
10497,4,2350,12/01/2026,10:19,10:40,0,3
10498,4,2677,12/01/2026,10:45,11:05,0,4
10499,4,2719,12/01/2026,11:09,11:31,0,5
10500,4,2658,12/01/2026,11:39,11:54,0,6
10501,4,2527,12/01/2026,12:02,12:22,0,7
10502,4,2684,12/01/2026,12:27,12:43,0,8
10503,4,2791,12/01/2026,12:52,,0,9
10504,4,2486,12/01/2026,13:28,13:44,0,10
10505,4,2750,12/01/2026,13:56,14:11,0,11
10506,4,2356,13/01/2026,09:17,09:33,0,1
10507,4,2583,13/01/2026,09:39,09:57,0,2
10508,4,2737,13/01/2026,10:03,10:20,0,3
10509,4,2584,13/01/2026,10:26,10:47,0,4
10510,4,2646,13/01/2026,10:57,11:15,0,5
10511,4,2755,13/01/2026,11:24,11:33,0,6
10512,4,2678,13/01/2026,11:40,12:07,0,7
10513,4,2577,14/01/2026,09:27,09:50,0,1
10514,4,2690,14/01/2026,09:56,10:09,0,2
10515,4,2725,14/01/2026,10:17,10:36,0,3
10516,4,2710,14/01/2026,10:46,10:59,0,4
10517,4,2702,14/01/2026,11:04,11:29,0,5
10518,4,2479,14/01/2026,11:35,11:50,0,6
10519,4,2438,15/01/2026,09:25,09:32,0,1
10520,4,2637,15/01/2026,09:36,09:49,0,2
10521,4,2771,15/01/2026,09:55,10:13,0,3
10522,4,2701,15/01/2026,10:19,10:27,0,4
10523,4,2392,15/01/2026,10:31,10:53,0,5
10524,4,2438,15/01/2026,11:01,11:11,0,6
10525,4,2637,15/01/2026,11:21,11:28,0,7
10526,4,2727,17/01/2026,09:19,09:37,0,1
10527,4,2783,17/01/2026,09:44,09:58,0,2
10528,4,2430,17/01/2026,10:02,10:16,0,3
10529,4,2486,17/01/2026,10:27,10:45,0,4
10530,4,2348,17/01/2026,10:57,11:16,0,5
10531,4,2508,17/01/2026,11:22,11:40,0,6
10532,4,2528,17/01/2026,11:49,,0,7
10533,4,2742,17/01/2026,12:08,12:22,0,8
10534,4,2519,17/01/2026,12:26,12:33,0,9
10535,4,2618,18/01/2026,09:20,09:27,0,1
10536,4,2726,18/01/2026,09:34,10:03,0,2
10537,4,2465,18/01/2026,10:14,10:29,0,3
10538,4,2539,18/01/2026,10:33,10:54,0,4
10539,4,2390,18/01/2026,10:58,11:19,0,5
10540,4,2340,18/01/2026,11:24,11:54,0,6
10541,4,2380,18/01/2026,11:59,12:11,0,7
10542,4,2375,18/01/2026,12:15,12:23,0,8
10543,4,2635,18/01/2026,12:28,12:35,0,9
10544,4,2511,18/01/2026,12:46,13:07,0,10
10545,4,2678,18/01/2026,13:17,13:34,0,11
10546,4,2496,19/01/2026,09:13,09:20,0,1
10547,4,2366,19/01/2026,09:26,09:34,0,2
10548,4,2714,19/01/2026,09:41,10:03,0,3
10549,4,2500,19/01/2026,10:10,10:27,0,4
10550,4,2353,19/01/2026,10:31,10:44,0,5
10551,4,2382,19/01/2026,10:49,11:04,0,6
10552,4,2713,19/01/2026,11:08,11:32,0,7
10553,4,2438,19/01/2026,11:41,11:50,0,8
10554,4,2529,20/01/2026,09:29,09:37,0,1
10555,4,2675,20/01/2026,09:42,,0,2
10556,4,2347,20/01/2026,10:16,10:23,0,3
10557,4,2659,20/01/2026,10:35,10:53,0,4
10558,4,2424,20/01/2026,11:03,11:27,0,5
10559,4,2489,20/01/2026,11:35,11:47,0,6
10560,4,2652,20/01/2026,11:51,11:58,0,7
10561,4,2568,20/01/2026,12:04,12:21,0,8
10562,4,2694,20/01/2026,12:29,12:59,0,9
10563,4,2693,20/01/2026,13:05,13:15,0,10
10564,4,2403,21/01/2026,09:23,09:31,0,1
10565,4,2374,21/01/2026,09:35,09:56,0,2
10566,4,2413,21/01/2026,10:08,10:27,0,3
10567,4,2696,21/01/2026,10:31,10:51,0,4
10568,4,2342,21/01/2026,10:55,11:02,0,5
10569,4,2613,21/01/2026,11:07,,0,6
10570,4,2542,21/01/2026,11:35,11:49,0,7
10571,4,2785,21/01/2026,11:59,12:06,0,8
10572,4,2690,21/01/2026,12:14,12:24,0,9
10573,4,2373,21/01/2026,12:34,12:47,0,10
10574,4,2749,21/01/2026,12:54,13:13,0,11
10575,4,2560,22/01/2026,09:10,09:21,0,1
10576,4,2529,22/01/2026,09:30,09:45,0,2
10577,4,2664,22/01/2026,09:49,09:56,0,3
10578,4,2808,22/01/2026,10:00,10:13,0,4
10579,4,2774,22/01/2026,10:17,10:29,0,5
10580,4,2468,22/01/2026,10:33,10:40,0,6
10581,4,2569,22/01/2026,10:53,,0,7
10582,4,2343,24/01/2026,09:23,09:39,0,1
10583,4,2375,24/01/2026,09:43,10:02,0,2
10584,4,2367,24/01/2026,10:10,10:26,0,3
10585,4,2610,24/01/2026,10:34,11:00,0,4
10586,4,2509,24/01/2026,11:04,11:24,0,5
10587,4,2777,24/01/2026,11:33,11:48,0,6
10588,4,2564,24/01/2026,12:01,12:23,0,7
10589,4,2567,25/01/2026,09:18,09:42,0,1
10590,4,2359,25/01/2026,09:54,10:20,0,2
10591,4,2766,25/01/2026,10:26,10:42,0,3
10592,4,2432,25/01/2026,10:52,11:05,0,4
10593,4,2662,25/01/2026,11:13,11:34,0,5
10594,4,2522,25/01/2026,11:43,11:55,0,6
10595,4,2704,25/01/2026,12:00,12:10,0,7
10596,4,2539,25/01/2026,12:16,12:36,0,8
10597,4,2485,25/01/2026,12:41,12:54,0,9
10598,4,2481,25/01/2026,13:02,13:17,0,10
10599,4,2604,25/01/2026,13:24,13:46,0,11
10600,4,2375,26/01/2026,09:15,09:31,0,1
10601,4,2451,26/01/2026,09:42,10:01,0,2
10602,4,2345,26/01/2026,10:10,10:29,0,3
10603,4,2394,26/01/2026,10:39,10:57,0,4
10604,4,2611,26/01/2026,11:05,11:36,0,5
10605,4,2427,26/01/2026,11:40,11:49,0,6
10606,4,2651,26/01/2026,11:53,12:11,0,7
10607,4,2729,26/01/2026,12:20,12:36,0,8
10608,4,2535,26/01/2026,12:44,13:02,0,9
10609,4,2589,27/01/2026,09:24,09:34,0,1
10610,4,2380,27/01/2026,09:38,09:52,0,2
10611,4,2714,27/01/2026,09:57,10:18,0,3
10612,4,2462,27/01/2026,10:24,10:43,0,4
10613,4,2419,27/01/2026,10:55,11:24,0,5
10614,4,2358,27/01/2026,11:31,11:38,0,6
10615,4,2458,28/01/2026,09:24,09:42,0,1
10616,4,2770,28/01/2026,09:51,10:05,0,2
10617,4,2347,28/01/2026,10:12,10:26,0,3
10618,4,2677,28/01/2026,10:34,10:44,0,4
10619,4,2693,28/01/2026,10:50,11:02,0,5
10620,4,2430,28/01/2026,11:09,11:24,0,6
10621,4,2542,29/01/2026,09:30,09:45,0,1
10622,4,2767,29/01/2026,09:57,10:14,0,2
10623,4,2612,29/01/2026,10:19,10:37,0,3
10624,4,2727,29/01/2026,10:45,10:52,0,4
10625,4,2729,29/01/2026,10:56,,1,5
10626,4,2440,29/01/2026,11:26,11:33,0,6
10627,4,2762,29/01/2026,11:37,11:50,0,7
10628,4,2615,29/01/2026,11:54,12:11,0,8
10629,4,2519,31/01/2026,09:18,09:29,0,1
10630,4,2731,31/01/2026,09:36,09:54,0,2
10631,4,2719,31/01/2026,10:00,10:18,0,3
10632,4,2818,31/01/2026,10:22,10:44,0,4
10633,4,2524,31/01/2026,10:52,11:02,0,5
10634,4,2634,31/01/2026,11:09,11:29,0,6
10635,4,2675,31/01/2026,11:38,11:58,0,7
10636,4,2610,31/01/2026,12:03,12:18,0,8
10637,4,2392,31/01/2026,12:29,12:44,0,9
10638,4,2701,31/01/2026,12:50,12:58,0,10
10639,4,2497,31/01/2026,13:04,13:21,0,11
10640,4,2422,01/02/2026,09:11,09:25,0,1
10641,4,2603,01/02/2026,09:35,09:57,0,2
10642,4,2577,01/02/2026,10:07,10:29,0,3
10643,4,2754,01/02/2026,10:39,10:54,0,4
10644,4,2549,01/02/2026,10:58,11:12,0,5
10645,4,2341,01/02/2026,11:16,11:32,0,6
10646,4,2386,01/02/2026,11:39,11:56,0,7
10647,4,2409,01/02/2026,12:10,12:17,0,8
10648,4,2467,01/02/2026,12:21,12:31,0,9
10649,4,2507,01/02/2026,12:35,12:42,0,10
10650,4,2398,01/02/2026,12:51,13:06,0,11
10651,4,2488,02/02/2026,09:30,09:56,0,1
10652,4,2702,02/02/2026,10:01,10:19,0,2
10653,4,2580,02/02/2026,10:27,10:39,0,3
10654,4,2770,02/02/2026,10:48,10:56,0,4
10655,4,2769,02/02/2026,11:09,11:19,0,5
10656,4,2746,02/02/2026,11:27,11:44,0,6
10657,4,2652,03/02/2026,09:32,09:40,0,1
10658,4,2459,03/02/2026,09:44,09:57,0,2
10659,4,2347,03/02/2026,10:04,10:20,0,3
10660,4,2553,03/02/2026,10:25,10:32,0,4
10661,4,2577,03/02/2026,10:39,11:06,0,5
10662,4,2535,03/02/2026,11:10,11:17,0,6
10663,4,2673,03/02/2026,11:26,11:53,0,7
10664,4,2479,03/02/2026,11:57,12:15,0,8
10665,4,2613,03/02/2026,12:19,12:28,0,9
10666,4,2428,04/02/2026,09:13,09:35,0,1
10667,4,2571,04/02/2026,09:39,09:46,0,2
10668,4,2521,04/02/2026,09:55,10:12,0,3
10669,4,2444,04/02/2026,10:19,10:41,0,4
10670,4,2640,04/02/2026,10:45,10:59,0,5
10671,4,2742,04/02/2026,11:11,11:22,0,6
10672,4,2544,04/02/2026,11:26,11:43,0,7
10673,4,2696,05/02/2026,09:20,09:50,0,1
10674,4,2429,05/02/2026,09:59,10:13,0,2
10675,4,2624,05/02/2026,10:20,10:27,0,3
10676,4,2431,05/02/2026,10:35,,0,4
10677,4,2461,05/02/2026,11:00,11:07,0,5
10678,4,2680,05/02/2026,11:12,11:30,0,6
10679,4,2692,07/02/2026,09:18,09:27,0,1
10680,4,2600,07/02/2026,09:34,09:43,0,2
10681,4,2790,07/02/2026,09:47,10:01,0,3
10682,4,2641,07/02/2026,10:10,10:18,0,4
10683,4,2432,07/02/2026,10:22,10:41,0,5
10684,4,2785,07/02/2026,10:48,11:02,0,6
10685,4,2542,07/02/2026,11:11,11:18,0,7
10686,4,2668,07/02/2026,11:24,11:33,0,8
10687,4,2410,08/02/2026,09:32,09:39,0,1
10688,4,2770,08/02/2026,09:43,,0,2
10689,4,2697,08/02/2026,09:55,10:09,0,3
10690,4,2603,08/02/2026,10:15,10:26,0,4
10691,4,2606,08/02/2026,10:37,11:00,0,5
10692,4,2690,08/02/2026,11:07,11:20,0,6
10693,4,2825,08/02/2026,11:25,11:44,0,7
10694,4,2377,08/02/2026,11:51,12:06,0,8
10695,4,2788,08/02/2026,12:18,12:27,0,9
10696,4,2762,09/02/2026,09:19,09:30,0,1
10697,4,2469,09/02/2026,09:34,09:51,0,2
10698,4,2351,09/02/2026,09:56,10:18,0,3
10699,4,2615,09/02/2026,10:24,10:51,0,4
10700,4,2661,09/02/2026,11:01,,0,5
10701,4,2550,09/02/2026,11:32,11:39,0,6
10702,4,2514,09/02/2026,11:45,12:11,0,7
10703,4,2379,09/02/2026,12:20,12:28,0,8
10704,4,2457,09/02/2026,12:32,,1,9
10705,4,2781,09/02/2026,12:53,13:06,0,10
10706,4,2548,09/02/2026,13:18,13:25,0,11
10707,4,2433,10/02/2026,09:15,09:30,0,1
10708,4,2482,10/02/2026,09:34,09:41,0,2
10709,4,2522,10/02/2026,09:51,10:01,0,3
10710,4,2751,10/02/2026,10:10,10:41,0,4
10711,4,2649,10/02/2026,10:45,11:02,0,5
10712,4,2787,10/02/2026,11:11,11:21,0,6
10713,4,2500,10/02/2026,11:25,11:49,0,7
10714,4,2394,10/02/2026,11:53,12:10,0,8
10715,4,2465,10/02/2026,12:17,12:40,0,9
10716,4,2463,10/02/2026,12:46,13:03,0,10
10717,4,2698,11/02/2026,09:16,09:28,0,1
10718,4,2582,11/02/2026,09:32,,0,2
10719,4,2655,11/02/2026,09:51,10:08,0,3
10720,4,2603,11/02/2026,10:13,,0,4
10721,4,2547,11/02/2026,10:34,,0,5
10722,4,2530,11/02/2026,11:01,11:17,0,6
10723,4,2646,12/02/2026,09:10,09:28,0,1
10724,4,2583,12/02/2026,09:34,09:49,0,2
10725,4,2544,12/02/2026,09:57,10:11,0,3
10726,4,2702,12/02/2026,10:20,10:40,0,4
10727,4,2573,12/02/2026,10:45,10:53,0,5
10728,4,2605,12/02/2026,10:58,11:20,0,6
10729,4,2784,12/02/2026,11:28,11:35,0,7
10730,4,2392,14/02/2026,09:22,09:36,0,1
10731,4,2429,14/02/2026,09:45,,0,2
10732,4,2533,14/02/2026,10:09,10:27,0,3
10733,4,2650,14/02/2026,10:34,10:45,0,4
10734,4,2755,14/02/2026,10:55,11:16,0,5
10735,4,2379,14/02/2026,11:20,11:37,0,6
10736,4,2651,14/02/2026,11:43,12:11,0,7
10737,4,2430,15/02/2026,09:24,,0,1
10738,4,2441,15/02/2026,09:53,10:25,0,2
10739,4,2486,15/02/2026,10:29,10:45,0,3
10740,4,2680,15/02/2026,10:50,11:08,0,4
10741,4,2441,15/02/2026,11:13,11:29,0,5
10742,4,2418,15/02/2026,11:36,11:53,0,6
10743,4,2489,15/02/2026,11:58,12:08,0,7
10744,4,2382,15/02/2026,12:18,12:40,0,8
10745,4,2632,15/02/2026,12:48,13:12,0,9
10746,4,2696,15/02/2026,13:21,13:46,0,10
10747,4,2444,16/02/2026,09:06,09:31,0,1
10748,4,2422,16/02/2026,09:40,09:58,0,2
10749,4,2513,16/02/2026,10:08,10:22,0,3
10750,4,2391,16/02/2026,10:31,10:40,0,4
10751,4,2681,16/02/2026,10:48,11:13,0,5
10752,4,2634,16/02/2026,11:18,11:47,0,6
10753,4,2367,17/02/2026,09:26,09:41,0,1
10754,4,2699,17/02/2026,09:45,10:06,0,2
10755,4,2785,17/02/2026,10:17,,1,3
10756,4,2628,17/02/2026,10:38,10:52,0,4
10757,4,2683,17/02/2026,10:56,11:03,0,5
10758,4,2690,17/02/2026,11:13,11:20,0,6
10759,4,2692,17/02/2026,11:24,11:31,0,7
10760,4,2425,17/02/2026,11:36,11:50,0,8
10761,4,2744,17/02/2026,11:54,12:12,0,9
10762,4,2496,17/02/2026,12:16,12:23,0,10
10763,4,2695,17/02/2026,12:36,12:53,0,11
10764,4,2357,18/02/2026,09:15,09:35,0,1
10765,4,2463,18/02/2026,09:42,09:49,0,2
10766,4,2796,18/02/2026,09:54,10:11,0,3
10767,4,2581,18/02/2026,10:18,10:38,0,4
10768,4,2458,18/02/2026,10:44,,0,5
10769,4,2392,18/02/2026,11:14,11:25,0,6
10770,4,2443,18/02/2026,11:31,11:47,0,7
10771,4,2694,18/02/2026,12:01,12:25,0,8
10772,4,2512,18/02/2026,12:31,12:47,0,9
10773,4,2798,19/02/2026,09:29,09:49,0,1
10774,4,2342,19/02/2026,09:57,10:05,0,2
10775,4,2676,19/02/2026,10:13,10:33,0,3
10776,4,2487,19/02/2026,10:41,10:53,0,4
10777,4,2694,19/02/2026,11:05,11:26,0,5
10778,4,2753,19/02/2026,11:31,11:46,0,6
10779,4,2523,19/02/2026,11:50,11:57,0,7
10780,4,2581,21/02/2026,09:31,09:50,0,1
10781,4,2411,21/02/2026,09:54,10:25,0,2
10782,4,2507,21/02/2026,10:29,10:49,0,3
10783,4,2520,21/02/2026,10:59,11:09,0,4
10784,4,2538,21/02/2026,11:13,11:26,0,5
10785,4,2808,21/02/2026,11:38,11:56,0,6
10786,4,2514,21/02/2026,12:00,12:24,0,7
10787,4,2574,22/02/2026,09:20,09:29,0,1
10788,4,2371,22/02/2026,09:33,09:47,0,2
10789,4,2455,22/02/2026,09:51,10:15,0,3
10790,4,2782,22/02/2026,10:24,10:36,0,4
10791,4,2648,22/02/2026,10:41,10:48,0,5
10792,4,2811,22/02/2026,11:00,11:11,0,6
10793,4,2482,23/02/2026,09:24,09:31,0,1
10794,4,2492,23/02/2026,09:38,09:55,0,2
10795,4,2552,23/02/2026,09:59,10:28,0,3
10796,4,2797,23/02/2026,10:32,10:52,0,4
10797,4,2746,23/02/2026,10:56,11:12,0,5
10798,4,2442,23/02/2026,11:19,11:37,0,6
10799,4,2406,23/02/2026,11:41,,1,7
10800,4,2542,23/02/2026,12:11,12:23,0,8
10801,4,2750,24/02/2026,09:29,09:59,0,1
10802,4,2635,24/02/2026,10:07,10:16,0,2
10803,4,2807,24/02/2026,10:24,10:53,0,3
10804,4,2486,24/02/2026,11:01,11:21,0,4
10805,4,2603,24/02/2026,11:28,11:43,0,5
10806,4,2341,24/02/2026,11:47,11:58,0,6
10807,4,2744,24/02/2026,12:08,12:27,0,7
10808,4,2442,25/02/2026,09:23,09:43,0,1
10809,4,2703,25/02/2026,09:50,10:10,0,2
10810,4,2535,25/02/2026,10:20,10:39,0,3
10811,4,2558,25/02/2026,10:46,11:00,0,4
10812,4,2381,25/02/2026,11:04,11:23,0,5
10813,4,2692,25/02/2026,11:38,11:45,0,6
10814,4,2775,25/02/2026,11:49,11:56,0,7
10815,4,2451,25/02/2026,12:00,12:12,0,8
10816,4,2425,25/02/2026,12:16,12:31,0,9
10817,4,2624,25/02/2026,12:38,12:54,0,10
10818,4,2582,26/02/2026,09:07,09:15,0,1
10819,4,2746,26/02/2026,09:20,09:45,0,2
10820,4,2434,26/02/2026,09:52,09:59,0,3
10821,4,2572,26/02/2026,10:03,10:24,0,4
10822,4,2344,26/02/2026,10:32,10:52,0,5
10823,4,2475,26/02/2026,11:01,11:12,0,6
10824,4,2823,26/02/2026,11:19,11:31,0,7
10825,4,2641,26/02/2026,11:35,11:42,0,8
10826,4,2461,26/02/2026,11:49,11:56,0,9
10827,4,2729,28/02/2026,09:11,09:34,0,1
10828,4,2622,28/02/2026,09:41,10:03,0,2
10829,4,2509,28/02/2026,10:12,10:25,0,3
10830,4,2650,28/02/2026,10:34,10:49,0,4
10831,4,2606,28/02/2026,10:56,,0,5
10832,4,2773,28/02/2026,11:10,11:30,0,6
10833,4,2341,28/02/2026,11:37,,0,7
10834,4,2482,28/02/2026,11:49,12:01,0,8
10835,4,2466,28/02/2026,12:06,12:14,0,9
10836,4,2529,28/02/2026,12:23,12:30,0,10
10837,4,2668,01/03/2026,09:32,09:39,0,1
10838,4,2427,01/03/2026,09:49,09:59,0,2
10839,4,2678,01/03/2026,10:09,10:29,0,3
10840,4,2602,01/03/2026,10:42,10:51,0,4
10841,4,2720,01/03/2026,10:57,11:19,0,5
10842,4,2473,01/03/2026,11:25,11:42,0,6
10843,4,2371,02/03/2026,09:11,09:19,0,1
10844,4,2344,02/03/2026,09:23,09:36,0,2
10845,4,2654,02/03/2026,09:43,10:05,0,3
10846,4,2771,02/03/2026,10:12,10:35,0,4
10847,4,2365,02/03/2026,10:44,11:08,0,5
10848,4,2527,02/03/2026,11:14,11:33,0,6
10849,4,2406,02/03/2026,11:39,11:58,0,7
10850,4,2742,03/03/2026,09:24,09:31,0,1
10851,4,2555,03/03/2026,09:39,10:04,0,2
10852,4,2475,03/03/2026,10:08,10:28,0,3
10853,4,2823,03/03/2026,10:33,10:40,0,4
10854,4,2410,03/03/2026,10:44,11:02,0,5
10855,4,2775,03/03/2026,11:07,,0,6
10856,4,2561,03/03/2026,11:28,11:48,0,7
10857,4,2517,03/03/2026,11:52,12:10,0,8
10858,4,2394,03/03/2026,12:20,12:33,0,9
10859,4,2717,03/03/2026,12:41,12:48,0,10
10860,4,2648,04/03/2026,09:27,09:42,0,1
10861,4,2562,04/03/2026,09:49,10:06,0,2
10862,4,2655,04/03/2026,10:10,10:26,0,3
10863,4,2783,04/03/2026,10:30,,0,4
10864,4,2576,04/03/2026,10:42,10:56,0,5
10865,4,2786,04/03/2026,11:02,11:22,0,6
10866,4,2435,05/03/2026,09:23,09:36,0,1
10867,4,2673,05/03/2026,09:44,09:59,0,2
10868,4,2630,05/03/2026,10:07,10:14,0,3
10869,4,2647,05/03/2026,10:25,10:50,0,4
10870,4,2701,05/03/2026,10:54,11:03,0,5
10871,4,2784,05/03/2026,11:13,11:28,0,6
10872,4,2797,05/03/2026,11:37,11:52,0,7
10873,4,2644,05/03/2026,11:56,,0,8
10874,4,2763,07/03/2026,09:30,09:53,0,1
10875,4,2571,07/03/2026,10:00,10:14,0,2
10876,4,2703,07/03/2026,10:19,10:44,0,3
10877,4,2770,07/03/2026,10:48,,1,4
10878,4,2592,07/03/2026,11:06,11:25,0,5
10879,4,2767,07/03/2026,11:29,11:54,0,6
10880,4,2497,07/03/2026,11:59,12:12,0,7
10881,4,2695,07/03/2026,12:23,12:51,0,8
10882,4,2720,07/03/2026,12:55,,0,9
10883,4,2747,07/03/2026,13:17,13:28,0,10
10884,4,2584,08/03/2026,09:29,09:49,0,1
10885,4,2394,08/03/2026,09:59,10:15,0,2
10886,4,2539,08/03/2026,10:25,10:44,0,3
10887,4,2464,08/03/2026,10:48,11:00,0,4
10888,4,2706,08/03/2026,11:07,11:24,0,5
10889,4,2728,08/03/2026,11:31,11:38,0,6
10890,4,2536,08/03/2026,11:43,11:54,0,7
10891,4,2611,08/03/2026,12:05,12:23,0,8
10892,4,2582,08/03/2026,12:33,12:53,0,9
10893,4,2589,09/03/2026,09:26,09:43,0,1
10894,4,2348,09/03/2026,09:47,09:59,0,2
10895,4,2622,09/03/2026,10:07,10:28,0,3
10896,4,2400,09/03/2026,10:34,10:49,0,4
10897,4,2641,09/03/2026,10:55,11:07,0,5
10898,4,2408,09/03/2026,11:14,11:40,0,6
10899,4,2796,10/03/2026,09:13,09:23,0,1
10900,4,2458,10/03/2026,09:27,09:48,0,2
10901,4,2500,10/03/2026,09:56,10:13,0,3
10902,4,2722,10/03/2026,10:17,10:24,0,4
10903,4,2447,10/03/2026,10:35,10:44,0,5
10904,4,2408,10/03/2026,10:56,11:13,0,6
10905,4,2461,10/03/2026,11:17,11:24,0,7
10906,4,2551,11/03/2026,09:22,09:29,0,1
10907,4,2386,11/03/2026,09:36,09:46,0,2
10908,4,2576,11/03/2026,09:53,10:11,0,3
10909,4,2400,11/03/2026,10:17,10:37,0,4
10910,4,2442,11/03/2026,10:44,11:04,0,5
10911,4,2413,11/03/2026,11:10,11:23,0,6
10912,4,2796,12/03/2026,09:20,09:30,0,1
10913,4,2370,12/03/2026,09:34,09:58,0,2
10914,4,2434,12/03/2026,10:08,10:28,0,3
10915,4,2570,12/03/2026,10:38,11:00,0,4
10916,4,2644,12/03/2026,11:06,11:15,0,5
10917,4,2541,12/03/2026,11:26,11:56,0,6
10918,4,2723,12/03/2026,12:00,12:26,0,7
10919,4,2442,14/03/2026,09:26,09:49,0,1
10920,4,2788,14/03/2026,09:55,10:14,0,2
10921,4,2646,14/03/2026,10:25,10:35,0,3
10922,4,2701,14/03/2026,10:40,10:57,0,4
10923,4,2428,14/03/2026,11:07,,0,5
10924,4,2807,14/03/2026,11:36,11:46,0,6
10925,4,2823,15/03/2026,09:12,09:32,0,1
10926,4,2632,15/03/2026,09:40,09:58,0,2
10927,4,2687,15/03/2026,10:13,10:30,0,3
10928,4,2346,15/03/2026,10:40,10:51,0,4
10929,4,2683,15/03/2026,11:03,11:10,0,5
10930,4,2781,15/03/2026,11:21,11:47,0,6
10931,4,2702,16/03/2026,09:22,09:37,0,1
10932,4,2442,16/03/2026,09:42,09:59,0,2
10933,4,2590,16/03/2026,10:03,10:13,0,3
10934,4,2375,16/03/2026,10:23,,0,4
10935,4,2799,16/03/2026,10:41,10:48,0,5
10936,4,2468,16/03/2026,11:01,11:13,0,6
10937,4,2588,16/03/2026,11:17,11:41,0,7
10938,4,2789,16/03/2026,11:47,12:13,0,8
10939,4,2744,16/03/2026,12:17,12:31,0,9
10940,4,2767,16/03/2026,12:35,12:48,0,10
10941,4,2649,16/03/2026,12:52,13:13,0,11
10942,4,2676,17/03/2026,09:14,09:30,0,1
10943,4,2786,17/03/2026,09:39,09:56,0,2
10944,4,2569,17/03/2026,10:01,10:18,0,3
10945,4,2552,17/03/2026,10:22,10:44,0,4
10946,4,2348,17/03/2026,10:48,,0,5
10947,4,2782,17/03/2026,11:01,11:16,0,6
10948,4,2392,17/03/2026,11:25,11:36,0,7
10949,4,2596,17/03/2026,11:43,11:57,0,8
10950,4,2381,17/03/2026,12:01,,1,9
10951,4,2569,17/03/2026,12:24,12:31,0,10
10952,4,2635,17/03/2026,12:37,12:50,0,11
10953,4,2372,18/03/2026,09:26,09:39,0,1
10954,4,2691,18/03/2026,09:43,10:08,0,2
10955,4,2491,18/03/2026,10:16,10:30,0,3
10956,4,2485,18/03/2026,10:35,10:55,0,4
10957,4,2621,18/03/2026,11:01,11:16,0,5
10958,4,2675,18/03/2026,11:24,11:36,0,6
10959,4,2700,18/03/2026,11:46,12:03,0,7
10960,4,2404,18/03/2026,12:12,12:37,0,8
10961,4,2488,19/03/2026,09:26,09:50,0,1
10962,4,2598,19/03/2026,09:56,10:16,0,2
10963,4,2418,19/03/2026,10:26,10:41,0,3
10964,4,2661,19/03/2026,10:49,11:11,0,4
10965,4,2690,19/03/2026,11:23,11:35,0,5
10966,4,2697,19/03/2026,11:39,11:55,0,6
10967,4,2541,19/03/2026,12:04,12:19,0,7
10968,4,2496,19/03/2026,12:31,12:48,0,8
10969,4,2492,21/03/2026,09:24,09:44,0,1
10970,4,2649,21/03/2026,09:50,10:13,0,2
10971,4,2528,21/03/2026,10:22,10:32,0,3
10972,4,2413,21/03/2026,10:36,11:00,0,4
10973,4,2729,21/03/2026,11:10,11:39,0,5
10974,4,2748,21/03/2026,11:44,11:56,0,6
10975,4,2746,21/03/2026,12:00,12:17,0,7
10976,4,2530,22/03/2026,09:18,,1,1
10977,4,2779,22/03/2026,09:30,09:56,0,2
10978,4,2755,22/03/2026,10:05,10:18,0,3
10979,4,2557,22/03/2026,10:28,10:37,0,4
10980,4,2495,22/03/2026,10:41,10:56,0,5
10981,4,2782,22/03/2026,11:08,11:26,0,6
10982,4,2764,22/03/2026,11:31,11:55,0,7
10983,4,2606,22/03/2026,12:01,12:08,0,8
10984,4,2679,23/03/2026,09:26,09:36,0,1
10985,4,2710,23/03/2026,09:40,09:54,0,2
10986,4,2644,23/03/2026,10:00,10:09,0,3
10987,4,2792,23/03/2026,10:13,10:23,0,4
10988,4,2622,23/03/2026,10:30,10:49,0,5
10989,4,2358,23/03/2026,10:55,11:17,0,6
10990,4,2504,23/03/2026,11:26,11:41,0,7
10991,4,2688,24/03/2026,09:23,09:33,0,1
10992,4,2461,24/03/2026,09:45,09:54,0,2
10993,4,2533,24/03/2026,10:05,,0,3
10994,4,2366,24/03/2026,10:35,10:52,0,4
10995,4,2630,24/03/2026,10:58,11:05,0,5
10996,4,2345,24/03/2026,11:13,11:32,0,6
10997,4,2808,24/03/2026,11:42,11:58,0,7
10998,4,2424,24/03/2026,12:07,12:20,0,8
10999,4,2592,24/03/2026,12:28,12:58,0,9
11000,4,2784,25/03/2026,09:32,09:56,0,1
11001,4,2551,25/03/2026,10:05,10:20,0,2
11002,4,2825,25/03/2026,10:24,10:55,0,3
11003,4,2467,25/03/2026,11:02,11:09,0,4
11004,4,2488,25/03/2026,11:17,11:27,0,5
11005,4,2654,25/03/2026,11:37,12:05,0,6
11006,4,2620,25/03/2026,12:09,12:29,0,7
11007,4,2432,25/03/2026,12:36,12:52,0,8
11008,4,2413,25/03/2026,12:56,13:18,0,9
11009,4,2629,25/03/2026,13:25,13:39,0,10
11010,4,2765,26/03/2026,09:20,09:45,0,1
11011,4,2512,26/03/2026,09:56,10:13,0,2
11012,4,2550,26/03/2026,10:19,10:34,0,3
11013,4,2357,26/03/2026,10:46,11:03,0,4
11014,4,2754,26/03/2026,11:14,11:31,0,5
11015,4,2491,26/03/2026,11:41,11:54,0,6
11016,4,2489,26/03/2026,12:00,12:17,0,7
11017,4,2775,26/03/2026,12:27,12:34,0,8
11018,4,2635,26/03/2026,12:42,12:49,0,9
11019,4,2376,26/03/2026,12:54,13:01,0,10
11020,4,2392,26/03/2026,13:06,13:28,0,11
11021,4,2662,28/03/2026,09:22,09:52,0,1
11022,4,2541,28/03/2026,10:02,10:28,0,2
11023,4,2781,28/03/2026,10:39,11:06,0,3
11024,4,2383,28/03/2026,11:14,11:47,0,4
11025,4,2739,28/03/2026,11:54,12:11,0,5
11026,4,2439,28/03/2026,12:19,12:47,0,6
11027,4,2561,28/03/2026,12:53,13:10,0,7
11028,4,2513,28/03/2026,13:20,13:44,0,8
11029,4,2343,29/03/2026,09:20,09:30,0,1
11030,4,2691,29/03/2026,09:40,09:54,0,2
11031,4,2352,29/03/2026,10:02,10:32,0,3
11032,4,2486,29/03/2026,10:39,10:59,0,4
11033,4,2663,29/03/2026,11:08,11:36,0,5
11034,4,2574,29/03/2026,11:44,12:10,0,6
11035,4,2748,29/03/2026,12:19,12:46,0,7
11036,4,2811,29/03/2026,12:54,13:28,0,8
11037,4,2589,29/03/2026,13:38,13:54,0,9
11038,4,2701,30/03/2026,09:27,09:36,0,1
11039,4,2522,30/03/2026,09:43,10:05,0,2
11040,4,2370,30/03/2026,10:10,10:33,0,3
11041,4,2512,30/03/2026,10:37,10:48,0,4
11042,4,2357,30/03/2026,10:52,11:08,0,5
11043,4,2510,30/03/2026,11:16,11:30,0,6
11044,4,2778,30/03/2026,11:36,11:43,0,7
11045,4,2549,30/03/2026,11:49,,0,8
11046,4,2533,30/03/2026,12:07,12:24,0,9
11047,4,2700,30/03/2026,12:32,,0,10
11048,4,2382,30/03/2026,12:51,12:58,0,11
11049,4,2762,31/03/2026,09:08,09:25,0,1
11050,4,2524,31/03/2026,09:37,09:53,0,2
11051,4,2663,31/03/2026,09:59,10:15,0,3
11052,4,2506,31/03/2026,10:24,10:45,0,4
11053,4,2611,31/03/2026,10:50,11:09,0,5
11054,4,2409,31/03/2026,11:13,11:33,0,6
11055,4,2595,31/03/2026,11:42,12:09,0,7
11056,4,2507,31/03/2026,12:21,12:32,0,8
11057,4,2506,31/03/2026,12:41,13:01,0,9
11058,4,2618,31/03/2026,13:07,13:22,0,10
11059,4,2609,01/04/2026,09:26,09:47,0,1
11060,4,2394,01/04/2026,09:51,10:13,0,2
11061,4,2599,01/04/2026,10:22,10:41,0,3
11062,4,2677,01/04/2026,10:51,10:58,0,4
11063,4,2791,01/04/2026,11:06,11:20,0,5
11064,4,2638,01/04/2026,11:26,11:33,0,6
11065,4,2640,01/04/2026,11:39,11:58,0,7
11066,4,2741,01/04/2026,12:05,12:16,0,8
11067,4,2620,01/04/2026,12:21,12:35,0,9
11068,4,2628,01/04/2026,12:46,13:07,0,10
11069,4,2645,01/04/2026,13:16,13:29,0,11
11070,4,2526,02/04/2026,09:29,09:36,0,1
11071,4,2438,02/04/2026,09:44,09:51,0,2
11072,4,2496,02/04/2026,10:00,10:10,0,3
11073,4,2657,02/04/2026,10:14,10:34,0,4
11074,4,2639,02/04/2026,10:46,11:14,0,5
11075,4,2522,02/04/2026,11:18,11:34,0,6
11076,4,2452,02/04/2026,11:41,12:00,0,7
11077,4,2373,02/04/2026,12:07,12:14,0,8
11078,4,2589,04/04/2026,09:24,09:34,0,1
11079,4,2641,04/04/2026,09:39,09:49,0,2
11080,4,2568,04/04/2026,09:56,10:03,0,3
11081,4,2631,04/04/2026,10:14,10:35,0,4
11082,4,2613,04/04/2026,10:46,,0,5
11083,4,2373,04/04/2026,10:58,11:11,0,6
11084,4,2670,04/04/2026,11:15,11:29,0,7
11085,4,2595,04/04/2026,11:40,12:05,0,8
11086,4,2783,04/04/2026,12:15,12:25,0,9
11087,4,2428,04/04/2026,12:31,12:48,0,10
11088,4,2683,05/04/2026,09:27,09:45,0,1
11089,4,2679,05/04/2026,09:56,10:19,0,2
11090,4,2535,05/04/2026,10:30,,0,3
11091,4,2498,05/04/2026,10:45,10:55,0,4
11092,4,2442,05/04/2026,10:59,,0,5
11093,4,2453,05/04/2026,11:14,11:21,0,6
11094,4,2519,05/04/2026,11:32,11:48,0,7
11095,4,2551,05/04/2026,11:54,12:09,0,8
11096,4,2756,05/04/2026,12:17,12:27,0,9
11097,4,2755,06/04/2026,09:26,09:33,0,1
11098,4,2552,06/04/2026,09:38,09:55,0,2
11099,4,2496,06/04/2026,10:06,10:22,0,3
11100,4,2627,06/04/2026,10:29,10:51,0,4
11101,4,2382,06/04/2026,10:55,11:25,0,5
11102,4,2692,06/04/2026,11:32,11:46,0,6
11103,4,2351,06/04/2026,11:50,12:07,0,7
11104,4,2478,07/04/2026,09:18,09:32,0,1
11105,4,2414,07/04/2026,09:36,09:43,0,2
11106,4,2626,07/04/2026,09:47,10:08,0,3
11107,4,2471,07/04/2026,10:15,10:38,0,4
11108,4,2410,07/04/2026,10:47,10:55,0,5
11109,4,2626,07/04/2026,11:00,11:13,0,6
11110,4,2418,07/04/2026,11:21,11:36,0,7
11111,4,2645,07/04/2026,11:47,12:05,0,8
11112,4,2692,08/04/2026,09:13,09:25,0,1
11113,4,2674,08/04/2026,09:35,09:51,0,2
11114,4,2775,08/04/2026,10:01,10:08,0,3
11115,4,2581,08/04/2026,10:13,10:26,0,4
11116,4,2459,08/04/2026,10:32,10:47,0,5
11117,4,2472,08/04/2026,10:51,11:04,0,6
11118,4,2356,08/04/2026,11:10,11:38,0,7
11119,4,2624,08/04/2026,11:44,11:54,0,8
11120,4,2825,08/04/2026,11:59,12:23,0,9
11121,4,2523,08/04/2026,12:34,12:43,0,10
11122,4,2469,08/04/2026,12:50,13:09,0,11
11123,4,2383,09/04/2026,09:21,09:28,0,1
11124,4,2363,09/04/2026,09:34,09:41,0,2
11125,4,2774,09/04/2026,09:51,10:06,0,3
11126,4,2554,09/04/2026,10:12,10:37,0,4
11127,4,2705,09/04/2026,10:45,11:18,0,5
11128,4,2681,09/04/2026,11:23,11:35,0,6
11129,4,2673,09/04/2026,11:39,12:09,0,7
11130,4,2749,11/04/2026,09:14,09:31,0,1
11131,4,2462,11/04/2026,09:37,09:56,0,2
11132,4,2526,11/04/2026,10:01,10:16,0,3
11133,4,2492,11/04/2026,10:21,10:43,0,4
11134,4,2341,11/04/2026,10:52,11:08,0,5
11135,4,2359,11/04/2026,11:12,11:33,0,6
11136,4,2580,12/04/2026,09:13,09:29,0,1
11137,4,2397,12/04/2026,09:36,09:50,0,2
11138,4,2786,12/04/2026,09:54,10:23,0,3
11139,4,2383,12/04/2026,10:33,10:44,0,4
11140,4,2687,12/04/2026,10:54,11:22,0,5
11141,4,2627,12/04/2026,11:26,11:52,0,6
11142,4,2786,12/04/2026,11:56,12:26,0,7
11143,4,2561,12/04/2026,12:35,12:42,0,8
11144,4,2568,12/04/2026,12:50,13:08,0,9
11145,4,2633,13/04/2026,09:26,09:57,0,1
11146,4,2632,13/04/2026,10:02,,0,2
11147,4,2508,13/04/2026,10:24,10:43,0,3
11148,4,2558,13/04/2026,10:51,11:04,0,4
11149,4,2529,13/04/2026,11:09,11:21,0,5
11150,4,2415,13/04/2026,11:31,11:41,0,6
11151,4,2377,13/04/2026,11:51,12:24,0,7
11152,4,2662,13/04/2026,12:30,12:45,0,8
11153,4,2439,13/04/2026,12:53,13:09,0,9
11154,4,2491,14/04/2026,09:15,09:22,0,1
11155,4,2432,14/04/2026,09:28,09:35,0,2
11156,4,2723,14/04/2026,09:43,10:09,0,3
11157,4,2359,14/04/2026,10:20,10:37,0,4
11158,4,2739,14/04/2026,10:48,11:04,0,5
11159,4,2383,14/04/2026,11:11,11:43,0,6
11160,4,2808,14/04/2026,11:49,12:03,0,7
11161,4,2720,14/04/2026,12:07,12:21,0,8
11162,4,2548,15/04/2026,09:08,09:18,0,1
11163,4,2649,15/04/2026,09:30,09:45,0,2
11164,4,2379,15/04/2026,09:56,10:10,0,3
11165,4,2720,15/04/2026,10:15,10:34,0,4
11166,4,2541,15/04/2026,10:40,10:55,0,5
11167,4,2757,15/04/2026,11:01,11:21,0,6
11168,4,2567,15/04/2026,11:27,11:51,0,7
11169,4,2506,15/04/2026,12:01,12:23,0,8
11170,4,2396,16/04/2026,09:22,09:43,0,1
11171,4,2699,16/04/2026,09:50,10:06,0,2
11172,4,2426,16/04/2026,10:10,10:29,0,3
11173,4,2767,16/04/2026,10:40,10:54,0,4
11174,4,2437,16/04/2026,11:04,11:20,0,5
11175,4,2648,16/04/2026,11:32,11:43,0,6
11176,4,2373,16/04/2026,11:48,12:14,0,7
11177,4,2678,16/04/2026,12:25,12:39,0,8
11178,4,2624,18/04/2026,09:11,09:27,0,1
11179,4,2574,18/04/2026,09:31,09:47,0,2
11180,4,2710,18/04/2026,09:55,10:10,0,3
11181,4,2674,18/04/2026,10:14,10:28,0,4
11182,4,2429,18/04/2026,10:32,10:39,0,5
11183,4,2720,18/04/2026,10:52,11:10,0,6
11184,4,2409,18/04/2026,11:23,11:40,0,7
11185,4,2659,18/04/2026,11:46,11:54,0,8
11186,4,2713,18/04/2026,12:00,12:08,0,9
11187,4,2462,19/04/2026,09:18,09:26,0,1
11188,4,2459,19/04/2026,09:34,09:57,0,2
11189,4,2721,19/04/2026,10:01,10:15,0,3
11190,4,2427,19/04/2026,10:24,10:32,0,4
11191,4,2682,19/04/2026,10:36,10:56,0,5
11192,4,2681,19/04/2026,11:10,11:22,0,6
11193,4,2353,20/04/2026,09:22,09:41,0,1
11194,4,2464,20/04/2026,09:50,10:02,0,2
11195,4,2577,20/04/2026,10:08,10:31,0,3
11196,4,2431,20/04/2026,10:39,11:01,0,4
11197,4,2580,20/04/2026,11:05,11:19,0,5
11198,4,2683,20/04/2026,11:25,11:54,0,6
11199,4,2392,20/04/2026,12:02,12:19,0,7
11200,4,2741,20/04/2026,12:23,12:34,0,8
11201,4,2502,20/04/2026,12:38,12:53,0,9
11202,4,2697,20/04/2026,12:57,13:06,0,10
11203,4,2486,20/04/2026,13:15,13:35,0,11
11204,4,2714,21/04/2026,09:11,,0,1
11205,4,2741,21/04/2026,09:29,,0,2
11206,4,2385,21/04/2026,10:06,10:21,0,3
11207,4,2644,21/04/2026,10:31,10:42,0,4
11208,4,2426,21/04/2026,10:50,11:13,0,5
11209,4,2354,21/04/2026,11:17,11:42,0,6
11210,4,2605,21/04/2026,11:51,12:04,0,7
11211,4,2578,21/04/2026,12:16,12:28,0,8
11212,4,2577,21/04/2026,12:34,13:05,0,9
11213,4,2425,21/04/2026,13:14,13:33,0,10
11214,4,2619,21/04/2026,13:37,13:55,0,11
11215,4,2725,22/04/2026,09:16,09:32,0,1
11216,4,2578,22/04/2026,09:36,10:00,0,2
11217,4,2571,22/04/2026,10:04,10:23,0,3
11218,4,2820,22/04/2026,10:32,10:51,0,4
11219,4,2695,22/04/2026,10:55,11:20,0,5
11220,4,2390,22/04/2026,11:30,11:50,0,6
11221,4,2807,22/04/2026,12:00,12:18,0,7
11222,4,2370,22/04/2026,12:29,12:39,0,8
11223,4,2547,22/04/2026,12:50,13:09,0,9
11224,4,2357,22/04/2026,13:14,13:30,0,10
11225,4,2820,23/04/2026,09:25,09:38,0,1
11226,4,2627,23/04/2026,09:44,09:55,0,2
11227,4,2544,23/04/2026,10:04,10:27,0,3
11228,4,2628,23/04/2026,10:32,10:56,0,4
11229,4,2704,23/04/2026,11:06,11:16,0,5
11230,4,2429,23/04/2026,11:22,11:36,0,6
11231,4,2373,23/04/2026,11:41,,0,7
11232,4,2771,25/04/2026,09:26,09:49,0,1
11233,4,2398,25/04/2026,09:58,10:19,0,2
11234,4,2714,25/04/2026,10:29,10:39,0,3
11235,4,2344,25/04/2026,10:52,10:59,0,4
11236,4,2720,25/04/2026,11:09,11:24,0,5
11237,4,2366,25/04/2026,11:29,11:51,0,6
11238,4,2424,25/04/2026,11:56,12:26,0,7
11239,4,2408,25/04/2026,12:35,12:55,0,8
11240,4,2821,25/04/2026,12:59,13:25,0,9
11241,4,2491,25/04/2026,13:35,13:59,0,10
11242,4,2789,25/04/2026,14:08,14:26,0,11
11243,4,2682,26/04/2026,09:07,09:30,0,1
11244,4,2543,26/04/2026,09:40,09:52,0,2
11245,4,2501,26/04/2026,10:00,10:11,0,3
11246,4,2823,26/04/2026,10:15,10:31,0,4
11247,4,2374,26/04/2026,10:39,10:57,0,5
11248,4,2659,26/04/2026,11:03,11:14,0,6
11249,4,2633,26/04/2026,11:23,11:45,0,7
11250,4,2670,26/04/2026,11:58,12:21,0,8
11251,4,2398,26/04/2026,12:28,12:40,0,9
11252,4,2409,26/04/2026,12:44,12:57,0,10
11253,4,2731,26/04/2026,13:05,,0,11
11254,4,2634,27/04/2026,09:06,09:24,0,1
11255,4,2770,27/04/2026,09:30,09:43,0,2
11256,4,2646,27/04/2026,09:58,10:26,0,3
11257,4,2481,27/04/2026,10:30,10:38,0,4
11258,4,2753,27/04/2026,10:43,11:03,0,5
11259,4,2562,27/04/2026,11:07,,0,6
11260,4,2670,27/04/2026,11:36,11:47,0,7
11261,4,2377,27/04/2026,11:57,12:19,0,8
11262,4,2549,27/04/2026,12:25,12:47,0,9
11263,4,2781,27/04/2026,12:55,13:14,0,10
11264,4,2599,27/04/2026,13:18,13:36,0,11
11265,4,2411,28/04/2026,09:16,09:33,0,1
11266,4,2366,28/04/2026,09:38,09:46,0,2
11267,4,2664,28/04/2026,09:51,10:10,0,3
11268,4,2632,28/04/2026,10:16,10:34,0,4
11269,4,2688,28/04/2026,10:38,11:00,0,5
11270,4,2549,28/04/2026,11:04,11:25,0,6
11271,4,2406,28/04/2026,11:32,11:49,0,7
11272,4,2459,28/04/2026,11:56,12:08,0,8
11273,4,2465,28/04/2026,12:18,12:36,0,9
11274,4,2708,28/04/2026,12:46,13:00,0,10
11275,4,2494,29/04/2026,09:11,09:21,0,1
11276,4,2687,29/04/2026,09:25,09:54,0,2
11277,4,2689,29/04/2026,10:00,10:18,0,3
11278,4,2781,29/04/2026,10:23,10:54,0,4
11279,4,2703,29/04/2026,11:00,11:27,0,5
11280,4,2376,29/04/2026,11:31,11:56,0,6
11281,4,2673,29/04/2026,12:03,12:15,0,7
11282,4,2452,29/04/2026,12:27,,1,8
11283,4,2481,29/04/2026,13:03,,1,9
11284,4,2508,30/04/2026,09:22,09:32,0,1
11285,4,2785,30/04/2026,09:39,09:54,0,2
11286,4,2615,30/04/2026,09:59,10:25,0,3
11287,4,2771,30/04/2026,10:32,10:41,0,4
11288,4,2649,30/04/2026,10:46,11:04,0,5
11289,4,2613,30/04/2026,11:12,11:19,0,6
11290,4,2420,30/04/2026,11:23,11:38,0,7
11291,4,2628,02/05/2026,09:09,09:38,0,1
11292,4,2611,02/05/2026,09:42,10:10,0,2
11293,4,2674,02/05/2026,10:16,10:34,0,3
11294,4,2664,02/05/2026,10:38,11:01,0,4
11295,4,2798,02/05/2026,11:05,11:21,0,5
11296,4,2513,02/05/2026,11:28,11:55,0,6
11297,4,2375,02/05/2026,11:59,,1,7
11298,4,2707,03/05/2026,09:25,09:47,0,1
11299,4,2529,03/05/2026,09:51,,0,2
11300,4,2791,03/05/2026,10:06,10:21,0,3
11301,4,2696,03/05/2026,10:29,10:40,0,4
11302,4,2823,03/05/2026,10:44,11:12,0,5
11303,4,2415,03/05/2026,11:21,11:29,0,6
11304,4,2395,03/05/2026,11:33,11:40,0,7
11305,4,2594,03/05/2026,11:44,12:03,0,8
11306,4,2748,03/05/2026,12:13,12:20,0,9
11307,4,2553,04/05/2026,09:33,09:53,0,1
11308,4,2613,04/05/2026,09:59,10:16,0,2
11309,4,2346,04/05/2026,10:22,10:38,0,3
11310,4,2604,04/05/2026,10:42,11:00,0,4
11311,4,2622,04/05/2026,11:13,11:37,0,5
11312,4,2633,04/05/2026,11:47,12:07,0,6
11313,4,2426,05/05/2026,09:14,09:31,0,1
11314,4,2721,05/05/2026,09:39,09:48,0,2
11315,4,2434,05/05/2026,09:52,10:05,0,3
11316,4,2823,05/05/2026,10:15,10:31,0,4
11317,4,2661,05/05/2026,10:35,10:54,0,5
11318,4,2419,05/05/2026,10:58,11:16,0,6
11319,4,2418,05/05/2026,11:24,11:42,0,7
11320,4,2739,05/05/2026,11:54,12:11,0,8
11321,4,2380,05/05/2026,12:15,12:42,0,9
11322,4,2678,05/05/2026,12:53,13:13,0,10
11323,4,2779,06/05/2026,09:33,,0,1
11324,4,2648,06/05/2026,10:04,,0,2
11325,4,2721,06/05/2026,10:38,10:51,0,3
11326,4,2711,06/05/2026,11:00,11:25,0,4
11327,4,2558,06/05/2026,11:32,11:51,0,5
11328,4,2546,06/05/2026,11:56,12:03,0,6
11329,4,2521,07/05/2026,09:29,09:36,0,1
11330,4,2485,07/05/2026,09:40,10:02,0,2
11331,4,2508,07/05/2026,10:06,10:19,0,3
11332,4,2380,07/05/2026,10:27,,0,4
11333,4,2769,07/05/2026,10:54,11:09,0,5
11334,4,2608,07/05/2026,11:19,11:31,0,6
11335,4,2351,09/05/2026,09:25,09:37,0,1
11336,4,2723,09/05/2026,09:41,09:55,0,2
11337,4,2640,09/05/2026,10:04,10:16,0,3
11338,4,2428,09/05/2026,10:20,10:33,0,4
11339,4,2792,09/05/2026,10:42,11:01,0,5
11340,4,2796,09/05/2026,11:08,11:33,0,6
11341,4,2618,09/05/2026,11:42,11:52,0,7
11342,4,2694,10/05/2026,09:14,09:28,0,1
11343,4,2654,10/05/2026,09:34,09:55,0,2
11344,4,2735,10/05/2026,10:01,10:11,0,3
11345,4,2786,10/05/2026,10:22,10:41,0,4
11346,4,2517,10/05/2026,10:47,11:01,0,5
11347,4,2428,10/05/2026,11:09,11:33,0,6
11348,4,2664,10/05/2026,11:37,11:54,0,7
11349,4,2347,10/05/2026,12:00,12:07,0,8
11350,4,2705,10/05/2026,12:11,12:39,0,9
11351,4,2529,11/05/2026,09:30,09:43,0,1
11352,4,2781,11/05/2026,09:47,10:05,0,2
11353,4,2380,11/05/2026,10:13,10:36,0,3
11354,4,2513,11/05/2026,10:48,11:07,0,4
11355,4,2541,11/05/2026,11:19,11:41,0,5
11356,4,2781,11/05/2026,11:49,12:12,0,6
11357,4,2778,11/05/2026,12:19,12:35,0,7
11358,4,2375,11/05/2026,12:43,13:04,0,8
11359,4,2820,11/05/2026,13:11,13:32,0,9
11360,4,2725,12/05/2026,09:30,09:49,0,1
11361,4,2448,12/05/2026,09:59,10:14,0,2
11362,4,2572,12/05/2026,10:23,10:31,0,3
11363,4,2517,12/05/2026,10:35,,1,4
11364,4,2591,12/05/2026,11:03,11:10,0,5
11365,4,2750,12/05/2026,11:19,11:35,0,6
11366,4,2787,12/05/2026,11:41,11:48,0,7
11367,4,2626,12/05/2026,11:52,12:10,0,8
11368,4,2407,12/05/2026,12:18,12:29,0,9
11369,4,2502,13/05/2026,09:29,09:47,0,1
11370,4,2751,13/05/2026,09:51,10:19,0,2
11371,4,2544,13/05/2026,10:23,10:41,0,3
11372,4,2746,13/05/2026,10:46,11:08,0,4
11373,4,2726,13/05/2026,11:15,11:28,0,5
11374,4,2409,13/05/2026,11:39,11:46,0,6
11375,4,2578,14/05/2026,09:16,09:37,0,1
11376,4,2387,14/05/2026,09:41,09:52,0,2
11377,4,2453,14/05/2026,09:59,10:15,0,3
11378,4,2574,14/05/2026,10:26,10:36,0,4
11379,4,2652,14/05/2026,10:46,11:09,0,5
11380,4,2556,14/05/2026,11:13,11:21,0,6
11381,4,2543,16/05/2026,09:33,09:40,0,1
11382,4,2450,16/05/2026,09:44,10:19,0,2
11383,4,2552,16/05/2026,10:23,10:56,0,3
11384,4,2485,16/05/2026,11:07,11:27,0,4
11385,4,2674,16/05/2026,11:33,11:51,0,5
11386,4,2397,16/05/2026,12:01,12:08,0,6
11387,4,2453,17/05/2026,09:27,09:34,0,1
11388,4,2742,17/05/2026,09:38,09:49,0,2
11389,4,2789,17/05/2026,09:58,10:23,0,3
11390,4,2426,17/05/2026,10:33,10:49,0,4
11391,4,2357,17/05/2026,10:53,11:16,0,5
11392,4,2346,17/05/2026,11:23,11:55,0,6
11393,4,2798,17/05/2026,12:01,,0,7
11394,4,2446,17/05/2026,12:35,12:58,0,8
11395,4,2687,17/05/2026,13:05,13:21,0,9
11396,4,2537,17/05/2026,13:26,13:38,0,10
11397,4,2525,18/05/2026,09:20,09:37,0,1
11398,4,2728,18/05/2026,09:42,09:53,0,2
11399,4,2452,18/05/2026,10:03,,0,3
11400,4,2661,18/05/2026,10:22,10:44,0,4
11401,4,2428,18/05/2026,10:58,11:13,0,5
11402,4,2414,18/05/2026,11:21,,0,6
11403,4,2577,18/05/2026,11:32,11:43,0,7
11404,4,2569,18/05/2026,11:50,12:11,0,8
11405,4,2562,18/05/2026,12:22,12:42,0,9
11406,4,2571,18/05/2026,12:49,12:56,0,10
11407,4,2557,18/05/2026,13:01,13:16,0,11
11408,4,2476,19/05/2026,09:33,09:48,0,1
11409,4,2720,19/05/2026,09:56,10:15,0,2
11410,4,2558,19/05/2026,10:19,10:35,0,3
11411,4,2502,19/05/2026,10:43,,0,4
11412,4,2457,19/05/2026,11:33,12:02,0,5
11413,4,2744,19/05/2026,12:06,12:22,0,6
11414,4,2364,19/05/2026,12:26,,0,7
11415,4,2525,20/05/2026,09:22,,1,1
11416,4,2516,20/05/2026,09:47,10:10,0,2
11417,4,2700,20/05/2026,10:21,,1,3
11418,4,2713,20/05/2026,10:44,10:59,0,4
11419,4,2660,20/05/2026,11:08,11:15,0,5
11420,4,2475,20/05/2026,11:23,11:44,0,6
11421,4,2564,21/05/2026,09:14,09:22,0,1
11422,4,2580,21/05/2026,09:30,09:57,0,2
11423,4,2748,21/05/2026,10:04,10:23,0,3
11424,4,2664,21/05/2026,10:30,10:42,0,4
11425,4,2580,21/05/2026,10:46,11:05,0,5
11426,4,2385,21/05/2026,11:11,11:18,0,6
11427,4,2533,21/05/2026,11:26,11:45,0,7
11428,4,2382,21/05/2026,11:58,12:21,0,8
11429,4,2507,21/05/2026,12:25,12:56,0,9
11430,4,2533,23/05/2026,09:08,,1,1
11431,4,2340,23/05/2026,09:20,09:27,0,2
11432,4,2452,23/05/2026,09:33,09:47,0,3
11433,4,2683,23/05/2026,09:53,10:00,0,4
11434,4,2352,23/05/2026,10:04,10:11,0,5
11435,4,2384,23/05/2026,10:21,10:32,0,6
11436,4,2508,23/05/2026,10:36,10:58,0,7
11437,4,2595,23/05/2026,11:11,11:20,0,8
11438,4,2532,23/05/2026,11:24,11:46,0,9
11439,4,2594,23/05/2026,11:53,,0,10
11440,4,2462,23/05/2026,12:17,12:34,0,11
11441,4,2351,24/05/2026,09:29,09:43,0,1
11442,4,2554,24/05/2026,09:47,10:14,0,2
11443,4,2530,24/05/2026,10:25,10:47,0,3
11444,4,2415,24/05/2026,10:51,11:07,0,4
11445,4,2650,24/05/2026,11:12,11:19,0,5
11446,4,2791,24/05/2026,11:24,11:38,0,6
11447,4,2409,25/05/2026,09:20,09:27,0,1
11448,4,2383,25/05/2026,09:31,09:44,0,2
11449,4,2506,25/05/2026,09:52,10:14,0,3
11450,4,2424,25/05/2026,10:19,10:31,0,4
11451,4,2508,25/05/2026,10:41,11:03,0,5
11452,4,2717,25/05/2026,11:10,11:17,0,6
11453,4,2684,25/05/2026,11:28,11:35,0,7
11454,4,2722,25/05/2026,11:49,11:57,0,8
11455,4,2443,26/05/2026,09:34,,0,1
11456,4,2667,26/05/2026,09:52,10:02,0,2
11457,4,2735,26/05/2026,10:06,10:37,0,3
11458,4,2496,26/05/2026,10:44,11:04,0,4
11459,4,2666,26/05/2026,11:14,11:30,0,5
11460,4,2736,26/05/2026,11:37,11:45,0,6
11461,4,2522,26/05/2026,11:55,12:16,0,7
11462,4,2772,27/05/2026,09:17,09:30,0,1
11463,4,2577,27/05/2026,09:35,09:48,0,2
11464,4,2611,27/05/2026,09:58,10:11,0,3
11465,4,2377,27/05/2026,10:19,,0,4
11466,4,2506,27/05/2026,10:45,11:06,0,5
11467,4,2533,27/05/2026,11:10,11:25,0,6
11468,4,2766,28/05/2026,09:22,09:38,0,1
11469,4,2449,28/05/2026,09:42,09:55,0,2
11470,4,2680,28/05/2026,10:00,10:14,0,3
11471,4,2501,28/05/2026,10:18,,0,4
11472,4,2742,28/05/2026,10:51,11:02,0,5
11473,4,2507,28/05/2026,11:10,11:24,0,6
11474,4,2657,28/05/2026,11:28,11:53,0,7
11475,4,2366,28/05/2026,11:57,12:08,0,8
11476,4,2779,28/05/2026,12:16,12:30,0,9
11477,4,2552,30/05/2026,09:11,09:20,0,1
11478,4,2465,30/05/2026,09:32,09:58,0,2
11479,4,2668,30/05/2026,10:09,10:20,0,3
11480,4,2757,30/05/2026,10:29,10:47,0,4
11481,4,2630,30/05/2026,10:58,11:07,0,5
11482,4,2598,30/05/2026,11:16,11:31,0,6
11483,4,2660,30/05/2026,11:35,11:45,0,7
11484,4,2446,30/05/2026,11:54,12:08,0,8
11485,4,2374,30/05/2026,12:16,12:35,0,9
11486,4,2739,31/05/2026,09:22,09:46,0,1
11487,4,2384,31/05/2026,09:56,10:24,0,2
11488,4,2692,31/05/2026,10:32,10:44,0,3
11489,4,2444,31/05/2026,10:50,11:05,0,4
11490,4,2581,31/05/2026,11:11,11:35,0,5
11491,4,2584,31/05/2026,11:41,12:05,0,6
11492,4,2520,31/05/2026,12:09,12:17,0,7
11493,4,2468,31/05/2026,12:25,12:32,0,8
11494,4,2660,31/05/2026,12:41,12:56,0,9
11495,4,2431,31/05/2026,13:05,13:23,0,10
11496,4,2677,01/06/2026,09:29,09:42,0,1
11497,4,2743,01/06/2026,09:46,10:08,0,2
11498,4,2561,01/06/2026,10:15,10:33,0,3
11499,4,2737,01/06/2026,10:41,10:56,0,4
11500,4,2526,01/06/2026,11:01,11:26,0,5
11501,4,2635,01/06/2026,11:36,11:44,0,6
11502,4,2536,01/06/2026,11:49,12:20,0,7
11503,4,2637,02/06/2026,09:21,09:35,0,1
11504,4,2386,02/06/2026,09:42,09:49,0,2
11505,4,2654,02/06/2026,10:00,10:26,0,3
11506,4,2555,02/06/2026,10:34,10:55,0,4
11507,4,2342,02/06/2026,11:06,11:13,0,5
11508,4,2415,02/06/2026,11:20,11:32,0,6
11509,4,2455,02/06/2026,11:36,11:45,0,7
11510,4,2511,02/06/2026,11:52,12:17,0,8
11511,4,2444,02/06/2026,12:21,12:49,0,9
11512,4,2662,03/06/2026,09:24,09:39,0,1
11513,4,2630,03/06/2026,09:46,09:59,0,2
11514,4,2713,03/06/2026,10:03,10:15,0,3
11515,4,2606,03/06/2026,10:20,10:30,0,4
11516,4,2430,03/06/2026,10:41,10:59,0,5
11517,4,2390,03/06/2026,11:08,,1,6
11518,4,2404,03/06/2026,11:35,12:01,0,7
11519,4,2662,03/06/2026,12:12,12:28,0,8
11520,4,2450,03/06/2026,12:33,13:01,0,9
11521,4,2546,03/06/2026,13:07,13:19,0,10
11522,4,2374,04/06/2026,09:30,09:57,0,1
11523,4,2387,04/06/2026,10:05,10:17,0,2
11524,4,2752,04/06/2026,10:23,10:44,0,3
11525,4,2615,04/06/2026,10:54,11:07,0,4
11526,4,2581,04/06/2026,11:17,11:30,0,5
11527,4,2459,04/06/2026,11:39,11:53,0,6
11528,4,2541,04/06/2026,11:58,12:25,0,7
11529,4,2379,04/06/2026,12:31,12:48,0,8
11530,4,2666,06/06/2026,09:24,09:36,0,1
11531,4,2564,06/06/2026,09:40,10:05,0,2
11532,4,2508,06/06/2026,10:12,10:37,0,3
11533,4,2487,06/06/2026,10:41,10:54,0,4
11534,4,2759,06/06/2026,11:03,11:21,0,5
11535,4,2692,06/06/2026,11:32,11:44,0,6
11536,4,2496,06/06/2026,11:49,11:58,0,7
11537,4,2708,07/06/2026,09:22,,0,1
11538,4,2580,07/06/2026,09:41,09:48,0,2
11539,4,2401,07/06/2026,09:53,10:06,0,3
11540,4,2640,07/06/2026,10:14,10:28,0,4
11541,4,2678,07/06/2026,10:34,10:53,0,5
11542,4,2783,07/06/2026,11:00,11:14,0,6
11543,4,2825,07/06/2026,11:19,11:47,0,7
11544,4,2599,07/06/2026,11:55,12:12,0,8
11545,4,2451,07/06/2026,12:18,12:37,0,9
11546,4,2431,07/06/2026,12:50,13:17,0,10
11547,4,2502,07/06/2026,13:25,13:43,0,11
11548,4,2611,08/06/2026,09:11,09:30,0,1
11549,4,2418,08/06/2026,09:38,09:55,0,2
11550,4,2593,08/06/2026,10:06,10:23,0,3
11551,4,2666,08/06/2026,10:27,10:51,0,4
11552,4,2414,08/06/2026,10:59,11:13,0,5
11553,4,2340,08/06/2026,11:17,11:26,0,6
11554,4,2735,08/06/2026,11:30,11:47,0,7
11555,4,2504,08/06/2026,11:56,12:17,0,8
11556,4,2391,08/06/2026,12:21,,1,9
11557,4,2482,08/06/2026,12:37,12:49,0,10
11558,4,2400,08/06/2026,12:55,13:15,0,11
11559,4,2646,09/06/2026,09:26,09:47,0,1
11560,4,2600,09/06/2026,09:51,10:03,0,2
11561,4,2476,09/06/2026,10:10,10:26,0,3
11562,4,2372,09/06/2026,10:31,10:55,0,4
11563,4,2375,09/06/2026,11:03,11:20,0,5
11564,4,2640,09/06/2026,11:24,11:39,0,6
11565,4,2704,09/06/2026,11:43,11:50,0,7
11566,4,2811,09/06/2026,11:54,12:05,0,8
11567,4,2485,10/06/2026,09:19,09:44,0,1
11568,4,2620,10/06/2026,09:48,09:57,0,2
11569,4,2458,10/06/2026,10:05,10:29,0,3
11570,4,2642,10/06/2026,10:33,10:44,0,4
11571,4,2386,10/06/2026,10:54,11:07,0,5
11572,4,2440,10/06/2026,11:15,11:29,0,6
11573,4,2678,10/06/2026,11:35,11:57,0,7
11574,4,2341,10/06/2026,12:01,12:18,0,8
11575,4,2502,10/06/2026,12:28,12:39,0,9
11576,4,2371,10/06/2026,12:44,13:10,0,10
11577,4,2790,10/06/2026,13:16,13:36,0,11
11578,4,2344,11/06/2026,09:12,09:19,0,1
11579,4,2600,11/06/2026,09:27,09:48,0,2
11580,4,2443,11/06/2026,09:58,10:14,0,3
11581,4,2698,11/06/2026,10:20,10:49,0,4
11582,4,2634,11/06/2026,11:00,11:09,0,5
11583,4,2797,11/06/2026,11:18,11:35,0,6
11584,4,2542,11/06/2026,11:45,11:52,0,7
11585,4,2599,11/06/2026,12:01,12:08,0,8
11586,4,2489,11/06/2026,12:16,12:33,0,9
11587,4,2527,11/06/2026,12:41,13:07,0,10
11588,4,2377,11/06/2026,13:11,13:36,0,11
11589,4,2634,13/06/2026,09:10,09:25,0,1
11590,4,2690,13/06/2026,09:29,09:51,0,2
11591,4,2512,13/06/2026,09:58,10:15,0,3
11592,4,2345,13/06/2026,10:20,10:28,0,4
11593,4,2675,13/06/2026,10:37,10:50,0,5
11594,4,2514,13/06/2026,11:01,11:20,0,6
11595,4,2638,13/06/2026,11:25,11:32,0,7
11596,4,2691,13/06/2026,11:36,11:49,0,8
11597,4,2375,14/06/2026,09:08,09:31,0,1
11598,4,2629,14/06/2026,09:36,09:54,0,2
11599,4,2574,14/06/2026,10:04,10:29,0,3
11600,4,2535,14/06/2026,10:33,10:42,0,4
11601,4,2495,14/06/2026,10:49,11:03,0,5
11602,4,2348,14/06/2026,11:11,11:37,0,6
11603,4,2576,14/06/2026,11:42,12:01,0,7
11604,4,2447,14/06/2026,12:08,12:19,0,8
11605,4,2398,15/06/2026,09:09,09:30,0,1
11606,4,2524,15/06/2026,09:34,09:52,0,2
11607,4,2435,15/06/2026,09:56,10:16,0,3
11608,4,2742,15/06/2026,10:23,10:33,0,4
11609,4,2647,15/06/2026,10:41,11:05,0,5
11610,4,2392,15/06/2026,11:16,,0,6
11611,4,2606,15/06/2026,11:34,11:44,0,7
11612,4,2466,15/06/2026,11:53,12:09,0,8
11613,4,2403,16/06/2026,09:31,09:45,0,1
11614,4,2412,16/06/2026,09:49,10:03,0,2
11615,4,2658,16/06/2026,10:09,10:29,0,3
11616,4,2734,16/06/2026,10:40,,0,4
11617,4,2540,16/06/2026,11:01,11:18,0,5
11618,4,2589,16/06/2026,11:27,11:46,0,6
11619,4,2591,16/06/2026,11:57,12:12,0,7
11620,4,2463,16/06/2026,12:24,12:34,0,8
11621,4,2784,17/06/2026,09:10,09:28,0,1
11622,4,2759,17/06/2026,09:34,10:00,0,2
11623,4,2821,17/06/2026,10:05,10:13,0,3
11624,4,2693,17/06/2026,10:18,10:25,0,4
11625,4,2382,17/06/2026,10:34,11:01,0,5
11626,4,2431,17/06/2026,11:05,11:18,0,6
11627,4,2721,17/06/2026,11:24,11:35,0,7
11628,4,2344,17/06/2026,11:43,11:50,0,8
11629,4,2682,17/06/2026,11:54,12:05,0,9
11630,4,2674,18/06/2026,09:08,09:18,0,1
11631,4,2418,18/06/2026,09:22,09:40,0,2
11632,4,2449,18/06/2026,09:44,09:55,0,3
11633,4,2514,18/06/2026,09:59,10:13,0,4
11634,4,2689,18/06/2026,10:17,10:40,0,5
11635,4,2452,18/06/2026,10:50,,0,6
11636,4,2553,20/06/2026,09:24,09:44,0,1
11637,4,2550,20/06/2026,09:51,,0,2
11638,4,2426,20/06/2026,10:05,10:26,0,3
11639,4,2394,20/06/2026,10:31,11:00,0,4
11640,4,2507,20/06/2026,11:04,11:26,0,5
11641,4,2510,20/06/2026,11:38,12:05,0,6
11642,4,2592,20/06/2026,12:18,12:34,0,7
11643,4,2379,20/06/2026,12:40,12:51,0,8
11644,4,2560,20/06/2026,13:04,13:19,0,9
11645,4,2678,20/06/2026,13:23,13:42,0,10
11646,4,2820,20/06/2026,13:50,,0,11
11647,4,2378,21/06/2026,09:24,09:44,0,1
11648,4,2350,21/06/2026,09:50,10:01,0,2
11649,4,2715,21/06/2026,10:05,10:12,0,3
11650,4,2736,21/06/2026,10:16,10:30,0,4
11651,4,2550,21/06/2026,10:34,10:54,0,5
11652,4,2680,21/06/2026,11:08,11:20,0,6
11653,4,2581,21/06/2026,11:32,11:52,0,7
11654,4,2698,21/06/2026,12:01,12:31,0,8
11655,4,2692,21/06/2026,12:38,12:56,0,9
11656,4,2612,21/06/2026,13:00,13:13,0,10
11657,4,2537,21/06/2026,13:24,13:36,0,11
11658,4,2574,22/06/2026,09:14,09:41,0,1
11659,4,2521,22/06/2026,09:45,10:06,0,2
11660,4,2651,22/06/2026,10:15,10:40,0,3
11661,4,2574,22/06/2026,10:45,11:05,0,4
11662,4,2392,22/06/2026,11:13,11:31,0,5
11663,4,2669,22/06/2026,11:37,,0,6
11664,4,2536,22/06/2026,11:58,12:09,0,7
11665,4,2392,23/06/2026,09:22,09:37,0,1
11666,4,2556,23/06/2026,09:42,09:56,0,2
11667,4,2579,23/06/2026,10:04,10:14,0,3
11668,4,2750,23/06/2026,10:19,10:27,0,4
11669,4,2580,23/06/2026,10:33,,0,5
11670,4,2472,23/06/2026,11:02,11:26,0,6
11671,4,2369,23/06/2026,11:31,11:50,0,7
11672,4,2374,23/06/2026,11:56,12:23,0,8
11673,4,2762,23/06/2026,12:28,12:47,0,9
11674,4,2591,23/06/2026,12:57,13:11,0,10
11675,4,2714,23/06/2026,13:19,13:30,0,11
11676,4,2435,24/06/2026,09:17,09:34,0,1
11677,4,2428,24/06/2026,09:43,09:52,0,2
11678,4,2525,24/06/2026,10:01,10:12,0,3
11679,4,2459,24/06/2026,10:19,10:31,0,4
11680,4,2464,24/06/2026,10:37,10:56,0,5
11681,4,2610,24/06/2026,11:04,11:17,0,6
11682,4,2633,25/06/2026,09:10,09:36,0,1
11683,4,2702,25/06/2026,09:48,10:15,0,2
11684,4,2588,25/06/2026,10:23,10:44,0,3
11685,4,2476,25/06/2026,10:48,11:00,0,4
11686,4,2510,25/06/2026,11:07,11:30,0,5
11687,4,2459,25/06/2026,11:37,11:45,0,6
11688,4,2514,25/06/2026,11:52,12:10,0,7
11689,4,2736,25/06/2026,12:17,,0,8
11690,4,2541,25/06/2026,12:39,12:51,0,9
11691,4,2457,27/06/2026,09:34,09:58,0,1
11692,4,2428,27/06/2026,10:05,10:23,0,2
11693,4,2564,27/06/2026,10:27,10:49,0,3
11694,4,2703,27/06/2026,10:53,11:01,0,4
11695,4,2573,27/06/2026,11:12,11:39,0,5
11696,4,2654,27/06/2026,11:47,12:09,0,6
11697,4,2596,28/06/2026,09:13,09:28,0,1
11698,4,2574,28/06/2026,09:36,10:00,0,2
11699,4,2411,28/06/2026,10:04,10:22,0,3
11700,4,2611,28/06/2026,10:26,10:36,0,4
11701,4,2663,28/06/2026,10:40,11:01,0,5
11702,4,2553,28/06/2026,11:06,11:13,0,6
11703,4,2641,28/06/2026,11:21,11:33,0,7
11704,4,2662,28/06/2026,11:37,11:49,0,8
11705,4,2356,28/06/2026,11:53,12:16,0,9
11706,4,2751,28/06/2026,12:22,12:35,0,10
11707,4,2574,28/06/2026,12:42,12:58,0,11
11708,4,2825,29/06/2026,09:15,09:31,0,1
11709,4,2553,29/06/2026,09:42,09:58,0,2
11710,4,2408,29/06/2026,10:04,10:27,0,3
11711,4,2726,29/06/2026,10:34,10:46,0,4
11712,4,2346,29/06/2026,10:57,11:15,0,5
11713,4,2789,29/06/2026,11:24,11:47,0,6
11714,4,2430,29/06/2026,12:02,12:22,0,7
11715,4,2675,30/06/2026,09:12,09:29,0,1
11716,4,2537,30/06/2026,09:35,10:04,0,2
11717,4,2752,30/06/2026,10:09,10:30,0,3
11718,4,2640,30/06/2026,10:38,11:04,0,4
11719,4,2682,30/06/2026,11:13,11:30,0,5
11720,4,2356,30/06/2026,11:35,12:03,0,6
11721,4,2682,30/06/2026,12:09,12:22,0,7
11722,4,2398,30/06/2026,12:33,12:42,0,8
11723,4,2592,30/06/2026,12:47,13:07,0,9
11724,4,2747,01/07/2026,09:32,09:43,0,1
11725,4,2590,01/07/2026,09:53,10:01,0,2
11726,4,2467,01/07/2026,10:05,10:24,0,3
11727,4,2747,01/07/2026,10:37,10:44,0,4
11728,4,2825,01/07/2026,10:52,11:13,0,5
11729,4,2679,01/07/2026,11:23,11:38,0,6
11730,4,2584,01/07/2026,11:49,11:56,0,7
11731,4,2391,01/07/2026,12:06,12:21,0,8
11732,4,2488,01/07/2026,12:27,12:50,0,9
11733,4,2664,01/07/2026,12:54,13:23,0,10
11734,4,2664,01/07/2026,13:28,13:52,0,11
11735,4,2620,02/07/2026,09:21,09:41,0,1
11736,4,2467,02/07/2026,09:50,10:11,0,2
11737,4,2791,02/07/2026,10:18,10:33,0,3
11738,4,2546,02/07/2026,10:40,10:47,0,4
11739,4,2514,02/07/2026,11:00,11:19,0,5
11740,4,2646,02/07/2026,11:23,11:30,0,6
11741,4,2431,02/07/2026,11:37,11:54,0,7
11742,4,2790,04/07/2026,09:22,09:42,0,1
11743,4,2748,04/07/2026,09:53,10:07,0,2
11744,4,2552,04/07/2026,10:12,10:33,0,3
11745,4,2440,04/07/2026,10:42,11:08,0,4
11746,4,2395,04/07/2026,11:15,,0,5
11747,4,2624,04/07/2026,11:40,11:57,0,6
11748,4,2513,04/07/2026,12:01,12:19,0,7
11749,4,2667,04/07/2026,12:24,12:45,0,8
11750,4,2647,04/07/2026,12:57,13:05,0,9
11751,4,2654,04/07/2026,13:09,13:34,0,10
11752,4,2395,05/07/2026,09:24,09:45,0,1
11753,4,2468,05/07/2026,09:54,10:03,0,2
11754,4,2389,05/07/2026,10:11,10:31,0,3
11755,4,2430,05/07/2026,10:40,10:59,0,4
11756,4,2356,05/07/2026,11:06,11:33,0,5
11757,4,2388,05/07/2026,11:38,12:00,0,6
11758,4,2353,05/07/2026,12:09,,0,7
11759,4,2468,06/07/2026,09:21,09:32,0,1
11760,4,2687,06/07/2026,09:42,10:01,0,2
11761,4,2452,06/07/2026,10:07,10:14,0,3
11762,4,2481,06/07/2026,10:19,10:37,0,4
11763,4,2748,06/07/2026,10:48,11:12,0,5
11764,4,2733,06/07/2026,11:20,11:36,0,6
11765,4,2667,06/07/2026,11:40,12:04,0,7
11766,4,2570,06/07/2026,12:12,12:34,0,8
11767,4,2400,06/07/2026,12:44,,0,9
11768,4,2742,07/07/2026,09:16,09:29,0,1
11769,4,2469,07/07/2026,09:38,09:55,0,2
11770,4,2543,07/07/2026,10:04,10:21,0,3
11771,4,2414,07/07/2026,10:26,10:40,0,4
11772,4,2422,07/07/2026,10:44,10:57,0,5
11773,4,2688,07/07/2026,11:03,11:13,0,6
11774,4,2774,07/07/2026,11:24,11:43,0,7
11775,4,2818,08/07/2026,09:13,09:34,0,1
11776,4,2538,08/07/2026,09:38,09:55,0,2
11777,4,2393,08/07/2026,10:03,10:28,0,3
11778,4,2430,08/07/2026,10:39,,1,4
11779,4,2396,08/07/2026,11:00,11:22,0,5
11780,4,2627,08/07/2026,11:28,11:43,0,6
11781,4,2356,08/07/2026,11:51,12:13,0,7
11782,4,2455,08/07/2026,12:18,12:29,0,8
11783,4,2486,09/07/2026,09:20,09:40,0,1
11784,4,2707,09/07/2026,09:48,10:04,0,2
11785,4,2413,09/07/2026,10:11,10:26,0,3
11786,4,2629,09/07/2026,10:36,10:59,0,4
11787,4,2630,09/07/2026,11:04,,1,5
11788,4,2344,09/07/2026,11:32,11:46,0,6
11789,4,2697,09/07/2026,11:54,12:09,0,7
11790,4,2785,09/07/2026,12:13,12:23,0,8
11791,4,2523,09/07/2026,12:32,12:41,0,9
11792,4,2434,11/07/2026,09:24,09:33,0,1
11793,4,2736,11/07/2026,09:41,09:49,0,2
11794,4,2451,11/07/2026,09:56,10:08,0,3
11795,4,2615,11/07/2026,10:15,10:33,0,4
11796,4,2469,11/07/2026,10:39,11:04,0,5
11797,4,2403,11/07/2026,11:10,11:23,0,6
11798,4,2583,11/07/2026,11:27,11:52,0,7
11799,4,2395,11/07/2026,11:58,12:18,0,8
11800,4,2622,11/07/2026,12:25,12:43,0,9
11801,4,2554,12/07/2026,09:18,09:32,0,1
11802,4,2517,12/07/2026,09:41,10:02,0,2
11803,4,2485,12/07/2026,10:17,10:35,0,3
11804,4,2655,12/07/2026,10:46,11:14,0,4
11805,4,2378,12/07/2026,11:18,11:38,0,5
11806,4,2673,12/07/2026,11:46,12:09,0,6
11807,4,2688,12/07/2026,12:15,12:36,0,7
11808,4,2761,13/07/2026,09:14,09:38,0,1
11809,4,2631,13/07/2026,09:42,10:03,0,2
11810,4,2414,13/07/2026,10:11,10:29,0,3
11811,4,2382,13/07/2026,10:34,10:56,0,4
11812,4,2808,13/07/2026,11:04,11:11,0,5
11813,4,2560,13/07/2026,11:22,11:37,0,6
11814,4,2763,13/07/2026,11:45,12:21,0,7
11815,4,2661,13/07/2026,12:25,12:39,0,8
11816,4,2525,14/07/2026,09:32,09:42,0,1
11817,4,2569,14/07/2026,09:46,10:05,0,2
11818,4,2357,14/07/2026,10:09,10:19,0,3
11819,4,2581,14/07/2026,10:23,10:34,0,4
11820,4,2537,14/07/2026,10:43,10:57,0,5
11821,4,2752,14/07/2026,11:03,11:24,0,6
11822,4,2357,14/07/2026,11:39,11:48,0,7
11823,4,2341,14/07/2026,11:53,12:16,0,8
11824,4,2463,14/07/2026,12:20,12:28,0,9
11825,4,2422,14/07/2026,12:32,12:39,0,10
11826,4,2395,15/07/2026,09:28,09:41,0,1
11827,4,2557,15/07/2026,09:49,10:12,0,2
11828,4,2649,15/07/2026,10:23,10:36,0,3
11829,4,2352,15/07/2026,10:46,11:11,0,4
11830,4,2384,15/07/2026,11:19,11:36,0,5
11831,4,2432,15/07/2026,11:40,11:51,0,6
11832,4,2578,15/07/2026,12:00,12:13,0,7
11833,4,2546,15/07/2026,12:21,12:34,0,8
11834,4,2689,16/07/2026,09:12,09:33,0,1
11835,4,2428,16/07/2026,09:40,09:56,0,2
11836,4,2678,16/07/2026,10:07,10:14,0,3
11837,4,2519,16/07/2026,10:25,10:37,0,4
11838,4,2364,16/07/2026,10:43,11:01,0,5
11839,4,2703,16/07/2026,11:08,11:25,0,6
11840,4,2551,18/07/2026,09:14,09:25,0,1
11841,4,2448,18/07/2026,09:34,,0,2
11842,4,2736,18/07/2026,09:57,,0,3
11843,4,2786,18/07/2026,10:16,10:38,0,4
11844,4,2719,18/07/2026,10:49,10:59,0,5
11845,4,2825,18/07/2026,11:04,11:22,0,6
11846,4,2736,18/07/2026,11:30,11:37,0,7
11847,4,2340,18/07/2026,11:46,11:58,0,8
11848,4,2677,18/07/2026,12:06,12:29,0,9
11849,4,2599,19/07/2026,09:35,09:53,0,1
11850,4,2486,19/07/2026,10:06,10:33,0,2
11851,4,2443,19/07/2026,10:41,11:03,0,3
11852,4,2796,19/07/2026,11:12,11:31,0,4
11853,4,2385,19/07/2026,11:37,11:44,0,5
11854,4,2633,19/07/2026,11:54,12:01,0,6
11855,4,2488,20/07/2026,09:19,09:47,0,1
11856,4,2642,20/07/2026,09:53,10:15,0,2
11857,4,2379,20/07/2026,10:25,10:32,0,3
11858,4,2364,20/07/2026,10:43,11:04,0,4
11859,4,2797,20/07/2026,11:08,11:29,0,5
11860,4,2367,20/07/2026,11:39,11:47,0,6
11861,4,2368,20/07/2026,11:53,12:03,0,7
11862,4,2409,20/07/2026,12:12,12:21,0,8
11863,4,2472,20/07/2026,12:34,12:50,0,9
11864,4,2762,20/07/2026,13:02,13:15,0,10
11865,4,2763,21/07/2026,09:24,09:40,0,1
11866,4,2590,21/07/2026,09:45,09:52,0,2
11867,4,2602,21/07/2026,09:59,10:23,0,3
11868,4,2393,21/07/2026,10:29,10:42,0,4
11869,4,2351,21/07/2026,10:46,,0,5
11870,4,2511,21/07/2026,11:16,11:38,0,6
11871,4,2785,21/07/2026,11:46,11:57,0,7
11872,4,2512,21/07/2026,12:01,12:20,0,8
11873,4,2468,22/07/2026,09:10,09:20,0,1
11874,4,2736,22/07/2026,09:28,09:35,0,2
11875,4,2514,22/07/2026,09:45,10:08,0,3
11876,4,2729,22/07/2026,10:15,10:33,0,4
11877,4,2753,22/07/2026,10:41,11:01,0,5
11878,4,2524,22/07/2026,11:12,11:22,0,6
11879,4,2564,22/07/2026,11:27,11:45,0,7
11880,4,2678,22/07/2026,11:51,11:59,0,8
11881,4,2382,22/07/2026,12:05,,0,9
11882,4,2365,23/07/2026,09:15,09:35,0,1
11883,4,2705,23/07/2026,09:45,10:10,0,2
11884,4,2389,23/07/2026,10:26,,0,3
11885,4,2438,23/07/2026,10:56,11:18,0,4
11886,4,2820,23/07/2026,11:23,11:30,0,5
11887,4,2605,23/07/2026,11:38,12:00,0,6
11888,4,2823,23/07/2026,12:06,12:18,0,7
11889,4,2441,23/07/2026,12:28,12:42,0,8
11890,4,2790,25/07/2026,09:19,09:37,0,1
11891,4,2533,25/07/2026,09:45,10:06,0,2
11892,4,2761,25/07/2026,10:14,10:29,0,3
11893,4,2500,25/07/2026,10:39,11:01,0,4
11894,4,2698,25/07/2026,11:06,,1,5
11895,4,2499,25/07/2026,11:25,11:42,0,6
11896,4,2811,25/07/2026,11:46,11:59,0,7
11897,4,2461,26/07/2026,09:34,09:46,0,1
11898,4,2391,26/07/2026,09:57,10:09,0,2
11899,4,2487,26/07/2026,10:16,10:40,0,3
11900,4,2419,26/07/2026,10:47,11:06,0,4
11901,4,2690,26/07/2026,11:17,11:29,0,5
11902,4,2370,26/07/2026,11:33,11:58,0,6
11903,4,2680,27/07/2026,09:27,09:44,0,1
11904,4,2462,27/07/2026,09:49,10:06,0,2
11905,4,2513,27/07/2026,10:16,10:39,0,3
11906,4,2697,27/07/2026,10:45,10:52,0,4
11907,4,2488,27/07/2026,10:56,11:22,0,5
11908,4,2422,27/07/2026,11:28,11:43,0,6
11909,4,2652,27/07/2026,11:54,12:11,0,7
11910,4,2690,27/07/2026,12:20,12:30,0,8
11911,4,2416,27/07/2026,12:42,12:57,0,9
11912,4,2811,28/07/2026,09:16,09:33,0,1
11913,4,2403,28/07/2026,09:37,09:57,0,2
11914,4,2728,28/07/2026,10:01,,0,3
11915,4,2533,28/07/2026,10:22,10:46,0,4
11916,4,2621,28/07/2026,10:57,,0,5
11917,4,2573,28/07/2026,11:24,11:43,0,6
11918,4,2477,28/07/2026,11:51,,0,7
11919,4,2723,28/07/2026,12:08,12:20,0,8
11920,4,2608,28/07/2026,12:24,12:45,0,9
11921,4,2624,28/07/2026,12:49,12:58,0,10
11922,4,2646,28/07/2026,13:07,13:28,0,11
11923,4,2504,29/07/2026,09:20,09:42,0,1
11924,4,2622,29/07/2026,09:50,10:12,0,2
11925,4,2759,29/07/2026,10:23,10:43,0,3
11926,4,2492,29/07/2026,10:48,11:19,0,4
11927,4,2346,29/07/2026,11:23,11:45,0,5
11928,4,2396,29/07/2026,11:50,12:02,0,6
11929,4,2441,29/07/2026,12:13,12:32,0,7
11930,4,2718,29/07/2026,12:37,12:50,0,8
11931,4,2488,30/07/2026,09:18,09:32,0,1
11932,4,2449,30/07/2026,09:38,09:50,0,2
11933,4,2410,30/07/2026,09:55,10:08,0,3
11934,4,2477,30/07/2026,10:12,10:23,0,4
11935,4,2384,30/07/2026,10:29,10:52,0,5
11936,4,2561,30/07/2026,10:59,11:18,0,6
11937,4,2510,30/07/2026,11:25,11:41,0,7
11938,4,2680,30/07/2026,11:46,12:13,0,8
11939,4,2486,01/08/2026,09:29,09:54,0,1
11940,4,2762,01/08/2026,10:01,10:20,0,2
11941,4,2650,01/08/2026,10:29,10:51,0,3
11942,4,2668,01/08/2026,10:58,11:09,0,4
11943,4,2570,01/08/2026,11:22,11:41,0,5
11944,4,2384,01/08/2026,11:49,11:56,0,6
11945,4,2624,02/08/2026,09:11,09:29,0,1
11946,4,2792,02/08/2026,09:35,09:47,0,2
11947,4,2567,02/08/2026,09:51,09:58,0,3
11948,4,2799,02/08/2026,10:02,10:09,0,4
11949,4,2439,02/08/2026,10:18,10:31,0,5
11950,4,2771,02/08/2026,10:41,,0,6
11951,4,2796,03/08/2026,09:27,09:45,0,1
11952,4,2523,03/08/2026,09:55,,0,2
11953,4,2754,03/08/2026,10:13,10:26,0,3
11954,4,2646,03/08/2026,10:31,10:49,0,4
11955,4,2544,03/08/2026,10:57,11:19,0,5
11956,4,2556,03/08/2026,11:25,11:38,0,6
11957,4,2415,03/08/2026,11:46,11:53,0,7
11958,4,2807,03/08/2026,12:04,12:24,0,8
11959,4,2688,04/08/2026,09:12,09:34,0,1
11960,4,2420,04/08/2026,09:43,09:54,0,2
11961,4,2479,04/08/2026,09:58,10:22,0,3
11962,4,2632,04/08/2026,10:32,10:52,0,4
11963,4,2674,04/08/2026,11:01,11:34,0,5
11964,4,2718,04/08/2026,11:40,12:03,0,6
11965,4,2615,04/08/2026,12:15,12:33,0,7
11966,4,2455,04/08/2026,12:39,13:06,0,8
11967,4,2533,04/08/2026,13:14,13:31,0,9
11968,4,2580,04/08/2026,13:42,13:57,0,10
11969,4,2455,05/08/2026,09:20,09:44,0,1
11970,4,2644,05/08/2026,09:53,10:00,0,2
11971,4,2569,05/08/2026,10:06,10:27,0,3
11972,4,2679,05/08/2026,10:32,10:39,0,4
11973,4,2796,05/08/2026,10:47,10:55,0,5
11974,4,2414,05/08/2026,11:02,11:11,0,6
11975,4,2419,05/08/2026,11:16,11:37,0,7
11976,4,2682,05/08/2026,11:47,12:07,0,8
11977,4,2688,05/08/2026,12:15,12:33,0,9
11978,4,2369,05/08/2026,12:43,12:51,0,10
11979,4,2372,06/08/2026,09:04,09:23,0,1
11980,4,2690,06/08/2026,09:33,09:49,0,2
11981,4,2466,06/08/2026,10:03,10:22,0,3
11982,4,2343,06/08/2026,10:30,10:37,0,4
11983,4,2431,06/08/2026,10:46,11:09,0,5
11984,4,2459,06/08/2026,11:17,11:24,0,6
11985,4,2514,08/08/2026,09:25,09:44,0,1
11986,4,2726,08/08/2026,09:52,10:16,0,2
11987,4,2689,08/08/2026,10:20,10:36,0,3
11988,4,2748,08/08/2026,10:41,11:11,0,4
11989,4,2385,08/08/2026,11:17,11:28,0,5
11990,4,2742,08/08/2026,11:36,11:45,0,6
11991,4,2734,09/08/2026,09:11,09:21,0,1
11992,4,2456,09/08/2026,09:25,09:43,0,2
11993,4,2340,09/08/2026,09:49,10:09,0,3
11994,4,2557,09/08/2026,10:20,10:30,0,4
11995,4,2592,09/08/2026,10:40,10:47,0,5
11996,4,2707,09/08/2026,10:51,11:06,0,6
11997,4,2630,09/08/2026,11:11,11:29,0,7
11998,4,2642,09/08/2026,11:36,11:46,0,8
11999,4,2582,09/08/2026,11:56,12:14,0,9
12000,4,2761,09/08/2026,12:18,12:42,0,10
12001,4,2807,09/08/2026,12:49,13:17,0,11
12002,4,2430,10/08/2026,09:32,09:54,0,1
12003,4,2387,10/08/2026,10:01,10:08,0,2
12004,4,2718,10/08/2026,10:13,10:35,0,3
12005,4,2526,10/08/2026,10:42,10:53,0,4
12006,4,2644,10/08/2026,10:59,11:06,0,5
12007,4,2544,10/08/2026,11:14,11:28,0,6
12008,4,2626,10/08/2026,11:36,12:00,0,7
12009,4,2512,10/08/2026,12:09,12:33,0,8
12010,4,2477,10/08/2026,12:40,12:50,0,9
12011,4,2613,10/08/2026,12:58,13:12,0,10
12012,4,2622,11/08/2026,09:27,09:43,0,1
12013,4,2567,11/08/2026,09:51,10:05,0,2
12014,4,2386,11/08/2026,10:11,10:29,0,3
12015,4,2342,11/08/2026,10:33,10:43,0,4
12016,4,2477,11/08/2026,10:49,11:08,0,5
12017,4,2748,11/08/2026,11:22,11:51,0,6
12018,4,2437,11/08/2026,11:59,12:18,0,7
12019,4,2776,12/08/2026,09:23,09:43,0,1
12020,4,2425,12/08/2026,09:53,10:16,0,2
12021,4,2744,12/08/2026,10:25,10:44,0,3
12022,4,2408,12/08/2026,10:49,11:03,0,4
12023,4,2781,12/08/2026,11:10,11:21,0,5
12024,4,2510,12/08/2026,11:28,11:39,0,6
12025,4,2519,12/08/2026,11:44,11:58,0,7
12026,4,2697,12/08/2026,12:02,12:14,0,8
12027,4,2663,12/08/2026,12:22,12:42,0,9
12028,4,2464,12/08/2026,12:46,12:53,0,10
12029,4,2723,12/08/2026,13:01,13:18,0,11
12030,4,2567,13/08/2026,09:28,09:35,0,1
12031,4,2369,13/08/2026,09:39,09:49,0,2
12032,4,2412,13/08/2026,09:53,10:15,0,3
12033,4,2456,13/08/2026,10:19,10:34,0,4
12034,4,2808,13/08/2026,10:41,10:54,0,5
12035,4,2514,13/08/2026,11:00,11:31,0,6
12036,4,2618,13/08/2026,11:36,11:51,0,7
12037,4,2790,13/08/2026,11:59,12:23,0,8
12038,4,2689,13/08/2026,12:35,12:54,0,9
12039,4,2774,13/08/2026,13:03,13:28,0,10
12040,4,2791,15/08/2026,09:21,09:34,0,1
12041,4,2654,15/08/2026,09:42,10:07,0,2
12042,4,2730,15/08/2026,10:20,10:31,0,3
12043,4,2424,15/08/2026,10:36,10:55,0,4
12044,4,2799,15/08/2026,11:01,11:11,0,5
12045,4,2769,15/08/2026,11:15,11:39,0,6
12046,4,2608,15/08/2026,11:48,11:57,0,7
12047,4,2689,15/08/2026,12:01,12:20,0,8
12048,4,2434,15/08/2026,12:32,12:44,0,9
12049,4,2383,15/08/2026,12:49,13:08,0,10
12050,4,2644,15/08/2026,13:17,13:25,0,11
12051,4,2612,16/08/2026,09:05,09:12,0,1
12052,4,2721,16/08/2026,09:21,09:28,0,2
12053,4,2638,16/08/2026,09:39,09:59,0,3
12054,4,2424,16/08/2026,10:08,10:25,0,4
12055,4,2340,16/08/2026,10:31,10:40,0,5
12056,4,2449,16/08/2026,10:49,11:02,0,6
12057,4,2765,17/08/2026,09:14,09:22,0,1
12058,4,2392,17/08/2026,09:26,09:49,0,2
12059,4,2717,17/08/2026,09:54,10:10,0,3
12060,4,2342,17/08/2026,10:17,10:27,0,4
12061,4,2766,17/08/2026,10:35,10:50,0,5
12062,4,2522,17/08/2026,10:54,11:16,0,6
12063,4,2473,17/08/2026,11:26,11:45,0,7
12064,4,2536,17/08/2026,11:50,11:58,0,8
12065,4,2514,17/08/2026,12:02,12:16,0,9
12066,4,2736,17/08/2026,12:20,12:36,0,10
12067,4,2783,18/08/2026,09:13,09:29,0,1
12068,4,2570,18/08/2026,09:33,09:43,0,2
12069,4,2709,18/08/2026,09:52,10:12,0,3
12070,4,2577,18/08/2026,10:18,10:35,0,4
12071,4,2429,18/08/2026,10:43,10:50,0,5
12072,4,2346,18/08/2026,10:54,11:20,0,6
12073,4,2491,18/08/2026,11:26,11:34,0,7
12074,4,2375,18/08/2026,11:40,11:47,0,8
12075,4,2719,18/08/2026,11:51,12:09,0,9
12076,4,2669,18/08/2026,12:17,12:24,0,10
12077,4,2618,18/08/2026,12:28,12:38,0,11
12078,4,2633,19/08/2026,09:16,09:30,0,1
12079,4,2626,19/08/2026,09:36,10:00,0,2
12080,4,2521,19/08/2026,10:08,10:33,0,3
12081,4,2727,19/08/2026,10:37,10:58,0,4
12082,4,2700,19/08/2026,11:04,11:25,0,5
12083,4,2631,19/08/2026,11:36,11:48,0,6
