doc_no,account_ref,doc_date,doc_time,doc_type,line_count
300002,P:1019,03/09/2024,13:18,INV,11
300004,P:1029,07/09/2024,09:18,INV,8
300007,P:1039,27/09/2024,13:35,INV,9
300008,P:1056,23/09/2024,08:36,INV,5
300009,P:1079,05/09/2024,14:59,INV,6
300011,P:1135,25/09/2024,13:04,INV,6
9300011,P:1135,25/09/2024,17:04,CR,2
300015,P:1158,22/09/2024,13:53,INV,7
300016,P:1158,16/09/2024,08:21,INV,4
300017,P:1173,23/09/2024,13:49,INV,8
300019,P:1300,25/09/2024,13:06,INV,12
300020,P:1301,16/09/2024,11:04,INV,5
300021,P:1323,27/09/2024,12:53,INV,12
300024,P:1369,14/09/2024,10:18,INV,6
300027,P:1389,07/09/2024,14:38,INV,7
300029,P:1408,05/09/2024,16:55,INV,3
300031,P:1420,18/09/2024,13:33,INV,6
300033,P:1445,17/09/2024,10:32,INV,9
300034,P:1457,16/09/2024,13:23,INV,6
300036,P:1468,28/09/2024,14:50,INV,5
300037,P:1480,21/09/2024,08:58,INV,3
300038,P:1480,19/09/2024,17:59,INV,3
300042,P:1510,10/09/2024,16:19,INV,5
300044,P:1512,03/09/2024,16:38,INV,4
300047,P:1537,01/09/2024,13:13,INV,5
300048,P:1537,10/09/2024,09:11,INV,10
300049,P:1537,20/09/2024,15:26,INV,9
300050,P:1537,19/09/2024,11:28,INV,8
300051,P:1537,01/09/2024,10:40,INV,5
300052,P:1563,19/09/2024,08:29,INV,3
300053,P:1568,28/09/2024,10:45,INV,3
300054,P:1582,19/09/2024,13:19,INV,4
300055,P:1603,06/09/2024,14:04,INV,9
300059,P:1623,16/09/2024,13:04,INV,4
300061,P:1689,10/09/2024,14:49,INV,6
300067,P:1866,22/09/2024,14:19,INV,7
300071,P:1923,24/09/2024,17:38,INV,5
300072,P:1923,17/09/2024,15:25,INV,6
300073,P:1928,27/09/2024,14:56,INV,9
300075,P:1953,18/09/2024,12:42,INV,4
300076,P:2004,08/09/2024,13:12,INV,3
300077,P:2004,27/09/2024,08:51,INV,4
300078,P:2021,03/09/2024,16:26,INV,5
300080,P:2023,20/09/2024,17:13,INV,5
300087,P:2091,16/09/2024,13:46,INV,7
300089,P:2101,11/09/2024,11:02,INV,4
300090,P:2107,08/09/2024,11:23,INV,4
300094,P:2132,19/09/2024,11:50,INV,5
300097,P:2175,08/09/2024,13:36,INV,7
300098,P:2175,17/09/2024,10:22,INV,12
300100,P:2192,11/09/2024,13:46,INV,6
300101,P:2192,24/09/2024,11:49,INV,6
300106,P:2370,17/09/2024,14:41,INV,9
300107,P:2370,28/09/2024,10:35,INV,5
300110,P:2380,12/09/2024,11:44,INV,7
300111,P:2383,27/09/2024,15:27,INV,10
9300111,P:2383,27/09/2024,16:27,CR,2
300112,P:2383,09/09/2024,13:10,INV,9
300114,P:2391,04/09/2024,12:46,INV,5
300115,P:2391,02/09/2024,14:51,INV,9
9300115,P:2391,02/09/2024,15:51,CR,2
300118,P:2411,07/09/2024,12:45,INV,8
300120,P:2447,10/09/2024,11:39,INV,5
300121,P:2462,16/09/2024,09:44,INV,4
300122,P:2462,22/09/2024,12:26,INV,15
300123,P:2496,05/09/2024,09:21,INV,10
300124,P:2560,10/09/2024,11:55,INV,6
300125,P:2560,11/09/2024,13:03,INV,8
300128,P:2586,18/09/2024,08:37,INV,9
300131,P:2604,24/09/2024,08:11,INV,5
300132,P:2655,14/09/2024,08:19,INV,6
300136,P:2735,09/09/2024,17:10,INV,3
300138,P:2735,14/09/2024,10:34,INV,5
300139,P:2735,03/09/2024,10:24,INV,7
300140,P:2738,05/09/2024,10:22,INV,5
300141,P:2780,03/09/2024,12:36,INV,9
300142,P:2780,05/09/2024,11:38,INV,7
300143,P:1019,11/10/2024,08:27,INV,10
300144,P:1019,02/10/2024,08:24,INV,4
300149,P:1029,14/10/2024,15:48,INV,4
300150,P:1035,21/10/2024,13:13,INV,7
300151,P:1036,20/10/2024,12:08,INV,6
300152,P:1042,21/10/2024,17:09,INV,6
300153,P:1079,16/10/2024,10:42,INV,6
300154,P:1079,18/10/2024,14:17,INV,4
300155,P:1080,22/10/2024,10:03,INV,9
300156,P:1080,04/10/2024,15:16,INV,9
300157,P:1116,25/10/2024,16:24,INV,9
300159,P:1116,02/10/2024,11:47,INV,6
300160,P:1116,08/10/2024,11:51,INV,9
300161,P:1116,03/10/2024,08:32,INV,8
300162,P:1135,01/10/2024,09:04,INV,9
300166,P:1159,02/10/2024,13:23,INV,3
300167,P:1173,05/10/2024,16:29,INV,13
300169,P:1174,10/10/2024,08:40,INV,6
300173,P:1203,06/10/2024,16:46,INV,6
300175,P:1236,16/10/2024,17:34,INV,5
300176,P:1238,27/10/2024,08:15,INV,6
300178,P:1253,22/10/2024,12:59,INV,14
300181,P:1288,23/10/2024,09:21,INV,4
300182,P:1288,26/10/2024,11:56,INV,15
300185,P:1301,12/10/2024,12:22,INV,4
300186,P:1305,18/10/2024,09:59,INV,6
300187,P:1316,15/10/2024,17:51,INV,2
300190,P:1323,23/10/2024,10:10,INV,12
300191,P:1332,08/10/2024,12:51,INV,3
300192,P:1347,03/10/2024,14:43,INV,5
300195,P:1363,24/10/2024,13:42,INV,6
300196,P:1363,01/10/2024,08:18,INV,5
300197,P:1363,20/10/2024,14:17,INV,6
300198,P:1364,15/10/2024,11:09,INV,5
300200,P:1369,01/10/2024,13:30,INV,5
300201,P:1382,20/10/2024,13:10,INV,11
300202,P:1389,23/10/2024,08:19,INV,9
300205,P:1394,10/10/2024,13:15,INV,7
300208,P:1405,10/10/2024,10:32,INV,10
9300208,P:1405,10/10/2024,12:32,CR,2
300212,P:1411,11/10/2024,10:33,INV,8
300215,P:1457,18/10/2024,09:22,INV,3
300216,P:1457,20/10/2024,15:50,INV,5
300219,P:1491,26/10/2024,08:47,INV,6
300220,P:1537,25/10/2024,08:54,INV,6
300222,P:1562,14/10/2024,12:14,INV,5
300225,P:1565,17/10/2024,17:18,INV,9
300226,P:1565,11/10/2024,11:24,INV,10
300227,P:1565,10/10/2024,08:04,INV,7
300229,P:1568,09/10/2024,13:40,INV,5
300231,P:1575,10/10/2024,15:36,INV,3
300238,P:1603,06/10/2024,13:44,INV,5
300240,P:1621,19/10/2024,08:20,INV,6
300241,P:1621,19/10/2024,08:48,INV,7
300242,P:1623,07/10/2024,08:26,INV,5
300246,P:1647,09/10/2024,15:43,INV,9
300251,P:1662,01/10/2024,12:23,INV,6
300253,P:1669,19/10/2024,10:34,INV,5
300255,P:1669,09/10/2024,13:15,INV,6
300256,P:1669,22/10/2024,08:50,INV,10
300257,P:1697,02/10/2024,17:43,INV,6
300259,P:1717,05/10/2024,18:41,INV,9
300262,P:1750,23/10/2024,13:27,INV,3
300264,P:1780,08/10/2024,09:54,INV,2
300265,P:1781,08/10/2024,08:29,INV,2
300266,P:1791,09/10/2024,17:03,INV,8
300271,P:1866,03/10/2024,16:38,INV,10
300272,P:1866,26/10/2024,14:21,INV,6
300273,P:1872,15/10/2024,08:14,INV,6
300277,P:1903,15/10/2024,15:05,INV,4
300279,P:1905,19/10/2024,13:30,INV,15
9300279,P:1905,19/10/2024,20:30,CR,2
300280,P:1911,05/10/2024,14:58,INV,10
300281,P:1935,27/10/2024,16:41,INV,5
300283,P:1935,14/10/2024,15:47,INV,7
300284,P:1935,23/10/2024,09:27,INV,9
300287,P:1953,28/10/2024,12:48,INV,4
300288,P:1953,23/10/2024,12:08,INV,6
300289,P:1954,18/10/2024,15:37,INV,6
300290,P:1959,14/10/2024,10:12,INV,4
300291,P:1967,23/10/2024,15:09,INV,2
300294,P:1996,04/10/2024,08:07,INV,7
300295,P:1996,19/10/2024,15:53,INV,4
300297,P:1997,23/10/2024,08:20,INV,5
300298,P:2007,02/10/2024,18:40,INV,9
300299,P:2007,27/10/2024,14:52,INV,7
300301,P:2016,07/10/2024,09:20,INV,4
300302,P:2016,15/10/2024,17:09,INV,7
300303,P:2021,23/10/2024,09:26,INV,4
300305,P:2029,13/10/2024,09:17,INV,3
300306,P:2034,28/10/2024,12:02,INV,7
300308,P:2034,21/10/2024,10:47,INV,3
300309,P:2034,09/10/2024,18:29,INV,3
300312,P:2082,20/10/2024,09:57,INV,7
300314,P:2091,21/10/2024,13:51,INV,9
300318,P:2107,19/10/2024,08:42,INV,7
300319,P:2110,23/10/2024,13:33,INV,7
300321,P:2117,11/10/2024,10:32,INV,2
300322,P:2120,22/10/2024,10:12,INV,6
300325,P:2129,07/10/2024,10:40,INV,5
300326,P:2131,08/10/2024,12:59,INV,8
9300326,P:2131,08/10/2024,15:59,CR,2
300328,P:2132,03/10/2024,10:57,INV,4
300329,P:2132,17/10/2024,12:11,INV,5
300331,P:2134,19/10/2024,13:11,INV,12
300334,P:2173,16/10/2024,08:38,INV,4
300335,P:2173,04/10/2024,11:04,INV,7
300337,P:2175,10/10/2024,14:45,INV,11
300338,P:2175,26/10/2024,12:03,INV,4
300341,P:2264,07/10/2024,16:33,INV,5
300342,P:2264,22/10/2024,15:24,INV,4
300343,P:2292,13/10/2024,13:57,INV,6
300344,P:2293,26/10/2024,09:49,INV,10
300346,P:2293,24/10/2024,17:53,INV,12
300349,P:2324,07/10/2024,08:27,INV,11
300350,P:2324,06/10/2024,19:45,INV,12
300352,P:2368,06/10/2024,08:09,INV,6
300355,P:2381,19/10/2024,12:04,INV,3
300356,P:2383,13/10/2024,09:35,INV,3
300360,P:2397,15/10/2024,15:42,INV,10
300361,P:2397,17/10/2024,08:15,INV,8
300363,P:2450,05/10/2024,13:35,INV,7
300369,P:2480,15/10/2024,11:18,INV,7
300371,P:2531,19/10/2024,13:52,INV,4
300372,P:2535,14/10/2024,10:04,INV,4
300374,P:2557,20/10/2024,12:54,INV,9
300375,P:2557,11/10/2024,15:36,INV,5
300376,P:2563,02/10/2024,08:34,INV,5
300378,P:2570,21/10/2024,13:10,INV,12
300379,P:2570,20/10/2024,08:41,INV,6
300381,P:2598,10/10/2024,15:42,INV,6
300382,P:2604,21/10/2024,09:50,INV,15
300383,P:2604,04/10/2024,10:21,INV,3
300388,P:2639,25/10/2024,13:54,INV,15
300389,P:2639,20/10/2024,13:12,INV,4
300390,P:2639,14/10/2024,09:34,INV,7
300391,P:2639,23/10/2024,08:37,INV,5
300392,P:2648,02/10/2024,13:38,INV,5
300395,P:2671,21/10/2024,12:44,INV,6
300396,P:2673,02/10/2024,14:41,INV,6
300397,P:2673,27/10/2024,11:59,INV,4
300398,P:2707,02/10/2024,14:13,INV,6
300400,P:2707,11/10/2024,11:35,INV,5
300404,P:2729,15/10/2024,13:26,INV,5
300405,P:2738,03/10/2024,14:59,INV,10
300406,P:2764,05/10/2024,13:39,INV,9
300411,P:1013,25/11/2024,12:05,INV,7
300414,P:1016,04/11/2024,14:34,INV,3
300417,P:1019,10/11/2024,11:32,INV,7
300418,P:1019,15/11/2024,10:42,INV,7
300419,P:1019,06/11/2024,15:29,INV,10
300422,P:1026,19/11/2024,08:52,INV,15
300423,P:1026,20/11/2024,10:24,INV,10
300425,P:1039,23/11/2024,16:19,INV,10
300427,P:1049,28/11/2024,16:48,INV,10
300433,P:1099,21/11/2024,16:49,INV,5
300434,P:1099,10/11/2024,10:32,INV,6
300435,P:1116,05/11/2024,18:32,INV,5
300436,P:1118,28/11/2024,08:07,INV,7
300437,P:1118,24/11/2024,11:10,INV,7
300439,P:1118,05/11/2024,14:22,INV,7
300440,P:1135,13/11/2024,15:03,INV,11
300443,P:1144,26/11/2024,13:47,INV,11
300444,P:1156,22/11/2024,11:43,INV,15
300447,P:1164,07/11/2024,18:13,INV,9
300448,P:1166,07/11/2024,17:40,INV,7
300453,P:1181,10/11/2024,10:21,INV,6
300455,P:1193,13/11/2024,14:38,INV,4
300456,P:1199,21/11/2024,12:50,INV,8
300458,P:1206,20/11/2024,13:59,INV,9
300461,P:1230,19/11/2024,13:17,INV,8
300462,P:1248,19/11/2024,08:19,INV,9
300464,P:1256,17/11/2024,12:24,INV,3
300465,P:1256,16/11/2024,16:20,INV,8
300466,P:1262,23/11/2024,10:49,INV,8
300467,P:1266,01/11/2024,12:06,INV,13
300469,P:1287,17/11/2024,13:36,INV,2
300471,P:1288,17/11/2024,15:49,INV,6
300472,P:1292,07/11/2024,13:08,INV,8
300473,P:1292,26/11/2024,12:40,INV,5
300475,P:1323,07/11/2024,11:25,INV,7
300477,P:1330,15/11/2024,09:49,INV,3
300478,P:1332,28/11/2024,12:19,INV,2
300479,P:1332,09/11/2024,12:50,INV,8
300480,P:1347,28/11/2024,09:19,INV,3
300482,P:1347,21/11/2024,12:40,INV,7
300483,P:1348,06/11/2024,15:21,INV,8
300484,P:1357,08/11/2024,15:08,INV,8
300486,P:1361,03/11/2024,10:41,INV,6
300487,P:1363,08/11/2024,10:18,INV,7
300488,P:1382,19/11/2024,09:45,INV,10
300494,P:1404,13/11/2024,12:03,INV,15
300497,P:1443,10/11/2024,09:40,INV,6
300498,P:1445,02/11/2024,08:32,INV,5
300501,P:1468,07/11/2024,17:49,INV,9
300503,P:1471,25/11/2024,13:29,INV,7
300504,P:1471,12/11/2024,15:10,INV,8
300507,P:1480,16/11/2024,12:30,INV,4
300508,P:1480,23/11/2024,13:58,INV,6
300513,P:1497,12/11/2024,17:51,INV,8
300514,P:1505,14/11/2024,10:59,INV,9
300515,P:1505,16/11/2024,19:50,INV,6
300516,P:1510,10/11/2024,10:25,INV,10
300519,P:1537,27/11/2024,18:53,INV,7
300520,P:1537,27/11/2024,08:59,INV,5
300521,P:1537,22/11/2024,10:32,INV,7
300523,P:1546,16/11/2024,11:59,INV,6
300524,P:1546,10/11/2024,10:29,INV,5
300525,P:1551,07/11/2024,12:11,INV,6
300526,P:1551,25/11/2024,11:13,INV,3
300527,P:1562,04/11/2024,14:15,INV,4
300528,P:1563,19/11/2024,19:35,INV,5
300529,P:1563,09/11/2024,14:55,INV,4
300533,P:1575,12/11/2024,12:34,INV,8
300534,P:1575,08/11/2024,08:19,INV,5
300535,P:1576,20/11/2024,14:05,INV,4
300537,P:1592,09/11/2024,12:49,INV,8
300539,P:1592,02/11/2024,10:40,INV,9
300540,P:1592,15/11/2024,12:37,INV,12
300542,P:1595,07/11/2024,11:07,INV,3
300544,P:1596,10/11/2024,12:21,INV,8
300546,P:1602,14/11/2024,08:20,INV,7
300547,P:1603,13/11/2024,10:29,INV,5
300548,P:1603,05/11/2024,13:20,INV,4
300551,P:1621,26/11/2024,08:48,INV,5
300552,P:1621,14/11/2024,13:40,INV,10
300553,P:1623,19/11/2024,09:30,INV,12
300560,P:1643,22/11/2024,09:26,INV,4
300561,P:1643,27/11/2024,11:02,INV,9
9300561,P:1643,27/11/2024,18:02,CR,2
300562,P:1643,17/11/2024,11:00,INV,7
300565,P:1647,03/11/2024,14:51,INV,15
300569,P:1662,15/11/2024,17:42,INV,3
300571,P:1669,08/11/2024,13:23,INV,6
300572,P:1669,17/11/2024,13:56,INV,4
300575,P:1673,17/11/2024,15:04,INV,6
300576,P:1697,24/11/2024,10:23,INV,10
300578,P:1710,06/11/2024,13:37,INV,6
300579,P:1710,24/11/2024,11:57,INV,3
300583,P:1718,14/11/2024,08:40,INV,5
300586,P:1725,17/11/2024,12:45,INV,7
300588,P:1733,14/11/2024,15:13,INV,9
300592,P:1750,08/11/2024,08:48,INV,3
300593,P:1750,03/11/2024,16:57,INV,12
300596,P:1780,22/11/2024,08:20,INV,9
300597,P:1780,17/11/2024,14:07,INV,8
300600,P:1795,24/11/2024,11:39,INV,8
300603,P:1805,17/11/2024,15:22,INV,10
300605,P:1805,06/11/2024,13:58,INV,5
300606,P:1839,01/11/2024,10:53,INV,7
300608,P:1855,15/11/2024,10:38,INV,8
300609,P:1855,24/11/2024,16:45,INV,8
300612,P:1866,13/11/2024,14:26,INV,6
300613,P:1875,14/11/2024,14:37,INV,9
300615,P:1879,16/11/2024,16:18,INV,15
300617,P:1879,21/11/2024,08:00,INV,6
300618,P:1879,25/11/2024,11:41,INV,7
300621,P:1890,25/11/2024,12:50,INV,10
300624,P:1912,02/11/2024,11:55,INV,14
300625,P:1923,03/11/2024,08:32,INV,9
300627,P:1935,28/11/2024,15:47,INV,4
300629,P:1959,16/11/2024,08:52,INV,4
300631,P:1966,08/11/2024,12:02,INV,8
300633,P:1972,21/11/2024,12:07,INV,2
300634,P:1977,06/11/2024,10:25,INV,4
300635,P:1991,02/11/2024,12:40,INV,3
300637,P:1991,11/11/2024,14:23,INV,8
300638,P:1991,16/11/2024,10:44,INV,9
300640,P:1996,08/11/2024,15:55,INV,5
300643,P:1997,17/11/2024,08:02,INV,9
300645,P:2016,10/11/2024,11:23,INV,6
300646,P:2016,17/11/2024,12:00,INV,5
300647,P:2021,09/11/2024,08:41,INV,6
300648,P:2021,28/11/2024,08:03,INV,8
300650,P:2025,18/11/2024,10:11,INV,3
300652,P:2040,14/11/2024,13:54,INV,11
300654,P:2047,10/11/2024,11:28,INV,6
300662,P:2078,05/11/2024,08:07,INV,11
300664,P:2078,13/11/2024,15:02,INV,15
300665,P:2078,05/11/2024,16:14,INV,7
300666,P:2082,28/11/2024,15:49,INV,5
300667,P:2087,24/11/2024,11:40,INV,6
300669,P:2091,14/11/2024,11:33,INV,3
300671,P:2101,22/11/2024,08:27,INV,7
300672,P:2101,26/11/2024,08:19,INV,4
300673,P:2101,23/11/2024,11:30,INV,5
300678,P:2126,13/11/2024,10:22,INV,5
300680,P:2131,12/11/2024,10:15,INV,5
300681,P:2131,19/11/2024,10:25,INV,5
300684,P:2134,26/11/2024,14:02,INV,6
300685,P:2134,03/11/2024,11:00,INV,13
300687,P:2146,27/11/2024,13:05,INV,5
300693,P:2186,08/11/2024,13:50,INV,15
300694,P:2186,02/11/2024,10:56,INV,5
300695,P:2196,09/11/2024,08:08,INV,4
300698,P:2206,27/11/2024,13:54,INV,6
300700,P:2219,01/11/2024,10:29,INV,11
300701,P:2219,09/11/2024,14:15,INV,4
300705,P:2234,20/11/2024,18:33,INV,7
300706,P:2234,11/11/2024,13:02,INV,5
300707,P:2234,11/11/2024,10:46,INV,5
300709,P:2247,16/11/2024,08:20,INV,15
300712,P:2259,27/11/2024,08:14,INV,6
300713,P:2259,15/11/2024,15:21,INV,8
300716,P:2264,16/11/2024,15:29,INV,11
300717,P:2279,20/11/2024,11:39,INV,7
300718,P:2284,04/11/2024,10:58,INV,10
300719,P:2292,25/11/2024,11:47,INV,6
300721,P:2292,17/11/2024,09:05,INV,5
300722,P:2292,12/11/2024,11:02,INV,3
300727,P:2349,26/11/2024,11:35,INV,7
300728,P:2349,08/11/2024,09:55,INV,11
300729,P:2356,08/11/2024,08:29,INV,4
300730,P:2356,19/11/2024,09:19,INV,4
300731,P:2356,19/11/2024,09:03,INV,9
300735,P:2368,02/11/2024,12:33,INV,4
300742,P:2383,28/11/2024,12:11,INV,3
300743,P:2388,28/11/2024,08:30,INV,5
300744,P:2394,20/11/2024,15:53,INV,4
300745,P:2411,08/11/2024,11:05,INV,5
300747,P:2434,23/11/2024,11:49,INV,5
300749,P:2455,06/11/2024,15:12,INV,3
300751,P:2472,05/11/2024,08:33,INV,2
300753,P:2473,26/11/2024,13:18,INV,8
300755,P:2496,15/11/2024,13:17,INV,7
300756,P:2510,08/11/2024,08:04,INV,8
300757,P:2510,03/11/2024,11:02,INV,3
300759,P:2525,03/11/2024,14:00,INV,5
300760,P:2525,25/11/2024,13:49,INV,15
300761,P:2525,18/11/2024,13:50,INV,6
300763,P:2537,11/11/2024,08:17,INV,9
300764,P:2537,06/11/2024,09:38,INV,3
300766,P:2539,21/11/2024,08:15,INV,7
300767,P:2541,23/11/2024,14:53,INV,5
300768,P:2541,09/11/2024,10:45,INV,7
300769,P:2549,27/11/2024,11:48,INV,6
300770,P:2549,28/11/2024,16:17,INV,8
300772,P:2557,24/11/2024,14:11,INV,6
300775,P:2563,26/11/2024,10:52,INV,4
300776,P:2563,13/11/2024,18:32,INV,3
300778,P:2574,21/11/2024,12:34,INV,12
300779,P:2574,13/11/2024,17:04,INV,12
300780,P:2576,06/11/2024,10:06,INV,3
300781,P:2583,20/11/2024,12:04,INV,6
300785,P:2598,14/11/2024,10:59,INV,9
300786,P:2598,09/11/2024,15:57,INV,5
300791,P:2604,13/11/2024,08:35,INV,3
300793,P:2623,27/11/2024,12:28,INV,6
300796,P:2652,13/11/2024,08:42,INV,3
300800,P:2655,08/11/2024,11:58,INV,4
300802,P:2657,05/11/2024,13:35,INV,7
300806,P:2691,03/11/2024,15:14,INV,10
300810,P:2707,18/11/2024,10:46,INV,6
300811,P:2721,02/11/2024,13:55,INV,5
300815,P:2729,20/11/2024,18:09,INV,7
300816,P:2736,11/11/2024,08:34,INV,3
300817,P:2737,05/11/2024,14:00,INV,7
300819,P:2741,17/11/2024,14:38,INV,3
300825,P:2764,23/11/2024,09:32,INV,9
300831,P:2786,28/11/2024,13:37,INV,7
300835,P:2792,08/11/2024,13:16,INV,7
300840,P:1016,11/12/2024,10:29,INV,6
9300840,P:1016,11/12/2024,14:29,CR,2
300843,P:1021,17/12/2024,11:25,INV,6
300844,P:1029,25/12/2024,09:25,INV,5
300845,P:1029,14/12/2024,12:48,INV,9
300846,P:1029,26/12/2024,13:39,INV,11
300848,P:1036,25/12/2024,13:01,INV,9
300850,P:1042,10/12/2024,20:16,INV,9
300853,P:1048,17/12/2024,09:51,INV,4
300855,P:1049,06/12/2024,11:22,INV,2
300857,P:1049,26/12/2024,15:56,INV,7
300858,P:1049,25/12/2024,11:05,INV,11
300861,P:1062,02/12/2024,10:19,INV,4
300862,P:1062,23/12/2024,09:03,INV,2
300863,P:1064,04/12/2024,08:14,INV,5
300864,P:1074,18/12/2024,08:47,INV,7
300866,P:1076,05/12/2024,12:36,INV,10
300867,P:1079,03/12/2024,16:56,INV,7
300871,P:1093,27/12/2024,09:12,INV,6
300873,P:1099,15/12/2024,08:39,INV,3
300876,P:1102,21/12/2024,17:04,INV,6
300877,P:1102,16/12/2024,13:20,INV,10
300878,P:1102,08/12/2024,14:46,INV,7
300880,P:1116,17/12/2024,08:27,INV,5
300884,P:1118,14/12/2024,13:35,INV,7
300885,P:1118,23/12/2024,08:52,INV,10
300886,P:1118,15/12/2024,09:07,INV,10
300887,P:1118,25/12/2024,11:38,INV,3
300888,P:1118,16/12/2024,09:43,INV,11
300889,P:1118,09/12/2024,12:04,INV,6
300890,P:1121,27/12/2024,08:45,INV,6
300891,P:1128,24/12/2024,09:20,INV,3
300892,P:1129,05/12/2024,08:31,INV,5
300893,P:1131,09/12/2024,11:54,INV,5
300894,P:1135,09/12/2024,11:02,INV,5
300895,P:1135,06/12/2024,15:38,INV,3
300898,P:1138,13/12/2024,08:36,INV,4
300901,P:1141,09/12/2024,16:46,INV,8
300902,P:1143,21/12/2024,11:18,INV,6
300903,P:1143,16/12/2024,10:29,INV,5
300904,P:1143,21/12/2024,13:13,INV,6
300905,P:1144,11/12/2024,13:49,INV,8
300907,P:1156,06/12/2024,10:39,INV,10
300909,P:1159,15/12/2024,19:40,INV,10
300915,P:1173,01/12/2024,12:59,INV,6
300916,P:1174,10/12/2024,14:41,INV,14
300919,P:1181,23/12/2024,11:10,INV,12
300920,P:1183,07/12/2024,12:49,INV,11
300921,P:1183,23/12/2024,08:13,INV,9
300923,P:1187,25/12/2024,16:12,INV,5
300924,P:1187,18/12/2024,14:54,INV,12
300926,P:1199,26/12/2024,10:04,INV,13
300927,P:1199,24/12/2024,18:51,INV,7
300928,P:1200,18/12/2024,08:34,INV,4
300929,P:1206,10/12/2024,17:28,INV,11
300930,P:1213,15/12/2024,12:29,INV,9
300931,P:1213,09/12/2024,14:40,INV,5
300932,P:1213,15/12/2024,14:27,INV,5
300933,P:1227,03/12/2024,11:10,INV,6
300934,P:1227,18/12/2024,13:11,INV,4
300937,P:1230,11/12/2024,17:59,INV,10
300938,P:1230,24/12/2024,15:11,INV,2
300940,P:1233,26/12/2024,12:03,INV,5
300941,P:1238,26/12/2024,17:48,INV,7
300945,P:1254,15/12/2024,17:04,INV,6
300946,P:1262,03/12/2024,12:19,INV,3
300947,P:1262,24/12/2024,15:57,INV,6
300950,P:1278,19/12/2024,13:41,INV,7
300951,P:1278,11/12/2024,11:55,INV,5
300954,P:1296,25/12/2024,14:58,INV,4
300956,P:1304,15/12/2024,15:21,INV,9
300958,P:1304,22/12/2024,11:07,INV,7
300959,P:1314,27/12/2024,17:23,INV,8
300960,P:1320,26/12/2024,12:02,INV,6
300962,P:1320,23/12/2024,08:22,INV,9
300964,P:1326,05/12/2024,13:53,INV,13
300966,P:1326,14/12/2024,12:40,INV,4
300967,P:1326,18/12/2024,10:58,INV,11
300968,P:1329,11/12/2024,12:58,INV,10
300972,P:1335,07/12/2024,15:31,INV,10
300973,P:1335,28/12/2024,11:01,INV,7
300974,P:1341,01/12/2024,13:31,INV,6
300975,P:1347,03/12/2024,10:24,INV,4
300977,P:1347,23/12/2024,11:09,INV,9
300980,P:1355,16/12/2024,10:32,INV,2
300981,P:1355,12/12/2024,08:43,INV,9
300982,P:1357,07/12/2024,12:00,INV,7
300983,P:1357,06/12/2024,13:37,INV,5
300984,P:1363,21/12/2024,16:12,INV,9
300985,P:1364,07/12/2024,19:53,INV,12
300988,P:1381,16/12/2024,10:30,INV,9
300990,P:1388,19/12/2024,13:43,INV,6
300992,P:1388,02/12/2024,13:23,INV,8
300993,P:1388,18/12/2024,12:49,INV,5
300996,P:1396,25/12/2024,16:56,INV,7
300997,P:1403,25/12/2024,09:41,INV,3
301003,P:1418,26/12/2024,10:52,INV,4
301005,P:1420,01/12/2024,16:14,INV,4
301009,P:1454,08/12/2024,12:04,INV,9
301010,P:1454,26/12/2024,11:13,INV,6
301011,P:1456,07/12/2024,16:14,INV,2
301012,P:1456,24/12/2024,12:31,INV,3
301013,P:1456,11/12/2024,18:57,INV,9
301014,P:1456,03/12/2024,08:04,INV,11
301022,P:1505,25/12/2024,15:00,INV,10
301023,P:1510,02/12/2024,14:58,INV,6
301025,P:1525,27/12/2024,08:18,INV,5
301026,P:1537,21/12/2024,11:39,INV,4
301028,P:1538,18/12/2024,14:52,INV,6
301029,P:1538,23/12/2024,13:48,INV,6
301030,P:1546,24/12/2024,16:36,INV,5
301031,P:1548,06/12/2024,14:15,INV,5
301033,P:1551,23/12/2024,08:56,INV,9
301034,P:1551,06/12/2024,08:13,INV,8
301035,P:1561,08/12/2024,12:54,INV,7
301037,P:1562,14/12/2024,15:06,INV,4
301040,P:1568,10/12/2024,13:09,INV,8
301041,P:1568,27/12/2024,12:13,INV,5
301043,P:1572,06/12/2024,08:57,INV,3
301048,P:1576,13/12/2024,08:35,INV,15
301049,P:1576,10/12/2024,18:03,INV,6
301051,P:1587,19/12/2024,12:52,INV,9
301052,P:1592,10/12/2024,15:02,INV,10
301053,P:1592,18/12/2024,16:24,INV,2
301054,P:1594,14/12/2024,11:07,INV,8
301055,P:1594,03/12/2024,13:27,INV,4
301056,P:1594,25/12/2024,10:03,INV,7
301062,P:1600,10/12/2024,15:32,INV,4
301063,P:1600,12/12/2024,13:32,INV,3
301064,P:1602,18/12/2024,13:27,INV,8
301067,P:1621,01/12/2024,15:06,INV,4
301068,P:1623,16/12/2024,13:52,INV,10
9301068,P:1623,16/12/2024,15:52,CR,2
301070,P:1625,16/12/2024,12:24,INV,7
301071,P:1625,03/12/2024,10:49,INV,15
301072,P:1626,09/12/2024,08:31,INV,3
301074,P:1632,26/12/2024,13:17,INV,4
301076,P:1642,09/12/2024,16:28,INV,5
301078,P:1647,19/12/2024,12:49,INV,7
301080,P:1650,07/12/2024,13:45,INV,9
301083,P:1662,15/12/2024,10:21,INV,6
301087,P:1671,02/12/2024,11:46,INV,9
301088,P:1673,06/12/2024,12:34,INV,9
301090,P:1673,18/12/2024,08:26,INV,9
301092,P:1674,09/12/2024,20:36,INV,4
301093,P:1674,19/12/2024,08:29,INV,3
301096,P:1703,02/12/2024,13:07,INV,12
301097,P:1703,23/12/2024,11:51,INV,6
301100,P:1709,14/12/2024,14:45,INV,9
301101,P:1709,20/12/2024,16:06,INV,4
301103,P:1710,25/12/2024,16:44,INV,11
301104,P:1710,21/12/2024,11:59,INV,5
301105,P:1718,06/12/2024,10:10,INV,6
301107,P:1732,14/12/2024,14:35,INV,6
301109,P:1733,24/12/2024,12:06,INV,14
301111,P:1734,16/12/2024,12:46,INV,7
301112,P:1734,05/12/2024,11:19,INV,3
301114,P:1736,15/12/2024,09:36,INV,7
301117,P:1748,01/12/2024,11:30,INV,10
301118,P:1750,26/12/2024,12:12,INV,8
301119,P:1750,24/12/2024,12:11,INV,7
301121,P:1774,25/12/2024,14:59,INV,5
301122,P:1776,26/12/2024,09:36,INV,10
301124,P:1781,05/12/2024,13:38,INV,4
301125,P:1791,04/12/2024,09:01,INV,7
301129,P:1795,24/12/2024,08:10,INV,6
301130,P:1795,21/12/2024,12:02,INV,8
301131,P:1795,25/12/2024,15:35,INV,10
301133,P:1805,14/12/2024,10:39,INV,4
301135,P:1822,05/12/2024,15:08,INV,10
301136,P:1822,18/12/2024,12:41,INV,6
301141,P:1833,06/12/2024,08:08,INV,4
301144,P:1860,16/12/2024,09:22,INV,4
301150,P:1879,28/12/2024,11:39,INV,5
301151,P:1897,09/12/2024,15:48,INV,12
301152,P:1905,22/12/2024,10:15,INV,4
301153,P:1905,03/12/2024,13:07,INV,4
301156,P:1911,13/12/2024,17:44,INV,6
301157,P:1912,10/12/2024,12:54,INV,5
301158,P:1912,22/12/2024,14:15,INV,6
301159,P:1912,07/12/2024,11:44,INV,6
301161,P:1919,15/12/2024,10:16,INV,9
301162,P:1919,07/12/2024,12:25,INV,9
301166,P:1935,18/12/2024,11:27,INV,7
301168,P:1935,15/12/2024,15:13,INV,4
301171,P:1941,15/12/2024,12:24,INV,8
301173,P:1942,08/12/2024,16:07,INV,3
301178,P:1953,21/12/2024,12:12,INV,5
301181,P:1958,08/12/2024,13:03,INV,5
301183,P:1958,12/12/2024,10:47,INV,8
301184,P:1958,09/12/2024,19:06,INV,12
301185,P:1959,07/12/2024,10:04,INV,5
301195,P:1996,18/12/2024,10:15,INV,10
301196,P:1997,16/12/2024,13:26,INV,11
301198,P:2004,06/12/2024,09:29,INV,8
301201,P:2016,07/12/2024,11:15,INV,6
9301201,P:2016,07/12/2024,14:15,CR,2
301202,P:2021,14/12/2024,15:29,INV,3
301205,P:2031,15/12/2024,14:43,INV,5
301206,P:2031,18/12/2024,09:52,INV,5
301207,P:2031,03/12/2024,10:36,INV,9
301208,P:2034,02/12/2024,14:48,INV,9
301212,P:2045,06/12/2024,13:09,INV,5
301213,P:2045,22/12/2024,14:20,INV,4
301215,P:2047,22/12/2024,13:37,INV,4
301219,P:2054,10/12/2024,15:56,INV,5
301223,P:2087,26/12/2024,13:41,INV,5
301224,P:2087,08/12/2024,13:40,INV,4
301225,P:2091,20/12/2024,13:21,INV,13
301226,P:2100,24/12/2024,10:51,INV,6
301227,P:2100,26/12/2024,15:49,INV,6
301228,P:2100,22/12/2024,08:24,INV,14
301229,P:2104,19/12/2024,10:45,INV,9
301230,P:2104,25/12/2024,13:01,INV,8
301231,P:2104,18/12/2024,17:10,INV,2
301233,P:2110,10/12/2024,11:31,INV,7
301234,P:2120,22/12/2024,12:48,INV,10
301235,P:2120,11/12/2024,15:45,INV,7
301236,P:2120,12/12/2024,11:49,INV,9
301238,P:2126,21/12/2024,11:11,INV,5
301240,P:2131,18/12/2024,18:20,INV,8
301243,P:2131,17/12/2024,20:40,INV,6
301244,P:2132,03/12/2024,12:18,INV,7
301246,P:2134,06/12/2024,10:49,INV,5
301248,P:2134,19/12/2024,17:43,INV,4
301250,P:2146,15/12/2024,10:19,INV,8
301252,P:2148,16/12/2024,18:29,INV,8
301254,P:2157,07/12/2024,11:45,INV,9
301256,P:2157,05/12/2024,15:16,INV,5
301257,P:2160,04/12/2024,14:24,INV,11
301262,P:2175,18/12/2024,17:10,INV,4
301264,P:2175,19/12/2024,16:12,INV,11
301265,P:2192,12/12/2024,17:49,INV,11
301268,P:2206,03/12/2024,12:48,INV,8
301269,P:2212,03/12/2024,11:45,INV,5
301271,P:2230,20/12/2024,19:34,INV,3
301272,P:2230,14/12/2024,11:40,INV,11
301273,P:2233,12/12/2024,10:12,INV,10
301279,P:2264,05/12/2024,08:41,INV,7
301280,P:2264,24/12/2024,10:14,INV,7
301282,P:2281,03/12/2024,12:14,INV,8
301286,P:2293,22/12/2024,09:56,INV,10
301287,P:2295,07/12/2024,08:05,INV,9
301288,P:2303,02/12/2024,12:42,INV,7
301289,P:2303,21/12/2024,08:04,INV,15
301290,P:2303,05/12/2024,10:14,INV,4
301293,P:2330,24/12/2024,10:04,INV,10
301297,P:2337,23/12/2024,14:26,INV,3
301299,P:2340,10/12/2024,11:50,INV,8
301300,P:2349,16/12/2024,18:47,INV,4
301302,P:2356,11/12/2024,09:16,INV,9
301303,P:2359,14/12/2024,13:35,INV,5
301304,P:2359,21/12/2024,12:47,INV,4
301307,P:2365,24/12/2024,09:25,INV,5
301308,P:2365,15/12/2024,15:11,INV,5
9301308,P:2365,15/12/2024,21:11,CR,2
301312,P:2368,25/12/2024,11:47,INV,4
301313,P:2368,27/12/2024,16:47,INV,3
301314,P:2368,04/12/2024,08:04,INV,9
301317,P:2375,09/12/2024,10:54,INV,3
9301317,P:2375,09/12/2024,12:54,CR,2
301318,P:2377,22/12/2024,10:46,INV,7
301322,P:2380,05/12/2024,13:03,INV,14
301325,P:2383,24/12/2024,12:48,INV,7
301326,P:2388,05/12/2024,14:47,INV,10
301327,P:2388,06/12/2024,11:52,INV,12
301328,P:2388,05/12/2024,13:52,INV,5
301329,P:2394,05/12/2024,12:47,INV,5
301330,P:2394,11/12/2024,10:38,INV,15
301331,P:2397,02/12/2024,18:26,INV,8
301332,P:2398,22/12/2024,14:08,INV,5
301334,P:2400,10/12/2024,15:40,INV,11
301335,P:2411,25/12/2024,14:47,INV,3
301337,P:2419,13/12/2024,12:12,INV,8
301338,P:2419,04/12/2024,09:07,INV,5
301339,P:2419,12/12/2024,15:52,INV,4
301340,P:2419,05/12/2024,11:52,INV,5
301342,P:2419,05/12/2024,10:44,INV,6
301343,P:2424,16/12/2024,08:17,INV,4
301344,P:2434,09/12/2024,16:44,INV,6
301345,P:2447,13/12/2024,09:41,INV,6
301349,P:2448,04/12/2024,11:46,INV,7
301351,P:2448,25/12/2024,12:32,INV,8
301353,P:2448,17/12/2024,18:54,INV,6
301354,P:2452,01/12/2024,08:09,INV,12
301355,P:2455,14/12/2024,15:04,INV,4
301356,P:2455,05/12/2024,12:03,INV,5
301357,P:2462,01/12/2024,16:42,INV,8
301358,P:2462,17/12/2024,08:36,INV,8
301360,P:2462,09/12/2024,10:09,INV,8
301364,P:2472,14/12/2024,16:52,INV,8
301366,P:2473,01/12/2024,08:33,INV,10
301370,P:2480,10/12/2024,17:36,INV,7
301376,P:2518,21/12/2024,15:49,INV,8
301377,P:2518,06/12/2024,10:15,INV,10
301378,P:2519,02/12/2024,10:23,INV,14
301380,P:2525,07/12/2024,13:56,INV,3
301381,P:2525,16/12/2024,12:26,INV,8
301383,P:2535,04/12/2024,11:10,INV,13
301385,P:2541,02/12/2024,08:45,INV,8
301386,P:2541,22/12/2024,08:48,INV,11
301388,P:2549,06/12/2024,13:59,INV,7
301389,P:2557,25/12/2024,08:31,INV,5
301391,P:2560,20/12/2024,08:57,INV,4
301395,P:2563,16/12/2024,08:12,INV,7
301396,P:2563,02/12/2024,08:23,INV,5
301397,P:2563,25/12/2024,18:28,INV,7
301398,P:2568,19/12/2024,11:33,INV,9
301400,P:2574,01/12/2024,13:18,INV,3
301401,P:2574,03/12/2024,08:26,INV,9
301402,P:2576,12/12/2024,14:32,INV,8
301405,P:2583,11/12/2024,10:45,INV,4
301406,P:2583,08/12/2024,11:26,INV,8
301407,P:2597,07/12/2024,13:41,INV,7
301415,P:2604,15/12/2024,11:17,INV,14
301417,P:2607,12/12/2024,16:01,INV,6
301420,P:2611,04/12/2024,08:16,INV,5
301423,P:2623,25/12/2024,08:03,INV,6
301424,P:2631,08/12/2024,11:14,INV,3
301427,P:2639,09/12/2024,13:00,INV,3
301430,P:2648,17/12/2024,08:48,INV,4
301434,P:2662,24/12/2024,09:25,INV,5
301439,P:2669,14/12/2024,08:26,INV,6
301440,P:2670,14/12/2024,11:47,INV,3
301441,P:2671,19/12/2024,12:54,INV,11
301442,P:2672,27/12/2024,12:22,INV,6
301443,P:2673,04/12/2024,08:16,INV,11
301445,P:2673,16/12/2024,16:02,INV,4
301446,P:2675,28/12/2024,12:42,INV,5
301447,P:2675,18/12/2024,18:25,INV,7
301448,P:2675,25/12/2024,11:12,INV,5
301449,P:2675,04/12/2024,08:22,INV,7
301450,P:2683,06/12/2024,15:07,INV,5
301451,P:2685,18/12/2024,15:33,INV,4
301453,P:2685,20/12/2024,11:41,INV,12
301454,P:2707,11/12/2024,14:30,INV,4
301456,P:2710,21/12/2024,08:21,INV,5
301459,P:2718,25/12/2024,12:23,INV,7
301460,P:2721,07/12/2024,11:45,INV,8
301461,P:2723,21/12/2024,16:07,INV,4
301462,P:2726,08/12/2024,15:20,INV,2
301463,P:2728,16/12/2024,16:48,INV,6
301466,P:2729,13/12/2024,08:40,INV,8
301469,P:2739,15/12/2024,08:21,INV,6
301470,P:2739,27/12/2024,08:57,INV,2
301473,P:2741,22/12/2024,18:57,INV,2
301476,P:2748,27/12/2024,12:38,INV,3
301477,P:2749,04/12/2024,14:30,INV,12
301480,P:2765,26/12/2024,09:31,INV,4
301483,P:2782,07/12/2024,13:56,INV,7
301485,P:2786,28/12/2024,11:30,INV,5
301486,P:2787,04/12/2024,10:19,INV,8
301489,P:2795,23/12/2024,15:50,INV,7
301490,P:2795,16/12/2024,10:06,INV,3
301492,P:2795,28/12/2024,16:25,INV,5
301493,P:2795,02/12/2024,08:39,INV,2
301495,P:1001,01/01/2025,13:19,INV,10
301496,P:1001,22/01/2025,10:57,INV,8
301498,P:1003,21/01/2025,11:11,INV,8
301499,P:1009,27/01/2025,13:57,INV,12
301500,P:1009,07/01/2025,13:01,INV,3
301502,P:1018,07/01/2025,10:23,INV,6
301505,P:1021,17/01/2025,13:27,INV,14
301506,P:1021,05/01/2025,11:02,INV,11
301510,P:1025,17/01/2025,13:05,INV,6
301511,P:1027,26/01/2025,13:18,INV,10
301513,P:1029,14/01/2025,11:53,INV,5
301515,P:1042,14/01/2025,12:26,INV,8
301517,P:1048,08/01/2025,12:28,INV,8
301519,P:1048,04/01/2025,11:09,INV,7
301522,P:1052,26/01/2025,11:05,INV,2
301525,P:1059,17/01/2025,12:18,INV,13
301526,P:1067,10/01/2025,13:13,INV,4
301527,P:1071,02/01/2025,11:57,INV,3
301529,P:1079,25/01/2025,16:43,INV,2
301532,P:1091,08/01/2025,08:22,INV,10
301533,P:1100,21/01/2025,12:07,INV,5
301534,P:1100,07/01/2025,09:29,INV,7
301536,P:1100,01/01/2025,12:09,INV,7
301537,P:1106,04/01/2025,09:44,INV,12
301540,P:1111,09/01/2025,11:48,INV,11
301542,P:1116,04/01/2025,09:12,INV,9
301543,P:1116,09/01/2025,13:05,INV,9
301544,P:1116,05/01/2025,15:36,INV,4
301548,P:1128,28/01/2025,13:12,INV,7
301550,P:1137,23/01/2025,09:29,INV,9
301551,P:1138,20/01/2025,08:00,INV,15
301552,P:1141,02/01/2025,14:09,INV,5
301554,P:1141,13/01/2025,08:50,INV,4
301562,P:1159,28/01/2025,10:52,INV,14
301563,P:1159,22/01/2025,08:02,INV,3
301564,P:1159,13/01/2025,12:05,INV,4
301566,P:1166,08/01/2025,17:30,INV,4
301568,P:1174,11/01/2025,15:21,INV,10
301569,P:1181,03/01/2025,14:23,INV,4
301570,P:1181,07/01/2025,08:13,INV,7
301575,P:1191,28/01/2025,08:43,INV,4
301577,P:1206,01/01/2025,13:00,INV,2
301579,P:1211,22/01/2025,08:22,INV,7
301581,P:1213,27/01/2025,12:34,INV,7
301582,P:1222,02/01/2025,12:43,INV,10
301585,P:1232,25/01/2025,10:01,INV,10
301587,P:1238,04/01/2025,12:20,INV,8
301588,P:1243,20/01/2025,10:28,INV,5
301600,P:1262,09/01/2025,11:09,INV,3
301603,P:1271,15/01/2025,12:43,INV,6
301604,P:1271,23/01/2025,17:36,INV,4
301605,P:1271,26/01/2025,13:12,INV,11
301608,P:1278,02/01/2025,14:20,INV,3
301609,P:1287,10/01/2025,11:50,INV,7
301610,P:1295,08/01/2025,14:56,INV,5
301613,P:1304,11/01/2025,10:15,INV,13
301616,P:1312,12/01/2025,14:24,INV,5
301619,P:1314,07/01/2025,09:17,INV,5
301620,P:1320,07/01/2025,13:27,INV,5
301622,P:1324,21/01/2025,12:21,INV,8
301623,P:1324,10/01/2025,14:14,INV,11
301624,P:1329,14/01/2025,08:04,INV,9
301627,P:1330,21/01/2025,12:59,INV,9
301632,P:1345,10/01/2025,16:15,INV,2
301634,P:1345,10/01/2025,12:42,INV,5
301635,P:1345,10/01/2025,10:03,INV,7
301637,P:1347,18/01/2025,11:20,INV,11
301639,P:1350,16/01/2025,08:38,INV,2
301643,P:1369,08/01/2025,11:04,INV,2
301645,P:1382,02/01/2025,11:40,INV,6
301646,P:1382,13/01/2025,08:23,INV,8
301648,P:1382,06/01/2025,16:09,INV,10
301649,P:1382,21/01/2025,12:52,INV,4
301652,P:1389,23/01/2025,08:02,INV,5
301655,P:1394,27/01/2025,14:08,INV,8
301657,P:1394,08/01/2025,10:05,INV,5
301658,P:1394,23/01/2025,14:10,INV,8
301661,P:1404,08/01/2025,14:37,INV,6
301667,P:1407,11/01/2025,08:22,INV,8
301669,P:1408,28/01/2025,13:44,INV,7
301670,P:1408,12/01/2025,10:50,INV,5
301671,P:1410,08/01/2025,09:19,INV,5
301673,P:1411,18/01/2025,10:53,INV,9
301675,P:1413,22/01/2025,11:47,INV,6
301676,P:1414,09/01/2025,12:54,INV,5
301677,P:1417,12/01/2025,08:32,INV,9
301679,P:1418,12/01/2025,11:36,INV,9
301680,P:1418,06/01/2025,10:42,INV,8
301682,P:1420,19/01/2025,13:52,INV,5
301685,P:1440,05/01/2025,12:20,INV,5
301686,P:1443,24/01/2025,16:11,INV,10
301687,P:1443,22/01/2025,08:29,INV,7
301694,P:1468,18/01/2025,11:07,INV,4
301695,P:1468,26/01/2025,17:15,INV,9
301696,P:1468,08/01/2025,17:56,INV,6
301697,P:1468,25/01/2025,10:11,INV,14
301698,P:1468,09/01/2025,10:14,INV,11
301699,P:1471,24/01/2025,16:07,INV,2
301701,P:1476,20/01/2025,08:34,INV,4
301703,P:1479,07/01/2025,08:08,INV,7
301705,P:1482,02/01/2025,10:46,INV,6
301706,P:1491,01/01/2025,09:14,INV,6
301708,P:1497,05/01/2025,13:38,INV,7
301709,P:1505,27/01/2025,12:36,INV,12
301710,P:1510,13/01/2025,08:52,INV,2
301711,P:1518,28/01/2025,15:00,INV,7
301712,P:1529,26/01/2025,15:19,INV,5
301713,P:1529,05/01/2025,13:26,INV,7
301716,P:1538,22/01/2025,12:17,INV,6
301718,P:1550,16/01/2025,11:04,INV,11
301720,P:1557,18/01/2025,11:12,INV,8
301721,P:1561,09/01/2025,11:36,INV,5
301722,P:1564,18/01/2025,15:33,INV,2
301724,P:1564,14/01/2025,10:35,INV,5
301725,P:1565,25/01/2025,10:19,INV,6
301727,P:1572,15/01/2025,15:46,INV,4
301729,P:1575,22/01/2025,08:14,INV,10
301730,P:1576,03/01/2025,10:33,INV,9
301732,P:1577,08/01/2025,08:43,INV,5
301734,P:1582,14/01/2025,13:37,INV,2
301735,P:1586,06/01/2025,12:19,INV,8
9301735,P:1586,06/01/2025,19:19,CR,2
301736,P:1587,21/01/2025,10:21,INV,7
301738,P:1592,08/01/2025,10:32,INV,4
301739,P:1594,27/01/2025,09:16,INV,12
301740,P:1595,12/01/2025,18:52,INV,6
301741,P:1595,04/01/2025,13:47,INV,6
301742,P:1595,13/01/2025,12:34,INV,6
301743,P:1596,23/01/2025,08:29,INV,2
301745,P:1596,13/01/2025,08:54,INV,8
301747,P:1597,02/01/2025,15:35,INV,2
301748,P:1597,01/01/2025,09:04,INV,2
301749,P:1598,10/01/2025,15:59,INV,6
301750,P:1598,05/01/2025,14:19,INV,7
301752,P:1598,13/01/2025,11:45,INV,7
301753,P:1600,06/01/2025,12:13,INV,3
301756,P:1603,20/01/2025,09:21,INV,10
301758,P:1612,12/01/2025,17:19,INV,9
301759,P:1623,22/01/2025,12:39,INV,10
301762,P:1633,20/01/2025,14:31,INV,9
301763,P:1633,24/01/2025,14:13,INV,2
301764,P:1642,19/01/2025,13:50,INV,9
301765,P:1648,02/01/2025,12:49,INV,7
301768,P:1662,11/01/2025,10:24,INV,5
301769,P:1666,19/01/2025,09:50,INV,5
301771,P:1669,28/01/2025,08:54,INV,4
301772,P:1669,11/01/2025,11:15,INV,8
301773,P:1669,10/01/2025,14:28,INV,4
301775,P:1670,21/01/2025,17:22,INV,5
301780,P:1673,09/01/2025,15:57,INV,12
301782,P:1673,27/01/2025,09:37,INV,3
301783,P:1674,14/01/2025,11:55,INV,3
301784,P:1674,07/01/2025,16:19,INV,8
301786,P:1674,09/01/2025,09:58,INV,7
301787,P:1674,17/01/2025,17:30,INV,6
301789,P:1675,24/01/2025,12:39,INV,5
301790,P:1686,26/01/2025,08:40,INV,7
301791,P:1688,25/01/2025,09:39,INV,7
301792,P:1696,24/01/2025,11:39,INV,7
301793,P:1702,24/01/2025,20:43,INV,6
301795,P:1703,06/01/2025,13:34,INV,5
301796,P:1703,25/01/2025,08:36,INV,3
301798,P:1704,03/01/2025,14:18,INV,9
301799,P:1704,05/01/2025,16:00,INV,4
301801,P:1705,01/01/2025,15:27,INV,10
301803,P:1710,07/01/2025,08:00,INV,7
301807,P:1718,28/01/2025,09:43,INV,12
301808,P:1718,04/01/2025,09:35,INV,8
301809,P:1718,23/01/2025,16:33,INV,9
301810,P:1724,14/01/2025,14:55,INV,5
301811,P:1725,23/01/2025,15:21,INV,8
301817,P:1741,12/01/2025,17:39,INV,5
301818,P:1741,17/01/2025,12:17,INV,4
301819,P:1744,14/01/2025,09:30,INV,4
301824,P:1755,23/01/2025,14:48,INV,7
301825,P:1755,21/01/2025,15:21,INV,5
301827,P:1762,09/01/2025,14:11,INV,12
301830,P:1780,19/01/2025,13:36,INV,4
301832,P:1789,22/01/2025,15:32,INV,2
301834,P:1791,24/01/2025,16:40,INV,7
301836,P:1795,06/01/2025,11:43,INV,4
301837,P:1795,10/01/2025,08:23,INV,4
301840,P:1801,03/01/2025,08:31,INV,6
301841,P:1805,06/01/2025,15:42,INV,6
301842,P:1810,22/01/2025,10:45,INV,7
301844,P:1812,12/01/2025,16:28,INV,5
301845,P:1815,08/01/2025,11:33,INV,5
301846,P:1822,04/01/2025,17:40,INV,9
301847,P:1823,20/01/2025,13:30,INV,5
301849,P:1833,21/01/2025,10:55,INV,9
301850,P:1839,13/01/2025,08:08,INV,2
301854,P:1847,10/01/2025,09:33,INV,2
301855,P:1855,14/01/2025,12:00,INV,5
301856,P:1855,10/01/2025,10:33,INV,6
301862,P:1869,16/01/2025,09:40,INV,6
301863,P:1874,12/01/2025,13:46,INV,7
301864,P:1875,28/01/2025,10:07,INV,6
301865,P:1875,03/01/2025,12:40,INV,9
301867,P:1879,14/01/2025,12:28,INV,10
301870,P:1888,06/01/2025,11:29,INV,3
301872,P:1912,25/01/2025,11:55,INV,7
301873,P:1912,19/01/2025,08:28,INV,13
301874,P:1912,25/01/2025,13:44,INV,7
301876,P:1919,12/01/2025,10:12,INV,11
301878,P:1923,09/01/2025,08:08,INV,9
301879,P:1923,15/01/2025,08:12,INV,3
301880,P:1925,22/01/2025,12:54,INV,6
9301880,P:1925,22/01/2025,17:54,CR,2
301881,P:1926,10/01/2025,14:23,INV,4
301884,P:1927,20/01/2025,10:17,INV,8
301886,P:1938,02/01/2025,18:08,INV,12
301889,P:1942,13/01/2025,17:26,INV,7
301890,P:1942,28/01/2025,10:09,INV,2
301891,P:1942,12/01/2025,11:55,INV,7
301895,P:1948,26/01/2025,11:00,INV,3
301896,P:1948,16/01/2025,15:30,INV,5
301898,P:1953,13/01/2025,13:18,INV,5
301899,P:1953,28/01/2025,11:42,INV,8
301902,P:1959,16/01/2025,14:53,INV,6
301903,P:1959,08/01/2025,08:58,INV,8
301904,P:1959,21/01/2025,10:39,INV,10
301905,P:1972,17/01/2025,13:35,INV,4
301910,P:1985,13/01/2025,15:52,INV,3
301911,P:1986,19/01/2025,10:12,INV,2
301912,P:1990,16/01/2025,10:14,INV,3
301914,P:1996,27/01/2025,11:35,INV,11
301915,P:1997,13/01/2025,11:08,INV,4
301917,P:2010,12/01/2025,16:32,INV,8
301919,P:2011,19/01/2025,15:42,INV,2
301921,P:2023,24/01/2025,10:19,INV,6
301924,P:2025,10/01/2025,09:25,INV,11
301925,P:2025,25/01/2025,13:58,INV,12
301927,P:2029,20/01/2025,12:26,INV,7
301928,P:2034,06/01/2025,12:44,INV,6
301930,P:2034,22/01/2025,17:15,INV,5
301932,P:2036,12/01/2025,10:23,INV,6
301934,P:2038,03/01/2025,13:39,INV,9
301935,P:2040,22/01/2025,10:13,INV,9
301936,P:2040,01/01/2025,14:09,INV,2
301937,P:2040,04/01/2025,16:26,INV,7
301941,P:2049,17/01/2025,15:44,INV,12
301942,P:2054,02/01/2025,12:51,INV,10
301943,P:2054,16/01/2025,17:42,INV,7
301944,P:2057,10/01/2025,09:06,INV,5
301946,P:2072,05/01/2025,11:56,INV,6
301948,P:2078,20/01/2025,16:37,INV,12
301950,P:2087,17/01/2025,16:29,INV,9
301954,P:2091,26/01/2025,18:12,INV,5
301960,P:2113,27/01/2025,17:54,INV,11
301961,P:2116,15/01/2025,12:58,INV,6
301962,P:2120,07/01/2025,10:13,INV,7
301964,P:2123,12/01/2025,11:04,INV,7
301965,P:2123,07/01/2025,14:52,INV,2
301968,P:2129,10/01/2025,08:49,INV,5
301970,P:2130,04/01/2025,10:33,INV,5
301972,P:2131,26/01/2025,10:25,INV,5
301974,P:2132,16/01/2025,14:43,INV,4
301975,P:2133,02/01/2025,08:56,INV,2
301976,P:2134,04/01/2025,08:21,INV,8
301979,P:2145,07/01/2025,12:21,INV,6
301980,P:2146,04/01/2025,11:22,INV,3
301986,P:2167,12/01/2025,15:42,INV,5
301987,P:2167,03/01/2025,08:31,INV,10
301988,P:2172,22/01/2025,10:29,INV,2
301989,P:2173,26/01/2025,16:05,INV,8
301990,P:2173,22/01/2025,13:37,INV,12
301991,P:2181,13/01/2025,13:09,INV,4
301992,P:2181,19/01/2025,14:36,INV,10
301996,P:2190,28/01/2025,14:33,INV,4
301997,P:2192,02/01/2025,12:17,INV,7
302001,P:2198,13/01/2025,15:07,INV,8
302002,P:2201,17/01/2025,11:47,INV,4
302003,P:2201,07/01/2025,13:07,INV,8
302004,P:2201,14/01/2025,08:36,INV,3
302006,P:2208,10/01/2025,10:25,INV,9
302007,P:2212,05/01/2025,09:47,INV,4
302008,P:2215,15/01/2025,12:28,INV,11
302009,P:2219,09/01/2025,08:28,INV,9
302010,P:2219,21/01/2025,08:20,INV,7
302012,P:2230,16/01/2025,10:54,INV,7
302013,P:2230,05/01/2025,14:40,INV,4
302015,P:2233,15/01/2025,14:47,INV,5
9302015,P:2233,15/01/2025,18:47,CR,2
302016,P:2233,17/01/2025,11:09,INV,8
302017,P:2233,27/01/2025,12:14,INV,4
302018,P:2234,01/01/2025,14:15,INV,8
302019,P:2234,02/01/2025,15:45,INV,5
302020,P:2234,20/01/2025,16:41,INV,9
302022,P:2244,17/01/2025,08:17,INV,12
302023,P:2247,20/01/2025,13:31,INV,10
302029,P:2266,11/01/2025,15:08,INV,6
302033,P:2279,27/01/2025,17:09,INV,3
302035,P:2291,23/01/2025,13:02,INV,8
302044,P:2326,20/01/2025,11:08,INV,7
302045,P:2336,07/01/2025,09:38,INV,4
302047,P:2340,12/01/2025,08:17,INV,9
302048,P:2356,05/01/2025,11:39,INV,12
302049,P:2365,22/01/2025,12:32,INV,10
302050,P:2365,21/01/2025,08:42,INV,11
302051,P:2368,12/01/2025,16:08,INV,5
302053,P:2370,22/01/2025,17:28,INV,10
9302053,P:2370,22/01/2025,18:28,CR,2
302054,P:2370,12/01/2025,11:54,INV,9
302055,P:2371,02/01/2025,12:34,INV,9
302058,P:2372,24/01/2025,14:53,INV,10
302059,P:2375,28/01/2025,12:52,INV,4
302061,P:2377,16/01/2025,16:32,INV,5
302062,P:2378,07/01/2025,16:16,INV,2
302065,P:2381,22/01/2025,08:58,INV,7
302067,P:2383,08/01/2025,12:16,INV,6
302074,P:2400,02/01/2025,16:18,INV,7
302080,P:2411,14/01/2025,11:38,INV,5
302081,P:2418,06/01/2025,15:44,INV,9
302082,P:2424,14/01/2025,19:34,INV,8
302083,P:2424,02/01/2025,12:55,INV,5
302084,P:2424,05/01/2025,14:05,INV,13
302085,P:2424,11/01/2025,12:05,INV,4
302088,P:2448,18/01/2025,09:25,INV,9
302089,P:2448,27/01/2025,10:19,INV,9
302093,P:2454,15/01/2025,11:54,INV,2
302094,P:2462,13/01/2025,15:59,INV,11
302095,P:2468,22/01/2025,11:12,INV,15
302096,P:2472,23/01/2025,12:46,INV,11
302097,P:2472,04/01/2025,08:55,INV,5
302098,P:2473,03/01/2025,12:35,INV,8
302100,P:2484,03/01/2025,14:01,INV,3
302103,P:2486,27/01/2025,10:59,INV,7
302105,P:2496,25/01/2025,12:04,INV,7
302108,P:2503,07/01/2025,11:10,INV,4
9302108,P:2503,07/01/2025,12:10,CR,2
302109,P:2518,23/01/2025,13:55,INV,12
302110,P:2518,07/01/2025,17:27,INV,8
302111,P:2531,15/01/2025,10:28,INV,4
302114,P:2539,20/01/2025,11:44,INV,4
302115,P:2539,20/01/2025,13:11,INV,6
302118,P:2544,28/01/2025,12:48,INV,6
302119,P:2544,09/01/2025,15:39,INV,11
302120,P:2546,28/01/2025,08:27,INV,5
302123,P:2555,15/01/2025,09:35,INV,5
302125,P:2557,22/01/2025,08:30,INV,11
302126,P:2560,15/01/2025,08:25,INV,5
302128,P:2563,13/01/2025,14:02,INV,8
302130,P:2570,19/01/2025,10:23,INV,4
302131,P:2572,20/01/2025,14:39,INV,4
302132,P:2574,10/01/2025,14:27,INV,5
302135,P:2577,16/01/2025,17:17,INV,5
302136,P:2577,03/01/2025,11:10,INV,3
302138,P:2582,08/01/2025,09:32,INV,3
302139,P:2583,16/01/2025,08:44,INV,10
302147,P:2604,27/01/2025,10:08,INV,8
302149,P:2611,14/01/2025,08:48,INV,4
302150,P:2611,09/01/2025,09:43,INV,7
302151,P:2611,28/01/2025,13:24,INV,5
302152,P:2615,19/01/2025,14:48,INV,4
302153,P:2619,06/01/2025,10:14,INV,11
302155,P:2623,26/01/2025,13:20,INV,3
302159,P:2634,17/01/2025,08:04,INV,7
302160,P:2636,05/01/2025,18:14,INV,2
302161,P:2648,08/01/2025,10:28,INV,8
302162,P:2648,17/01/2025,08:53,INV,6
302164,P:2648,25/01/2025,08:25,INV,6
302165,P:2652,26/01/2025,09:27,INV,12
302168,P:2672,01/01/2025,10:28,INV,4
302172,P:2675,06/01/2025,12:05,INV,10
302175,P:2683,07/01/2025,13:58,INV,7
302178,P:2686,02/01/2025,14:40,INV,13
302180,P:2691,15/01/2025,08:53,INV,7
302181,P:2701,09/01/2025,13:37,INV,5
302183,P:2705,24/01/2025,11:08,INV,9
302186,P:2710,04/01/2025,08:02,INV,10
302187,P:2710,11/01/2025,16:53,INV,9
302188,P:2712,06/01/2025,14:42,INV,11
302191,P:2720,10/01/2025,14:28,INV,6
9302191,P:2720,10/01/2025,18:28,CR,2
302192,P:2720,21/01/2025,16:09,INV,6
302197,P:2728,11/01/2025,13:56,INV,10
302199,P:2738,09/01/2025,10:08,INV,4
302201,P:2741,07/01/2025,11:25,INV,2
302202,P:2749,22/01/2025,14:48,INV,7
302205,P:2749,05/01/2025,11:50,INV,7
302208,P:2754,01/01/2025,14:28,INV,2
302209,P:2754,23/01/2025,15:49,INV,4
302210,P:2754,07/01/2025,08:52,INV,4
302211,P:2754,03/01/2025,13:17,INV,10
302214,P:2757,26/01/2025,15:12,INV,4
302215,P:2758,12/01/2025,16:13,INV,9
302216,P:2758,17/01/2025,16:45,INV,4
302217,P:2760,04/01/2025,11:55,INV,4
302218,P:2764,18/01/2025,16:15,INV,8
302219,P:2780,16/01/2025,13:16,INV,9
302220,P:2780,11/01/2025,13:55,INV,6
302222,P:2782,15/01/2025,10:11,INV,4
302223,P:2782,25/01/2025,09:11,INV,6
302225,P:2786,16/01/2025,08:32,INV,6
302227,P:2795,17/01/2025,10:19,INV,9
302229,P:2795,28/01/2025,11:42,INV,9
302230,P:2796,12/01/2025,09:09,INV,8
302231,P:2798,14/01/2025,10:00,INV,6
302232,P:2798,24/01/2025,16:42,INV,10
302233,P:2798,28/01/2025,08:01,INV,3
302235,P:1001,18/02/2025,17:58,INV,4
302239,P:1011,12/02/2025,11:26,INV,5
302240,P:1011,24/02/2025,13:32,INV,8
302243,P:1016,04/02/2025,09:52,INV,8
302246,P:1019,26/02/2025,13:02,INV,5
302247,P:1019,20/02/2025,19:12,INV,3
302248,P:1021,27/02/2025,12:50,INV,4
302250,P:1024,26/02/2025,09:18,INV,12
302252,P:1029,14/02/2025,11:02,INV,7
302254,P:1035,05/02/2025,09:58,INV,4
302255,P:1036,20/02/2025,09:57,INV,15
302256,P:1039,12/02/2025,15:00,INV,9
302259,P:1039,26/02/2025,10:51,INV,6
302260,P:1040,08/02/2025,09:06,INV,5
302261,P:1042,26/02/2025,11:32,INV,15
302262,P:1048,23/02/2025,08:57,INV,3
302264,P:1048,05/02/2025,09:59,INV,7
302265,P:1049,19/02/2025,11:46,INV,6
302266,P:1049,07/02/2025,14:56,INV,15
302267,P:1051,25/02/2025,11:06,INV,6
302269,P:1051,17/02/2025,08:13,INV,4
302270,P:1052,07/02/2025,08:20,INV,7
302271,P:1052,27/02/2025,08:00,INV,7
302273,P:1055,12/02/2025,13:02,INV,7
302275,P:1059,16/02/2025,12:29,INV,6
302276,P:1064,04/02/2025,15:53,INV,13
302277,P:1064,09/02/2025,15:26,INV,7
302278,P:1067,09/02/2025,13:12,INV,7
302279,P:1069,20/02/2025,10:46,INV,4
302280,P:1069,08/02/2025,09:08,INV,2
302282,P:1074,06/02/2025,14:32,INV,8
302284,P:1079,04/02/2025,11:03,INV,7
302286,P:1080,05/02/2025,09:48,INV,3
302287,P:1083,16/02/2025,13:44,INV,6
9302287,P:1083,16/02/2025,15:44,CR,2
302288,P:1084,26/02/2025,10:52,INV,4
302296,P:1102,08/02/2025,15:00,INV,15
302297,P:1102,03/02/2025,10:59,INV,7
302299,P:1102,07/02/2025,11:35,INV,12
302300,P:1105,12/02/2025,08:06,INV,9
302302,P:1106,15/02/2025,14:01,INV,4
302306,P:1117,06/02/2025,14:21,INV,10
302309,P:1118,20/02/2025,12:05,INV,2
302311,P:1128,26/02/2025,09:05,INV,7
302313,P:1132,15/02/2025,14:54,INV,4
302314,P:1132,06/02/2025,13:40,INV,6
302315,P:1133,15/02/2025,09:28,INV,3
302317,P:1137,02/02/2025,14:13,INV,5
302318,P:1141,18/02/2025,14:25,INV,14
302320,P:1143,16/02/2025,13:02,INV,4
302327,P:1159,24/02/2025,12:45,INV,9
302329,P:1159,27/02/2025,13:03,INV,5
302331,P:1164,26/02/2025,17:05,INV,11
302332,P:1164,27/02/2025,11:15,INV,6
302334,P:1166,14/02/2025,11:59,INV,6
302335,P:1166,19/02/2025,10:35,INV,8
302336,P:1169,01/02/2025,18:35,INV,6
302337,P:1169,11/02/2025,13:32,INV,4
302338,P:1183,08/02/2025,09:03,INV,9
302340,P:1183,13/02/2025,08:15,INV,7
302342,P:1191,09/02/2025,12:05,INV,11
302345,P:1193,11/02/2025,15:42,INV,5
302346,P:1204,06/02/2025,13:46,INV,7
302348,P:1204,10/02/2025,09:15,INV,10
302350,P:1204,01/02/2025,08:14,INV,6
302352,P:1208,19/02/2025,08:38,INV,8
302353,P:1209,03/02/2025,13:26,INV,5
302354,P:1211,03/02/2025,11:57,INV,6
302356,P:1213,12/02/2025,13:11,INV,4
302357,P:1216,02/02/2025,11:07,INV,4
302363,P:1233,24/02/2025,11:22,INV,6
302365,P:1238,01/02/2025,11:22,INV,6
302366,P:1243,25/02/2025,11:41,INV,10
302367,P:1243,27/02/2025,08:03,INV,10
302368,P:1243,24/02/2025,13:53,INV,14
302369,P:1248,01/02/2025,13:32,INV,7
302370,P:1249,19/02/2025,12:26,INV,8
302372,P:1250,08/02/2025,15:50,INV,5
302375,P:1254,02/02/2025,12:15,INV,4
302376,P:1259,27/02/2025,12:04,INV,12
302377,P:1259,18/02/2025,15:20,INV,12
302378,P:1262,17/02/2025,12:30,INV,9
9302378,P:1262,17/02/2025,16:30,CR,2
302382,P:1262,18/02/2025,13:33,INV,7
302384,P:1265,13/02/2025,15:22,INV,2
302385,P:1270,03/02/2025,11:02,INV,8
302390,P:1278,16/02/2025,11:37,INV,6
302391,P:1287,12/02/2025,16:33,INV,7
302392,P:1287,02/02/2025,13:32,INV,4
302394,P:1292,19/02/2025,13:33,INV,5
302396,P:1297,26/02/2025,12:01,INV,11
302397,P:1297,23/02/2025,17:39,INV,3
302399,P:1297,04/02/2025,09:00,INV,3
302404,P:1312,01/02/2025,11:14,INV,5
302406,P:1312,20/02/2025,14:49,INV,6
302411,P:1324,22/02/2025,10:00,INV,5
302415,P:1332,18/02/2025,14:36,INV,6
302416,P:1332,12/02/2025,10:42,INV,4
302417,P:1334,21/02/2025,10:46,INV,8
302418,P:1334,25/02/2025,12:38,INV,5
302421,P:1340,28/02/2025,14:49,INV,9
302424,P:1341,10/02/2025,08:35,INV,3
302427,P:1345,07/02/2025,11:31,INV,12
302429,P:1347,25/02/2025,11:57,INV,3
302430,P:1347,28/02/2025,08:32,INV,4
302432,P:1351,06/02/2025,17:33,INV,14
302433,P:1355,01/02/2025,14:42,INV,6
302440,P:1377,08/02/2025,11:15,INV,10
302442,P:1379,28/02/2025,08:14,INV,4
302447,P:1388,18/02/2025,17:25,INV,8
302449,P:1389,18/02/2025,13:51,INV,7
302452,P:1394,14/02/2025,12:02,INV,7
302453,P:1400,17/02/2025,14:54,INV,6
302454,P:1400,24/02/2025,12:42,INV,5
302455,P:1400,07/02/2025,14:02,INV,7
302456,P:1403,12/02/2025,18:20,INV,10
302464,P:1414,20/02/2025,15:05,INV,8
302466,P:1417,19/02/2025,11:16,INV,4
302467,P:1417,12/02/2025,11:26,INV,3
302468,P:1420,10/02/2025,12:41,INV,9
302472,P:1440,10/02/2025,20:42,INV,6
302475,P:1445,18/02/2025,15:58,INV,2
302477,P:1445,08/02/2025,12:57,INV,5
302478,P:1454,13/02/2025,10:26,INV,2
302481,P:1466,11/02/2025,13:34,INV,8
302482,P:1466,02/02/2025,12:22,INV,6
302483,P:1471,11/02/2025,11:52,INV,4
302485,P:1476,07/02/2025,08:41,INV,2
302488,P:1482,28/02/2025,15:21,INV,11
302489,P:1482,07/02/2025,08:07,INV,6
302493,P:1488,01/02/2025,09:06,INV,12
302494,P:1488,13/02/2025,12:23,INV,5
302497,P:1494,26/02/2025,08:01,INV,12
302498,P:1494,11/02/2025,16:26,INV,10
302499,P:1497,08/02/2025,09:11,INV,11
302502,P:1530,06/02/2025,12:25,INV,6
302503,P:1535,23/02/2025,13:44,INV,10
302505,P:1537,09/02/2025,15:39,INV,8
302509,P:1539,12/02/2025,09:11,INV,12
302512,P:1542,17/02/2025,12:22,INV,11
302515,P:1546,16/02/2025,13:01,INV,7
302517,P:1550,19/02/2025,14:03,INV,13
302519,P:1550,25/02/2025,08:47,INV,6
302520,P:1551,11/02/2025,11:11,INV,5
302521,P:1554,17/02/2025,08:59,INV,10
302524,P:1554,23/02/2025,13:43,INV,7
302525,P:1557,12/02/2025,13:44,INV,6
302527,P:1557,23/02/2025,08:38,INV,9
302531,P:1561,03/02/2025,09:33,INV,7
302532,P:1564,23/02/2025,14:36,INV,6
302533,P:1564,02/02/2025,09:09,INV,5
302535,P:1564,13/02/2025,14:39,INV,8
302536,P:1564,09/02/2025,15:57,INV,14
302537,P:1566,27/02/2025,10:04,INV,9
302538,P:1566,14/02/2025,12:37,INV,4
302540,P:1571,20/02/2025,14:54,INV,12
302541,P:1575,04/02/2025,11:42,INV,15
302543,P:1576,21/02/2025,11:43,INV,15
302547,P:1586,15/02/2025,09:02,INV,8
302550,P:1592,25/02/2025,14:53,INV,14
302551,P:1594,15/02/2025,12:21,INV,10
302554,P:1594,14/02/2025,08:31,INV,6
302556,P:1595,12/02/2025,17:34,INV,9
302558,P:1595,01/02/2025,13:46,INV,13
302561,P:1596,08/02/2025,14:13,INV,7
302562,P:1597,21/02/2025,08:35,INV,4
302563,P:1597,04/02/2025,12:49,INV,10
302566,P:1600,03/02/2025,11:29,INV,9
302567,P:1600,02/02/2025,13:53,INV,2
302568,P:1602,26/02/2025,11:57,INV,13
302569,P:1603,16/02/2025,13:36,INV,5
302570,P:1611,11/02/2025,13:38,INV,5
302573,P:1612,23/02/2025,10:12,INV,7
302574,P:1617,01/02/2025,15:32,INV,11
302575,P:1617,24/02/2025,11:50,INV,6
302576,P:1617,02/02/2025,10:37,INV,3
302577,P:1618,02/02/2025,14:24,INV,5
302578,P:1618,16/02/2025,12:13,INV,6
302579,P:1618,11/02/2025,14:01,INV,6
302580,P:1618,05/02/2025,12:45,INV,5
302581,P:1618,21/02/2025,13:11,INV,3
302584,P:1624,22/02/2025,16:41,INV,5
302585,P:1625,23/02/2025,12:11,INV,4
302588,P:1627,10/02/2025,14:26,INV,8
302589,P:1632,26/02/2025,13:52,INV,8
302591,P:1635,27/02/2025,09:42,INV,6
302593,P:1638,27/02/2025,15:05,INV,4
302598,P:1650,19/02/2025,11:45,INV,5
302599,P:1653,28/02/2025,08:21,INV,7
302600,P:1656,09/02/2025,15:04,INV,8
302602,P:1656,11/02/2025,14:11,INV,8
302604,P:1669,04/02/2025,09:09,INV,5
302606,P:1670,14/02/2025,13:24,INV,7
302607,P:1671,20/02/2025,12:10,INV,4
302608,P:1671,01/02/2025,10:07,INV,2
302610,P:1673,01/02/2025,16:31,INV,9
302612,P:1675,07/02/2025,17:46,INV,5
302614,P:1683,11/02/2025,14:26,INV,9
302617,P:1689,04/02/2025,12:14,INV,11
302618,P:1689,14/02/2025,11:57,INV,5
302623,P:1697,28/02/2025,11:00,INV,10
302625,P:1703,15/02/2025,15:02,INV,4
302626,P:1703,07/02/2025,17:34,INV,4
302627,P:1704,28/02/2025,09:40,INV,8
302628,P:1704,23/02/2025,14:58,INV,7
9302628,P:1704,23/02/2025,16:58,CR,2
302630,P:1704,28/02/2025,09:27,INV,8
302631,P:1705,08/02/2025,13:27,INV,2
302632,P:1705,03/02/2025,12:43,INV,7
302633,P:1708,03/02/2025,11:35,INV,7
302634,P:1708,15/02/2025,13:51,INV,2
302636,P:1709,10/02/2025,12:04,INV,12
302637,P:1710,08/02/2025,15:56,INV,3
302638,P:1714,14/02/2025,16:27,INV,5
302641,P:1714,08/02/2025,08:18,INV,9
302642,P:1718,23/02/2025,11:13,INV,7
302643,P:1718,15/02/2025,12:57,INV,2
302644,P:1718,03/02/2025,12:53,INV,5
302645,P:1718,11/02/2025,08:03,INV,4
302646,P:1718,17/02/2025,11:52,INV,2
302648,P:1718,18/02/2025,16:20,INV,13
302649,P:1721,14/02/2025,11:54,INV,8
302652,P:1722,05/02/2025,14:09,INV,7
302654,P:1722,24/02/2025,18:15,INV,13
302657,P:1728,15/02/2025,14:42,INV,4
302658,P:1732,28/02/2025,08:44,INV,12
302660,P:1733,23/02/2025,11:57,INV,5
302661,P:1733,10/02/2025,12:24,INV,9
302662,P:1738,14/02/2025,09:34,INV,3
302664,P:1740,05/02/2025,13:48,INV,15
302666,P:1748,22/02/2025,15:40,INV,7
302667,P:1750,28/02/2025,09:38,INV,7
302670,P:1760,25/02/2025,16:35,INV,9
302671,P:1760,18/02/2025,08:07,INV,4
302672,P:1760,04/02/2025,17:51,INV,7
302674,P:1774,11/02/2025,08:07,INV,9
302676,P:1780,28/02/2025,12:52,INV,7
302678,P:1782,12/02/2025,11:14,INV,8
302679,P:1789,14/02/2025,08:13,INV,10
302680,P:1789,12/02/2025,10:58,INV,5
302686,P:1794,11/02/2025,14:21,INV,3
302688,P:1795,22/02/2025,11:58,INV,5
302690,P:1797,23/02/2025,18:27,INV,5
302694,P:1801,05/02/2025,12:00,INV,4
302696,P:1805,24/02/2025,08:47,INV,4
302697,P:1806,07/02/2025,11:22,INV,4
9302697,P:1806,07/02/2025,15:22,CR,2
302699,P:1806,08/02/2025,14:17,INV,12
302702,P:1808,18/02/2025,13:30,INV,4
302704,P:1808,02/02/2025,10:28,INV,6
9302704,P:1808,02/02/2025,11:28,CR,2
302705,P:1810,22/02/2025,10:18,INV,5
302707,P:1814,18/02/2025,10:51,INV,9
302708,P:1822,28/02/2025,10:54,INV,11
302709,P:1826,23/02/2025,12:39,INV,2
302711,P:1826,01/02/2025,14:00,INV,6
302713,P:1831,26/02/2025,14:58,INV,4
302715,P:1838,03/02/2025,13:13,INV,11
302716,P:1842,17/02/2025,08:59,INV,9
302717,P:1842,09/02/2025,09:10,INV,5
302718,P:1847,19/02/2025,08:27,INV,15
302719,P:1848,05/02/2025,10:09,INV,6
302721,P:1855,18/02/2025,13:12,INV,6
302722,P:1856,22/02/2025,10:48,INV,6
302725,P:1860,24/02/2025,13:57,INV,6
302730,P:1876,23/02/2025,13:14,INV,10
302731,P:1876,11/02/2025,13:10,INV,6
302733,P:1879,16/02/2025,15:03,INV,6
302737,P:1893,24/02/2025,09:38,INV,9
302739,P:1901,28/02/2025,08:29,INV,4
302744,P:1911,07/02/2025,14:57,INV,11
9302744,P:1911,07/02/2025,19:57,CR,2
302746,P:1914,16/02/2025,18:52,INV,9
302747,P:1914,17/02/2025,14:02,INV,5
302753,P:1923,23/02/2025,09:31,INV,6
9302753,P:1923,23/02/2025,13:31,CR,2
302755,P:1925,16/02/2025,12:14,INV,6
302757,P:1935,28/02/2025,10:58,INV,7
302761,P:1942,18/02/2025,12:27,INV,10
302762,P:1942,14/02/2025,16:02,INV,8
302765,P:1943,23/02/2025,10:52,INV,11
302766,P:1944,08/02/2025,13:25,INV,9
302767,P:1944,24/02/2025,08:37,INV,14
302772,P:1953,26/02/2025,08:12,INV,13
302773,P:1954,22/02/2025,12:25,INV,5
302774,P:1957,28/02/2025,08:28,INV,7
302777,P:1958,22/02/2025,14:40,INV,7
302782,P:1976,08/02/2025,08:56,INV,8
302783,P:1976,28/02/2025,11:35,INV,8
302786,P:1984,15/02/2025,13:21,INV,7
302787,P:1984,04/02/2025,11:44,INV,2
302788,P:1986,08/02/2025,10:30,INV,15
302789,P:1986,22/02/2025,13:48,INV,10
302791,P:1986,16/02/2025,14:02,INV,12
302792,P:1991,06/02/2025,13:11,INV,5
302794,P:1991,07/02/2025,18:30,INV,10
302799,P:1996,17/02/2025,09:34,INV,6
302800,P:1996,13/02/2025,11:54,INV,11
302805,P:2007,26/02/2025,08:47,INV,5
302808,P:2010,23/02/2025,11:32,INV,8
302810,P:2010,24/02/2025,12:30,INV,8
302812,P:2011,27/02/2025,14:18,INV,15
302815,P:2016,23/02/2025,12:58,INV,3
302817,P:2025,04/02/2025,14:45,INV,13
302818,P:2025,25/02/2025,08:10,INV,3
302819,P:2027,02/02/2025,09:45,INV,4
302820,P:2031,27/02/2025,13:56,INV,5
302826,P:2040,22/02/2025,13:43,INV,6
302828,P:2045,17/02/2025,18:43,INV,6
302833,P:2061,28/02/2025,08:22,INV,10
302834,P:2061,04/02/2025,13:57,INV,7
302835,P:2063,14/02/2025,16:46,INV,10
302836,P:2063,26/02/2025,08:23,INV,10
302839,P:2076,07/02/2025,15:37,INV,9
9302839,P:2076,07/02/2025,17:37,CR,2
302843,P:2087,03/02/2025,13:44,INV,11
302844,P:2091,25/02/2025,11:12,INV,7
302846,P:2098,25/02/2025,08:39,INV,4
302848,P:2100,03/02/2025,13:03,INV,3
302849,P:2100,28/02/2025,16:38,INV,6
302850,P:2100,06/02/2025,13:44,INV,2
302851,P:2101,12/02/2025,13:42,INV,8
302853,P:2104,12/02/2025,11:38,INV,9
302854,P:2104,04/02/2025,13:39,INV,3
302856,P:2107,23/02/2025,15:46,INV,8
302858,P:2109,02/02/2025,10:04,INV,8
302860,P:2113,06/02/2025,16:27,INV,8
302861,P:2120,17/02/2025,09:55,INV,14
302863,P:2123,16/02/2025,14:31,INV,9
302864,P:2123,28/02/2025,11:40,INV,9
302865,P:2126,22/02/2025,12:09,INV,5
302866,P:2130,07/02/2025,10:41,INV,4
302869,P:2130,03/02/2025,11:08,INV,13
302872,P:2133,15/02/2025,18:56,INV,10
302873,P:2134,15/02/2025,18:47,INV,5
302874,P:2138,10/02/2025,08:07,INV,10
302878,P:2146,16/02/2025,08:41,INV,6
302880,P:2153,06/02/2025,14:58,INV,8
302883,P:2163,14/02/2025,14:14,INV,4
302884,P:2173,22/02/2025,11:12,INV,2
302885,P:2175,11/02/2025,08:07,INV,6
302886,P:2175,01/02/2025,13:53,INV,12
302889,P:2176,24/02/2025,13:19,INV,5
9302889,P:2176,24/02/2025,20:19,CR,2
302891,P:2181,02/02/2025,13:12,INV,6
302892,P:2181,06/02/2025,13:40,INV,7
302893,P:2186,08/02/2025,13:11,INV,6
302899,P:2201,06/02/2025,14:54,INV,7
302900,P:2201,24/02/2025,11:58,INV,5
302901,P:2206,21/02/2025,13:00,INV,3
302904,P:2208,19/02/2025,13:19,INV,7
302905,P:2208,24/02/2025,09:22,INV,5
302906,P:2215,28/02/2025,16:08,INV,13
302908,P:2221,05/02/2025,17:09,INV,5
302910,P:2230,17/02/2025,14:38,INV,7
302912,P:2231,21/02/2025,14:01,INV,10
302917,P:2234,22/02/2025,08:55,INV,10
302921,P:2237,10/02/2025,08:01,INV,5
302924,P:2240,19/02/2025,09:44,INV,7
302926,P:2244,14/02/2025,14:38,INV,7
302927,P:2244,07/02/2025,14:27,INV,5
302928,P:2245,22/02/2025,12:37,INV,13
302930,P:2247,28/02/2025,10:10,INV,5
302933,P:2247,21/02/2025,08:42,INV,9
302938,P:2255,07/02/2025,08:18,INV,6
302939,P:2258,06/02/2025,13:36,INV,4
302941,P:2258,04/02/2025,08:39,INV,7
302942,P:2259,23/02/2025,17:58,INV,2
302944,P:2264,22/02/2025,13:41,INV,6
302945,P:2265,09/02/2025,10:03,INV,6
302946,P:2265,08/02/2025,11:38,INV,11
302947,P:2266,21/02/2025,13:28,INV,6
302948,P:2271,20/02/2025,11:28,INV,6
302953,P:2291,19/02/2025,11:38,INV,10
302954,P:2291,27/02/2025,15:00,INV,5
302955,P:2292,25/02/2025,17:12,INV,11
302956,P:2292,16/02/2025,10:48,INV,4
302958,P:2293,16/02/2025,10:09,INV,4
302959,P:2295,22/02/2025,14:13,INV,7
302961,P:2297,26/02/2025,17:45,INV,4
302963,P:2300,20/02/2025,12:46,INV,8
302966,P:2301,14/02/2025,12:48,INV,10
302971,P:2306,01/02/2025,15:05,INV,6
302972,P:2306,01/02/2025,09:42,INV,5
302974,P:2324,05/02/2025,08:20,INV,7
302976,P:2327,08/02/2025,08:09,INV,14
9302976,P:2327,08/02/2025,15:09,CR,2
302977,P:2328,12/02/2025,10:49,INV,7
302978,P:2335,13/02/2025,15:13,INV,2
302979,P:2336,10/02/2025,12:57,INV,7
302980,P:2336,07/02/2025,15:23,INV,11
302981,P:2336,25/02/2025,11:35,INV,6
302982,P:2337,27/02/2025,13:08,INV,4
302985,P:2337,19/02/2025,12:54,INV,9
302988,P:2340,19/02/2025,13:16,INV,3
302989,P:2347,26/02/2025,12:57,INV,6
302992,P:2349,15/02/2025,11:15,INV,10
302994,P:2359,11/02/2025,15:41,INV,9
302995,P:2365,24/02/2025,10:16,INV,6
302997,P:2368,05/02/2025,10:27,INV,7
302998,P:2368,07/02/2025,08:22,INV,9
303000,P:2372,05/02/2025,12:26,INV,2
303003,P:2377,23/02/2025,12:21,INV,7
303004,P:2377,18/02/2025,13:56,INV,7
303007,P:2378,16/02/2025,14:58,INV,4
303008,P:2378,18/02/2025,08:54,INV,5
303012,P:2381,27/02/2025,17:30,INV,7
303013,P:2381,05/02/2025,11:30,INV,8
303014,P:2381,05/02/2025,14:30,INV,5
303016,P:2391,11/02/2025,10:40,INV,8
303017,P:2395,18/02/2025,16:27,INV,13
303019,P:2396,25/02/2025,10:45,INV,15
303021,P:2398,18/02/2025,16:38,INV,3
303024,P:2399,05/02/2025,08:58,INV,4
303026,P:2405,20/02/2025,09:30,INV,7
303027,P:2411,17/02/2025,11:56,INV,10
303028,P:2411,03/02/2025,09:34,INV,11
303029,P:2412,13/02/2025,11:35,INV,5
303031,P:2417,11/02/2025,10:37,INV,3
303032,P:2418,07/02/2025,17:49,INV,4
303033,P:2419,01/02/2025,09:29,INV,2
303035,P:2425,10/02/2025,11:29,INV,6
303036,P:2428,03/02/2025,17:19,INV,3
303037,P:2442,09/02/2025,12:49,INV,8
303039,P:2447,09/02/2025,15:47,INV,8
303040,P:2448,04/02/2025,08:08,INV,5
303042,P:2450,19/02/2025,16:22,INV,5
303043,P:2451,21/02/2025,13:19,INV,7
303046,P:2455,01/02/2025,12:23,INV,10
303047,P:2455,26/02/2025,10:26,INV,6
303052,P:2468,06/02/2025,13:32,INV,5
303054,P:2484,28/02/2025,12:36,INV,5
303056,P:2486,19/02/2025,12:36,INV,5
303058,P:2487,17/02/2025,14:21,INV,6
303059,P:2490,20/02/2025,11:26,INV,6
303060,P:2490,19/02/2025,10:54,INV,5
303063,P:2496,25/02/2025,14:21,INV,13
303065,P:2514,15/02/2025,12:10,INV,4
303066,P:2514,28/02/2025,08:28,INV,5
303067,P:2514,24/02/2025,17:04,INV,14
303068,P:2514,06/02/2025,12:32,INV,4
303069,P:2517,27/02/2025,13:23,INV,4
303070,P:2517,20/02/2025,17:14,INV,8
303071,P:2518,15/02/2025,14:06,INV,6
303073,P:2525,21/02/2025,11:34,INV,3
303074,P:2535,09/02/2025,12:24,INV,5
303075,P:2535,22/02/2025,13:09,INV,9
303076,P:2538,08/02/2025,08:05,INV,10
303078,P:2539,13/02/2025,10:07,INV,10
303079,P:2539,16/02/2025,14:26,INV,5
303080,P:2541,23/02/2025,15:47,INV,15
303081,P:2542,08/02/2025,11:52,INV,8
303082,P:2542,24/02/2025,15:01,INV,8
303083,P:2544,17/02/2025,11:45,INV,10
303084,P:2544,15/02/2025,11:48,INV,3
303085,P:2546,04/02/2025,12:40,INV,5
303086,P:2549,02/02/2025,15:27,INV,6
303089,P:2555,07/02/2025,13:31,INV,7
303092,P:2560,16/02/2025,10:14,INV,5
9303092,P:2560,16/02/2025,12:14,CR,2
303096,P:2563,28/02/2025,08:34,INV,3
303097,P:2563,24/02/2025,16:20,INV,2
303098,P:2563,26/02/2025,10:34,INV,8
9303098,P:2563,26/02/2025,11:34,CR,2
303101,P:2563,03/02/2025,15:19,INV,2
303104,P:2572,25/02/2025,10:03,INV,5
303106,P:2576,09/02/2025,08:12,INV,7
303107,P:2580,03/02/2025,11:13,INV,7
303108,P:2580,24/02/2025,20:00,INV,7
303109,P:2580,11/02/2025,12:07,INV,3
303110,P:2582,15/02/2025,14:08,INV,4
303111,P:2584,05/02/2025,08:28,INV,4
303120,P:2601,11/02/2025,15:11,INV,15
303121,P:2602,18/02/2025,15:44,INV,4
303125,P:2607,24/02/2025,10:35,INV,5
303129,P:2611,06/02/2025,18:37,INV,12
303131,P:2621,15/02/2025,09:38,INV,7
303134,P:2623,17/02/2025,08:52,INV,5
303135,P:2623,23/02/2025,14:36,INV,8
303136,P:2625,13/02/2025,08:46,INV,10
303139,P:2633,25/02/2025,14:32,INV,4
303140,P:2634,13/02/2025,11:59,INV,7
303142,P:2634,05/02/2025,12:17,INV,9
303143,P:2636,02/02/2025,11:18,INV,5
303144,P:2636,03/02/2025,12:10,INV,4
303145,P:2637,21/02/2025,18:54,INV,4
303146,P:2643,08/02/2025,10:52,INV,2
303148,P:2643,13/02/2025,10:40,INV,7
303151,P:2648,23/02/2025,15:42,INV,4
9303151,P:2648,23/02/2025,16:42,CR,2
303152,P:2649,17/02/2025,15:12,INV,10
303154,P:2652,11/02/2025,11:41,INV,10
303155,P:2655,02/02/2025,11:25,INV,7
303156,P:2662,24/02/2025,11:11,INV,7
303158,P:2668,07/02/2025,12:48,INV,11
303160,P:2669,17/02/2025,09:50,INV,11
303163,P:2670,06/02/2025,12:37,INV,10
303165,P:2671,04/02/2025,08:05,INV,2
303166,P:2673,09/02/2025,11:00,INV,5
303167,P:2673,25/02/2025,16:08,INV,4
303168,P:2673,16/02/2025,12:21,INV,5
303169,P:2673,02/02/2025,16:42,INV,10
303173,P:2684,07/02/2025,13:39,INV,5
303176,P:2695,24/02/2025,12:12,INV,8
303179,P:2697,21/02/2025,09:28,INV,3
303181,P:2702,11/02/2025,11:04,INV,11
303182,P:2703,05/02/2025,14:02,INV,2
303183,P:2705,16/02/2025,13:07,INV,4
303184,P:2705,15/02/2025,15:09,INV,3
303185,P:2705,06/02/2025,12:23,INV,6
303188,P:2707,12/02/2025,12:49,INV,8
303190,P:2712,13/02/2025,09:21,INV,4
303191,P:2715,13/02/2025,13:31,INV,10
303195,P:2716,03/02/2025,17:44,INV,4
303197,P:2721,01/02/2025,08:09,INV,4
303205,P:2730,20/02/2025,13:00,INV,4
303206,P:2735,12/02/2025,16:51,INV,5
303210,P:2739,24/02/2025,08:01,INV,6
303211,P:2739,11/02/2025,16:03,INV,5
303212,P:2739,12/02/2025,17:40,INV,5
303215,P:2749,10/02/2025,11:48,INV,6
303216,P:2750,07/02/2025,17:40,INV,13
303217,P:2750,05/02/2025,16:07,INV,9
303218,P:2753,15/02/2025,09:23,INV,9
303219,P:2753,16/02/2025,11:19,INV,8
303220,P:2753,04/02/2025,12:40,INV,6
303221,P:2754,06/02/2025,09:49,INV,8
303222,P:2754,24/02/2025,08:37,INV,3
303224,P:2754,05/02/2025,14:38,INV,7
303227,P:2760,13/02/2025,08:50,INV,3
303230,P:2783,08/02/2025,12:37,INV,2
303231,P:2786,02/02/2025,10:15,INV,7
303234,P:2790,22/02/2025,17:50,INV,2
303235,P:2790,12/02/2025,09:25,INV,2
303236,P:2792,02/02/2025,10:19,INV,2
303237,P:2792,14/02/2025,17:49,INV,7
303238,P:2795,27/02/2025,10:51,INV,6
303240,P:2795,06/02/2025,10:57,INV,7
303243,P:2795,05/02/2025,15:24,INV,6
303244,P:2796,18/02/2025,15:49,INV,5
303246,P:2796,01/02/2025,11:53,INV,12
303247,P:2798,18/02/2025,08:25,INV,2
303248,P:2798,10/02/2025,12:17,INV,8
303249,P:2798,22/02/2025,09:15,INV,4
303250,P:2798,28/02/2025,09:51,INV,14
303254,P:1006,21/03/2025,23:15,INV,6
303255,P:1009,14/03/2025,18:28,INV,7
303257,P:1011,12/03/2025,14:22,INV,3
303258,P:1013,07/03/2025,23:20,INV,6
303260,P:1018,07/03/2025,19:41,INV,8
303262,P:1021,15/03/2025,19:56,INV,8
303263,P:1025,01/03/2025,21:41,INV,4
303264,P:1026,20/03/2025,20:12,INV,9
303266,P:1039,27/03/2025,23:05,INV,7
303271,P:1048,21/03/2025,23:13,INV,7
303272,P:1049,16/03/2025,17:29,INV,8
303273,P:1049,15/03/2025,19:09,INV,5
303275,P:1051,24/03/2025,23:34,INV,5
303278,P:1064,27/03/2025,19:39,INV,3
303279,P:1064,26/03/2025,22:26,INV,3
303280,P:1067,13/03/2025,22:44,INV,6
303282,P:1071,16/03/2025,19:42,INV,4
303285,P:1074,16/03/2025,22:08,INV,7
303286,P:1076,01/03/2025,22:18,INV,15
303287,P:1076,18/03/2025,15:58,INV,9
303288,P:1076,17/03/2025,21:01,INV,9
303289,P:1076,15/03/2025,22:46,INV,7
303292,P:1079,14/03/2025,22:36,INV,10
303293,P:1080,03/03/2025,21:19,INV,8
303294,P:1083,02/03/2025,22:23,INV,7
303295,P:1083,13/03/2025,16:25,INV,6
303296,P:1083,03/03/2025,23:09,INV,7
303297,P:1086,27/03/2025,19:52,INV,12
303298,P:1087,05/03/2025,23:47,INV,10
303302,P:1091,15/03/2025,23:14,INV,15
303303,P:1093,04/03/2025,21:24,INV,7
303304,P:1100,13/03/2025,23:45,INV,7
303306,P:1106,15/03/2025,21:31,INV,7
303308,P:1106,09/03/2025,21:09,INV,6
303310,P:1116,15/03/2025,23:40,INV,3
303312,P:1116,21/03/2025,14:41,INV,13
9303312,P:1116,21/03/2025,20:41,CR,2
303313,P:1116,28/03/2025,21:03,INV,5
303314,P:1116,15/03/2025,23:47,INV,9
303319,P:1118,26/03/2025,22:16,INV,5
303320,P:1126,19/03/2025,23:34,INV,8
303321,P:1128,17/03/2025,19:15,INV,8
303322,P:1131,18/03/2025,20:27,INV,8
303323,P:1132,11/03/2025,15:53,INV,7
303324,P:1133,15/03/2025,19:49,INV,8
303325,P:1133,10/03/2025,19:40,INV,4
303329,P:1143,26/03/2025,23:59,INV,12
303332,P:1146,23/03/2025,16:58,INV,4
303335,P:1156,11/03/2025,22:50,INV,8
303337,P:1159,10/03/2025,21:59,INV,5
9303337,P:1159,10/03/2025,00:59,CR,2
303339,P:1169,06/03/2025,23:43,INV,11
303342,P:1173,14/03/2025,20:53,INV,5
303343,P:1173,21/03/2025,22:12,INV,8
303344,P:1180,05/03/2025,23:03,INV,10
303345,P:1183,17/03/2025,20:19,INV,11
303346,P:1183,17/03/2025,19:49,INV,10
303347,P:1187,07/03/2025,19:27,INV,7
303348,P:1187,19/03/2025,19:40,INV,6
303349,P:1191,16/03/2025,14:29,INV,8
303350,P:1191,14/03/2025,21:53,INV,9
303354,P:1193,23/03/2025,18:06,INV,7
303356,P:1193,23/03/2025,21:32,INV,4
303357,P:1196,11/03/2025,15:28,INV,15
9303357,P:1196,11/03/2025,20:28,CR,2
303364,P:1209,27/03/2025,21:31,INV,6
303365,P:1216,15/03/2025,17:31,INV,6
303367,P:1227,16/03/2025,23:33,INV,7
303368,P:1230,09/03/2025,11:42,INV,2
303369,P:1232,08/03/2025,14:01,INV,4
303370,P:1232,14/03/2025,21:40,INV,11
303371,P:1232,13/03/2025,18:42,INV,4
303373,P:1233,04/03/2025,18:35,INV,5
303374,P:1236,20/03/2025,12:17,INV,5
303375,P:1237,15/03/2025,22:14,INV,6
303377,P:1237,13/03/2025,23:43,INV,7
303378,P:1241,24/03/2025,21:38,INV,5
303382,P:1249,09/03/2025,20:56,INV,15
303385,P:1250,10/03/2025,17:09,INV,5
303386,P:1251,05/03/2025,19:33,INV,4
303387,P:1251,05/03/2025,23:40,INV,7
303388,P:1253,27/03/2025,14:51,INV,11
303391,P:1259,08/03/2025,23:43,INV,4
303392,P:1259,23/03/2025,13:31,INV,6
303393,P:1261,09/03/2025,16:02,INV,5
303395,P:1262,11/03/2025,19:24,INV,9
9303395,P:1262,11/03/2025,22:24,CR,2
303398,P:1266,20/03/2025,22:56,INV,7
303400,P:1267,07/03/2025,17:38,INV,7
303403,P:1270,14/03/2025,22:19,INV,5
303405,P:1287,15/03/2025,20:46,INV,13
303406,P:1289,13/03/2025,17:53,INV,9
303407,P:1289,17/03/2025,14:33,INV,4
303412,P:1296,13/03/2025,20:08,INV,6
303413,P:1296,08/03/2025,22:25,INV,6
303416,P:1297,13/03/2025,13:18,INV,7
303417,P:1300,28/03/2025,18:20,INV,12
303418,P:1304,28/03/2025,23:14,INV,10
303419,P:1312,12/03/2025,18:58,INV,15
303420,P:1313,16/03/2025,23:04,INV,10
303421,P:1314,19/03/2025,22:25,INV,14
303423,P:1323,07/03/2025,22:46,INV,4
303424,P:1328,10/03/2025,21:51,INV,4
303425,P:1329,17/03/2025,23:47,INV,5
303427,P:1330,15/03/2025,16:57,INV,8
303429,P:1336,28/03/2025,16:22,INV,8
303430,P:1336,08/03/2025,22:09,INV,4
303431,P:1339,22/03/2025,18:10,INV,4
303432,P:1344,11/03/2025,19:15,INV,6
303433,P:1344,27/03/2025,23:50,INV,7
303435,P:1344,13/03/2025,22:44,INV,3
303436,P:1344,05/03/2025,23:10,INV,10
303439,P:1347,01/03/2025,19:06,INV,7
303440,P:1347,26/03/2025,22:02,INV,5
303445,P:1357,20/03/2025,20:38,INV,7
303449,P:1363,27/03/2025,17:27,INV,5
303451,P:1370,04/03/2025,19:08,INV,6
303453,P:1375,21/03/2025,23:10,INV,8
303455,P:1378,25/03/2025,22:44,INV,6
303456,P:1381,16/03/2025,21:35,INV,9
303457,P:1382,26/03/2025,18:45,INV,5
303458,P:1382,20/03/2025,23:43,INV,7
303461,P:1389,08/03/2025,23:44,INV,6
303462,P:1389,26/03/2025,21:04,INV,4
303464,P:1393,06/03/2025,17:53,INV,5
303465,P:1393,01/03/2025,20:37,INV,4
303466,P:1393,04/03/2025,22:17,INV,6
303467,P:1394,21/03/2025,21:34,INV,7
303470,P:1399,05/03/2025,19:34,INV,8
303471,P:1400,23/03/2025,23:35,INV,5
303474,P:1403,07/03/2025,21:25,INV,11
303475,P:1403,16/03/2025,22:22,INV,11
303476,P:1403,17/03/2025,17:02,INV,5
303479,P:1405,23/03/2025,19:54,INV,4
303481,P:1406,02/03/2025,23:07,INV,7
303484,P:1407,10/03/2025,22:30,INV,6
303486,P:1410,21/03/2025,19:04,INV,2
303487,P:1411,06/03/2025,16:40,INV,6
303488,P:1413,21/03/2025,17:56,INV,2
303489,P:1413,19/03/2025,20:15,INV,5
303493,P:1418,07/03/2025,18:12,INV,11
303494,P:1418,19/03/2025,20:55,INV,6
9303494,P:1418,19/03/2025,01:55,CR,2
303495,P:1418,13/03/2025,18:05,INV,8
303496,P:1420,26/03/2025,18:18,INV,4
303498,P:1420,05/03/2025,23:52,INV,3
303499,P:1426,19/03/2025,20:30,INV,5
303502,P:1429,13/03/2025,18:46,INV,5
303504,P:1434,09/03/2025,23:45,INV,4
303505,P:1437,02/03/2025,22:52,INV,6
303508,P:1440,28/03/2025,22:22,INV,10
303509,P:1440,05/03/2025,23:28,INV,9
303510,P:1442,12/03/2025,20:48,INV,6
303513,P:1452,09/03/2025,18:24,INV,5
303515,P:1452,05/03/2025,21:57,INV,7
303518,P:1460,05/03/2025,23:56,INV,4
303521,P:1460,11/03/2025,23:06,INV,8
303522,P:1464,24/03/2025,19:12,INV,3
303525,P:1468,23/03/2025,14:07,INV,5
303527,P:1468,22/03/2025,23:11,INV,4
303529,P:1469,14/03/2025,18:20,INV,5
303530,P:1476,09/03/2025,21:44,INV,6
303535,P:1478,14/03/2025,21:24,INV,5
303537,P:1481,28/03/2025,18:22,INV,7
303538,P:1482,23/03/2025,20:19,INV,5
303539,P:1484,20/03/2025,20:52,INV,7
303543,P:1488,16/03/2025,18:28,INV,6
303545,P:1497,08/03/2025,21:42,INV,9
303547,P:1499,16/03/2025,23:55,INV,7
303551,P:1532,22/03/2025,18:27,INV,6
303554,P:1534,27/03/2025,19:41,INV,7
303556,P:1535,26/03/2025,19:33,INV,7
303557,P:1537,22/03/2025,23:54,INV,3
303562,P:1542,03/03/2025,23:05,INV,4
303564,P:1542,13/03/2025,17:37,INV,3
303566,P:1544,21/03/2025,23:29,INV,8
303568,P:1546,01/03/2025,20:12,INV,5
303569,P:1548,26/03/2025,19:13,INV,8
303570,P:1550,23/03/2025,18:51,INV,11
303572,P:1551,21/03/2025,22:27,INV,4
303573,P:1551,15/03/2025,17:41,INV,8
303574,P:1551,18/03/2025,19:08,INV,5
303575,P:1554,20/03/2025,23:34,INV,6
303577,P:1554,25/03/2025,17:31,INV,5
303582,P:1564,04/03/2025,23:11,INV,6
303583,P:1565,13/03/2025,13:05,INV,13
303586,P:1570,02/03/2025,18:52,INV,8
303587,P:1571,16/03/2025,22:12,INV,2
303588,P:1572,07/03/2025,16:59,INV,2
303589,P:1575,27/03/2025,21:41,INV,9
303591,P:1583,04/03/2025,21:27,INV,10
303595,P:1584,13/03/2025,20:30,INV,13
303596,P:1587,02/03/2025,23:05,INV,3
303597,P:1588,14/03/2025,23:59,INV,8
303600,P:1594,13/03/2025,18:32,INV,9
303602,P:1597,28/03/2025,18:29,INV,15
303604,P:1598,13/03/2025,18:44,INV,5
303605,P:1598,09/03/2025,17:16,INV,3
303606,P:1600,07/03/2025,20:21,INV,6
303607,P:1600,03/03/2025,23:02,INV,7
303613,P:1612,24/03/2025,22:27,INV,6
303614,P:1612,09/03/2025,23:40,INV,4
303616,P:1617,19/03/2025,21:57,INV,4
303617,P:1618,02/03/2025,23:27,INV,5
303618,P:1618,11/03/2025,22:13,INV,9
303619,P:1622,05/03/2025,19:53,INV,9
303620,P:1623,20/03/2025,18:09,INV,6
303621,P:1627,10/03/2025,23:16,INV,8
303622,P:1627,04/03/2025,19:43,INV,5
303623,P:1629,10/03/2025,22:22,INV,9
303625,P:1633,01/03/2025,23:50,INV,9
303627,P:1633,10/03/2025,18:49,INV,4
303628,P:1635,11/03/2025,19:56,INV,14
303631,P:1639,17/03/2025,21:10,INV,9
303632,P:1642,04/03/2025,22:16,INV,15
9303632,P:1642,04/03/2025,01:16,CR,2
303633,P:1647,09/03/2025,18:21,INV,6
303634,P:1648,06/03/2025,19:20,INV,8
303635,P:1648,10/03/2025,15:04,INV,6
303639,P:1653,01/03/2025,21:35,INV,5
303641,P:1656,14/03/2025,22:19,INV,6
303643,P:1656,17/03/2025,19:18,INV,5
303646,P:1669,16/03/2025,23:18,INV,3
303647,P:1669,09/03/2025,18:05,INV,8
303648,P:1669,24/03/2025,18:28,INV,4
303651,P:1671,25/03/2025,19:07,INV,11
303652,P:1673,26/03/2025,19:14,INV,6
303653,P:1674,08/03/2025,22:23,INV,3
303654,P:1675,19/03/2025,22:39,INV,5
303658,P:1696,20/03/2025,23:02,INV,4
303661,P:1697,08/03/2025,23:00,INV,6
303662,P:1701,08/03/2025,17:39,INV,6
303664,P:1701,21/03/2025,16:23,INV,6
303666,P:1703,27/03/2025,23:45,INV,6
303667,P:1705,24/03/2025,20:53,INV,3
303668,P:1705,18/03/2025,22:08,INV,5
303669,P:1705,19/03/2025,18:42,INV,6
303670,P:1706,02/03/2025,22:17,INV,6
303671,P:1706,16/03/2025,23:31,INV,9
303672,P:1706,11/03/2025,16:58,INV,6
303677,P:1710,18/03/2025,21:20,INV,9
303678,P:1714,23/03/2025,16:41,INV,5
303679,P:1717,05/03/2025,23:12,INV,4
303682,P:1718,15/03/2025,21:46,INV,4
303683,P:1718,22/03/2025,23:26,INV,8
303684,P:1720,03/03/2025,20:31,INV,2
303686,P:1721,01/03/2025,18:15,INV,5
303687,P:1722,14/03/2025,19:51,INV,4
303689,P:1722,26/03/2025,23:03,INV,7
303695,P:1738,01/03/2025,21:42,INV,10
303696,P:1748,07/03/2025,16:49,INV,9
303698,P:1750,25/03/2025,21:32,INV,7
303700,P:1750,21/03/2025,23:01,INV,11
303703,P:1760,24/03/2025,21:07,INV,9
303707,P:1777,26/03/2025,23:45,INV,3
303708,P:1777,11/03/2025,18:59,INV,8
303709,P:1780,05/03/2025,22:16,INV,11
303710,P:1780,18/03/2025,17:50,INV,3
303711,P:1780,04/03/2025,16:50,INV,6
303714,P:1790,28/03/2025,18:07,INV,10
303715,P:1790,09/03/2025,23:11,INV,5
303716,P:1795,01/03/2025,23:18,INV,5
303718,P:1795,23/03/2025,20:48,INV,3
303721,P:1801,03/03/2025,14:53,INV,6
303724,P:1803,12/03/2025,20:52,INV,6
303726,P:1805,05/03/2025,19:42,INV,4
303728,P:1807,05/03/2025,16:05,INV,6
303730,P:1810,11/03/2025,22:12,INV,15
303731,P:1812,21/03/2025,20:32,INV,2
303732,P:1818,09/03/2025,23:43,INV,11
303735,P:1822,26/03/2025,23:48,INV,12
303736,P:1823,09/03/2025,23:10,INV,5
303740,P:1831,22/03/2025,20:21,INV,7
303742,P:1839,04/03/2025,15:35,INV,5
303747,P:1842,25/03/2025,20:28,INV,4
303748,P:1843,04/03/2025,14:17,INV,4
303749,P:1845,12/03/2025,18:08,INV,6
303752,P:1848,19/03/2025,23:40,INV,10
303753,P:1853,11/03/2025,11:58,INV,10
303756,P:1872,22/03/2025,21:15,INV,7
303757,P:1874,01/03/2025,23:26,INV,4
9303757,P:1874,01/03/2025,05:26,CR,2
303760,P:1891,23/03/2025,23:40,INV,9
303761,P:1892,26/03/2025,19:54,INV,5
303764,P:1904,10/03/2025,21:33,INV,10
303766,P:1906,24/03/2025,19:57,INV,4
303767,P:1906,02/03/2025,21:26,INV,15
303768,P:1906,10/03/2025,17:55,INV,10
303769,P:1907,25/03/2025,22:31,INV,8
303770,P:1907,26/03/2025,23:44,INV,6
303771,P:1912,13/03/2025,20:27,INV,4
303774,P:1912,14/03/2025,20:40,INV,3
303776,P:1916,08/03/2025,23:48,INV,11
303777,P:1919,28/03/2025,20:00,INV,7
303778,P:1925,06/03/2025,20:53,INV,7
303779,P:1926,25/03/2025,19:28,INV,4
303780,P:1927,28/03/2025,16:59,INV,12
303782,P:1935,25/03/2025,22:34,INV,6
303783,P:1935,03/03/2025,22:49,INV,14
303784,P:1935,14/03/2025,13:54,INV,8
303785,P:1938,10/03/2025,17:19,INV,4
303790,P:1942,28/03/2025,22:01,INV,5
303791,P:1942,01/03/2025,20:58,INV,6
303794,P:1942,09/03/2025,23:35,INV,4
303796,P:1952,09/03/2025,21:32,INV,8
303809,P:1976,23/03/2025,23:09,INV,10
303813,P:1985,07/03/2025,20:59,INV,15
303814,P:1985,04/03/2025,23:26,INV,8
303815,P:1986,12/03/2025,20:00,INV,6
303817,P:1986,18/03/2025,22:09,INV,4
303818,P:1987,16/03/2025,20:59,INV,9
303820,P:1990,23/03/2025,18:42,INV,4
303826,P:1997,02/03/2025,21:14,INV,6
303827,P:2001,10/03/2025,23:38,INV,10
303828,P:2004,14/03/2025,21:57,INV,2
303829,P:2014,06/03/2025,16:09,INV,15
303834,P:2025,02/03/2025,20:48,INV,5
303835,P:2027,24/03/2025,23:11,INV,7
303836,P:2027,07/03/2025,14:12,INV,12
303837,P:2034,18/03/2025,19:09,INV,5
303838,P:2034,15/03/2025,23:22,INV,7
303839,P:2038,18/03/2025,18:59,INV,8
303843,P:2042,08/03/2025,15:33,INV,7
303846,P:2047,11/03/2025,19:10,INV,4
303849,P:2065,15/03/2025,17:46,INV,8
303850,P:2072,01/03/2025,18:56,INV,4
303851,P:2074,16/03/2025,18:19,INV,4
303852,P:2078,19/03/2025,20:15,INV,15
303853,P:2078,23/03/2025,23:29,INV,2
303857,P:2087,24/03/2025,16:33,INV,4
303860,P:2091,20/03/2025,22:51,INV,3
303862,P:2098,10/03/2025,19:51,INV,9
303863,P:2098,24/03/2025,20:35,INV,12
303864,P:2103,18/03/2025,20:48,INV,6
303865,P:2103,14/03/2025,18:28,INV,7
303866,P:2103,08/03/2025,22:23,INV,4
303867,P:2104,11/03/2025,22:24,INV,6
303871,P:2109,17/03/2025,20:47,INV,6
303875,P:2113,24/03/2025,21:44,INV,5
303877,P:2123,17/03/2025,18:58,INV,5
303878,P:2126,14/03/2025,16:15,INV,9
303880,P:2132,06/03/2025,19:49,INV,3
303881,P:2132,21/03/2025,23:59,INV,5
303882,P:2134,25/03/2025,16:24,INV,4
303887,P:2157,18/03/2025,19:46,INV,5
303888,P:2161,13/03/2025,23:45,INV,11
303889,P:2162,06/03/2025,19:43,INV,10
303890,P:2162,11/03/2025,21:59,INV,8
303893,P:2164,01/03/2025,20:26,INV,4
303894,P:2164,04/03/2025,23:23,INV,2
303895,P:2176,20/03/2025,23:18,INV,12
303896,P:2177,03/03/2025,23:40,INV,9
303899,P:2194,18/03/2025,23:51,INV,11
303901,P:2195,22/03/2025,17:13,INV,7
303903,P:2196,24/03/2025,22:31,INV,15
303904,P:2196,15/03/2025,16:04,INV,2
303905,P:2196,25/03/2025,23:46,INV,8
303907,P:2196,17/03/2025,19:30,INV,10
303912,P:2207,19/03/2025,22:05,INV,4
303913,P:2219,13/03/2025,22:32,INV,6
303916,P:2230,23/03/2025,19:15,INV,9
303917,P:2234,12/03/2025,18:45,INV,8
303918,P:2234,14/03/2025,18:46,INV,9
303925,P:2250,03/03/2025,23:37,INV,9
303929,P:2255,12/03/2025,18:00,INV,9
303931,P:2264,22/03/2025,22:13,INV,7
303933,P:2266,16/03/2025,23:34,INV,8
303937,P:2281,21/03/2025,21:43,INV,4
303939,P:2293,17/03/2025,21:29,INV,8
303941,P:2295,16/03/2025,20:45,INV,2
303946,P:2301,27/03/2025,18:10,INV,11
303947,P:2302,18/03/2025,16:14,INV,6
303948,P:2303,27/03/2025,20:29,INV,5
303950,P:2303,07/03/2025,21:13,INV,5
303952,P:2324,21/03/2025,21:52,INV,8
303954,P:2326,20/03/2025,21:40,INV,12
303955,P:2326,23/03/2025,19:56,INV,10
303958,P:2330,04/03/2025,18:37,INV,4
303960,P:2330,01/03/2025,20:00,INV,4
9303960,P:2330,01/03/2025,23:00,CR,2
303961,P:2335,05/03/2025,16:28,INV,7
303968,P:2356,17/03/2025,19:02,INV,2
303970,P:2359,10/03/2025,22:05,INV,3
303971,P:2361,18/03/2025,21:43,INV,12
303972,P:2361,21/03/2025,23:26,INV,8
303973,P:2365,15/03/2025,16:14,INV,14
303974,P:2372,24/03/2025,23:04,INV,4
303979,P:2378,15/03/2025,19:51,INV,5
303980,P:2380,02/03/2025,21:55,INV,9
303983,P:2383,14/03/2025,19:26,INV,8
303984,P:2383,21/03/2025,16:55,INV,9
303985,P:2385,24/03/2025,19:27,INV,5
303986,P:2386,01/03/2025,20:47,INV,5
303988,P:2388,20/03/2025,20:19,INV,8
303990,P:2391,16/03/2025,15:00,INV,7
303993,P:2392,02/03/2025,20:24,INV,5
303995,P:2396,24/03/2025,23:29,INV,3
303999,P:2399,26/03/2025,19:37,INV,11
304000,P:2399,10/03/2025,22:05,INV,9
304001,P:2399,02/03/2025,23:12,INV,13
304002,P:2399,22/03/2025,23:32,INV,5
304003,P:2400,11/03/2025,22:45,INV,9
304005,P:2404,18/03/2025,20:01,INV,8
304006,P:2405,16/03/2025,23:40,INV,8
304009,P:2411,14/03/2025,19:49,INV,4
304012,P:2416,09/03/2025,19:26,INV,3
304013,P:2418,02/03/2025,22:13,INV,5
304014,P:2418,05/03/2025,19:14,INV,8
304016,P:2425,19/03/2025,21:03,INV,8
304018,P:2428,17/03/2025,22:30,INV,2
304020,P:2432,16/03/2025,16:00,INV,10
304023,P:2443,18/03/2025,23:48,INV,8
304024,P:2448,07/03/2025,19:14,INV,7
304025,P:2449,20/03/2025,21:08,INV,6
304026,P:2451,27/03/2025,20:19,INV,3
304027,P:2462,20/03/2025,22:39,INV,13
304029,P:2462,26/03/2025,20:43,INV,2
304031,P:2465,26/03/2025,20:09,INV,9
304032,P:2465,16/03/2025,21:52,INV,4
304036,P:2471,28/03/2025,23:41,INV,5
304043,P:2481,17/03/2025,12:57,INV,4
304044,P:2484,27/03/2025,19:49,INV,3
304045,P:2484,22/03/2025,19:24,INV,4
304046,P:2484,08/03/2025,22:58,INV,9
304048,P:2485,24/03/2025,18:59,INV,3
304050,P:2486,27/03/2025,20:36,INV,6
304052,P:2488,09/03/2025,20:37,INV,4
304053,P:2490,15/03/2025,21:31,INV,8
304054,P:2490,06/03/2025,14:23,INV,10
304056,P:2512,28/03/2025,20:06,INV,5
304062,P:2527,03/03/2025,17:44,INV,8
304063,P:2531,27/03/2025,17:09,INV,11
304064,P:2537,25/03/2025,19:16,INV,9
304065,P:2537,04/03/2025,23:50,INV,8
304070,P:2544,16/03/2025,23:26,INV,4
304071,P:2555,21/03/2025,18:37,INV,9
304073,P:2560,12/03/2025,22:13,INV,7
304076,P:2563,18/03/2025,14:58,INV,6
304077,P:2563,21/03/2025,18:45,INV,7
304080,P:2576,28/03/2025,15:38,INV,9
304081,P:2576,09/03/2025,20:21,INV,9
304082,P:2577,12/03/2025,19:11,INV,5
304084,P:2589,24/03/2025,20:57,INV,3
304085,P:2591,12/03/2025,21:47,INV,4
304086,P:2591,02/03/2025,19:40,INV,6
304091,P:2604,03/03/2025,16:38,INV,3
304095,P:2611,02/03/2025,18:01,INV,4
304096,P:2611,20/03/2025,20:57,INV,11
304097,P:2615,14/03/2025,19:26,INV,7
304098,P:2619,20/03/2025,21:28,INV,2
304099,P:2621,04/03/2025,18:55,INV,8
304104,P:2636,23/03/2025,16:09,INV,11
304107,P:2639,14/03/2025,23:14,INV,7
304112,P:2645,05/03/2025,17:54,INV,5
304113,P:2645,10/03/2025,19:49,INV,12
304118,P:2650,07/03/2025,18:04,INV,10
304119,P:2651,16/03/2025,15:48,INV,5
9304119,P:2651,16/03/2025,18:48,CR,2
304120,P:2652,21/03/2025,18:52,INV,5
304121,P:2655,07/03/2025,23:16,INV,5
304122,P:2657,11/03/2025,21:29,INV,9
304123,P:2662,11/03/2025,23:53,INV,10
304125,P:2668,26/03/2025,21:51,INV,8
304126,P:2669,06/03/2025,16:08,INV,7
304127,P:2669,24/03/2025,20:18,INV,3
304129,P:2670,26/03/2025,18:53,INV,8
304131,P:2673,08/03/2025,21:30,INV,3
304132,P:2673,27/03/2025,23:23,INV,6
304134,P:2674,25/03/2025,17:00,INV,15
304135,P:2675,03/03/2025,21:58,INV,5
304136,P:2675,02/03/2025,19:36,INV,4
304137,P:2675,06/03/2025,19:19,INV,5
304138,P:2681,25/03/2025,20:35,INV,6
304143,P:2691,26/03/2025,23:01,INV,6
304144,P:2693,10/03/2025,19:52,INV,4
304147,P:2697,17/03/2025,17:50,INV,7
304149,P:2703,02/03/2025,15:58,INV,6
304152,P:2705,15/03/2025,21:36,INV,7
304153,P:2705,26/03/2025,19:34,INV,5
304154,P:2710,21/03/2025,19:05,INV,2
304155,P:2712,02/03/2025,23:50,INV,12
304156,P:2712,19/03/2025,16:59,INV,5
304157,P:2713,22/03/2025,19:40,INV,4
304159,P:2718,10/03/2025,20:14,INV,8
304160,P:2718,12/03/2025,23:01,INV,15
304162,P:2720,23/03/2025,22:48,INV,9
304163,P:2720,12/03/2025,21:56,INV,7
304164,P:2723,15/03/2025,23:37,INV,3
304166,P:2726,24/03/2025,22:34,INV,7
304168,P:2726,01/03/2025,20:35,INV,6
304169,P:2729,17/03/2025,23:02,INV,7
304170,P:2730,26/03/2025,18:42,INV,6
304171,P:2730,22/03/2025,20:17,INV,5
304173,P:2735,23/03/2025,23:17,INV,7
304175,P:2743,17/03/2025,17:33,INV,7
304176,P:2744,09/03/2025,20:05,INV,13
304180,P:2750,17/03/2025,23:21,INV,9
304182,P:2752,07/03/2025,20:57,INV,14
304183,P:2752,25/03/2025,21:37,INV,9
304185,P:2752,23/03/2025,21:59,INV,9
304191,P:2765,24/03/2025,22:25,INV,5
304192,P:2765,23/03/2025,20:35,INV,3
304198,P:2780,05/03/2025,19:05,INV,13
304200,P:2780,28/03/2025,23:47,INV,8
304201,P:2786,28/03/2025,16:05,INV,4
304203,P:2790,01/03/2025,22:06,INV,3
304208,P:2798,08/03/2025,21:13,INV,6
304213,P:1011,11/04/2025,12:54,INV,5
304216,P:1015,03/04/2025,09:42,INV,5
304217,P:1016,18/04/2025,08:34,INV,3
304218,P:1017,15/04/2025,10:28,INV,9
304221,P:1019,27/04/2025,08:43,INV,7
304223,P:1021,28/04/2025,14:39,INV,6
304226,P:1024,06/04/2025,09:36,INV,4
304227,P:1025,17/04/2025,12:48,INV,7
304230,P:1028,13/04/2025,14:16,INV,13
304231,P:1028,10/04/2025,19:45,INV,9
9304231,P:1028,10/04/2025,23:45,CR,2
304233,P:1040,10/04/2025,08:22,INV,6
304234,P:1049,14/04/2025,10:35,INV,8
304235,P:1051,10/04/2025,18:12,INV,7
304236,P:1052,18/04/2025,14:59,INV,7
304238,P:1056,05/04/2025,14:21,INV,9
304245,P:1064,02/04/2025,09:18,INV,11
304247,P:1065,15/04/2025,08:24,INV,4
304249,P:1066,17/04/2025,13:24,INV,9
304251,P:1069,07/04/2025,09:55,INV,5
304254,P:1074,16/04/2025,14:08,INV,6
304255,P:1076,06/04/2025,15:55,INV,10
304256,P:1077,28/04/2025,12:47,INV,9
304258,P:1080,07/04/2025,09:02,INV,11
304260,P:1083,22/04/2025,09:32,INV,3
304267,P:1100,06/04/2025,12:10,INV,10
304268,P:1102,17/04/2025,11:43,INV,11
304269,P:1106,09/04/2025,14:08,INV,12
304271,P:1111,10/04/2025,13:42,INV,15
304272,P:1112,09/04/2025,12:32,INV,6
304273,P:1115,02/04/2025,11:51,INV,8
304274,P:1115,18/04/2025,13:06,INV,10
304278,P:1118,13/04/2025,16:56,INV,13
304280,P:1120,08/04/2025,11:46,INV,3
304282,P:1126,13/04/2025,16:32,INV,14
304283,P:1128,23/04/2025,10:39,INV,3
304285,P:1137,17/04/2025,13:20,INV,8
304289,P:1143,02/04/2025,17:56,INV,8
304291,P:1145,09/04/2025,08:31,INV,7
304293,P:1152,06/04/2025,17:19,INV,6
304294,P:1153,16/04/2025,12:58,INV,12
304295,P:1154,02/04/2025,12:49,INV,7
304297,P:1155,21/04/2025,13:34,INV,3
304299,P:1155,09/04/2025,19:34,INV,6
304300,P:1156,07/04/2025,09:58,INV,12
304304,P:1162,02/04/2025,12:06,INV,9
304309,P:1167,07/04/2025,09:37,INV,6
304312,P:1181,03/04/2025,12:38,INV,6
304314,P:1189,14/04/2025,12:18,INV,8
304316,P:1192,03/04/2025,08:17,INV,4
304317,P:1193,27/04/2025,12:34,INV,4
304318,P:1199,09/04/2025,09:24,INV,11
304322,P:1211,12/04/2025,10:28,INV,2
304323,P:1212,28/04/2025,13:48,INV,4
304327,P:1216,11/04/2025,12:47,INV,3
304328,P:1216,03/04/2025,11:44,INV,5
304331,P:1232,04/04/2025,09:03,INV,10
304333,P:1237,05/04/2025,14:29,INV,4
304336,P:1241,12/04/2025,15:19,INV,4
304338,P:1243,08/04/2025,09:14,INV,5
304339,P:1244,05/04/2025,15:33,INV,7
304340,P:1244,17/04/2025,09:04,INV,12
304341,P:1245,27/04/2025,13:00,INV,14
304344,P:1245,26/04/2025,08:43,INV,3
304347,P:1248,01/04/2025,12:04,INV,4
304351,P:1252,21/04/2025,08:59,INV,9
304352,P:1252,10/04/2025,08:06,INV,5
304353,P:1253,21/04/2025,11:50,INV,6
304355,P:1254,20/04/2025,21:46,INV,4
304357,P:1261,28/04/2025,11:43,INV,2
304358,P:1261,05/04/2025,11:53,INV,4
304360,P:1262,22/04/2025,17:21,INV,6
304361,P:1265,02/04/2025,16:30,INV,4
304362,P:1266,06/04/2025,08:02,INV,3
304363,P:1267,19/04/2025,13:22,INV,7
304366,P:1270,18/04/2025,15:55,INV,10
304367,P:1270,09/04/2025,11:19,INV,8
304369,P:1272,16/04/2025,15:17,INV,12
304371,P:1274,23/04/2025,15:34,INV,9
304374,P:1287,15/04/2025,18:03,INV,15
304375,P:1289,13/04/2025,13:40,INV,4
304380,P:1292,01/04/2025,11:09,INV,5
304382,P:1296,23/04/2025,13:34,INV,4
304384,P:1297,19/04/2025,11:02,INV,11
304385,P:1297,26/04/2025,11:56,INV,9
304386,P:1297,24/04/2025,16:19,INV,10
304387,P:1300,08/04/2025,13:28,INV,12
304388,P:1300,11/04/2025,15:09,INV,5
304390,P:1302,02/04/2025,12:21,INV,7
304391,P:1302,12/04/2025,15:34,INV,3
304392,P:1302,16/04/2025,10:18,INV,3
9304392,P:1302,16/04/2025,16:18,CR,2
304393,P:1304,03/04/2025,10:55,INV,7
304394,P:1304,18/04/2025,08:45,INV,6
304396,P:1305,05/04/2025,10:04,INV,7
304397,P:1305,05/04/2025,13:51,INV,4
304398,P:1305,12/04/2025,09:37,INV,7
304399,P:1307,13/04/2025,09:44,INV,12
304400,P:1313,17/04/2025,11:43,INV,3
304401,P:1314,24/04/2025,10:07,INV,2
304405,P:1321,05/04/2025,09:08,INV,6
304408,P:1328,22/04/2025,10:15,INV,11
304410,P:1328,03/04/2025,12:38,INV,9
304411,P:1329,22/04/2025,12:19,INV,6
304413,P:1329,02/04/2025,09:02,INV,5
9304413,P:1329,02/04/2025,15:02,CR,2
304418,P:1335,01/04/2025,08:53,INV,4
9304418,P:1335,01/04/2025,13:53,CR,2
304427,P:1347,27/04/2025,13:20,INV,7
304430,P:1350,13/04/2025,14:46,INV,4
304431,P:1350,14/04/2025,16:48,INV,6
304433,P:1355,14/04/2025,13:09,INV,4
304434,P:1357,28/04/2025,08:17,INV,10
304437,P:1363,05/04/2025,08:17,INV,6
304438,P:1370,22/04/2025,16:17,INV,4
304441,P:1373,20/04/2025,14:49,INV,8
304442,P:1373,03/04/2025,10:28,INV,5
304444,P:1376,25/04/2025,12:14,INV,12
304445,P:1376,27/04/2025,10:18,INV,6
304446,P:1376,18/04/2025,16:28,INV,6
304447,P:1379,20/04/2025,12:46,INV,6
304449,P:1382,25/04/2025,10:05,INV,4
304451,P:1387,15/04/2025,14:06,INV,5
304452,P:1387,24/04/2025,11:33,INV,9
304453,P:1387,23/04/2025,11:57,INV,9
304454,P:1388,25/04/2025,11:57,INV,6
304456,P:1392,22/04/2025,13:46,INV,9
304460,P:1394,09/04/2025,12:51,INV,7
304461,P:1394,16/04/2025,11:11,INV,8
304463,P:1400,14/04/2025,13:30,INV,3
304464,P:1402,27/04/2025,12:25,INV,5
304465,P:1403,14/04/2025,13:10,INV,3
304467,P:1403,19/04/2025,08:52,INV,5
304468,P:1403,07/04/2025,14:12,INV,7
304469,P:1405,16/04/2025,12:10,INV,11
304471,P:1406,16/04/2025,12:38,INV,4
304474,P:1406,27/04/2025,09:42,INV,9
304475,P:1406,04/04/2025,15:00,INV,7
304478,P:1408,04/04/2025,13:15,INV,7
304480,P:1411,20/04/2025,11:26,INV,7
304481,P:1414,18/04/2025,12:00,INV,7
304482,P:1415,02/04/2025,09:48,INV,4
304483,P:1418,26/04/2025,11:19,INV,6
304484,P:1420,26/04/2025,08:52,INV,4
304485,P:1420,08/04/2025,16:45,INV,4
304487,P:1420,10/04/2025,14:56,INV,3
304492,P:1434,21/04/2025,11:39,INV,9
304493,P:1434,20/04/2025,13:57,INV,7
304495,P:1443,23/04/2025,12:26,INV,7
304496,P:1443,23/04/2025,08:01,INV,10
304497,P:1443,22/04/2025,08:55,INV,6
304498,P:1444,26/04/2025,09:23,INV,2
304499,P:1445,15/04/2025,15:47,INV,5
304502,P:1457,09/04/2025,15:35,INV,6
304504,P:1461,20/04/2025,15:02,INV,5
304505,P:1462,23/04/2025,13:34,INV,10
304507,P:1464,22/04/2025,08:07,INV,9
304509,P:1467,06/04/2025,11:54,INV,5
304510,P:1467,18/04/2025,15:40,INV,7
304513,P:1469,22/04/2025,12:53,INV,10
304514,P:1471,08/04/2025,10:51,INV,9
304516,P:1475,15/04/2025,12:41,INV,4
304518,P:1477,13/04/2025,13:23,INV,11
304519,P:1478,20/04/2025,08:00,INV,2
304520,P:1478,08/04/2025,15:56,INV,8
304522,P:1482,28/04/2025,12:03,INV,4
304523,P:1485,25/04/2025,08:32,INV,12
304524,P:1488,12/04/2025,11:22,INV,6
304525,P:1489,24/04/2025,16:40,INV,4
304528,P:1495,15/04/2025,11:15,INV,4
304529,P:1496,05/04/2025,12:51,INV,10
304530,P:1498,11/04/2025,10:53,INV,9
304533,P:1521,19/04/2025,12:16,INV,9
304538,P:1535,18/04/2025,11:17,INV,12
304539,P:1537,27/04/2025,15:05,INV,5
304540,P:1537,03/04/2025,15:48,INV,9
304542,P:1539,15/04/2025,12:08,INV,4
304545,P:1548,03/04/2025,16:28,INV,2
304546,P:1548,13/04/2025,13:11,INV,6
304547,P:1548,08/04/2025,14:43,INV,5
304549,P:1551,04/04/2025,14:04,INV,2
304551,P:1557,06/04/2025,13:20,INV,9
304552,P:1557,01/04/2025,11:37,INV,12
304553,P:1563,02/04/2025,12:24,INV,11
304555,P:1563,25/04/2025,09:55,INV,10
304556,P:1564,16/04/2025,11:15,INV,7
304557,P:1568,16/04/2025,10:23,INV,5
304558,P:1569,02/04/2025,13:21,INV,7
304559,P:1569,17/04/2025,08:19,INV,6
304561,P:1569,15/04/2025,11:40,INV,6
304562,P:1572,07/04/2025,10:25,INV,7
304563,P:1573,09/04/2025,14:27,INV,7
304564,P:1574,27/04/2025,15:18,INV,9
304565,P:1574,16/04/2025,13:31,INV,9
304568,P:1576,16/04/2025,13:45,INV,6
304570,P:1576,05/04/2025,18:10,INV,5
304571,P:1576,24/04/2025,10:16,INV,3
304572,P:1577,13/04/2025,12:18,INV,4
304574,P:1584,21/04/2025,11:42,INV,5
304577,P:1588,23/04/2025,15:31,INV,13
304578,P:1589,16/04/2025,14:35,INV,6
304579,P:1592,27/04/2025,12:50,INV,7
304582,P:1594,07/04/2025,15:02,INV,8
304588,P:1597,03/04/2025,11:00,INV,8
304589,P:1597,20/04/2025,11:10,INV,5
304591,P:1600,16/04/2025,13:51,INV,3
304593,P:1602,25/04/2025,14:39,INV,8
304594,P:1602,27/04/2025,10:34,INV,5
304597,P:1605,10/04/2025,16:22,INV,9
304600,P:1607,01/04/2025,11:28,INV,13
304608,P:1618,17/04/2025,17:20,INV,2
304609,P:1618,23/04/2025,15:15,INV,5
304610,P:1620,17/04/2025,15:04,INV,7
304612,P:1621,10/04/2025,09:14,INV,15
304613,P:1622,11/04/2025,12:12,INV,2
304614,P:1622,14/04/2025,15:17,INV,11
304615,P:1622,13/04/2025,13:05,INV,9
304616,P:1623,03/04/2025,08:32,INV,6
304617,P:1624,20/04/2025,15:40,INV,6
304618,P:1625,18/04/2025,08:24,INV,4
304620,P:1629,20/04/2025,12:45,INV,5
304621,P:1632,08/04/2025,10:50,INV,3
304622,P:1632,08/04/2025,16:01,INV,5
304624,P:1639,11/04/2025,09:30,INV,7
304627,P:1640,01/04/2025,11:42,INV,11
304632,P:1645,07/04/2025,13:59,INV,15
304634,P:1647,20/04/2025,08:19,INV,2
304635,P:1648,23/04/2025,08:24,INV,6
304636,P:1648,14/04/2025,10:00,INV,6
304638,P:1649,03/04/2025,14:47,INV,2
304639,P:1649,18/04/2025,10:23,INV,5
304640,P:1649,18/04/2025,13:53,INV,11
304644,P:1650,03/04/2025,09:03,INV,2
304645,P:1653,07/04/2025,11:27,INV,6
304654,P:1669,02/04/2025,14:59,INV,8
304655,P:1671,28/04/2025,08:53,INV,5
304657,P:1678,03/04/2025,08:58,INV,6
304658,P:1686,23/04/2025,08:33,INV,6
304659,P:1688,21/04/2025,15:58,INV,5
304662,P:1697,16/04/2025,15:23,INV,4
304667,P:1707,01/04/2025,11:45,INV,2
304670,P:1709,23/04/2025,18:23,INV,4
304671,P:1710,01/04/2025,08:20,INV,4
304672,P:1710,05/04/2025,10:46,INV,10
304673,P:1714,17/04/2025,09:12,INV,3
304674,P:1715,14/04/2025,12:27,INV,4
304675,P:1717,05/04/2025,18:40,INV,6
304677,P:1718,28/04/2025,14:54,INV,6
304678,P:1718,13/04/2025,14:24,INV,6
304680,P:1720,20/04/2025,13:00,INV,9
304681,P:1720,02/04/2025,12:57,INV,6
304684,P:1721,21/04/2025,08:10,INV,4
304685,P:1722,06/04/2025,21:49,INV,6
304686,P:1722,10/04/2025,15:26,INV,7
304696,P:1730,07/04/2025,11:23,INV,12
304699,P:1736,22/04/2025,15:05,INV,8
304701,P:1744,21/04/2025,09:02,INV,6
304702,P:1744,08/04/2025,08:50,INV,7
9304702,P:1744,08/04/2025,11:50,CR,2
304703,P:1748,08/04/2025,11:51,INV,12
304704,P:1750,13/04/2025,11:53,INV,3
304705,P:1750,10/04/2025,09:10,INV,9
304706,P:1752,13/04/2025,14:35,INV,15
304707,P:1752,19/04/2025,14:40,INV,6
304709,P:1757,09/04/2025,18:35,INV,11
304711,P:1759,10/04/2025,12:13,INV,8
304714,P:1760,08/04/2025,11:10,INV,6
304716,P:1769,16/04/2025,08:08,INV,9
304719,P:1774,22/04/2025,14:24,INV,8
304723,P:1780,26/04/2025,08:20,INV,8
304724,P:1782,16/04/2025,11:33,INV,7
304725,P:1789,02/04/2025,10:33,INV,7
304728,P:1790,08/04/2025,13:50,INV,4
9304728,P:1790,08/04/2025,16:50,CR,2
304729,P:1791,10/04/2025,16:57,INV,9
304733,P:1791,09/04/2025,09:03,INV,6
304735,P:1795,16/04/2025,11:40,INV,6
304736,P:1795,09/04/2025,10:44,INV,7
304740,P:1799,22/04/2025,13:11,INV,5
304741,P:1801,14/04/2025,14:39,INV,4
304743,P:1805,20/04/2025,11:07,INV,12
304745,P:1808,08/04/2025,08:10,INV,2
304746,P:1810,28/04/2025,14:37,INV,5
304747,P:1810,10/04/2025,09:56,INV,5
304748,P:1812,06/04/2025,13:38,INV,11
304750,P:1814,05/04/2025,13:35,INV,5
304751,P:1830,02/04/2025,10:31,INV,11
304752,P:1830,28/04/2025,13:32,INV,5
304753,P:1833,05/04/2025,13:43,INV,7
304758,P:1840,21/04/2025,14:02,INV,7
304760,P:1842,04/04/2025,10:39,INV,3
304761,P:1845,13/04/2025,11:17,INV,9
304762,P:1853,10/04/2025,17:15,INV,9
304763,P:1854,18/04/2025,12:20,INV,3
304769,P:1860,20/04/2025,14:03,INV,2
304770,P:1864,03/04/2025,10:20,INV,7
304771,P:1865,20/04/2025,13:45,INV,6
304773,P:1865,24/04/2025,15:31,INV,3
304774,P:1865,22/04/2025,11:17,INV,4
304775,P:1865,23/04/2025,09:49,INV,5
304776,P:1866,28/04/2025,13:26,INV,10
304777,P:1866,09/04/2025,12:03,INV,9
304778,P:1866,12/04/2025,17:48,INV,12
304779,P:1868,02/04/2025,13:24,INV,8
304780,P:1868,17/04/2025,17:02,INV,4
304782,P:1874,18/04/2025,11:37,INV,3
304785,P:1891,24/04/2025,09:34,INV,13
304786,P:1891,21/04/2025,11:19,INV,5
304787,P:1891,22/04/2025,09:48,INV,6
304789,P:1897,02/04/2025,13:53,INV,5
304790,P:1900,06/04/2025,13:21,INV,3
304792,P:1900,01/04/2025,11:53,INV,9
304793,P:1901,12/04/2025,09:12,INV,4
304794,P:1904,21/04/2025,08:02,INV,6
304796,P:1904,10/04/2025,14:42,INV,5
304797,P:1905,10/04/2025,11:32,INV,9
304798,P:1906,10/04/2025,10:18,INV,8
304800,P:1906,04/04/2025,15:42,INV,7
304803,P:1908,26/04/2025,12:31,INV,4
304804,P:1909,09/04/2025,08:57,INV,5
304807,P:1912,02/04/2025,12:32,INV,9
304809,P:1914,03/04/2025,12:45,INV,5
304810,P:1914,05/04/2025,08:02,INV,10
304814,P:1923,14/04/2025,18:38,INV,10
304815,P:1926,19/04/2025,09:53,INV,7
304817,P:1927,20/04/2025,16:33,INV,6
304818,P:1927,14/04/2025,17:29,INV,7
304820,P:1929,03/04/2025,14:23,INV,2
304824,P:1935,19/04/2025,13:48,INV,6
304828,P:1942,15/04/2025,13:42,INV,4
304829,P:1942,04/04/2025,17:59,INV,9
304832,P:1944,25/04/2025,08:44,INV,2
304833,P:1944,28/04/2025,12:59,INV,5
304835,P:1945,21/04/2025,14:05,INV,2
304836,P:1949,12/04/2025,11:58,INV,8
304837,P:1953,26/04/2025,09:11,INV,3
304838,P:1957,01/04/2025,10:21,INV,8
304839,P:1958,17/04/2025,12:23,INV,8
304842,P:1981,02/04/2025,14:02,INV,3
304845,P:1983,04/04/2025,11:27,INV,8
304846,P:1984,06/04/2025,16:46,INV,5
304847,P:1985,28/04/2025,14:52,INV,15
304849,P:1986,27/04/2025,11:02,INV,4
304851,P:1986,14/04/2025,09:01,INV,6
304856,P:1990,22/04/2025,12:21,INV,11
304857,P:1996,01/04/2025,08:48,INV,11
304858,P:1996,26/04/2025,08:47,INV,3
304861,P:1997,04/04/2025,14:46,INV,4
304862,P:1997,21/04/2025,11:46,INV,11
304864,P:2010,03/04/2025,10:26,INV,13
304867,P:2017,07/04/2025,12:31,INV,7
304868,P:2017,12/04/2025,16:08,INV,8
304872,P:2023,27/04/2025,12:41,INV,9
304873,P:2023,13/04/2025,12:51,INV,8
304874,P:2025,23/04/2025,14:49,INV,7
304877,P:2026,07/04/2025,20:30,INV,7
304878,P:2027,03/04/2025,08:00,INV,11
304880,P:2034,17/04/2025,13:40,INV,8
304881,P:2034,08/04/2025,18:36,INV,13
304882,P:2034,22/04/2025,09:51,INV,6
304884,P:2036,13/04/2025,19:34,INV,10
304887,P:2038,18/04/2025,11:53,INV,5
304889,P:2042,07/04/2025,14:11,INV,4
304890,P:2042,10/04/2025,14:13,INV,8
304891,P:2043,24/04/2025,13:29,INV,4
304892,P:2043,16/04/2025,08:11,INV,7
304893,P:2043,19/04/2025,08:33,INV,6
304896,P:2047,20/04/2025,14:15,INV,7
304897,P:2049,23/04/2025,13:27,INV,2
304901,P:2054,20/04/2025,15:38,INV,9
304902,P:2056,03/04/2025,09:14,INV,13
304903,P:2056,21/04/2025,10:11,INV,5
304904,P:2056,08/04/2025,09:36,INV,9
304908,P:2068,05/04/2025,11:09,INV,13
304910,P:2074,07/04/2025,08:18,INV,8
304914,P:2076,11/04/2025,13:56,INV,4
304918,P:2087,06/04/2025,09:47,INV,5
304920,P:2089,09/04/2025,10:54,INV,7
304922,P:2089,27/04/2025,12:33,INV,6
304925,P:2091,23/04/2025,13:58,INV,7
304926,P:2091,24/04/2025,12:15,INV,3
304929,P:2098,18/04/2025,09:37,INV,7
304930,P:2100,02/04/2025,10:32,INV,4
304931,P:2103,05/04/2025,13:34,INV,9
304933,P:2104,05/04/2025,12:29,INV,5
304936,P:2108,17/04/2025,12:32,INV,3
304938,P:2112,28/04/2025,11:04,INV,5
304944,P:2117,10/04/2025,11:20,INV,4
304945,P:2121,26/04/2025,09:00,INV,2
304946,P:2123,04/04/2025,12:40,INV,5
304951,P:2130,10/04/2025,16:39,INV,9
304952,P:2130,14/04/2025,13:06,INV,3
304953,P:2130,21/04/2025,11:25,INV,7
304954,P:2130,28/04/2025,11:49,INV,6
304957,P:2133,07/04/2025,08:22,INV,5
304959,P:2134,12/04/2025,14:03,INV,2
304960,P:2138,20/04/2025,09:39,INV,6
304961,P:2140,12/04/2025,12:25,INV,10
304963,P:2144,17/04/2025,10:41,INV,6
304967,P:2145,16/04/2025,12:44,INV,6
304969,P:2153,04/04/2025,08:37,INV,7
304970,P:2157,05/04/2025,11:32,INV,6
304971,P:2157,22/04/2025,12:40,INV,4
304972,P:2157,23/04/2025,11:32,INV,4
304973,P:2158,10/04/2025,14:05,INV,5
304977,P:2162,04/04/2025,18:15,INV,11
304978,P:2162,02/04/2025,14:35,INV,10
304979,P:2162,23/04/2025,11:25,INV,7
304980,P:2163,18/04/2025,16:17,INV,7
304981,P:2164,03/04/2025,11:21,INV,3
304985,P:2172,24/04/2025,21:29,INV,8
304986,P:2173,23/04/2025,08:35,INV,3
304987,P:2175,25/04/2025,14:28,INV,8
304988,P:2176,10/04/2025,15:41,INV,8
304992,P:2181,18/04/2025,08:10,INV,7
304993,P:2182,03/04/2025,12:02,INV,5
304994,P:2192,09/04/2025,09:07,INV,11
304995,P:2192,06/04/2025,08:11,INV,11
305001,P:2196,25/04/2025,08:29,INV,4
305002,P:2196,27/04/2025,08:36,INV,7
305007,P:2215,04/04/2025,13:13,INV,5
305009,P:2219,11/04/2025,09:08,INV,12
305011,P:2220,03/04/2025,10:53,INV,13
305013,P:2223,05/04/2025,13:49,INV,3
305014,P:2223,06/04/2025,13:11,INV,10
305015,P:2224,25/04/2025,08:31,INV,9
305017,P:2233,02/04/2025,15:00,INV,2
305020,P:2235,03/04/2025,10:28,INV,3
305021,P:2236,25/04/2025,11:31,INV,6
305022,P:2237,20/04/2025,16:36,INV,7
305024,P:2244,02/04/2025,08:39,INV,6
305026,P:2247,15/04/2025,12:35,INV,8
305028,P:2247,15/04/2025,08:16,INV,5
305029,P:2247,23/04/2025,09:35,INV,9
305030,P:2250,06/04/2025,09:30,INV,10
305031,P:2250,05/04/2025,10:11,INV,7
305034,P:2256,22/04/2025,14:46,INV,4
305037,P:2259,25/04/2025,14:28,INV,2
305038,P:2259,17/04/2025,13:54,INV,4
305039,P:2262,27/04/2025,17:57,INV,10
305040,P:2264,01/04/2025,18:50,INV,11
305042,P:2265,21/04/2025,13:31,INV,12
305046,P:2268,01/04/2025,17:37,INV,10
305048,P:2270,20/04/2025,08:34,INV,4
305049,P:2273,23/04/2025,09:33,INV,6
305051,P:2274,16/04/2025,17:44,INV,5
305053,P:2279,01/04/2025,12:30,INV,4
305056,P:2292,08/04/2025,13:38,INV,7
305057,P:2292,28/04/2025,15:04,INV,12
305058,P:2293,23/04/2025,14:15,INV,2
305061,P:2295,09/04/2025,08:45,INV,14
305064,P:2298,20/04/2025,13:52,INV,3
305066,P:2300,19/04/2025,08:49,INV,6
305068,P:2302,09/04/2025,16:32,INV,9
305072,P:2317,03/04/2025,11:24,INV,3
305075,P:2324,25/04/2025,16:29,INV,8
305076,P:2325,17/04/2025,12:23,INV,5
305078,P:2331,06/04/2025,08:57,INV,10
305079,P:2349,24/04/2025,14:23,INV,14
305080,P:2349,01/04/2025,10:22,INV,7
305081,P:2352,28/04/2025,10:15,INV,10
305082,P:2352,04/04/2025,12:46,INV,4
305083,P:2354,01/04/2025,16:13,INV,7
305084,P:2356,07/04/2025,13:38,INV,5
305094,P:2382,28/04/2025,14:29,INV,5
305095,P:2383,09/04/2025,08:20,INV,3
305097,P:2388,15/04/2025,20:27,INV,8
305098,P:2388,11/04/2025,09:09,INV,5
305101,P:2394,20/04/2025,08:33,INV,4
305104,P:2396,05/04/2025,09:10,INV,10
305105,P:2397,20/04/2025,13:08,INV,5
305106,P:2399,15/04/2025,10:06,INV,7
305107,P:2400,26/04/2025,14:15,INV,3
305111,P:2405,28/04/2025,13:52,INV,3
305114,P:2411,18/04/2025,11:17,INV,9
305118,P:2419,27/04/2025,13:47,INV,10
305119,P:2419,24/04/2025,08:46,INV,12
305120,P:2424,03/04/2025,11:45,INV,6
305121,P:2424,19/04/2025,10:28,INV,4
305122,P:2425,17/04/2025,14:50,INV,2
305123,P:2428,22/04/2025,08:45,INV,6
305124,P:2442,03/04/2025,17:47,INV,3
305126,P:2442,17/04/2025,13:49,INV,8
305132,P:2448,28/04/2025,10:55,INV,6
305137,P:2460,26/04/2025,12:21,INV,6
305142,P:2478,09/04/2025,19:33,INV,6
305143,P:2478,01/04/2025,11:27,INV,6
305145,P:2481,16/04/2025,12:20,INV,9
305146,P:2485,02/04/2025,08:10,INV,5
305147,P:2490,07/04/2025,10:55,INV,9
305148,P:2490,16/04/2025,13:21,INV,7
305150,P:2492,20/04/2025,11:08,INV,3
305151,P:2503,02/04/2025,15:53,INV,8
305152,P:2507,06/04/2025,15:50,INV,5
305153,P:2510,14/04/2025,12:27,INV,4
305157,P:2518,07/04/2025,10:05,INV,4
305158,P:2518,13/04/2025,13:03,INV,6
305161,P:2519,03/04/2025,13:53,INV,5
305164,P:2525,06/04/2025,08:04,INV,6
305165,P:2536,01/04/2025,13:37,INV,4
305166,P:2537,01/04/2025,09:52,INV,6
305167,P:2537,16/04/2025,13:12,INV,7
305168,P:2537,13/04/2025,12:46,INV,4
305169,P:2539,19/04/2025,09:47,INV,10
305171,P:2546,22/04/2025,17:14,INV,6
305173,P:2555,27/04/2025,14:37,INV,5
305174,P:2555,23/04/2025,09:28,INV,11
305177,P:2560,11/04/2025,11:19,INV,6
305179,P:2563,01/04/2025,08:01,INV,11
305180,P:2567,12/04/2025,08:45,INV,6
305182,P:2574,14/04/2025,10:34,INV,10
305187,P:2580,20/04/2025,14:41,INV,10
305189,P:2586,25/04/2025,09:06,INV,3
305190,P:2586,21/04/2025,12:31,INV,4
305191,P:2588,04/04/2025,15:07,INV,4
305192,P:2588,20/04/2025,18:28,INV,7
305194,P:2591,06/04/2025,11:24,INV,11
305195,P:2591,04/04/2025,08:20,INV,10
305196,P:2597,03/04/2025,11:47,INV,4
305200,P:2601,15/04/2025,08:24,INV,5
305201,P:2601,06/04/2025,18:26,INV,9
305203,P:2607,15/04/2025,15:04,INV,6
305207,P:2610,09/04/2025,10:48,INV,12
305208,P:2611,05/04/2025,10:20,INV,3
305210,P:2613,23/04/2025,09:39,INV,4
305211,P:2613,10/04/2025,15:04,INV,9
305212,P:2620,04/04/2025,12:49,INV,5
305213,P:2620,12/04/2025,11:29,INV,4
305214,P:2620,15/04/2025,16:23,INV,8
305216,P:2620,18/04/2025,18:41,INV,8
305217,P:2621,19/04/2025,14:11,INV,6
305218,P:2621,23/04/2025,08:30,INV,5
305220,P:2621,27/04/2025,14:04,INV,6
305221,P:2622,02/04/2025,16:15,INV,6
305222,P:2622,27/04/2025,12:38,INV,12
305228,P:2628,17/04/2025,08:58,INV,8
305229,P:2634,19/04/2025,08:05,INV,13
305231,P:2635,05/04/2025,16:40,INV,4
305233,P:2636,22/04/2025,08:11,INV,2
305234,P:2639,10/04/2025,11:03,INV,3
305237,P:2649,08/04/2025,11:23,INV,3
305238,P:2651,05/04/2025,14:02,INV,14
305239,P:2655,18/04/2025,09:47,INV,6
305240,P:2655,03/04/2025,10:35,INV,8
305241,P:2657,08/04/2025,12:59,INV,6
305242,P:2657,25/04/2025,12:32,INV,2
305245,P:2661,26/04/2025,15:22,INV,6
305246,P:2662,23/04/2025,16:52,INV,9
305247,P:2665,23/04/2025,12:44,INV,15
305251,P:2669,01/04/2025,12:17,INV,7
305252,P:2669,11/04/2025,15:29,INV,8
305253,P:2670,28/04/2025,11:05,INV,2
305255,P:2671,20/04/2025,09:18,INV,5
305256,P:2673,08/04/2025,10:48,INV,3
305257,P:2673,20/04/2025,09:33,INV,4
305258,P:2673,25/04/2025,12:22,INV,8
305259,P:2674,01/04/2025,14:09,INV,3
305260,P:2675,09/04/2025,13:22,INV,4
305261,P:2675,10/04/2025,09:42,INV,11
305262,P:2677,09/04/2025,16:09,INV,10
305263,P:2677,12/04/2025,10:26,INV,5
305265,P:2681,19/04/2025,13:32,INV,6
305266,P:2682,13/04/2025,09:25,INV,10
305267,P:2682,19/04/2025,10:34,INV,9
305268,P:2682,08/04/2025,08:47,INV,7
305269,P:2682,28/04/2025,08:58,INV,8
305270,P:2689,15/04/2025,11:13,INV,4
305272,P:2690,10/04/2025,09:53,INV,7
305276,P:2697,09/04/2025,12:04,INV,6
305278,P:2698,10/04/2025,11:16,INV,4
305279,P:2698,26/04/2025,08:57,INV,8
305280,P:2698,13/04/2025,12:28,INV,3
305281,P:2698,21/04/2025,11:22,INV,7
305282,P:2698,09/04/2025,14:19,INV,11
9305282,P:2698,09/04/2025,15:19,CR,2
305283,P:2703,01/04/2025,08:56,INV,6
305284,P:2703,06/04/2025,10:07,INV,6
305287,P:2707,13/04/2025,13:14,INV,12
305289,P:2707,01/04/2025,09:42,INV,3
305290,P:2707,23/04/2025,12:40,INV,6
305292,P:2712,19/04/2025,18:51,INV,5
305293,P:2712,16/04/2025,15:21,INV,7
305295,P:2716,25/04/2025,10:07,INV,3
305298,P:2718,22/04/2025,11:18,INV,3
305299,P:2718,04/04/2025,08:20,INV,7
305303,P:2726,06/04/2025,16:59,INV,4
305305,P:2735,07/04/2025,10:46,INV,12
305307,P:2739,28/04/2025,10:26,INV,7
305308,P:2739,09/04/2025,12:06,INV,4
305309,P:2739,15/04/2025,10:52,INV,11
305312,P:2741,22/04/2025,13:30,INV,6
305313,P:2746,19/04/2025,13:14,INV,8
305315,P:2752,13/04/2025,16:09,INV,4
305316,P:2752,22/04/2025,14:15,INV,5
305317,P:2752,28/04/2025,10:59,INV,6
305319,P:2754,28/04/2025,09:41,INV,5
305322,P:2757,23/04/2025,11:40,INV,15
305323,P:2758,13/04/2025,18:13,INV,5
305326,P:2766,17/04/2025,09:39,INV,6
305327,P:2766,02/04/2025,10:56,INV,12
305328,P:2766,25/04/2025,15:23,INV,8
305329,P:2768,12/04/2025,12:57,INV,5
305330,P:2768,13/04/2025,14:58,INV,7
305331,P:2772,04/04/2025,16:55,INV,6
305334,P:2780,18/04/2025,10:03,INV,7
305335,P:2780,17/04/2025,17:09,INV,5
305336,P:2786,11/04/2025,16:25,INV,5
305338,P:2786,15/04/2025,11:45,INV,9
305340,P:2787,21/04/2025,13:12,INV,3
305341,P:2787,05/04/2025,08:34,INV,5
305345,P:2798,06/04/2025,09:37,INV,6
305348,P:2813,23/04/2025,17:19,INV,8
305349,P:2813,12/04/2025,09:46,INV,4
305350,P:2824,03/04/2025,08:32,INV,5
305351,P:2825,19/04/2025,15:22,INV,13
305353,P:1001,22/05/2025,11:47,INV,7
305356,P:1003,13/05/2025,08:11,INV,8
305357,P:1003,14/05/2025,10:13,INV,3
305360,P:1006,21/05/2025,17:04,INV,9
305361,P:1006,18/05/2025,13:58,INV,8
305362,P:1009,09/05/2025,08:24,INV,6
305363,P:1011,16/05/2025,11:31,INV,3
305366,P:1016,23/05/2025,10:24,INV,2
305369,P:1017,12/05/2025,12:28,INV,7
305370,P:1019,28/05/2025,15:31,INV,8
305372,P:1022,03/05/2025,20:41,INV,5
305374,P:1024,11/05/2025,13:06,INV,3
305375,P:1024,26/05/2025,08:47,INV,8
305376,P:1025,09/05/2025,09:56,INV,2
305377,P:1026,06/05/2025,12:06,INV,11
305378,P:1026,17/05/2025,16:05,INV,4
305381,P:1028,08/05/2025,13:50,INV,6
305382,P:1029,16/05/2025,15:17,INV,7
305383,P:1035,03/05/2025,12:34,INV,9
305385,P:1036,02/05/2025,16:12,INV,7
305386,P:1036,16/05/2025,13:55,INV,8
305387,P:1036,15/05/2025,14:57,INV,8
305388,P:1036,17/05/2025,18:02,INV,10
305390,P:1036,14/05/2025,10:44,INV,11
305393,P:1039,04/05/2025,13:37,INV,8
305396,P:1042,22/05/2025,11:48,INV,11
305398,P:1046,20/05/2025,16:44,INV,8
305401,P:1051,26/05/2025,13:51,INV,9
305402,P:1055,01/05/2025,17:08,INV,6
305403,P:1056,03/05/2025,10:41,INV,13
305406,P:1063,03/05/2025,08:54,INV,7
305407,P:1063,22/05/2025,13:34,INV,12
305408,P:1063,21/05/2025,08:50,INV,9
305410,P:1065,14/05/2025,13:09,INV,5
305412,P:1067,16/05/2025,14:21,INV,6
305413,P:1067,02/05/2025,12:28,INV,7
305414,P:1074,26/05/2025,08:19,INV,2
305415,P:1082,09/05/2025,10:06,INV,8
305418,P:1083,17/05/2025,13:16,INV,9
305419,P:1086,11/05/2025,15:50,INV,6
305421,P:1089,24/05/2025,14:09,INV,3
305422,P:1091,26/05/2025,08:48,INV,7
305423,P:1093,08/05/2025,14:17,INV,4
305424,P:1097,22/05/2025,13:22,INV,4
305427,P:1097,25/05/2025,12:37,INV,7
305428,P:1100,15/05/2025,10:46,INV,15
305432,P:1106,15/05/2025,13:10,INV,2
305436,P:1113,01/05/2025,12:25,INV,4
305439,P:1119,23/05/2025,08:06,INV,8
305440,P:1121,14/05/2025,15:16,INV,7
305442,P:1125,14/05/2025,11:36,INV,2
305444,P:1131,20/05/2025,17:40,INV,7
305445,P:1132,20/05/2025,15:26,INV,5
305451,P:1135,22/05/2025,12:14,INV,15
305453,P:1137,23/05/2025,10:47,INV,5
305454,P:1141,03/05/2025,13:26,INV,11
305455,P:1141,14/05/2025,13:20,INV,5
305456,P:1141,16/05/2025,08:23,INV,4
305459,P:1142,22/05/2025,12:53,INV,5
305461,P:1143,24/05/2025,14:55,INV,6
305462,P:1143,05/05/2025,12:16,INV,6
305463,P:1144,17/05/2025,08:01,INV,12
305466,P:1145,15/05/2025,08:09,INV,7
305468,P:1154,07/05/2025,08:10,INV,5
305471,P:1155,11/05/2025,10:21,INV,8
305473,P:1157,04/05/2025,12:30,INV,7
305474,P:1157,02/05/2025,13:52,INV,2
305475,P:1158,20/05/2025,08:21,INV,13
305477,P:1162,02/05/2025,08:18,INV,6
305479,P:1164,25/05/2025,15:59,INV,2
305480,P:1164,10/05/2025,19:35,INV,8
305481,P:1166,03/05/2025,14:08,INV,5
305482,P:1166,25/05/2025,15:22,INV,6
305485,P:1168,11/05/2025,10:58,INV,9
305487,P:1171,15/05/2025,14:16,INV,4
305488,P:1174,03/05/2025,13:21,INV,5
305490,P:1180,25/05/2025,10:23,INV,10
305491,P:1183,14/05/2025,12:27,INV,4
305493,P:1188,06/05/2025,08:19,INV,9
305494,P:1188,17/05/2025,09:40,INV,2
305495,P:1188,24/05/2025,08:24,INV,4
305496,P:1189,21/05/2025,11:45,INV,5
305497,P:1191,22/05/2025,12:58,INV,9
305498,P:1192,28/05/2025,10:47,INV,7
305502,P:1201,12/05/2025,08:14,INV,3
305504,P:1204,09/05/2025,15:06,INV,9
305506,P:1204,20/05/2025,17:07,INV,7
305508,P:1208,16/05/2025,12:02,INV,7
305511,P:1213,15/05/2025,11:56,INV,7
305512,P:1222,26/05/2025,10:08,INV,4
305513,P:1229,13/05/2025,10:44,INV,10
305515,P:1230,02/05/2025,08:27,INV,4
305517,P:1233,14/05/2025,11:04,INV,13
305520,P:1241,24/05/2025,13:27,INV,11
305523,P:1245,12/05/2025,08:30,INV,5
305524,P:1245,05/05/2025,11:35,INV,6
305525,P:1249,06/05/2025,14:59,INV,6
305526,P:1250,22/05/2025,17:16,INV,15
305528,P:1250,19/05/2025,12:18,INV,4
305529,P:1253,06/05/2025,08:15,INV,9
305531,P:1259,19/05/2025,10:27,INV,10
305532,P:1261,01/05/2025,17:58,INV,4
305535,P:1262,24/05/2025,08:53,INV,3
305541,P:1265,05/05/2025,10:00,INV,7
305547,P:1270,07/05/2025,11:58,INV,10
305549,P:1271,17/05/2025,14:40,INV,10
305551,P:1277,03/05/2025,08:14,INV,3
305553,P:1287,24/05/2025,13:39,INV,6
305554,P:1288,25/05/2025,12:27,INV,7
305556,P:1289,08/05/2025,12:32,INV,7
305557,P:1289,26/05/2025,08:48,INV,2
305558,P:1289,16/05/2025,14:50,INV,6
305561,P:1296,19/05/2025,13:39,INV,3
305562,P:1296,25/05/2025,11:21,INV,9
305563,P:1296,04/05/2025,11:33,INV,8
305565,P:1296,15/05/2025,09:53,INV,6
305570,P:1305,21/05/2025,17:52,INV,3
305573,P:1307,11/05/2025,14:47,INV,7
305574,P:1312,10/05/2025,12:01,INV,2
305576,P:1313,05/05/2025,11:32,INV,7
305578,P:1318,16/05/2025,10:54,INV,6
305585,P:1328,19/05/2025,10:51,INV,5
305586,P:1332,13/05/2025,11:17,INV,13
305589,P:1334,26/05/2025,11:45,INV,6
305591,P:1335,25/05/2025,12:29,INV,9
305596,P:1347,06/05/2025,11:16,INV,4
305597,P:1347,01/05/2025,09:41,INV,5
305600,P:1351,26/05/2025,08:02,INV,10
305603,P:1364,21/05/2025,09:33,INV,2
305604,P:1372,09/05/2025,13:56,INV,15
305606,P:1372,16/05/2025,15:49,INV,6
305608,P:1376,06/05/2025,14:49,INV,5
305611,P:1381,14/05/2025,10:43,INV,5
305612,P:1382,14/05/2025,08:58,INV,6
305613,P:1382,12/05/2025,11:43,INV,3
305619,P:1394,27/05/2025,17:31,INV,4
305621,P:1405,27/05/2025,10:59,INV,6
305626,P:1411,18/05/2025,08:07,INV,11
305631,P:1418,25/05/2025,15:01,INV,5
305633,P:1429,19/05/2025,08:24,INV,8
305636,P:1429,04/05/2025,14:17,INV,3
305637,P:1429,25/05/2025,11:44,INV,4
305639,P:1431,24/05/2025,14:22,INV,7
305645,P:1443,13/05/2025,11:52,INV,4
305646,P:1445,16/05/2025,11:24,INV,4
305647,P:1447,06/05/2025,14:09,INV,6
305648,P:1452,16/05/2025,16:07,INV,5
305649,P:1453,14/05/2025,12:34,INV,11
305650,P:1454,07/05/2025,16:48,INV,4
305657,P:1464,24/05/2025,14:54,INV,13
305661,P:1467,02/05/2025,08:15,INV,8
305662,P:1467,19/05/2025,11:43,INV,13
305663,P:1468,14/05/2025,08:22,INV,13
305666,P:1471,17/05/2025,12:31,INV,4
305668,P:1473,26/05/2025,12:30,INV,12
305671,P:1477,21/05/2025,08:53,INV,4
305672,P:1477,24/05/2025,08:54,INV,7
305674,P:1478,10/05/2025,11:02,INV,4
305675,P:1478,05/05/2025,19:47,INV,2
305676,P:1478,09/05/2025,13:09,INV,5
305677,P:1480,05/05/2025,08:58,INV,10
305684,P:1494,09/05/2025,08:33,INV,12
305685,P:1495,16/05/2025,11:21,INV,8
305687,P:1495,24/05/2025,12:20,INV,7
305688,P:1499,24/05/2025,08:22,INV,14
305689,P:1505,08/05/2025,14:45,INV,7
305693,P:1517,10/05/2025,13:45,INV,9
305694,P:1521,04/05/2025,09:20,INV,12
305695,P:1521,13/05/2025,14:40,INV,4
305696,P:1521,09/05/2025,08:56,INV,4
305697,P:1523,09/05/2025,13:06,INV,10
305698,P:1529,10/05/2025,13:23,INV,6
305701,P:1535,03/05/2025,17:31,INV,13
305703,P:1537,24/05/2025,09:34,INV,3
305707,P:1546,25/05/2025,13:14,INV,5
305710,P:1547,11/05/2025,14:34,INV,6
305713,P:1548,13/05/2025,13:09,INV,6
305714,P:1548,01/05/2025,09:18,INV,12
305715,P:1550,02/05/2025,11:18,INV,8
305716,P:1551,07/05/2025,11:38,INV,8
305719,P:1552,10/05/2025,13:15,INV,11
305720,P:1553,01/05/2025,12:21,INV,5
305721,P:1554,03/05/2025,08:27,INV,6
305722,P:1554,24/05/2025,09:47,INV,7
305723,P:1557,04/05/2025,15:16,INV,4
305724,P:1557,16/05/2025,15:09,INV,11
305726,P:1559,04/05/2025,08:07,INV,8
305727,P:1561,27/05/2025,16:04,INV,5
305728,P:1563,08/05/2025,12:14,INV,9
305729,P:1563,18/05/2025,13:28,INV,2
305730,P:1563,26/05/2025,13:36,INV,7
305731,P:1564,18/05/2025,11:54,INV,4
305734,P:1572,25/05/2025,14:54,INV,11
305735,P:1573,10/05/2025,09:47,INV,6
305736,P:1573,27/05/2025,11:37,INV,9
305737,P:1574,13/05/2025,08:47,INV,3
305739,P:1575,04/05/2025,15:04,INV,5
305741,P:1576,12/05/2025,11:30,INV,6
305742,P:1577,20/05/2025,11:06,INV,5
305743,P:1580,21/05/2025,15:11,INV,14
305744,P:1582,20/05/2025,08:38,INV,4
305746,P:1583,07/05/2025,10:37,INV,4
305747,P:1584,21/05/2025,14:45,INV,2
305748,P:1586,11/05/2025,14:11,INV,5
305752,P:1587,14/05/2025,09:01,INV,6
305753,P:1587,15/05/2025,15:10,INV,9
305755,P:1589,26/05/2025,09:11,INV,6
305757,P:1592,16/05/2025,12:40,INV,10
9305757,P:1592,16/05/2025,15:40,CR,2
305758,P:1594,21/05/2025,14:38,INV,8
305760,P:1595,09/05/2025,10:00,INV,7
305763,P:1597,23/05/2025,12:55,INV,5
305764,P:1597,04/05/2025,09:15,INV,2
305766,P:1598,17/05/2025,12:20,INV,7
305767,P:1600,16/05/2025,09:18,INV,12
305769,P:1600,28/05/2025,14:16,INV,3
305772,P:1600,09/05/2025,15:37,INV,2
305774,P:1605,09/05/2025,15:58,INV,4
305776,P:1605,02/05/2025,14:32,INV,3
305778,P:1607,01/05/2025,16:38,INV,8
305781,P:1609,01/05/2025,08:00,INV,11
305782,P:1612,04/05/2025,13:24,INV,6
305784,P:1615,19/05/2025,14:49,INV,3
305786,P:1616,10/05/2025,09:19,INV,7
305788,P:1616,22/05/2025,16:17,INV,3
305798,P:1629,15/05/2025,14:51,INV,12
305799,P:1631,03/05/2025,14:06,INV,9
305800,P:1631,03/05/2025,14:29,INV,6
305805,P:1638,11/05/2025,11:55,INV,4
305806,P:1639,23/05/2025,13:47,INV,8
305807,P:1639,07/05/2025,13:25,INV,3
305811,P:1643,01/05/2025,17:59,INV,2
305813,P:1645,18/05/2025,10:13,INV,10
305815,P:1646,02/05/2025,11:32,INV,4
305817,P:1656,18/05/2025,15:31,INV,7
305818,P:1662,28/05/2025,09:51,INV,4
305819,P:1666,25/05/2025,14:43,INV,4
305820,P:1666,01/05/2025,09:38,INV,9
305821,P:1668,18/05/2025,15:36,INV,5
305824,P:1669,23/05/2025,13:08,INV,7
305825,P:1670,22/05/2025,14:20,INV,8
305827,P:1670,20/05/2025,12:31,INV,10
305829,P:1671,06/05/2025,14:16,INV,8
305833,P:1674,23/05/2025,09:17,INV,10
305835,P:1678,11/05/2025,19:18,INV,4
305836,P:1683,10/05/2025,18:08,INV,8
305837,P:1686,11/05/2025,12:58,INV,4
305838,P:1687,10/05/2025,16:58,INV,8
305844,P:1699,01/05/2025,18:00,INV,8
305846,P:1701,16/05/2025,09:18,INV,10
305848,P:1701,21/05/2025,11:24,INV,8
305850,P:1702,28/05/2025,09:40,INV,9
305851,P:1702,17/05/2025,12:35,INV,6
305852,P:1703,08/05/2025,16:42,INV,5
305855,P:1705,22/05/2025,10:51,INV,5
305857,P:1705,18/05/2025,10:52,INV,12
305859,P:1706,01/05/2025,13:46,INV,5
9305859,P:1706,01/05/2025,19:46,CR,2
305862,P:1708,01/05/2025,15:24,INV,5
305864,P:1710,02/05/2025,18:41,INV,7
305865,P:1714,03/05/2025,15:48,INV,2
305869,P:1721,13/05/2025,13:31,INV,3
305870,P:1721,22/05/2025,10:08,INV,8
305872,P:1725,02/05/2025,09:59,INV,11
9305872,P:1725,02/05/2025,11:59,CR,2
305873,P:1725,22/05/2025,14:00,INV,9
305875,P:1726,14/05/2025,08:04,INV,8
305877,P:1727,21/05/2025,08:57,INV,7
305878,P:1728,28/05/2025,09:32,INV,6
305880,P:1734,16/05/2025,17:22,INV,8
305881,P:1738,27/05/2025,12:37,INV,8
305882,P:1740,03/05/2025,11:18,INV,5
305888,P:1755,23/05/2025,15:55,INV,5
305892,P:1760,14/05/2025,10:14,INV,12
305893,P:1760,09/05/2025,14:56,INV,3
305894,P:1762,10/05/2025,10:47,INV,2
305897,P:1770,09/05/2025,11:19,INV,6
305898,P:1770,26/05/2025,08:42,INV,9
305899,P:1774,02/05/2025,12:57,INV,7
305901,P:1776,12/05/2025,14:01,INV,4
305902,P:1780,08/05/2025,15:40,INV,13
305907,P:1791,04/05/2025,12:46,INV,7
305910,P:1804,11/05/2025,10:16,INV,6
305913,P:1806,08/05/2025,18:14,INV,9
305914,P:1806,16/05/2025,08:07,INV,8
305916,P:1810,22/05/2025,10:34,INV,9
305917,P:1814,01/05/2025,17:22,INV,4
305918,P:1818,12/05/2025,12:35,INV,6
305922,P:1820,01/05/2025,10:27,INV,11
305924,P:1822,02/05/2025,09:42,INV,7
305925,P:1822,11/05/2025,08:20,INV,3
305928,P:1825,22/05/2025,12:44,INV,8
305929,P:1825,19/05/2025,08:29,INV,5
305931,P:1826,09/05/2025,08:38,INV,4
305938,P:1840,06/05/2025,13:52,INV,5
305939,P:1842,19/05/2025,13:35,INV,2
305940,P:1843,25/05/2025,09:43,INV,5
305943,P:1847,09/05/2025,08:36,INV,11
305944,P:1847,16/05/2025,12:51,INV,7
305945,P:1848,15/05/2025,11:09,INV,4
305946,P:1849,13/05/2025,08:17,INV,10
305948,P:1853,26/05/2025,12:53,INV,10
305952,P:1856,15/05/2025,14:24,INV,10
305958,P:1866,07/05/2025,11:20,INV,9
305959,P:1866,07/05/2025,11:40,INV,8
305961,P:1866,16/05/2025,13:01,INV,5
305965,P:1876,23/05/2025,14:07,INV,6
305966,P:1879,02/05/2025,13:12,INV,5
305967,P:1879,23/05/2025,10:46,INV,5
305969,P:1881,01/05/2025,16:45,INV,6
305970,P:1887,02/05/2025,11:20,INV,10
305971,P:1889,12/05/2025,10:23,INV,7
305976,P:1893,09/05/2025,10:14,INV,7
305977,P:1893,22/05/2025,17:54,INV,7
305978,P:1897,10/05/2025,11:08,INV,10
305981,P:1900,06/05/2025,09:40,INV,10
305982,P:1900,17/05/2025,16:21,INV,5
305983,P:1901,14/05/2025,10:09,INV,11
305988,P:1906,17/05/2025,13:04,INV,7
305989,P:1908,05/05/2025,13:06,INV,10
305991,P:1914,26/05/2025,15:22,INV,12
305992,P:1914,03/05/2025,11:36,INV,9
305993,P:1916,03/05/2025,14:07,INV,9
305994,P:1918,07/05/2025,13:45,INV,10
305995,P:1918,27/05/2025,17:25,INV,9
305998,P:1923,02/05/2025,12:46,INV,15
305999,P:1925,09/05/2025,14:00,INV,10
306000,P:1925,08/05/2025,12:06,INV,9
9306000,P:1925,08/05/2025,19:06,CR,2
306004,P:1926,28/05/2025,10:06,INV,5
306005,P:1928,25/05/2025,10:47,INV,9
306007,P:1933,01/05/2025,14:21,INV,6
306011,P:1938,28/05/2025,08:46,INV,4
306014,P:1942,12/05/2025,19:25,INV,8
306017,P:1946,10/05/2025,14:48,INV,8
306024,P:1953,12/05/2025,11:58,INV,10
306025,P:1957,27/05/2025,13:18,INV,7
306026,P:1958,19/05/2025,13:22,INV,10
306031,P:1960,08/05/2025,18:36,INV,15
306032,P:1960,26/05/2025,13:57,INV,8
306036,P:1967,20/05/2025,08:37,INV,5
306041,P:1981,15/05/2025,11:12,INV,13
306042,P:1981,03/05/2025,13:07,INV,8
306044,P:1984,10/05/2025,12:38,INV,2
306046,P:1987,26/05/2025,11:58,INV,6
306048,P:1990,24/05/2025,08:07,INV,5
306049,P:1990,25/05/2025,10:20,INV,8
306051,P:1991,07/05/2025,09:08,INV,10
306052,P:1992,08/05/2025,11:56,INV,5
306053,P:1997,19/05/2025,13:10,INV,5
306055,P:2002,11/05/2025,15:10,INV,8
306056,P:2004,16/05/2025,10:06,INV,15
306057,P:2007,24/05/2025,13:45,INV,4
306059,P:2010,06/05/2025,09:21,INV,7
306061,P:2021,16/05/2025,12:59,INV,9
306062,P:2023,02/05/2025,09:51,INV,4
306064,P:2025,28/05/2025,15:33,INV,9
306065,P:2026,25/05/2025,11:54,INV,7
306067,P:2027,17/05/2025,13:38,INV,12
306069,P:2036,11/05/2025,15:46,INV,3
306072,P:2038,10/05/2025,17:14,INV,7
306074,P:2042,07/05/2025,11:10,INV,15
306075,P:2043,28/05/2025,13:32,INV,5
306079,P:2050,16/05/2025,15:07,INV,7
306080,P:2050,27/05/2025,12:14,INV,6
306081,P:2050,03/05/2025,11:07,INV,12
306082,P:2052,02/05/2025,16:42,INV,8
306084,P:2054,04/05/2025,17:50,INV,12
306085,P:2056,16/05/2025,09:03,INV,6
306086,P:2059,09/05/2025,10:56,INV,6
306089,P:2064,25/05/2025,12:48,INV,11
306092,P:2065,23/05/2025,15:43,INV,6
306095,P:2071,14/05/2025,16:23,INV,9
306096,P:2074,06/05/2025,09:32,INV,6
306098,P:2075,28/05/2025,11:10,INV,8
306100,P:2078,21/05/2025,08:57,INV,5
306103,P:2080,23/05/2025,14:25,INV,3
306104,P:2084,27/05/2025,15:39,INV,3
306106,P:2087,10/05/2025,09:03,INV,5
306107,P:2088,22/05/2025,11:35,INV,3
306110,P:2091,04/05/2025,14:09,INV,12
306111,P:2091,14/05/2025,09:47,INV,13
306112,P:2091,28/05/2025,12:18,INV,7
306114,P:2093,24/05/2025,11:32,INV,5
306115,P:2096,19/05/2025,13:02,INV,6
306116,P:2096,01/05/2025,08:58,INV,7
306118,P:2096,04/05/2025,12:25,INV,4
306121,P:2100,07/05/2025,18:33,INV,8
306126,P:2112,03/05/2025,10:16,INV,8
306128,P:2115,12/05/2025,14:01,INV,5
306129,P:2116,20/05/2025,13:29,INV,5
306131,P:2117,08/05/2025,11:22,INV,6
306133,P:2121,14/05/2025,09:05,INV,6
306134,P:2123,25/05/2025,10:25,INV,5
306135,P:2125,17/05/2025,14:13,INV,2
306136,P:2125,12/05/2025,09:16,INV,3
306139,P:2130,26/05/2025,13:52,INV,9
306140,P:2131,16/05/2025,14:02,INV,8
306141,P:2133,13/05/2025,13:00,INV,5
306142,P:2133,11/05/2025,15:13,INV,5
306145,P:2140,28/05/2025,14:40,INV,4
9306145,P:2140,28/05/2025,19:40,CR,2
306146,P:2143,20/05/2025,08:13,INV,13
9306146,P:2143,20/05/2025,09:13,CR,2
306147,P:2149,17/05/2025,11:07,INV,8
306151,P:2158,27/05/2025,13:06,INV,9
306152,P:2158,24/05/2025,13:31,INV,4
306154,P:2161,26/05/2025,13:33,INV,9
306157,P:2163,09/05/2025,15:29,INV,15
306158,P:2163,28/05/2025,08:15,INV,4
306159,P:2164,28/05/2025,16:52,INV,7
306162,P:2166,28/05/2025,10:27,INV,8
306164,P:2169,08/05/2025,13:42,INV,6
306165,P:2170,05/05/2025,19:54,INV,12
306168,P:2172,13/05/2025,12:54,INV,9
306169,P:2173,17/05/2025,13:23,INV,9
306171,P:2175,21/05/2025,08:31,INV,8
306173,P:2177,25/05/2025,12:20,INV,8
306176,P:2180,19/05/2025,14:46,INV,8
306178,P:2182,20/05/2025,17:56,INV,12
306179,P:2185,09/05/2025,12:19,INV,2
306180,P:2186,08/05/2025,11:49,INV,6
306182,P:2187,16/05/2025,13:57,INV,5
306184,P:2196,19/05/2025,12:34,INV,10
306185,P:2198,10/05/2025,14:07,INV,4
306187,P:2203,24/05/2025,09:21,INV,15
306189,P:2215,27/05/2025,10:28,INV,5
306190,P:2217,25/05/2025,08:53,INV,4
306191,P:2220,24/05/2025,08:18,INV,6
306192,P:2221,23/05/2025,10:38,INV,8
306195,P:2223,17/05/2025,13:55,INV,4
306196,P:2223,07/05/2025,14:01,INV,5
306197,P:2224,09/05/2025,13:21,INV,9
306201,P:2233,01/05/2025,13:47,INV,9
306202,P:2234,08/05/2025,13:54,INV,15
306204,P:2235,19/05/2025,14:48,INV,6
306206,P:2240,26/05/2025,12:29,INV,10
306207,P:2244,06/05/2025,19:33,INV,3
306208,P:2245,11/05/2025,08:18,INV,9
306210,P:2247,28/05/2025,11:38,INV,3
306211,P:2247,01/05/2025,08:12,INV,5
306213,P:2250,25/05/2025,08:49,INV,6
306216,P:2255,13/05/2025,08:07,INV,3
306217,P:2255,21/05/2025,11:57,INV,13
306218,P:2256,27/05/2025,13:53,INV,5
306220,P:2258,03/05/2025,08:48,INV,5
306224,P:2261,01/05/2025,08:18,INV,2
306225,P:2261,02/05/2025,08:36,INV,8
306226,P:2261,01/05/2025,13:08,INV,5
306227,P:2264,13/05/2025,10:01,INV,2
306228,P:2264,16/05/2025,12:50,INV,2
306229,P:2264,23/05/2025,08:00,INV,5
306236,P:2270,06/05/2025,11:42,INV,4
306237,P:2270,15/05/2025,08:57,INV,4
306238,P:2274,06/05/2025,11:17,INV,9
306244,P:2283,27/05/2025,08:45,INV,7
9306244,P:2283,27/05/2025,10:45,CR,2
306245,P:2284,25/05/2025,12:25,INV,4
306246,P:2285,25/05/2025,12:38,INV,4
306248,P:2292,10/05/2025,13:15,INV,4
306249,P:2292,06/05/2025,10:52,INV,9
306250,P:2293,28/05/2025,09:20,INV,8
306251,P:2295,18/05/2025,16:30,INV,3
306253,P:2298,02/05/2025,09:36,INV,8
306254,P:2298,08/05/2025,14:46,INV,9
306255,P:2300,06/05/2025,15:28,INV,7
306256,P:2303,10/05/2025,13:30,INV,7
306257,P:2303,19/05/2025,12:45,INV,8
306261,P:2325,15/05/2025,11:46,INV,2
306262,P:2327,06/05/2025,08:22,INV,5
9306262,P:2327,06/05/2025,10:22,CR,2
306264,P:2328,27/05/2025,18:46,INV,5
306265,P:2331,20/05/2025,11:32,INV,3
306266,P:2331,20/05/2025,12:11,INV,2
306267,P:2342,14/05/2025,13:55,INV,11
306269,P:2347,18/05/2025,08:52,INV,7
306271,P:2354,01/05/2025,10:08,INV,8
306272,P:2354,12/05/2025,11:42,INV,3
306276,P:2356,18/05/2025,09:26,INV,6
306277,P:2357,16/05/2025,13:25,INV,13
306278,P:2358,24/05/2025,15:25,INV,5
306279,P:2365,15/05/2025,14:41,INV,10
306280,P:2365,01/05/2025,10:26,INV,6
306281,P:2365,13/05/2025,16:06,INV,13
306283,P:2368,04/05/2025,14:55,INV,6
306284,P:2368,13/05/2025,13:54,INV,5
306285,P:2368,16/05/2025,11:22,INV,4
306286,P:2368,05/05/2025,15:53,INV,2
306288,P:2378,26/05/2025,08:15,INV,10
306289,P:2380,05/05/2025,12:06,INV,7
306290,P:2381,12/05/2025,11:28,INV,8
306292,P:2382,02/05/2025,09:11,INV,7
306294,P:2383,20/05/2025,16:05,INV,9
306295,P:2385,24/05/2025,14:20,INV,15
306298,P:2390,04/05/2025,09:04,INV,15
306299,P:2391,16/05/2025,11:50,INV,8
306303,P:2399,26/05/2025,16:39,INV,8
306304,P:2399,03/05/2025,08:39,INV,12
306306,P:2406,23/05/2025,15:27,INV,2
306307,P:2406,05/05/2025,11:00,INV,6
306310,P:2411,28/05/2025,11:11,INV,2
306319,P:2419,11/05/2025,10:11,INV,3
306321,P:2428,24/05/2025,08:26,INV,5
306323,P:2430,22/05/2025,13:03,INV,5
306326,P:2435,06/05/2025,15:01,INV,11
306330,P:2442,07/05/2025,17:41,INV,6
306331,P:2442,12/05/2025,13:16,INV,5
306332,P:2443,24/05/2025,08:42,INV,10
306333,P:2443,07/05/2025,08:24,INV,3
306336,P:2445,02/05/2025,12:17,INV,8
306337,P:2445,13/05/2025,08:39,INV,4
306338,P:2448,22/05/2025,15:21,INV,7
306340,P:2450,27/05/2025,16:11,INV,2
306344,P:2462,24/05/2025,15:50,INV,5
306348,P:2474,01/05/2025,14:08,INV,7
9306348,P:2474,01/05/2025,16:08,CR,2
306349,P:2478,18/05/2025,12:01,INV,3
306350,P:2481,16/05/2025,14:18,INV,7
306351,P:2481,15/05/2025,09:54,INV,15
306352,P:2486,04/05/2025,12:54,INV,11
306354,P:2488,16/05/2025,11:59,INV,8
306355,P:2488,20/05/2025,08:09,INV,10
306356,P:2490,20/05/2025,09:08,INV,4
306357,P:2491,13/05/2025,15:48,INV,8
306358,P:2492,07/05/2025,17:28,INV,11
306359,P:2493,04/05/2025,08:56,INV,8
306363,P:2500,08/05/2025,12:53,INV,3
306364,P:2500,15/05/2025,14:47,INV,9
306366,P:2508,10/05/2025,08:47,INV,4
306367,P:2510,10/05/2025,15:25,INV,4
306369,P:2514,24/05/2025,16:08,INV,9
9306369,P:2514,24/05/2025,23:08,CR,2
306371,P:2515,19/05/2025,13:25,INV,2
306372,P:2515,24/05/2025,13:52,INV,5
306377,P:2518,21/05/2025,10:47,INV,9
306381,P:2527,11/05/2025,16:34,INV,4
306383,P:2530,01/05/2025,08:30,INV,11
306384,P:2531,21/05/2025,12:50,INV,3
306386,P:2539,04/05/2025,11:06,INV,9
306387,P:2539,23/05/2025,08:19,INV,4
306389,P:2541,28/05/2025,14:10,INV,5
306390,P:2543,04/05/2025,11:12,INV,14
306391,P:2549,16/05/2025,15:15,INV,3
306392,P:2549,14/05/2025,11:28,INV,11
306393,P:2549,20/05/2025,08:39,INV,14
306394,P:2550,12/05/2025,09:03,INV,7
306395,P:2554,07/05/2025,08:47,INV,7
306396,P:2554,25/05/2025,10:19,INV,3
306400,P:2557,12/05/2025,15:11,INV,9
306403,P:2561,01/05/2025,13:22,INV,4
306406,P:2563,08/05/2025,14:57,INV,3
306408,P:2570,24/05/2025,11:01,INV,4
306409,P:2572,07/05/2025,16:28,INV,6
306411,P:2574,01/05/2025,12:02,INV,9
306413,P:2581,25/05/2025,11:30,INV,2
306416,P:2584,06/05/2025,09:51,INV,6
306418,P:2587,20/05/2025,10:42,INV,6
306419,P:2588,12/05/2025,08:23,INV,9
306422,P:2597,15/05/2025,14:01,INV,2
306423,P:2601,22/05/2025,08:50,INV,2
306424,P:2601,20/05/2025,14:29,INV,7
306425,P:2602,08/05/2025,12:17,INV,7
9306425,P:2602,08/05/2025,13:17,CR,2
306427,P:2604,05/05/2025,08:14,INV,3
306428,P:2604,23/05/2025,14:50,INV,10
306429,P:2607,26/05/2025,12:24,INV,7
306430,P:2607,21/05/2025,08:47,INV,8
306431,P:2607,10/05/2025,13:53,INV,6
306432,P:2610,19/05/2025,15:03,INV,4
306433,P:2610,20/05/2025,08:51,INV,6
306434,P:2611,28/05/2025,11:23,INV,4
306437,P:2611,19/05/2025,08:13,INV,2
306439,P:2615,11/05/2025,13:57,INV,4
306442,P:2620,03/05/2025,16:41,INV,8
306444,P:2620,28/05/2025,13:34,INV,2
306447,P:2621,27/05/2025,12:38,INV,6
306450,P:2622,11/05/2025,18:26,INV,10
306453,P:2628,20/05/2025,17:10,INV,3
306459,P:2634,19/05/2025,10:21,INV,5
306461,P:2634,10/05/2025,14:14,INV,8
306464,P:2639,08/05/2025,08:29,INV,5
306467,P:2643,18/05/2025,12:01,INV,8
306469,P:2644,13/05/2025,14:38,INV,8
306470,P:2645,15/05/2025,10:41,INV,9
306473,P:2647,23/05/2025,13:58,INV,4
306479,P:2651,15/05/2025,17:12,INV,6
306481,P:2651,28/05/2025,09:01,INV,6
306483,P:2652,02/05/2025,13:27,INV,3
306484,P:2655,07/05/2025,18:01,INV,5
306488,P:2658,01/05/2025,13:50,INV,5
306491,P:2665,25/05/2025,12:20,INV,7
306492,P:2667,25/05/2025,13:56,INV,4
306494,P:2667,10/05/2025,17:34,INV,7
306500,P:2675,09/05/2025,12:53,INV,8
306501,P:2675,03/05/2025,13:13,INV,4
306502,P:2675,05/05/2025,13:49,INV,4
306504,P:2675,28/05/2025,08:49,INV,6
306505,P:2677,04/05/2025,17:39,INV,4
306507,P:2677,07/05/2025,10:58,INV,5
306509,P:2677,07/05/2025,17:54,INV,4
9306509,P:2677,07/05/2025,20:54,CR,2
306512,P:2684,01/05/2025,15:33,INV,5
306514,P:2685,08/05/2025,14:42,INV,5
306516,P:2687,07/05/2025,08:52,INV,4
306518,P:2694,26/05/2025,12:31,INV,9
306524,P:2703,16/05/2025,16:35,INV,15
306527,P:2707,06/05/2025,15:31,INV,6
306529,P:2709,01/05/2025,11:58,INV,12
306530,P:2710,11/05/2025,13:58,INV,10
306533,P:2716,15/05/2025,08:45,INV,12
306534,P:2719,21/05/2025,13:24,INV,2
306536,P:2721,14/05/2025,14:31,INV,5
306538,P:2726,13/05/2025,13:31,INV,2
306545,P:2736,16/05/2025,15:48,INV,6
306547,P:2739,17/05/2025,08:35,INV,7
306549,P:2746,17/05/2025,13:48,INV,12
306550,P:2746,03/05/2025,08:23,INV,9
306551,P:2746,24/05/2025,13:31,INV,9
306557,P:2754,20/05/2025,09:36,INV,6
306561,P:2757,01/05/2025,10:59,INV,10
306562,P:2757,09/05/2025,12:34,INV,5
306563,P:2761,10/05/2025,12:07,INV,8
306564,P:2766,21/05/2025,11:47,INV,8
306565,P:2768,17/05/2025,11:08,INV,3
306566,P:2769,11/05/2025,17:40,INV,7
306568,P:2772,27/05/2025,12:49,INV,5
306569,P:2780,24/05/2025,13:29,INV,5
306571,P:2780,02/05/2025,12:23,INV,4
306573,P:2782,17/05/2025,08:49,INV,7
306577,P:2790,14/05/2025,09:56,INV,9
306578,P:2794,24/05/2025,17:47,INV,11
306579,P:2795,02/05/2025,10:39,INV,6
306582,P:2803,13/05/2025,16:17,INV,14
306583,P:2813,12/05/2025,15:40,INV,7
306584,P:2815,12/05/2025,11:23,INV,6
306586,P:2816,06/05/2025,09:07,INV,6
9306586,P:2816,06/05/2025,12:07,CR,2
306587,P:2822,07/05/2025,11:33,INV,7
306588,P:2822,13/05/2025,14:55,INV,6
306590,P:1002,08/06/2025,10:53,INV,4
306591,P:1004,28/06/2025,16:03,INV,15
306594,P:1005,26/06/2025,19:25,INV,6
306595,P:1006,27/06/2025,17:34,INV,10
306597,P:1011,20/06/2025,11:08,INV,5
306598,P:1012,14/06/2025,11:09,INV,12
306599,P:1014,28/06/2025,11:47,INV,4
306600,P:1014,28/06/2025,12:42,INV,5
306602,P:1015,02/06/2025,13:35,INV,7
306603,P:1017,24/06/2025,12:52,INV,6
306605,P:1020,03/06/2025,11:42,INV,3
306608,P:1028,28/06/2025,12:34,INV,3
306609,P:1036,10/06/2025,09:41,INV,6
306610,P:1036,08/06/2025,11:38,INV,5
306611,P:1036,12/06/2025,09:15,INV,6
306612,P:1038,18/06/2025,18:49,INV,4
306614,P:1038,20/06/2025,15:31,INV,3
306617,P:1039,13/06/2025,12:02,INV,4
306618,P:1044,14/06/2025,11:37,INV,4
306621,P:1046,26/06/2025,12:29,INV,2
306622,P:1048,28/06/2025,10:22,INV,4
306623,P:1048,27/06/2025,15:04,INV,12
306624,P:1049,03/06/2025,16:57,INV,8
306625,P:1049,11/06/2025,08:38,INV,7
306627,P:1051,04/06/2025,12:07,INV,10
306629,P:1052,01/06/2025,10:02,INV,5
306631,P:1055,11/06/2025,08:36,INV,3
306635,P:1065,01/06/2025,12:21,INV,5
306638,P:1068,25/06/2025,15:02,INV,10
306639,P:1076,24/06/2025,13:51,INV,5
306640,P:1079,18/06/2025,08:57,INV,4
306642,P:1080,22/06/2025,13:29,INV,3
306643,P:1080,14/06/2025,12:20,INV,12
306644,P:1083,15/06/2025,11:00,INV,7
306646,P:1086,27/06/2025,08:46,INV,5
306648,P:1090,09/06/2025,16:16,INV,10
306649,P:1092,14/06/2025,14:06,INV,6
306651,P:1098,28/06/2025,18:01,INV,4
306653,P:1100,16/06/2025,08:48,INV,6
306655,P:1103,18/06/2025,13:00,INV,4
306657,P:1103,13/06/2025,14:08,INV,7
306661,P:1110,09/06/2025,12:57,INV,6
306667,P:1118,06/06/2025,12:36,INV,13
306671,P:1122,20/06/2025,17:41,INV,3
306672,P:1122,09/06/2025,13:33,INV,5
306673,P:1124,09/06/2025,08:11,INV,4
306674,P:1132,26/06/2025,11:36,INV,5
306675,P:1132,04/06/2025,15:11,INV,7
306677,P:1135,24/06/2025,08:29,INV,9
306683,P:1141,18/06/2025,12:17,INV,2
306685,P:1146,16/06/2025,15:29,INV,11
306686,P:1146,10/06/2025,17:28,INV,6
306688,P:1148,17/06/2025,08:05,INV,7
306693,P:1153,04/06/2025,08:39,INV,3
306695,P:1154,20/06/2025,11:25,INV,8
306698,P:1159,06/06/2025,09:56,INV,4
306699,P:1159,13/06/2025,08:12,INV,3
306702,P:1164,27/06/2025,16:19,INV,3
306707,P:1168,25/06/2025,16:56,INV,3
306710,P:1171,10/06/2025,15:54,INV,5
306712,P:1177,05/06/2025,10:57,INV,4
306713,P:1177,12/06/2025,08:18,INV,7
306714,P:1180,02/06/2025,12:19,INV,3
306717,P:1188,22/06/2025,12:26,INV,8
306718,P:1188,13/06/2025,14:05,INV,5
306719,P:1195,15/06/2025,15:24,INV,5
306721,P:1196,15/06/2025,11:41,INV,5
306722,P:1197,25/06/2025,19:44,INV,4
306723,P:1200,23/06/2025,11:31,INV,9
306726,P:1204,04/06/2025,11:43,INV,6
306729,P:1207,23/06/2025,10:42,INV,5
306730,P:1207,28/06/2025,12:04,INV,7
306731,P:1211,10/06/2025,08:29,INV,11
306732,P:1211,11/06/2025,18:45,INV,5
306736,P:1216,20/06/2025,08:02,INV,11
306737,P:1216,02/06/2025,17:32,INV,2
306738,P:1216,06/06/2025,15:40,INV,4
306739,P:1218,13/06/2025,13:54,INV,6
306740,P:1219,11/06/2025,13:26,INV,8
306743,P:1227,07/06/2025,15:16,INV,4
306746,P:1230,03/06/2025,09:18,INV,9
306750,P:1232,18/06/2025,16:22,INV,6
306751,P:1232,18/06/2025,13:57,INV,8
306752,P:1232,11/06/2025,14:50,INV,5
306753,P:1233,14/06/2025,10:43,INV,8
306754,P:1233,09/06/2025,11:29,INV,4
306755,P:1236,06/06/2025,08:22,INV,15
306760,P:1244,26/06/2025,09:07,INV,10
306761,P:1246,08/06/2025,14:06,INV,7
306763,P:1249,28/06/2025,08:29,INV,3
306764,P:1252,08/06/2025,12:23,INV,3
306765,P:1252,08/06/2025,15:47,INV,7
306766,P:1254,09/06/2025,13:35,INV,6
306769,P:1257,26/06/2025,17:13,INV,8
306770,P:1261,28/06/2025,15:29,INV,11
306771,P:1262,01/06/2025,11:59,INV,5
306773,P:1262,06/06/2025,09:56,INV,6
306777,P:1266,15/06/2025,10:01,INV,8
306778,P:1266,24/06/2025,08:59,INV,6
306780,P:1270,02/06/2025,11:42,INV,12
306781,P:1271,17/06/2025,12:21,INV,6
306782,P:1275,08/06/2025,13:10,INV,15
306783,P:1277,02/06/2025,13:02,INV,6
306784,P:1277,12/06/2025,12:05,INV,7
306787,P:1288,20/06/2025,08:44,INV,6
306789,P:1289,07/06/2025,13:37,INV,14
306790,P:1296,19/06/2025,09:19,INV,8
306791,P:1296,24/06/2025,14:33,INV,8
306793,P:1297,21/06/2025,14:49,INV,4
306796,P:1306,01/06/2025,08:03,INV,9
306797,P:1306,26/06/2025,11:01,INV,5
306798,P:1308,02/06/2025,10:45,INV,2
306799,P:1308,22/06/2025,15:13,INV,4
306802,P:1312,10/06/2025,12:24,INV,7
306803,P:1312,20/06/2025,15:59,INV,7
306805,P:1313,05/06/2025,10:05,INV,2
306807,P:1314,16/06/2025,13:42,INV,5
306808,P:1315,02/06/2025,12:43,INV,8
306809,P:1316,06/06/2025,10:16,INV,11
306814,P:1325,02/06/2025,17:22,INV,5
306817,P:1328,21/06/2025,08:21,INV,15
306819,P:1329,23/06/2025,15:32,INV,7
306820,P:1329,24/06/2025,13:48,INV,5
306822,P:1332,13/06/2025,13:49,INV,9
306824,P:1334,06/06/2025,13:40,INV,6
306826,P:1335,26/06/2025,13:36,INV,4
306827,P:1336,16/06/2025,14:55,INV,6
306829,P:1339,24/06/2025,17:41,INV,7
306831,P:1344,03/06/2025,12:44,INV,5
306832,P:1344,02/06/2025,16:47,INV,6
306833,P:1345,18/06/2025,11:34,INV,6
306835,P:1347,07/06/2025,08:18,INV,6
306837,P:1347,28/06/2025,08:45,INV,9
306840,P:1348,17/06/2025,09:24,INV,8
306841,P:1350,20/06/2025,09:03,INV,3
306842,P:1354,18/06/2025,10:03,INV,4
306846,P:1357,26/06/2025,13:52,INV,8
306851,P:1367,17/06/2025,14:08,INV,8
306854,P:1375,08/06/2025,20:26,INV,7
306855,P:1377,26/06/2025,13:20,INV,8
306856,P:1379,28/06/2025,11:47,INV,11
306857,P:1381,26/06/2025,09:19,INV,7
306860,P:1388,01/06/2025,08:49,INV,5
306863,P:1395,07/06/2025,13:27,INV,8
306865,P:1397,07/06/2025,08:13,INV,3
306866,P:1397,16/06/2025,10:16,INV,8
306869,P:1397,22/06/2025,13:14,INV,13
306870,P:1399,14/06/2025,13:05,INV,3
306871,P:1399,15/06/2025,08:59,INV,8
306872,P:1399,26/06/2025,13:13,INV,12
306873,P:1399,23/06/2025,10:02,INV,4
306875,P:1403,19/06/2025,11:31,INV,5
306878,P:1413,05/06/2025,11:54,INV,10
306879,P:1413,18/06/2025,17:07,INV,3
306880,P:1414,26/06/2025,08:57,INV,9
306885,P:1417,24/06/2025,14:01,INV,7
306887,P:1418,20/06/2025,08:25,INV,3
306889,P:1420,18/06/2025,08:08,INV,7
306890,P:1423,03/06/2025,12:13,INV,13
306895,P:1430,10/06/2025,13:33,INV,6
306896,P:1433,06/06/2025,13:22,INV,8
306897,P:1435,06/06/2025,15:23,INV,9
306899,P:1435,19/06/2025,11:30,INV,8
9306899,P:1435,19/06/2025,14:30,CR,2
306900,P:1439,02/06/2025,12:36,INV,6
306901,P:1440,27/06/2025,18:30,INV,8
306902,P:1440,13/06/2025,11:36,INV,6
306903,P:1440,04/06/2025,15:58,INV,5
306907,P:1445,01/06/2025,14:54,INV,12
306908,P:1447,01/06/2025,16:49,INV,4
306909,P:1449,28/06/2025,11:03,INV,6
306911,P:1452,09/06/2025,13:56,INV,14
306913,P:1456,16/06/2025,08:15,INV,5
306915,P:1456,01/06/2025,11:57,INV,8
306916,P:1457,16/06/2025,11:24,INV,10
306920,P:1460,20/06/2025,15:06,INV,8
306922,P:1464,03/06/2025,11:12,INV,6
306923,P:1466,27/06/2025,18:43,INV,4
306926,P:1468,20/06/2025,11:07,INV,7
306928,P:1469,08/06/2025,15:31,INV,5
306929,P:1471,08/06/2025,14:41,INV,7
306932,P:1475,28/06/2025,11:07,INV,10
306933,P:1477,21/06/2025,11:10,INV,9
306939,P:1484,03/06/2025,11:58,INV,15
306940,P:1484,14/06/2025,14:08,INV,10
306941,P:1486,06/06/2025,16:36,INV,8
306946,P:1496,26/06/2025,08:50,INV,10
306948,P:1497,02/06/2025,13:32,INV,9
306949,P:1500,02/06/2025,13:21,INV,5
9306949,P:1500,02/06/2025,20:21,CR,2
306952,P:1509,04/06/2025,14:32,INV,6
306955,P:1510,26/06/2025,09:20,INV,12
306956,P:1510,24/06/2025,14:37,INV,4
306961,P:1519,20/06/2025,18:07,INV,5
306962,P:1521,19/06/2025,08:03,INV,11
306963,P:1526,18/06/2025,08:57,INV,7
306965,P:1534,14/06/2025,13:35,INV,7
306967,P:1535,22/06/2025,12:14,INV,2
306968,P:1536,08/06/2025,12:55,INV,2
306970,P:1539,20/06/2025,08:02,INV,11
306971,P:1542,05/06/2025,17:43,INV,4
306972,P:1542,02/06/2025,11:08,INV,10
306973,P:1543,05/06/2025,13:56,INV,4
306977,P:1546,19/06/2025,16:34,INV,10
306978,P:1547,28/06/2025,12:11,INV,8
306979,P:1550,28/06/2025,08:48,INV,6
306981,P:1552,10/06/2025,12:09,INV,5
306984,P:1552,05/06/2025,11:37,INV,2
306985,P:1553,22/06/2025,14:12,INV,14
306992,P:1558,15/06/2025,08:09,INV,4
306995,P:1564,07/06/2025,11:10,INV,8
306996,P:1564,21/06/2025,09:02,INV,3
306998,P:1569,16/06/2025,10:51,INV,8
306999,P:1569,26/06/2025,13:53,INV,6
307000,P:1569,12/06/2025,09:01,INV,2
307001,P:1571,19/06/2025,13:19,INV,9
9307001,P:1571,19/06/2025,14:19,CR,2
307004,P:1573,23/06/2025,12:00,INV,8
307007,P:1575,19/06/2025,15:14,INV,4
307008,P:1575,17/06/2025,11:37,INV,6
307011,P:1578,19/06/2025,13:02,INV,4
307012,P:1578,22/06/2025,16:57,INV,8
307013,P:1580,03/06/2025,10:23,INV,3
307014,P:1583,21/06/2025,15:41,INV,4
307016,P:1587,19/06/2025,11:02,INV,3
307018,P:1589,01/06/2025,08:31,INV,7
307022,P:1596,27/06/2025,17:59,INV,6
307023,P:1597,01/06/2025,09:46,INV,2
307024,P:1603,21/06/2025,11:47,INV,6
307025,P:1603,26/06/2025,08:31,INV,2
307028,P:1607,05/06/2025,11:02,INV,3
307029,P:1612,02/06/2025,10:14,INV,2
307032,P:1613,06/06/2025,12:40,INV,8
307033,P:1616,12/06/2025,15:57,INV,6
307035,P:1616,24/06/2025,14:43,INV,5
307037,P:1618,14/06/2025,17:02,INV,10
307039,P:1618,28/06/2025,12:04,INV,13
307040,P:1620,08/06/2025,12:05,INV,8
307041,P:1620,21/06/2025,11:28,INV,5
307042,P:1622,11/06/2025,11:06,INV,8
307044,P:1622,26/06/2025,14:04,INV,7
307046,P:1630,18/06/2025,14:23,INV,4
307047,P:1630,14/06/2025,12:03,INV,5
307049,P:1633,09/06/2025,13:15,INV,10
307050,P:1634,20/06/2025,16:44,INV,5
307052,P:1635,02/06/2025,10:29,INV,11
307054,P:1636,14/06/2025,09:41,INV,4
307055,P:1636,19/06/2025,10:55,INV,7
307059,P:1637,16/06/2025,15:06,INV,9
307060,P:1639,07/06/2025,10:48,INV,6
307062,P:1639,14/06/2025,09:15,INV,6
307064,P:1641,20/06/2025,16:42,INV,4
307065,P:1641,06/06/2025,13:47,INV,5
307066,P:1641,04/06/2025,14:32,INV,6
307068,P:1643,17/06/2025,11:24,INV,6
307070,P:1647,02/06/2025,12:39,INV,8
307072,P:1648,06/06/2025,12:33,INV,4
307073,P:1648,24/06/2025,12:02,INV,3
307074,P:1649,07/06/2025,12:12,INV,7
307078,P:1656,11/06/2025,13:53,INV,5
307081,P:1663,03/06/2025,12:57,INV,5
307082,P:1663,26/06/2025,11:52,INV,7
307084,P:1670,17/06/2025,08:30,INV,7
307086,P:1673,14/06/2025,11:01,INV,3
307088,P:1687,05/06/2025,14:20,INV,3
307089,P:1687,28/06/2025,12:31,INV,5
307091,P:1688,14/06/2025,09:34,INV,10
307092,P:1692,26/06/2025,14:23,INV,5
307094,P:1693,22/06/2025,21:21,INV,8
307095,P:1693,20/06/2025,10:38,INV,14
307096,P:1693,26/06/2025,12:03,INV,5
307097,P:1695,06/06/2025,12:08,INV,2
307102,P:1701,14/06/2025,16:24,INV,10
307107,P:1706,11/06/2025,14:28,INV,12
307108,P:1708,21/06/2025,16:07,INV,8
307109,P:1709,18/06/2025,15:30,INV,5
307112,P:1712,13/06/2025,10:59,INV,6
307113,P:1714,19/06/2025,14:30,INV,6
307114,P:1715,13/06/2025,13:15,INV,2
307115,P:1715,04/06/2025,14:43,INV,5
307117,P:1718,08/06/2025,09:30,INV,3
307118,P:1718,05/06/2025,15:59,INV,10
307124,P:1724,23/06/2025,13:11,INV,7
307125,P:1724,15/06/2025,13:57,INV,9
307127,P:1724,18/06/2025,08:27,INV,4
307128,P:1727,23/06/2025,13:30,INV,14
307130,P:1728,05/06/2025,08:25,INV,6
307131,P:1729,20/06/2025,14:29,INV,6
307134,P:1733,25/06/2025,08:57,INV,10
307136,P:1736,19/06/2025,13:18,INV,6
307137,P:1736,20/06/2025,08:07,INV,6
307141,P:1747,26/06/2025,19:30,INV,10
307142,P:1748,24/06/2025,09:39,INV,6
307143,P:1750,16/06/2025,16:41,INV,13
307144,P:1750,28/06/2025,11:54,INV,5
307146,P:1755,08/06/2025,15:56,INV,11
307147,P:1756,02/06/2025,10:05,INV,3
307148,P:1757,17/06/2025,09:33,INV,9
307149,P:1757,26/06/2025,12:26,INV,8
9307149,P:1757,26/06/2025,17:26,CR,2
307150,P:1759,18/06/2025,10:51,INV,9
307151,P:1759,13/06/2025,13:03,INV,5
307154,P:1768,26/06/2025,15:05,INV,7
307155,P:1769,18/06/2025,15:55,INV,6
307156,P:1770,20/06/2025,12:51,INV,3
307157,P:1770,26/06/2025,09:08,INV,2
307163,P:1777,18/06/2025,10:40,INV,4
307164,P:1777,21/06/2025,10:27,INV,5
307165,P:1780,15/06/2025,11:50,INV,4
307167,P:1786,24/06/2025,10:32,INV,6
307168,P:1786,15/06/2025,20:35,INV,4
307169,P:1787,15/06/2025,08:25,INV,2
307174,P:1791,06/06/2025,16:57,INV,8
307175,P:1792,26/06/2025,08:53,INV,4
307179,P:1795,27/06/2025,09:41,INV,15
307181,P:1797,26/06/2025,12:28,INV,8
307184,P:1799,14/06/2025,09:38,INV,7
307186,P:1803,03/06/2025,11:18,INV,13
307188,P:1803,27/06/2025,17:17,INV,9
307189,P:1804,15/06/2025,11:25,INV,4
307191,P:1805,26/06/2025,13:11,INV,7
307192,P:1807,12/06/2025,11:18,INV,4
307195,P:1810,28/06/2025,14:11,INV,3
307196,P:1810,11/06/2025,15:46,INV,4
307198,P:1815,14/06/2025,08:02,INV,5
307201,P:1820,27/06/2025,10:49,INV,5
307205,P:1825,19/06/2025,11:46,INV,6
307208,P:1829,11/06/2025,15:54,INV,3
307211,P:1835,09/06/2025,16:31,INV,8
307212,P:1835,09/06/2025,15:02,INV,4
307214,P:1842,26/06/2025,12:01,INV,15
307215,P:1846,07/06/2025,09:26,INV,4
307216,P:1846,15/06/2025,12:56,INV,11
307218,P:1847,22/06/2025,09:53,INV,4
307221,P:1848,24/06/2025,09:18,INV,9
307222,P:1848,17/06/2025,12:54,INV,10
307224,P:1849,17/06/2025,11:19,INV,9
307230,P:1857,03/06/2025,12:45,INV,6
307231,P:1857,19/06/2025,12:49,INV,12
307232,P:1859,07/06/2025,10:46,INV,2
307233,P:1860,04/06/2025,17:16,INV,5
307234,P:1860,11/06/2025,08:13,INV,9
307235,P:1860,13/06/2025,17:10,INV,7
307237,P:1865,26/06/2025,12:05,INV,13
307240,P:1872,03/06/2025,10:29,INV,13
307241,P:1874,03/06/2025,12:19,INV,6
307242,P:1876,05/06/2025,13:25,INV,12
9307242,P:1876,05/06/2025,16:25,CR,2
307243,P:1878,04/06/2025,17:01,INV,3
307244,P:1880,07/06/2025,09:10,INV,3
307246,P:1885,15/06/2025,09:24,INV,4
307252,P:1896,09/06/2025,09:22,INV,6
9307252,P:1896,09/06/2025,16:22,CR,2
307254,P:1900,07/06/2025,11:18,INV,9
307255,P:1901,10/06/2025,17:16,INV,3
307259,P:1904,12/06/2025,09:26,INV,3
307263,P:1906,26/06/2025,08:59,INV,7
307267,P:1908,19/06/2025,13:46,INV,4
307268,P:1914,03/06/2025,12:22,INV,4
307270,P:1914,23/06/2025,11:00,INV,3
307274,P:1917,05/06/2025,10:48,INV,6
307275,P:1926,17/06/2025,10:22,INV,7
307277,P:1931,07/06/2025,12:52,INV,3
307281,P:1934,10/06/2025,16:07,INV,2
307282,P:1938,17/06/2025,16:03,INV,6
307283,P:1939,15/06/2025,14:20,INV,6
307286,P:1942,26/06/2025,08:31,INV,12
307290,P:1946,13/06/2025,16:20,INV,5
307292,P:1947,24/06/2025,08:09,INV,15
307294,P:1950,16/06/2025,12:05,INV,12
307297,P:1957,21/06/2025,13:03,INV,8
307299,P:1959,14/06/2025,08:41,INV,3
307300,P:1959,17/06/2025,15:25,INV,10
307303,P:1961,28/06/2025,12:44,INV,2
307310,P:1982,24/06/2025,10:25,INV,13
307311,P:1982,24/06/2025,14:12,INV,8
307312,P:1983,19/06/2025,18:37,INV,8
9307312,P:1983,19/06/2025,19:37,CR,2
307313,P:1986,12/06/2025,13:05,INV,6
307314,P:1986,01/06/2025,08:59,INV,6
307318,P:1990,15/06/2025,11:36,INV,5
307322,P:1992,10/06/2025,13:25,INV,12
307324,P:1996,11/06/2025,13:34,INV,6
307328,P:1997,10/06/2025,11:19,INV,6
307329,P:1999,27/06/2025,17:28,INV,7
307330,P:2002,26/06/2025,15:32,INV,6
307331,P:2007,08/06/2025,11:52,INV,5
307335,P:2014,05/06/2025,12:38,INV,4
307336,P:2015,07/06/2025,08:42,INV,15
307338,P:2017,25/06/2025,13:07,INV,3
9307338,P:2017,25/06/2025,19:07,CR,2
307339,P:2018,04/06/2025,19:21,INV,7
307340,P:2020,03/06/2025,16:16,INV,5
307344,P:2025,12/06/2025,16:27,INV,7
307348,P:2033,24/06/2025,11:51,INV,4
307349,P:2035,17/06/2025,15:28,INV,6
307351,P:2036,02/06/2025,08:57,INV,9
307352,P:2036,11/06/2025,13:54,INV,6
307355,P:2038,06/06/2025,11:08,INV,13
307357,P:2038,05/06/2025,11:19,INV,8
307358,P:2039,03/06/2025,09:19,INV,10
307359,P:2040,20/06/2025,08:25,INV,3
307365,P:2054,03/06/2025,16:50,INV,6
307366,P:2056,06/06/2025,13:56,INV,8
9307366,P:2056,06/06/2025,17:56,CR,2
307367,P:2057,23/06/2025,11:34,INV,3
307372,P:2069,08/06/2025,17:12,INV,10
307375,P:2077,28/06/2025,16:30,INV,7
307376,P:2077,28/06/2025,12:21,INV,9
307377,P:2078,18/06/2025,13:40,INV,4
307378,P:2081,16/06/2025,11:51,INV,9
307380,P:2083,19/06/2025,14:16,INV,2
307382,P:2084,11/06/2025,10:33,INV,6
307387,P:2088,20/06/2025,16:57,INV,4
307388,P:2089,19/06/2025,12:50,INV,5
307392,P:2089,02/06/2025,08:44,INV,5
307393,P:2091,28/06/2025,08:29,INV,8
307394,P:2091,14/06/2025,16:20,INV,2
307397,P:2098,20/06/2025,14:52,INV,5
307399,P:2101,08/06/2025,13:48,INV,15
307400,P:2103,06/06/2025,08:48,INV,5
307402,P:2104,09/06/2025,12:45,INV,9
307403,P:2104,28/06/2025,08:16,INV,11
307407,P:2113,26/06/2025,14:31,INV,5
307409,P:2118,01/06/2025,15:08,INV,3
307411,P:2124,20/06/2025,13:56,INV,7
307412,P:2125,19/06/2025,17:37,INV,8
307413,P:2126,19/06/2025,11:07,INV,7
307414,P:2129,12/06/2025,09:44,INV,5
9307414,P:2129,12/06/2025,15:44,CR,2
307416,P:2130,04/06/2025,13:42,INV,13
307419,P:2131,02/06/2025,14:59,INV,7
307420,P:2131,02/06/2025,12:15,INV,11
307421,P:2132,05/06/2025,14:28,INV,13
307424,P:2134,18/06/2025,12:04,INV,5
9307424,P:2134,18/06/2025,19:04,CR,2
307430,P:2140,20/06/2025,12:09,INV,8
307431,P:2145,12/06/2025,12:11,INV,4
307434,P:2149,20/06/2025,12:40,INV,5
307436,P:2150,10/06/2025,10:13,INV,8
307437,P:2154,27/06/2025,15:39,INV,13
307438,P:2154,10/06/2025,11:03,INV,9
307442,P:2162,12/06/2025,17:36,INV,7
307443,P:2163,01/06/2025,11:11,INV,6
307445,P:2164,03/06/2025,11:37,INV,6
307447,P:2171,19/06/2025,14:53,INV,10
307450,P:2177,04/06/2025,11:30,INV,2
307452,P:2182,02/06/2025,08:46,INV,2
307454,P:2184,09/06/2025,10:42,INV,7
307455,P:2185,16/06/2025,16:40,INV,5
307456,P:2187,16/06/2025,08:00,INV,8
307458,P:2193,09/06/2025,11:00,INV,5
307464,P:2202,20/06/2025,13:21,INV,8
307465,P:2203,17/06/2025,17:30,INV,3
307466,P:2203,28/06/2025,10:59,INV,9
9307466,P:2203,28/06/2025,17:59,CR,2
307467,P:2204,12/06/2025,13:42,INV,7
307470,P:2205,01/06/2025,09:05,INV,12
307471,P:2206,25/06/2025,12:52,INV,6
307472,P:2206,23/06/2025,13:26,INV,9
307474,P:2207,28/06/2025,16:30,INV,6
307475,P:2208,14/06/2025,13:49,INV,8
307476,P:2215,11/06/2025,14:37,INV,3
307478,P:2217,04/06/2025,12:44,INV,9
307479,P:2218,06/06/2025,10:16,INV,4
307483,P:2220,27/06/2025,19:46,INV,6
307485,P:2223,02/06/2025,13:23,INV,15
307486,P:2234,15/06/2025,09:04,INV,5
307488,P:2234,10/06/2025,09:50,INV,3
307490,P:2238,18/06/2025,14:47,INV,7
307493,P:2242,08/06/2025,16:51,INV,2
307495,P:2247,20/06/2025,10:11,INV,8
307498,P:2249,03/06/2025,11:48,INV,4
307504,P:2258,04/06/2025,13:43,INV,3
307505,P:2259,20/06/2025,09:18,INV,8
307506,P:2261,18/06/2025,10:01,INV,8
307508,P:2263,22/06/2025,09:27,INV,5
307509,P:2264,06/06/2025,10:08,INV,6
307510,P:2264,26/06/2025,14:39,INV,6
307515,P:2279,26/06/2025,15:37,INV,7
307516,P:2279,03/06/2025,09:28,INV,7
307518,P:2282,22/06/2025,13:48,INV,5
307519,P:2282,26/06/2025,15:47,INV,9
307520,P:2283,09/06/2025,15:50,INV,13
307521,P:2286,07/06/2025,08:30,INV,5
307522,P:2287,19/06/2025,16:07,INV,9
307525,P:2288,11/06/2025,12:10,INV,8
307526,P:2292,22/06/2025,08:50,INV,8
307527,P:2292,19/06/2025,14:06,INV,8
307531,P:2297,24/06/2025,14:01,INV,6
307532,P:2298,27/06/2025,14:03,INV,6
307533,P:2299,06/06/2025,12:21,INV,5
307534,P:2300,02/06/2025,14:55,INV,8
307537,P:2302,04/06/2025,12:53,INV,10
307538,P:2306,13/06/2025,14:35,INV,10
307539,P:2306,16/06/2025,16:24,INV,5
307541,P:2310,25/06/2025,09:01,INV,7
9307541,P:2310,25/06/2025,16:01,CR,2
307544,P:2324,21/06/2025,14:14,INV,7
307547,P:2330,01/06/2025,13:34,INV,5
307549,P:2335,22/06/2025,10:51,INV,10
307550,P:2336,04/06/2025,15:52,INV,9
307555,P:2344,12/06/2025,10:33,INV,8
307556,P:2349,17/06/2025,08:38,INV,3
307557,P:2349,21/06/2025,13:41,INV,4
307559,P:2355,25/06/2025,12:56,INV,5
307560,P:2356,01/06/2025,09:16,INV,3
307561,P:2356,09/06/2025,12:12,INV,12
307562,P:2357,24/06/2025,15:43,INV,8
307563,P:2357,24/06/2025,08:51,INV,6
307564,P:2359,28/06/2025,11:39,INV,11
307566,P:2365,26/06/2025,16:24,INV,5
307567,P:2365,07/06/2025,13:45,INV,6
307569,P:2367,12/06/2025,16:32,INV,5
307571,P:2368,08/06/2025,08:43,INV,5
307573,P:2371,01/06/2025,12:03,INV,13
307574,P:2372,23/06/2025,12:32,INV,6
307575,P:2373,16/06/2025,14:36,INV,4
307578,P:2377,07/06/2025,08:33,INV,8
307579,P:2377,26/06/2025,09:35,INV,5
307583,P:2381,08/06/2025,12:18,INV,9
307584,P:2381,04/06/2025,12:13,INV,12
307585,P:2382,10/06/2025,08:50,INV,4
307587,P:2385,09/06/2025,18:20,INV,7
307592,P:2389,28/06/2025,14:33,INV,8
307601,P:2394,23/06/2025,09:40,INV,11
307604,P:2399,21/06/2025,11:44,INV,9
307605,P:2399,16/06/2025,11:24,INV,10
307606,P:2399,10/06/2025,10:00,INV,7
307611,P:2406,15/06/2025,14:13,INV,4
307612,P:2406,18/06/2025,13:05,INV,10
307613,P:2409,18/06/2025,11:51,INV,6
307614,P:2411,18/06/2025,15:35,INV,12
307615,P:2412,10/06/2025,15:17,INV,6
307616,P:2413,26/06/2025,11:27,INV,5
307618,P:2413,18/06/2025,14:26,INV,5
307619,P:2417,26/06/2025,10:26,INV,7
307620,P:2417,05/06/2025,13:23,INV,8
307621,P:2418,25/06/2025,11:49,INV,9
307622,P:2418,10/06/2025,14:50,INV,4
307625,P:2419,01/06/2025,11:20,INV,10
307626,P:2419,10/06/2025,09:45,INV,10
307627,P:2426,23/06/2025,15:12,INV,3
307628,P:2428,22/06/2025,12:35,INV,6
9307628,P:2428,22/06/2025,18:35,CR,2
307629,P:2428,13/06/2025,16:05,INV,3
307630,P:2430,19/06/2025,13:54,INV,14
307632,P:2432,07/06/2025,16:52,INV,9
307633,P:2434,13/06/2025,12:41,INV,4
307634,P:2435,05/06/2025,12:13,INV,3
307635,P:2435,24/06/2025,08:44,INV,9
307636,P:2443,15/06/2025,11:37,INV,7
307637,P:2444,19/06/2025,12:55,INV,3
307638,P:2445,28/06/2025,16:59,INV,5
307639,P:2447,04/06/2025,13:27,INV,8
307642,P:2450,12/06/2025,11:44,INV,4
307645,P:2461,10/06/2025,13:29,INV,15
307646,P:2462,12/06/2025,15:32,INV,8
307649,P:2462,11/06/2025,13:26,INV,8
307650,P:2464,05/06/2025,09:06,INV,8
307651,P:2464,05/06/2025,15:58,INV,9
307653,P:2465,22/06/2025,16:35,INV,3
307654,P:2467,16/06/2025,14:18,INV,6
307655,P:2467,03/06/2025,08:41,INV,11
307656,P:2467,24/06/2025,13:06,INV,9
307659,P:2474,25/06/2025,09:43,INV,11
307660,P:2477,24/06/2025,11:37,INV,5
307663,P:2480,08/06/2025,10:52,INV,15
307665,P:2481,22/06/2025,11:31,INV,12
307667,P:2484,09/06/2025,13:40,INV,8
307668,P:2484,16/06/2025,13:43,INV,7
307669,P:2484,22/06/2025,11:53,INV,3
307674,P:2492,28/06/2025,08:54,INV,4
307675,P:2494,10/06/2025,12:56,INV,7
307676,P:2494,24/06/2025,17:19,INV,5
307678,P:2499,17/06/2025,14:51,INV,8
307681,P:2507,07/06/2025,13:40,INV,9
307682,P:2507,25/06/2025,10:08,INV,7
307684,P:2512,23/06/2025,08:16,INV,6
307685,P:2512,07/06/2025,11:52,INV,5
307688,P:2513,16/06/2025,16:34,INV,10
307689,P:2513,06/06/2025,11:35,INV,10
307690,P:2514,01/06/2025,11:24,INV,9
307691,P:2514,05/06/2025,10:02,INV,11
307692,P:2515,25/06/2025,12:34,INV,5
307694,P:2515,26/06/2025,14:21,INV,4
307696,P:2518,27/06/2025,16:51,INV,8
307701,P:2531,23/06/2025,10:00,INV,7
307702,P:2535,04/06/2025,09:33,INV,6
307703,P:2535,18/06/2025,12:13,INV,5
307706,P:2537,15/06/2025,12:53,INV,8
307709,P:2539,12/06/2025,11:16,INV,4
307710,P:2539,03/06/2025,14:39,INV,8
307712,P:2541,12/06/2025,13:45,INV,9
307714,P:2544,18/06/2025,16:27,INV,4
307715,P:2550,13/06/2025,12:05,INV,8
307716,P:2563,04/06/2025,16:47,INV,6
307719,P:2570,11/06/2025,16:12,INV,6
307720,P:2574,21/06/2025,15:07,INV,5
307722,P:2586,21/06/2025,14:23,INV,6
307724,P:2589,02/06/2025,11:08,INV,5
307726,P:2591,14/06/2025,12:02,INV,10
307728,P:2593,06/06/2025,11:23,INV,6
307730,P:2594,11/06/2025,12:00,INV,5
307732,P:2596,21/06/2025,13:58,INV,3
307734,P:2599,06/06/2025,12:10,INV,5
307735,P:2602,04/06/2025,12:27,INV,2
307737,P:2603,19/06/2025,15:29,INV,6
307739,P:2603,14/06/2025,13:57,INV,9
307740,P:2604,25/06/2025,08:13,INV,6
307741,P:2609,20/06/2025,14:02,INV,9
307742,P:2610,10/06/2025,13:39,INV,4
307745,P:2611,26/06/2025,11:54,INV,13
9307745,P:2611,26/06/2025,16:54,CR,2
307749,P:2619,08/06/2025,14:15,INV,4
307750,P:2620,23/06/2025,13:09,INV,4
307751,P:2620,16/06/2025,11:59,INV,4
307752,P:2621,05/06/2025,16:49,INV,7
307754,P:2621,22/06/2025,18:28,INV,6
307756,P:2623,07/06/2025,10:16,INV,8
307758,P:2625,02/06/2025,14:23,INV,11
9307758,P:2625,02/06/2025,15:23,CR,2
307761,P:2628,16/06/2025,11:46,INV,7
307762,P:2628,26/06/2025,14:22,INV,10
307763,P:2629,01/06/2025,10:18,INV,7
307764,P:2629,22/06/2025,08:58,INV,8
307766,P:2629,16/06/2025,16:25,INV,6
307768,P:2634,24/06/2025,10:13,INV,11
9307768,P:2634,24/06/2025,13:13,CR,2
307769,P:2634,09/06/2025,08:19,INV,9
307775,P:2646,09/06/2025,14:26,INV,7
307778,P:2651,13/06/2025,12:33,INV,4
307779,P:2653,09/06/2025,08:48,INV,11
307780,P:2658,04/06/2025,08:07,INV,2
307781,P:2661,05/06/2025,11:25,INV,14
307786,P:2663,19/06/2025,16:44,INV,5
307787,P:2665,01/06/2025,09:52,INV,4
307789,P:2668,06/06/2025,10:21,INV,5
307791,P:2672,28/06/2025,15:30,INV,7
307793,P:2672,18/06/2025,16:59,INV,4
307795,P:2673,24/06/2025,15:44,INV,11
307797,P:2675,06/06/2025,15:25,INV,6
307798,P:2675,23/06/2025,08:54,INV,4
307799,P:2675,13/06/2025,13:06,INV,5
307802,P:2677,25/06/2025,08:33,INV,4
307805,P:2682,26/06/2025,11:58,INV,7
307809,P:2694,02/06/2025,10:03,INV,8
307813,P:2697,04/06/2025,11:45,INV,5
9307813,P:2697,04/06/2025,12:45,CR,2
307814,P:2701,11/06/2025,15:33,INV,5
307821,P:2712,17/06/2025,11:05,INV,9
307828,P:2720,12/06/2025,09:30,INV,11
307830,P:2723,03/06/2025,13:12,INV,9
307831,P:2726,21/06/2025,15:54,INV,7
307835,P:2733,03/06/2025,14:56,INV,13
307837,P:2733,22/06/2025,16:01,INV,7
307838,P:2735,18/06/2025,15:53,INV,5
307840,P:2739,15/06/2025,20:29,INV,4
307841,P:2739,26/06/2025,09:02,INV,6
307842,P:2739,19/06/2025,10:29,INV,5
307843,P:2741,13/06/2025,17:16,INV,4
307845,P:2747,16/06/2025,17:39,INV,15
307846,P:2747,16/06/2025,14:49,INV,8
307848,P:2750,03/06/2025,12:46,INV,4
307853,P:2757,10/06/2025,17:35,INV,8
307854,P:2757,21/06/2025,12:37,INV,6
307855,P:2758,19/06/2025,13:12,INV,8
307858,P:2762,16/06/2025,11:04,INV,4
307862,P:2766,11/06/2025,10:41,INV,10
307863,P:2770,10/06/2025,10:30,INV,8
307865,P:2780,27/06/2025,13:42,INV,7
307866,P:2780,13/06/2025,13:30,INV,6
307868,P:2783,10/06/2025,08:11,INV,8
307870,P:2789,07/06/2025,13:54,INV,6
307871,P:2789,20/06/2025,16:58,INV,3
307872,P:2790,27/06/2025,12:34,INV,4
307874,P:2795,28/06/2025,10:11,INV,10
307875,P:2795,12/06/2025,16:56,INV,8
307877,P:2795,14/06/2025,13:29,INV,5
307878,P:2798,08/06/2025,12:13,INV,5
307882,P:2815,14/06/2025,12:00,INV,4
307883,P:2816,24/06/2025,15:15,INV,3
307885,P:2817,21/06/2025,17:10,INV,8
307887,P:2824,27/06/2025,17:05,INV,8
307888,P:2824,20/06/2025,12:46,INV,8
