id,name,class,governorate,area,opens_at_hh,closes_at_hh,sales_rep_id,registered_on,status_code,phone_last4,lat,lon
1000,Misr Pharmacy - Smouha,,Alexandria,Smouha,8,23,1,2025-06-28,0,2783,31.209351,29.943505
1001,El Nasr Pharmacy,,Alexandria,Smouha,9,23,1,2025-01-26,0,5371,31.21371,29.940187
1002,Silver Care Pharmacy - Marg,,Alexandria,Smouha,10,23,1,2024-12-14,0,6311,31.209008,29.946698
1003,El Nasr Pharmacy - Obour,,Alexandria,Smouha,8,23,1,2024-12-15,0,9829,31.211231,29.935484
1004,Nile Care Pharmacy - Zayed,,Alexandria,Smouha,9,23,1,2025-06-22,0,7415,31.204916,29.944818
1005,Salamtek Pharmacy,,Alexandria,Smouha,9,23,1,2025-04-21,0,5559,31.214523,29.940215
1006,Blue Wave Pharmacy,,Alexandria,Smouha,9,23,1,2025-02-21,0,7701,31.204394,29.949607
1007,Alpha Pharma - Zayed,,Alexandria,Smouha,9,23,1,2025-08-01,2,4291,31.212922,29.93094
1008,Metro Pharmacy,,Alexandria,Smouha,9,23,1,2025-05-07,1,2707,31.204366,29.941059
1009,Sunrise Pharmacy - Agami,,Alexandria,Smouha,9,23,1,2024-12-14,0,1459,31.21439,29.947414
1010,Better Life Pharmacy - Obour,,Alexandria,Smouha,8,23,1,2025-08-11,0,4393,31.208882,29.931935
1011,El Zahraa Pharmacy - Smouha,,Alexandria,Smouha,9,1,1,2024-11-11,2,4822,31.204189,29.952454
1012,Golden Care Pharmacy - Smouha,,Alexandria,Smouha,9,23,1,2025-06-08,0,2048,31.216949,29.936699
1013,Metro Pharmacy - Smouha,,Alexandria,Smouha,8,1,1,2024-11-13,0,8119,31.203297,29.948772
1014,Union Pharm - Rehab View,,Alexandria,Smouha,10,23,1,2025-06-04,0,8701,31.212913,29.955058
1015,Omega Pharmacy - Smouha,,Alexandria,Smouha,10,23,1,2025-01-05,0,3591,31.207685,29.92775
1016,Al Nozha Pharmacy - Smouha,,Alexandria,Smouha,10,2,1,2024-10-31,0,6707,31.218056,29.941406
1017,El Zahraa Pharmacy - Maadi,,Alexandria,Smouha,9,23,1,2025-04-19,0,1548,31.205041,29.935161
1018,Metro Pharmacy - Agami,,Alexandria,Smouha,8,1,1,2025-01-12,0,5434,31.210959,29.956959
1019,Care 24 Seven,,Alexandria,Smouha,9,23,1,2024-09-10,1,7404,31.203848,29.930458
1020,Omega Pharmacy,,Alexandria,Smouha,10,23,1,2024-12-21,0,4580,31.208641,29.942905
1021,El Nasr Pharmacy - Marg,,Alexandria,Smouha,8,23,1,2024-09-13,0,6211,31.213948,29.941657
1022,El Zahraa Pharmacy - Smouha,,Alexandria,Smouha,9,1,1,2024-10-09,0,1674,31.206512,29.947574
1023,Al Amal Pharmacy,,Alexandria,Smouha,8,23,1,2025-05-23,0,6877,31.210933,29.935544
1024,Care 24 Seven,,Alexandria,Smouha,9,23,1,2025-01-18,0,9014,31.204375,29.945969
1025,Elite Pharmacy,,Alexandria,Smouha,9,2,1,2025-01-02,0,2137,31.21549,29.940303
1026,Hope Pharmacy - Smouha,,Alexandria,Smouha,9,23,1,2024-09-15,0,6013,31.20609,29.949587
1027,El Tourath Pharmacy,,Alexandria,Smouha,9,1,1,2024-11-18,0,3749,31.214127,29.931985
1028,Health Gate Pharmacy,,Alexandria,Smouha,9,2,1,2025-03-29,0,2480,31.203373,29.940473
1029,Al Nozha Pharmacy - Smouha,,Alexandria,Smouha,8,23,1,2024-09-06,1,1658,31.215294,29.948576
1030,Blue Wave Pharmacy - Smouha,,Alexandria,Smouha,8,23,1,2025-07-11,0,7258,31.207314,29.932583
1031,Omega Pharmacy,,Alexandria,Smouha,9,23,1,2025-08-28,0,3129,31.203975,29.952298
1032,Silver Care Pharmacy,,Alexandria,Smouha,8,23,1,2025-01-15,0,2802,31.216646,29.93452
1033,Blue Wave Pharmacy - Banha,,Alexandria,Smouha,9,23,1,2025-09-10,0,1094,31.202887,29.948541
1034,El Faraby Pharmacy - Smouha,,Alexandria,Smouha,8,23,1,2024-11-05,0,6956,31.213639,29.954026
1035,Misr Pharmacy - Smouha,,Alexandria,Smouha,9,23,1,2024-09-01,0,8199,31.207395,29.927086
1036,Star Care Pharmacy - Smouha,,Alexandria,Smouha,9,23,1,2024-09-19,0,1295,31.218506,29.94197
1037,El Faraby Pharmacy - Smouha,,Alexandria,Smouha,10,1,1,2025-05-14,0,2702,31.205481,29.934873
1038,El Faraby Pharmacy - Obour,,Alexandria,Smouha,8,1,1,2025-05-29,0,8314,31.209598,29.955246
1039,Life Line Pharmacy - Helwan,,Alexandria,Smouha,9,23,1,2024-09-21,0,9305,31.20653,29.926932
1040,Union Pharm,,Alexandria,Smouha,9,23,1,2025-01-03,0,8558,31.209064,29.944897
1041,El Nasr Pharmacy - Smouha,,Alexandria,Smouha,9,23,1,2025-07-16,0,7047,31.213339,29.93738
1042,Mira Pharmacy - Banha,,Alexandria,Smouha,8,23,1,2024-10-06,0,7033,31.206246,29.947121
1043,Omega Pharmacy,,Alexandria,Smouha,9,23,1,2025-08-04,1,7348,31.210371,29.935969
1044,El Shifa Pharmacy,,Alexandria,Smouha,9,1,1,2025-06-20,0,9004,31.205523,29.946504
1045,Union Pharm,,Alexandria,Smouha,8,23,1,2025-05-21,1,7084,31.21547,29.942617
1046,Health Gate Pharmacy - Oct City,,Alexandria,Smouha,8,23,1,2025-05-25,0,6188,31.208617,29.950878
1047,Dr Medhat Pharmacy - Smouha,,Alexandria,Smouha,9,23,1,2025-08-29,0,6294,31.209991,29.933485
1048,Health Gate Pharmacy - Smouha,,Alexandria,Smouha,9,23,1,2024-12-01,0,4075,31.204592,29.93877
1049,Metro Pharmacy - Oct City,,Alexandria,Smouha,9,1,1,2024-11-14,0,3466,31.214153,29.947843
1050,Al Amal Pharmacy,,Alexandria,Smouha,9,23,1,2025-01-13,0,9746,31.209424,29.932532
1051,El Shifa Pharmacy - Smouha,,Alexandria,Smouha,9,23,1,2025-01-08,0,5926,31.20731,29.954266
1052,Green Leaf Pharmacy,,Alexandria,Smouha,9,23,1,2024-10-04,0,3801,31.21839,29.935135
1053,Mira Pharmacy - Smouha,,Alexandria,Smouha,9,23,1,2025-06-20,0,4803,31.201,29.947125
1054,Silver Care Pharmacy - Obour,,Alexandria,Smouha,10,23,1,2025-08-13,0,4143,31.210775,29.952243
1055,Al Amal Pharmacy,,Alexandria,Smouha,8,23,1,2025-02-04,0,9645,31.205074,29.926817
1056,Alpha Pharma,,Alexandria,Smouha,9,1,1,2024-09-04,1,3071,31.219916,29.942673
1057,Silver Care Pharmacy,,Alexandria,Smouha,9,1,1,2025-06-30,0,1178,31.205027,29.935449
1058,City Care Pharmacy - Smouha,,Alexandria,Smouha,9,2,1,2025-03-04,0,3156,31.209992,29.95489
1059,Misr Pharmacy,,Alexandria,Smouha,9,23,1,2024-12-02,1,1150,31.205756,29.928429
1060,Dr Medhat Pharmacy - Smouha,,Alexandria,Smouha,8,23,1,2025-03-29,0,8929,31.210097,29.941305
1061,Green Leaf Pharmacy,,Alexandria,Smouha,9,23,1,2025-05-12,0,7054,31.214207,29.938028
1062,El Zahraa Pharmacy - Smouha,,Alexandria,Smouha,9,1,1,2024-10-29,0,2375,31.207518,29.946208
1063,Green Leaf Pharmacy,,Alexandria,Smouha,9,23,1,2025-05-09,0,1076,31.211586,29.936653
1064,Alpha Pharma - Smouha,,Alexandria,Smouha,8,23,1,2024-11-07,0,6822,31.206358,29.947028
1065,El Hokama Pharmacy - Haram,,Alexandria,Smouha,9,23,1,2025-04-27,0,1649,31.214946,29.941359
1066,Sunrise Pharmacy - Nozha,,Alexandria,Smouha,9,23,1,2025-04-06,2,9264,31.205501,29.950643
1067,Salamtek Pharmacy,,Alexandria,Smouha,8,1,1,2025-01-24,0,4944,31.21183,29.932676
1068,Better Life Pharmacy,,Alexandria,Smouha,10,23,1,2025-04-12,0,3178,31.200047,29.938141
1069,Ebn Sina Pharmacy - Rehab View,,Alexandria,Smouha,9,23,1,2025-02-08,1,9970,31.213385,29.950152
1070,Star Care Pharmacy - Square,,Alexandria,Smouha,10,23,1,2025-06-30,1,2603,31.209073,29.932362
1071,Better Life Pharmacy - Smouha,,Alexandria,Smouha,8,23,1,2025-01-20,0,3972,31.206364,29.949671
1072,Nile Care Pharmacy - Helwan,,Alexandria,Smouha,9,23,1,2025-08-02,1,6258,31.215925,29.934348
1073,Hope Pharmacy - Obour,,Alexandria,Smouha,10,1,1,2025-03-08,0,9989,31.201085,29.946244
1074,Golden Care Pharmacy,,Alexandria,Smouha,8,1,1,2024-11-03,0,8757,31.211667,29.954721
1075,Angel Pharmacy - Dokki,,Alexandria,Smouha,9,23,1,2025-09-07,0,4754,31.206759,29.928597
1076,Salamtek Pharmacy,,Alexandria,Smouha,10,23,1,2024-11-01,0,8521,31.218686,29.943152
1077,Golden Care Pharmacy - Haram,,Alexandria,Smouha,9,23,1,2025-03-10,0,1538,31.203879,29.934533
1078,Salamtek Pharmacy - Imbaba,,Alexandria,Smouha,9,23,1,2025-08-22,0,1228,31.210115,29.956091
1079,Blue Wave Pharmacy - Rehab View,,Alexandria,Smouha,9,23,1,2024-09-13,0,5043,31.203563,29.93097
1080,Nile Care Pharmacy,,Alexandria,Smouha,9,2,1,2024-10-19,1,2146,31.209381,29.942849
1081,Dr Medhat Pharmacy,,Alexandria,Smouha,9,23,1,2025-09-01,0,1242,31.215131,29.940016
1082,El Shifa Pharmacy - Zayed,,Alexandria,Smouha,9,1,1,2025-05-06,1,4916,31.208023,29.947362
1083,Union Pharm - Smouha,,Alexandria,Smouha,9,23,1,2025-02-26,0,3116,31.209859,29.935437
1084,Care 24 Seven,,Alexandria,Smouha,8,23,1,2024-10-08,0,3180,31.204573,29.945186
1085,El Tourath Pharmacy,,Alexandria,Smouha,9,23,1,2025-08-31,0,2430,31.216499,29.94121
1086,El Shifa Pharmacy,,Alexandria,Smouha,9,1,1,2025-02-14,0,2114,31.208523,29.94962
1087,Elite Pharmacy - Smouha,,Alexandria,Smouha,9,23,1,2025-03-08,0,8578,31.210751,29.931911
1088,Alpha Pharma,,Alexandria,Smouha,9,1,1,2025-06-28,0,4216,31.203313,29.942186
1089,City Care Pharmacy - Square,,Alexandria,Smouha,9,23,1,2025-01-27,0,6551,31.215781,29.948639
1090,El Faraby Pharmacy,,Alexandria,Smouha,10,2,1,2025-06-02,0,6618,31.209141,29.936125
1091,Metro Pharmacy - Smouha,,Alexandria,Smouha,8,1,1,2025-01-16,0,4145,31.205093,29.952336
1092,Al Amal Pharmacy,,Alexandria,Smouha,9,1,1,2025-04-28,0,6023,31.219064,29.9363
1093,Silver Care Pharmacy - Smouha,,Alexandria,Smouha,9,2,1,2024-09-21,0,6713,31.202346,29.948132
1094,El Shifa Pharmacy,,Alexandria,Smouha,8,23,1,2025-09-03,0,4574,31.212774,29.951754
1095,Care 24 Seven - Helwan,,Alexandria,Smouha,9,23,1,2025-08-28,1,5617,31.206419,29.929427
1096,Nile Care Pharmacy,,Alexandria,Smouha,8,23,1,2025-08-06,1,5009,31.219034,29.943117
1097,Health Gate Pharmacy,,Alexandria,Smouha,9,1,1,2025-04-05,1,5301,31.201929,29.934435
1098,Alpha Pharma - Smouha,,Alexandria,Smouha,9,1,1,2025-06-14,0,1623,31.209891,29.954186
1099,Family Pharmacy - Dokki,,Alexandria,Smouha,9,23,1,2024-11-20,0,6967,31.203249,29.928025
1100,Pharma Plus - Smouha,,Alexandria,Smouha,10,23,1,2024-12-05,0,7961,31.207957,29.942144
1101,Sunrise Pharmacy - Helwan,,Alexandria,Smouha,9,23,1,2025-04-01,0,8960,31.21069,29.93962
1102,Silver Care Pharmacy - Smouha,,Alexandria,Smouha,9,2,1,2024-12-18,0,2296,31.208566,29.945931
1103,Union Pharm - Maadi,,Alexandria,Smouha,9,1,1,2025-05-07,0,9857,31.208319,29.938043
1104,Better Life Pharmacy,,Alexandria,Smouha,9,2,1,2025-03-03,0,6595,31.206277,29.944358
1105,Blue Wave Pharmacy,,Alexandria,Smouha,8,23,1,2025-02-09,0,6202,31.217138,29.941433
1106,Care 24 Seven,,Alexandria,Smouha,9,1,1,2024-11-28,0,8696,31.206925,29.951034
1107,El Zahraa Pharmacy,,Alexandria,Smouha,8,23,1,2025-08-21,0,7600,31.212261,29.93007
1108,Dr Medhat Pharmacy - Montaza,,Alexandria,Smouha,9,23,1,2025-07-02,0,3589,31.203743,29.939603
1109,El Shifa Pharmacy,,Alexandria,Smouha,9,23,1,2025-05-11,0,7957,31.212993,29.94577
1110,Salamtek Pharmacy,,Alexandria,Smouha,9,23,1,2024-12-16,0,3232,31.209881,29.931302
1111,Life Line Pharmacy - Smouha,,Alexandria,Smouha,10,23,1,2025-01-21,0,4110,31.203858,29.953953
1112,Al Amal Pharmacy,,Alexandria,Smouha,10,1,1,2025-01-30,0,1388,31.217121,29.937671
1113,Blue Wave Pharmacy - Montaza,,Alexandria,Smouha,9,1,1,2024-12-28,0,7065,31.200733,29.948444
1114,Care 24 Seven - Dokki,,Alexandria,Smouha,8,23,1,2025-08-11,0,7305,31.214319,29.953215
1115,Mira Pharmacy,,Alexandria,Smouha,8,23,1,2025-03-29,0,5091,31.206624,29.928535
1116,El Shifa Pharmacy - Dokki,,Alexandria,Smouha,8,1,1,2024-09-27,0,6216,31.218937,29.94279
1117,Life Line Pharmacy - Smouha,,Alexandria,Smouha,8,23,1,2024-11-11,0,9798,31.204691,29.935606
1118,El Zahraa Pharmacy - Imbaba,,Alexandria,Smouha,9,23,1,2024-11-09,0,8860,31.209679,29.956482
1119,Life Line Pharmacy - Smouha,,Alexandria,Smouha,9,23,1,2024-11-24,0,8662,31.203734,29.92895
1120,Union Pharm - Rehab View,,Alexandria,Smouha,9,1,1,2025-04-03,0,6375,31.208951,29.944241
1121,Blue Wave Pharmacy,,Alexandria,Smouha,9,23,1,2024-10-17,0,2857,31.213786,29.937457
1122,Life Line Pharmacy - Rehab View,,Alexandria,Smouha,9,23,1,2025-03-21,2,3235,31.207402,29.947824
1123,Alpha Pharma - Square,,Alexandria,Smouha,10,2,1,2025-08-08,0,9991,31.208757,29.933071
1124,El Shifa Pharmacy - Square,,Alexandria,Smouha,9,23,1,2025-05-27,0,6000,31.204373,29.944551
1125,El Faraby Pharmacy - Smouha,,Alexandria,Smouha,8,23,1,2025-03-01,1,7158,31.214306,29.943311
1126,Metro Pharmacy - Smouha,,Alexandria,Smouha,8,2,1,2024-12-06,0,4379,31.207738,29.950717
1127,El Tourath Pharmacy,,Alexandria,Smouha,10,2,1,2025-08-25,0,8296,31.210525,29.931538
1128,Al Nozha Pharmacy - Helwan,,Alexandria,Smouha,9,23,1,2024-11-25,0,8471,31.202533,29.939051
1129,Pharma Plus,,Alexandria,Smouha,8,1,1,2024-11-22,1,7818,31.213344,29.949821
1130,El Baraka Pharmacy - Smouha,,Alexandria,Smouha,9,1,1,2025-07-19,0,2774,31.208999,29.933386
1131,Al Amal Pharmacy,,Alexandria,Smouha,10,1,1,2024-12-27,0,3667,31.203335,29.951416
1132,Star Care Pharmacy,,Alexandria,Smouha,9,2,1,2025-02-23,0,7798,31.215726,29.936391
1133,Health Gate Pharmacy - Smouha,,Alexandria,Smouha,9,2,1,2025-02-02,0,5278,31.201427,29.94709
1134,Mira Pharmacy,,Alexandria,Smouha,8,23,1,2025-07-18,0,9636,31.213761,29.954984
1135,Family Pharmacy,,Alexandria,Smouha,8,23,1,2024-09-27,0,7943,31.204378,29.927256
1136,Al Nozha Pharmacy,,Alexandria,Smouha,9,23,1,2025-06-27,0,1021,31.219732,29.942322
1137,Ebn Sina Pharmacy - Faisal,,Alexandria,Smouha,9,23,1,2024-12-21,0,6457,31.204394,29.934363
1138,Health Gate Pharmacy,,Alexandria,Smouha,8,23,1,2024-11-04,0,5940,31.210478,29.955776
1139,Omega Pharmacy - Square,,Alexandria,Smouha,8,23,1,2025-07-14,0,4232,31.203218,29.927305
1140,Better Life Pharmacy - Smouha,,Alexandria,Smouha,9,23,1,2025-04-30,0,4625,31.210023,29.94116
1141,Sunrise Pharmacy - Oct City,,Alexandria,Smouha,9,23,1,2024-11-27,0,4353,31.214631,29.937686
1142,Blue Wave Pharmacy,,Alexandria,Smouha,9,2,1,2025-04-25,0,5048,31.208457,29.946939
1143,Misr Pharmacy - Montaza,,Alexandria,Smouha,8,23,1,2024-10-20,0,7999,31.211447,29.935887
1144,Blue Wave Pharmacy - Smouha,,Alexandria,Smouha,8,23,1,2024-10-31,1,4636,31.205261,29.944002
1145,Green Leaf Pharmacy - Smouha,,Alexandria,Smouha,8,1,1,2025-04-21,0,7094,31.214538,29.942868
1146,El Zahraa Pharmacy - Smouha,,Alexandria,Smouha,9,2,1,2025-02-11,0,6984,31.20625,29.951173
1147,Seha First Pharmacy - Smouha,,Alexandria,Smouha,9,23,1,2025-05-02,0,8881,31.212755,29.933139
1148,El Baraka Pharmacy - Helwan,,Alexandria,Smouha,8,1,1,2025-06-13,0,1516,31.205135,29.941073
1149,Better Life Pharmacy - Smouha,,Alexandria,Smouha,8,23,1,2025-05-31,0,9173,31.214183,29.947926
1150,Star Care Pharmacy,,Alexandria,Smouha,9,1,1,2025-08-09,0,9676,31.208937,29.932683
1151,El Baraka Pharmacy - Helwan,,Alexandria,Smouha,8,1,1,2025-03-14,0,5496,31.205043,29.951118
1152,Ebn Sina Pharmacy - Smouha,,Alexandria,Smouha,9,1,1,2024-12-29,0,4237,31.216424,29.934342
1153,Mira Pharmacy - Dokki,,Alexandria,Smouha,9,23,1,2025-04-25,0,1114,31.20201,29.947757
1154,Pharma Plus - Smouha,,Alexandria,Smouha,9,1,1,2025-03-26,0,2132,31.21259,29.953931
1155,Pharma Plus,,Alexandria,Smouha,9,23,1,2024-09-04,0,3120,31.206994,29.928691
1156,Better Life Pharmacy,,Alexandria,Smouha,9,1,1,2024-09-18,1,5345,31.21662,29.94399
1157,Union Pharm,,Alexandria,Smouha,9,23,1,2025-03-27,0,9678,31.204217,29.935174
1158,El Shifa Pharmacy - Zayed,,Alexandria,Smouha,10,2,1,2024-09-20,0,8188,31.208986,29.953839
1159,El Hokama Pharmacy,,Alexandria,Smouha,9,23,1,2024-10-26,0,2797,31.205385,29.929073
1160,El Hokama Pharmacy - Smouha,,Alexandria,Smouha,9,1,1,2025-07-18,0,1899,31.210225,29.94206
1161,El Tourath Pharmacy - Smouha,,Alexandria,Smouha,8,23,1,2025-06-19,0,9261,31.211648,29.940848
1162,Blue Wave Pharmacy,,Alexandria,Smouha,9,23,1,2024-12-02,0,1374,31.208573,29.948248
1163,Care 24 Seven,,Alexandria,Smouha,9,23,1,2025-08-29,0,9094,31.211879,29.936737
1164,Omega Pharmacy,,Alexandria,Smouha,9,23,1,2024-11-21,0,7617,31.203659,29.945542
1165,Family Pharmacy,,Alexandria,Smouha,10,23,1,2025-02-24,2,1052,31.214273,29.941304
1166,Pharma Plus - Helwan,,Alexandria,Smouha,9,23,1,2024-10-02,2,1309,31.204563,29.950207
1167,Misr Pharmacy - Faisal,,Alexandria,Smouha,9,23,1,2025-01-14,0,9890,31.214488,29.931121
1168,Blue Wave Pharmacy,,Alexandria,Smouha,9,23,1,2025-03-20,0,4584,31.20401,29.940482
1169,El Shifa Pharmacy - Montaza,,Alexandria,Smouha,10,23,1,2024-12-14,0,1421,31.214886,29.948557
1170,Al Amal Pharmacy - Smouha,,Alexandria,Smouha,9,23,1,2025-07-31,2,4889,31.208637,29.93302
1171,Life Line Pharmacy - Agami,,Alexandria,Smouha,8,23,1,2025-01-21,2,7782,31.205188,29.951207
1172,Metro Pharmacy,,Alexandria,Smouha,10,23,1,2025-08-13,1,4871,31.218117,29.933701
1173,Blue Wave Pharmacy - Maadi,,Alexandria,Smouha,9,23,1,2024-09-15,0,9969,31.202022,29.949315
1174,Golden Care Pharmacy - Banha,,Alexandria,Smouha,9,23,1,2024-09-28,0,1947,31.211701,29.954239
1175,Star Care Pharmacy - Smouha,,Alexandria,Smouha,9,1,1,2025-08-17,0,3690,31.206866,29.927937
1176,City Care Pharmacy - Smouha,,Alexandria,Smouha,8,1,1,2025-06-18,1,2895,31.218018,29.941505
1177,Metro Pharmacy,,Alexandria,Smouha,9,2,1,2025-05-03,0,9674,31.20301,29.932273
1178,El Nasr Pharmacy - Banha,,Alexandria,Smouha,9,23,1,2025-07-27,1,5649,31.212098,29.954586
1179,Alpha Pharma,,Alexandria,Smouha,8,1,1,2025-07-07,0,2052,31.203649,29.928847
1180,Life Line Pharmacy,,Alexandria,Smouha,9,1,1,2024-12-07,0,2950,31.208506,29.941771
1181,Health Gate Pharmacy,,Alexandria,Smouha,9,23,1,2024-10-21,0,6125,31.211736,29.938812
1182,Blue Wave Pharmacy,,Alexandria,Smouha,9,1,1,2025-07-28,0,4653,31.209279,29.94858
1183,Mira Pharmacy - Marg,,Alexandria,Smouha,8,23,1,2024-11-28,0,8998,31.210578,29.93398
1184,Golden Care Pharmacy - Shubra,,Alexandria,Smouha,9,23,1,2025-03-19,1,1570,31.203989,29.941563
1185,Mira Pharmacy - Dokki,,Alexandria,Smouha,8,23,1,2025-09-07,0,2014,31.21193,29.941664
1186,Star Care Pharmacy,,Alexandria,Smouha,8,23,1,2024-10-14,1,1590,31.205637,29.950637
1187,Pharma Plus - Nozha,,Alexandria,Smouha,10,23,1,2024-11-30,0,8578,31.212193,29.930738
1188,El Baraka Pharmacy,,Alexandria,Smouha,8,23,1,2025-04-21,0,4441,31.202752,29.94125
1189,Mira Pharmacy - Smouha,,Alexandria,Smouha,9,23,1,2024-09-01,0,5138,31.21474,29.948401
1190,El Shifa Pharmacy,,Alexandria,Smouha,10,1,1,2025-03-13,0,8657,31.209498,29.931186
1191,Silver Care Pharmacy,,Alexandria,Smouha,8,23,1,2024-12-16,0,6915,31.208363,29.951495
1192,Golden Care Pharmacy - Smouha,,Alexandria,Smouha,9,23,1,2025-02-13,0,5603,31.218262,29.936257
1193,El Faraby Pharmacy - Smouha,,Alexandria,Smouha,10,23,1,2024-10-12,2,8760,31.202188,29.947298
1194,Misr Pharmacy - Helwan,,Alexandria,Smouha,9,23,1,2025-08-19,0,5954,31.214279,29.952608
1195,Misr Pharmacy,,Alexandria,Smouha,9,23,1,2025-04-20,0,3560,31.206843,29.930031
1196,El Zahraa Pharmacy - Agami,,Alexandria,Smouha,8,23,1,2025-01-20,0,4915,31.220178,29.945422
1197,Al Amal Pharmacy - Obour,,Alexandria,Smouha,9,1,1,2025-06-19,0,2637,31.202402,29.933592
1198,Green Leaf Pharmacy - Smouha,,Alexandria,Smouha,10,23,1,2025-08-01,0,4279,31.210241,29.958116
1199,El Tourath Pharmacy,,Alexandria,Smouha,8,23,1,2024-09-17,0,6079,31.203377,29.927821
1200,Family Pharmacy,,Alexandria,Smouha,9,1,1,2024-09-09,0,7902,31.209629,29.94116
1201,Salamtek Pharmacy,,Alexandria,Smouha,9,23,1,2025-04-23,0,4436,31.213274,29.939159
1202,Alpha Pharma,,Alexandria,Smouha,9,23,1,2025-08-05,0,8212,31.208298,29.945676
1203,El Hokama Pharmacy - Smouha,,Alexandria,Smouha,9,23,1,2024-09-02,0,8596,31.208889,29.93405
1204,Dr Medhat Pharmacy - Faisal,,Alexandria,Smouha,9,1,1,2025-02-14,0,1406,31.208126,29.946217
1205,Union Pharm,,Alexandria,Smouha,10,1,1,2025-07-01,0,9660,31.213577,29.939627
1206,El Faraby Pharmacy - Smouha,,Alexandria,Smouha,9,23,1,2024-09-03,0,2661,31.206302,29.949674
1207,Ebn Sina Pharmacy - Smouha,,Alexandria,Smouha,9,2,1,2025-06-02,0,7174,31.211181,29.932026
1208,Elite Pharmacy,,Alexandria,Smouha,8,1,1,2024-12-26,0,3306,31.204707,29.940299
1209,Misr Pharmacy,,Alexandria,Smouha,9,23,1,2024-10-13,0,2097,31.213534,29.947784
1210,Life Line Pharmacy - Smouha,,Alexandria,Smouha,9,1,1,2025-08-26,0,9536,31.210025,29.932504
1211,Golden Care Pharmacy,,Alexandria,Smouha,9,23,1,2025-01-02,0,5605,31.203944,29.951748
1212,Al Amal Pharmacy - Shubra,,Alexandria,Smouha,9,23,1,2025-01-22,0,8914,31.21575,29.936401
1213,Nile Care Pharmacy - Smouha,,Alexandria,Smouha,9,23,1,2024-12-20,0,9990,31.20062,29.94686
1214,Star Care Pharmacy - Maadi,,Alexandria,Smouha,10,23,1,2025-06-17,0,3737,31.211693,29.955851
1215,Union Pharm - Smouha,,Alexandria,Smouha,9,1,1,2025-08-12,0,4876,31.206344,29.927815
1216,Hope Pharmacy,,Alexandria,Smouha,8,23,1,2024-11-12,0,7242,31.219307,29.944821
1217,Al Nozha Pharmacy,,Alexandria,Smouha,9,23,1,2025-06-06,0,6838,31.20429,29.932439
1218,Green Leaf Pharmacy - Shubra,,Alexandria,Smouha,9,23,1,2025-04-03,0,2336,31.210111,29.955551
1219,Union Pharm - Imbaba,,Alexandria,Smouha,9,1,1,2025-05-19,0,2883,31.205841,29.929118
1220,El Baraka Pharmacy - Faisal,,Alexandria,Smouha,9,23,1,2025-08-06,0,4255,31.208338,29.943556
1221,Misr Pharmacy,,Alexandria,Smouha,9,23,1,2025-07-10,0,8864,31.213621,29.939742
1222,Metro Pharmacy,,Alexandria,Smouha,9,23,1,2024-11-29,0,9249,31.208036,29.946162
1223,El Faraby Pharmacy - Obour,,Alexandria,Smouha,9,23,1,2025-02-19,1,9628,31.209476,29.936215
1224,Silver Care Pharmacy,,Alexandria,Smouha,9,2,1,2025-06-14,0,6518,31.205408,29.945187
1225,Dr Medhat Pharmacy - Smouha,,Alexandria,Smouha,9,23,1,2025-06-23,0,4079,31.215084,29.94253
1226,Green Leaf Pharmacy - Smouha,,Alexandria,Smouha,9,23,1,2025-06-27,0,8981,31.206181,29.949967
1227,Union Pharm - Faisal,,Alexandria,Smouha,8,23,1,2024-10-19,0,7084,31.211831,29.933111
1228,Ebn Sina Pharmacy,,Alexandria,Smouha,8,23,1,2025-06-20,0,3932,31.205538,29.938829
1229,Misr Pharmacy - Smouha,,Alexandria,Smouha,8,23,1,2025-05-25,1,4770,31.213279,29.948294
1230,El Baraka Pharmacy,,Alexandria,Smouha,9,1,1,2024-11-21,0,9096,31.207512,29.933409
1231,Seha First Pharmacy - Smouha,,Alexandria,Smouha,10,23,1,2025-09-13,0,8631,31.204543,29.951135
1232,Hope Pharmacy,,Alexandria,Smouha,9,23,1,2025-01-24,0,4593,31.216429,29.935127
1233,Angel Pharmacy,,Alexandria,Smouha,9,1,1,2024-12-15,1,3594,31.203782,29.947793
1234,Silver Care Pharmacy,,Alexandria,Smouha,10,23,1,2025-08-23,1,3825,31.213978,29.952788
1235,Salamtek Pharmacy - Smouha,,Alexandria,Smouha,10,23,1,2025-04-19,0,8192,31.205809,29.92794
1236,Dr Medhat Pharmacy,,Alexandria,Smouha,9,23,1,2024-10-05,0,7832,31.220644,29.943761
1237,Health Gate Pharmacy - Square,,Alexandria,Smouha,9,23,1,2025-03-08,0,6440,31.204284,29.935946
1238,El Zahraa Pharmacy,,Alexandria,Smouha,8,23,1,2024-10-16,0,6530,31.208558,29.957601
1239,El Baraka Pharmacy,,Alexandria,Smouha,9,2,1,2025-04-13,0,9034,31.206021,29.931072
1240,Seha First Pharmacy - Smouha,,Alexandria,Smouha,9,23,1,2025-07-31,1,3535,31.20998,29.943041
1241,Alpha Pharma - Helwan,,Alexandria,Smouha,9,2,1,2025-02-13,0,3844,31.214057,29.93988
1242,Al Amal Pharmacy - Smouha,,Alexandria,Smouha,8,23,1,2025-04-26,0,2820,31.208803,29.949076
1243,Green Leaf Pharmacy,,Alexandria,Smouha,8,23,1,2025-01-13,0,2867,31.210552,29.933726
1244,Dr Medhat Pharmacy - Smouha,,Alexandria,Smouha,9,1,1,2025-01-27,1,4661,31.203201,29.945654
1245,Better Life Pharmacy - Smouha,,Alexandria,Smouha,9,23,1,2025-02-03,2,4048,31.2143,29.941735
1246,Golden Care Pharmacy - Zayed,,Alexandria,Smouha,9,23,1,2025-03-31,0,1687,31.205944,29.950818
1247,Union Pharm - Oct City,,Alexandria,Smouha,8,1,1,2025-07-06,0,2608,31.211668,29.93164
1248,El Faraby Pharmacy,,Alexandria,Smouha,9,23,1,2024-10-03,0,4717,31.202879,29.941501
1249,Metro Pharmacy - Smouha,,Alexandria,Smouha,8,23,1,2024-12-01,0,2958,31.214744,29.947512
1250,El Nasr Pharmacy - Oct City,,Alexandria,Smouha,9,23,1,2024-12-27,0,9970,31.207335,29.93446
1251,Elite Pharmacy,,Alexandria,Smouha,9,23,1,2025-02-24,0,7064,31.204934,29.95221
1252,Salamtek Pharmacy,,Alexandria,Smouha,8,23,1,2025-04-08,0,3094,31.214508,29.93804
1253,Misr Pharmacy,,Alexandria,Smouha,8,23,1,2024-10-09,0,7487,31.200386,29.948701
1254,Sunrise Pharmacy - Smouha,,Alexandria,Smouha,10,23,1,2024-09-02,0,3679,31.213533,29.95333
1255,Al Nozha Pharmacy - Agami,,Alexandria,Smouha,10,23,1,2025-08-07,1,3223,31.207427,29.928895
1256,Angel Pharmacy,,Alexandria,Smouha,8,23,1,2024-10-01,0,4430,31.219474,29.942706
1257,El Baraka Pharmacy - Smouha,,Alexandria,Smouha,8,1,1,2025-05-26,0,3168,31.204204,29.933049
1258,El Hokama Pharmacy,,Alexandria,Smouha,9,2,1,2025-07-11,0,7235,31.211909,29.955671
1259,Ebn Sina Pharmacy - Smouha,,Alexandria,Smouha,10,23,1,2024-12-08,0,1138,31.204108,29.93017
1260,Alpha Pharma - Smouha,,Alexandria,Smouha,10,2,1,2025-06-20,0,1408,31.20892,29.94272
1261,Life Line Pharmacy - Smouha,,Alexandria,Smouha,9,23,1,2025-01-30,0,4168,31.212441,29.939925
1262,Elite Pharmacy - Agami,,Alexandria,Smouha,10,23,1,2024-10-09,0,7911,31.207971,29.947432
1263,Misr Pharmacy - Smouha,,Alexandria,Smouha,10,23,1,2025-09-08,0,1117,31.213863,29.936412
1264,El Hokama Pharmacy - Shubra,,Alexandria,Smouha,9,23,1,2025-05-25,0,3419,31.203727,29.943946
1265,Health Gate Pharmacy - Smouha,,Alexandria,Smouha,9,23,1,2025-01-29,0,7610,31.214999,29.941033
1266,Nile Care Pharmacy,,Alexandria,Smouha,9,23,1,2024-11-08,0,4699,31.204907,29.951278
1267,Metro Pharmacy,,Alexandria,Smouha,9,23,1,2024-11-30,0,3116,31.21501,29.931479
1268,Silver Care Pharmacy - Zayed,,Alexandria,Smouha,9,1,1,2025-06-16,0,6732,31.202618,29.94073
1269,Life Line Pharmacy - Smouha,,Alexandria,Smouha,9,23,1,2025-06-07,0,2594,31.212693,29.948997
1270,Dr Medhat Pharmacy,,Alexandria,Smouha,8,23,1,2025-01-15,0,9026,31.208382,29.932548
1271,El Hokama Pharmacy,,Alexandria,Smouha,10,23,1,2024-12-28,0,6947,31.205755,29.950049
1272,Sunrise Pharmacy,,Alexandria,Smouha,8,23,1,2025-01-27,0,5964,31.216155,29.936388
1273,Green Leaf Pharmacy,,Alexandria,Smouha,9,23,1,2025-09-03,0,3397,31.203548,29.948613
1274,Green Leaf Pharmacy,,Alexandria,Smouha,8,23,1,2025-01-09,0,6701,31.211681,29.953461
1275,El Baraka Pharmacy,,Alexandria,Smouha,9,1,1,2025-04-27,0,3959,31.205578,29.92858
1276,City Care Pharmacy,,Alexandria,Smouha,9,23,1,2025-07-04,0,5172,31.221155,29.944226
1277,Sunrise Pharmacy,,Alexandria,Smouha,9,23,1,2025-02-19,0,6746,31.203187,29.934699
1278,Hope Pharmacy - Smouha,,Alexandria,Smouha,10,23,1,2024-11-15,0,5956,31.21045,29.957563
1279,El Shifa Pharmacy,,Alexandria,Smouha,8,2,1,2025-03-07,0,9536,31.20488,29.928802
1280,Care 24 Seven - Marg,,Alexandria,Smouha,9,23,1,2025-07-10,0,3123,31.207012,29.941708
1281,Blue Wave Pharmacy - Smouha,,Alexandria,Smouha,10,1,1,2025-03-08,0,2379,31.214418,29.94055
1282,Family Pharmacy - Montaza,,Alexandria,Smouha,9,1,1,2025-07-26,0,8955,31.208432,29.946819
1283,Pharma Plus - Oct City,,Alexandria,Smouha,9,23,1,2025-05-22,1,1368,31.210969,29.933753
1284,El Faraby Pharmacy - Faisal,,Alexandria,Smouha,8,23,1,2025-08-01,0,1047,31.204981,29.944145
1285,Dr Medhat Pharmacy,,Alexandria,Smouha,9,1,1,2025-04-08,0,7044,31.214506,29.940347
1286,El Hokama Pharmacy - Obour,,Alexandria,Smouha,10,23,1,2025-03-02,0,7737,31.204951,29.950211
1287,Mira Pharmacy - Marg,,Alexandria,Smouha,10,23,1,2024-10-08,0,4322,31.212753,29.932666
1288,Nile Care Pharmacy - Dokki,,Alexandria,Smouha,9,23,1,2024-10-13,0,6488,31.202466,29.940769
1289,Salamtek Pharmacy - Helwan,,Alexandria,Smouha,8,23,1,2025-02-01,1,3992,31.214674,29.947044
1290,Blue Wave Pharmacy - Oct City,,Alexandria,Smouha,9,1,1,2025-02-13,0,3264,31.208378,29.93243
1291,El Hokama Pharmacy,,Alexandria,Smouha,9,23,1,2025-08-31,2,9614,31.205726,29.952402
1292,El Baraka Pharmacy - Imbaba,,Alexandria,Smouha,8,1,1,2024-10-11,2,8010,31.218363,29.935901
1293,Metro Pharmacy,,Alexandria,Smouha,9,23,1,2025-04-11,0,5156,31.201304,29.947487
1294,Sunrise Pharmacy - Banha,,Alexandria,Smouha,9,23,1,2025-07-18,0,4914,31.211954,29.953877
1295,Metro Pharmacy - Zayed,,Alexandria,Smouha,9,23,1,2024-12-21,0,6476,31.206281,29.927571
1296,Metro Pharmacy - Montaza,,Alexandria,Smouha,8,1,1,2024-11-30,0,6123,31.220794,29.943741
1297,Mira Pharmacy,,Alexandria,Smouha,9,23,1,2025-02-25,0,4348,31.201715,29.934504
1298,Care 24 Seven,,Alexandria,Smouha,9,23,1,2025-08-19,2,1604,31.209834,29.953634
1299,Star Care Pharmacy - Dokki,,Alexandria,Smouha,9,23,1,2025-08-23,0,8667,31.204378,29.928457
1300,Health Gate Pharmacy - Shubra,,Alexandria,Smouha,9,23,1,2024-09-06,0,9213,31.208211,29.944092
1301,Ebn Sina Pharmacy - Marg,,Alexandria,Smouha,8,23,1,2024-09-11,0,6938,31.214008,29.938212
1302,Misr Pharmacy - Faisal,,Alexandria,Smouha,9,23,1,2025-04-18,0,9135,31.205926,29.947188
1303,El Faraby Pharmacy - Smouha,,Alexandria,Smouha,9,23,1,2025-07-03,0,5137,31.21095,29.935731
1304,Elite Pharmacy - Agami,,Alexandria,Smouha,9,23,1,2024-12-22,0,4353,31.202186,29.945975
1305,Al Amal Pharmacy - Maadi,,Alexandria,Smouha,9,23,1,2024-10-09,0,1514,31.216679,29.942401
1306,Metro Pharmacy - Smouha,,Alexandria,Smouha,9,23,1,2025-06-27,0,3623,31.207074,29.951117
1307,Al Amal Pharmacy - Imbaba,,Alexandria,Smouha,9,23,1,2025-02-09,0,5146,31.21181,29.932163
1308,Dr Medhat Pharmacy - Smouha,,Alexandria,Smouha,9,23,1,2025-06-26,1,8240,31.201306,29.939808
1309,Golden Care Pharmacy,,Alexandria,Smouha,9,23,1,2025-08-07,0,1425,31.215806,29.951279
1310,City Care Pharmacy - Imbaba,,Alexandria,Smouha,8,23,1,2025-08-04,0,2371,31.206896,29.931932
1311,El Nasr Pharmacy,,Alexandria,Smouha,9,23,1,2025-06-11,0,2776,31.207291,29.951975
1312,Nile Care Pharmacy - Montaza,,Alexandria,Smouha,9,23,1,2025-01-07,0,6963,31.215837,29.935923
1313,Seha First Pharmacy,,Alexandria,Smouha,8,23,1,2025-02-16,0,9972,31.201899,29.947205
1314,Mira Pharmacy - Smouha,,Alexandria,Smouha,8,1,1,2024-12-05,2,2087,31.212977,29.953472
1315,Health Gate Pharmacy,,Alexandria,Smouha,10,23,1,2025-03-28,0,2467,31.206139,29.928974
1316,Omega Pharmacy - Smouha,,Alexandria,Smouha,9,23,1,2024-09-25,0,3374,31.220739,29.941481
1317,Alpha Pharma - Smouha,,Alexandria,Smouha,8,1,1,2025-08-18,0,6975,31.203179,29.935621
1318,Alpha Pharma - Dokki,,Alexandria,Smouha,9,23,1,2025-04-05,0,5221,31.212111,29.956271
1319,Al Nozha Pharmacy,,Alexandria,Smouha,9,1,1,2025-03-27,0,5309,31.204297,29.929444
1320,Misr Pharmacy - Helwan,,Alexandria,Smouha,9,23,1,2024-09-01,0,9967,31.210938,29.94139
1321,Health Gate Pharmacy,,Alexandria,Smouha,9,23,1,2025-03-20,0,2071,31.210159,29.938697
1322,Al Nozha Pharmacy - Smouha,,Alexandria,Smouha,10,23,1,2025-05-01,0,3531,31.207109,29.948117
1323,Family Pharmacy - Smouha,,Alexandria,Smouha,8,23,1,2024-09-18,0,3438,31.210878,29.93442
1324,Mira Pharmacy,,Alexandria,Smouha,9,23,1,2024-12-15,0,9282,31.204432,29.944526
1325,El Nasr Pharmacy,,Alexandria,Smouha,8,23,1,2025-06-23,0,8189,31.216011,29.94135
1326,Life Line Pharmacy - Smouha,,Alexandria,Smouha,8,23,1,2024-12-20,0,1761,31.205095,29.953637
1327,Seha First Pharmacy - Shubra,,Alexandria,Smouha,9,23,1,2025-07-24,0,6421,31.211984,29.932501
1328,El Tourath Pharmacy - Helwan,,Alexandria,Smouha,9,2,1,2025-03-10,1,8824,31.206021,29.940096
1329,El Hokama Pharmacy - Smouha,,Alexandria,Smouha,9,23,1,2024-11-23,1,4343,31.21422,29.94778
1330,Silver Care Pharmacy - Smouha,,Alexandria,Smouha,9,23,1,2024-11-09,0,9353,31.209294,29.932481
1331,El Nasr Pharmacy - Smouha,,Alexandria,Smouha,9,1,1,2025-06-20,0,6346,31.205381,29.951384
1332,Star Care Pharmacy - Oct City,,Alexandria,Smouha,9,1,1,2024-09-23,1,5106,31.217366,29.935447
1333,Union Pharm - Oct City,,Alexandria,Smouha,9,23,1,2025-06-23,0,2488,31.200589,29.946959
1334,El Tourath Pharmacy,,Alexandria,Smouha,9,23,1,2024-11-20,1,7709,31.211626,29.954105
1335,El Zahraa Pharmacy - Nozha,,Alexandria,Smouha,9,2,1,2024-12-26,1,4568,31.20838,29.928682
1336,El Shifa Pharmacy,,Alexandria,Smouha,9,23,1,2025-01-18,0,4502,31.218969,29.944401
1337,Elite Pharmacy,,Alexandria,Smouha,8,23,1,2025-09-03,0,8686,31.205454,29.932491
1338,City Care Pharmacy,,Alexandria,Smouha,8,23,1,2025-08-28,1,7578,31.209404,29.958543
1339,Better Life Pharmacy - Smouha,,Alexandria,Smouha,9,23,1,2025-03-11,0,8531,31.20689,29.929883
1340,Seha First Pharmacy - Smouha,,Alexandria,Smouha,10,1,1,2025-02-07,0,2429,31.209356,29.942578
1341,Omega Pharmacy - Smouha,,Alexandria,Smouha,9,23,1,2024-12-03,0,1161,31.215574,29.938226
1342,Nile Care Pharmacy - Smouha,,Alexandria,Smouha,9,23,1,2025-07-05,0,5363,31.207331,29.946759
1343,Nile Care Pharmacy - Obour,,Alexandria,Smouha,9,23,1,2025-09-09,0,5493,31.209725,29.933571
1344,Elite Pharmacy - Dokki,,Alexandria,Smouha,10,23,1,2025-03-27,0,9387,31.204885,29.945496
1345,Sunrise Pharmacy,,Alexandria,Smouha,9,23,1,2024-12-28,0,4403,31.215007,29.93882
1346,Omega Pharmacy - Helwan,,Alexandria,Smouha,9,23,1,2025-07-16,0,9032,31.203794,29.948763
1347,Blue Wave Pharmacy,,Alexandria,Smouha,9,1,1,2024-10-26,0,5740,31.211054,29.930861
1348,Alpha Pharma - Square,,Alexandria,Smouha,9,23,1,2024-11-11,0,6923,31.204307,29.940081
1349,Star Care Pharmacy - Agami,,Alexandria,Smouha,9,23,1,2025-07-27,0,8616,31.214765,29.945632
1350,Family Pharmacy - Smouha,,Alexandria,Smouha,8,23,1,2024-09-06,0,7500,31.206713,29.931666
1351,El Nasr Pharmacy - Obour,,Alexandria,Smouha,8,23,1,2025-01-09,0,8932,31.205366,29.952727
1352,Silver Care Pharmacy - Dokki,,Alexandria,Smouha,8,1,1,2025-05-11,0,1223,31.217147,29.935694
1353,Sunrise Pharmacy - Oct City,,Alexandria,Smouha,9,23,1,2025-06-19,1,6173,31.201494,29.948951
1354,Dr Medhat Pharmacy,,Alexandria,Smouha,9,23,1,2025-04-03,0,6960,31.21368,29.955883
1355,El Baraka Pharmacy - Obour,,Alexandria,Smouha,8,23,1,2024-11-29,2,7043,31.204909,29.927872
1356,Golden Care Pharmacy - Smouha,,Alexandria,Smouha,9,23,1,2025-08-15,0,9599,31.21878,29.942459
1357,Alpha Pharma - Smouha,,Alexandria,Smouha,8,23,1,2024-10-28,2,5669,31.202772,29.935231
1358,Care 24 Seven - Nozha,,Alexandria,Smouha,9,1,1,2025-03-14,0,6013,31.210187,29.956507
1359,Star Care Pharmacy - Smouha,,Alexandria,Smouha,10,23,1,2025-07-30,0,2576,31.205612,29.928909
1360,Health Gate Pharmacy - Helwan,,Alexandria,Smouha,8,23,1,2025-06-01,0,1003,31.208775,29.941964
1361,Metro Pharmacy - Smouha,,Alexandria,Smouha,8,23,1,2024-09-07,0,4721,31.212,29.941011
1362,Dr Medhat Pharmacy - Montaza,,Alexandria,Smouha,8,2,1,2025-06-13,0,3801,31.20578,29.949441
1363,El Baraka Pharmacy,,Alexandria,Smouha,9,23,1,2024-09-23,0,3066,31.211295,29.935784
1364,Angel Pharmacy - Smouha,,Alexandria,Smouha,8,1,1,2024-10-25,1,1978,31.203032,29.944024
1365,El Shifa Pharmacy - Smouha,,Alexandria,Smouha,9,23,1,2024-09-24,0,5192,31.215423,29.941924
1366,Green Leaf Pharmacy,,Alexandria,Smouha,9,23,1,2025-04-30,0,8379,31.206022,29.95106
1367,Misr Pharmacy,,Alexandria,Smouha,9,23,1,2024-11-28,0,8489,31.211133,29.930906
1368,Union Pharm - Smouha,,Alexandria,Smouha,10,23,1,2025-08-04,0,6767,31.203098,29.941363
1369,Better Life Pharmacy - Smouha,,Alexandria,Smouha,9,23,1,2024-09-02,2,5558,31.213573,29.949245
1370,Elite Pharmacy - Haram,,Alexandria,Smouha,9,23,1,2025-03-08,0,1466,31.208348,29.934128
1371,Al Nozha Pharmacy - Smouha,,Alexandria,Smouha,9,23,1,2025-09-08,1,9779,31.203927,29.950833
1372,El Zahraa Pharmacy - Montaza,,Alexandria,Smouha,8,1,1,2024-12-12,0,7491,31.21585,29.935713
1373,El Nasr Pharmacy - Square,,Alexandria,Smouha,8,1,1,2025-02-23,0,5158,31.203351,29.944374
1374,El Tourath Pharmacy,,Alexandria,Smouha,8,23,1,2025-07-15,1,6159,31.21321,29.956151
1375,Misr Pharmacy,,Alexandria,Smouha,8,23,1,2025-03-12,1,5726,31.208701,29.929104
1376,Pharma Plus,,Alexandria,Smouha,9,23,1,2025-04-05,0,6461,31.218857,29.941553
1377,El Tourath Pharmacy - Rehab View,,Alexandria,Smouha,9,23,1,2025-02-26,0,3750,31.203881,29.933916
1378,El Shifa Pharmacy - Smouha,,Alexandria,Smouha,10,23,1,2025-01-16,0,5483,31.210165,29.95526
1379,Ebn Sina Pharmacy - Smouha,,Alexandria,Smouha,9,23,1,2025-01-23,0,6139,31.204451,29.929824
1380,Blue Wave Pharmacy - Smouha,,Alexandria,Smouha,10,23,1,2025-05-19,0,9414,31.208438,29.943458
1381,El Zahraa Pharmacy - Smouha,,Alexandria,Smouha,9,2,1,2024-12-13,0,3958,31.21302,29.94005
1382,Sunrise Pharmacy - Smouha,,Alexandria,Smouha,9,1,1,2024-09-23,0,9562,31.20881,29.947765
1383,Golden Care Pharmacy,,Alexandria,Smouha,8,23,1,2025-04-04,0,4060,31.210332,29.933613
1384,Family Pharmacy - Oct City,,Alexandria,Smouha,9,23,1,2025-07-28,0,2166,31.203983,29.945258
1385,Hope Pharmacy - Smouha,,Alexandria,Smouha,9,2,1,2025-02-22,1,4673,31.214163,29.943198
1386,Health Gate Pharmacy - Smouha,,Alexandria,Smouha,8,1,1,2025-08-22,0,3410,31.203221,29.949025
1387,El Tourath Pharmacy,,Alexandria,Smouha,9,23,1,2025-04-08,0,1485,31.211576,29.931061
1388,El Hokama Pharmacy,,Alexandria,Smouha,9,23,1,2024-12-15,0,4203,31.204064,29.9395
1389,Misr Pharmacy - Smouha,,Alexandria,Smouha,9,23,1,2024-09-03,0,3372,31.212271,29.946083
1390,El Zahraa Pharmacy - Maadi,,Alexandria,Smouha,9,23,1,2025-08-25,0,2984,31.209843,29.931741
1391,El Baraka Pharmacy - Marg,,Alexandria,Smouha,8,2,1,2025-07-31,0,6626,31.203698,29.953595
1392,El Shifa Pharmacy - Agami,,Alexandria,Smouha,10,23,1,2025-02-11,0,8347,31.216989,29.938022
1393,El Baraka Pharmacy - Square,,Alexandria,Smouha,9,1,1,2025-01-06,0,2276,31.203196,29.947772
1394,Elite Pharmacy,,Alexandria,Smouha,9,1,1,2024-10-08,0,1958,31.212919,29.953326
1395,Blue Wave Pharmacy,,Alexandria,Smouha,9,23,1,2024-11-15,0,9711,31.205775,29.927293
1396,Seha First Pharmacy,,Alexandria,Smouha,9,1,1,2024-12-15,1,3572,31.218719,29.946564
1397,City Care Pharmacy - Obour,,Alexandria,Smouha,9,23,1,2025-06-17,2,4771,31.206157,29.933293
1398,Ebn Sina Pharmacy - Smouha,,Alexandria,Smouha,9,23,1,2025-08-20,0,5090,31.207705,29.956151
1399,El Tourath Pharmacy - Smouha,,Alexandria,Smouha,9,23,1,2025-03-16,0,2945,31.201425,29.928007
1400,Elite Pharmacy - Smouha,,Alexandria,Smouha,8,23,1,2025-01-22,0,3425,31.210202,29.944382
1401,Angel Pharmacy - Smouha,,Alexandria,Smouha,8,1,1,2025-07-09,2,1186,31.215168,29.937241
1402,Golden Care Pharmacy,,Alexandria,Smouha,9,23,1,2024-09-10,0,5213,31.20709,29.945438
1403,Care 24 Seven,,Alexandria,Smouha,9,23,1,2024-12-02,0,7359,31.209926,29.936296
1404,Omega Pharmacy - Oct City,,Alexandria,Smouha,9,1,1,2024-09-18,2,6516,31.204947,29.944288
1405,Misr Pharmacy - Smouha,,Alexandria,Smouha,9,1,1,2024-10-24,0,9067,31.21406,29.941415
1406,El Hokama Pharmacy - Imbaba,,Alexandria,Smouha,10,1,1,2024-10-25,1,8316,31.206292,29.949644
1407,Green Leaf Pharmacy - Smouha,,Alexandria,Smouha,9,23,1,2024-09-28,0,2711,31.212161,29.931138
1408,Life Line Pharmacy,,Alexandria,Smouha,9,23,1,2024-09-21,2,2998,31.205705,29.939392
1409,Ebn Sina Pharmacy - Smouha,,Alexandria,Smouha,8,1,1,2025-08-09,0,1134,31.213722,29.949642
1410,Angel Pharmacy,,Alexandria,Smouha,9,23,1,2025-01-22,0,8968,31.211058,29.932189
1411,Al Nozha Pharmacy - Smouha,,Alexandria,Smouha,9,1,1,2024-10-23,0,7318,31.206462,29.950633
1412,Omega Pharmacy - Smouha,,Alexandria,Smouha,9,1,1,2025-07-14,0,4525,31.216863,29.935687
1413,El Zahraa Pharmacy - Oct City,,Alexandria,Smouha,8,23,1,2025-01-09,0,7847,31.20324,29.946002
1414,Alpha Pharma - Smouha,,Alexandria,Smouha,9,23,1,2024-12-17,0,4308,31.210988,29.954103
1415,Angel Pharmacy - Faisal,,Alexandria,Smouha,9,2,1,2025-04-04,0,4313,31.208871,29.928852
1416,Angel Pharmacy,,Alexandria,Smouha,8,23,1,2025-09-15,0,8690,31.220435,29.943255
1417,Alpha Pharma - Smouha,,Alexandria,Smouha,9,23,1,2024-12-27,0,3666,31.204252,29.936341
1418,Care 24 Seven,,Alexandria,Smouha,10,23,1,2024-11-20,0,6133,31.210444,29.957479
1419,Angel Pharmacy - Marg,,Alexandria,Smouha,10,23,1,2025-08-29,0,4055,31.203273,29.931164
1420,El Shifa Pharmacy,,Alexandria,Smouha,9,23,1,2024-09-11,0,6201,31.210129,29.944547
1421,Ebn Sina Pharmacy,,Alexandria,Smouha,9,23,1,2025-07-09,0,6300,31.213723,29.939648
1422,Elite Pharmacy,,Alexandria,Smouha,8,23,1,2025-07-29,1,5453,31.207218,29.947557
1423,Misr Pharmacy - Maadi,,Alexandria,Smouha,9,23,1,2025-06-23,0,4828,31.209677,29.936706
1424,Better Life Pharmacy - Shubra,,Alexandria,Smouha,8,23,1,2025-06-14,0,6687,31.205772,29.944933
1425,City Care Pharmacy - Smouha,,Alexandria,Smouha,9,23,1,2025-06-15,0,2982,31.215637,29.939284
1426,City Care Pharmacy - Smouha,,Alexandria,Smouha,9,23,1,2025-01-06,0,8286,31.205937,29.949402
1427,El Shifa Pharmacy,,Alexandria,Smouha,9,23,1,2025-07-27,0,7245,31.210674,29.930233
1428,Omega Pharmacy,,Alexandria,Smouha,9,1,1,2025-07-10,0,4503,31.203536,29.940551
1429,El Hokama Pharmacy,,Alexandria,Smouha,10,1,1,2025-02-06,0,7380,31.214249,29.948589
1430,Golden Care Pharmacy - Smouha,,Alexandria,Smouha,9,23,1,2025-04-01,0,9298,31.207072,29.932315
1431,El Faraby Pharmacy - Smouha,,Alexandria,Smouha,9,23,1,2024-11-17,0,1802,31.20141,29.952151
1432,El Hokama Pharmacy - Shubra,,Alexandria,Smouha,8,1,1,2025-02-14,0,3212,31.216587,29.936464
1433,Metro Pharmacy - Smouha,,Alexandria,Smouha,8,2,1,2025-05-16,2,2173,31.202365,29.946328
1434,Alpha Pharma,,Alexandria,Smouha,8,2,1,2025-02-15,0,3313,31.212455,29.953387
1435,Blue Wave Pharmacy,,Alexandria,Smouha,9,23,1,2025-05-19,0,9563,31.207275,29.92921
1436,Blue Wave Pharmacy - Agami,,Alexandria,Smouha,10,23,1,2025-05-12,0,2314,31.219941,29.947189
1437,Family Pharmacy,,Alexandria,Smouha,8,23,1,2025-03-12,0,6855,31.203775,29.933407
1438,Nile Care Pharmacy - Smouha,,Alexandria,Smouha,9,23,1,2025-08-09,0,3042,31.21038,29.95804
1439,El Zahraa Pharmacy - Faisal,,Alexandria,Smouha,9,23,1,2025-01-09,0,6250,31.204024,29.930641
1440,Golden Care Pharmacy,,Cairo,Nasr City,8,1,2,2025-01-06,0,1720,30.049531,31.358165
1441,El Nasr Pharmacy,,Cairo,Nasr City,10,23,2,2025-05-26,1,9293,30.060475,31.351022
1442,El Nasr Pharmacy,,Cairo,Nasr City,9,23,2,2024-12-14,0,2643,30.048041,31.371925
1443,Mira Pharmacy - Obour,,Cairo,Nasr City,8,1,2,2024-09-07,0,8110,30.055557,31.342888
1444,Misr Pharmacy - Haram,,Cairo,Nasr City,9,23,2,2025-01-19,0,8234,30.044621,31.367315
1445,Star Care Pharmacy,,Cairo,Nasr City,9,1,2,2024-09-07,0,5477,30.062571,31.355982
1446,Mira Pharmacy - Square,,Cairo,Nasr City,10,23,2,2025-05-09,0,3817,30.051605,31.334099
1447,Mira Pharmacy,,Cairo,Nasr City,9,23,2,2025-04-20,0,8995,30.04361,31.355021
1448,Better Life Pharmacy,,Cairo,Nasr City,9,1,2,2025-08-31,0,7839,30.057344,31.36616
1449,El Zahraa Pharmacy,,Cairo,Nasr City,9,23,2,2025-05-06,0,6036,30.046914,31.347809
1450,Hope Pharmacy - Zayed,,Cairo,Nasr City,8,23,2,2025-07-04,0,3812,30.053588,31.368902
1451,El Baraka Pharmacy - Nasr,,Cairo,Nasr City,10,2,2,2025-07-21,0,3156,30.062946,31.346341
1452,Al Nozha Pharmacy - Nasr,,Cairo,Nasr City,9,1,2,2025-02-15,0,8643,30.048238,31.340274
1453,Al Amal Pharmacy - Maadi,,Cairo,Nasr City,10,23,2,2025-02-19,0,4924,30.056209,31.330061
1454,Pharma Plus,,Cairo,Nasr City,9,23,2,2024-11-01,0,3930,30.043591,31.362711
1455,Star Care Pharmacy - Nasr,,Cairo,Nasr City,10,23,2,2025-06-25,0,9243,30.059861,31.369083
1456,El Hokama Pharmacy,,Cairo,Nasr City,9,23,2,2024-11-04,0,9876,30.048756,31.343379
1457,Family Pharmacy - Nozha,,Cairo,Nasr City,9,23,2,2024-09-02,2,1368,30.044056,31.332865
1458,Pharma Plus - Nasr,,Cairo,Nasr City,9,2,2,2025-07-02,0,6410,30.059886,31.337425
1459,Mira Pharmacy,,Cairo,Nasr City,9,23,2,2025-07-29,1,5387,30.049305,31.375643
1460,Angel Pharmacy - Montaza,,Cairo,Nasr City,10,23,2,2024-12-07,1,4058,30.05283,31.359812
1461,Angel Pharmacy - Dokki,,Cairo,Nasr City,8,23,2,2024-09-07,0,1949,30.059084,31.349156
1462,Dr Medhat Pharmacy - Nasr,,Cairo,Nasr City,10,23,2,2025-03-06,0,9268,30.049291,31.369526
1463,Mira Pharmacy - Nasr,,Cairo,Nasr City,8,1,2,2025-09-02,1,2456,30.056824,31.34217
1464,Elite Pharmacy - Imbaba,,Cairo,Nasr City,9,2,2,2025-03-13,0,9326,30.045652,31.365659
1465,Green Leaf Pharmacy,,Cairo,Nasr City,9,23,2,2024-11-08,0,2310,30.059058,31.354484
1466,Alpha Pharma - Nasr,,Cairo,Nasr City,9,23,2,2025-02-18,0,2157,30.049829,31.336134
1467,Hope Pharmacy - Nasr,,Cairo,Nasr City,9,23,2,2025-01-31,0,7510,30.043713,31.354105
1468,Health Gate Pharmacy,,Cairo,Nasr City,9,23,2,2024-09-12,1,7968,30.058494,31.363745
1469,City Care Pharmacy,,Cairo,Nasr City,8,2,2,2025-02-20,0,2584,30.048648,31.35012
1470,Life Line Pharmacy - Nasr,,Cairo,Nasr City,9,1,2,2025-05-10,0,5276,30.054444,31.371753
1471,El Baraka Pharmacy - Nasr,,Cairo,Nasr City,8,23,2,2024-10-12,1,2506,30.06277,31.344129
1472,Nile Care Pharmacy - Dokki,,Cairo,Nasr City,8,23,2,2025-04-09,0,8650,30.046607,31.338967
1473,City Care Pharmacy - Zayed,,Cairo,Nasr City,9,23,2,2024-09-10,0,5720,30.057232,31.333882
1474,Hope Pharmacy - Imbaba,,Cairo,Nasr City,9,1,2,2025-05-27,0,7636,30.039747,31.362757
1475,Star Care Pharmacy,,Cairo,Nasr City,8,23,2,2025-03-03,0,5769,30.059336,31.368715
1476,Union Pharm - Nasr,,Cairo,Nasr City,10,23,2,2025-01-18,0,6868,30.051883,31.344346
1477,Care 24 Seven - Nasr,,Cairo,Nasr City,10,23,2,2025-03-22,0,8778,30.044474,31.33382
1478,Al Amal Pharmacy - Smouha,,Cairo,Nasr City,9,23,2,2025-01-09,0,2620,30.058278,31.334356
1479,Better Life Pharmacy,,Cairo,Nasr City,8,23,2,2024-12-28,0,7927,30.048958,31.376392
1480,Mira Pharmacy - Marg,,Cairo,Nasr City,9,23,2,2024-09-23,0,8723,30.05311,31.360443
1481,Family Pharmacy - Shubra,,Cairo,Nasr City,9,2,2,2025-03-05,0,2369,30.061271,31.350439
1482,Misr Pharmacy - Nasr,,Cairo,Nasr City,9,23,2,2024-10-08,0,9330,30.048798,31.369116
1483,Elite Pharmacy - Nasr,,Cairo,Nasr City,8,23,2,2025-07-24,0,9803,30.057422,31.342269
1484,Union Pharm,,Cairo,Nasr City,9,23,2,2025-02-17,0,8408,30.045639,31.362642
1485,El Nasr Pharmacy - Nozha,,Cairo,Nasr City,8,23,2,2025-02-16,1,1661,30.057935,31.357285
1486,Angel Pharmacy - Nasr,,Cairo,Nasr City,8,23,2,2025-04-24,0,8695,30.049872,31.333401
1487,Family Pharmacy - Nasr,,Cairo,Nasr City,8,23,2,2025-07-24,2,3160,30.04272,31.357433
1488,Green Leaf Pharmacy - Banha,,Cairo,Nasr City,9,1,2,2025-02-16,0,7889,30.059846,31.365201
1489,El Nasr Pharmacy - Maadi,,Cairo,Nasr City,8,23,2,2024-09-02,0,7634,30.049459,31.347935
1490,Dr Medhat Pharmacy,,Cairo,Nasr City,9,1,2,2025-07-04,0,8805,30.055111,31.371635
1491,Elite Pharmacy,,Cairo,Nasr City,10,23,2,2024-10-15,0,4027,30.062553,31.344514
1492,Family Pharmacy - Nasr,,Cairo,Nasr City,9,23,2,2025-07-22,0,5196,30.049519,31.33896
1493,City Care Pharmacy,,Cairo,Nasr City,10,23,2,2025-06-09,0,7048,30.053917,31.331237
1494,Seha First Pharmacy - Nozha,,Cairo,Nasr City,9,23,2,2025-01-11,0,5296,30.04376,31.361383
1495,Silver Care Pharmacy - Marg,,Cairo,Nasr City,10,23,2,2025-04-08,0,8714,30.058621,31.369571
1496,Metro Pharmacy,,Cairo,Nasr City,9,2,2,2025-03-31,1,8268,30.051927,31.344006
1497,El Zahraa Pharmacy,,Cairo,Nasr City,8,2,2,2024-11-22,0,5874,30.041162,31.334939
1498,El Zahraa Pharmacy - Nasr,,Cairo,Nasr City,8,23,2,2025-04-20,0,5746,30.060967,31.337508
1499,Misr Pharmacy,,Cairo,Nasr City,9,23,2,2025-02-24,1,9939,30.047769,31.374145
1500,Salamtek Pharmacy - Smouha,,Cairo,Nasr City,9,23,2,2025-05-26,2,3453,30.052166,31.35884
1501,Health Gate Pharmacy,,Cairo,Nasr City,8,23,2,2025-08-07,0,6681,30.060041,31.351231
1502,Pharma Plus - Square,,Cairo,Nasr City,8,2,2,2025-07-25,0,1330,30.047573,31.367989
1503,City Care Pharmacy,,Cairo,Nasr City,9,23,2,2025-05-18,1,2732,30.054821,31.342885
1504,Misr Pharmacy,,Cairo,Nasr City,9,23,2,2024-12-10,0,5433,30.045509,31.366431
1505,Salamtek Pharmacy - Nasr,,Cairo,Nasr City,9,23,2,2024-11-08,2,5357,30.063343,31.358358
1506,Health Gate Pharmacy - Nasr,,Cairo,Nasr City,8,23,2,2025-06-21,0,9588,30.051386,31.332559
1507,Seha First Pharmacy,,Cairo,Nasr City,8,2,2,2025-05-18,1,3295,30.04267,31.355437
1508,Union Pharm,,Cairo,Nasr City,9,23,2,2025-06-10,1,1895,30.055106,31.364821
1509,Salamtek Pharmacy - Oct City,,Cairo,Nasr City,9,2,2,2025-06-12,0,4976,30.046701,31.347843
1510,Dr Medhat Pharmacy - Nasr,,Cairo,Nasr City,9,23,2,2024-09-15,0,4401,30.052328,31.372906
1511,Life Line Pharmacy,,Cairo,Nasr City,8,23,2,2025-04-20,0,1590,30.065429,31.346435
1512,Green Leaf Pharmacy,,Cairo,Nasr City,10,23,2,2024-09-18,0,6090,30.049615,31.338784
1513,Salamtek Pharmacy - Nasr,,Cairo,Nasr City,8,1,2,2025-07-28,0,9017,30.056318,31.330512
1514,Alpha Pharma - Nasr,,Cairo,Nasr City,9,23,2,2025-07-12,0,7550,30.042184,31.361459
1515,Seha First Pharmacy,,Cairo,Nasr City,9,23,2,2025-07-25,0,3384,30.060285,31.368626
1516,Pharma Plus,,Cairo,Nasr City,9,23,2,2025-09-07,0,3180,30.050776,31.345363
1517,Blue Wave Pharmacy - Marg,,Cairo,Nasr City,8,23,2,2025-04-29,0,7575,30.044555,31.334119
1518,Hope Pharmacy,,Cairo,Nasr City,9,23,2,2024-12-18,0,7177,30.059384,31.336578
1519,Star Care Pharmacy - Nasr,,Cairo,Nasr City,10,1,2,2025-06-07,0,7385,30.048226,31.373308
1520,El Baraka Pharmacy - Faisal,,Cairo,Nasr City,9,23,2,2025-07-31,0,5068,30.052519,31.360881
1521,Mira Pharmacy - Marg,,Cairo,Nasr City,9,23,2,2025-03-01,0,2406,30.059044,31.351022
1522,Green Leaf Pharmacy - Zayed,,Cairo,Nasr City,8,1,2,2025-06-12,0,4932,30.047213,31.370336
1523,Seha First Pharmacy - Helwan,,Cairo,Nasr City,9,1,2,2025-05-23,0,4931,30.053512,31.340617
1524,Green Leaf Pharmacy,,Cairo,Nasr City,9,23,2,2025-08-26,0,4351,30.046566,31.366879
1525,Mira Pharmacy,,Cairo,Nasr City,10,23,2,2024-12-22,0,5215,30.062727,31.358368
1526,El Tourath Pharmacy,,Cairo,Nasr City,8,23,2,2025-04-18,0,2932,30.050322,31.332532
1527,El Nasr Pharmacy - Agami,,Cairo,Nasr City,9,23,2,2025-08-28,0,8647,30.04443,31.355313
1528,Health Gate Pharmacy - Smouha,,Cairo,Nasr City,9,1,2,2025-02-03,0,6739,30.058615,31.367027
1529,Family Pharmacy,,Cairo,Nasr City,9,23,2,2024-12-23,0,6367,30.046944,31.347624
1530,Silver Care Pharmacy,,Cairo,Nasr City,9,23,2,2025-02-04,0,9372,30.052846,31.37195
1531,Misr Pharmacy,,Cairo,Nasr City,9,1,2,2025-04-15,0,4996,30.064903,31.344935
1532,Care 24 Seven - Nasr,,Cairo,Nasr City,10,2,2,2025-02-05,0,2382,30.04985,31.337362
1533,Al Amal Pharmacy,,Cairo,Nasr City,9,2,2,2025-04-21,0,7269,30.05608,31.330401
1534,Hope Pharmacy,,Cairo,Nasr City,9,23,2,2024-09-17,0,8355,30.043836,31.363071
1535,Star Care Pharmacy - Nasr,,Cairo,Nasr City,9,2,2,2024-11-28,0,5036,30.060525,31.368853
1536,Angel Pharmacy,,Cairo,Nasr City,8,23,2,2025-05-02,0,6213,30.051084,31.34691
1537,Star Care Pharmacy,,Cairo,Nasr City,8,23,2,2024-09-13,0,3934,30.045182,31.333784
1538,El Hokama Pharmacy - Nasr,,Cairo,Nasr City,9,2,2,2024-11-26,0,1598,30.057937,31.336289
1539,El Baraka Pharmacy - Rehab View,,Cairo,Nasr City,9,23,2,2025-02-16,0,3869,30.047114,31.375369
1540,Alpha Pharma - Imbaba,,Cairo,Nasr City,10,23,2,2025-08-08,0,2814,30.051195,31.359262
1541,El Baraka Pharmacy - Nasr,,Cairo,Nasr City,10,1,2,2025-07-01,0,4790,30.06021,31.350014
1542,Angel Pharmacy,,Cairo,Nasr City,8,23,2,2025-02-09,0,1527,30.047162,31.370554
1543,Mira Pharmacy,,Cairo,Nasr City,9,23,2,2025-06-13,0,9708,30.056384,31.341655
1544,Al Amal Pharmacy,,Cairo,Nasr City,8,23,2,2025-01-29,1,2512,30.045867,31.36583
1545,Elite Pharmacy,,Cairo,Nasr City,9,23,2,2025-01-23,2,8598,30.063634,31.357145
1546,Star Care Pharmacy - Dokki,,Cairo,Nasr City,8,23,2,2024-09-25,2,1267,30.049097,31.331367
1547,City Care Pharmacy - Nasr,,Cairo,Nasr City,8,23,2,2025-05-03,0,8219,30.043675,31.355899
1548,Dr Medhat Pharmacy - Shubra,,Cairo,Nasr City,10,23,2,2024-12-23,1,4812,30.05802,31.366879
1549,El Hokama Pharmacy,,Cairo,Nasr City,8,1,2,2025-06-30,0,2871,30.044924,31.34772
1550,Misr Pharmacy,,Cairo,Nasr City,8,23,2,2024-12-19,2,1474,30.055436,31.373446
1551,El Tourath Pharmacy,,Cairo,Nasr City,9,1,2,2024-09-27,0,4947,30.062323,31.345326
1552,Dr Medhat Pharmacy,,Cairo,Nasr City,8,2,2,2025-05-07,0,1229,30.051387,31.339447
1553,El Shifa Pharmacy,,Cairo,Nasr City,9,23,2,2025-04-08,0,4317,30.055827,31.33079
1554,El Nasr Pharmacy - Nasr,,Cairo,Nasr City,9,2,2,2025-02-27,2,2035,30.041921,31.359847
1555,Sunrise Pharmacy - Nasr,,Cairo,Nasr City,8,23,2,2025-03-23,0,2150,30.060325,31.367962
1556,Health Gate Pharmacy,,Cairo,Nasr City,9,23,2,2025-06-08,0,9382,30.052276,31.343938
1557,Salamtek Pharmacy - Nasr,,Cairo,Nasr City,8,23,2,2025-01-18,0,8308,30.044922,31.333141
1558,Care 24 Seven - Maadi,,Cairo,Nasr City,8,1,2,2025-06-13,2,9024,30.058113,31.336834
1559,El Faraby Pharmacy,,Cairo,Nasr City,9,23,2,2025-04-04,0,5672,30.047715,31.374708
1560,City Care Pharmacy - Marg,,Cairo,Nasr City,9,23,2,2025-01-20,0,8733,30.054116,31.360036
1561,Family Pharmacy - Shubra,,Cairo,Nasr City,9,23,2,2024-09-21,0,5915,30.0599,31.350122
1562,Sunrise Pharmacy - Oct City,,Cairo,Nasr City,9,23,2,2024-10-21,1,2902,30.049309,31.370713
1563,Salamtek Pharmacy - Square,,Cairo,Nasr City,8,23,2,2024-09-23,0,6777,30.054905,31.342817
1564,Family Pharmacy - Banha,,Cairo,Nasr City,8,23,2,2024-12-23,0,3465,30.04536,31.366095
1565,Pharma Plus - Rehab View,,Cairo,Nasr City,9,23,2,2024-10-07,2,9833,30.065174,31.358436
1566,Family Pharmacy,,Cairo,Nasr City,9,23,2,2025-02-26,0,1337,30.048875,31.333641
1567,El Zahraa Pharmacy - Nasr,,Cairo,Nasr City,8,23,2,2025-05-13,0,3898,30.044859,31.356041
1568,Union Pharm,,Cairo,Nasr City,9,1,2,2024-09-09,2,7994,30.057016,31.365061
1569,El Faraby Pharmacy - Nozha,,Cairo,Nasr City,8,23,2,2025-03-06,0,2142,30.047233,31.347944
1570,Hope Pharmacy,,Cairo,Nasr City,9,23,2,2025-01-31,0,1013,30.055788,31.371934
1571,El Baraka Pharmacy - Oct City,,Cairo,Nasr City,9,1,2,2025-01-07,2,4414,30.064777,31.345866
1572,El Hokama Pharmacy - Agami,,Cairo,Nasr City,9,23,2,2024-10-15,0,9764,30.049587,31.336834
1573,Silver Care Pharmacy,,Cairo,Nasr City,9,23,2,2025-04-19,0,7778,30.054947,31.33231
1574,Al Amal Pharmacy - Nasr,,Cairo,Nasr City,9,1,2,2025-04-24,0,8845,30.040626,31.363734
1575,Hope Pharmacy - Rehab View,,Cairo,Nasr City,9,2,2,2024-10-18,0,9981,30.061596,31.368971
1576,Star Care Pharmacy - Rehab View,,Cairo,Nasr City,9,23,2,2024-10-08,0,3720,30.049464,31.346028
1577,El Nasr Pharmacy - Nasr,,Cairo,Nasr City,10,1,2,2024-12-31,0,9788,30.04489,31.334923
1578,Better Life Pharmacy,,Cairo,Nasr City,9,2,2,2025-06-14,0,6869,30.060276,31.337007
1579,Union Pharm - Montaza,,Cairo,Nasr City,9,2,2,2025-08-31,0,6017,30.045824,31.375919
1580,Care 24 Seven - Smouha,,Cairo,Nasr City,9,1,2,2025-05-16,0,3804,30.05317,31.35708
1581,El Nasr Pharmacy - Oct City,,Cairo,Nasr City,9,1,2,2024-11-20,0,1192,30.060335,31.351179
1582,Pharma Plus,,Cairo,Nasr City,9,1,2,2024-09-15,0,5573,30.049245,31.371184
1583,Golden Care Pharmacy,,Cairo,Nasr City,9,23,2,2025-02-06,0,8587,30.0554,31.34276
1584,Dr Medhat Pharmacy - Square,,Cairo,Nasr City,9,23,2,2025-02-08,0,3688,30.045234,31.364818
1585,Green Leaf Pharmacy - Square,,Cairo,Nasr City,9,23,2,2025-07-12,0,7031,30.060815,31.358503
1586,El Shifa Pharmacy - Obour,,Cairo,Nasr City,10,1,2,2024-12-05,0,2972,30.049574,31.331379
1587,Al Amal Pharmacy - Nasr,,Cairo,Nasr City,10,23,2,2024-12-21,0,2094,30.043415,31.357337
1588,City Care Pharmacy - Nasr,,Cairo,Nasr City,9,1,2,2024-12-30,0,8040,30.057494,31.363667
1589,El Tourath Pharmacy - Rehab View,,Cairo,Nasr City,9,23,2,2025-03-28,0,6098,30.046905,31.350407
1590,Better Life Pharmacy,,Cairo,Nasr City,9,23,2,2025-08-10,0,2821,30.051854,31.371623
1591,Nile Care Pharmacy - Nasr,,Cairo,Nasr City,8,23,2,2025-08-16,0,7004,30.065332,31.344675
1592,El Faraby Pharmacy - Nasr,,Cairo,Nasr City,9,23,2,2024-11-15,0,3699,30.049528,31.336936
1593,Elite Pharmacy - Marg,,Cairo,Nasr City,9,1,2,2025-07-27,0,6479,30.056736,31.32934
1594,Misr Pharmacy - Haram,,Cairo,Nasr City,9,23,2,2024-11-09,0,5265,30.04158,31.360483
1595,Omega Pharmacy,,Cairo,Nasr City,8,1,2,2024-10-11,1,1671,30.058204,31.368683
1596,Al Amal Pharmacy,,Cairo,Nasr City,9,1,2,2024-11-24,0,1673,30.05117,31.344749
1597,El Hokama Pharmacy - Nasr,,Cairo,Nasr City,9,23,2,2024-10-01,0,3298,30.043369,31.335021
1598,Better Life Pharmacy - Nasr,,Cairo,Nasr City,9,23,2,2024-11-22,2,8159,30.05782,31.337523
1599,Star Care Pharmacy - Shubra,,Cairo,Nasr City,9,1,2,2025-08-01,0,7547,30.047923,31.376178
1600,El Hokama Pharmacy - Nasr,,Cairo,Nasr City,10,1,2,2024-12-15,0,7047,30.05291,31.359775
1601,El Faraby Pharmacy - Nasr,,Cairo,Nasr City,8,23,2,2025-06-12,0,6877,30.057289,31.348997
1602,Sunrise Pharmacy,,Cairo,Nasr City,10,2,2,2024-11-10,0,1688,30.045573,31.371529
1603,City Care Pharmacy - Montaza,,Cairo,Nasr City,9,1,2,2024-09-07,0,1663,30.056505,31.342589
1604,Dr Medhat Pharmacy - Marg,,Cairo,Nasr City,8,1,2,2025-08-12,0,7471,30.0443,31.364598
1605,Star Care Pharmacy - Smouha,,Cairo,Nasr City,8,23,2,2025-04-04,0,8910,30.060057,31.358506
1606,Union Pharm - Nasr,,Cairo,Nasr City,9,1,2,2025-02-28,0,9988,30.050603,31.334333
1607,El Nasr Pharmacy - Helwan,,Cairo,Nasr City,9,23,2,2025-04-19,0,5406,30.044142,31.353681
1608,Ebn Sina Pharmacy - Nasr,,Cairo,Nasr City,9,23,2,2025-04-03,0,7953,30.055728,31.363622
1609,El Shifa Pharmacy,,Cairo,Nasr City,9,1,2,2024-11-25,0,5206,30.048003,31.34775
1610,Elite Pharmacy,,Cairo,Nasr City,8,23,2,2025-06-15,0,5942,30.053668,31.371949
1611,Nile Care Pharmacy - Helwan,,Cairo,Nasr City,9,23,2,2024-09-17,1,8131,30.063953,31.34612
1612,Metro Pharmacy - Nasr,,Cairo,Nasr City,8,23,2,2025-01-22,0,1707,30.04774,31.338451
1613,Star Care Pharmacy - Faisal,,Cairo,Nasr City,8,2,2,2024-09-30,2,6189,30.055819,31.327738
1614,Al Nozha Pharmacy,,Cairo,Nasr City,8,23,2,2025-03-05,0,4092,30.044267,31.362392
1615,El Faraby Pharmacy - Marg,,Cairo,Nasr City,8,2,2,2025-05-01,1,3708,30.060329,31.368384
1616,Angel Pharmacy,,Cairo,Nasr City,9,23,2,2025-02-08,0,3800,30.049413,31.348679
1617,Golden Care Pharmacy,,Cairo,Nasr City,9,23,2,2025-02-03,0,3355,30.044139,31.333029
1618,Misr Pharmacy,,Cairo,Nasr City,9,23,2,2024-12-31,0,1836,30.058428,31.336607
1619,Life Line Pharmacy - Dokki,,Cairo,Nasr City,10,23,2,2025-06-09,0,3855,30.048839,31.376881
1620,Misr Pharmacy,,Cairo,Nasr City,8,23,2,2025-02-21,0,3835,30.054361,31.361323
1621,El Faraby Pharmacy,,Cairo,Nasr City,10,23,2,2024-09-26,0,6931,30.059925,31.349361
1622,Nile Care Pharmacy - Nasr,,Cairo,Nasr City,8,23,2,2025-03-10,0,1075,30.04878,31.37056
1623,Golden Care Pharmacy - Oct City,,Cairo,Nasr City,8,2,2,2024-09-17,1,9802,30.054372,31.342544
1624,Pharma Plus - Imbaba,,Cairo,Nasr City,9,1,2,2024-12-13,0,7622,30.046098,31.364472
1625,Green Leaf Pharmacy - Banha,,Cairo,Nasr City,9,1,2,2024-12-14,0,2987,30.060018,31.357071
1626,Elite Pharmacy - Nasr,,Cairo,Nasr City,9,1,2,2024-11-20,0,3359,30.05045,31.332535
1627,Alpha Pharma - Nasr,,Cairo,Nasr City,8,2,2,2025-01-25,1,6548,30.045366,31.355714
1628,Metro Pharmacy - Square,,Cairo,Nasr City,8,2,2,2025-06-03,0,5150,30.057905,31.363873
1629,Better Life Pharmacy - Nasr,,Cairo,Nasr City,9,23,2,2025-01-10,0,5600,30.046808,31.348081
1630,El Baraka Pharmacy - Marg,,Cairo,Nasr City,9,23,2,2025-05-12,0,8495,30.052263,31.369501
1631,Omega Pharmacy - Zayed,,Cairo,Nasr City,8,23,2,2025-02-28,0,9652,30.064655,31.346172
1632,Omega Pharmacy - Square,,Cairo,Nasr City,8,2,2,2024-11-14,0,7603,30.050656,31.337914
1633,Silver Care Pharmacy,,Cairo,Nasr City,10,23,2,2024-10-15,0,5221,30.056518,31.332084
1634,Green Leaf Pharmacy - Montaza,,Cairo,Nasr City,9,1,2,2025-06-08,0,5550,30.043137,31.362468
1635,Al Amal Pharmacy,,Cairo,Nasr City,9,23,2,2024-11-04,0,8819,30.060141,31.36831
1636,Hope Pharmacy,,Cairo,Nasr City,9,23,2,2025-06-06,0,6729,30.050184,31.345113
1637,Star Care Pharmacy - Nasr,,Cairo,Nasr City,10,1,2,2025-05-19,2,6217,30.04689,31.334102
1638,Golden Care Pharmacy - Shubra,,Cairo,Nasr City,9,23,2,2025-02-15,0,3580,30.05651,31.340467
1639,El Shifa Pharmacy - Nasr,,Cairo,Nasr City,9,23,2,2025-02-22,0,4304,30.047724,31.375824
1640,Ebn Sina Pharmacy - Smouha,,Cairo,Nasr City,10,1,2,2025-04-02,0,4715,30.054324,31.361268
1641,Elite Pharmacy - Rehab View,,Cairo,Nasr City,8,23,2,2025-03-17,0,7092,30.05952,31.352703
1642,Nile Care Pharmacy - Agami,,Cairo,Nasr City,9,1,2,2024-10-11,0,6606,30.049263,31.371609
1643,Silver Care Pharmacy - Square,,Cairo,Nasr City,9,23,2,2024-10-20,1,5381,30.054121,31.340558
1644,Alpha Pharma,,Cairo,Nasr City,9,1,2,2025-07-07,1,9813,30.044449,31.364827
1645,Mira Pharmacy - Nasr,,Cairo,Nasr City,8,23,2,2024-11-01,0,5880,30.060831,31.356283
1646,Hope Pharmacy - Nasr,,Cairo,Nasr City,9,23,2,2025-03-30,0,4826,30.050241,31.333219
1647,Silver Care Pharmacy - Zayed,,Cairo,Nasr City,10,23,2,2024-09-01,0,1128,30.044624,31.357101
1648,Health Gate Pharmacy,,Cairo,Nasr City,10,1,2,2024-09-29,0,6007,30.058559,31.364135
1649,El Tourath Pharmacy,,Cairo,Nasr City,9,1,2,2025-03-06,0,6423,30.044589,31.347514
1650,Angel Pharmacy - Nasr,,Cairo,Nasr City,9,23,2,2024-12-15,1,5455,30.053994,31.372809
1651,Life Line Pharmacy - Nasr,,Cairo,Nasr City,10,23,2,2025-06-11,2,4429,30.062832,31.344446
1652,Nile Care Pharmacy - Obour,,Cairo,Nasr City,8,23,2,2025-07-02,0,6172,30.047598,31.336983
1653,Better Life Pharmacy - Nasr,,Cairo,Nasr City,9,23,2,2025-01-30,1,4708,30.057299,31.330125
1654,Dr Medhat Pharmacy,,Cairo,Nasr City,9,23,2,2025-08-16,0,8493,30.045337,31.361877
1655,Dr Medhat Pharmacy - Nozha,,Cairo,Nasr City,9,23,2,2025-08-19,0,4819,30.059454,31.366981
1656,Silver Care Pharmacy - Nozha,,Cairo,Nasr City,8,23,2,2025-02-18,0,6739,30.051084,31.346245
1657,El Shifa Pharmacy - Nozha,,Cairo,Nasr City,9,23,2,2024-11-20,0,2473,30.043866,31.334284
1658,Green Leaf Pharmacy - Nasr,,Cairo,Nasr City,8,23,2,2025-02-28,1,2155,30.060834,31.337086
1659,Silver Care Pharmacy - Square,,Cairo,Nasr City,9,23,2,2025-04-23,1,8647,30.050627,31.37485
1660,Elite Pharmacy - Agami,,Cairo,Nasr City,10,23,2,2025-07-27,0,3602,30.051457,31.358259
1661,Dr Medhat Pharmacy - Banha,,Cairo,Nasr City,8,23,2,2025-05-24,0,9737,30.05833,31.34975
1662,Union Pharm - Obour,,Cairo,Nasr City,8,1,2,2024-10-05,0,3031,30.04798,31.371814
1663,Family Pharmacy - Obour,,Cairo,Nasr City,9,1,2,2025-05-11,0,2326,30.055885,31.34064
1664,City Care Pharmacy,,Cairo,Nasr City,9,23,2,2025-09-08,0,9517,30.04628,31.365798
1665,Salamtek Pharmacy,,Cairo,Nasr City,9,1,2,2025-08-03,0,2447,30.062428,31.356848
1666,Hope Pharmacy - Agami,,Cairo,Nasr City,8,1,2,2024-09-07,0,1994,30.04904,31.334522
1667,Salamtek Pharmacy,,Cairo,Nasr City,9,2,2,2025-06-21,0,4509,30.043735,31.357009
1668,Al Amal Pharmacy - Shubra,,Cairo,Nasr City,8,23,2,2025-05-12,1,4817,30.057733,31.362836
1669,City Care Pharmacy - Nasr,,Cairo,Nasr City,9,23,2,2024-10-17,0,8001,30.046173,31.349862
1670,Misr Pharmacy - Square,,Cairo,Nasr City,8,23,2,2024-11-22,0,8242,30.052617,31.370866
1671,Health Gate Pharmacy - Nasr,,Cairo,Nasr City,9,1,2,2024-12-19,0,8172,30.065408,31.344556
1672,Elite Pharmacy - Shubra,,Cairo,Nasr City,8,1,2,2025-04-20,0,8047,30.050448,31.339606
1673,El Shifa Pharmacy - Nasr,,Cairo,Nasr City,9,23,2,2024-11-17,1,6942,30.057794,31.330309
1674,El Hokama Pharmacy,,Cairo,Nasr City,8,1,2,2024-12-21,0,5964,30.042239,31.361762
1675,Nile Care Pharmacy - Marg,,Cairo,Nasr City,9,23,2,2025-01-10,1,7580,30.0592,31.368966
1676,Silver Care Pharmacy,,Cairo,Nasr City,9,23,2,2025-03-06,0,5597,30.053031,31.345838
1677,Alpha Pharma - Rehab View,,Cairo,Nasr City,8,23,2,2025-06-09,1,5101,30.044501,31.334388
1678,Ebn Sina Pharmacy,,Cairo,Nasr City,9,23,2,2025-04-27,1,4981,30.058407,31.337041
1679,Al Nozha Pharmacy - Nasr,,Cairo,Nasr City,10,23,2,2025-08-27,0,5786,30.048523,31.374395
1680,Mira Pharmacy,,Cairo,Nasr City,8,1,2,2025-08-07,0,2322,30.055212,31.359511
1681,Elite Pharmacy - Oct City,,Cairo,Nasr City,9,23,2,2025-04-25,0,6020,30.061167,31.351203
1682,Omega Pharmacy,,Cairo,Nasr City,9,23,2,2025-08-10,0,8023,30.045815,31.370253
1683,Dr Medhat Pharmacy - Helwan,,Cairo,Nasr City,9,23,2,2025-01-11,0,8605,30.054884,31.341479
1684,Care 24 Seven - Obour,,Cairo,Nasr City,9,23,2,2025-07-01,0,5098,30.046604,31.365277
1685,El Hokama Pharmacy,,Cairo,Nasr City,8,1,2,2025-08-27,0,1121,30.05949,31.356985
1686,Union Pharm - Nasr,,Cairo,Nasr City,9,1,2,2024-11-01,0,9004,30.05158,31.334814
1687,Care 24 Seven,,Cairo,Nasr City,9,23,2,2025-05-11,0,8735,30.044559,31.357143
1688,Dr Medhat Pharmacy - Rehab View,,Cairo,Nasr City,10,23,2,2025-01-10,0,7700,30.057296,31.366196
1689,Misr Pharmacy,,Cairo,Nasr City,9,23,2,2024-09-14,0,5045,30.048118,31.347179
1690,El Hokama Pharmacy,,Cairo,Nasr City,9,1,2,2025-07-17,0,8618,30.053033,31.371129
1691,El Tourath Pharmacy - Nasr,,Cairo,Nasr City,9,23,2,2025-09-11,0,7751,30.063018,31.345812
1692,Al Nozha Pharmacy - Nasr,,Cairo,Nasr City,9,23,2,2025-06-19,0,3707,30.048041,31.340179
1693,El Zahraa Pharmacy - Nasr,,Cairo,Nasr City,8,2,2,2025-02-27,0,5608,30.057096,31.33101
1694,Pharma Plus - Obour,,Cairo,Nasr City,9,23,2,2025-03-13,0,8739,30.0395,31.361562
1695,Misr Pharmacy - Nasr,,Cairo,Nasr City,9,23,2,2025-01-15,0,4446,30.061379,31.366973
1696,Hope Pharmacy,,Cairo,Nasr City,8,2,2,2025-01-21,0,2471,30.051545,31.34464
1697,Mira Pharmacy,,Cairo,Nasr City,8,2,2,2024-09-02,0,7076,30.04454,31.333837
1698,Misr Pharmacy - Nozha,,Cairo,Nasr City,9,23,2,2025-07-03,0,9132,30.057295,31.336028
1699,Life Line Pharmacy - Nasr,,Cairo,Nasr City,10,23,2,2024-12-29,0,2373,30.048497,31.376025
1700,Omega Pharmacy,,Cairo,Nasr City,9,1,2,2025-03-10,0,6547,30.051824,31.35938
1701,Salamtek Pharmacy - Obour,,Cairo,Nasr City,10,23,2,2025-01-29,1,9462,30.058495,31.35058
1702,Silver Care Pharmacy - Nasr,,Cairo,Nasr City,9,23,2,2025-01-20,0,3847,30.047532,31.369022
1703,Metro Pharmacy,,Cairo,Nasr City,9,23,2,2024-11-12,2,6911,30.056521,31.344619
1704,Sunrise Pharmacy - Nasr,,Cairo,Nasr City,8,23,2,2025-01-23,0,8305,30.045207,31.363668
1705,Health Gate Pharmacy - Agami,,Cairo,Nasr City,9,23,2,2024-10-28,1,7068,30.060712,31.357803
1706,Star Care Pharmacy,,Cairo,Nasr City,10,23,2,2025-03-08,0,4878,30.048348,31.333202
1707,El Hokama Pharmacy - Nasr,,Cairo,Nasr City,9,2,2,2025-03-13,0,1303,30.041499,31.355823
1708,Family Pharmacy,,Cairo,Nasr City,8,23,2,2025-01-28,0,4188,30.057694,31.36609
1709,Sunrise Pharmacy,,Cairo,Nasr City,8,1,2,2024-11-26,0,3117,30.046176,31.347056
1710,Family Pharmacy - Nasr,,Cairo,Nasr City,9,23,2,2024-09-06,0,5731,30.05338,31.373616
1711,Metro Pharmacy,,Cairo,Nasr City,9,23,2,2025-08-16,0,2761,30.064584,31.343512
1712,El Zahraa Pharmacy - Faisal,,Cairo,Nasr City,10,23,2,2024-12-01,1,6794,30.047623,31.337278
1713,El Nasr Pharmacy - Nozha,,Cairo,Nasr City,10,23,2,2025-05-28,0,4056,30.058426,31.331228
1714,Mira Pharmacy - Banha,,Cairo,Nasr City,9,23,2,2025-02-21,0,4357,30.03996,31.360659
1715,Care 24 Seven - Nasr,,Cairo,Nasr City,9,23,2,2025-04-09,2,2142,30.060807,31.370931
1716,El Nasr Pharmacy - Imbaba,,Cairo,Nasr City,9,1,2,2025-05-03,0,3192,30.051149,31.34376
1717,Elite Pharmacy - Nasr,,Cairo,Nasr City,9,23,2,2024-10-03,0,2497,30.045711,31.333837
1718,Blue Wave Pharmacy - Banha,,Cairo,Nasr City,8,23,2,2024-10-04,0,2288,30.059129,31.33528
1719,Elite Pharmacy - Zayed,,Cairo,Nasr City,9,23,2,2025-07-04,0,7483,30.046376,31.375104
1720,Salamtek Pharmacy - Nasr,,Cairo,Nasr City,8,23,2,2025-03-23,0,4706,30.050366,31.360155
1721,Omega Pharmacy - Rehab View,,Cairo,Nasr City,8,1,2,2025-02-05,0,8793,30.058122,31.350746
1722,Blue Wave Pharmacy,,Cairo,Nasr City,8,23,2,2025-02-05,0,3527,30.048445,31.370343
1723,Star Care Pharmacy - Montaza,,Cairo,Nasr City,8,23,2,2025-05-30,1,8303,30.055908,31.342564
1724,Better Life Pharmacy - Nasr,,Cairo,Nasr City,9,23,2,2024-12-28,0,1227,30.045695,31.364374
1725,Al Amal Pharmacy,,Cairo,Nasr City,9,23,2,2024-11-22,0,2034,30.06225,31.358117
1726,Metro Pharmacy - Nozha,,Cairo,Nasr City,8,23,2,2024-10-06,0,7721,30.049445,31.334704
1727,Golden Care Pharmacy,,Cairo,Nasr City,9,1,2,2025-03-25,0,3736,30.041706,31.354491
1728,Alpha Pharma - Shubra,,Cairo,Nasr City,9,1,2,2025-01-08,0,6588,30.056937,31.364231
1729,Golden Care Pharmacy - Montaza,,Cairo,Nasr City,9,23,2,2025-03-23,0,3447,30.045823,31.348848
1730,El Zahraa Pharmacy - Square,,Cairo,Nasr City,9,1,2,2025-02-02,1,2032,30.053663,31.372361
1731,Al Amal Pharmacy,,Cairo,Nasr City,8,23,2,2025-07-02,0,7452,30.064851,31.345285
1732,Misr Pharmacy,,Cairo,Nasr City,9,2,2,2024-12-03,0,8000,30.050348,31.337002
1733,Better Life Pharmacy,,Cairo,Nasr City,9,1,2,2024-09-01,0,1828,30.057154,31.329295
1734,Union Pharm,,Cairo,Nasr City,9,23,2,2024-10-01,0,8469,30.042515,31.361066
1735,Union Pharm,,Cairo,Nasr City,8,23,2,2025-08-12,0,6879,30.061525,31.368755
1736,Pharma Plus,,Cairo,Nasr City,8,1,2,2024-09-25,0,2603,30.052321,31.347043
1737,El Faraby Pharmacy - Nasr,,Cairo,Nasr City,8,2,2,2025-07-04,0,1318,30.04625,31.335132
1738,El Shifa Pharmacy - Nasr,,Cairo,Nasr City,9,23,2,2024-12-05,0,8050,30.058943,31.336568
1739,Better Life Pharmacy,,Cairo,Nasr City,9,23,2,2025-03-12,0,9692,30.04816,31.376835
1740,El Shifa Pharmacy - Oct City,,Cairo,Nasr City,9,2,2,2025-02-15,0,9664,30.054356,31.361821
1741,Better Life Pharmacy,,Cairo,Nasr City,9,1,2,2024-11-13,0,4172,30.05881,31.351959
1742,Hope Pharmacy,,Cairo,Nasr City,9,23,2,2025-05-30,0,6113,30.047022,31.37112
1743,Metro Pharmacy - Dokki,,Cairo,Nasr City,9,23,2,2025-04-10,0,2624,30.056487,31.343764
1744,Star Care Pharmacy - Smouha,,Cairo,Nasr City,10,2,2,2024-11-16,0,7618,30.045488,31.364472
1745,El Zahraa Pharmacy,,Cairo,Nasr City,10,2,2,2025-06-21,0,5347,30.062638,31.357701
1746,El Hokama Pharmacy - Nasr,,Cairo,Nasr City,8,23,2,2025-09-15,0,2666,30.04884,31.329713
1747,Hope Pharmacy - Nozha,,Cairo,Nasr City,10,1,2,2025-06-21,0,9717,30.044406,31.357621
1748,Sunrise Pharmacy,,Cairo,Nasr City,8,1,2,2024-09-30,0,4331,30.057545,31.365834
1749,Dr Medhat Pharmacy - Montaza,,Cairo,Nasr City,10,23,2,2025-09-03,0,8426,30.045958,31.351518
1750,Care 24 Seven,,Cairo,Nasr City,9,23,2,2024-10-24,1,5877,30.055111,31.372198
1751,Angel Pharmacy,,Cairo,Nasr City,9,23,2,2025-07-31,0,6387,30.062793,31.343894
1752,Al Nozha Pharmacy - Nozha,,Cairo,Nasr City,9,23,2,2024-12-17,2,5946,30.049595,31.341172
1753,Life Line Pharmacy - Dokki,,Cairo,Nasr City,9,1,2,2025-07-18,1,8690,30.055778,31.330317
1754,El Zahraa Pharmacy - Nozha,,Cairo,Nasr City,9,23,2,2025-08-03,0,1353,30.044943,31.362959
1755,Care 24 Seven,,Cairo,Nasr City,10,23,2,2025-01-06,0,9558,30.061399,31.369816
1756,Angel Pharmacy,,Cairo,Nasr City,8,23,2,2025-04-19,0,1448,30.050576,31.34432
1757,Better Life Pharmacy,,Cairo,Nasr City,9,23,2,2025-03-12,0,5375,30.042721,31.332383
1758,El Zahraa Pharmacy,,Cairo,Nasr City,9,23,2,2024-10-28,2,7225,30.05874,31.336822
1759,Family Pharmacy - Nasr,,Cairo,Nasr City,9,23,2,2025-03-29,0,5155,30.04796,31.371806
1760,El Baraka Pharmacy - Nasr,,Cairo,Nasr City,9,23,2,2025-02-13,0,9536,30.053377,31.361451
1761,Ebn Sina Pharmacy,,Cairo,Nasr City,9,23,2,2025-04-09,0,9286,30.058786,31.350082
1762,Alpha Pharma,,Cairo,Nasr City,9,23,2,2025-01-17,0,4606,30.046072,31.370511
1763,Omega Pharmacy - Nasr,,Cairo,Nasr City,9,23,2,2025-01-04,0,5753,30.055431,31.343435
1764,Golden Care Pharmacy - Nasr,,Cairo,Nasr City,9,23,2,2025-05-13,0,7027,30.046212,31.363743
1765,Golden Care Pharmacy,,Cairo,Nasr City,8,23,2,2025-07-23,0,6267,30.060439,31.359251
1766,El Zahraa Pharmacy,,Cairo,Nasr City,9,23,2,2025-06-04,0,2449,30.047886,31.332856
1767,Al Amal Pharmacy - Nasr,,Cairo,Nasr City,9,23,2,2025-09-14,0,9012,30.043441,31.35605
1768,Al Amal Pharmacy - Haram,,Cairo,Nasr City,9,23,2,2025-01-12,0,4889,30.06047,31.365332
1769,Omega Pharmacy - Nasr,,Cairo,Nasr City,9,23,2,2025-03-22,0,4950,30.046463,31.348359
1770,Hope Pharmacy - Nasr,,Cairo,Nasr City,9,2,2,2025-03-09,0,9285,30.054934,31.371765
1771,El Tourath Pharmacy - Nasr,,Cairo,Nasr City,9,23,2,2025-06-11,0,6200,30.062207,31.344389
1772,Sunrise Pharmacy,,Cairo,Nasr City,9,23,2,2025-04-03,0,3781,30.048266,31.340131
1773,Ebn Sina Pharmacy,,Cairo,Nasr City,9,23,2,2025-07-29,0,2896,30.055609,31.331197
1774,El Hokama Pharmacy - Nasr,,Cairo,Nasr City,9,1,2,2024-11-15,0,1447,30.042257,31.360038
1775,Metro Pharmacy - Nasr,,Cairo,Nasr City,10,23,2,2025-06-19,0,4595,30.059368,31.369089
1776,Ebn Sina Pharmacy,,Cairo,Nasr City,10,23,2,2024-12-22,0,1943,30.051371,31.344784
1777,Blue Wave Pharmacy - Dokki,,Cairo,Nasr City,9,23,2,2025-01-02,0,8144,30.045153,31.335492
1778,Union Pharm - Imbaba,,Cairo,Nasr City,8,23,2,2025-06-29,1,8293,30.059659,31.337523
1779,Blue Wave Pharmacy - Nasr,,Cairo,Nasr City,8,1,2,2025-08-05,0,3285,30.049199,31.375582
1780,Star Care Pharmacy - Faisal,,Cairo,Nasr City,8,23,2,2024-09-30,0,4878,30.052683,31.36109
1781,Star Care Pharmacy - Nasr,,Cairo,Nasr City,9,23,2,2024-10-10,1,3353,30.056571,31.350734
1782,Golden Care Pharmacy,,Cairo,Nasr City,9,2,2,2024-12-19,0,9373,30.046882,31.369709
1783,Blue Wave Pharmacy,,Cairo,Nasr City,9,1,2,2025-06-01,0,9645,30.055238,31.343087
1784,Mira Pharmacy - Square,,Cairo,Nasr City,9,1,2,2025-09-03,0,8861,30.044595,31.365652
1785,Dr Medhat Pharmacy - Zayed,,Cairo,Nasr City,9,23,2,2025-07-07,0,2047,30.058392,31.357859
1786,El Nasr Pharmacy - Shubra,,Cairo,Nasr City,9,2,2,2025-04-06,0,3457,30.048082,31.331691
1787,Misr Pharmacy - Nasr,,Cairo,Nasr City,8,23,2,2025-02-22,0,1582,30.044585,31.354962
1788,Green Leaf Pharmacy,,Cairo,Nasr City,8,23,2,2025-03-05,0,7293,30.058318,31.365474
1789,Blue Wave Pharmacy - Nasr,,Cairo,Nasr City,8,2,2,2024-09-03,0,7608,30.049176,31.348438
1790,Family Pharmacy - Haram,,Cairo,Nasr City,8,1,2,2025-02-28,1,7369,30.053634,31.372183
1791,Angel Pharmacy - Nasr,,Cairo,Nasr City,9,2,2,2024-10-19,1,8831,30.063994,31.347555
1792,Seha First Pharmacy - Imbaba,,Cairo,Nasr City,10,23,2,2025-05-30,0,1215,30.049007,31.338634
1793,Al Nozha Pharmacy - Nasr,,Cairo,Nasr City,9,1,2,2025-07-19,0,9927,30.056469,31.332684
1794,Al Nozha Pharmacy - Nasr,,Cairo,Nasr City,8,1,2,2025-02-03,0,6075,30.042264,31.36037
1795,Mira Pharmacy - Smouha,,Cairo,Nasr City,8,23,2,2024-10-06,1,9061,30.061942,31.368504
1796,Omega Pharmacy - Nasr,,Cairo,Nasr City,9,1,2,2025-01-30,0,1358,30.052837,31.346494
1797,Seha First Pharmacy - Marg,,Cairo,Nasr City,9,23,2,2024-10-11,0,1441,30.044977,31.334309
1798,Alpha Pharma,,Cairo,Nasr City,10,2,2,2025-02-07,2,6683,30.056738,31.336863
1799,Misr Pharmacy - Zayed,,Cairo,Nasr City,9,23,2,2025-01-16,0,8051,30.048214,31.37653
1800,Better Life Pharmacy - Faisal,,Cairo,Nasr City,9,23,2,2025-07-31,0,4152,30.050802,31.361518
1801,Dr Medhat Pharmacy - Nasr,,Cairo,Nasr City,8,1,2,2025-01-12,1,3067,30.058622,31.350173
1802,Life Line Pharmacy - Nasr,,Cairo,Nasr City,9,23,2,2025-04-10,0,8644,30.046147,31.372221
1803,El Faraby Pharmacy,,Cairo,Nasr City,9,23,2,2025-01-23,0,3789,30.054902,31.340083
1804,Al Amal Pharmacy,,Cairo,Nasr City,8,1,2,2024-12-28,0,9595,30.046576,31.364894
1805,Green Leaf Pharmacy - Square,,Cairo,Nasr City,9,23,2,2024-11-24,1,7557,30.060045,31.359211
1806,Union Pharm - Smouha,,Cairo,Nasr City,9,23,2,2024-12-04,0,4661,30.048987,31.333593
1807,Elite Pharmacy - Banha,,Cairo,Nasr City,9,1,2,2025-03-15,0,6666,30.04643,31.356634
1808,Health Gate Pharmacy,,Cairo,Nasr City,9,1,2,2024-11-17,0,4426,30.057048,31.366031
1809,Health Gate Pharmacy,,Cairo,Nasr City,10,2,2,2025-07-13,0,7626,30.045478,31.347772
1810,El Baraka Pharmacy,,Cairo,Nasr City,10,23,2,2025-01-20,0,3115,30.052471,31.372368
1811,Salamtek Pharmacy - Nasr,,Cairo,Nasr City,8,23,2,2025-09-11,0,6089,30.064984,31.343512
1812,Al Amal Pharmacy - Maadi,,Cairo,Nasr City,9,1,2,2024-11-07,0,8899,30.048885,31.338549
1813,Pharma Plus,,Cairo,Nasr City,8,23,2,2025-02-21,0,9897,30.057497,31.329909
1814,El Shifa Pharmacy - Square,,Cairo,Nasr City,9,23,2,2025-02-03,0,1193,30.04112,31.36279
1815,Al Nozha Pharmacy - Nasr,,Cairo,Nasr City,8,2,2,2024-09-22,0,6139,30.060629,31.368489
1816,Ebn Sina Pharmacy - Nasr,,Cairo,Nasr City,9,23,2,2025-08-10,0,2103,30.050614,31.344883
1817,Angel Pharmacy - Nasr,,Cairo,Nasr City,10,1,2,2025-06-18,0,6848,30.044193,31.334369
1818,Omega Pharmacy - Nasr,,Cairo,Nasr City,9,23,2,2025-03-26,0,2423,30.059198,31.33633
1819,Metro Pharmacy - Obour,,Cairo,Nasr City,9,23,2,2025-02-04,0,8145,30.048097,31.376403
1820,Dr Medhat Pharmacy,,Cairo,Nasr City,9,23,2,2025-03-18,0,2206,30.054043,31.363065
1821,El Faraby Pharmacy - Nasr,,Cairo,Nasr City,8,2,2,2025-03-21,0,1064,30.059157,31.350545
1822,Mira Pharmacy - Dokki,,Cairo,Nasr City,8,23,2,2024-10-22,0,2048,30.050725,31.368541
1823,Salamtek Pharmacy - Nasr,,Cairo,Nasr City,9,23,2,2024-12-15,0,6843,30.054401,31.342283
1824,Sunrise Pharmacy - Montaza,,Cairo,Nasr City,9,2,2,2025-07-03,0,4610,30.044134,31.365968
1825,Better Life Pharmacy - Maadi,,Cairo,Nasr City,8,23,2,2025-04-29,0,1165,30.060097,31.357884
1826,Elite Pharmacy - Nasr,,Cairo,Nasr City,9,23,2,2024-12-20,0,3579,30.049973,31.330657
1827,Green Leaf Pharmacy,,Cairo,Nasr City,9,23,2,2025-04-05,1,2987,30.04404,31.357096
1828,Seha First Pharmacy - Nasr,,Cairo,Nasr City,9,23,2,2025-07-13,0,7711,30.05464,31.365461
1829,Silver Care Pharmacy - Nasr,,Cairo,Nasr City,9,23,2,2025-06-02,0,3609,30.047152,31.347179
1830,Union Pharm - Nasr,,Cairo,Nasr City,9,2,2,2024-12-07,1,1833,30.050632,31.37152
1831,El Faraby Pharmacy - Nasr,,Cairo,Nasr City,9,23,2,2024-09-27,0,7201,30.064599,31.345606
1832,Sunrise Pharmacy - Smouha,,Cairo,Nasr City,9,23,2,2025-07-11,0,5503,30.048147,31.336013
1833,El Tourath Pharmacy,,Cairo,Nasr City,8,1,2,2024-09-15,0,3446,30.054479,31.331251
1834,Blue Wave Pharmacy - Nasr,,Cairo,Nasr City,8,23,2,2025-01-25,1,8207,30.044122,31.362464
1835,City Care Pharmacy,,Cairo,Nasr City,9,23,2,2025-03-10,1,2347,30.058322,31.369406
1836,Elite Pharmacy - Nasr,,Cairo,Nasr City,10,2,2,2025-07-22,0,2546,30.049926,31.344975
1837,Al Amal Pharmacy - Nasr,,Cairo,Nasr City,10,23,2,2025-08-07,0,5831,30.042633,31.333449
1838,Sunrise Pharmacy - Marg,,Cairo,Nasr City,10,23,2,2025-02-21,0,6337,30.057823,31.336056
1839,Al Amal Pharmacy - Nasr,,Cairo,Nasr City,9,23,2,2024-11-05,0,4577,30.048855,31.376183
1840,Better Life Pharmacy - Helwan,,Cairo,Nasr City,9,23,2,2025-03-09,0,6758,30.052307,31.360386
1841,Better Life Pharmacy,,Cairo,Nasr City,9,23,2,2025-08-26,0,6427,30.06022,31.349182
1842,Pharma Plus - Nasr,,Cairo,Nasr City,9,2,2,2025-02-21,0,6688,30.04902,31.369735
1843,El Faraby Pharmacy - Nasr,,Cairo,Nasr City,9,23,2,2024-12-10,0,4252,30.054715,31.340383
1844,Mira Pharmacy - Imbaba,,Cairo,Nasr City,10,2,2,2025-09-11,0,6652,30.045995,31.367479
1845,Health Gate Pharmacy - Rehab View,,Cairo,Nasr City,10,1,2,2024-10-28,0,4021,30.058339,31.357649
1846,Nile Care Pharmacy - Nasr,,Cairo,Nasr City,9,23,2,2025-02-25,0,2216,30.050672,31.332087
1847,Alpha Pharma - Rehab View,,Cairo,Nasr City,9,2,2,2025-01-25,0,7971,30.042431,31.354665
1848,El Faraby Pharmacy,,Cairo,Nasr City,8,23,2,2025-01-30,2,8647,30.057647,31.364934
1849,Alpha Pharma - Nasr,,Cairo,Nasr City,9,23,2,2025-02-02,0,2940,30.048182,31.349866
1850,El Baraka Pharmacy,,Cairo,Nasr City,8,23,2,2025-08-06,0,4876,30.05356,31.371452
1851,Al Nozha Pharmacy - Montaza,,Cairo,Nasr City,9,1,2,2025-09-01,0,9672,30.064582,31.345411
1852,Sunrise Pharmacy - Marg,,Cairo,Nasr City,9,23,2,2025-03-11,0,9493,30.047827,31.339706
1853,El Hokama Pharmacy - Nasr,,Cairo,Nasr City,9,23,2,2024-11-13,0,1836,30.056072,31.330023
1854,Misr Pharmacy - Nasr,,Cairo,Nasr City,9,1,2,2025-04-07,0,5481,30.043266,31.363145
1855,Union Pharm - Montaza,,Cairo,Nasr City,9,23,2,2024-11-15,0,4829,30.060677,31.368066
1856,Sunrise Pharmacy - Nasr,,Cairo,Nasr City,8,2,2,2025-01-25,0,6825,30.049042,31.346891
1857,Misr Pharmacy - Nasr,,Cairo,Nasr City,10,23,2,2025-04-20,0,9792,30.044634,31.334287
1858,Ebn Sina Pharmacy - Nasr,,Cairo,Nasr City,10,1,2,2025-08-26,0,3310,30.058705,31.337033
1859,Star Care Pharmacy - Square,,Cairo,Nasr City,9,23,2,2025-04-16,2,3650,30.046226,31.376209
1860,Better Life Pharmacy - Nasr,,Cairo,Nasr City,9,23,2,2024-11-25,0,3622,30.053569,31.362172
1861,Salamtek Pharmacy - Nasr,,Cairo,Nasr City,8,2,2,2025-06-06,0,7017,30.05852,31.351311
1862,Hope Pharmacy - Zayed,,Cairo,Nasr City,9,23,2,2024-09-26,0,6144,30.046316,31.370219
1863,Pharma Plus - Oct City,,Cairo,Nasr City,9,23,2,2025-06-05,0,5515,30.056853,31.341259
1864,Omega Pharmacy,,Cairo,Nasr City,8,2,2,2025-03-28,0,9850,30.045123,31.364662
1865,Golden Care Pharmacy - Montaza,,Cairo,Nasr City,9,23,2,2025-04-15,0,7860,30.060032,31.35712
1866,Elite Pharmacy,,Cairo,Nasr City,9,1,2,2024-09-21,2,1699,30.048564,31.33074
1867,Seha First Pharmacy,,Cairo,Nasr City,8,1,2,2025-07-01,0,4014,30.043683,31.355709
1868,El Hokama Pharmacy - Shubra,,Cairo,Nasr City,8,2,2,2025-03-02,0,3334,30.057102,31.362158
1869,City Care Pharmacy - Faisal,,Cairo,Nasr City,10,23,2,2024-11-28,0,4771,30.046919,31.346691
1870,Omega Pharmacy - Nasr,,Cairo,Nasr City,9,1,2,2025-06-07,0,4624,30.054775,31.372051
1871,Star Care Pharmacy - Square,,Cairo,Nasr City,9,23,2,2025-06-30,0,7942,30.063086,31.343185
1872,Al Nozha Pharmacy,,Cairo,Nasr City,8,23,2,2024-09-04,0,9180,30.048833,31.337358
1873,Star Care Pharmacy,,Cairo,Nasr City,8,23,2,2025-07-19,0,6658,30.057958,31.331982
1874,Metro Pharmacy - Nasr,,Cairo,Nasr City,9,23,2,2025-01-25,0,8602,30.043104,31.363752
1875,El Baraka Pharmacy - Obour,,Cairo,Nasr City,8,23,2,2024-10-07,0,4018,30.061555,31.369091
1876,El Baraka Pharmacy,,Cairo,Nasr City,9,23,2,2025-02-22,0,8515,30.052721,31.344021
1877,Dr Medhat Pharmacy,,Cairo,Nasr City,9,23,2,2025-08-06,0,2132,30.043428,31.33295
1878,Elite Pharmacy - Maadi,,Cairo,Nasr City,8,23,2,2025-04-20,0,4108,30.057717,31.337965
1879,Life Line Pharmacy - Faisal,,Cairo,Nasr City,9,23,2,2024-10-30,0,8048,30.049548,31.374782
1880,Health Gate Pharmacy - Nasr,,Cairo,Nasr City,9,23,2,2025-05-14,0,2265,30.053675,31.360966
1881,El Nasr Pharmacy - Nasr,,Cairo,Nasr City,9,23,2,2025-05-24,0,7218,30.059512,31.351241
1882,Nile Care Pharmacy - Banha,,Cairo,Nasr City,8,23,2,2025-07-01,0,6631,30.046645,31.370402
1883,Salamtek Pharmacy,,Cairo,Nasr City,10,1,2,2025-04-15,0,2561,30.05646,31.34308
1884,Misr Pharmacy - Haram,,Cairo,Nasr City,9,1,2,2025-04-30,1,5829,30.044797,31.364443
1885,Life Line Pharmacy,,Cairo,Nasr City,9,23,2,2024-12-31,0,5650,30.062202,31.358241
1886,El Tourath Pharmacy - Maadi,,Cairo,Nasr City,9,1,2,2024-10-20,0,4352,30.051477,31.329901
1887,El Hokama Pharmacy,,Cairo,Nasr City,8,23,2,2024-11-26,0,2339,30.04386,31.354155
1888,City Care Pharmacy,,Cairo,Nasr City,8,1,2,2024-10-26,0,6339,30.057773,31.365149
1889,Mira Pharmacy,,Cairo,Nasr City,9,23,2,2025-05-07,0,3539,30.047068,31.348771
1890,Metro Pharmacy,,Giza,Faisal,8,23,3,2024-10-07,0,2697,30.003577,31.17046
1891,Green Leaf Pharmacy - Faisal,,Giza,Faisal,9,2,3,2025-02-05,0,2512,30.005697,31.163952
1892,Nile Care Pharmacy - Faisal,,Giza,Faisal,9,23,3,2024-09-05,2,2825,29.998123,31.175308
1893,Family Pharmacy - Faisal,,Giza,Faisal,10,23,3,2025-02-15,1,6133,30.011602,31.157112
1894,El Nasr Pharmacy,,Giza,Faisal,8,23,3,2025-08-05,0,5514,29.999155,31.18191
1895,Care 24 Seven - Square,,Giza,Faisal,9,1,3,2025-06-30,0,7035,30.009389,31.160808
1896,El Zahraa Pharmacy,,Giza,Faisal,10,1,3,2025-05-28,0,3617,29.995601,31.167819
1897,Al Amal Pharmacy,,Giza,Faisal,9,23,3,2024-10-25,0,2080,30.013528,31.152374
1898,Mira Pharmacy - Maadi,,Giza,Faisal,10,23,3,2025-04-22,1,6052,30.004669,31.187308
1899,El Zahraa Pharmacy - Faisal,,Giza,Faisal,8,2,3,2025-05-21,0,2638,29.994503,31.164346
1900,Golden Care Pharmacy - Faisal,,Giza,Faisal,10,23,3,2024-09-12,1,5476,30.01323,31.165821
1901,Hope Pharmacy,,Giza,Faisal,8,1,3,2024-12-30,0,9489,30.001933,31.15795
1902,El Zahraa Pharmacy - Helwan,,Giza,Faisal,9,23,3,2025-04-11,0,7739,30.007098,31.178633
1903,Green Leaf Pharmacy,,Giza,Faisal,10,23,3,2024-10-05,0,5286,30.015055,31.162585
1904,Golden Care Pharmacy,,Giza,Faisal,9,23,3,2025-02-14,0,6776,29.999163,31.174427
1905,Sunrise Pharmacy - Faisal,,Giza,Faisal,8,23,3,2024-10-17,0,4756,30.01085,31.170675
1906,Salamtek Pharmacy - Faisal,,Giza,Faisal,9,23,3,2025-02-14,0,6200,29.994578,31.156468
1907,Angel Pharmacy - Faisal,,Giza,Faisal,9,23,3,2025-02-11,0,5188,30.012856,31.176873
1908,Family Pharmacy - Faisal,,Giza,Faisal,9,23,3,2024-12-20,0,1201,30.004056,31.155217
1909,Metro Pharmacy - Zayed,,Giza,Faisal,9,1,3,2025-04-10,0,9977,30.008682,31.182983
1910,El Baraka Pharmacy - Square,,Giza,Faisal,9,1,3,2025-06-03,0,8281,30.00329,31.168513
1911,Pharma Plus - Maadi,,Giza,Faisal,10,2,3,2024-09-09,0,6577,30.008864,31.164927
1912,Alpha Pharma - Faisal,,Giza,Faisal,9,23,3,2024-11-13,0,2621,29.998559,31.172872
1913,Mira Pharmacy,,Giza,Faisal,8,23,3,2025-08-07,0,1185,30.011739,31.156929
1914,Hope Pharmacy - Obour,,Giza,Faisal,9,1,3,2025-01-28,0,9712,30.000524,31.182446
1915,Better Life Pharmacy - Maadi,,Giza,Faisal,8,2,3,2025-08-21,0,4810,30.009155,31.162716
1916,El Baraka Pharmacy - Rehab View,,Giza,Faisal,10,23,3,2025-02-09,0,2857,29.99784,31.168493
1917,Health Gate Pharmacy,,Giza,Faisal,9,1,3,2025-06-03,0,3037,30.016637,31.151407
1918,Golden Care Pharmacy,,Giza,Faisal,9,23,3,2025-05-14,0,7184,30.003642,31.188447
1919,Mira Pharmacy - Agami,,Giza,Faisal,9,23,3,2024-10-19,0,6478,29.997571,31.161315
1920,Silver Care Pharmacy,,Giza,Faisal,9,23,3,2025-05-28,0,7869,30.010846,31.165642
1921,Life Line Pharmacy - Faisal,,Giza,Faisal,10,1,3,2025-07-01,0,4117,30.0025,31.157874
1922,El Faraby Pharmacy - Oct City,,Giza,Faisal,9,23,3,2025-01-20,0,3609,30.009457,31.17914
1923,Mira Pharmacy - Faisal,,Giza,Faisal,9,23,3,2024-09-25,0,8347,30.016499,31.15838
1924,El Baraka Pharmacy,,Giza,Faisal,8,2,3,2025-06-28,1,1244,30.000303,31.171885
1925,Family Pharmacy,,Giza,Faisal,9,23,3,2024-10-29,2,3371,30.010777,31.168889
1926,Al Amal Pharmacy - Haram,,Giza,Faisal,9,23,3,2024-10-04,0,5635,29.996542,31.156191
1927,Pharma Plus,,Giza,Faisal,9,2,3,2025-01-03,0,4444,30.011962,31.175529
1928,Seha First Pharmacy - Agami,,Giza,Faisal,8,23,3,2024-09-16,2,3491,30.00758,31.153728
1929,Star Care Pharmacy - Imbaba,,Giza,Faisal,8,23,3,2025-03-01,0,3019,30.010353,31.18516
1930,Sunrise Pharmacy - Faisal,,Giza,Faisal,8,23,3,2025-07-23,1,9170,30.004406,31.168473
1931,Silver Care Pharmacy - Helwan,,Giza,Faisal,9,23,3,2024-12-02,1,8634,30.005631,31.163893
1932,Metro Pharmacy,,Giza,Faisal,8,23,3,2025-06-17,0,5340,29.998375,31.177365
1933,Ebn Sina Pharmacy - Haram,,Giza,Faisal,9,1,3,2025-04-20,0,3086,30.012018,31.156664
1934,Dr Medhat Pharmacy - Faisal,,Giza,Faisal,9,23,3,2024-10-14,0,5255,29.999083,31.181293
1935,Ebn Sina Pharmacy - Faisal,,Giza,Faisal,8,23,3,2024-10-16,0,1075,30.008728,31.161176
1936,El Faraby Pharmacy - Faisal,,Giza,Faisal,9,1,3,2025-08-17,0,4909,29.996625,31.16903
1937,Misr Pharmacy - Imbaba,,Giza,Faisal,10,23,3,2025-08-09,1,3355,30.014257,31.153541
1938,Life Line Pharmacy - Faisal,,Giza,Faisal,9,23,3,2024-11-30,0,8878,30.006101,31.18867
1939,Sunrise Pharmacy,,Giza,Faisal,9,1,3,2025-06-16,0,2893,29.997727,31.162351
1940,El Nasr Pharmacy,,Giza,Faisal,10,23,3,2025-06-30,0,4826,30.013076,31.164953
1941,Dr Medhat Pharmacy - Faisal,,Giza,Faisal,9,23,3,2024-10-19,0,2326,30.003984,31.156472
1942,El Hokama Pharmacy - Smouha,,Giza,Faisal,8,23,3,2024-12-20,0,9732,30.008298,31.179564
1943,Omega Pharmacy,,Giza,Faisal,9,23,3,2025-02-21,0,3621,30.016621,31.160632
1944,El Hokama Pharmacy - Banha,,Giza,Faisal,9,23,3,2025-01-27,0,3927,30.00113,31.176123
1945,Seha First Pharmacy,,Giza,Faisal,9,23,3,2025-04-02,0,6068,30.010091,31.170451
1946,Al Nozha Pharmacy - Faisal,,Giza,Faisal,8,1,3,2025-01-09,0,8423,29.993487,31.156715
1947,Angel Pharmacy - Faisal,,Giza,Faisal,9,23,3,2025-05-16,0,1923,30.013977,31.175257
1948,Pharma Plus - Zayed,,Giza,Faisal,9,23,3,2024-10-08,0,8147,30.001355,31.150392
1949,Health Gate Pharmacy,,Giza,Faisal,8,23,3,2024-12-31,0,2938,30.009969,31.184225
1950,El Zahraa Pharmacy - Dokki,,Giza,Faisal,9,23,3,2025-05-20,0,4886,30.003379,31.16951
1951,Mira Pharmacy,,Giza,Faisal,8,23,3,2024-12-27,0,8989,30.007875,31.161797
1952,El Hokama Pharmacy - Faisal,,Giza,Faisal,9,23,3,2025-02-11,0,4248,29.997188,31.175602
1953,Dr Medhat Pharmacy - Nozha,,Giza,Faisal,9,23,3,2024-09-05,0,2101,30.011506,31.157627
1954,Family Pharmacy - Maadi,,Giza,Faisal,9,23,3,2024-09-27,0,9045,30.001698,31.180762
1955,Pharma Plus - Faisal,,Giza,Faisal,9,1,3,2025-05-02,0,4089,30.008546,31.160758
1956,Star Care Pharmacy - Faisal,,Giza,Faisal,8,23,3,2025-06-28,0,6319,29.997698,31.167676
1957,Mira Pharmacy,,Giza,Faisal,9,23,3,2025-01-30,2,2271,30.01354,31.15433
1958,Nile Care Pharmacy,,Giza,Faisal,9,1,3,2024-12-02,0,3870,30.007507,31.185977
1959,El Tourath Pharmacy,,Giza,Faisal,8,23,3,2024-10-21,0,6902,29.997489,31.162635
1960,Misr Pharmacy,,Giza,Faisal,9,23,3,2025-03-22,2,8697,30.010336,31.165225
1961,Family Pharmacy - Agami,,Giza,Faisal,8,23,3,2025-04-22,0,6301,30.001004,31.157427
1962,Misr Pharmacy - Faisal,,Giza,Faisal,8,23,3,2025-05-05,0,9818,30.007611,31.180312
1963,El Faraby Pharmacy - Maadi,,Giza,Faisal,9,23,3,2025-03-04,0,9932,30.018048,31.161015
1964,Better Life Pharmacy - Faisal,,Giza,Faisal,9,23,3,2025-05-30,0,2217,30.000483,31.173486
1965,Al Amal Pharmacy - Smouha,,Giza,Faisal,9,23,3,2025-08-30,0,1925,30.010433,31.169931
1966,Life Line Pharmacy - Agami,,Giza,Faisal,9,1,3,2024-10-23,0,8061,29.994136,31.155304
1967,Golden Care Pharmacy - Faisal,,Giza,Faisal,10,2,3,2024-09-30,1,3446,30.013515,31.174168
1968,Salamtek Pharmacy - Obour,,Giza,Faisal,9,23,3,2025-09-15,0,8686,30.003644,31.154223
1969,Mira Pharmacy - Zayed,,Giza,Faisal,9,1,3,2025-03-17,0,8165,30.010922,31.184075
1970,Better Life Pharmacy - Faisal,,Giza,Faisal,9,1,3,2025-05-05,0,9870,30.003317,31.171565
1971,El Faraby Pharmacy,,Giza,Faisal,9,23,3,2025-09-15,0,9581,30.006399,31.165832
1972,Ebn Sina Pharmacy - Faisal,,Giza,Faisal,9,23,3,2024-10-24,0,4362,29.996437,31.175345
1973,Metro Pharmacy - Haram,,Giza,Faisal,10,23,3,2025-08-18,0,1837,30.010301,31.156689
1974,Golden Care Pharmacy - Dokki,,Giza,Faisal,10,23,3,2025-04-01,0,8944,30.000377,31.181671
1975,El Zahraa Pharmacy,,Giza,Faisal,10,1,3,2025-07-01,1,8676,30.006829,31.160117
1976,Golden Care Pharmacy - Square,,Giza,Faisal,8,23,3,2025-01-31,0,5898,29.994732,31.169834
1977,Green Leaf Pharmacy - Square,,Giza,Faisal,9,23,3,2024-10-04,0,3474,30.014804,31.149929
1978,Al Amal Pharmacy,,Giza,Faisal,9,23,3,2025-01-24,0,1455,30.006995,31.188603
1979,Al Nozha Pharmacy - Faisal,,Giza,Faisal,8,1,3,2025-05-27,0,7597,29.998819,31.162537
1980,Star Care Pharmacy,,Giza,Faisal,8,1,3,2025-07-26,0,5556,30.012276,31.162504
1981,Care 24 Seven - Faisal,,Giza,Faisal,9,1,3,2025-04-05,1,2108,30.001136,31.158384
1982,Seha First Pharmacy - Haram,,Giza,Faisal,9,1,3,2025-02-05,1,1164,30.008877,31.180778
1983,El Zahraa Pharmacy - Agami,,Giza,Faisal,9,2,3,2025-01-21,1,5965,30.015457,31.158638
1984,El Nasr Pharmacy,,Giza,Faisal,9,23,3,2025-01-18,0,4136,29.997391,31.173804
1985,El Hokama Pharmacy,,Giza,Faisal,8,23,3,2025-01-03,0,8373,30.008491,31.170812
1986,Family Pharmacy,,Giza,Faisal,9,23,3,2024-10-26,0,7878,29.995049,31.15742
1987,Nile Care Pharmacy,,Giza,Faisal,9,23,3,2024-12-06,0,7456,30.01486,31.175344
1988,Life Line Pharmacy - Montaza,,Giza,Faisal,8,23,3,2025-03-04,0,3829,30.005156,31.153091
1989,Metro Pharmacy - Faisal,,Giza,Faisal,8,1,3,2025-06-07,0,8784,30.009478,31.183903
1990,El Faraby Pharmacy,,Giza,Faisal,9,23,3,2024-12-13,0,7424,30.005768,31.169183
1991,El Baraka Pharmacy,,Giza,Faisal,9,23,3,2024-11-07,0,7269,30.006145,31.164951
1992,Life Line Pharmacy - Faisal,,Giza,Faisal,8,23,3,2024-11-21,0,2131,29.998957,31.175683
1993,El Hokama Pharmacy,,Giza,Faisal,9,23,3,2025-08-05,0,4368,30.01332,31.156067
1994,El Zahraa Pharmacy,,Giza,Faisal,9,1,3,2025-08-29,0,4102,29.999294,31.178333
1995,El Zahraa Pharmacy - Haram,,Giza,Faisal,9,1,3,2025-04-10,0,5050,30.008568,31.158312
1996,Seha First Pharmacy - Faisal,,Giza,Faisal,10,23,3,2024-09-28,0,3816,29.995621,31.169274
1997,Pharma Plus,,Giza,Faisal,8,2,3,2024-10-25,0,5373,30.014752,31.153149
1998,Al Nozha Pharmacy - Smouha,,Giza,Faisal,9,2,3,2024-12-17,0,3641,30.003459,31.188369
1999,Seha First Pharmacy - Faisal,,Giza,Faisal,9,1,3,2025-04-11,0,4499,29.997441,31.159708
2000,Health Gate Pharmacy - Banha,,Giza,Faisal,10,23,3,2025-08-18,0,3781,30.01233,31.163578
2001,City Care Pharmacy,,Giza,Faisal,8,23,3,2025-03-24,0,9694,30.00463,31.157182
2002,Ebn Sina Pharmacy - Nozha,,Giza,Faisal,9,1,3,2025-04-25,0,1071,30.008014,31.180097
2003,Pharma Plus - Zayed,,Giza,Faisal,9,23,3,2025-08-25,0,3158,30.015487,31.158319
2004,Dr Medhat Pharmacy,,Giza,Faisal,9,1,3,2024-09-11,0,8648,30.000873,31.173393
2005,Family Pharmacy - Faisal,,Giza,Faisal,8,23,3,2025-08-18,1,9914,30.011185,31.171086
2006,Misr Pharmacy,,Giza,Faisal,8,23,3,2025-08-25,0,8143,29.993854,31.158692
2007,Al Nozha Pharmacy - Faisal,,Giza,Faisal,9,23,3,2024-10-25,1,7046,30.015287,31.175821
2008,El Nasr Pharmacy - Faisal,,Giza,Faisal,9,23,3,2025-07-24,0,3115,30.003161,31.15482
2009,Misr Pharmacy,,Giza,Faisal,10,23,3,2025-05-31,0,3269,30.008355,31.182351
2010,Seha First Pharmacy - Faisal,,Giza,Faisal,10,23,3,2025-01-16,1,1874,30.004431,31.168759
2011,City Care Pharmacy - Haram,,Giza,Faisal,8,1,3,2024-12-09,0,6012,30.004978,31.16212
2012,Elite Pharmacy,,Giza,Faisal,9,23,3,2025-07-26,0,7616,29.997409,31.176745
2013,El Hokama Pharmacy,,Giza,Faisal,9,23,3,2024-09-04,0,9338,30.009258,31.156414
2014,Care 24 Seven - Faisal,,Giza,Faisal,9,2,3,2025-02-21,0,5856,29.999639,31.182478
2015,Angel Pharmacy,,Giza,Faisal,9,23,3,2025-02-17,1,4675,30.007189,31.160735
2016,El Baraka Pharmacy - Faisal,,Giza,Faisal,8,23,3,2024-10-18,0,2418,29.993836,31.169339
2017,El Shifa Pharmacy,,Giza,Faisal,9,1,3,2025-01-10,0,1278,30.015343,31.153104
2018,Mira Pharmacy,,Giza,Faisal,8,23,3,2025-06-11,0,1737,30.006425,31.187527
2019,El Faraby Pharmacy - Marg,,Giza,Faisal,10,23,3,2025-06-01,0,1736,29.9984,31.161298
2020,Alpha Pharma - Square,,Giza,Faisal,10,23,3,2025-03-06,0,4573,30.012221,31.162491
2021,Hope Pharmacy - Dokki,,Giza,Faisal,9,23,3,2024-09-05,0,7535,30.00241,31.15596
2022,Life Line Pharmacy,,Giza,Faisal,10,2,3,2025-06-29,0,1877,30.007513,31.17901
2023,El Zahraa Pharmacy,,Giza,Faisal,8,23,3,2024-09-26,0,9929,30.017277,31.159979
2024,Union Pharm - Rehab View,,Giza,Faisal,8,1,3,2025-05-23,0,7794,30.000542,31.174425
2025,Pharma Plus,,Giza,Faisal,9,1,3,2024-10-19,0,2412,30.010848,31.170438
2026,Better Life Pharmacy - Faisal,,Giza,Faisal,8,23,3,2025-04-17,0,1586,29.992698,31.156701
2027,Blue Wave Pharmacy - Shubra,,Giza,Faisal,8,23,3,2024-11-27,0,6214,30.012713,31.175989
2028,Silver Care Pharmacy - Haram,,Giza,Faisal,8,23,3,2025-07-18,0,2641,30.004763,31.15144
2029,El Zahraa Pharmacy - Imbaba,,Giza,Faisal,8,1,3,2024-09-08,2,2014,30.008889,31.185211
2030,El Shifa Pharmacy - Zayed,,Giza,Faisal,9,23,3,2025-05-31,0,9169,30.004137,31.168721
2031,Blue Wave Pharmacy,,Giza,Faisal,8,23,3,2024-11-10,0,2624,30.004471,31.163597
2032,Nile Care Pharmacy,,Giza,Faisal,9,23,3,2025-08-17,1,1650,29.999288,31.175785
2033,Blue Wave Pharmacy - Faisal,,Giza,Faisal,10,23,3,2025-03-02,0,6286,30.01046,31.155987
2034,Family Pharmacy - Nozha,,Giza,Faisal,8,2,3,2024-10-27,0,2736,29.998945,31.182756
2035,Better Life Pharmacy,,Giza,Faisal,8,23,3,2024-12-20,0,9708,30.007874,31.162059
2036,City Care Pharmacy - Obour,,Giza,Faisal,8,23,3,2024-12-17,1,8885,29.99462,31.169704
2037,Blue Wave Pharmacy - Maadi,,Giza,Faisal,10,23,3,2025-02-09,0,5995,30.015224,31.1524
2038,Sunrise Pharmacy - Imbaba,,Giza,Faisal,10,23,3,2025-01-13,0,8215,30.004239,31.187861
2039,El Tourath Pharmacy - Faisal,,Giza,Faisal,8,23,3,2025-04-24,1,7761,29.998145,31.160913
2040,El Baraka Pharmacy - Faisal,,Giza,Faisal,10,1,3,2024-09-14,0,5341,30.012227,31.166569
2041,Silver Care Pharmacy,,Giza,Faisal,10,23,3,2025-07-19,0,3639,30.00327,31.157557
2042,Union Pharm - Faisal,,Giza,Faisal,9,23,3,2025-03-04,0,3686,30.004546,31.180209
2043,El Shifa Pharmacy,,Giza,Faisal,10,23,3,2025-02-23,0,1331,30.016769,31.15832
2044,Care 24 Seven,,Giza,Faisal,9,2,3,2024-09-12,0,9240,29.998432,31.174821
2045,Nile Care Pharmacy,,Giza,Faisal,9,23,3,2024-12-07,0,5917,30.009377,31.171137
2046,Ebn Sina Pharmacy - Faisal,,Giza,Faisal,9,23,3,2025-06-04,0,3388,29.994807,31.157113
2047,Nile Care Pharmacy,,Giza,Faisal,9,23,3,2024-11-03,0,1870,30.013291,31.17531
2048,Golden Care Pharmacy,,Giza,Faisal,10,23,3,2025-06-25,0,2923,30.003487,31.155044
2049,Nile Care Pharmacy,,Giza,Faisal,9,23,3,2024-12-16,0,7013,30.008524,31.18439
2050,Omega Pharmacy - Oct City,,Giza,Faisal,8,23,3,2025-03-31,0,2563,30.004878,31.169041
2051,Care 24 Seven,,Giza,Faisal,9,23,3,2024-10-25,0,7117,30.00614,31.16495
2052,Better Life Pharmacy - Faisal,,Giza,Faisal,9,23,3,2025-05-23,0,7270,29.997912,31.17611
2053,Dr Medhat Pharmacy - Imbaba,,Giza,Faisal,8,23,3,2025-06-29,0,5761,30.010978,31.155313
2054,Silver Care Pharmacy,,Giza,Faisal,8,23,3,2024-09-15,2,5892,30.000317,31.182759
2055,Angel Pharmacy,,Giza,Faisal,8,23,3,2025-07-23,0,2215,30.007533,31.158806
2056,Salamtek Pharmacy,,Giza,Faisal,8,23,3,2025-02-03,0,3918,29.994813,31.169452
2057,El Baraka Pharmacy - Marg,,Giza,Faisal,9,23,3,2024-11-18,0,8302,30.01759,31.153125
2058,Elite Pharmacy - Haram,,Giza,Faisal,9,2,3,2025-07-26,0,1222,30.005327,31.188441
2059,El Zahraa Pharmacy - Obour,,Giza,Faisal,8,1,3,2025-05-11,0,3545,29.996257,31.161794
2060,Omega Pharmacy - Faisal,,Giza,Faisal,8,1,3,2025-03-31,0,5077,30.011897,31.163976
2061,Alpha Pharma,,Giza,Faisal,8,2,3,2024-12-11,0,3774,30.00406,31.158965
2062,El Nasr Pharmacy,,Giza,Faisal,8,1,3,2025-06-16,0,7592,30.008284,31.181317
2063,Omega Pharmacy - Agami,,Giza,Faisal,9,23,3,2025-01-27,0,3201,30.01584,31.160135
2064,Angel Pharmacy - Nozha,,Giza,Faisal,8,1,3,2025-02-03,0,4501,29.998977,31.172138
2065,Union Pharm - Zayed,,Giza,Faisal,9,23,3,2025-01-29,0,1479,30.010628,31.171458
2066,Better Life Pharmacy - Nozha,,Giza,Faisal,9,23,3,2025-06-15,0,6435,29.993086,31.156068
2067,Mira Pharmacy,,Giza,Faisal,9,23,3,2025-05-23,2,2425,30.012953,31.173644
2068,El Zahraa Pharmacy - Faisal,,Giza,Faisal,9,23,3,2025-02-15,0,8129,30.00507,31.152969
2069,Health Gate Pharmacy - Zayed,,Giza,Faisal,9,23,3,2025-05-08,0,7871,30.009308,31.185343
2070,Nile Care Pharmacy - Faisal,,Giza,Faisal,10,23,3,2025-08-31,0,6724,30.00338,31.169095
2071,Elite Pharmacy - Faisal,,Giza,Faisal,8,1,3,2025-01-05,0,6515,30.005076,31.165867
2072,El Nasr Pharmacy - Square,,Giza,Faisal,9,23,3,2025-01-11,0,8302,29.999936,31.176903
2073,Pharma Plus,,Giza,Faisal,9,23,3,2025-07-19,0,1344,30.009544,31.154609
2074,Union Pharm - Faisal,,Giza,Faisal,10,23,3,2025-03-14,0,2197,29.998989,31.179277
2075,Salamtek Pharmacy - Faisal,,Giza,Faisal,9,23,3,2025-04-17,1,8251,30.007963,31.161782
2076,Mira Pharmacy,,Giza,Faisal,9,1,3,2025-01-16,0,9660,29.994354,31.170277
2077,Nile Care Pharmacy,,Giza,Faisal,8,23,3,2025-06-09,1,4743,30.014508,31.152552
2078,El Shifa Pharmacy - Agami,,Giza,Faisal,9,23,3,2024-10-01,2,8603,30.002861,31.188882
2079,Family Pharmacy - Faisal,,Giza,Faisal,9,23,3,2025-07-30,0,6792,29.997425,31.161012
2080,Hope Pharmacy,,Giza,Faisal,8,23,3,2025-03-28,0,3577,30.010133,31.165184
2081,Sunrise Pharmacy - Montaza,,Giza,Faisal,8,23,3,2024-12-06,0,5189,30.002245,31.158599
2082,Omega Pharmacy,,Giza,Faisal,9,23,3,2024-09-25,0,4099,30.00667,31.181025
2083,Al Amal Pharmacy - Faisal,,Giza,Faisal,9,23,3,2025-02-02,0,2092,30.017516,31.162175
2084,Ebn Sina Pharmacy - Faisal,,Giza,Faisal,9,23,3,2025-05-02,0,4235,29.998717,31.175563
2085,Green Leaf Pharmacy - Faisal,,Giza,Faisal,8,23,3,2025-06-10,0,9132,30.011222,31.169437
2086,Salamtek Pharmacy - Faisal,,Giza,Faisal,9,23,3,2025-06-08,0,1741,29.994134,31.156294
2087,El Shifa Pharmacy - Helwan,,Giza,Faisal,8,23,3,2024-09-17,0,7733,30.014742,31.174735
2088,Metro Pharmacy - Obour,,Giza,Faisal,9,23,3,2025-05-27,0,8518,30.002486,31.15199
2089,Nile Care Pharmacy - Faisal,,Giza,Faisal,8,23,3,2025-04-18,0,5419,30.010284,31.18496
2090,Green Leaf Pharmacy,,Giza,Faisal,8,23,3,2025-06-09,0,2745,30.003748,31.170769
2091,Green Leaf Pharmacy,,Giza,Faisal,10,2,3,2024-09-23,0,3576,30.005318,31.165016
2092,Star Care Pharmacy - Faisal,,Giza,Faisal,10,23,3,2025-08-29,0,2888,29.999444,31.174558
2093,Green Leaf Pharmacy,,Giza,Faisal,9,23,3,2025-05-26,0,2347,30.013047,31.157069
2094,Silver Care Pharmacy - Dokki,,Giza,Faisal,8,23,3,2025-06-29,0,4050,30.000497,31.178463
2095,Green Leaf Pharmacy - Maadi,,Giza,Faisal,9,23,3,2025-07-06,0,6283,30.008635,31.161418
2096,Metro Pharmacy,,Giza,Faisal,9,1,3,2024-12-19,0,6321,29.997098,31.167658
2097,City Care Pharmacy - Rehab View,,Giza,Faisal,10,23,3,2025-08-06,0,6933,30.015187,31.150713
2098,Alpha Pharma - Rehab View,,Giza,Faisal,8,2,3,2025-02-03,0,8902,30.003389,31.18724
2099,Silver Care Pharmacy - Marg,,Giza,Faisal,9,23,3,2025-09-07,0,4414,29.996656,31.161159
2100,Al Amal Pharmacy,,Giza,Faisal,9,23,3,2024-11-28,0,8760,30.013328,31.164156
2101,Pharma Plus - Dokki,,Giza,Faisal,9,23,3,2024-09-10,0,9320,30.001276,31.157662
2102,Golden Care Pharmacy - Imbaba,,Giza,Faisal,9,23,3,2025-07-28,0,2803,30.007081,31.178294
2103,El Hokama Pharmacy - Faisal,,Giza,Faisal,9,23,3,2025-02-10,0,2849,30.016148,31.15907
2104,Nile Care Pharmacy - Faisal,,Giza,Faisal,10,23,3,2024-10-31,0,9863,30.000207,31.17342
2105,Al Nozha Pharmacy,,Giza,Faisal,9,1,3,2025-08-07,0,9916,30.009735,31.170973
2106,Seha First Pharmacy,,Giza,Faisal,9,23,3,2025-06-01,0,7969,29.993255,31.155845
2107,Star Care Pharmacy,,Giza,Faisal,9,2,3,2024-09-27,0,3551,30.014952,31.171864
2108,Better Life Pharmacy - Imbaba,,Giza,Faisal,9,23,3,2025-04-07,2,2978,30.004826,31.154296
2109,Metro Pharmacy - Faisal,,Giza,Faisal,9,23,3,2025-02-11,0,1354,30.010685,31.185491
2110,El Zahraa Pharmacy - Faisal,,Giza,Faisal,9,23,3,2024-09-27,1,7464,30.002277,31.172893
2111,Nile Care Pharmacy,,Giza,Faisal,10,1,3,2025-08-27,0,9495,30.003918,31.165412
2112,El Nasr Pharmacy - Faisal,,Giza,Faisal,8,1,3,2025-04-14,0,1550,29.999093,31.174247
2113,Hope Pharmacy - Imbaba,,Giza,Faisal,8,23,3,2024-12-07,0,6676,30.008267,31.158144
2114,El Baraka Pharmacy - Oct City,,Giza,Faisal,9,23,3,2025-09-08,0,7978,30.001927,31.182743
2115,Better Life Pharmacy - Faisal,,Giza,Faisal,9,23,3,2025-04-17,0,9819,30.009746,31.161134
2116,Mira Pharmacy - Square,,Giza,Faisal,9,2,3,2025-01-04,0,9768,29.996043,31.169684
2117,Ebn Sina Pharmacy - Nozha,,Giza,Faisal,9,2,3,2024-09-30,0,6560,30.014576,31.154672
2118,Life Line Pharmacy,,Giza,Faisal,8,23,3,2025-04-17,0,6831,30.002835,31.186063
2119,El Shifa Pharmacy,,Giza,Faisal,9,23,3,2025-08-03,2,2165,29.996993,31.161973
2120,Silver Care Pharmacy,,Giza,Faisal,9,23,3,2024-09-28,0,5056,30.011043,31.163855
2121,Star Care Pharmacy - Nozha,,Giza,Faisal,9,2,3,2024-10-10,0,2155,30.002162,31.154267
2122,City Care Pharmacy - Smouha,,Giza,Faisal,10,23,3,2025-08-02,1,9571,30.007534,31.181153
2123,El Nasr Pharmacy - Imbaba,,Giza,Faisal,10,23,3,2025-01-12,0,1549,30.017968,31.159651
2124,Angel Pharmacy - Imbaba,,Giza,Faisal,9,1,3,2025-06-17,0,8246,30.000698,31.175834
2125,Salamtek Pharmacy - Square,,Giza,Faisal,10,23,3,2025-04-09,0,4946,30.010703,31.171129
2126,El Zahraa Pharmacy - Faisal,,Giza,Faisal,9,2,3,2024-09-26,2,2219,29.993637,31.158286
2127,Blue Wave Pharmacy,,Giza,Faisal,9,23,3,2025-02-28,0,1852,30.013223,31.173718
2128,City Care Pharmacy - Faisal,,Giza,Faisal,9,23,3,2025-08-03,0,4729,30.006256,31.154834
2129,El Hokama Pharmacy,,Giza,Faisal,9,23,3,2024-10-04,0,7589,30.008682,31.184927
2130,Sunrise Pharmacy,,Giza,Faisal,9,23,3,2025-01-18,0,6900,30.002787,31.171431
2131,Elite Pharmacy - Oct City,,Giza,Faisal,8,2,3,2024-10-14,2,9375,30.004634,31.164667
2132,Sunrise Pharmacy - Agami,,Giza,Faisal,9,23,3,2024-09-12,0,1627,29.997748,31.176131
2133,City Care Pharmacy,,Giza,Faisal,9,23,3,2025-01-09,0,6318,30.010221,31.156112
2134,Seha First Pharmacy - Faisal,,Giza,Faisal,9,23,3,2024-10-22,1,6528,30.000784,31.180968
2135,Angel Pharmacy,,Giza,Faisal,9,2,3,2025-09-13,0,2384,30.011924,31.161637
2136,Misr Pharmacy,,Giza,Faisal,9,23,3,2025-08-30,0,2861,29.994689,31.168884
2137,Elite Pharmacy,,Giza,Faisal,9,1,3,2025-04-09,0,9822,30.014826,31.151896
2138,Union Pharm - Faisal,,Giza,Faisal,10,23,3,2024-11-25,0,3982,30.004463,31.185919
2139,Salamtek Pharmacy - Smouha,,Giza,Faisal,9,23,3,2025-05-04,0,9987,29.996902,31.159731
2140,El Faraby Pharmacy - Faisal,,Giza,Faisal,8,23,3,2024-10-24,0,6955,30.012963,31.166487
2141,Pharma Plus - Rehab View,,Giza,Faisal,10,23,3,2024-12-02,1,1657,30.001536,31.156347
2142,Blue Wave Pharmacy,,Giza,Faisal,9,1,3,2025-03-27,0,4479,30.007967,31.181031
2143,El Shifa Pharmacy,,Giza,Faisal,9,23,3,2025-05-14,0,3363,30.017847,31.158796
2144,Golden Care Pharmacy,,Giza,Faisal,9,23,3,2024-10-25,0,6095,29.998813,31.175005
2145,Life Line Pharmacy - Rehab View,,Giza,Faisal,8,1,3,2025-01-15,0,6465,30.011007,31.170277
2146,Health Gate Pharmacy - Maadi,,Giza,Faisal,9,23,3,2024-10-13,0,7257,29.994493,31.155846
2147,Misr Pharmacy,,Giza,Faisal,9,2,3,2025-07-03,0,9417,30.013538,31.17476
2148,Better Life Pharmacy,,Giza,Faisal,9,23,3,2024-12-05,0,2222,30.003667,31.154165
2149,Pharma Plus - Faisal,,Giza,Faisal,10,23,3,2025-05-13,0,7239,30.008548,31.186183
2150,Angel Pharmacy,,Giza,Faisal,9,23,3,2025-06-07,0,7991,30.002714,31.169668
2151,Silver Care Pharmacy - Faisal,,Giza,Faisal,9,1,3,2025-08-04,0,3233,30.004561,31.162296
2152,Misr Pharmacy,,Giza,Faisal,9,23,3,2025-08-09,0,9420,29.998681,31.176659
2153,Al Nozha Pharmacy - Faisal,,Giza,Faisal,9,23,3,2024-12-29,0,3887,30.011043,31.158452
2154,El Tourath Pharmacy - Faisal,,Giza,Faisal,9,23,3,2025-05-24,0,6340,30.001494,31.17988
2155,Metro Pharmacy,,Giza,Faisal,8,23,3,2025-07-05,0,3564,30.008917,31.162332
2156,Family Pharmacy,,Giza,Faisal,8,23,3,2025-04-23,0,8700,29.994368,31.169569
2157,Seha First Pharmacy,,Giza,Faisal,9,23,3,2024-11-24,0,2490,30.014858,31.15066
2158,Hope Pharmacy - Maadi,,Giza,Faisal,10,23,3,2025-04-01,1,4632,30.004481,31.188148
2159,El Faraby Pharmacy - Faisal,,Giza,Faisal,9,23,3,2025-04-09,0,1316,29.996881,31.161002
2160,El Baraka Pharmacy - Faisal,,Giza,Faisal,9,23,3,2024-09-06,0,1484,30.012589,31.166707
2161,Green Leaf Pharmacy - Imbaba,,Giza,Faisal,9,1,3,2024-11-23,0,5691,30.002095,31.156727
2162,El Tourath Pharmacy - Rehab View,,Giza,Faisal,9,23,3,2024-12-04,0,6361,30.006978,31.177615
2163,Silver Care Pharmacy - Faisal,,Giza,Faisal,9,23,3,2024-12-31,0,2967,30.016203,31.158729
2164,Angel Pharmacy - Dokki,,Giza,Faisal,8,23,3,2025-03-18,0,4513,29.999585,31.174197
2165,Nile Care Pharmacy - Banha,,Giza,Faisal,9,23,3,2025-07-27,1,8393,30.01212,31.168217
2166,Salamtek Pharmacy,,Giza,Faisal,9,2,3,2025-05-22,0,6158,29.994165,31.159067
2167,El Tourath Pharmacy,,Giza,Faisal,9,23,3,2024-12-12,0,6344,30.012439,31.175106
2168,Health Gate Pharmacy - Faisal,,Giza,Faisal,9,23,3,2025-07-26,0,3125,30.004701,31.153476
2169,Seha First Pharmacy - Obour,,Giza,Faisal,8,23,3,2025-04-03,0,8204,30.008776,31.184764
2170,Mira Pharmacy,,Giza,Faisal,9,23,3,2025-05-19,0,7304,30.00324,31.169228
2171,Metro Pharmacy - Faisal,,Giza,Faisal,10,1,3,2025-05-14,0,7496,30.007607,31.164841
2172,Seha First Pharmacy - Faisal,,Giza,Faisal,8,23,3,2025-01-15,0,1304,29.998894,31.174695
2173,Life Line Pharmacy,,Giza,Faisal,9,23,3,2024-10-22,0,9056,30.013048,31.154758
2174,Ebn Sina Pharmacy,,Giza,Faisal,9,23,3,2025-08-23,0,6848,29.999576,31.181844
2175,El Hokama Pharmacy - Dokki,,Giza,Faisal,9,23,3,2024-09-26,0,3030,30.009798,31.159863
2176,Misr Pharmacy - Smouha,,Giza,Faisal,9,23,3,2025-02-23,0,2636,29.996823,31.172117
2177,City Care Pharmacy,,Giza,Faisal,9,1,3,2025-02-04,0,3531,30.015244,31.152116
2178,El Nasr Pharmacy - Haram,,Giza,Faisal,9,23,3,2025-09-04,0,7015,30.004421,31.188867
2179,Life Line Pharmacy,,Giza,Faisal,9,23,3,2025-04-13,0,2579,29.996581,31.163511
2180,Care 24 Seven - Haram,,Giza,Faisal,10,23,3,2025-03-05,0,3479,30.0126,31.164813
2181,Metro Pharmacy - Faisal,,Giza,Faisal,8,23,3,2024-12-07,0,6411,30.002352,31.159822
2182,Green Leaf Pharmacy,,Giza,Faisal,9,23,3,2025-04-07,0,5205,30.007815,31.178756
2183,Al Nozha Pharmacy,,Giza,Faisal,8,23,3,2025-06-15,0,6006,30.014788,31.157674
2184,Life Line Pharmacy,,Giza,Faisal,8,23,3,2025-06-23,0,7598,30.000052,31.173407
2185,Al Nozha Pharmacy - Faisal,,Giza,Faisal,9,23,3,2025-05-05,0,1432,30.010024,31.170447
2186,Metro Pharmacy,,Giza,Faisal,8,23,3,2024-11-08,0,5958,29.994929,31.15677
2187,Golden Care Pharmacy - Faisal,,Giza,Faisal,9,23,3,2025-05-08,1,2521,30.014238,31.172483
2188,Omega Pharmacy,,Giza,Faisal,9,23,3,2025-07-23,1,2849,30.005721,31.153247
2189,Angel Pharmacy,,Giza,Faisal,9,23,3,2025-07-27,0,6053,30.009402,31.184617
2190,Care 24 Seven,,Giza,Faisal,9,23,3,2025-01-08,1,1762,30.003907,31.170611
2191,Mira Pharmacy - Rehab View,,Giza,Faisal,9,23,3,2025-06-09,0,1760,30.005055,31.16568
2192,Union Pharm,,Giza,Faisal,8,23,3,2024-09-11,0,8789,29.998558,31.176592
2193,Better Life Pharmacy - Montaza,,Giza,Faisal,9,23,3,2024-12-15,0,6127,30.011819,31.156353
2194,Omega Pharmacy - Shubra,,Giza,Faisal,10,1,3,2025-03-23,1,5253,29.998956,31.181066
2195,Alpha Pharma - Agami,,Giza,Faisal,9,23,3,2025-02-11,0,3145,30.009787,31.159377
2196,El Zahraa Pharmacy - Nozha,,Giza,Faisal,9,23,3,2024-10-30,0,9094,29.993818,31.169365
2197,Silver Care Pharmacy - Nozha,,Giza,Faisal,9,23,3,2025-07-22,2,8983,30.015145,31.154279
2198,Nile Care Pharmacy,,Giza,Faisal,9,23,3,2024-12-19,2,3070,30.005077,31.189789
2199,Health Gate Pharmacy,,Giza,Faisal,8,23,3,2025-09-11,0,9049,29.995725,31.162548
2200,Dr Medhat Pharmacy,,Giza,Faisal,9,2,3,2025-08-08,0,8704,30.010833,31.164978
2201,El Nasr Pharmacy - Helwan,,Giza,Faisal,10,23,3,2025-01-16,0,7927,30.002893,31.157312
2202,Health Gate Pharmacy - Faisal,,Giza,Faisal,9,23,3,2025-06-11,0,9207,30.007628,31.178276
2203,Nile Care Pharmacy,,Giza,Faisal,8,23,3,2025-04-10,0,6402,30.016394,31.1607
2204,Golden Care Pharmacy,,Giza,Faisal,9,1,3,2025-06-25,0,5106,29.999944,31.172907
2205,Angel Pharmacy - Faisal,,Giza,Faisal,8,23,3,2025-05-17,0,6887,30.008908,31.170069
2206,Golden Care Pharmacy - Obour,,Giza,Faisal,9,1,3,2024-11-26,0,4321,29.994385,31.156257
2207,City Care Pharmacy - Faisal,,Giza,Faisal,8,1,3,2025-03-23,0,4438,30.015582,31.175312
2208,Star Care Pharmacy,,Giza,Faisal,9,23,3,2024-12-31,0,7691,30.005511,31.15417
2209,Angel Pharmacy - Montaza,,Giza,Faisal,9,23,3,2025-07-27,0,1433,30.011659,31.184358
2210,Blue Wave Pharmacy - Faisal,,Giza,Faisal,9,23,3,2025-03-23,0,8552,30.002257,31.172323
2211,Family Pharmacy - Faisal,,Giza,Faisal,8,23,3,2025-08-03,0,7484,30.005858,31.163811
2212,El Faraby Pharmacy - Faisal,,Giza,Faisal,9,2,3,2024-10-12,0,9710,30.000182,31.174903
2213,Dr Medhat Pharmacy - Marg,,Giza,Faisal,8,23,3,2025-08-18,0,3481,30.01092,31.15697
2214,Sunrise Pharmacy,,Giza,Faisal,8,23,3,2025-07-31,0,8526,30.001355,31.181093
2215,Alpha Pharma - Dokki,,Giza,Faisal,9,2,3,2024-12-08,0,1777,30.007574,31.160676
2216,Al Amal Pharmacy - Faisal,,Giza,Faisal,9,23,3,2025-07-05,0,1676,29.994495,31.168756
2217,Al Nozha Pharmacy,,Giza,Faisal,9,1,3,2025-04-22,0,6404,30.014791,31.151207
2218,Star Care Pharmacy - Faisal,,Giza,Faisal,9,23,3,2025-05-26,2,2931,30.005831,31.185023
2219,Hope Pharmacy - Faisal,,Giza,Faisal,10,23,3,2024-09-22,0,8656,29.997628,31.16209
2220,Al Nozha Pharmacy - Maadi,,Giza,Faisal,9,23,3,2025-04-18,1,5867,30.010429,31.167164
2221,Elite Pharmacy,,Giza,Faisal,8,23,3,2024-10-28,0,5171,30.002269,31.157984
2222,Elite Pharmacy - Faisal,,Giza,Faisal,9,23,3,2025-06-08,0,6661,30.009543,31.179886
2223,El Zahraa Pharmacy,,Giza,Faisal,8,1,3,2025-03-17,0,5614,30.017167,31.157606
2224,Angel Pharmacy - Haram,,Giza,Faisal,9,1,3,2025-03-09,1,2680,29.998883,31.172765
2225,Angel Pharmacy - Faisal,,Giza,Faisal,8,23,3,2025-07-13,0,9795,30.00997,31.172559
2226,Hope Pharmacy - Dokki,,Giza,Faisal,9,23,3,2025-08-24,1,2584,29.993984,31.158676
2227,Union Pharm - Faisal,,Giza,Faisal,9,23,3,2025-08-04,0,5090,30.011225,31.176214
2228,Sunrise Pharmacy,,Giza,Faisal,8,23,3,2025-09-01,0,2805,30.00501,31.152341
2229,Family Pharmacy - Oct City,,Giza,Faisal,9,23,3,2025-07-30,0,3322,30.008752,31.185282
2230,Star Care Pharmacy,,Giza,Faisal,9,23,3,2024-11-21,0,7201,30.002489,31.168917
2231,Metro Pharmacy - Faisal,,Giza,Faisal,9,23,3,2024-10-17,0,1620,30.005135,31.163611
2232,Angel Pharmacy - Maadi,,Giza,Faisal,8,1,3,2025-08-24,0,8375,29.996966,31.174521
2233,Mira Pharmacy - Agami,,Giza,Faisal,9,2,3,2024-10-26,0,9947,30.007853,31.156829
2234,Family Pharmacy - Faisal,,Giza,Faisal,9,23,3,2024-11-20,0,2171,29.99905,31.180461
2235,Misr Pharmacy - Faisal,,Giza,Faisal,9,1,3,2025-01-26,0,4488,30.010526,31.159288
2236,El Nasr Pharmacy,,Giza,Faisal,8,23,3,2025-04-16,0,8347,29.996703,31.168928
2237,Hope Pharmacy,,Giza,Faisal,10,2,3,2025-01-31,0,1621,30.014236,31.151122
2238,Hope Pharmacy - Faisal,,Giza,Faisal,9,23,3,2025-04-27,0,7859,30.002826,31.187055
2239,Mira Pharmacy,,Giza,Faisal,9,23,3,2025-04-27,0,5119,29.998621,31.158955
2240,Alpha Pharma - Montaza,,Giza,Faisal,9,23,3,2024-10-08,2,2884,30.01099,31.16698
2241,Seha First Pharmacy - Rehab View,,Giza,Faisal,9,23,3,2025-05-01,0,5364,30.000741,31.157191
2242,Seha First Pharmacy - Banha,,Giza,Faisal,9,23,3,2025-06-24,0,7072,30.009151,31.181514
2243,Golden Care Pharmacy - Faisal,,Giza,Faisal,8,23,3,2025-08-28,0,4171,30.016926,31.159139
2244,Seha First Pharmacy - Dokki,,Giza,Faisal,8,23,3,2024-12-17,0,4221,29.997898,31.17347
2245,Ebn Sina Pharmacy - Faisal,,Giza,Faisal,9,23,3,2025-02-04,0,6616,30.01094,31.169648
2246,El Shifa Pharmacy,,Giza,Faisal,9,23,3,2025-06-11,1,6072,29.994587,31.156974
2247,Al Nozha Pharmacy,,Giza,Faisal,8,23,3,2024-11-26,0,9954,30.011254,31.174435
2248,Pharma Plus - Rehab View,,Giza,Faisal,9,23,3,2025-01-26,0,6428,30.003278,31.152364
2249,Union Pharm - Obour,,Giza,Faisal,9,23,3,2025-05-07,0,1540,30.009024,31.186107
2250,Elite Pharmacy,,Giza,Faisal,9,2,3,2024-12-18,0,7020,30.00524,31.171169
2251,Ebn Sina Pharmacy,,Giza,Faisal,9,1,3,2025-07-22,1,6179,30.006885,31.165008
2252,El Nasr Pharmacy - Maadi,,Giza,Faisal,9,1,3,2025-07-20,0,6025,29.997819,31.176524
2253,El Tourath Pharmacy - Faisal,,Giza,Faisal,9,23,3,2025-08-10,0,2372,30.009088,31.155907
2254,Hope Pharmacy,,Giza,Faisal,10,23,3,2025-03-02,0,2159,29.999872,31.182162
2255,Dr Medhat Pharmacy - Faisal,,Giza,Faisal,9,23,3,2024-10-31,0,1358,30.010519,31.160098
2256,El Baraka Pharmacy - Dokki,,Giza,Faisal,9,23,3,2025-04-04,0,4588,29.995836,31.171188
2257,Green Leaf Pharmacy,,Giza,Faisal,9,1,3,2025-03-03,0,4345,30.01472,31.151102
2258,City Care Pharmacy - Faisal,,Giza,Faisal,9,23,3,2025-02-02,0,8784,30.003911,31.186797
2259,Blue Wave Pharmacy - Smouha,,Giza,Faisal,8,23,3,2024-11-06,0,2309,29.995537,31.159542
2260,El Baraka Pharmacy - Helwan,,Giza,Faisal,9,23,3,2025-08-11,1,7557,30.011735,31.167122
2261,Alpha Pharma,,Giza,Faisal,9,23,3,2025-05-19,0,1176,30.002829,31.156468
2262,El Tourath Pharmacy,,Giza,Faisal,8,23,3,2025-03-18,0,7124,30.006682,31.179359
2263,Life Line Pharmacy,,Giza,Faisal,10,23,3,2025-04-30,0,9020,30.017458,31.160436
2264,Al Nozha Pharmacy,,Giza,Faisal,10,23,3,2024-10-09,0,8486,30.001788,31.172784
2265,Hope Pharmacy - Montaza,,Giza,Faisal,9,23,3,2025-02-19,0,1782,30.007627,31.168798
2266,El Hokama Pharmacy - Faisal,,Giza,Faisal,9,23,3,2024-10-30,0,8408,29.994889,31.15623
2267,El Nasr Pharmacy,,Giza,Faisal,9,1,3,2025-08-26,0,8659,30.014495,31.174594
2268,Alpha Pharma - Faisal,,Giza,Faisal,9,1,3,2025-04-23,0,5280,30.004089,31.154612
2269,Health Gate Pharmacy,,Giza,Faisal,9,23,3,2025-03-21,0,3410,30.010312,31.182766
2270,Nile Care Pharmacy,,Giza,Faisal,10,23,3,2025-04-21,0,8658,30.002833,31.172068
2271,Nile Care Pharmacy,,Giza,Faisal,9,23,3,2025-01-28,0,6484,30.004301,31.16294
2272,Angel Pharmacy - Faisal,,Giza,Faisal,9,23,3,2025-08-17,0,2159,29.998249,31.174683
2273,Dr Medhat Pharmacy - Imbaba,,Giza,Faisal,10,23,3,2024-10-28,0,5136,30.011164,31.157875
2274,Misr Pharmacy - Square,,Giza,Faisal,9,23,3,2025-04-18,0,1392,29.999054,31.179797
2275,Angel Pharmacy - Nozha,,Giza,Faisal,9,1,3,2025-08-18,1,6771,30.009245,31.16212
2276,Green Leaf Pharmacy - Faisal,,Giza,Faisal,9,2,3,2025-03-23,0,2026,29.995762,31.167549
2277,Hope Pharmacy,,Giza,Faisal,8,23,3,2025-09-13,0,3952,30.014291,31.151835
2278,Family Pharmacy - Faisal,,Giza,Faisal,8,23,3,2025-03-01,0,3071,30.00484,31.186677
2279,Pharma Plus,,Giza,Faisal,9,1,3,2024-11-13,1,1698,29.999959,31.162254
2280,Elite Pharmacy - Haram,,Giza,Faisal,9,23,3,2024-11-15,0,9609,30.01162,31.165926
2281,Angel Pharmacy - Obour,,Giza,Faisal,10,23,3,2024-11-02,0,7447,30.001239,31.156887
2282,Dr Medhat Pharmacy - Montaza,,Giza,Faisal,9,23,3,2025-04-13,0,9718,30.008582,31.181045
2283,Union Pharm - Faisal,,Giza,Faisal,8,23,3,2024-12-16,0,4420,30.016851,31.160321
2284,El Hokama Pharmacy,,Giza,Faisal,9,23,3,2024-11-22,0,2643,29.999182,31.175349
2285,El Nasr Pharmacy - Faisal,,Giza,Faisal,8,23,3,2025-04-30,0,6167,30.008605,31.170721
2286,Green Leaf Pharmacy - Square,,Giza,Faisal,9,2,3,2025-06-14,0,2841,29.992728,31.159132
2287,El Zahraa Pharmacy - Faisal,,Giza,Faisal,9,23,3,2025-06-22,0,3204,30.012609,31.175622
2288,Family Pharmacy - Shubra,,Giza,Faisal,9,23,3,2025-05-05,0,1692,30.004865,31.152562
2289,Sunrise Pharmacy,,Giza,Faisal,10,1,3,2025-07-23,0,2648,30.007448,31.182727
2290,El Hokama Pharmacy - Faisal,,Giza,Faisal,10,1,3,2025-06-11,0,1285,30.00213,31.170375
2291,El Hokama Pharmacy - Faisal,,Giza,Faisal,9,23,3,2025-01-08,0,6383,30.005949,31.164934
2292,Golden Care Pharmacy - Faisal,,Giza,Faisal,8,23,3,2024-10-24,0,6051,29.999455,31.175033
2293,Silver Care Pharmacy - Montaza,,Giza,Faisal,8,23,3,2024-09-30,0,9410,30.011375,31.158565
2294,Al Amal Pharmacy - Faisal,,Giza,Faisal,9,23,3,2025-08-23,2,8484,30.000665,31.183749
2295,Hope Pharmacy - Faisal,,Giza,Faisal,8,2,3,2024-10-28,0,4237,30.009879,31.159992
2296,El Nasr Pharmacy,,Giza,Faisal,8,23,3,2025-08-13,0,5590,29.995883,31.168285
2297,Mira Pharmacy - Banha,,Giza,Faisal,10,23,3,2025-02-09,0,4692,30.017462,31.152855
2298,Family Pharmacy - Faisal,,Giza,Faisal,9,23,3,2025-02-21,0,9577,30.002667,31.188355
2299,Golden Care Pharmacy - Faisal,,Giza,Faisal,9,1,3,2025-02-18,0,3265,29.996524,31.16189
2300,Al Nozha Pharmacy - Faisal,,Giza,Faisal,9,23,3,2024-11-30,0,2270,30.013168,31.16306
2301,Sunrise Pharmacy,,Giza,Faisal,9,23,3,2024-09-01,0,1809,30.00236,31.156407
2302,Elite Pharmacy - Shubra,,Giza,Faisal,8,1,3,2025-01-31,0,8861,30.009841,31.178159
2303,Hope Pharmacy - Faisal,,Giza,Faisal,9,23,3,2024-11-16,0,2687,30.018132,31.15724
2304,Silver Care Pharmacy,,Giza,Faisal,8,23,3,2025-08-18,0,1117,30.00022,31.17191
2305,Mira Pharmacy - Faisal,,Giza,Faisal,9,1,3,2025-08-25,0,6431,30.00985,31.169066
2306,El Zahraa Pharmacy - Faisal,,Giza,Faisal,9,23,3,2025-02-24,0,1584,29.993163,31.157087
2307,Angel Pharmacy - Nozha,,Giza,Faisal,9,23,3,2025-07-16,1,2460,30.012162,31.175123
2308,Care 24 Seven - Faisal,,Giza,Faisal,10,1,3,2025-07-27,0,2608,30.002171,31.153058
2309,Green Leaf Pharmacy - Faisal,,Giza,Faisal,9,23,3,2025-04-20,0,8136,30.009995,31.18255
2310,Union Pharm,,Giza,Faisal,9,23,3,2025-04-24,0,9121,30.002532,31.170386
2311,Dr Medhat Pharmacy - Faisal,,Giza,Faisal,9,1,3,2025-04-28,0,5278,30.004508,31.163755
2312,Elite Pharmacy,,Giza,Faisal,9,23,3,2025-08-03,0,1168,29.998752,31.175237
2313,Seha First Pharmacy,,Giza,Faisal,8,23,3,2025-07-13,0,8400,30.012053,31.158316
2314,Union Pharm,,Giza,Faisal,10,2,3,2025-07-08,0,7052,30.00126,31.181468
2315,El Baraka Pharmacy,,Giza,Faisal,8,23,3,2025-07-31,0,2188,30.009755,31.163589
2316,Sunrise Pharmacy,,Giza,Faisal,9,23,3,2025-06-09,0,5823,29.996934,31.169804
2317,Omega Pharmacy - Obour,,Giza,Faisal,9,1,3,2025-02-20,0,9631,30.014286,31.151937
2318,Star Care Pharmacy - Faisal,,Giza,Faisal,8,23,3,2025-01-25,0,1985,30.003403,31.186664
2319,Seha First Pharmacy - Smouha,,Giza,Faisal,10,23,3,2025-07-05,0,9660,29.996465,31.161694
2320,El Shifa Pharmacy,,Giza,Faisal,9,1,3,2025-05-06,0,7363,30.01344,31.167451
2321,Salamtek Pharmacy - Faisal,,Giza,Faisal,9,23,3,2025-07-24,0,2867,30.001135,31.156046
2322,El Faraby Pharmacy,,Giza,Faisal,10,23,3,2025-01-29,0,6448,30.007033,31.180501
2323,Ebn Sina Pharmacy,,Giza,Faisal,10,1,3,2025-07-31,1,2685,30.019073,31.160295
2324,El Tourath Pharmacy - Zayed,,Giza,Faisal,9,23,3,2024-10-08,0,3241,29.999515,31.17367
2325,Hope Pharmacy - Montaza,,Giza,Faisal,10,23,3,2025-03-06,0,5964,30.010135,31.171557
2326,El Nasr Pharmacy,,Giza,Faisal,9,1,3,2024-09-12,0,9228,29.995884,31.156213
2327,Alpha Pharma,,Giza,Faisal,9,1,3,2025-01-24,0,2742,30.014744,31.174709
2328,Angel Pharmacy - Haram,,Giza,Faisal,9,1,3,2025-02-10,2,5122,30.003746,31.152681
2329,Metro Pharmacy - Nozha,,Giza,Faisal,8,23,3,2025-07-20,0,3333,30.010515,31.186058
2330,El Shifa Pharmacy - Montaza,,Giza,Faisal,10,1,3,2024-10-25,0,6851,30.004613,31.168188
2331,Union Pharm,,Giza,Faisal,9,23,3,2025-04-09,0,8707,30.007225,31.165537
2332,City Care Pharmacy - Faisal,,Giza,Faisal,9,23,3,2025-07-03,0,6893,30.000456,31.177163
2333,Ebn Sina Pharmacy - Faisal,,Giza,Faisal,9,1,3,2025-05-30,0,9460,30.013292,31.155918
2334,Green Leaf Pharmacy,,Giza,Faisal,8,23,3,2025-09-15,1,9700,29.997637,31.181255
2335,Nile Care Pharmacy - Helwan,,Giza,Faisal,8,1,3,2024-12-23,0,1720,30.010324,31.161709
2336,Metro Pharmacy - Faisal,,Giza,Faisal,9,23,3,2025-01-13,0,1715,29.996087,31.169642
2337,Life Line Pharmacy - Helwan,,Giza,Faisal,9,2,3,2024-12-24,0,5633,30.013699,31.15084
2338,Health Gate Pharmacy - Faisal,,Giza,Faisal,8,23,3,2025-05-25,0,9177,30.00418,31.187477
2339,Union Pharm,,Giza,Faisal,9,23,3,2025-05-05,0,5510,29.998737,31.162246
2340,El Tourath Pharmacy - Oct City,,Giza,Mohandessin,8,23,4,2024-09-13,0,7739,30.059343,31.198519
2341,El Shifa Pharmacy - Obour,,Giza,Mohandessin,9,23,4,2025-08-02,0,7395,30.061418,31.19382
2342,Green Leaf Pharmacy - Mohandessin,,Giza,Mohandessin,10,1,4,2025-01-10,0,6804,30.053929,31.198903
2343,Seha First Pharmacy - Mohandessin,,Giza,Mohandessin,9,1,4,2025-07-08,0,1457,30.06031,31.19845
2344,Golden Care Pharmacy - Marg,,Giza,Mohandessin,8,23,4,2025-03-10,0,3957,30.055806,31.203537
2345,Ebn Sina Pharmacy,,Giza,Mohandessin,8,23,4,2025-07-12,0,3906,30.062159,31.196236
2346,Golden Care Pharmacy,,Giza,Mohandessin,10,23,4,2025-09-11,0,5403,30.051874,31.198586
2347,City Care Pharmacy - Mohandessin,,Giza,Mohandessin,9,23,4,2024-12-16,0,4126,30.059228,31.20412
2348,Mira Pharmacy - Mohandessin,,Giza,Mohandessin,8,23,4,2025-07-23,0,1815,30.05591,31.192649
2349,Silver Care Pharmacy - Haram,,Giza,Mohandessin,10,23,4,2024-11-03,1,9580,30.062481,31.2008
2350,Alpha Pharma,,Giza,Mohandessin,9,23,4,2025-05-19,0,6900,30.058078,31.189782
2351,Alpha Pharma,,Giza,Mohandessin,9,23,4,2025-06-12,0,6405,30.051011,31.201361
2352,Angel Pharmacy - Mohandessin,,Giza,Mohandessin,8,1,4,2025-04-10,0,8133,30.064857,31.196891
2353,Green Leaf Pharmacy - Agami,,Giza,Mohandessin,8,23,4,2025-06-07,0,3080,30.053199,31.192457
2354,Family Pharmacy - Mohandessin,,Giza,Mohandessin,8,23,4,2024-11-30,0,9154,30.059526,31.207275
2355,Union Pharm - Mohandessin,,Giza,Mohandessin,10,2,4,2025-02-26,2,6369,30.055315,31.194612
2356,Star Care Pharmacy - Helwan,,Giza,Mohandessin,9,23,4,2024-11-15,0,2537,30.052195,31.199921
2357,Hope Pharmacy - Maadi,,Giza,Mohandessin,10,23,4,2025-05-11,0,1530,30.063489,31.193052
2358,Elite Pharmacy,,Giza,Mohandessin,8,23,4,2025-01-24,0,6831,30.059803,31.190738
2359,Life Line Pharmacy - Mohandessin,,Giza,Mohandessin,9,23,4,2024-11-27,0,4443,30.054002,31.20494
2360,Life Line Pharmacy - Faisal,,Giza,Mohandessin,9,1,4,2025-09-15,1,7826,30.057482,31.195119
2361,Misr Pharmacy - Smouha,,Giza,Mohandessin,9,1,4,2025-02-11,1,7110,30.060654,31.193388
2362,Nile Care Pharmacy - Mohandessin,,Giza,Mohandessin,10,23,4,2025-07-02,1,8372,30.054397,31.203085
2363,Health Gate Pharmacy,,Giza,Mohandessin,8,23,4,2025-07-07,0,1617,30.060632,31.200337
2364,Al Nozha Pharmacy - Imbaba,,Giza,Mohandessin,8,23,4,2025-06-19,0,5440,30.057447,31.200525
2365,Misr Pharmacy - Mohandessin,,Giza,Mohandessin,9,23,4,2024-12-19,0,7066,30.06307,31.195487
2366,Pharma Plus,,Giza,Mohandessin,9,23,4,2025-02-23,0,8638,30.053155,31.197545
2367,Al Amal Pharmacy,,Giza,Mohandessin,9,23,4,2025-06-09,0,2089,30.057074,31.2038
2368,Seha First Pharmacy - Dokki,,Giza,Mohandessin,9,23,4,2024-09-16,0,7757,30.057358,31.191045
2369,Seha First Pharmacy - Maadi,,Giza,Mohandessin,10,23,4,2025-07-30,0,7311,30.063928,31.200931
2370,Al Nozha Pharmacy,,Giza,Mohandessin,9,23,4,2024-09-27,0,2696,30.056519,31.188315
2371,Pharma Plus,,Giza,Mohandessin,9,23,4,2024-10-03,0,8490,30.050407,31.204023
2372,Better Life Pharmacy - Imbaba,,Giza,Mohandessin,9,1,4,2024-11-17,0,1828,30.064969,31.200343
2373,Misr Pharmacy,,Giza,Mohandessin,9,23,4,2025-02-13,0,4620,30.054735,31.193652
2374,El Baraka Pharmacy,,Giza,Mohandessin,9,23,4,2025-05-31,0,8636,30.060037,31.205966
2375,Metro Pharmacy,,Giza,Mohandessin,10,23,4,2024-11-06,0,2548,30.056076,31.195493
2376,El Shifa Pharmacy - Montaza,,Giza,Mohandessin,9,23,4,2024-09-08,0,3993,30.051087,31.198464
2377,Omega Pharmacy - Nozha,,Giza,Mohandessin,8,2,4,2024-12-08,0,1432,30.0647,31.194373
2378,Angel Pharmacy - Helwan,,Giza,Mohandessin,9,1,4,2025-01-09,0,6640,30.058162,31.192807
2379,El Tourath Pharmacy - Imbaba,,Giza,Mohandessin,9,1,4,2025-07-16,0,4442,30.055493,31.205084
2380,Better Life Pharmacy - Banha,,Giza,Mohandessin,9,1,4,2024-09-27,0,1035,30.057343,31.194086
2381,Omega Pharmacy - Rehab View,,Giza,Mohandessin,9,1,4,2024-10-03,0,6418,30.060868,31.194298
2382,Hope Pharmacy - Mohandessin,,Giza,Mohandessin,8,23,4,2025-04-05,0,6326,30.055002,31.199165
2383,Green Leaf Pharmacy - Mohandessin,,Giza,Mohandessin,9,23,4,2024-09-09,0,9408,30.059066,31.197767
2384,Nile Care Pharmacy - Mohandessin,,Giza,Mohandessin,9,23,4,2024-12-30,0,6498,30.055143,31.200159
2385,City Care Pharmacy - Banha,,Giza,Mohandessin,8,23,4,2025-03-06,0,7915,30.061547,31.194402
2386,Silver Care Pharmacy,,Giza,Mohandessin,9,1,4,2025-01-03,0,2174,30.052596,31.19619
2387,Union Pharm - Dokki,,Giza,Mohandessin,9,1,4,2025-06-03,0,5792,30.059382,31.203667
2388,Care 24 Seven - Mohandessin,,Giza,Mohandessin,10,2,4,2024-10-27,0,2079,30.054687,31.19249
2389,Al Nozha Pharmacy,,Giza,Mohandessin,9,23,4,2025-03-03,0,3530,30.062298,31.200923
2390,Angel Pharmacy - Mohandessin,,Giza,Mohandessin,10,23,4,2025-05-08,0,1136,30.05714,31.187925
2391,El Tourath Pharmacy,,Giza,Mohandessin,9,23,4,2024-09-20,0,5170,30.051551,31.200836
2392,Star Care Pharmacy - Rehab View,,Giza,Mohandessin,10,23,4,2025-01-28,0,3830,30.064448,31.198643
2393,Salamtek Pharmacy - Mohandessin,,Giza,Mohandessin,8,23,4,2025-06-20,0,6781,30.053965,31.193969
2394,Elite Pharmacy,,Giza,Mohandessin,9,23,4,2024-11-20,0,3227,30.059404,31.206221
2395,Better Life Pharmacy - Helwan,,Giza,Mohandessin,9,23,4,2025-02-22,0,2484,30.05398,31.19613
2396,Better Life Pharmacy,,Giza,Mohandessin,9,23,4,2025-02-20,0,1379,30.052403,31.200884
2397,Al Nozha Pharmacy - Mohandessin,,Giza,Mohandessin,9,2,4,2024-09-06,0,3533,30.063638,31.195035
2398,Ebn Sina Pharmacy - Mohandessin,,Giza,Mohandessin,9,1,4,2024-10-17,0,9584,30.057412,31.190474
2399,Pharma Plus,,Giza,Mohandessin,8,1,4,2025-01-18,1,8053,30.053695,31.205001
2400,Al Amal Pharmacy - Mohandessin,,Giza,Mohandessin,10,23,4,2024-11-30,0,5807,30.057714,31.198166
2401,Ebn Sina Pharmacy,,Giza,Mohandessin,9,23,4,2025-08-22,0,1571,30.062884,31.193848
2402,Health Gate Pharmacy - Smouha,,Giza,Mohandessin,8,23,4,2025-07-10,1,7783,30.053156,31.200696
2403,Care 24 Seven,,Giza,Mohandessin,9,23,4,2025-08-04,0,9608,30.059521,31.200171
2404,Care 24 Seven - Mohandessin,,Giza,Mohandessin,8,1,4,2025-02-17,0,7772,30.059209,31.201129
2405,Salamtek Pharmacy - Mohandessin,,Giza,Mohandessin,9,23,4,2025-01-16,1,9481,30.061276,31.19576
2406,El Tourath Pharmacy - Faisal,,Giza,Mohandessin,10,2,4,2025-05-11,0,7181,30.051277,31.197841
2407,Elite Pharmacy - Helwan,,Giza,Mohandessin,9,1,4,2025-09-07,0,8180,30.060241,31.203284
2408,Golden Care Pharmacy - Mohandessin,,Giza,Mohandessin,8,1,4,2025-06-20,0,6902,30.056795,31.193222
2409,Union Pharm,,Giza,Mohandessin,9,23,4,2025-06-06,0,7708,30.062867,31.201971
2410,El Tourath Pharmacy - Mohandessin,,Giza,Mohandessin,10,1,4,2025-03-13,0,7918,30.05611,31.191031
2411,El Faraby Pharmacy - Mohandessin,,Giza,Mohandessin,10,23,4,2024-09-06,0,8023,30.052402,31.203026
2412,Metro Pharmacy - Faisal,,Giza,Mohandessin,9,23,4,2025-02-16,0,6628,30.064693,31.200297
2413,Elite Pharmacy,,Giza,Mohandessin,8,23,4,2025-03-14,0,9469,30.05344,31.194934
2414,Nile Care Pharmacy,,Giza,Mohandessin,10,23,4,2025-08-03,0,9826,30.060802,31.205806
2415,El Tourath Pharmacy,,Giza,Mohandessin,9,23,4,2025-08-07,0,9747,30.055029,31.194125
2416,Life Line Pharmacy,,Giza,Mohandessin,10,23,4,2024-10-18,0,7323,30.050988,31.20214
2417,Mira Pharmacy - Banha,,Giza,Mohandessin,9,2,4,2024-10-01,2,1774,30.065428,31.193323
2418,Alpha Pharma,,Giza,Mohandessin,9,1,4,2024-12-15,0,3257,30.058585,31.191064
2419,El Nasr Pharmacy,,Giza,Mohandessin,10,23,4,2024-11-11,0,2195,30.051761,31.205346
2420,Elite Pharmacy,,Giza,Mohandessin,9,23,4,2025-07-02,0,5912,30.058154,31.197525
2421,El Baraka Pharmacy - Haram,,Giza,Mohandessin,9,23,4,2025-04-04,2,4350,30.062294,31.19252
2422,Better Life Pharmacy,,Giza,Mohandessin,9,2,4,2025-09-15,0,6118,30.053283,31.197855
2423,Silver Care Pharmacy - Haram,,Giza,Mohandessin,9,23,4,2025-06-18,2,7767,30.060586,31.198353
2424,Al Nozha Pharmacy,,Giza,Mohandessin,8,23,4,2024-09-13,0,5074,30.055879,31.202344
2425,Silver Care Pharmacy,,Giza,Mohandessin,9,2,4,2025-02-16,0,8425,30.064692,31.194338
2426,Green Leaf Pharmacy - Mohandessin,,Giza,Mohandessin,9,1,4,2025-04-11,0,9323,30.053225,31.198095
2427,Misr Pharmacy - Banha,,Giza,Mohandessin,10,23,4,2025-07-06,0,3011,30.057843,31.204613
2428,Angel Pharmacy,,Giza,Mohandessin,10,23,4,2024-12-30,0,1610,30.057496,31.190247
2429,Green Leaf Pharmacy - Mohandessin,,Giza,Mohandessin,9,23,4,2025-09-15,0,4464,30.06306,31.201373
2430,Health Gate Pharmacy - Mohandessin,,Giza,Mohandessin,9,23,4,2025-05-23,0,7316,30.056362,31.186598
2431,Elite Pharmacy - Obour,,Giza,Mohandessin,8,23,4,2025-09-11,0,8111,30.049166,31.202425
2432,Angel Pharmacy - Montaza,,Giza,Mohandessin,10,1,4,2025-03-17,0,4596,30.064744,31.198441
2433,Union Pharm - Maadi,,Giza,Mohandessin,8,23,4,2025-06-04,0,1415,30.055316,31.194637
2434,Metro Pharmacy - Mohandessin,,Giza,Mohandessin,9,1,4,2024-09-03,0,3840,30.059397,31.207905
2435,Sunrise Pharmacy,,Giza,Mohandessin,9,23,4,2025-05-25,0,3074,30.05669,31.194567
2436,Elite Pharmacy - Mohandessin,,Giza,Mohandessin,8,2,4,2025-08-02,2,5242,30.052415,31.199386
2437,Life Line Pharmacy,,Giza,Mohandessin,8,23,4,2025-08-10,0,3991,30.064913,31.193867
2438,Alpha Pharma,,Giza,Mohandessin,9,23,4,2025-06-24,0,8662,30.058105,31.191863
2439,Mira Pharmacy - Mohandessin,,Giza,Mohandessin,10,23,4,2025-03-10,0,4321,30.052825,31.202753
2440,Better Life Pharmacy,,Giza,Mohandessin,9,23,4,2025-06-21,0,3223,30.055863,31.196699
2441,Alpha Pharma - Mohandessin,,Giza,Mohandessin,9,1,4,2025-09-02,0,7078,30.059871,31.195054
2442,El Hokama Pharmacy,,Giza,Mohandessin,9,1,4,2025-02-05,0,3021,30.055051,31.199946
2443,Hope Pharmacy,,Giza,Mohandessin,8,23,4,2025-03-25,0,7948,30.060486,31.199937
2444,City Care Pharmacy,,Giza,Mohandessin,9,23,4,2025-06-16,0,5450,30.057207,31.202586
2445,Misr Pharmacy,,Giza,Mohandessin,9,23,4,2025-05-18,1,8038,30.064036,31.193817
2446,Seha First Pharmacy,,Giza,Mohandessin,9,23,4,2025-09-13,0,9453,30.04984,31.197308
2447,Alpha Pharma,,Giza,Mohandessin,10,23,4,2024-09-15,0,5354,30.060838,31.204838
2448,El Nasr Pharmacy,,Giza,Mohandessin,9,23,4,2024-10-21,0,1026,30.056312,31.190825
2449,Nile Care Pharmacy,,Giza,Mohandessin,8,1,4,2025-03-08,0,2686,30.062593,31.201365
2450,Nile Care Pharmacy - Mohandessin,,Giza,Mohandessin,9,1,4,2024-09-19,0,3550,30.057664,31.189459
2451,Star Care Pharmacy,,Giza,Mohandessin,8,23,4,2025-01-23,0,8022,30.051742,31.201103
2452,Star Care Pharmacy - Smouha,,Giza,Mohandessin,10,23,4,2024-10-04,0,8017,30.06404,31.200105
2453,Star Care Pharmacy - Oct City,,Giza,Mohandessin,9,1,4,2025-08-31,0,5800,30.053385,31.194368
2454,Nile Care Pharmacy - Mohandessin,,Giza,Mohandessin,9,23,4,2024-09-22,1,9871,30.060466,31.208532
2455,Green Leaf Pharmacy,,Giza,Mohandessin,10,23,4,2024-11-09,0,9018,30.056146,31.194074
2456,El Faraby Pharmacy - Mohandessin,,Giza,Mohandessin,10,23,4,2025-08-01,0,5899,30.052732,31.199573
2457,Metro Pharmacy - Mohandessin,,Giza,Mohandessin,9,23,4,2025-07-27,0,7149,30.065192,31.195546
2458,Nile Care Pharmacy - Maadi,,Giza,Mohandessin,10,23,4,2025-07-01,0,2178,30.058881,31.191197
2459,Family Pharmacy - Mohandessin,,Giza,Mohandessin,8,1,4,2024-10-29,0,1117,30.050292,31.206922
2460,Better Life Pharmacy - Mohandessin,,Giza,Mohandessin,10,2,4,2025-03-08,0,8678,30.059983,31.197617
2461,Silver Care Pharmacy - Mohandessin,,Giza,Mohandessin,9,23,4,2025-06-05,0,7896,30.061862,31.192428
2462,Dr Medhat Pharmacy,,Giza,Mohandessin,9,23,4,2024-09-16,0,6557,30.058023,31.200788
2463,Al Amal Pharmacy,,Giza,Mohandessin,9,23,4,2025-01-10,0,2120,30.059805,31.200137
2464,Metro Pharmacy - Faisal,,Giza,Mohandessin,9,23,4,2025-05-24,0,3922,30.057945,31.200294
2465,Sunrise Pharmacy - Obour,,Giza,Mohandessin,9,1,4,2024-12-07,0,8579,30.06447,31.196796
2466,Sunrise Pharmacy - Haram,,Giza,Mohandessin,10,23,4,2025-02-06,0,9772,30.051329,31.19809
2467,Union Pharm,,Giza,Mohandessin,9,23,4,2025-05-20,0,6783,30.059852,31.203026
2468,Ebn Sina Pharmacy - Haram,,Giza,Mohandessin,9,23,4,2024-12-14,0,5109,30.056051,31.193459
2469,Ebn Sina Pharmacy - Mohandessin,,Giza,Mohandessin,9,1,4,2024-09-04,0,6509,30.061725,31.199876
2470,Alpha Pharma,,Giza,Mohandessin,9,23,4,2025-09-09,2,7487,30.057804,31.187555
2471,El Nasr Pharmacy,,Giza,Mohandessin,9,23,4,2025-03-18,0,5669,30.051949,31.202843
2472,Family Pharmacy - Oct City,,Giza,Mohandessin,9,23,4,2024-10-31,0,8236,30.064828,31.201462
2473,Hope Pharmacy - Haram,,Giza,Mohandessin,8,23,4,2024-11-13,0,7599,30.052878,31.193469
2474,Sunrise Pharmacy - Imbaba,,Giza,Mohandessin,10,23,4,2025-02-16,2,2603,30.061689,31.206133
2475,Nile Care Pharmacy,,Giza,Mohandessin,10,23,4,2025-08-30,0,4755,30.05572,31.193617
2476,Green Leaf Pharmacy - Mohandessin,,Giza,Mohandessin,9,23,4,2025-07-23,0,5935,30.053943,31.19849
2477,Golden Care Pharmacy - Mohandessin,,Giza,Mohandessin,9,23,4,2024-12-16,0,9113,30.065041,31.193828
2478,El Hokama Pharmacy - Square,,Giza,Mohandessin,10,23,4,2025-02-06,0,8845,30.057961,31.191603
2479,Family Pharmacy - Nozha,,Giza,Mohandessin,10,23,4,2025-06-02,0,6232,30.052903,31.205065
2480,Pharma Plus - Marg,,Giza,Mohandessin,9,23,4,2024-10-15,1,8800,30.058156,31.194311
2481,El Baraka Pharmacy,,Giza,Mohandessin,10,23,4,2025-03-04,0,1070,30.061883,31.19348
2482,Mira Pharmacy,,Giza,Mohandessin,9,23,4,2025-04-20,0,1763,30.058,31.200067
2483,Omega Pharmacy - Smouha,,Giza,Mohandessin,9,23,4,2025-06-17,2,4584,30.062998,31.200677
2484,El Tourath Pharmacy - Mohandessin,,Giza,Mohandessin,8,23,4,2024-12-22,1,5157,30.055624,31.200956
2485,Hope Pharmacy - Mohandessin,,Giza,Mohandessin,10,23,4,2025-02-09,0,3715,30.064702,31.194857
2486,Pharma Plus,,Giza,Mohandessin,10,23,4,2025-01-20,0,6367,30.053112,31.196366
2487,City Care Pharmacy,,Giza,Mohandessin,8,1,4,2025-02-21,0,5062,30.058142,31.205436
2488,Better Life Pharmacy,,Giza,Mohandessin,10,23,4,2025-02-08,0,3162,30.056632,31.191439
2489,Pharma Plus,,Giza,Mohandessin,10,23,4,2025-07-08,0,9993,30.061871,31.199909
2490,Care 24 Seven - Obour,,Giza,Mohandessin,9,2,4,2025-02-25,1,5045,30.058957,31.187883
2491,Health Gate Pharmacy,,Giza,Mohandessin,9,23,4,2025-05-05,0,2108,30.050333,31.202485
2492,Care 24 Seven,,Giza,Mohandessin,9,23,4,2025-03-03,0,7785,30.061286,31.197914
2493,El Zahraa Pharmacy,,Giza,Mohandessin,9,2,4,2024-12-28,0,3908,30.056165,31.193402
2494,El Baraka Pharmacy,,Giza,Mohandessin,8,1,4,2025-06-14,0,3791,30.060485,31.207448
2495,Hope Pharmacy,,Giza,Mohandessin,8,1,4,2025-05-15,0,7832,30.054725,31.194394
2496,El Faraby Pharmacy,,Giza,Mohandessin,10,1,4,2024-09-20,0,8059,30.052302,31.19919
2497,City Care Pharmacy - Mohandessin,,Giza,Mohandessin,10,23,4,2025-07-12,0,4680,30.064363,31.190777
2498,Misr Pharmacy,,Giza,Mohandessin,8,2,4,2025-07-06,0,7262,30.057685,31.192117
2499,Misr Pharmacy - Mohandessin,,Giza,Mohandessin,8,1,4,2025-05-10,0,6293,30.053508,31.205706
2500,Al Nozha Pharmacy,,Giza,Mohandessin,8,23,4,2025-05-13,0,3364,30.057329,31.196841
2501,Alpha Pharma - Banha,,Giza,Mohandessin,9,1,4,2025-04-04,0,8128,30.062856,31.193633
2502,Mira Pharmacy,,Giza,Mohandessin,9,23,4,2025-09-06,0,6176,30.0568,31.199785
2503,El Nasr Pharmacy,,Giza,Mohandessin,9,23,4,2024-12-10,2,3548,30.063207,31.196545
2504,Hope Pharmacy,,Giza,Mohandessin,9,2,4,2025-08-27,0,8067,30.058508,31.199313
2505,Alpha Pharma - Mohandessin,,Giza,Mohandessin,9,1,4,2025-05-12,1,5866,30.062276,31.19416
2506,Metro Pharmacy,,Giza,Mohandessin,9,23,4,2025-07-24,0,6157,30.052386,31.197642
2507,Angel Pharmacy,,Giza,Mohandessin,9,23,4,2025-03-31,0,4284,30.058988,31.202757
2508,Metro Pharmacy - Mohandessin,,Giza,Mohandessin,8,23,4,2025-04-29,0,3592,30.056365,31.191584
2509,El Shifa Pharmacy - Helwan,,Giza,Mohandessin,9,23,4,2025-07-01,0,3993,30.0625,31.199748
2510,El Tourath Pharmacy,,Giza,Mohandessin,9,2,4,2024-11-13,0,4502,30.056109,31.188948
2511,Salamtek Pharmacy,,Giza,Mohandessin,8,2,4,2025-09-05,0,1590,30.048123,31.204549
2512,Al Amal Pharmacy - Mohandessin,,Giza,Mohandessin,9,23,4,2025-02-28,0,7318,30.064655,31.201174
2513,Star Care Pharmacy,,Giza,Mohandessin,9,23,4,2025-05-15,0,2134,30.055303,31.195954
2514,Green Leaf Pharmacy,,Giza,Mohandessin,8,1,4,2025-02-16,0,6539,30.061568,31.207168
2515,Nile Care Pharmacy - Oct City,,Giza,Mohandessin,9,23,4,2025-03-22,2,3648,30.056627,31.193178
2516,Metro Pharmacy,,Giza,Mohandessin,9,23,4,2025-09-14,0,4697,30.050181,31.200388
2517,El Hokama Pharmacy - Mohandessin,,Giza,Mohandessin,10,23,4,2025-01-05,0,8593,30.065535,31.195387
2518,Union Pharm,,Giza,Mohandessin,10,2,4,2024-11-28,1,7032,30.05713,31.18901
2519,Sunrise Pharmacy - Mohandessin,,Giza,Mohandessin,9,1,4,2024-11-30,0,6390,30.053386,31.205475
2520,El Hokama Pharmacy - Mohandessin,,Giza,Mohandessin,10,2,4,2025-03-19,0,4051,30.059042,31.195686
2521,Dr Medhat Pharmacy - Haram,,Giza,Mohandessin,8,1,4,2024-11-16,0,5683,30.061526,31.193063
2522,Silver Care Pharmacy - Rehab View,,Giza,Mohandessin,10,1,4,2025-09-13,0,8212,30.055526,31.20101
2523,El Nasr Pharmacy - Agami,,Giza,Mohandessin,10,1,4,2025-03-30,0,9696,30.060236,31.199526
2524,El Faraby Pharmacy - Mohandessin,,Giza,Mohandessin,8,23,4,2025-06-24,0,4523,30.058377,31.199229
2525,Pharma Plus - Mohandessin,,Giza,Mohandessin,9,23,4,2024-11-18,0,7060,30.060522,31.193099
2526,El Tourath Pharmacy - Shubra,,Giza,Mohandessin,9,1,4,2025-08-16,0,5166,30.052449,31.196466
2527,Ebn Sina Pharmacy,,Giza,Mohandessin,8,23,4,2024-09-30,0,1363,30.06082,31.204822
2528,Salamtek Pharmacy,,Giza,Mohandessin,10,23,4,2025-03-14,0,2846,30.055588,31.190033
2529,El Shifa Pharmacy - Mohandessin,,Giza,Mohandessin,10,1,4,2025-06-15,0,4981,30.061711,31.202718
2530,Hope Pharmacy - Imbaba,,Giza,Mohandessin,10,2,4,2025-04-11,0,7608,30.059356,31.187486
2531,El Faraby Pharmacy,,Giza,Mohandessin,8,1,4,2024-10-05,2,7270,30.04751,31.201728
2532,Alpha Pharma - Mohandessin,,Giza,Mohandessin,9,23,4,2025-07-31,0,2246,30.062733,31.200241
2533,El Baraka Pharmacy - Faisal,,Giza,Mohandessin,9,23,4,2025-07-01,0,8327,30.053783,31.195102
2534,Angel Pharmacy - Imbaba,,Giza,Mohandessin,9,23,4,2025-05-16,1,9836,30.061185,31.203527
2535,Ebn Sina Pharmacy,,Giza,Mohandessin,9,2,4,2024-10-09,0,8397,30.056457,31.195043
2536,Ebn Sina Pharmacy - Obour,,Giza,Mohandessin,10,23,4,2025-03-08,0,4483,30.052984,31.201047
2537,El Nasr Pharmacy - Shubra,,Giza,Mohandessin,9,23,4,2024-09-24,0,9037,30.063829,31.193974
2538,Union Pharm - Mohandessin,,Giza,Mohandessin,9,23,4,2025-02-26,0,6769,30.056616,31.192175
2539,Life Line Pharmacy,,Giza,Mohandessin,10,23,4,2024-11-09,0,4194,30.052043,31.206302
2540,Blue Wave Pharmacy,,Giza,Mohandessin,9,23,4,2025-07-18,0,6982,30.058465,31.196154
2541,Better Life Pharmacy - Mohandessin,,Giza,Mohandessin,9,23,4,2024-11-02,0,3217,30.062036,31.193194
2542,El Hokama Pharmacy - Shubra,,Giza,Mohandessin,8,23,4,2025-01-19,0,2832,30.052561,31.200847
2543,Silver Care Pharmacy - Agami,,Giza,Mohandessin,9,23,4,2025-01-19,0,5657,30.058467,31.197991
2544,Misr Pharmacy - Mohandessin,,Giza,Mohandessin,9,2,4,2024-11-21,0,8349,30.056899,31.199172
2545,Seha First Pharmacy,,Giza,Mohandessin,9,23,4,2025-06-28,2,3590,30.062519,31.196285
2546,Pharma Plus - Mohandessin,,Giza,Mohandessin,9,23,4,2024-12-18,0,9592,30.054183,31.19663
2547,El Tourath Pharmacy - Mohandessin,,Giza,Mohandessin,9,23,4,2025-08-29,0,1892,30.059642,31.204595
2548,Dr Medhat Pharmacy - Mohandessin,,Giza,Mohandessin,10,2,4,2025-05-16,0,6417,30.055652,31.192409
2549,Silver Care Pharmacy - Maadi,,Giza,Mohandessin,10,1,4,2024-11-05,0,6644,30.0615,31.200762
2550,El Tourath Pharmacy - Haram,,Giza,Mohandessin,9,23,4,2025-03-07,0,6175,30.056978,31.18961
2551,El Baraka Pharmacy - Nozha,,Giza,Mohandessin,8,1,4,2025-06-28,0,5076,30.050484,31.202356
2552,Blue Wave Pharmacy - Helwan,,Giza,Mohandessin,10,23,4,2025-07-29,0,7912,30.063285,31.197827
2553,El Baraka Pharmacy - Faisal,,Giza,Mohandessin,8,1,4,2025-05-05,0,9652,30.052569,31.195201
2554,Sunrise Pharmacy,,Giza,Mohandessin,10,23,4,2025-04-18,0,5233,30.060889,31.208306
2555,Star Care Pharmacy - Mohandessin,,Giza,Mohandessin,8,23,4,2025-01-15,0,7267,30.058726,31.196064
2556,Nile Care Pharmacy - Mohandessin,,Giza,Mohandessin,9,23,4,2024-10-28,0,8384,30.052424,31.199045
2557,Mira Pharmacy,,Giza,Mohandessin,9,1,4,2024-10-18,0,3311,30.064111,31.192582
2558,El Zahraa Pharmacy - Montaza,,Giza,Mohandessin,10,23,4,2025-08-26,0,4431,30.058161,31.19043
2559,Star Care Pharmacy - Mohandessin,,Giza,Mohandessin,9,2,4,2025-08-01,1,3453,30.052694,31.204171
2560,Sunrise Pharmacy - Maadi,,Giza,Mohandessin,8,23,4,2024-09-27,0,2712,30.058045,31.196358
2561,Care 24 Seven - Mohandessin,,Giza,Mohandessin,10,1,4,2024-12-15,0,4896,30.062404,31.194375
2562,Golden Care Pharmacy - Smouha,,Giza,Mohandessin,9,23,4,2025-08-19,0,8720,30.054101,31.200194
2563,Hope Pharmacy - Mohandessin,,Giza,Mohandessin,9,1,4,2024-10-11,1,7533,30.057833,31.197389
2564,Hope Pharmacy - Zayed,,Giza,Mohandessin,9,2,4,2025-07-01,0,7570,30.055659,31.199425
2565,Green Leaf Pharmacy - Helwan,,Giza,Mohandessin,9,23,4,2025-06-27,0,1870,30.06253,31.193423
2566,Better Life Pharmacy - Mohandessin,,Giza,Mohandessin,9,23,4,2025-07-12,1,7666,30.0515,31.196785
2567,Ebn Sina Pharmacy,,Giza,Mohandessin,9,23,4,2025-02-12,0,3362,30.05934,31.203147
2568,Nile Care Pharmacy - Rehab View,,Giza,Mohandessin,9,23,4,2024-11-13,0,5081,30.053622,31.192839
2569,Al Amal Pharmacy - Mohandessin,,Giza,Mohandessin,8,23,4,2025-08-17,0,6831,30.060602,31.201365
2570,El Nasr Pharmacy - Mohandessin,,Giza,Mohandessin,8,1,4,2024-10-21,0,9923,30.059207,31.188941
2571,Al Amal Pharmacy,,Giza,Mohandessin,9,23,4,2025-04-14,0,4474,30.051429,31.202469
2572,Union Pharm - Mohandessin,,Giza,Mohandessin,8,23,4,2024-11-22,0,6805,30.065572,31.199191
2573,Dr Medhat Pharmacy - Oct City,,Giza,Mohandessin,8,23,4,2025-02-27,0,5166,30.05255,31.193206
2574,El Tourath Pharmacy,,Giza,Mohandessin,9,23,4,2024-11-21,0,5533,30.05927,31.206976
2575,Pharma Plus - Dokki,,Giza,Mohandessin,8,23,4,2025-04-03,1,1703,30.053799,31.195356
2576,Better Life Pharmacy - Mohandessin,,Giza,Mohandessin,9,23,4,2024-09-11,0,6084,30.049152,31.199671
2577,Life Line Pharmacy - Rehab View,,Giza,Mohandessin,8,23,4,2025-01-03,0,7918,30.061655,31.191034
2578,Angel Pharmacy - Mohandessin,,Giza,Mohandessin,8,1,4,2025-09-12,0,7722,30.058574,31.192022
2579,Pharma Plus,,Giza,Mohandessin,9,23,4,2025-08-23,0,5591,30.054277,31.204719
2580,Salamtek Pharmacy - Haram,,Giza,Mohandessin,8,23,4,2025-02-03,0,3947,30.056995,31.198578
2581,Misr Pharmacy - Nozha,,Giza,Mohandessin,8,1,4,2025-05-13,0,2676,30.061591,31.190815
2582,El Baraka Pharmacy - Shubra,,Giza,Mohandessin,9,1,4,2024-12-11,0,4971,30.055076,31.201508
2583,Silver Care Pharmacy - Mohandessin,,Giza,Mohandessin,9,23,4,2024-09-28,0,2960,30.059269,31.197607
2584,Al Nozha Pharmacy - Montaza,,Giza,Mohandessin,9,23,4,2025-01-17,0,4436,30.057183,31.202589
2585,Health Gate Pharmacy - Mohandessin,,Giza,Mohandessin,8,23,4,2025-06-28,1,4729,30.062954,31.194827
2586,El Baraka Pharmacy,,Giza,Mohandessin,9,23,4,2024-09-22,1,7021,30.053141,31.194295
2587,Nile Care Pharmacy - Mohandessin,,Giza,Mohandessin,8,23,4,2025-05-07,1,8787,30.059978,31.204059
2588,Green Leaf Pharmacy - Mohandessin,,Giza,Mohandessin,9,23,4,2025-04-08,0,1241,30.056131,31.190675
2589,Elite Pharmacy - Shubra,,Giza,Mohandessin,8,1,4,2025-01-11,0,3721,30.06526,31.202903
2590,Omega Pharmacy - Smouha,,Giza,Mohandessin,9,2,4,2025-02-24,0,7763,30.057092,31.188126
2591,Golden Care Pharmacy - Mohandessin,,Giza,Mohandessin,9,23,4,2025-01-09,0,5148,30.050286,31.203075
2592,Nile Care Pharmacy,,Giza,Mohandessin,8,23,4,2025-08-04,0,4911,30.064939,31.198365
2593,Golden Care Pharmacy - Banha,,Giza,Mohandessin,10,23,4,2025-06-12,0,4030,30.054482,31.193256
2594,Elite Pharmacy,,Giza,Mohandessin,9,2,4,2025-06-13,0,1659,30.062337,31.204806
2595,Misr Pharmacy - Maadi,,Giza,Mohandessin,9,23,4,2025-08-22,0,7859,30.055841,31.195958
2596,Care 24 Seven - Maadi,,Giza,Mohandessin,9,2,4,2025-06-26,0,8037,30.050918,31.200176
2597,Green Leaf Pharmacy,,Giza,Mohandessin,9,1,4,2024-11-18,2,4544,30.063095,31.194192
2598,Life Line Pharmacy,,Giza,Mohandessin,8,23,4,2024-09-03,0,4139,30.058327,31.190334
2599,Seha First Pharmacy,,Giza,Mohandessin,9,23,4,2025-06-18,0,8971,30.054889,31.202879
2600,Union Pharm - Haram,,Giza,Mohandessin,9,23,4,2025-02-11,0,3196,30.059129,31.194886
2601,Health Gate Pharmacy,,Giza,Mohandessin,8,23,4,2024-10-14,1,7339,30.060143,31.191717
2602,Care 24 Seven - Shubra,,Giza,Mohandessin,8,23,4,2024-12-15,0,2509,30.055735,31.199951
2603,Alpha Pharma - Mohandessin,,Giza,Mohandessin,9,23,4,2025-06-01,0,3695,30.05988,31.198126
2604,Al Amal Pharmacy - Mohandessin,,Giza,Mohandessin,9,2,4,2024-09-15,0,5327,30.055497,31.202051
2605,Misr Pharmacy - Marg,,Giza,Mohandessin,9,1,4,2025-08-06,0,2274,30.06297,31.194057
2606,Union Pharm,,Giza,Mohandessin,9,2,4,2025-07-03,0,1584,30.050739,31.19542
2607,Angel Pharmacy,,Giza,Mohandessin,8,23,4,2024-11-30,1,5157,30.062741,31.203758
2608,Hope Pharmacy - Mohandessin,,Giza,Mohandessin,9,23,4,2024-11-02,0,3938,30.053742,31.192228
2609,Salamtek Pharmacy - Mohandessin,,Giza,Mohandessin,9,23,4,2025-02-10,0,4207,30.063653,31.199967
2610,Health Gate Pharmacy - Marg,,Giza,Mohandessin,9,23,4,2025-04-20,0,9844,30.057223,31.189983
2611,Sunrise Pharmacy,,Giza,Mohandessin,9,1,4,2024-10-22,0,5355,30.050727,31.202537
2612,Union Pharm - Mohandessin,,Giza,Mohandessin,8,1,4,2025-07-24,0,8292,30.0629,31.202495
2613,Hope Pharmacy,,Giza,Mohandessin,9,1,4,2025-02-27,0,1975,30.053201,31.192679
2614,Seha First Pharmacy - Shubra,,Giza,Mohandessin,9,23,4,2025-07-10,1,5341,30.060893,31.206835
2615,Seha First Pharmacy - Zayed,,Giza,Mohandessin,10,1,4,2025-01-11,0,8758,30.056922,31.194673
2616,Golden Care Pharmacy,,Giza,Mohandessin,9,23,4,2025-09-09,1,3680,30.049853,31.202109
2617,El Baraka Pharmacy,,Giza,Mohandessin,10,23,4,2025-05-02,1,9045,30.063406,31.195175
2618,El Hokama Pharmacy - Montaza,,Giza,Mohandessin,9,1,4,2024-10-12,0,7504,30.058442,31.18931
2619,Seha First Pharmacy,,Giza,Mohandessin,9,2,4,2025-01-17,0,3139,30.053187,31.205294
2620,Better Life Pharmacy - Mohandessin,,Giza,Mohandessin,9,23,4,2025-04-16,0,9218,30.057881,31.197374
2621,Better Life Pharmacy,,Giza,Mohandessin,8,23,4,2025-01-16,0,9707,30.063625,31.194128
2622,Metro Pharmacy,,Giza,Mohandessin,9,23,4,2024-12-10,0,7767,30.054751,31.200018
2623,Union Pharm - Nozha,,Giza,Mohandessin,8,23,4,2024-10-11,1,3488,30.05931,31.197766
2624,El Tourath Pharmacy - Mohandessin,,Giza,Mohandessin,8,23,4,2025-08-14,0,9401,30.057407,31.199686
2625,Sunrise Pharmacy,,Giza,Mohandessin,9,1,4,2024-09-23,1,5233,30.061252,31.19754
2626,Hope Pharmacy,,Giza,Mohandessin,9,23,4,2025-03-20,0,2415,30.052888,31.196891
2627,Silver Care Pharmacy - Smouha,,Giza,Mohandessin,9,23,4,2025-06-16,0,1469,30.05944,31.204182
2628,Sunrise Pharmacy - Faisal,,Giza,Mohandessin,9,23,4,2025-04-13,0,3761,30.057204,31.19325
2629,El Hokama Pharmacy - Mohandessin,,Giza,Mohandessin,10,1,4,2025-06-14,0,5272,30.064435,31.201112
2630,Ebn Sina Pharmacy,,Giza,Mohandessin,9,2,4,2024-12-13,0,1134,30.057904,31.188876
2631,El Hokama Pharmacy,,Giza,Mohandessin,10,23,4,2024-10-28,0,9648,30.050216,31.202968
2632,Better Life Pharmacy,,Giza,Mohandessin,8,2,4,2025-05-19,0,7372,30.064519,31.199488
2633,Al Amal Pharmacy,,Giza,Mohandessin,9,23,4,2024-10-10,0,8251,30.052983,31.19607
2634,Pharma Plus - Mohandessin,,Giza,Mohandessin,9,23,4,2024-11-16,0,2074,30.060724,31.208068
2635,El Zahraa Pharmacy - Helwan,,Giza,Mohandessin,10,23,4,2025-04-15,0,2713,30.055745,31.195487
2636,City Care Pharmacy,,Giza,Mohandessin,8,1,4,2025-01-05,1,5742,30.051278,31.200363
2637,Ebn Sina Pharmacy - Dokki,,Giza,Mohandessin,9,23,4,2024-11-15,0,4808,30.065419,31.194083
2638,Sunrise Pharmacy,,Giza,Mohandessin,8,1,4,2025-07-20,0,9962,30.059109,31.190654
2639,Seha First Pharmacy,,Giza,Mohandessin,9,1,4,2024-10-09,0,4124,30.052383,31.204765
2640,Better Life Pharmacy - Mohandessin,,Giza,Mohandessin,9,23,4,2025-04-22,0,2041,30.057102,31.196038
2641,Hope Pharmacy - Maadi,,Giza,Mohandessin,8,1,4,2025-06-07,0,5144,30.061859,31.191934
2642,Pharma Plus - Mohandessin,,Giza,Mohandessin,9,23,4,2025-03-19,0,9180,30.056445,31.197785
2643,Nile Care Pharmacy - Mohandessin,,Giza,Mohandessin,9,23,4,2025-02-18,1,5558,30.060905,31.198484
2644,Misr Pharmacy,,Giza,Mohandessin,9,23,4,2024-10-31,0,7600,30.057199,31.200265
2645,Union Pharm - Banha,,Giza,Mohandessin,9,23,4,2025-02-08,0,4578,30.064294,31.195656
2646,Star Care Pharmacy - Mohandessin,,Giza,Mohandessin,9,2,4,2025-05-11,0,1416,30.053375,31.197292
2647,Hope Pharmacy - Mohandessin,,Giza,Mohandessin,10,23,4,2025-02-08,0,4798,30.059902,31.205841
2648,Dr Medhat Pharmacy - Oct City,,Giza,Mohandessin,9,23,4,2024-10-03,0,5947,30.055497,31.190782
2649,Health Gate Pharmacy - Haram,,Giza,Mohandessin,9,23,4,2025-02-08,0,9321,30.061482,31.200071
2650,City Care Pharmacy - Zayed,,Giza,Mohandessin,8,23,4,2024-09-13,0,1543,30.059707,31.18789
2651,Pharma Plus - Mohandessin,,Giza,Mohandessin,8,23,4,2025-02-13,0,3257,30.050997,31.201248
2652,Al Nozha Pharmacy - Oct City,,Giza,Mohandessin,9,23,4,2024-11-20,0,7659,30.064395,31.199238
2653,Seha First Pharmacy - Mohandessin,,Giza,Mohandessin,9,23,4,2025-01-22,1,6117,30.056118,31.195228
2654,Union Pharm - Zayed,,Giza,Mohandessin,8,1,4,2025-05-22,0,2385,30.060421,31.204947
2655,Nile Care Pharmacy - Imbaba,,Giza,Mohandessin,9,23,4,2024-09-09,0,9945,30.054677,31.194893
2656,El Zahraa Pharmacy,,Giza,Mohandessin,8,23,4,2025-03-19,0,2236,30.052691,31.198525
2657,Health Gate Pharmacy - Maadi,,Giza,Mohandessin,9,1,4,2024-11-23,0,6867,30.065432,31.195663
2658,Seha First Pharmacy - Zayed,,Giza,Mohandessin,8,23,4,2025-04-19,0,3769,30.057863,31.191613
2659,Better Life Pharmacy - Faisal,,Giza,Mohandessin,9,23,4,2025-08-13,0,1327,30.052523,31.203118
2660,El Tourath Pharmacy - Haram,,Giza,Mohandessin,9,23,4,2025-08-07,0,5093,30.056615,31.196655
2661,El Hokama Pharmacy,,Giza,Mohandessin,8,1,4,2024-10-11,0,3584,30.061159,31.192209
2662,Care 24 Seven - Zayed,,Giza,Mohandessin,10,1,4,2024-12-02,0,4410,30.053474,31.200156
2663,Care 24 Seven,,Giza,Mohandessin,8,23,4,2025-06-26,0,7735,30.058439,31.199954
2664,Dr Medhat Pharmacy,,Giza,Mohandessin,8,23,4,2025-07-01,0,9259,30.055786,31.202828
2665,Salamtek Pharmacy,,Giza,Mohandessin,9,1,4,2025-03-07,1,2597,30.062149,31.1955
2666,El Shifa Pharmacy - Smouha,,Giza,Mohandessin,9,23,4,2025-06-20,0,9785,30.051191,31.197765
2667,Health Gate Pharmacy,,Giza,Mohandessin,10,23,4,2025-05-10,0,7122,30.058859,31.204868
2668,Union Pharm - Smouha,,Giza,Mohandessin,8,23,4,2024-12-19,0,7066,30.056093,31.190845
2669,Metro Pharmacy - Montaza,,Giza,Mohandessin,9,23,4,2024-11-09,0,1345,30.062316,31.19975
2670,Star Care Pharmacy,,Giza,Mohandessin,9,2,4,2024-11-15,0,1187,30.059242,31.188078
2671,Nile Care Pharmacy - Mohandessin,,Giza,Mohandessin,10,23,4,2024-10-25,0,6941,30.051187,31.204017
2672,Angel Pharmacy - Nozha,,Giza,Mohandessin,9,23,4,2024-09-01,1,7550,30.065241,31.197754
2673,Family Pharmacy - Helwan,,Giza,Mohandessin,9,23,4,2024-10-18,0,3601,30.05301,31.197042
2674,Health Gate Pharmacy,,Giza,Mohandessin,9,23,4,2025-02-10,0,8376,30.060277,31.205254
2675,Omega Pharmacy,,Giza,Mohandessin,10,23,4,2024-11-13,0,9310,30.056831,31.194855
2676,Better Life Pharmacy - Haram,,Giza,Mohandessin,9,23,4,2025-07-03,0,8194,30.049069,31.198617
2677,El Baraka Pharmacy - Rehab View,,Giza,Mohandessin,9,1,4,2025-04-23,0,3248,30.066874,31.193156
2678,El Faraby Pharmacy - Mohandessin,,Giza,Mohandessin,8,2,4,2025-08-11,0,9503,30.057546,31.191839
2679,Omega Pharmacy,,Giza,Mohandessin,9,23,4,2025-05-16,0,9570,30.052916,31.205803
2680,Star Care Pharmacy - Zayed,,Giza,Mohandessin,10,23,4,2025-08-21,0,3103,30.058639,31.1979
2681,Elite Pharmacy,,Giza,Mohandessin,9,23,4,2025-02-20,0,8996,30.061253,31.192232
2682,El Shifa Pharmacy - Mohandessin,,Giza,Mohandessin,9,23,4,2025-04-03,0,9184,30.055398,31.199456
2683,Elite Pharmacy - Shubra,,Giza,Mohandessin,9,23,4,2024-09-25,0,9395,30.059957,31.198733
2684,Family Pharmacy - Rehab View,,Giza,Mohandessin,9,23,4,2025-01-22,0,6293,30.057546,31.201187
2685,Nile Care Pharmacy - Mohandessin,,Giza,Mohandessin,9,1,4,2024-11-25,1,3343,30.063987,31.196225
2686,Angel Pharmacy - Mohandessin,,Giza,Mohandessin,9,23,4,2024-11-03,2,7155,30.053605,31.198429
2687,Metro Pharmacy - Haram,,Giza,Mohandessin,9,23,4,2025-04-29,0,3295,30.059425,31.205952
2688,Health Gate Pharmacy - Helwan,,Giza,Mohandessin,9,23,4,2025-07-04,0,5348,30.055261,31.193176
2689,Mira Pharmacy - Mohandessin,,Giza,Mohandessin,10,2,4,2025-03-31,0,6391,30.062709,31.202372
2690,El Zahraa Pharmacy - Zayed,,Giza,Mohandessin,10,1,4,2025-03-22,0,9627,30.056984,31.18973
2691,Dr Medhat Pharmacy - Mohandessin,,Giza,Mohandessin,8,2,4,2024-10-28,0,2712,30.05243,31.203645
2692,Elite Pharmacy,,Giza,Mohandessin,8,23,4,2025-03-06,0,1749,30.062962,31.198875
2693,Care 24 Seven,,Giza,Mohandessin,9,1,4,2025-02-12,0,3993,30.054194,31.196118
2694,Elite Pharmacy - Shubra,,Giza,Mohandessin,9,23,4,2025-01-26,0,3727,30.061776,31.208587
2695,Nile Care Pharmacy,,Giza,Mohandessin,9,23,4,2024-11-12,0,7599,30.057256,31.196489
2696,Alpha Pharma - Mohandessin,,Giza,Mohandessin,10,23,4,2025-09-01,0,6794,30.052235,31.199269
2697,Mira Pharmacy - Mohandessin,,Giza,Mohandessin,9,2,4,2025-01-19,0,3468,30.064821,31.194685
2698,El Zahraa Pharmacy,,Giza,Mohandessin,8,1,4,2025-03-29,0,2699,30.058262,31.190533
2699,El Nasr Pharmacy - Zayed,,Giza,Mohandessin,10,2,4,2025-06-03,0,6153,30.05284,31.204442
2700,Life Line Pharmacy - Obour,,Giza,Mohandessin,10,1,4,2025-07-18,0,2478,30.057109,31.198397
2701,Hope Pharmacy - Mohandessin,,Giza,Mohandessin,8,1,4,2025-01-21,0,5226,30.061665,31.192863
2702,Care 24 Seven - Mohandessin,,Giza,Mohandessin,10,23,4,2025-01-05,0,4129,30.054153,31.200685
2703,Sunrise Pharmacy - Mohandessin,,Giza,Mohandessin,9,2,4,2025-02-03,0,4282,30.059015,31.197701
2704,El Shifa Pharmacy - Mohandessin,,Giza,Mohandessin,9,23,4,2025-05-09,0,6323,30.055113,31.200151
2705,Dr Medhat Pharmacy - Mohandessin,,Giza,Mohandessin,9,23,4,2024-12-08,0,1826,30.060785,31.1962
2706,Dr Medhat Pharmacy,,Giza,Mohandessin,9,23,4,2025-05-08,0,1829,30.050812,31.196854
2707,Star Care Pharmacy - Helwan,,Giza,Mohandessin,9,23,4,2024-10-08,0,8155,30.060856,31.202308
2708,Angel Pharmacy - Montaza,,Giza,Mohandessin,9,2,4,2025-05-30,0,7520,30.056203,31.190852
2709,Blue Wave Pharmacy - Dokki,,Giza,Mohandessin,9,23,4,2025-04-05,0,6774,30.06332,31.200474
2710,Al Amal Pharmacy - Banha,,Giza,Mohandessin,9,23,4,2024-12-20,0,7968,30.057366,31.187092
2711,El Faraby Pharmacy,,Giza,Mohandessin,8,23,4,2025-09-03,0,9974,30.049722,31.203986
2712,Ebn Sina Pharmacy,,Giza,Mohandessin,8,23,4,2025-01-02,1,9637,30.064208,31.198766
2713,Better Life Pharmacy,,Giza,Mohandessin,8,23,4,2024-12-30,0,6094,30.054325,31.195105
2714,Pharma Plus - Haram,,Giza,Mohandessin,9,23,4,2025-07-09,0,1125,30.059651,31.207315
2715,El Shifa Pharmacy - Mohandessin,,Giza,Mohandessin,9,23,4,2024-12-24,0,3433,30.057337,31.195087
2716,Elite Pharmacy,,Giza,Mohandessin,8,23,4,2024-12-13,1,1274,30.051188,31.201243
2717,Angel Pharmacy,,Giza,Mohandessin,8,23,4,2025-03-07,0,5431,30.066254,31.192208
2718,El Nasr Pharmacy,,Giza,Mohandessin,10,23,4,2024-12-04,0,7732,30.058237,31.190622
2719,El Shifa Pharmacy - Mohandessin,,Giza,Mohandessin,9,23,4,2025-05-03,0,1708,30.053111,31.204756
2720,Elite Pharmacy - Mohandessin,,Giza,Mohandessin,9,23,4,2025-01-25,0,9525,30.056172,31.196476
2721,Life Line Pharmacy - Mohandessin,,Giza,Mohandessin,9,2,4,2024-09-03,0,8870,30.062258,31.191941
2722,Mira Pharmacy - Mohandessin,,Giza,Mohandessin,9,23,4,2025-02-27,0,5150,30.05444,31.198959
2723,Misr Pharmacy - Dokki,,Giza,Mohandessin,9,23,4,2024-10-31,0,6299,30.06357,31.198271
2724,Care 24 Seven,,Giza,Mohandessin,9,23,4,2024-09-21,2,2116,30.055109,31.200816
2725,El Baraka Pharmacy - Mohandessin,,Giza,Mohandessin,9,23,4,2024-11-16,0,3187,30.064173,31.196258
2726,Better Life Pharmacy - Agami,,Giza,Mohandessin,8,23,4,2024-09-28,0,4912,30.051794,31.197572
2727,Angel Pharmacy - Smouha,,Giza,Mohandessin,9,23,4,2024-12-27,0,9653,30.058447,31.202341
2728,Better Life Pharmacy - Mohandessin,,Giza,Mohandessin,10,23,4,2024-11-12,0,2817,30.056476,31.191053
2729,Al Nozha Pharmacy,,Giza,Mohandessin,8,2,4,2024-10-12,0,3898,30.063868,31.201436
2730,Better Life Pharmacy - Obour,,Giza,Mohandessin,9,2,4,2024-10-31,0,7120,30.058775,31.189528
2731,El Shifa Pharmacy,,Giza,Mohandessin,8,23,4,2025-07-25,0,2607,30.049027,31.201774
2732,Health Gate Pharmacy,,Giza,Mohandessin,9,2,4,2025-06-14,2,5483,30.064904,31.200095
2733,Union Pharm - Marg,,Giza,Mohandessin,9,23,4,2025-05-14,0,8967,30.052922,31.196648
2734,Life Line Pharmacy - Maadi,,Giza,Mohandessin,9,1,4,2025-09-03,0,1487,30.058446,31.206739
2735,Elite Pharmacy - Mohandessin,,Giza,Mohandessin,9,23,4,2024-09-14,0,5049,30.056948,31.193691
2736,El Faraby Pharmacy - Mohandessin,,Giza,Mohandessin,10,23,4,2024-10-11,0,4523,30.050637,31.200202
2737,Health Gate Pharmacy,,Giza,Mohandessin,9,1,4,2024-11-23,0,3278,30.062868,31.193143
2738,Omega Pharmacy - Helwan,,Giza,Mohandessin,8,1,4,2024-09-26,1,2016,30.057183,31.191702
2739,Pharma Plus - Dokki,,Giza,Mohandessin,9,23,4,2024-11-19,0,9731,30.053151,31.205391
2740,Ebn Sina Pharmacy - Smouha,,Giza,Mohandessin,9,23,4,2025-07-02,1,4224,30.057272,31.196186
2741,Sunrise Pharmacy,,Giza,Mohandessin,8,23,4,2024-09-23,0,9761,30.06137,31.191762
2742,Mira Pharmacy - Faisal,,Giza,Mohandessin,10,23,4,2025-08-08,0,7437,30.053944,31.200924
2743,Dr Medhat Pharmacy - Shubra,,Giza,Mohandessin,8,23,4,2024-09-25,0,4782,30.061215,31.199529
2744,Mira Pharmacy,,Giza,Mohandessin,10,2,4,2025-03-02,0,4629,30.056229,31.200686
2745,Mira Pharmacy - Rehab View,,Giza,Mohandessin,10,23,4,2025-07-29,1,1169,30.061093,31.194866
2746,Union Pharm - Mohandessin,,Giza,Mohandessin,8,23,4,2025-03-22,0,1732,30.052084,31.19642
2747,Al Nozha Pharmacy,,Giza,Mohandessin,9,23,4,2025-04-26,0,3249,30.059668,31.201774
2748,El Nasr Pharmacy - Oct City,,Giza,Mohandessin,8,23,4,2024-12-03,0,1611,30.055447,31.194566
2749,Star Care Pharmacy - Montaza,,Giza,Mohandessin,8,23,4,2024-12-10,0,9566,30.060953,31.199853
2750,Al Nozha Pharmacy,,Giza,Mohandessin,8,23,4,2025-01-01,0,1641,30.057689,31.188888
2751,Star Care Pharmacy - Marg,,Giza,Mohandessin,10,1,4,2025-07-25,0,7314,30.051822,31.202127
2752,Nile Care Pharmacy - Montaza,,Giza,Mohandessin,9,23,4,2025-03-14,0,2393,30.064187,31.199394
2753,Union Pharm - Mohandessin,,Giza,Mohandessin,9,23,4,2025-02-11,0,4542,30.05262,31.193139
2754,Mira Pharmacy - Oct City,,Giza,Mohandessin,9,23,4,2024-12-03,0,8577,30.059109,31.207286
2755,City Care Pharmacy,,Giza,Mohandessin,9,2,4,2024-09-12,0,8448,30.054475,31.196893
2756,Care 24 Seven - Agami,,Giza,Mohandessin,9,23,4,2024-12-05,0,1038,30.051956,31.199096
2757,Blue Wave Pharmacy - Mohandessin,,Giza,Mohandessin,10,23,4,2024-11-21,0,3055,30.064717,31.19557
2758,El Hokama Pharmacy,,Giza,Mohandessin,8,1,4,2024-09-08,2,2864,30.057985,31.192779
2759,Care 24 Seven,,Giza,Mohandessin,10,1,4,2025-07-17,0,5810,30.052976,31.204482
2760,Ebn Sina Pharmacy - Square,,Giza,Mohandessin,9,1,4,2024-11-14,2,2792,30.058225,31.196091
2761,Family Pharmacy - Mohandessin,,Giza,Mohandessin,8,23,4,2025-03-14,0,7845,30.061684,31.193632
2762,Sunrise Pharmacy,,Giza,Mohandessin,9,23,4,2024-12-28,0,6817,30.054133,31.19794
2763,Al Amal Pharmacy,,Giza,Mohandessin,9,23,4,2025-07-17,0,5426,30.060125,31.196208
2764,Care 24 Seven - Maadi,,Giza,Mohandessin,9,23,4,2024-09-29,0,8093,30.058021,31.200055
2765,Green Leaf Pharmacy - Dokki,,Giza,Mohandessin,9,1,4,2024-12-27,0,8546,30.061858,31.19543
2766,Omega Pharmacy - Mohandessin,,Giza,Mohandessin,10,23,4,2024-12-08,0,7547,30.053502,31.198244
2767,Angel Pharmacy,,Giza,Mohandessin,9,1,4,2025-07-23,0,8120,30.06009,31.203441
2768,Salamtek Pharmacy - Helwan,,Giza,Mohandessin,8,23,4,2025-03-17,0,4361,30.057167,31.191586
2769,Green Leaf Pharmacy,,Giza,Mohandessin,10,23,4,2025-02-12,0,1311,30.063918,31.201579
2770,Family Pharmacy - Imbaba,,Giza,Mohandessin,10,23,4,2024-11-19,0,5496,30.056741,31.1903
2771,El Hokama Pharmacy - Montaza,,Giza,Mohandessin,9,23,4,2025-06-09,0,7254,30.048982,31.200939
2772,Omega Pharmacy - Mohandessin,,Giza,Mohandessin,9,23,4,2024-11-09,0,5619,30.063545,31.197606
2773,El Zahraa Pharmacy,,Giza,Mohandessin,10,23,4,2025-02-02,0,8367,30.053659,31.192127
2774,Metro Pharmacy - Obour,,Giza,Mohandessin,8,23,4,2025-06-24,0,3591,30.059796,31.205838
2775,Salamtek Pharmacy,,Giza,Mohandessin,9,23,4,2025-06-13,0,9500,30.056573,31.195628
2776,Omega Pharmacy - Square,,Giza,Mohandessin,8,23,4,2025-09-04,0,3463,30.050235,31.199543
2777,Ebn Sina Pharmacy - Mohandessin,,Giza,Mohandessin,8,23,4,2025-08-21,0,5689,30.066142,31.193313
2778,Omega Pharmacy - Rehab View,,Giza,Mohandessin,10,23,4,2025-05-25,0,6476,30.056896,31.189652
2779,Silver Care Pharmacy - Mohandessin,,Giza,Mohandessin,9,1,4,2025-08-28,0,4404,30.055237,31.206578
2780,Misr Pharmacy - Mohandessin,,Giza,Mohandessin,10,23,4,2024-09-19,0,7239,30.058005,31.196623
2781,Mira Pharmacy - Montaza,,Giza,Mohandessin,8,23,4,2025-07-03,0,3231,30.060424,31.194532
2782,Metro Pharmacy - Mohandessin,,Giza,Mohandessin,9,23,4,2024-10-21,0,5367,30.054977,31.201083
2783,Omega Pharmacy - Mohandessin,,Giza,Mohandessin,8,23,4,2024-10-01,0,2497,30.060895,31.201504
2784,Family Pharmacy,,Giza,Mohandessin,9,23,4,2025-08-16,0,7900,30.055972,31.199229
2785,Misr Pharmacy,,Giza,Mohandessin,9,2,4,2025-04-24,0,3648,30.062259,31.195186
2786,Ebn Sina Pharmacy - Imbaba,,Giza,Mohandessin,10,1,4,2024-10-31,0,4472,30.052356,31.197934
2787,Seha First Pharmacy,,Giza,Mohandessin,8,23,4,2024-10-15,0,6375,30.060653,31.204351
2788,Ebn Sina Pharmacy - Nozha,,Giza,Mohandessin,8,1,4,2025-06-07,0,1804,30.057805,31.1919
2789,Mira Pharmacy,,Giza,Mohandessin,8,1,4,2025-06-20,0,4672,30.061923,31.202002
2790,Al Amal Pharmacy - Mohandessin,,Giza,Mohandessin,8,23,4,2025-01-29,0,1808,30.060071,31.189489
2791,Family Pharmacy,,Giza,Mohandessin,9,23,4,2025-05-24,0,5482,30.049153,31.20334
2792,Salamtek Pharmacy - Mohandessin,,Giza,Mohandessin,8,23,4,2024-11-26,0,3954,30.064071,31.198388
2793,Life Line Pharmacy,,Giza,Mohandessin,10,23,4,2025-06-29,1,2161,30.055148,31.194315
2794,Ebn Sina Pharmacy,,Giza,Mohandessin,9,23,4,2025-05-23,1,5931,30.06142,31.206584
2795,El Shifa Pharmacy - Dokki,,Giza,Mohandessin,9,2,4,2024-12-21,1,1093,30.054093,31.196273
2796,Sunrise Pharmacy,,Giza,Mohandessin,9,23,4,2024-12-17,0,6794,30.051399,31.200834
2797,Salamtek Pharmacy,,Giza,Mohandessin,8,23,4,2025-08-31,0,5580,30.064587,31.193552
2798,Star Care Pharmacy - Mohandessin,,Giza,Mohandessin,9,2,4,2024-12-05,0,2977,30.058379,31.18951
2799,Life Line Pharmacy - Faisal,,Giza,Mohandessin,10,23,4,2025-07-07,0,3594,30.054684,31.203328
2800,El Baraka PH. 2nd,,Alexandria,Smouha,9,1,1,2025-11-07,0,3959,31.205578,29.92858
2801,El Nasr PH.,,Giza,Faisal,8,1,3,2025-11-02,0,7592,30.008284,31.181317
2802,Nile Care PH.,,Giza,Faisal,10,1,3,2026-03-28,0,9495,30.003918,31.165412
2803,El Tourath PH. - Smouha 2nd,,Alexandria,Smouha,9,23,1,2025-04-17,0,2945,31.201425,29.928007
2804,Green Leaf PH. - Imbaba,,Giza,Faisal,9,1,3,2025-02-05,0,5691,30.002095,31.156727
2805,Misr PH.,,Giza,Faisal,9,23,3,2025-09-25,0,9420,29.998681,31.176659
2806,El Shifa PH. 2nd,,Alexandria,Smouha,9,23,1,2025-08-16,0,4502,31.218969,29.944401
2807,Hope PH.,,Giza,Mohandessin,8,23,4,2025-07-06,0,7948,30.060486,31.199937
2808,Better Life PH. - Haram 2nd,,Giza,Mohandessin,9,23,4,2025-11-15,0,8194,30.049069,31.198617
2809,Star Care PH. - Square 2nd,,Cairo,Nasr City,9,23,2,2026-01-03,0,7942,30.063086,31.343185
2810,Alpha Pharma - Nasr,,Cairo,Nasr City,9,23,2,2025-07-14,0,2157,30.049829,31.336134
2811,El Shifa PH. - Mohandessin,,Giza,Mohandessin,10,1,4,2025-09-03,0,4981,30.061711,31.202718
2812,Dr Medhat PH. - Faisal 2nd,,Alexandria,Smouha,9,1,1,2025-05-28,0,1406,31.208126,29.946217
2813,Elite PH.,,Giza,Faisal,9,2,3,2025-04-27,0,7020,30.00524,31.171169
2814,Care 24 Seven - Maadi 2nd,,Cairo,Nasr City,8,1,2,2025-10-27,0,9024,30.058113,31.336834
2815,El Tourath PH. 2nd,,Giza,Faisal,9,23,3,2025-02-18,0,6344,30.012439,31.175106
2816,Elite PH. - Nasr 2nd,,Cairo,Nasr City,9,23,2,2025-05-16,0,2497,30.045711,31.333837
2817,Dr Medhat PH. - Nasr 2nd,,Cairo,Nasr City,9,23,2,2025-04-11,0,4401,30.052328,31.372906
2818,Hope PH. - Mohandessin,,Giza,Mohandessin,8,23,4,2025-07-01,0,6326,30.055002,31.199165
2819,Mira PH. 2nd,,Giza,Faisal,9,23,3,2025-06-18,0,2425,30.012953,31.173644
2820,Angel PH. - Mohandessin,,Giza,Mohandessin,8,1,4,2025-10-06,0,7722,30.058574,31.192022
2821,Alpha Pharma,,Giza,Mohandessin,9,23,4,2025-11-05,0,7487,30.057804,31.187555
2822,Al Nozha PH. - Smouha,,Alexandria,Smouha,10,2,1,2024-12-29,0,6707,31.218056,29.941406
2823,Blue Wave PH. - Dokki 2nd,,Giza,Mohandessin,9,23,4,2025-07-28,0,6774,30.06332,31.200474
2824,Misr PH. - Nasr,,Cairo,Nasr City,9,23,2,2025-02-26,0,9330,30.048798,31.369116
2825,Star Care PH. - Mohandessin,,Giza,Mohandessin,8,23,4,2025-04-05,0,7267,30.058726,31.196064
